[worker1_etth1_teacher_ft_v2] started gpu0 pid=197250
[worker1_etth1_teacher_ft_v2] started gpu1 pid=197251
[worker1/etth1_teacher_ft_v2_gpu0] log -> results/logs/time_series_etth1_teacher_ft_v2/worker1/time_series_gpu0_worker1_gpu0.log
[worker1/etth1_teacher_ft_v2_gpu1] log -> results/logs/time_series_etth1_teacher_ft_v2/worker1/time_series_gpu1_worker1_gpu1.log
[worker1/etth1_teacher_ft_v2_gpu0] [time_series_etth1_teacher_ft_v2] output_root=results/time_series_etth1_teacher_ft_v2/worker1_gpu0
[worker1/etth1_teacher_ft_v2_gpu0] [time_series_etth1_teacher_ft_v2] gpu=0 seeds=0 1 2 epochs=80 batch_size=384
[worker1/etth1_teacher_ft_v2_gpu0] [time_series_etth1_teacher_ft_v2] init_checkpoint_template=results/time_series_etth1_all_methods_long_v3/time_series/etth1/{model}_independent_huber_seed{seed}/best_model.pt
[worker1/etth1_teacher_ft_v2_gpu0] [time_series_etth1_teacher_ft_v2] peer_init_checkpoint_template=results/time_series_etth1_all_methods_long_v3/time_series/etth1/{model}_independent_huber_seed{seed}/best_model.pt
[worker1/etth1_teacher_ft_v2_gpu0] [time_series_etth1_teacher_ft_v2] case_specs=trs16_res03_lr25e4:0.00025:0.012:0.00002:96:0.00:-0.35:12:26:0.12:0.18:0.15:13:0.04:1.6:0.3:5:22:42:0.08
[worker1/etth1_teacher_ft_v2_gpu0] [time_series_etth1_teacher_ft_v2/trs16_res03_lr25e4] log -> results/logs/time_series_etth1_teacher_ft_v2/worker1/worker1_gpu0/trs16_res03_lr25e4.log
[worker1/etth1_teacher_ft_v2_gpu0] [time_series_etth1_teacher_ft_v2/trs16_res03_lr25e4] [time_series] output_dir=results/time_series_etth1_teacher_ft_v2/worker1_gpu0/trs16_res03_lr25e4
[worker1/etth1_teacher_ft_v2_gpu0] [time_series_etth1_teacher_ft_v2/trs16_res03_lr25e4] [time_series] methods=ssml
[worker1/etth1_teacher_ft_v2_gpu0] [time_series_etth1_teacher_ft_v2/trs16_res03_lr25e4] [time_series] model_pairs=transformer:dlinear
[worker1/etth1_teacher_ft_v2_gpu0] [time_series_etth1_teacher_ft_v2/trs16_res03_lr25e4] [time_series] lr=0.00025 weight_decay=0.0
[worker1/etth1_teacher_ft_v2_gpu0] [time_series_etth1_teacher_ft_v2/trs16_res03_lr25e4] [time_series] ssml_topk_ratio=0.3
[worker1/etth1_teacher_ft_v2_gpu0] [time_series_etth1_teacher_ft_v2/trs16_res03_lr25e4] [time_series] ssml_topk_scope=total
[worker1/etth1_teacher_ft_v2_gpu0] [time_series_etth1_teacher_ft_v2/trs16_res03_lr25e4] [time_series] ssml_max_selected_ratio=1.0
[worker1/etth1_teacher_ft_v2_gpu0] [time_series_etth1_teacher_ft_v2/trs16_res03_lr25e4] [time_series] ssml_adaptive_dense_threshold=1.1
[worker1/etth1_teacher_ft_v2_gpu0] [time_series_etth1_teacher_ft_v2/trs16_res03_lr25e4] [time_series] ssml_adaptive_dense_topk_ratio=1.0
[worker1/etth1_teacher_ft_v2_gpu0] [time_series_etth1_teacher_ft_v2/trs16_res03_lr25e4] [time_series] ssml_adaptive_dense_topk_scope=positive
[worker1/etth1_teacher_ft_v2_gpu0] [time_series_etth1_teacher_ft_v2/trs16_res03_lr25e4] [time_series] ssml_adaptive_dense_max_selected_ratio=1.0
[worker1/etth1_teacher_ft_v2_gpu0] [time_series_etth1_teacher_ft_v2/trs16_res03_lr25e4] [time_series] ssml_adaptive_dense_score_smoothing_kernel=-1
[worker1/etth1_teacher_ft_v2_gpu0] [time_series_etth1_teacher_ft_v2/trs16_res03_lr25e4] [time_series] ssml_adaptive_dense_window_expand_kernel=-1
[worker1/etth1_teacher_ft_v2_gpu0] [time_series_etth1_teacher_ft_v2/trs16_res03_lr25e4] [time_series] ssml_supervised_hotspot_alpha=0.0
[worker1/etth1_teacher_ft_v2_gpu0] [time_series_etth1_teacher_ft_v2/trs16_res03_lr25e4] [time_series] ssml_supervised_weight_mode=score
[worker1/etth1_teacher_ft_v2_gpu0] [time_series_etth1_teacher_ft_v2/trs16_res03_lr25e4] [time_series] ssml_gate_score_mode=peer_better_student_error
[worker1/etth1_teacher_ft_v2_gpu0] [time_series_etth1_teacher_ft_v2/trs16_res03_lr25e4] [time_series] ssml_score_transform=none
[worker1/etth1_teacher_ft_v2_gpu0] [time_series_etth1_teacher_ft_v2/trs16_res03_lr25e4] [time_series] ssml_positive_upper_quantile=1.0
[worker1/etth1_teacher_ft_v2_gpu0] [time_series_etth1_teacher_ft_v2/trs16_res03_lr25e4] [time_series] ssml_guidance_mode=corrective
[worker1/etth1_teacher_ft_v2_gpu0] [time_series_etth1_teacher_ft_v2/trs16_res03_lr25e4] [time_series] ssml_correction_gate_hidden_dim=96
[worker1/etth1_teacher_ft_v2_gpu0] [time_series_etth1_teacher_ft_v2/trs16_res03_lr25e4] [time_series] ssml_correction_gate_dropout=0.00
[worker1/etth1_teacher_ft_v2_gpu0] [time_series_etth1_teacher_ft_v2/trs16_res03_lr25e4] [time_series] ssml_correction_init_bias=-0.35
[worker1/etth1_teacher_ft_v2_gpu0] [time_series_etth1_teacher_ft_v2/trs16_res03_lr25e4] [time_series] ssml_correction_sparsity_weight=0.00002
[worker1/etth1_teacher_ft_v2_gpu0] [time_series_etth1_teacher_ft_v2/trs16_res03_lr25e4] [time_series] ssml_correction_threshold=0.5
[worker1/etth1_teacher_ft_v2_gpu0] [time_series_etth1_teacher_ft_v2/trs16_res03_lr25e4] [time_series] ssml_correction_ramp_start_epoch=12
[worker1/etth1_teacher_ft_v2_gpu0] [time_series_etth1_teacher_ft_v2/trs16_res03_lr25e4] [time_series] ssml_correction_ramp_end_epoch=26
[worker1/etth1_teacher_ft_v2_gpu0] [time_series_etth1_teacher_ft_v2/trs16_res03_lr25e4] [time_series] ssml_correction_freeze_student_epochs=0
[worker1/etth1_teacher_ft_v2_gpu0] [time_series_etth1_teacher_ft_v2/trs16_res03_lr25e4] [time_series] ssml_correction_only=1
[worker1/etth1_teacher_ft_v2_gpu0] [time_series_etth1_teacher_ft_v2/trs16_res03_lr25e4] [time_series] ssml_correction_tail_start_ratio=0.12
[worker1/etth1_teacher_ft_v2_gpu0] [time_series_etth1_teacher_ft_v2/trs16_res03_lr25e4] [time_series] ssml_correction_regime_focus_quantile=0.18
[worker1/etth1_teacher_ft_v2_gpu0] [time_series_etth1_teacher_ft_v2/trs16_res03_lr25e4] [time_series] ssml_correction_focus_loss_alpha=0.15
[worker1/etth1_teacher_ft_v2_gpu1] [time_series_etth1_teacher_ft_v2] output_root=results/time_series_etth1_teacher_ft_v2/worker1_gpu1
[worker1/etth1_teacher_ft_v2_gpu1] [time_series_etth1_teacher_ft_v2] gpu=1 seeds=0 1 2 epochs=80 batch_size=384
[worker1/etth1_teacher_ft_v2_gpu1] [time_series_etth1_teacher_ft_v2] init_checkpoint_template=results/time_series_etth1_all_methods_long_v3/time_series/etth1/{model}_independent_huber_seed{seed}/best_model.pt
[worker1/etth1_teacher_ft_v2_gpu1] [time_series_etth1_teacher_ft_v2] peer_init_checkpoint_template=results/time_series_etth1_all_methods_long_v3/time_series/etth1/{model}_independent_huber_seed{seed}/best_model.pt
[worker1/etth1_teacher_ft_v2_gpu1] [time_series_etth1_teacher_ft_v2] case_specs=trs10_res02_lr15e4:0.00015:0.008:0.00001:64:0.00:-0.15:10:24:0.08:0.12:0.12:13:0.06:1.0:0.2:4:18:36:0.05
[worker1/etth1_teacher_ft_v2_gpu1] [time_series_etth1_teacher_ft_v2/trs10_res02_lr15e4] log -> results/logs/time_series_etth1_teacher_ft_v2/worker1/worker1_gpu1/trs10_res02_lr15e4.log
[worker1/etth1_teacher_ft_v2_gpu1] [time_series_etth1_teacher_ft_v2/trs10_res02_lr15e4] [time_series] output_dir=results/time_series_etth1_teacher_ft_v2/worker1_gpu1/trs10_res02_lr15e4
[worker1/etth1_teacher_ft_v2_gpu1] [time_series_etth1_teacher_ft_v2/trs10_res02_lr15e4] [time_series] methods=ssml
[worker1/etth1_teacher_ft_v2_gpu1] [time_series_etth1_teacher_ft_v2/trs10_res02_lr15e4] [time_series] model_pairs=transformer:dlinear
[worker1/etth1_teacher_ft_v2_gpu1] [time_series_etth1_teacher_ft_v2/trs10_res02_lr15e4] [time_series] lr=0.00015 weight_decay=0.0
[worker1/etth1_teacher_ft_v2_gpu1] [time_series_etth1_teacher_ft_v2/trs10_res02_lr15e4] [time_series] ssml_topk_ratio=0.3
[worker1/etth1_teacher_ft_v2_gpu1] [time_series_etth1_teacher_ft_v2/trs10_res02_lr15e4] [time_series] ssml_topk_scope=total
[worker1/etth1_teacher_ft_v2_gpu1] [time_series_etth1_teacher_ft_v2/trs10_res02_lr15e4] [time_series] ssml_max_selected_ratio=1.0
[worker1/etth1_teacher_ft_v2_gpu1] [time_series_etth1_teacher_ft_v2/trs10_res02_lr15e4] [time_series] ssml_adaptive_dense_threshold=1.1
[worker1/etth1_teacher_ft_v2_gpu1] [time_series_etth1_teacher_ft_v2/trs10_res02_lr15e4] [time_series] ssml_adaptive_dense_topk_ratio=1.0
[worker1/etth1_teacher_ft_v2_gpu1] [time_series_etth1_teacher_ft_v2/trs10_res02_lr15e4] [time_series] ssml_adaptive_dense_topk_scope=positive
[worker1/etth1_teacher_ft_v2_gpu1] [time_series_etth1_teacher_ft_v2/trs10_res02_lr15e4] [time_series] ssml_adaptive_dense_max_selected_ratio=1.0
[worker1/etth1_teacher_ft_v2_gpu1] [time_series_etth1_teacher_ft_v2/trs10_res02_lr15e4] [time_series] ssml_adaptive_dense_score_smoothing_kernel=-1
[worker1/etth1_teacher_ft_v2_gpu1] [time_series_etth1_teacher_ft_v2/trs10_res02_lr15e4] [time_series] ssml_adaptive_dense_window_expand_kernel=-1
[worker1/etth1_teacher_ft_v2_gpu1] [time_series_etth1_teacher_ft_v2/trs10_res02_lr15e4] [time_series] ssml_supervised_hotspot_alpha=0.0
[worker1/etth1_teacher_ft_v2_gpu1] [time_series_etth1_teacher_ft_v2/trs10_res02_lr15e4] [time_series] ssml_supervised_weight_mode=score
[worker1/etth1_teacher_ft_v2_gpu1] [time_series_etth1_teacher_ft_v2/trs10_res02_lr15e4] [time_series] ssml_gate_score_mode=peer_better_student_error
[worker1/etth1_teacher_ft_v2_gpu1] [time_series_etth1_teacher_ft_v2/trs10_res02_lr15e4] [time_series] ssml_score_transform=none
[worker1/etth1_teacher_ft_v2_gpu1] [time_series_etth1_teacher_ft_v2/trs10_res02_lr15e4] [time_series] ssml_positive_upper_quantile=1.0
[worker1/etth1_teacher_ft_v2_gpu1] [time_series_etth1_teacher_ft_v2/trs10_res02_lr15e4] [time_series] ssml_guidance_mode=corrective
[worker1/etth1_teacher_ft_v2_gpu1] [time_series_etth1_teacher_ft_v2/trs10_res02_lr15e4] [time_series] ssml_correction_gate_hidden_dim=64
[worker1/etth1_teacher_ft_v2_gpu1] [time_series_etth1_teacher_ft_v2/trs10_res02_lr15e4] [time_series] ssml_correction_gate_dropout=0.00
[worker1/etth1_teacher_ft_v2_gpu1] [time_series_etth1_teacher_ft_v2/trs10_res02_lr15e4] [time_series] ssml_correction_init_bias=-0.15
[worker1/etth1_teacher_ft_v2_gpu1] [time_series_etth1_teacher_ft_v2/trs10_res02_lr15e4] [time_series] ssml_correction_sparsity_weight=0.00001
[worker1/etth1_teacher_ft_v2_gpu1] [time_series_etth1_teacher_ft_v2/trs10_res02_lr15e4] [time_series] ssml_correction_threshold=0.5
[worker1/etth1_teacher_ft_v2_gpu1] [time_series_etth1_teacher_ft_v2/trs10_res02_lr15e4] [time_series] ssml_correction_ramp_start_epoch=10
[worker1/etth1_teacher_ft_v2_gpu1] [time_series_etth1_teacher_ft_v2/trs10_res02_lr15e4] [time_series] ssml_correction_ramp_end_epoch=24
[worker1/etth1_teacher_ft_v2_gpu1] [time_series_etth1_teacher_ft_v2/trs10_res02_lr15e4] [time_series] ssml_correction_freeze_student_epochs=0
[worker1/etth1_teacher_ft_v2_gpu1] [time_series_etth1_teacher_ft_v2/trs10_res02_lr15e4] [time_series] ssml_correction_only=1
[worker1/etth1_teacher_ft_v2_gpu1] [time_series_etth1_teacher_ft_v2/trs10_res02_lr15e4] [time_series] ssml_correction_tail_start_ratio=0.08
[worker1/etth1_teacher_ft_v2_gpu1] [time_series_etth1_teacher_ft_v2/trs10_res02_lr15e4] [time_series] ssml_correction_regime_focus_quantile=0.12
[worker1/etth1_teacher_ft_v2_gpu1] [time_series_etth1_teacher_ft_v2/trs10_res02_lr15e4] [time_series] ssml_correction_focus_loss_alpha=0.12
[worker1/etth1_teacher_ft_v2_gpu0] [time_series_etth1_teacher_ft_v2/trs16_res03_lr25e4] [time_series] ssml_correction_peer_advantage_quantile=0.0
[worker1/etth1_teacher_ft_v2_gpu0] [time_series_etth1_teacher_ft_v2/trs16_res03_lr25e4] [time_series] ssml_correction_peer_advantage_min=0.0
[worker1/etth1_teacher_ft_v2_gpu0] [time_series_etth1_teacher_ft_v2/trs16_res03_lr25e4] [time_series] ssml_correction_peer_advantage_smoothing_kernel=1
[worker1/etth1_teacher_ft_v2_gpu0] [time_series_etth1_teacher_ft_v2/trs16_res03_lr25e4] [time_series] ssml_correction_feature_mode=trend_residual
[worker1/etth1_teacher_ft_v2_gpu0] [time_series_etth1_teacher_ft_v2/trs16_res03_lr25e4] [time_series] ssml_correction_use_regime_features=1
[worker1/etth1_teacher_ft_v2_gpu0] [time_series_etth1_teacher_ft_v2/trs16_res03_lr25e4] [time_series] ssml_correction_decomposition_kernel=13
[worker1/etth1_teacher_ft_v2_gpu0] [time_series_etth1_teacher_ft_v2/trs16_res03_lr25e4] [time_series] ssml_correction_trend_scale=1.6
[worker1/etth1_teacher_ft_v2_gpu0] [time_series_etth1_teacher_ft_v2/trs16_res03_lr25e4] [time_series] ssml_correction_residual_scale=0.3
[worker1/etth1_teacher_ft_v2_gpu0] [time_series_etth1_teacher_ft_v2/trs16_res03_lr25e4] [time_series] ssml_score_smoothing_kernel=1
[worker1/etth1_teacher_ft_v2_gpu0] [time_series_etth1_teacher_ft_v2/trs16_res03_lr25e4] [time_series] ssml_window_score_kernel=1
[worker1/etth1_teacher_ft_v2_gpu0] [time_series_etth1_teacher_ft_v2/trs16_res03_lr25e4] [time_series] ssml_window_expand_kernel=1
[worker1/etth1_teacher_ft_v2_gpu0] [time_series_etth1_teacher_ft_v2/trs16_res03_lr25e4] [time_series] ssml_tail_start_ratio=0.0
[worker1/etth1_teacher_ft_v2_gpu0] [time_series_etth1_teacher_ft_v2/trs16_res03_lr25e4] [time_series] ssml_residual_beta=1.0
[worker1/etth1_teacher_ft_v2_gpu0] [time_series_etth1_teacher_ft_v2/trs16_res03_lr25e4] [time_series] ssml_ema_decay=0.0
[worker1/etth1_teacher_ft_v2_gpu0] [time_series_etth1_teacher_ft_v2/trs16_res03_lr25e4] [time_series] ssml_imitation_space=raw
[worker1/etth1_teacher_ft_v2_gpu0] [time_series_etth1_teacher_ft_v2/trs16_res03_lr25e4] [time_series] ssml_residual_space_kernel=9
[worker1/etth1_teacher_ft_v2_gpu0] [time_series_etth1_teacher_ft_v2/trs16_res03_lr25e4] [time_series] ssml_conflict_aware_projection=0
[worker1/etth1_teacher_ft_v2_gpu0] [time_series_etth1_teacher_ft_v2/trs16_res03_lr25e4] [time_series] ssml_freeze_peer=1
[worker1/etth1_teacher_ft_v2_gpu0] [time_series_etth1_teacher_ft_v2/trs16_res03_lr25e4] [time_series] ssml_worse_only_update=0
[worker1/etth1_teacher_ft_v2_gpu0] [time_series_etth1_teacher_ft_v2/trs16_res03_lr25e4] [time_series] ssml_anchor_weight=0.04
[worker1/etth1_teacher_ft_v2_gpu0] [time_series_etth1_teacher_ft_v2/trs16_res03_lr25e4] [time_series] init_checkpoint_template=results/time_series_etth1_all_methods_long_v3/time_series/etth1/{model}_independent_huber_seed{seed}/best_model.pt
[worker1/etth1_teacher_ft_v2_gpu0] [time_series_etth1_teacher_ft_v2/trs16_res03_lr25e4] [time_series] peer_init_checkpoint_template=results/time_series_etth1_all_methods_long_v3/time_series/etth1/{model}_independent_huber_seed{seed}/best_model.pt
[worker1/etth1_teacher_ft_v2_gpu0] [time_series_etth1_teacher_ft_v2/trs16_res03_lr25e4] [time_series] early_stop_patience=0 early_stop_min_epochs=0 early_stop_min_delta=0.0
[worker1/etth1_teacher_ft_v2_gpu0] [time_series_etth1_teacher_ft_v2/trs16_res03_lr25e4] [time_series] live_plot_interval=10
[worker1/etth1_teacher_ft_v2_gpu0] [time_series_etth1_teacher_ft_v2/trs16_res03_lr25e4] [time_series] dataset=etth1 pair=transformer:dlinear method=ssml seed=0 pred_len=24
[worker1/etth1_teacher_ft_v2_gpu0] [time_series_etth1_teacher_ft_v2/trs16_res03_lr25e4] [time_series] loaded init_checkpoint=results/time_series_etth1_all_methods_long_v3/time_series/etth1/transformer_independent_huber_seed0/best_model.pt
[worker1/etth1_teacher_ft_v2_gpu0] [time_series_etth1_teacher_ft_v2/trs16_res03_lr25e4] [time_series] loaded peer_init_checkpoint=results/time_series_etth1_all_methods_long_v3/time_series/etth1/dlinear_independent_huber_seed0/best_model.pt
[worker1/etth1_teacher_ft_v2_gpu0] [time_series_etth1_teacher_ft_v2/trs16_res03_lr25e4] [time_series] run_dir=results/time_series_etth1_teacher_ft_v2/worker1_gpu0/trs16_res03_lr25e4/time_series/etth1/transformer__dlinear_ssml_huber_seed0
[worker1/etth1_teacher_ft_v2_gpu0] [time_series_etth1_teacher_ft_v2/trs16_res03_lr25e4] [time_series] params=1634
[worker1/etth1_teacher_ft_v2_gpu0] [time_series_etth1_teacher_ft_v2/trs16_res03_lr25e4] [time_series] correction_gate_params=1634
[worker1/etth1_teacher_ft_v2_gpu1] [time_series_etth1_teacher_ft_v2/trs10_res02_lr15e4] [time_series] ssml_correction_peer_advantage_quantile=0.0
[worker1/etth1_teacher_ft_v2_gpu1] [time_series_etth1_teacher_ft_v2/trs10_res02_lr15e4] [time_series] ssml_correction_peer_advantage_min=0.0
[worker1/etth1_teacher_ft_v2_gpu1] [time_series_etth1_teacher_ft_v2/trs10_res02_lr15e4] [time_series] ssml_correction_peer_advantage_smoothing_kernel=1
[worker1/etth1_teacher_ft_v2_gpu1] [time_series_etth1_teacher_ft_v2/trs10_res02_lr15e4] [time_series] ssml_correction_feature_mode=trend_residual
[worker1/etth1_teacher_ft_v2_gpu1] [time_series_etth1_teacher_ft_v2/trs10_res02_lr15e4] [time_series] ssml_correction_use_regime_features=1
[worker1/etth1_teacher_ft_v2_gpu1] [time_series_etth1_teacher_ft_v2/trs10_res02_lr15e4] [time_series] ssml_correction_decomposition_kernel=13
[worker1/etth1_teacher_ft_v2_gpu1] [time_series_etth1_teacher_ft_v2/trs10_res02_lr15e4] [time_series] ssml_correction_trend_scale=1.0
[worker1/etth1_teacher_ft_v2_gpu1] [time_series_etth1_teacher_ft_v2/trs10_res02_lr15e4] [time_series] ssml_correction_residual_scale=0.2
[worker1/etth1_teacher_ft_v2_gpu1] [time_series_etth1_teacher_ft_v2/trs10_res02_lr15e4] [time_series] ssml_score_smoothing_kernel=1
[worker1/etth1_teacher_ft_v2_gpu1] [time_series_etth1_teacher_ft_v2/trs10_res02_lr15e4] [time_series] ssml_window_score_kernel=1
[worker1/etth1_teacher_ft_v2_gpu1] [time_series_etth1_teacher_ft_v2/trs10_res02_lr15e4] [time_series] ssml_window_expand_kernel=1
[worker1/etth1_teacher_ft_v2_gpu1] [time_series_etth1_teacher_ft_v2/trs10_res02_lr15e4] [time_series] ssml_tail_start_ratio=0.0
[worker1/etth1_teacher_ft_v2_gpu1] [time_series_etth1_teacher_ft_v2/trs10_res02_lr15e4] [time_series] ssml_residual_beta=1.0
[worker1/etth1_teacher_ft_v2_gpu1] [time_series_etth1_teacher_ft_v2/trs10_res02_lr15e4] [time_series] ssml_ema_decay=0.0
[worker1/etth1_teacher_ft_v2_gpu1] [time_series_etth1_teacher_ft_v2/trs10_res02_lr15e4] [time_series] ssml_imitation_space=raw
[worker1/etth1_teacher_ft_v2_gpu1] [time_series_etth1_teacher_ft_v2/trs10_res02_lr15e4] [time_series] ssml_residual_space_kernel=9
[worker1/etth1_teacher_ft_v2_gpu1] [time_series_etth1_teacher_ft_v2/trs10_res02_lr15e4] [time_series] ssml_conflict_aware_projection=0
[worker1/etth1_teacher_ft_v2_gpu1] [time_series_etth1_teacher_ft_v2/trs10_res02_lr15e4] [time_series] ssml_freeze_peer=1
[worker1/etth1_teacher_ft_v2_gpu1] [time_series_etth1_teacher_ft_v2/trs10_res02_lr15e4] [time_series] ssml_worse_only_update=0
[worker1/etth1_teacher_ft_v2_gpu1] [time_series_etth1_teacher_ft_v2/trs10_res02_lr15e4] [time_series] ssml_anchor_weight=0.06
[worker1/etth1_teacher_ft_v2_gpu1] [time_series_etth1_teacher_ft_v2/trs10_res02_lr15e4] [time_series] init_checkpoint_template=results/time_series_etth1_all_methods_long_v3/time_series/etth1/{model}_independent_huber_seed{seed}/best_model.pt
[worker1/etth1_teacher_ft_v2_gpu1] [time_series_etth1_teacher_ft_v2/trs10_res02_lr15e4] [time_series] peer_init_checkpoint_template=results/time_series_etth1_all_methods_long_v3/time_series/etth1/{model}_independent_huber_seed{seed}/best_model.pt
[worker1/etth1_teacher_ft_v2_gpu1] [time_series_etth1_teacher_ft_v2/trs10_res02_lr15e4] [time_series] early_stop_patience=0 early_stop_min_epochs=0 early_stop_min_delta=0.0
[worker1/etth1_teacher_ft_v2_gpu1] [time_series_etth1_teacher_ft_v2/trs10_res02_lr15e4] [time_series] live_plot_interval=10
[worker1/etth1_teacher_ft_v2_gpu1] [time_series_etth1_teacher_ft_v2/trs10_res02_lr15e4] [time_series] dataset=etth1 pair=transformer:dlinear method=ssml seed=0 pred_len=24
[worker1/etth1_teacher_ft_v2_gpu1] [time_series_etth1_teacher_ft_v2/trs10_res02_lr15e4] [time_series] loaded init_checkpoint=results/time_series_etth1_all_methods_long_v3/time_series/etth1/transformer_independent_huber_seed0/best_model.pt
[worker1/etth1_teacher_ft_v2_gpu1] [time_series_etth1_teacher_ft_v2/trs10_res02_lr15e4] [time_series] loaded peer_init_checkpoint=results/time_series_etth1_all_methods_long_v3/time_series/etth1/dlinear_independent_huber_seed0/best_model.pt
[worker1/etth1_teacher_ft_v2_gpu1] [time_series_etth1_teacher_ft_v2/trs10_res02_lr15e4] [time_series] run_dir=results/time_series_etth1_teacher_ft_v2/worker1_gpu1/trs10_res02_lr15e4/time_series/etth1/transformer__dlinear_ssml_huber_seed0
[worker1/etth1_teacher_ft_v2_gpu1] [time_series_etth1_teacher_ft_v2/trs10_res02_lr15e4] [time_series] params=1090
[worker1/etth1_teacher_ft_v2_gpu1] [time_series_etth1_teacher_ft_v2/trs10_res02_lr15e4] [time_series] correction_gate_params=1090
[worker1/etth1_teacher_ft_v2_gpu0] [time_series_etth1_teacher_ft_v2/trs16_res03_lr25e4] [time_series][epoch 001] lambda=0.0000 g_scale=0.000 corr_scale=0.000 freeze_student=0 focus=0.7876 train_total=0.20867370 train_sup=0.20866742 train_imit=0.75381394 mean_w=0.3143 active=0.0000 s_dense=0.00 s_pos=0.5805 s_sel=0.0000 s_sel_pos=0.0000 s_hot_err=0.000000 s_bg_err=0.207212 s_gap=0.000000 conf_cos=0.0000 conf_proj=0.00 val_mse=0.32025379 val_mae=0.38539262 | p_pos=0.0000 p_dense=0.00 p_sel=0.0000 p_sel_pos=0.0000 p_hot_err=0.000000 p_bg_err=0.000000 p_gap=0.000000 peer_val_mse=0.27126333 peer_val_mae=0.33938746
[worker1/etth1_teacher_ft_v2_gpu0] [time_series_etth1_teacher_ft_v2/trs16_res03_lr25e4] [time_series][epoch 002] lambda=0.0000 g_scale=0.000 corr_scale=0.000 freeze_student=0 focus=0.7876 train_total=0.20867350 train_sup=0.20866762 train_imit=0.75555153 mean_w=0.2939 active=0.0000 s_dense=0.00 s_pos=0.5805 s_sel=0.0000 s_sel_pos=0.0000 s_hot_err=0.000000 s_bg_err=0.207212 s_gap=0.000000 conf_cos=0.0000 conf_proj=0.00 val_mse=0.32025379 val_mae=0.38539262 | p_pos=0.0000 p_dense=0.00 p_sel=0.0000 p_sel_pos=0.0000 p_hot_err=0.000000 p_bg_err=0.000000 p_gap=0.000000 peer_val_mse=0.27126333 peer_val_mae=0.33938746
[worker1/etth1_teacher_ft_v2_gpu0] [time_series_etth1_teacher_ft_v2/trs16_res03_lr25e4] [time_series][epoch 003] lambda=0.0000 g_scale=0.000 corr_scale=0.000 freeze_student=0 focus=0.7876 train_total=0.20867287 train_sup=0.20866738 train_imit=0.76146518 mean_w=0.2743 active=0.0000 s_dense=0.00 s_pos=0.5805 s_sel=0.0000 s_sel_pos=0.0000 s_hot_err=0.000000 s_bg_err=0.207212 s_gap=0.000000 conf_cos=0.0000 conf_proj=0.00 val_mse=0.32025379 val_mae=0.38539262 | p_pos=0.0000 p_dense=0.00 p_sel=0.0000 p_sel_pos=0.0000 p_hot_err=0.000000 p_bg_err=0.000000 p_gap=0.000000 peer_val_mse=0.27126333 peer_val_mae=0.33938746
[worker1/etth1_teacher_ft_v2_gpu0] [time_series_etth1_teacher_ft_v2/trs16_res03_lr25e4] [time_series][epoch 004] lambda=0.0000 g_scale=0.000 corr_scale=0.000 freeze_student=0 focus=0.7876 train_total=0.20867247 train_sup=0.20866739 train_imit=0.77128220 mean_w=0.2539 active=0.0000 s_dense=0.00 s_pos=0.5805 s_sel=0.0000 s_sel_pos=0.0000 s_hot_err=0.000000 s_bg_err=0.207212 s_gap=0.000000 conf_cos=0.0000 conf_proj=0.00 val_mse=0.32025379 val_mae=0.38539262 | p_pos=0.0000 p_dense=0.00 p_sel=0.0000 p_sel_pos=0.0000 p_hot_err=0.000000 p_bg_err=0.000000 p_gap=0.000000 peer_val_mse=0.27126333 peer_val_mae=0.33938746
[worker1/etth1_teacher_ft_v2_gpu0] [time_series_etth1_teacher_ft_v2/trs16_res03_lr25e4] [time_series][epoch 005] lambda=0.0000 g_scale=0.000 corr_scale=0.000 freeze_student=0 focus=0.7876 train_total=0.20867206 train_sup=0.20866741 train_imit=0.78603456 mean_w=0.2323 active=0.0000 s_dense=0.00 s_pos=0.5805 s_sel=0.0000 s_sel_pos=0.0000 s_hot_err=0.000000 s_bg_err=0.207212 s_gap=0.000000 conf_cos=0.0000 conf_proj=0.00 val_mse=0.32025379 val_mae=0.38539262 | p_pos=0.0000 p_dense=0.00 p_sel=0.0000 p_sel_pos=0.0000 p_hot_err=0.000000 p_bg_err=0.000000 p_gap=0.000000 peer_val_mse=0.27126333 peer_val_mae=0.33938746
[worker1/etth1_teacher_ft_v2_gpu0] [time_series_etth1_teacher_ft_v2/trs16_res03_lr25e4] [time_series][epoch 006] lambda=0.0120 g_scale=1.000 corr_scale=0.000 freeze_student=0 focus=0.7876 train_total=0.21798551 train_sup=0.20866733 train_imit=0.77610427 mean_w=0.2463 active=0.0000 s_dense=0.00 s_pos=0.5805 s_sel=0.0000 s_sel_pos=0.0000 s_hot_err=0.000000 s_bg_err=0.207212 s_gap=0.000000 conf_cos=0.0000 conf_proj=0.00 val_mse=0.32025379 val_mae=0.38539262 | p_pos=0.0000 p_dense=0.00 p_sel=0.0000 p_sel_pos=0.0000 p_hot_err=0.000000 p_bg_err=0.000000 p_gap=0.000000 peer_val_mse=0.27126333 peer_val_mae=0.33938746
[worker1/etth1_teacher_ft_v2_gpu0] [time_series_etth1_teacher_ft_v2/trs16_res03_lr25e4] [time_series][epoch 007] lambda=0.0120 g_scale=1.000 corr_scale=0.000 freeze_student=0 focus=0.7876 train_total=0.21770241 train_sup=0.20866702 train_imit=0.75245291 mean_w=0.2976 active=0.0000 s_dense=0.00 s_pos=0.5805 s_sel=0.0000 s_sel_pos=0.0000 s_hot_err=0.000000 s_bg_err=0.207212 s_gap=0.000000 conf_cos=0.0000 conf_proj=0.00 val_mse=0.32025379 val_mae=0.38539262 | p_pos=0.0000 p_dense=0.00 p_sel=0.0000 p_sel_pos=0.0000 p_hot_err=0.000000 p_bg_err=0.000000 p_gap=0.000000 peer_val_mse=0.27126333 peer_val_mae=0.33938746
[worker1/etth1_teacher_ft_v2_gpu0] [time_series_etth1_teacher_ft_v2/trs16_res03_lr25e4] [time_series][epoch 008] lambda=0.0120 g_scale=1.000 corr_scale=0.000 freeze_student=0 focus=0.7876 train_total=0.21761856 train_sup=0.20866734 train_imit=0.74538687 mean_w=0.3290 active=0.0000 s_dense=0.00 s_pos=0.5805 s_sel=0.0000 s_sel_pos=0.0000 s_hot_err=0.000000 s_bg_err=0.207212 s_gap=0.000000 conf_cos=0.0000 conf_proj=0.00 val_mse=0.32025379 val_mae=0.38539262 | p_pos=0.0000 p_dense=0.00 p_sel=0.0000 p_sel_pos=0.0000 p_hot_err=0.000000 p_bg_err=0.000000 p_gap=0.000000 peer_val_mse=0.27126333 peer_val_mae=0.33938746
[worker1/etth1_teacher_ft_v2_gpu0] [time_series_etth1_teacher_ft_v2/trs16_res03_lr25e4] [time_series][epoch 009] lambda=0.0120 g_scale=1.000 corr_scale=0.000 freeze_student=0 focus=0.7876 train_total=0.21758486 train_sup=0.20866731 train_imit=0.74255279 mean_w=0.3456 active=0.0000 s_dense=0.00 s_pos=0.5805 s_sel=0.0000 s_sel_pos=0.0000 s_hot_err=0.000000 s_bg_err=0.207212 s_gap=0.000000 conf_cos=0.0000 conf_proj=0.00 val_mse=0.32025379 val_mae=0.38539262 | p_pos=0.0000 p_dense=0.00 p_sel=0.0000 p_sel_pos=0.0000 p_hot_err=0.000000 p_bg_err=0.000000 p_gap=0.000000 peer_val_mse=0.27126333 peer_val_mae=0.33938746
[worker1/etth1_teacher_ft_v2_gpu0] [time_series_etth1_teacher_ft_v2/trs16_res03_lr25e4] [time_series][epoch 010] lambda=0.0120 g_scale=1.000 corr_scale=0.000 freeze_student=0 focus=0.7876 train_total=0.21756488 train_sup=0.20866765 train_imit=0.74084588 mean_w=0.3539 active=0.0000 s_dense=0.00 s_pos=0.5805 s_sel=0.0000 s_sel_pos=0.0000 s_hot_err=0.000000 s_bg_err=0.207212 s_gap=0.000000 conf_cos=0.0000 conf_proj=0.00 val_mse=0.32025379 val_mae=0.38539262 | p_pos=0.0000 p_dense=0.00 p_sel=0.0000 p_sel_pos=0.0000 p_hot_err=0.000000 p_bg_err=0.000000 p_gap=0.000000 peer_val_mse=0.27126333 peer_val_mae=0.33938746
[worker1/etth1_teacher_ft_v2_gpu0] [time_series_etth1_teacher_ft_v2/trs16_res03_lr25e4] [time_series][epoch 010] updated live plot
[worker1/etth1_teacher_ft_v2_gpu0] [time_series_etth1_teacher_ft_v2/trs16_res03_lr25e4] [time_series][epoch 011] lambda=0.0120 g_scale=1.000 corr_scale=0.000 freeze_student=0 focus=0.7876 train_total=0.21754865 train_sup=0.20866733 train_imit=0.73951199 mean_w=0.3587 active=0.0000 s_dense=0.00 s_pos=0.5805 s_sel=0.0000 s_sel_pos=0.0000 s_hot_err=0.000000 s_bg_err=0.207212 s_gap=0.000000 conf_cos=0.0000 conf_proj=0.00 val_mse=0.32025379 val_mae=0.38539262 | p_pos=0.0000 p_dense=0.00 p_sel=0.0000 p_sel_pos=0.0000 p_hot_err=0.000000 p_bg_err=0.000000 p_gap=0.000000 peer_val_mse=0.27126333 peer_val_mae=0.33938746
[worker1/etth1_teacher_ft_v2_gpu0] [time_series_etth1_teacher_ft_v2/trs16_res03_lr25e4] [time_series][epoch 012] lambda=0.0120 g_scale=1.000 corr_scale=0.000 freeze_student=0 focus=0.7876 train_total=0.21753472 train_sup=0.20866724 train_imit=0.73835442 mean_w=0.3613 active=0.0000 s_dense=0.00 s_pos=0.5805 s_sel=0.0000 s_sel_pos=0.0000 s_hot_err=0.000000 s_bg_err=0.207212 s_gap=0.000000 conf_cos=0.0000 conf_proj=0.00 val_mse=0.32025379 val_mae=0.38539262 | p_pos=0.0000 p_dense=0.00 p_sel=0.0000 p_sel_pos=0.0000 p_hot_err=0.000000 p_bg_err=0.000000 p_gap=0.000000 peer_val_mse=0.27126333 peer_val_mae=0.33938746
[worker1/etth1_teacher_ft_v2_gpu0] [time_series_etth1_teacher_ft_v2/trs16_res03_lr25e4] [time_series][epoch 013] lambda=0.0120 g_scale=1.000 corr_scale=0.071 freeze_student=0 focus=0.7876 train_total=0.21707578 train_sup=0.20822102 train_imit=0.73728226 mean_w=0.3690 active=0.1269 s_dense=0.00 s_pos=0.5805 s_sel=0.1269 s_sel_pos=0.2188 s_hot_err=0.246343 s_bg_err=0.202725 s_gap=-0.076705 conf_cos=0.0000 conf_proj=0.00 val_mse=0.31648024 val_mae=0.38260095 | p_pos=0.0000 p_dense=0.00 p_sel=0.0000 p_sel_pos=0.0000 p_hot_err=0.000000 p_bg_err=0.000000 p_gap=0.000000 peer_val_mse=0.27126333 peer_val_mae=0.33938746
[worker1/etth1_teacher_ft_v2_gpu1] [time_series_etth1_teacher_ft_v2/trs10_res02_lr15e4] [time_series][epoch 001] lambda=0.0000 g_scale=0.000 corr_scale=0.000 freeze_student=0 focus=0.9583 train_total=0.20772399 train_sup=0.20771946 train_imit=0.77325783 mean_w=0.4529 active=0.0000 s_dense=0.00 s_pos=0.7080 s_sel=0.0000 s_sel_pos=0.0000 s_hot_err=0.000000 s_bg_err=0.207212 s_gap=0.000000 conf_cos=0.0000 conf_proj=0.00 val_mse=0.32025379 val_mae=0.38539262 | p_pos=0.0000 p_dense=0.00 p_sel=0.0000 p_sel_pos=0.0000 p_hot_err=0.000000 p_bg_err=0.000000 p_gap=0.000000 peer_val_mse=0.27126333 peer_val_mae=0.33938746
[worker1/etth1_teacher_ft_v2_gpu1] [time_series_etth1_teacher_ft_v2/trs10_res02_lr15e4] [time_series][epoch 002] lambda=0.0000 g_scale=0.000 corr_scale=0.000 freeze_student=0 focus=0.9583 train_total=0.20772387 train_sup=0.20771946 train_imit=0.77353369 mean_w=0.4408 active=0.0000 s_dense=0.00 s_pos=0.7080 s_sel=0.0000 s_sel_pos=0.0000 s_hot_err=0.000000 s_bg_err=0.207212 s_gap=0.000000 conf_cos=0.0000 conf_proj=0.00 val_mse=0.32025379 val_mae=0.38539262 | p_pos=0.0000 p_dense=0.00 p_sel=0.0000 p_sel_pos=0.0000 p_hot_err=0.000000 p_bg_err=0.000000 p_gap=0.000000 peer_val_mse=0.27126333 peer_val_mae=0.33938746
[worker1/etth1_teacher_ft_v2_gpu1] [time_series_etth1_teacher_ft_v2/trs10_res02_lr15e4] [time_series][epoch 003] lambda=0.0000 g_scale=0.000 corr_scale=0.000 freeze_student=0 focus=0.9583 train_total=0.20772376 train_sup=0.20771946 train_imit=0.77458297 mean_w=0.4301 active=0.0000 s_dense=0.00 s_pos=0.7080 s_sel=0.0000 s_sel_pos=0.0000 s_hot_err=0.000000 s_bg_err=0.207212 s_gap=0.000000 conf_cos=0.0000 conf_proj=0.00 val_mse=0.32025379 val_mae=0.38539262 | p_pos=0.0000 p_dense=0.00 p_sel=0.0000 p_sel_pos=0.0000 p_hot_err=0.000000 p_bg_err=0.000000 p_gap=0.000000 peer_val_mse=0.27126333 peer_val_mae=0.33938746
[worker1/etth1_teacher_ft_v2_gpu1] [time_series_etth1_teacher_ft_v2/trs10_res02_lr15e4] [time_series][epoch 004] lambda=0.0000 g_scale=0.000 corr_scale=0.000 freeze_student=0 focus=0.9583 train_total=0.20772366 train_sup=0.20771946 train_imit=0.77632295 mean_w=0.4198 active=0.0000 s_dense=0.00 s_pos=0.7080 s_sel=0.0000 s_sel_pos=0.0000 s_hot_err=0.000000 s_bg_err=0.207212 s_gap=0.000000 conf_cos=0.0000 conf_proj=0.00 val_mse=0.32025379 val_mae=0.38539262 | p_pos=0.0000 p_dense=0.00 p_sel=0.0000 p_sel_pos=0.0000 p_hot_err=0.000000 p_bg_err=0.000000 p_gap=0.000000 peer_val_mse=0.27126333 peer_val_mae=0.33938746
[worker1/etth1_teacher_ft_v2_gpu1] [time_series_etth1_teacher_ft_v2/trs10_res02_lr15e4] [time_series][epoch 005] lambda=0.0080 g_scale=1.000 corr_scale=0.000 freeze_student=0 focus=0.9583 train_total=0.21391492 train_sup=0.20771946 train_imit=0.77390098 mean_w=0.4249 active=0.0000 s_dense=0.00 s_pos=0.7080 s_sel=0.0000 s_sel_pos=0.0000 s_hot_err=0.000000 s_bg_err=0.207212 s_gap=0.000000 conf_cos=0.0000 conf_proj=0.00 val_mse=0.32025379 val_mae=0.38539262 | p_pos=0.0000 p_dense=0.00 p_sel=0.0000 p_sel_pos=0.0000 p_hot_err=0.000000 p_bg_err=0.000000 p_gap=0.000000 peer_val_mse=0.27126333 peer_val_mae=0.33938746
[worker1/etth1_teacher_ft_v2_gpu1] [time_series_etth1_teacher_ft_v2/trs10_res02_lr15e4] [time_series][epoch 006] lambda=0.0080 g_scale=1.000 corr_scale=0.000 freeze_student=0 focus=0.9583 train_total=0.21387001 train_sup=0.20771946 train_imit=0.76825675 mean_w=0.4499 active=0.0000 s_dense=0.00 s_pos=0.7080 s_sel=0.0000 s_sel_pos=0.0000 s_hot_err=0.000000 s_bg_err=0.207212 s_gap=0.000000 conf_cos=0.0000 conf_proj=0.00 val_mse=0.32025379 val_mae=0.38539262 | p_pos=0.0000 p_dense=0.00 p_sel=0.0000 p_sel_pos=0.0000 p_hot_err=0.000000 p_bg_err=0.000000 p_gap=0.000000 peer_val_mse=0.27126333 peer_val_mae=0.33938746
[worker1/etth1_teacher_ft_v2_gpu1] [time_series_etth1_teacher_ft_v2/trs10_res02_lr15e4] [time_series][epoch 007] lambda=0.0080 g_scale=1.000 corr_scale=0.000 freeze_student=0 focus=0.9583 train_total=0.21384713 train_sup=0.20771946 train_imit=0.76537406 mean_w=0.4679 active=0.0000 s_dense=0.00 s_pos=0.7080 s_sel=0.0000 s_sel_pos=0.0000 s_hot_err=0.000000 s_bg_err=0.207212 s_gap=0.000000 conf_cos=0.0000 conf_proj=0.00 val_mse=0.32025379 val_mae=0.38539262 | p_pos=0.0000 p_dense=0.00 p_sel=0.0000 p_sel_pos=0.0000 p_hot_err=0.000000 p_bg_err=0.000000 p_gap=0.000000 peer_val_mse=0.27126333 peer_val_mae=0.33938746
[worker1/etth1_teacher_ft_v2_gpu1] [time_series_etth1_teacher_ft_v2/trs10_res02_lr15e4] [time_series][epoch 008] lambda=0.0080 g_scale=1.000 corr_scale=0.000 freeze_student=0 focus=0.9583 train_total=0.21383433 train_sup=0.20771946 train_imit=0.76375677 mean_w=0.4812 active=0.0000 s_dense=0.00 s_pos=0.7080 s_sel=0.0000 s_sel_pos=0.0000 s_hot_err=0.000000 s_bg_err=0.207212 s_gap=0.000000 conf_cos=0.0000 conf_proj=0.00 val_mse=0.32025379 val_mae=0.38539262 | p_pos=0.0000 p_dense=0.00 p_sel=0.0000 p_sel_pos=0.0000 p_hot_err=0.000000 p_bg_err=0.000000 p_gap=0.000000 peer_val_mse=0.27126333 peer_val_mae=0.33938746
[worker1/etth1_teacher_ft_v2_gpu1] [time_series_etth1_teacher_ft_v2/trs10_res02_lr15e4] [time_series][epoch 009] lambda=0.0080 g_scale=1.000 corr_scale=0.000 freeze_student=0 focus=0.9583 train_total=0.21382656 train_sup=0.20771946 train_imit=0.76277343 mean_w=0.4911 active=0.0000 s_dense=0.00 s_pos=0.7080 s_sel=0.0000 s_sel_pos=0.0000 s_hot_err=0.000000 s_bg_err=0.207212 s_gap=0.000000 conf_cos=0.0000 conf_proj=0.00 val_mse=0.32025379 val_mae=0.38539262 | p_pos=0.0000 p_dense=0.00 p_sel=0.0000 p_sel_pos=0.0000 p_hot_err=0.000000 p_bg_err=0.000000 p_gap=0.000000 peer_val_mse=0.27126333 peer_val_mae=0.33938746
[worker1/etth1_teacher_ft_v2_gpu1] [time_series_etth1_teacher_ft_v2/trs10_res02_lr15e4] [time_series][epoch 010] lambda=0.0080 g_scale=1.000 corr_scale=0.000 freeze_student=0 focus=0.9583 train_total=0.21382150 train_sup=0.20771946 train_imit=0.76213237 mean_w=0.4983 active=0.0000 s_dense=0.00 s_pos=0.7080 s_sel=0.0000 s_sel_pos=0.0000 s_hot_err=0.000000 s_bg_err=0.207212 s_gap=0.000000 conf_cos=0.0000 conf_proj=0.00 val_mse=0.32025379 val_mae=0.38539262 | p_pos=0.0000 p_dense=0.00 p_sel=0.0000 p_sel_pos=0.0000 p_hot_err=0.000000 p_bg_err=0.000000 p_gap=0.000000 peer_val_mse=0.27126333 peer_val_mae=0.33938746
[worker1/etth1_teacher_ft_v2_gpu1] [time_series_etth1_teacher_ft_v2/trs10_res02_lr15e4] [time_series][epoch 010] updated live plot
[worker1/etth1_teacher_ft_v2_gpu1] [time_series_etth1_teacher_ft_v2/trs10_res02_lr15e4] [time_series][epoch 011] lambda=0.0080 g_scale=1.000 corr_scale=0.071 freeze_student=0 focus=0.9583 train_total=0.21340651 train_sup=0.20730885 train_imit=0.76157416 mean_w=0.5066 active=0.9345 s_dense=0.00 s_pos=0.7080 s_sel=0.9345 s_sel_pos=1.3201 s_hot_err=0.201424 s_bg_err=0.279624 s_gap=-0.034869 conf_cos=0.0000 conf_proj=0.00 val_mse=0.31708037 val_mae=0.38298604 | p_pos=0.0000 p_dense=0.00 p_sel=0.0000 p_sel_pos=0.0000 p_hot_err=0.000000 p_bg_err=0.000000 p_gap=0.000000 peer_val_mse=0.27126333 peer_val_mae=0.33938746
[worker1/etth1_teacher_ft_v2_gpu1] [time_series_etth1_teacher_ft_v2/trs10_res02_lr15e4] [time_series][epoch 012] lambda=0.0080 g_scale=1.000 corr_scale=0.143 freeze_student=0 focus=0.9583 train_total=0.21304459 train_sup=0.20694938 train_imit=0.76124747 mean_w=0.5226 active=0.9522 s_dense=0.00 s_pos=0.7080 s_sel=0.9522 s_sel_pos=1.3450 s_hot_err=0.208199 s_bg_err=0.169382 s_gap=-0.041527 conf_cos=0.0000 conf_proj=0.00 val_mse=0.31414136 val_mae=0.38072551 | p_pos=0.0000 p_dense=0.00 p_sel=0.0000 p_sel_pos=0.0000 p_hot_err=0.000000 p_bg_err=0.000000 p_gap=0.000000 peer_val_mse=0.27126333 peer_val_mae=0.33938746
[worker1/etth1_teacher_ft_v2_gpu1] [time_series_etth1_teacher_ft_v2/trs10_res02_lr15e4] [time_series][epoch 013] lambda=0.0080 g_scale=1.000 corr_scale=0.214 freeze_student=0 focus=0.9583 train_total=0.21271926 train_sup=0.20661832 train_imit=0.76193904 mean_w=0.5428 active=0.9571 s_dense=0.00 s_pos=0.7080 s_sel=0.9571 s_sel_pos=1.3519 s_hot_err=0.210488 s_bg_err=0.108520 s_gap=-0.046284 conf_cos=0.0000 conf_proj=0.00 val_mse=0.31146275 val_mae=0.37863377 | p_pos=0.0000 p_dense=0.00 p_sel=0.0000 p_sel_pos=0.0000 p_hot_err=0.000000 p_bg_err=0.000000 p_gap=0.000000 peer_val_mse=0.27126333 peer_val_mae=0.33938746
[worker1/etth1_teacher_ft_v2_gpu0] [time_series_etth1_teacher_ft_v2/trs16_res03_lr25e4] [time_series][epoch 014] lambda=0.0120 g_scale=1.000 corr_scale=0.143 freeze_student=0 focus=0.7876 train_total=0.21665737 train_sup=0.20780435 train_imit=0.73710495 mean_w=0.3878 active=0.3984 s_dense=0.00 s_pos=0.5805 s_sel=0.3984 s_sel_pos=0.6866 s_hot_err=0.201992 s_bg_err=0.210346 s_gap=-0.033927 conf_cos=0.0000 conf_proj=0.00 val_mse=0.31327738 val_mae=0.38016053 | p_pos=0.0000 p_dense=0.00 p_sel=0.0000 p_sel_pos=0.0000 p_hot_err=0.000000 p_bg_err=0.000000 p_gap=0.000000 peer_val_mse=0.27126333 peer_val_mae=0.33938746
[worker1/etth1_teacher_ft_v2_gpu0] [time_series_etth1_teacher_ft_v2/trs16_res03_lr25e4] [time_series][epoch 015] lambda=0.0120 g_scale=1.000 corr_scale=0.214 freeze_student=0 focus=0.7876 train_total=0.21623642 train_sup=0.20735704 train_imit=0.73926525 mean_w=0.4098 active=0.5808 s_dense=0.00 s_pos=0.5805 s_sel=0.5808 s_sel_pos=1.0005 s_hot_err=0.202691 s_bg_err=0.210086 s_gap=-0.036667 conf_cos=0.0000 conf_proj=0.00 val_mse=0.31079432 val_mae=0.37819184 | p_pos=0.0000 p_dense=0.00 p_sel=0.0000 p_sel_pos=0.0000 p_hot_err=0.000000 p_bg_err=0.000000 p_gap=0.000000 peer_val_mse=0.27126333 peer_val_mae=0.33938746
[worker1/etth1_teacher_ft_v2_gpu0] [time_series_etth1_teacher_ft_v2/trs16_res03_lr25e4] [time_series][epoch 016] lambda=0.0120 g_scale=1.000 corr_scale=0.286 freeze_student=0 focus=0.7876 train_total=0.21579594 train_sup=0.20685969 train_imit=0.74397089 mean_w=0.4300 active=0.6570 s_dense=0.00 s_pos=0.5805 s_sel=0.6570 s_sel_pos=1.1319 s_hot_err=0.205068 s_bg_err=0.206071 s_gap=-0.040038 conf_cos=0.0000 conf_proj=0.00 val_mse=0.30866312 val_mae=0.37644805 | p_pos=0.0000 p_dense=0.00 p_sel=0.0000 p_sel_pos=0.0000 p_hot_err=0.000000 p_bg_err=0.000000 p_gap=0.000000 peer_val_mse=0.27126333 peer_val_mae=0.33938746
[worker1/etth1_teacher_ft_v2_gpu0] [time_series_etth1_teacher_ft_v2/trs16_res03_lr25e4] [time_series][epoch 017] lambda=0.0120 g_scale=1.000 corr_scale=0.357 freeze_student=0 focus=0.7876 train_total=0.21534401 train_sup=0.20632009 train_imit=0.75124710 mean_w=0.4476 active=0.6913 s_dense=0.00 s_pos=0.5805 s_sel=0.6913 s_sel_pos=1.1910 s_hot_err=0.207492 s_bg_err=0.199256 s_gap=-0.042010 conf_cos=0.0000 conf_proj=0.00 val_mse=0.30693926 val_mae=0.37498716 | p_pos=0.0000 p_dense=0.00 p_sel=0.0000 p_sel_pos=0.0000 p_hot_err=0.000000 p_bg_err=0.000000 p_gap=0.000000 peer_val_mse=0.27126333 peer_val_mae=0.33938746
[worker1/etth1_teacher_ft_v2_gpu0] [time_series_etth1_teacher_ft_v2/trs16_res03_lr25e4] [time_series][epoch 018] lambda=0.0120 g_scale=1.000 corr_scale=0.429 freeze_student=0 focus=0.7876 train_total=0.21488434 train_sup=0.20577466 train_imit=0.75836963 mean_w=0.4620 active=0.7084 s_dense=0.00 s_pos=0.5805 s_sel=0.7084 s_sel_pos=1.2204 s_hot_err=0.208383 s_bg_err=0.194633 s_gap=-0.042941 conf_cos=0.0000 conf_proj=0.00 val_mse=0.30524133 val_mae=0.37354500 | p_pos=0.0000 p_dense=0.00 p_sel=0.0000 p_sel_pos=0.0000 p_hot_err=0.000000 p_bg_err=0.000000 p_gap=0.000000 peer_val_mse=0.27126333 peer_val_mae=0.33938746
[worker1/etth1_teacher_ft_v2_gpu0] [time_series_etth1_teacher_ft_v2/trs16_res03_lr25e4] [time_series][epoch 019] lambda=0.0120 g_scale=1.000 corr_scale=0.500 freeze_student=0 focus=0.7876 train_total=0.21441870 train_sup=0.20522555 train_imit=0.76530520 mean_w=0.4745 active=0.7202 s_dense=0.00 s_pos=0.5805 s_sel=0.7202 s_sel_pos=1.2408 s_hot_err=0.209068 s_bg_err=0.190440 s_gap=-0.043360 conf_cos=0.0000 conf_proj=0.00 val_mse=0.30384318 val_mae=0.37232235 | p_pos=0.0000 p_dense=0.00 p_sel=0.0000 p_sel_pos=0.0000 p_hot_err=0.000000 p_bg_err=0.000000 p_gap=0.000000 peer_val_mse=0.27126333 peer_val_mae=0.33938746
[worker1/etth1_teacher_ft_v2_gpu0] [time_series_etth1_teacher_ft_v2/trs16_res03_lr25e4] [time_series][epoch 020] lambda=0.0120 g_scale=1.000 corr_scale=0.571 freeze_student=0 focus=0.7876 train_total=0.21395518 train_sup=0.20467226 train_imit=0.77277200 mean_w=0.4828 active=0.7228 s_dense=0.00 s_pos=0.5805 s_sel=0.7228 s_sel_pos=1.2452 s_hot_err=0.208185 s_bg_err=0.190682 s_gap=-0.043012 conf_cos=0.0000 conf_proj=0.00 val_mse=0.30251593 val_mae=0.37115470 | p_pos=0.0000 p_dense=0.00 p_sel=0.0000 p_sel_pos=0.0000 p_hot_err=0.000000 p_bg_err=0.000000 p_gap=0.000000 peer_val_mse=0.27126333 peer_val_mae=0.33938746
[worker1/etth1_teacher_ft_v2_gpu1] [time_series_etth1_teacher_ft_v2/trs10_res02_lr15e4] [time_series][epoch 014] lambda=0.0080 g_scale=1.000 corr_scale=0.286 freeze_student=0 focus=0.9583 train_total=0.21241328 train_sup=0.20629461 train_imit=0.76412896 mean_w=0.5638 active=0.9579 s_dense=0.00 s_pos=0.7080 s_sel=0.9579 s_sel_pos=1.3530 s_hot_err=0.210559 s_bg_err=0.097385 s_gap=-0.047988 conf_cos=0.0000 conf_proj=0.00 val_mse=0.30924497 val_mae=0.37685644 | p_pos=0.0000 p_dense=0.00 p_sel=0.0000 p_sel_pos=0.0000 p_hot_err=0.000000 p_bg_err=0.000000 p_gap=0.000000 peer_val_mse=0.27126333 peer_val_mae=0.33938746
[worker1/etth1_teacher_ft_v2_gpu1] [time_series_etth1_teacher_ft_v2/trs10_res02_lr15e4] [time_series][epoch 015] lambda=0.0080 g_scale=1.000 corr_scale=0.357 freeze_student=0 focus=0.9583 train_total=0.21210667 train_sup=0.20595166 train_imit=0.76864437 mean_w=0.5852 active=0.9582 s_dense=0.00 s_pos=0.7080 s_sel=0.9582 s_sel_pos=1.3535 s_hot_err=0.210251 s_bg_err=0.095461 s_gap=-0.049094 conf_cos=0.0000 conf_proj=0.00 val_mse=0.30736402 val_mae=0.37531266 | p_pos=0.0000 p_dense=0.00 p_sel=0.0000 p_sel_pos=0.0000 p_hot_err=0.000000 p_bg_err=0.000000 p_gap=0.000000 peer_val_mse=0.27126333 peer_val_mae=0.33938746
[worker1/etth1_teacher_ft_v2_gpu1] [time_series_etth1_teacher_ft_v2/trs10_res02_lr15e4] [time_series][epoch 016] lambda=0.0080 g_scale=1.000 corr_scale=0.429 freeze_student=0 focus=0.9583 train_total=0.21179198 train_sup=0.20558292 train_imit=0.77537675 mean_w=0.6050 active=0.9583 s_dense=0.00 s_pos=0.7080 s_sel=0.9583 s_sel_pos=1.3536 s_hot_err=0.209895 s_bg_err=0.094595 s_gap=-0.049613 conf_cos=0.0000 conf_proj=0.00 val_mse=0.30582462 val_mae=0.37400938 | p_pos=0.0000 p_dense=0.00 p_sel=0.0000 p_sel_pos=0.0000 p_hot_err=0.000000 p_bg_err=0.000000 p_gap=0.000000 peer_val_mse=0.27126333 peer_val_mae=0.33938746
[worker1/etth1_teacher_ft_v2_gpu1] [time_series_etth1_teacher_ft_v2/trs10_res02_lr15e4] [time_series][epoch 017] lambda=0.0080 g_scale=1.000 corr_scale=0.500 freeze_student=0 focus=0.9583 train_total=0.21146656 train_sup=0.20518368 train_imit=0.78458062 mean_w=0.6235 active=0.9583 s_dense=0.00 s_pos=0.7080 s_sel=0.9583 s_sel_pos=1.3537 s_hot_err=0.209491 s_bg_err=0.094235 s_gap=-0.049827 conf_cos=0.0000 conf_proj=0.00 val_mse=0.30452691 val_mae=0.37287880 | p_pos=0.0000 p_dense=0.00 p_sel=0.0000 p_sel_pos=0.0000 p_hot_err=0.000000 p_bg_err=0.000000 p_gap=0.000000 peer_val_mse=0.27126333 peer_val_mae=0.33938746
[worker1/etth1_teacher_ft_v2_gpu1] [time_series_etth1_teacher_ft_v2/trs10_res02_lr15e4] [time_series][epoch 018] lambda=0.0080 g_scale=1.000 corr_scale=0.571 freeze_student=0 focus=0.9583 train_total=0.21113349 train_sup=0.20476195 train_imit=0.79564202 mean_w=0.6409 active=0.9583 s_dense=0.00 s_pos=0.7080 s_sel=0.9583 s_sel_pos=1.3537 s_hot_err=0.209056 s_bg_err=0.094149 s_gap=-0.049885 conf_cos=0.0000 conf_proj=0.00 val_mse=0.30335840 val_mae=0.37184735 | p_pos=0.0000 p_dense=0.00 p_sel=0.0000 p_sel_pos=0.0000 p_hot_err=0.000000 p_bg_err=0.000000 p_gap=0.000000 peer_val_mse=0.27126333 peer_val_mae=0.33938746
[worker1/etth1_teacher_ft_v2_gpu1] [time_series_etth1_teacher_ft_v2/trs10_res02_lr15e4] [time_series][epoch 019] lambda=0.0076 g_scale=0.947 corr_scale=0.643 freeze_student=0 focus=0.9583 train_total=0.21055236 train_sup=0.20443075 train_imit=0.80697122 mean_w=0.6559 active=0.9583 s_dense=0.00 s_pos=0.7080 s_sel=0.9583 s_sel_pos=1.3537 s_hot_err=0.208713 s_bg_err=0.094116 s_gap=-0.049899 conf_cos=0.0000 conf_proj=0.00 val_mse=0.30313638 val_mae=0.37157692 | p_pos=0.0000 p_dense=0.00 p_sel=0.0000 p_sel_pos=0.0000 p_hot_err=0.000000 p_bg_err=0.000000 p_gap=0.000000 peer_val_mse=0.27126333 peer_val_mae=0.33938746
[worker1/etth1_teacher_ft_v2_gpu1] [time_series_etth1_teacher_ft_v2/trs10_res02_lr15e4] [time_series][epoch 020] lambda=0.0072 g_scale=0.894 corr_scale=0.714 freeze_student=0 focus=0.9583 train_total=0.21000675 train_sup=0.20414941 train_imit=0.81763615 mean_w=0.6700 active=0.9583 s_dense=0.00 s_pos=0.7080 s_sel=0.9583 s_sel_pos=1.3537 s_hot_err=0.208421 s_bg_err=0.094116 s_gap=-0.049899 conf_cos=0.0000 conf_proj=0.00 val_mse=0.30291019 val_mae=0.37132162 | p_pos=0.0000 p_dense=0.00 p_sel=0.0000 p_sel_pos=0.0000 p_hot_err=0.000000 p_bg_err=0.000000 p_gap=0.000000 peer_val_mse=0.27126333 peer_val_mae=0.33938746
[worker1/etth1_teacher_ft_v2_gpu0] [time_series_etth1_teacher_ft_v2/trs16_res03_lr25e4] [time_series][epoch 020] updated live plot
[worker1/etth1_teacher_ft_v2_gpu0] [time_series_etth1_teacher_ft_v2/trs16_res03_lr25e4] [time_series][epoch 021] lambda=0.0120 g_scale=1.000 corr_scale=0.643 freeze_student=0 focus=0.7876 train_total=0.21349513 train_sup=0.20413443 train_imit=0.77923991 mean_w=0.4910 active=0.7270 s_dense=0.00 s_pos=0.5805 s_sel=0.7270 s_sel_pos=1.2526 s_hot_err=0.207871 s_bg_err=0.189269 s_gap=-0.042707 conf_cos=0.0000 conf_proj=0.00 val_mse=0.30124340 val_mae=0.37004196 | p_pos=0.0000 p_dense=0.00 p_sel=0.0000 p_sel_pos=0.0000 p_hot_err=0.000000 p_bg_err=0.000000 p_gap=0.000000 peer_val_mse=0.27126333 peer_val_mae=0.33938746
[worker1/etth1_teacher_ft_v2_gpu0] [time_series_etth1_teacher_ft_v2/trs16_res03_lr25e4] [time_series][epoch 022] lambda=0.0120 g_scale=1.000 corr_scale=0.714 freeze_student=0 focus=0.7876 train_total=0.21303865 train_sup=0.20359963 train_imit=0.78575610 mean_w=0.4977 active=0.7274 s_dense=0.00 s_pos=0.5805 s_sel=0.7274 s_sel_pos=1.2532 s_hot_err=0.207350 s_bg_err=0.188730 s_gap=-0.042397 conf_cos=0.0000 conf_proj=0.00 val_mse=0.30015268 val_mae=0.36907673 | p_pos=0.0000 p_dense=0.00 p_sel=0.0000 p_sel_pos=0.0000 p_hot_err=0.000000 p_bg_err=0.000000 p_gap=0.000000 peer_val_mse=0.27126333 peer_val_mae=0.33938746
[worker1/etth1_teacher_ft_v2_gpu0] [time_series_etth1_teacher_ft_v2/trs16_res03_lr25e4] [time_series][epoch 023] lambda=0.0114 g_scale=0.954 corr_scale=0.786 freeze_student=0 focus=0.7876 train_total=0.21230979 train_sup=0.20324168 train_imit=0.79123749 mean_w=0.5009 active=0.7247 s_dense=0.00 s_pos=0.5805 s_sel=0.7247 s_sel_pos=1.2484 s_hot_err=0.205887 s_bg_err=0.191620 s_gap=-0.041350 conf_cos=0.0000 conf_proj=0.00 val_mse=0.29961486 val_mae=0.36857961 | p_pos=0.0000 p_dense=0.00 p_sel=0.0000 p_sel_pos=0.0000 p_hot_err=0.000000 p_bg_err=0.000000 p_gap=0.000000 peer_val_mse=0.27126333 peer_val_mae=0.33938746
[worker1/etth1_teacher_ft_v2_gpu0] [time_series_etth1_teacher_ft_v2/trs16_res03_lr25e4] [time_series][epoch 024] lambda=0.0109 g_scale=0.908 corr_scale=0.857 freeze_student=0 focus=0.7876 train_total=0.21161245 train_sup=0.20294161 train_imit=0.79484917 mean_w=0.5078 active=0.7289 s_dense=0.00 s_pos=0.5805 s_sel=0.7289 s_sel_pos=1.2558 s_hot_err=0.205758 s_bg_err=0.190556 s_gap=-0.041013 conf_cos=0.0000 conf_proj=0.00 val_mse=0.29942707 val_mae=0.36837277 | p_pos=0.0000 p_dense=0.00 p_sel=0.0000 p_sel_pos=0.0000 p_hot_err=0.000000 p_bg_err=0.000000 p_gap=0.000000 peer_val_mse=0.27126333 peer_val_mae=0.33938746
[worker1/etth1_teacher_ft_v2_gpu0] [time_series_etth1_teacher_ft_v2/trs16_res03_lr25e4] [time_series][epoch 025] lambda=0.0103 g_scale=0.862 corr_scale=0.929 freeze_student=0 focus=0.7876 train_total=0.21095866 train_sup=0.20268603 train_imit=0.79876484 mean_w=0.5105 active=0.7275 s_dense=0.00 s_pos=0.5805 s_sel=0.7275 s_sel_pos=1.2533 s_hot_err=0.205080 s_bg_err=0.191523 s_gap=-0.040137 conf_cos=0.0000 conf_proj=0.00 val_mse=0.29921275 val_mae=0.36816762 | p_pos=0.0000 p_dense=0.00 p_sel=0.0000 p_sel_pos=0.0000 p_hot_err=0.000000 p_bg_err=0.000000 p_gap=0.000000 peer_val_mse=0.27126333 peer_val_mae=0.33938746
[worker1/etth1_teacher_ft_v2_gpu0] [time_series_etth1_teacher_ft_v2/trs16_res03_lr25e4] [time_series][epoch 026] lambda=0.0098 g_scale=0.816 corr_scale=1.000 freeze_student=0 focus=0.7876 train_total=0.21033324 train_sup=0.20247384 train_imit=0.80158075 mean_w=0.5161 active=0.7274 s_dense=0.00 s_pos=0.5805 s_sel=0.7274 s_sel_pos=1.2532 s_hot_err=0.204236 s_bg_err=0.193004 s_gap=-0.039609 conf_cos=0.0000 conf_proj=0.00 val_mse=0.29888547 val_mae=0.36787223 | p_pos=0.0000 p_dense=0.00 p_sel=0.0000 p_sel_pos=0.0000 p_hot_err=0.000000 p_bg_err=0.000000 p_gap=0.000000 peer_val_mse=0.27126333 peer_val_mae=0.33938746
[worker1/etth1_teacher_ft_v2_gpu1] [time_series_etth1_teacher_ft_v2/trs10_res02_lr15e4] [time_series][epoch 020] updated live plot
[worker1/etth1_teacher_ft_v2_gpu1] [time_series_etth1_teacher_ft_v2/trs10_res02_lr15e4] [time_series][epoch 021] lambda=0.0067 g_scale=0.842 corr_scale=0.786 freeze_student=0 focus=0.9583 train_total=0.20949466 train_sup=0.20391416 train_imit=0.82777602 mean_w=0.6817 active=0.9583 s_dense=0.00 s_pos=0.7080 s_sel=0.9583 s_sel_pos=1.3537 s_hot_err=0.208177 s_bg_err=0.094116 s_gap=-0.049899 conf_cos=0.0000 conf_proj=0.00 val_mse=0.30277334 val_mae=0.37114987 | p_pos=0.0000 p_dense=0.00 p_sel=0.0000 p_sel_pos=0.0000 p_hot_err=0.000000 p_bg_err=0.000000 p_gap=0.000000 peer_val_mse=0.27126333 peer_val_mae=0.33938746
[worker1/etth1_teacher_ft_v2_gpu1] [time_series_etth1_teacher_ft_v2/trs10_res02_lr15e4] [time_series][epoch 022] lambda=0.0063 g_scale=0.789 corr_scale=0.857 freeze_student=0 focus=0.9583 train_total=0.20901219 train_sup=0.20372347 train_imit=0.83690400 mean_w=0.6925 active=0.9583 s_dense=0.00 s_pos=0.7080 s_sel=0.9583 s_sel_pos=1.3537 s_hot_err=0.207978 s_bg_err=0.094116 s_gap=-0.049899 conf_cos=0.0000 conf_proj=0.00 val_mse=0.30276388 val_mae=0.37108714 | p_pos=0.0000 p_dense=0.00 p_sel=0.0000 p_sel_pos=0.0000 p_hot_err=0.000000 p_bg_err=0.000000 p_gap=0.000000 peer_val_mse=0.27126333 peer_val_mae=0.33938746
[worker1/etth1_teacher_ft_v2_gpu1] [time_series_etth1_teacher_ft_v2/trs10_res02_lr15e4] [time_series][epoch 023] lambda=0.0059 g_scale=0.736 corr_scale=0.929 freeze_student=0 focus=0.9583 train_total=0.20856085 train_sup=0.20358209 train_imit=0.84425766 mean_w=0.7023 active=0.9583 s_dense=0.00 s_pos=0.7080 s_sel=0.9583 s_sel_pos=1.3537 s_hot_err=0.207832 s_bg_err=0.094116 s_gap=-0.049899 conf_cos=0.0000 conf_proj=0.00 val_mse=0.30277138 val_mae=0.37105084 | p_pos=0.0000 p_dense=0.00 p_sel=0.0000 p_sel_pos=0.0000 p_hot_err=0.000000 p_bg_err=0.000000 p_gap=0.000000 peer_val_mse=0.27126333 peer_val_mae=0.33938746
[worker1/etth1_teacher_ft_v2_gpu1] [time_series_etth1_teacher_ft_v2/trs10_res02_lr15e4] [time_series][epoch 024] lambda=0.0055 g_scale=0.683 corr_scale=1.000 freeze_student=0 focus=0.9583 train_total=0.20814504 train_sup=0.20348658 train_imit=0.85085745 mean_w=0.7105 active=0.9583 s_dense=0.00 s_pos=0.7080 s_sel=0.9583 s_sel_pos=1.3537 s_hot_err=0.207732 s_bg_err=0.094116 s_gap=-0.049899 conf_cos=0.0000 conf_proj=0.00 val_mse=0.30294978 val_mae=0.37115235 | p_pos=0.0000 p_dense=0.00 p_sel=0.0000 p_sel_pos=0.0000 p_hot_err=0.000000 p_bg_err=0.000000 p_gap=0.000000 peer_val_mse=0.27126333 peer_val_mae=0.33938746
[worker1/etth1_teacher_ft_v2_gpu1] [time_series_etth1_teacher_ft_v2/trs10_res02_lr15e4] [time_series][epoch 025] lambda=0.0050 g_scale=0.631 corr_scale=1.000 freeze_student=0 focus=0.9583 train_total=0.20796508 train_sup=0.20364423 train_imit=0.85513334 mean_w=0.7177 active=0.9583 s_dense=0.00 s_pos=0.7080 s_sel=0.9583 s_sel_pos=1.3537 s_hot_err=0.207896 s_bg_err=0.094116 s_gap=-0.049899 conf_cos=0.0000 conf_proj=0.00 val_mse=0.30407098 val_mae=0.37206339 | p_pos=0.0000 p_dense=0.00 p_sel=0.0000 p_sel_pos=0.0000 p_hot_err=0.000000 p_bg_err=0.000000 p_gap=0.000000 peer_val_mse=0.27126333 peer_val_mae=0.33938746
[worker1/etth1_teacher_ft_v2_gpu1] [time_series_etth1_teacher_ft_v2/trs10_res02_lr15e4] [time_series][epoch 026] lambda=0.0046 g_scale=0.578 corr_scale=1.000 freeze_student=0 focus=0.9583 train_total=0.20781096 train_sup=0.20385438 train_imit=0.85442868 mean_w=0.7221 active=0.9583 s_dense=0.00 s_pos=0.7080 s_sel=0.9583 s_sel_pos=1.3537 s_hot_err=0.208114 s_bg_err=0.094116 s_gap=-0.049899 conf_cos=0.0000 conf_proj=0.00 val_mse=0.30505649 val_mae=0.37286962 | p_pos=0.0000 p_dense=0.00 p_sel=0.0000 p_sel_pos=0.0000 p_hot_err=0.000000 p_bg_err=0.000000 p_gap=0.000000 peer_val_mse=0.27126333 peer_val_mae=0.33938746
[worker1/etth1_teacher_ft_v2_gpu0] [time_series_etth1_teacher_ft_v2/trs16_res03_lr25e4] [time_series][epoch 027] lambda=0.0092 g_scale=0.770 corr_scale=1.000 freeze_student=0 focus=0.7876 train_total=0.21000527 train_sup=0.20258741 train_imit=0.80167803 mean_w=0.5178 active=0.7250 s_dense=0.00 s_pos=0.5805 s_sel=0.7250 s_sel_pos=1.2491 s_hot_err=0.203866 s_bg_err=0.194494 s_gap=-0.038576 conf_cos=0.0000 conf_proj=0.00 val_mse=0.29958982 val_mae=0.36846740 | p_pos=0.0000 p_dense=0.00 p_sel=0.0000 p_sel_pos=0.0000 p_hot_err=0.000000 p_bg_err=0.000000 p_gap=0.000000 peer_val_mse=0.27126333 peer_val_mae=0.33938746
[worker1/etth1_teacher_ft_v2_gpu0] [time_series_etth1_teacher_ft_v2/trs16_res03_lr25e4] [time_series][epoch 028] lambda=0.0087 g_scale=0.724 corr_scale=1.000 freeze_student=0 focus=0.7876 train_total=0.20970264 train_sup=0.20275694 train_imit=0.79826262 mean_w=0.5197 active=0.7263 s_dense=0.00 s_pos=0.5805 s_sel=0.7263 s_sel_pos=1.2513 s_hot_err=0.204404 s_bg_err=0.193596 s_gap=-0.038015 conf_cos=0.0000 conf_proj=0.00 val_mse=0.30039105 val_mae=0.36914557 | p_pos=0.0000 p_dense=0.00 p_sel=0.0000 p_sel_pos=0.0000 p_hot_err=0.000000 p_bg_err=0.000000 p_gap=0.000000 peer_val_mse=0.27126333 peer_val_mae=0.33938746
[worker1/etth1_teacher_ft_v2_gpu0] [time_series_etth1_teacher_ft_v2/trs16_res03_lr25e4] [time_series][epoch 029] lambda=0.0081 g_scale=0.678 corr_scale=1.000 freeze_student=0 focus=0.7876 train_total=0.20941616 train_sup=0.20293499 train_imit=0.79532719 mean_w=0.5192 active=0.7229 s_dense=0.00 s_pos=0.5805 s_sel=0.7229 s_sel_pos=1.2454 s_hot_err=0.204257 s_bg_err=0.194753 s_gap=-0.037076 conf_cos=0.0000 conf_proj=0.00 val_mse=0.30095054 val_mae=0.36963613 | p_pos=0.0000 p_dense=0.00 p_sel=0.0000 p_sel_pos=0.0000 p_hot_err=0.000000 p_bg_err=0.000000 p_gap=0.000000 peer_val_mse=0.27126333 peer_val_mae=0.33938746
[worker1/etth1_teacher_ft_v2_gpu0] [time_series_etth1_teacher_ft_v2/trs16_res03_lr25e4] [time_series][epoch 030] lambda=0.0076 g_scale=0.632 corr_scale=1.000 freeze_student=0 focus=0.7876 train_total=0.20915367 train_sup=0.20313286 train_imit=0.79251269 mean_w=0.5196 active=0.7202 s_dense=0.00 s_pos=0.5805 s_sel=0.7202 s_sel_pos=1.2407 s_hot_err=0.204032 s_bg_err=0.196191 s_gap=-0.036405 conf_cos=0.0000 conf_proj=0.00 val_mse=0.30159955 val_mae=0.37019551 | p_pos=0.0000 p_dense=0.00 p_sel=0.0000 p_sel_pos=0.0000 p_hot_err=0.000000 p_bg_err=0.000000 p_gap=0.000000 peer_val_mse=0.27126333 peer_val_mae=0.33938746
[worker1/etth1_teacher_ft_v2_gpu0] [time_series_etth1_teacher_ft_v2/trs16_res03_lr25e4] [time_series][epoch 030] updated live plot
[worker1/etth1_teacher_ft_v2_gpu0] [time_series_etth1_teacher_ft_v2/trs16_res03_lr25e4] [time_series][epoch 031] lambda=0.0070 g_scale=0.586 corr_scale=1.000 freeze_student=0 focus=0.7876 train_total=0.20891374 train_sup=0.20334310 train_imit=0.79070842 mean_w=0.5191 active=0.7176 s_dense=0.00 s_pos=0.5805 s_sel=0.7176 s_sel_pos=1.2363 s_hot_err=0.204411 s_bg_err=0.196002 s_gap=-0.035670 conf_cos=0.0000 conf_proj=0.00 val_mse=0.30251555 val_mae=0.37097267 | p_pos=0.0000 p_dense=0.00 p_sel=0.0000 p_sel_pos=0.0000 p_hot_err=0.000000 p_bg_err=0.000000 p_gap=0.000000 peer_val_mse=0.27126333 peer_val_mae=0.33938746
[worker1/etth1_teacher_ft_v2_gpu0] [time_series_etth1_teacher_ft_v2/trs16_res03_lr25e4] [time_series][epoch 032] lambda=0.0065 g_scale=0.540 corr_scale=1.000 freeze_student=0 focus=0.7876 train_total=0.20869413 train_sup=0.20356574 train_imit=0.78980332 mean_w=0.5232 active=0.7216 s_dense=0.00 s_pos=0.5805 s_sel=0.7216 s_sel_pos=1.2432 s_hot_err=0.205186 s_bg_err=0.194645 s_gap=-0.035711 conf_cos=0.0000 conf_proj=0.00 val_mse=0.30300813 val_mae=0.37141731 | p_pos=0.0000 p_dense=0.00 p_sel=0.0000 p_sel_pos=0.0000 p_hot_err=0.000000 p_bg_err=0.000000 p_gap=0.000000 peer_val_mse=0.27126333 peer_val_mae=0.33938746
[worker1/etth1_teacher_ft_v2_gpu1] [time_series_etth1_teacher_ft_v2/trs10_res02_lr15e4] [time_series][epoch 027] lambda=0.0042 g_scale=0.525 corr_scale=1.000 freeze_student=0 focus=0.9583 train_total=0.20767740 train_sup=0.20408965 train_imit=0.85250111 mean_w=0.7248 active=0.9583 s_dense=0.00 s_pos=0.7080 s_sel=0.9583 s_sel_pos=1.3537 s_hot_err=0.208359 s_bg_err=0.094116 s_gap=-0.049899 conf_cos=0.0000 conf_proj=0.00 val_mse=0.30613172 val_mae=0.37374806 | p_pos=0.0000 p_dense=0.00 p_sel=0.0000 p_sel_pos=0.0000 p_hot_err=0.000000 p_bg_err=0.000000 p_gap=0.000000 peer_val_mse=0.27126333 peer_val_mae=0.33938746
[worker1/etth1_teacher_ft_v2_gpu1] [time_series_etth1_teacher_ft_v2/trs10_res02_lr15e4] [time_series][epoch 028] lambda=0.0038 g_scale=0.472 corr_scale=1.000 freeze_student=0 focus=0.9583 train_total=0.20756376 train_sup=0.20434466 train_imit=0.85019307 mean_w=0.7265 active=0.9583 s_dense=0.00 s_pos=0.7080 s_sel=0.9583 s_sel_pos=1.3537 s_hot_err=0.208624 s_bg_err=0.094116 s_gap=-0.049899 conf_cos=0.0000 conf_proj=0.00 val_mse=0.30726343 val_mae=0.37467626 | p_pos=0.0000 p_dense=0.00 p_sel=0.0000 p_sel_pos=0.0000 p_hot_err=0.000000 p_bg_err=0.000000 p_gap=0.000000 peer_val_mse=0.27126333 peer_val_mae=0.33938746
[worker1/etth1_teacher_ft_v2_gpu1] [time_series_etth1_teacher_ft_v2/trs10_res02_lr15e4] [time_series][epoch 029] lambda=0.0034 g_scale=0.419 corr_scale=1.000 freeze_student=0 focus=0.9583 train_total=0.20747262 train_sup=0.20462175 train_imit=0.84742584 mean_w=0.7282 active=0.9583 s_dense=0.00 s_pos=0.7080 s_sel=0.9583 s_sel_pos=1.3537 s_hot_err=0.208912 s_bg_err=0.094116 s_gap=-0.049899 conf_cos=0.0000 conf_proj=0.00 val_mse=0.30832409 val_mae=0.37555513 | p_pos=0.0000 p_dense=0.00 p_sel=0.0000 p_sel_pos=0.0000 p_hot_err=0.000000 p_bg_err=0.000000 p_gap=0.000000 peer_val_mse=0.27126333 peer_val_mae=0.33938746
[worker1/etth1_teacher_ft_v2_gpu1] [time_series_etth1_teacher_ft_v2/trs10_res02_lr15e4] [time_series][epoch 030] lambda=0.0029 g_scale=0.367 corr_scale=1.000 freeze_student=0 focus=0.9583 train_total=0.20739976 train_sup=0.20491467 train_imit=0.84470004 mean_w=0.7296 active=0.9583 s_dense=0.00 s_pos=0.7080 s_sel=0.9583 s_sel_pos=1.3537 s_hot_err=0.209216 s_bg_err=0.094116 s_gap=-0.049899 conf_cos=0.0000 conf_proj=0.00 val_mse=0.30953712 val_mae=0.37655549 | p_pos=0.0000 p_dense=0.00 p_sel=0.0000 p_sel_pos=0.0000 p_hot_err=0.000000 p_bg_err=0.000000 p_gap=0.000000 peer_val_mse=0.27126333 peer_val_mae=0.33938746
[worker1/etth1_teacher_ft_v2_gpu1] [time_series_etth1_teacher_ft_v2/trs10_res02_lr15e4] [time_series][epoch 030] updated live plot
[worker1/etth1_teacher_ft_v2_gpu1] [time_series_etth1_teacher_ft_v2/trs10_res02_lr15e4] [time_series][epoch 031] lambda=0.0025 g_scale=0.314 corr_scale=1.000 freeze_student=0 focus=0.9583 train_total=0.20735222 train_sup=0.20522961 train_imit=0.84237969 mean_w=0.7309 active=0.9583 s_dense=0.00 s_pos=0.7080 s_sel=0.9583 s_sel_pos=1.3537 s_hot_err=0.209543 s_bg_err=0.094116 s_gap=-0.049899 conf_cos=0.0000 conf_proj=0.00 val_mse=0.31074306 val_mae=0.37755654 | p_pos=0.0000 p_dense=0.00 p_sel=0.0000 p_sel_pos=0.0000 p_hot_err=0.000000 p_bg_err=0.000000 p_gap=0.000000 peer_val_mse=0.27126333 peer_val_mae=0.33938746
[worker1/etth1_teacher_ft_v2_gpu1] [time_series_etth1_teacher_ft_v2/trs10_res02_lr15e4] [time_series][epoch 032] lambda=0.0021 g_scale=0.261 corr_scale=1.000 freeze_student=0 focus=0.9583 train_total=0.20733055 train_sup=0.20556783 train_imit=0.84034937 mean_w=0.7323 active=0.9583 s_dense=0.00 s_pos=0.7080 s_sel=0.9583 s_sel_pos=1.3537 s_hot_err=0.209894 s_bg_err=0.094116 s_gap=-0.049899 conf_cos=0.0000 conf_proj=0.00 val_mse=0.31205167 val_mae=0.37864104 | p_pos=0.0000 p_dense=0.00 p_sel=0.0000 p_sel_pos=0.0000 p_hot_err=0.000000 p_bg_err=0.000000 p_gap=0.000000 peer_val_mse=0.27126333 peer_val_mae=0.33938746
[worker1/etth1_teacher_ft_v2_gpu0] [time_series_etth1_teacher_ft_v2/trs16_res03_lr25e4] [time_series][epoch 033] lambda=0.0059 g_scale=0.494 corr_scale=1.000 freeze_student=0 focus=0.7876 train_total=0.20849694 train_sup=0.20381811 train_imit=0.78751786 mean_w=0.5209 active=0.7163 s_dense=0.00 s_pos=0.5805 s_sel=0.7163 s_sel_pos=1.2341 s_hot_err=0.205109 s_bg_err=0.195923 s_gap=-0.034924 conf_cos=0.0000 conf_proj=0.00 val_mse=0.30397560 val_mae=0.37223511 | p_pos=0.0000 p_dense=0.00 p_sel=0.0000 p_sel_pos=0.0000 p_hot_err=0.000000 p_bg_err=0.000000 p_gap=0.000000 peer_val_mse=0.27126333 peer_val_mae=0.33938746
[worker1/etth1_teacher_ft_v2_gpu0] [time_series_etth1_teacher_ft_v2/trs16_res03_lr25e4] [time_series][epoch 034] lambda=0.0054 g_scale=0.448 corr_scale=1.000 freeze_student=0 focus=0.7876 train_total=0.20832255 train_sup=0.20407348 train_imit=0.78842989 mean_w=0.5238 active=0.7197 s_dense=0.00 s_pos=0.5805 s_sel=0.7197 s_sel_pos=1.2399 s_hot_err=0.206174 s_bg_err=0.193920 s_gap=-0.035059 conf_cos=0.0000 conf_proj=0.00 val_mse=0.30468661 val_mae=0.37286264 | p_pos=0.0000 p_dense=0.00 p_sel=0.0000 p_sel_pos=0.0000 p_hot_err=0.000000 p_bg_err=0.000000 p_gap=0.000000 peer_val_mse=0.27126333 peer_val_mae=0.33938746
[worker1/etth1_teacher_ft_v2_gpu0] [time_series_etth1_teacher_ft_v2/trs16_res03_lr25e4] [time_series][epoch 035] lambda=0.0048 g_scale=0.402 corr_scale=1.000 freeze_student=0 focus=0.7876 train_total=0.20817460 train_sup=0.20436122 train_imit=0.78832595 mean_w=0.5249 active=0.7199 s_dense=0.00 s_pos=0.5805 s_sel=0.7199 s_sel_pos=1.2403 s_hot_err=0.206578 s_bg_err=0.193856 s_gap=-0.034895 conf_cos=0.0000 conf_proj=0.00 val_mse=0.30572331 val_mae=0.37373613 | p_pos=0.0000 p_dense=0.00 p_sel=0.0000 p_sel_pos=0.0000 p_hot_err=0.000000 p_bg_err=0.000000 p_gap=0.000000 peer_val_mse=0.27126333 peer_val_mae=0.33938746
[worker1/etth1_teacher_ft_v2_gpu0] [time_series_etth1_teacher_ft_v2/trs16_res03_lr25e4] [time_series][epoch 036] lambda=0.0043 g_scale=0.356 corr_scale=1.000 freeze_student=0 focus=0.7876 train_total=0.20805608 train_sup=0.20467131 train_imit=0.78985127 mean_w=0.5266 active=0.7211 s_dense=0.00 s_pos=0.5805 s_sel=0.7211 s_sel_pos=1.2424 s_hot_err=0.207109 s_bg_err=0.193591 s_gap=-0.034891 conf_cos=0.0000 conf_proj=0.00 val_mse=0.30665451 val_mae=0.37452078 | p_pos=0.0000 p_dense=0.00 p_sel=0.0000 p_sel_pos=0.0000 p_hot_err=0.000000 p_bg_err=0.000000 p_gap=0.000000 peer_val_mse=0.27126333 peer_val_mae=0.33938746
[worker1/etth1_teacher_ft_v2_gpu0] [time_series_etth1_teacher_ft_v2/trs16_res03_lr25e4] [time_series][epoch 037] lambda=0.0037 g_scale=0.310 corr_scale=1.000 freeze_student=0 focus=0.7876 train_total=0.20796923 train_sup=0.20501212 train_imit=0.79208167 mean_w=0.5280 active=0.7219 s_dense=0.00 s_pos=0.5805 s_sel=0.7219 s_sel_pos=1.2437 s_hot_err=0.207535 s_bg_err=0.193614 s_gap=-0.034759 conf_cos=0.0000 conf_proj=0.00 val_mse=0.30778423 val_mae=0.37545932 | p_pos=0.0000 p_dense=0.00 p_sel=0.0000 p_sel_pos=0.0000 p_hot_err=0.000000 p_bg_err=0.000000 p_gap=0.000000 peer_val_mse=0.27126333 peer_val_mae=0.33938746
[worker1/etth1_teacher_ft_v2_gpu0] [time_series_etth1_teacher_ft_v2/trs16_res03_lr25e4] [time_series][epoch 038] lambda=0.0032 g_scale=0.264 corr_scale=1.000 freeze_student=0 focus=0.7876 train_total=0.20791699 train_sup=0.20538683 train_imit=0.79531582 mean_w=0.5296 active=0.7228 s_dense=0.00 s_pos=0.5805 s_sel=0.7228 s_sel_pos=1.2452 s_hot_err=0.208156 s_bg_err=0.193254 s_gap=-0.034735 conf_cos=0.0000 conf_proj=0.00 val_mse=0.30899983 val_mae=0.37646426 | p_pos=0.0000 p_dense=0.00 p_sel=0.0000 p_sel_pos=0.0000 p_hot_err=0.000000 p_bg_err=0.000000 p_gap=0.000000 peer_val_mse=0.27126333 peer_val_mae=0.33938746
[worker1/etth1_teacher_ft_v2_gpu0] [time_series_etth1_teacher_ft_v2/trs16_res03_lr25e4] [time_series][epoch 039] lambda=0.0026 g_scale=0.218 corr_scale=1.000 freeze_student=0 focus=0.7876 train_total=0.20790559 train_sup=0.20580123 train_imit=0.80035292 mean_w=0.5321 active=0.7256 s_dense=0.00 s_pos=0.5805 s_sel=0.7256 s_sel_pos=1.2499 s_hot_err=0.208834 s_bg_err=0.192787 s_gap=-0.034826 conf_cos=0.0000 conf_proj=0.00 val_mse=0.31033994 val_mae=0.37756207 | p_pos=0.0000 p_dense=0.00 p_sel=0.0000 p_sel_pos=0.0000 p_hot_err=0.000000 p_bg_err=0.000000 p_gap=0.000000 peer_val_mse=0.27126333 peer_val_mae=0.33938746
[worker1/etth1_teacher_ft_v2_gpu1] [time_series_etth1_teacher_ft_v2/trs10_res02_lr15e4] [time_series][epoch 033] lambda=0.0017 g_scale=0.208 corr_scale=1.000 freeze_student=0 focus=0.9583 train_total=0.20733877 train_sup=0.20593346 train_imit=0.83878534 mean_w=0.7334 active=0.9583 s_dense=0.00 s_pos=0.7080 s_sel=0.9583 s_sel_pos=1.3536 s_hot_err=0.210274 s_bg_err=0.094116 s_gap=-0.049899 conf_cos=0.0000 conf_proj=0.00 val_mse=0.31347084 val_mae=0.37981560 | p_pos=0.0000 p_dense=0.00 p_sel=0.0000 p_sel_pos=0.0000 p_hot_err=0.000000 p_bg_err=0.000000 p_gap=0.000000 peer_val_mse=0.27126333 peer_val_mae=0.33938746
[worker1/etth1_teacher_ft_v2_gpu1] [time_series_etth1_teacher_ft_v2/trs10_res02_lr15e4] [time_series][epoch 034] lambda=0.0012 g_scale=0.156 corr_scale=1.000 freeze_student=0 focus=0.9583 train_total=0.20737962 train_sup=0.20632953 train_imit=0.83792352 mean_w=0.7343 active=0.9583 s_dense=0.00 s_pos=0.7080 s_sel=0.9583 s_sel_pos=1.3537 s_hot_err=0.210686 s_bg_err=0.094116 s_gap=-0.049899 conf_cos=0.0000 conf_proj=0.00 val_mse=0.31503495 val_mae=0.38110611 | p_pos=0.0000 p_dense=0.00 p_sel=0.0000 p_sel_pos=0.0000 p_hot_err=0.000000 p_bg_err=0.000000 p_gap=0.000000 peer_val_mse=0.27126333 peer_val_mae=0.33938746
[worker1/etth1_teacher_ft_v2_gpu1] [time_series_etth1_teacher_ft_v2/trs10_res02_lr15e4] [time_series][epoch 035] lambda=0.0008 g_scale=0.103 corr_scale=1.000 freeze_student=0 focus=0.9583 train_total=0.20745844 train_sup=0.20676245 train_imit=0.83753441 mean_w=0.7352 active=0.9583 s_dense=0.00 s_pos=0.7080 s_sel=0.9583 s_sel_pos=1.3537 s_hot_err=0.211135 s_bg_err=0.094116 s_gap=-0.049899 conf_cos=0.0000 conf_proj=0.00 val_mse=0.31669188 val_mae=0.38247176 | p_pos=0.0000 p_dense=0.00 p_sel=0.0000 p_sel_pos=0.0000 p_hot_err=0.000000 p_bg_err=0.000000 p_gap=0.000000 peer_val_mse=0.27126333 peer_val_mae=0.33938746
[worker1/etth1_teacher_ft_v2_gpu1] [time_series_etth1_teacher_ft_v2/trs10_res02_lr15e4] [time_series][epoch 036] lambda=0.0004 g_scale=0.050 corr_scale=1.000 freeze_student=0 focus=0.9583 train_total=0.20757694 train_sup=0.20723458 train_imit=0.83751136 mean_w=0.7358 active=0.9583 s_dense=0.00 s_pos=0.7080 s_sel=0.9583 s_sel_pos=1.3537 s_hot_err=0.211626 s_bg_err=0.094116 s_gap=-0.049899 conf_cos=0.0000 conf_proj=0.00 val_mse=0.31848171 val_mae=0.38394102 | p_pos=0.0000 p_dense=0.00 p_sel=0.0000 p_sel_pos=0.0000 p_hot_err=0.000000 p_bg_err=0.000000 p_gap=0.000000 peer_val_mse=0.27126333 peer_val_mae=0.33938746
[worker1/etth1_teacher_ft_v2_gpu1] [time_series_etth1_teacher_ft_v2/trs10_res02_lr15e4] [time_series][epoch 037] lambda=0.0004 g_scale=0.050 corr_scale=1.000 freeze_student=0 focus=0.9583 train_total=0.20757388 train_sup=0.20723148 train_imit=0.83759199 mean_w=0.7362 active=0.9583 s_dense=0.00 s_pos=0.7080 s_sel=0.9583 s_sel_pos=1.3537 s_hot_err=0.211623 s_bg_err=0.094116 s_gap=-0.049899 conf_cos=0.0000 conf_proj=0.00 val_mse=0.31845895 val_mae=0.38392302 | p_pos=0.0000 p_dense=0.00 p_sel=0.0000 p_sel_pos=0.0000 p_hot_err=0.000000 p_bg_err=0.000000 p_gap=0.000000 peer_val_mse=0.27126333 peer_val_mae=0.33938746
[worker1/etth1_teacher_ft_v2_gpu1] [time_series_etth1_teacher_ft_v2/trs10_res02_lr15e4] [time_series][epoch 038] lambda=0.0004 g_scale=0.050 corr_scale=1.000 freeze_student=0 focus=0.9583 train_total=0.20757098 train_sup=0.20722851 train_imit=0.83778144 mean_w=0.7366 active=0.9583 s_dense=0.00 s_pos=0.7080 s_sel=0.9583 s_sel_pos=1.3537 s_hot_err=0.211620 s_bg_err=0.094116 s_gap=-0.049899 conf_cos=0.0000 conf_proj=0.00 val_mse=0.31843673 val_mae=0.38390540 | p_pos=0.0000 p_dense=0.00 p_sel=0.0000 p_sel_pos=0.0000 p_hot_err=0.000000 p_bg_err=0.000000 p_gap=0.000000 peer_val_mse=0.27126333 peer_val_mae=0.33938746
[worker1/etth1_teacher_ft_v2_gpu1] [time_series_etth1_teacher_ft_v2/trs10_res02_lr15e4] [time_series][epoch 039] lambda=0.0004 g_scale=0.050 corr_scale=1.000 freeze_student=0 focus=0.9583 train_total=0.20756813 train_sup=0.20722553 train_imit=0.83808629 mean_w=0.7370 active=0.9583 s_dense=0.00 s_pos=0.7080 s_sel=0.9583 s_sel_pos=1.3537 s_hot_err=0.211616 s_bg_err=0.094116 s_gap=-0.049899 conf_cos=0.0000 conf_proj=0.00 val_mse=0.31841358 val_mae=0.38388714 | p_pos=0.0000 p_dense=0.00 p_sel=0.0000 p_sel_pos=0.0000 p_hot_err=0.000000 p_bg_err=0.000000 p_gap=0.000000 peer_val_mse=0.27126333 peer_val_mae=0.33938746
[worker1/etth1_teacher_ft_v2_gpu0] [time_series_etth1_teacher_ft_v2/trs16_res03_lr25e4] [time_series][epoch 040] lambda=0.0021 g_scale=0.172 corr_scale=1.000 freeze_student=0 focus=0.7876 train_total=0.20794164 train_sup=0.20626417 train_imit=0.80754208 mean_w=0.5356 active=0.7290 s_dense=0.00 s_pos=0.5805 s_sel=0.7290 s_sel_pos=1.2559 s_hot_err=0.209743 s_bg_err=0.191757 s_gap=-0.035082 conf_cos=0.0000 conf_proj=0.00 val_mse=0.31192211 val_mae=0.37884228 | p_pos=0.0000 p_dense=0.00 p_sel=0.0000 p_sel_pos=0.0000 p_hot_err=0.000000 p_bg_err=0.000000 p_gap=0.000000 peer_val_mse=0.27126333 peer_val_mae=0.33938746
[worker1/etth1_teacher_ft_v2_gpu0] [time_series_etth1_teacher_ft_v2/trs16_res03_lr25e4] [time_series][epoch 040] updated live plot
[worker1/etth1_teacher_ft_v2_gpu0] [time_series_etth1_teacher_ft_v2/trs16_res03_lr25e4] [time_series][epoch 041] lambda=0.0015 g_scale=0.126 corr_scale=1.000 freeze_student=0 focus=0.7876 train_total=0.20803555 train_sup=0.20679144 train_imit=0.81569901 mean_w=0.5389 active=0.7327 s_dense=0.00 s_pos=0.5805 s_sel=0.7327 s_sel_pos=1.2623 s_hot_err=0.210726 s_bg_err=0.190738 s_gap=-0.035407 conf_cos=0.0000 conf_proj=0.00 val_mse=0.31377200 val_mae=0.38031669 | p_pos=0.0000 p_dense=0.00 p_sel=0.0000 p_sel_pos=0.0000 p_hot_err=0.000000 p_bg_err=0.000000 p_gap=0.000000 peer_val_mse=0.27126333 peer_val_mae=0.33938746
[worker1/etth1_teacher_ft_v2_gpu0] [time_series_etth1_teacher_ft_v2/trs16_res03_lr25e4] [time_series][epoch 042] lambda=0.0010 g_scale=0.080 corr_scale=1.000 freeze_student=0 focus=0.7876 train_total=0.20819903 train_sup=0.20739534 train_imit=0.82586323 mean_w=0.5428 active=0.7366 s_dense=0.00 s_pos=0.5805 s_sel=0.7366 s_sel_pos=1.2690 s_hot_err=0.211731 s_bg_err=0.189859 s_gap=-0.035733 conf_cos=0.0000 conf_proj=0.00 val_mse=0.31586354 val_mae=0.38197065 | p_pos=0.0000 p_dense=0.00 p_sel=0.0000 p_sel_pos=0.0000 p_hot_err=0.000000 p_bg_err=0.000000 p_gap=0.000000 peer_val_mse=0.27126333 peer_val_mae=0.33938746
[worker1/etth1_teacher_ft_v2_gpu0] [time_series_etth1_teacher_ft_v2/trs16_res03_lr25e4] [time_series][epoch 043] lambda=0.0010 g_scale=0.080 corr_scale=1.000 freeze_student=0 focus=0.7876 train_total=0.20818702 train_sup=0.20737472 train_imit=0.83478608 mean_w=0.5458 active=0.7395 s_dense=0.00 s_pos=0.5805 s_sel=0.7395 s_sel_pos=1.2740 s_hot_err=0.212036 s_bg_err=0.188664 s_gap=-0.036039 conf_cos=0.0000 conf_proj=0.00 val_mse=0.31572949 val_mae=0.38187141 | p_pos=0.0000 p_dense=0.00 p_sel=0.0000 p_sel_pos=0.0000 p_hot_err=0.000000 p_bg_err=0.000000 p_gap=0.000000 peer_val_mse=0.27126333 peer_val_mae=0.33938746
[worker1/etth1_teacher_ft_v2_gpu0] [time_series_etth1_teacher_ft_v2/trs16_res03_lr25e4] [time_series][epoch 044] lambda=0.0010 g_scale=0.080 corr_scale=1.000 freeze_student=0 focus=0.7876 train_total=0.20817907 train_sup=0.20736128 train_imit=0.84047579 mean_w=0.5468 active=0.7405 s_dense=0.00 s_pos=0.5805 s_sel=0.7405 s_sel_pos=1.2756 s_hot_err=0.212045 s_bg_err=0.188499 s_gap=-0.036090 conf_cos=0.0000 conf_proj=0.00 val_mse=0.31562116 val_mae=0.38179160 | p_pos=0.0000 p_dense=0.00 p_sel=0.0000 p_sel_pos=0.0000 p_hot_err=0.000000 p_bg_err=0.000000 p_gap=0.000000 peer_val_mse=0.27126333 peer_val_mae=0.33938746
[worker1/etth1_teacher_ft_v2_gpu0] [time_series_etth1_teacher_ft_v2/trs16_res03_lr25e4] [time_series][epoch 045] lambda=0.0010 g_scale=0.080 corr_scale=1.000 freeze_student=0 focus=0.7876 train_total=0.20817301 train_sup=0.20735010 train_imit=0.84578775 mean_w=0.5476 active=0.7409 s_dense=0.00 s_pos=0.5805 s_sel=0.7409 s_sel_pos=1.2764 s_hot_err=0.212020 s_bg_err=0.188496 s_gap=-0.036072 conf_cos=0.0000 conf_proj=0.00 val_mse=0.31553936 val_mae=0.38172959 | p_pos=0.0000 p_dense=0.00 p_sel=0.0000 p_sel_pos=0.0000 p_hot_err=0.000000 p_bg_err=0.000000 p_gap=0.000000 peer_val_mse=0.27126333 peer_val_mae=0.33938746
[worker1/etth1_teacher_ft_v2_gpu1] [time_series_etth1_teacher_ft_v2/trs10_res02_lr15e4] [time_series][epoch 040] lambda=0.0004 g_scale=0.050 corr_scale=1.000 freeze_student=0 focus=0.9583 train_total=0.20756532 train_sup=0.20722255 train_imit=0.83849429 mean_w=0.7373 active=0.9583 s_dense=0.00 s_pos=0.7080 s_sel=0.9583 s_sel_pos=1.3537 s_hot_err=0.211613 s_bg_err=0.094116 s_gap=-0.049899 conf_cos=0.0000 conf_proj=0.00 val_mse=0.31838997 val_mae=0.38386855 | p_pos=0.0000 p_dense=0.00 p_sel=0.0000 p_sel_pos=0.0000 p_hot_err=0.000000 p_bg_err=0.000000 p_gap=0.000000 peer_val_mse=0.27126333 peer_val_mae=0.33938746
[worker1/etth1_teacher_ft_v2_gpu1] [time_series_etth1_teacher_ft_v2/trs10_res02_lr15e4] [time_series][epoch 040] updated live plot
[worker1/etth1_teacher_ft_v2_gpu1] [time_series_etth1_teacher_ft_v2/trs10_res02_lr15e4] [time_series][epoch 041] lambda=0.0004 g_scale=0.050 corr_scale=1.000 freeze_student=0 focus=0.9583 train_total=0.20756255 train_sup=0.20721956 train_imit=0.83904633 mean_w=0.7377 active=0.9583 s_dense=0.00 s_pos=0.7080 s_sel=0.9583 s_sel_pos=1.3537 s_hot_err=0.211610 s_bg_err=0.094116 s_gap=-0.049899 conf_cos=0.0000 conf_proj=0.00 val_mse=0.31836755 val_mae=0.38385089 | p_pos=0.0000 p_dense=0.00 p_sel=0.0000 p_sel_pos=0.0000 p_hot_err=0.000000 p_bg_err=0.000000 p_gap=0.000000 peer_val_mse=0.27126333 peer_val_mae=0.33938746
[worker1/etth1_teacher_ft_v2_gpu1] [time_series_etth1_teacher_ft_v2/trs10_res02_lr15e4] [time_series][epoch 042] lambda=0.0004 g_scale=0.050 corr_scale=1.000 freeze_student=0 focus=0.9583 train_total=0.20755982 train_sup=0.20721657 train_imit=0.83967738 mean_w=0.7380 active=0.9583 s_dense=0.00 s_pos=0.7080 s_sel=0.9583 s_sel_pos=1.3537 s_hot_err=0.211607 s_bg_err=0.094116 s_gap=-0.049899 conf_cos=0.0000 conf_proj=0.00 val_mse=0.31834213 val_mae=0.38383102 | p_pos=0.0000 p_dense=0.00 p_sel=0.0000 p_sel_pos=0.0000 p_hot_err=0.000000 p_bg_err=0.000000 p_gap=0.000000 peer_val_mse=0.27126333 peer_val_mae=0.33938746
[worker1/etth1_teacher_ft_v2_gpu1] [time_series_etth1_teacher_ft_v2/trs10_res02_lr15e4] [time_series][epoch 043] lambda=0.0004 g_scale=0.050 corr_scale=1.000 freeze_student=0 focus=0.9583 train_total=0.20755711 train_sup=0.20721358 train_imit=0.84035595 mean_w=0.7383 active=0.9583 s_dense=0.00 s_pos=0.7080 s_sel=0.9583 s_sel_pos=1.3537 s_hot_err=0.211604 s_bg_err=0.094116 s_gap=-0.049899 conf_cos=0.0000 conf_proj=0.00 val_mse=0.31831805 val_mae=0.38381216 | p_pos=0.0000 p_dense=0.00 p_sel=0.0000 p_sel_pos=0.0000 p_hot_err=0.000000 p_bg_err=0.000000 p_gap=0.000000 peer_val_mse=0.27126333 peer_val_mae=0.33938746
[worker1/etth1_teacher_ft_v2_gpu1] [time_series_etth1_teacher_ft_v2/trs10_res02_lr15e4] [time_series][epoch 044] lambda=0.0004 g_scale=0.050 corr_scale=1.000 freeze_student=0 focus=0.9583 train_total=0.20755444 train_sup=0.20721055 train_imit=0.84125993 mean_w=0.7387 active=0.9583 s_dense=0.00 s_pos=0.7080 s_sel=0.9583 s_sel_pos=1.3537 s_hot_err=0.211601 s_bg_err=0.094116 s_gap=-0.049899 conf_cos=0.0000 conf_proj=0.00 val_mse=0.31829430 val_mae=0.38379350 | p_pos=0.0000 p_dense=0.00 p_sel=0.0000 p_sel_pos=0.0000 p_hot_err=0.000000 p_bg_err=0.000000 p_gap=0.000000 peer_val_mse=0.27126333 peer_val_mae=0.33938746
[worker1/etth1_teacher_ft_v2_gpu1] [time_series_etth1_teacher_ft_v2/trs10_res02_lr15e4] [time_series][epoch 045] lambda=0.0004 g_scale=0.050 corr_scale=1.000 freeze_student=0 focus=0.9583 train_total=0.20755187 train_sup=0.20720758 train_imit=0.84223509 mean_w=0.7390 active=0.9583 s_dense=0.00 s_pos=0.7080 s_sel=0.9583 s_sel_pos=1.3537 s_hot_err=0.211598 s_bg_err=0.094116 s_gap=-0.049899 conf_cos=0.0000 conf_proj=0.00 val_mse=0.31827014 val_mae=0.38377469 | p_pos=0.0000 p_dense=0.00 p_sel=0.0000 p_sel_pos=0.0000 p_hot_err=0.000000 p_bg_err=0.000000 p_gap=0.000000 peer_val_mse=0.27126333 peer_val_mae=0.33938746
[worker1/etth1_teacher_ft_v2_gpu0] [time_series_etth1_teacher_ft_v2/trs16_res03_lr25e4] [time_series][epoch 046] lambda=0.0010 g_scale=0.080 corr_scale=1.000 freeze_student=0 focus=0.7876 train_total=0.20816739 train_sup=0.20734171 train_imit=0.84867611 mean_w=0.5472 active=0.7402 s_dense=0.00 s_pos=0.5805 s_sel=0.7402 s_sel_pos=1.2752 s_hot_err=0.211891 s_bg_err=0.188865 s_gap=-0.035891 conf_cos=0.0000 conf_proj=0.00 val_mse=0.31548392 val_mae=0.38168743 | p_pos=0.0000 p_dense=0.00 p_sel=0.0000 p_sel_pos=0.0000 p_hot_err=0.000000 p_bg_err=0.000000 p_gap=0.000000 peer_val_mse=0.27126333 peer_val_mae=0.33938746
[worker1/etth1_teacher_ft_v2_gpu0] [time_series_etth1_teacher_ft_v2/trs16_res03_lr25e4] [time_series][epoch 047] lambda=0.0010 g_scale=0.080 corr_scale=1.000 freeze_student=0 focus=0.7876 train_total=0.20816215 train_sup=0.20733476 train_imit=0.85047389 mean_w=0.5466 active=0.7394 s_dense=0.00 s_pos=0.5805 s_sel=0.7394 s_sel_pos=1.2738 s_hot_err=0.211739 s_bg_err=0.189359 s_gap=-0.035729 conf_cos=0.0000 conf_proj=0.00 val_mse=0.31545445 val_mae=0.38166524 | p_pos=0.0000 p_dense=0.00 p_sel=0.0000 p_sel_pos=0.0000 p_hot_err=0.000000 p_bg_err=0.000000 p_gap=0.000000 peer_val_mse=0.27126333 peer_val_mae=0.33938746
[worker1/etth1_teacher_ft_v2_gpu0] [time_series_etth1_teacher_ft_v2/trs16_res03_lr25e4] [time_series][epoch 048] lambda=0.0010 g_scale=0.080 corr_scale=1.000 freeze_student=0 focus=0.7876 train_total=0.20815780 train_sup=0.20732919 train_imit=0.85176444 mean_w=0.5462 active=0.7388 s_dense=0.00 s_pos=0.5805 s_sel=0.7388 s_sel_pos=1.2727 s_hot_err=0.211742 s_bg_err=0.189444 s_gap=-0.035613 conf_cos=0.0000 conf_proj=0.00 val_mse=0.31543278 val_mae=0.38164989 | p_pos=0.0000 p_dense=0.00 p_sel=0.0000 p_sel_pos=0.0000 p_hot_err=0.000000 p_bg_err=0.000000 p_gap=0.000000 peer_val_mse=0.27126333 peer_val_mae=0.33938746
[worker1/etth1_teacher_ft_v2_gpu0] [time_series_etth1_teacher_ft_v2/trs16_res03_lr25e4] [time_series][epoch 049] lambda=0.0010 g_scale=0.080 corr_scale=1.000 freeze_student=0 focus=0.7876 train_total=0.20815280 train_sup=0.20732368 train_imit=0.85230016 mean_w=0.5453 active=0.7375 s_dense=0.00 s_pos=0.5805 s_sel=0.7375 s_sel_pos=1.2706 s_hot_err=0.211592 s_bg_err=0.189892 s_gap=-0.035441 conf_cos=0.0000 conf_proj=0.00 val_mse=0.31542151 val_mae=0.38163977 | p_pos=0.0000 p_dense=0.00 p_sel=0.0000 p_sel_pos=0.0000 p_hot_err=0.000000 p_bg_err=0.000000 p_gap=0.000000 peer_val_mse=0.27126333 peer_val_mae=0.33938746
[worker1/etth1_teacher_ft_v2_gpu0] [time_series_etth1_teacher_ft_v2/trs16_res03_lr25e4] [time_series][epoch 050] lambda=0.0010 g_scale=0.080 corr_scale=1.000 freeze_student=0 focus=0.7876 train_total=0.20814778 train_sup=0.20731657 train_imit=0.85447428 mean_w=0.5455 active=0.7373 s_dense=0.00 s_pos=0.5805 s_sel=0.7373 s_sel_pos=1.2703 s_hot_err=0.211522 s_bg_err=0.190112 s_gap=-0.035359 conf_cos=0.0000 conf_proj=0.00 val_mse=0.31539527 val_mae=0.38162086 | p_pos=0.0000 p_dense=0.00 p_sel=0.0000 p_sel_pos=0.0000 p_hot_err=0.000000 p_bg_err=0.000000 p_gap=0.000000 peer_val_mse=0.27126333 peer_val_mae=0.33938746
[worker1/etth1_teacher_ft_v2_gpu0] [time_series_etth1_teacher_ft_v2/trs16_res03_lr25e4] [time_series][epoch 050] updated live plot
[worker1/etth1_teacher_ft_v2_gpu0] [time_series_etth1_teacher_ft_v2/trs16_res03_lr25e4] [time_series][epoch 051] lambda=0.0010 g_scale=0.080 corr_scale=1.000 freeze_student=0 focus=0.7876 train_total=0.20814261 train_sup=0.20731068 train_imit=0.85523675 mean_w=0.5451 active=0.7366 s_dense=0.00 s_pos=0.5805 s_sel=0.7366 s_sel_pos=1.2690 s_hot_err=0.211486 s_bg_err=0.190247 s_gap=-0.035260 conf_cos=0.0000 conf_proj=0.00 val_mse=0.31538657 val_mae=0.38161360 | p_pos=0.0000 p_dense=0.00 p_sel=0.0000 p_sel_pos=0.0000 p_hot_err=0.000000 p_bg_err=0.000000 p_gap=0.000000 peer_val_mse=0.27126333 peer_val_mae=0.33938746
[worker1/etth1_teacher_ft_v2_gpu1] [time_series_etth1_teacher_ft_v2/trs10_res02_lr15e4] [time_series][epoch 046] lambda=0.0004 g_scale=0.050 corr_scale=1.000 freeze_student=0 focus=0.9583 train_total=0.20754932 train_sup=0.20720460 train_imit=0.84332923 mean_w=0.7393 active=0.9583 s_dense=0.00 s_pos=0.7080 s_sel=0.9583 s_sel_pos=1.3537 s_hot_err=0.211595 s_bg_err=0.094116 s_gap=-0.049899 conf_cos=0.0000 conf_proj=0.00 val_mse=0.31824650 val_mae=0.38375619 | p_pos=0.0000 p_dense=0.00 p_sel=0.0000 p_sel_pos=0.0000 p_hot_err=0.000000 p_bg_err=0.000000 p_gap=0.000000 peer_val_mse=0.27126333 peer_val_mae=0.33938746
[worker1/etth1_teacher_ft_v2_gpu1] [time_series_etth1_teacher_ft_v2/trs10_res02_lr15e4] [time_series][epoch 047] lambda=0.0004 g_scale=0.050 corr_scale=1.000 freeze_student=0 focus=0.9583 train_total=0.20754687 train_sup=0.20720166 train_imit=0.84454705 mean_w=0.7396 active=0.9583 s_dense=0.00 s_pos=0.7080 s_sel=0.9583 s_sel_pos=1.3537 s_hot_err=0.211592 s_bg_err=0.094116 s_gap=-0.049899 conf_cos=0.0000 conf_proj=0.00 val_mse=0.31822167 val_mae=0.38373687 | p_pos=0.0000 p_dense=0.00 p_sel=0.0000 p_sel_pos=0.0000 p_hot_err=0.000000 p_bg_err=0.000000 p_gap=0.000000 peer_val_mse=0.27126333 peer_val_mae=0.33938746
[worker1/etth1_teacher_ft_v2_gpu1] [time_series_etth1_teacher_ft_v2/trs10_res02_lr15e4] [time_series][epoch 048] lambda=0.0004 g_scale=0.050 corr_scale=1.000 freeze_student=0 focus=0.9583 train_total=0.20754441 train_sup=0.20719870 train_imit=0.84578479 mean_w=0.7399 active=0.9583 s_dense=0.00 s_pos=0.7080 s_sel=0.9583 s_sel_pos=1.3537 s_hot_err=0.211589 s_bg_err=0.094116 s_gap=-0.049899 conf_cos=0.0000 conf_proj=0.00 val_mse=0.31820052 val_mae=0.38372027 | p_pos=0.0000 p_dense=0.00 p_sel=0.0000 p_sel_pos=0.0000 p_hot_err=0.000000 p_bg_err=0.000000 p_gap=0.000000 peer_val_mse=0.27126333 peer_val_mae=0.33938746
[worker1/etth1_teacher_ft_v2_gpu1] [time_series_etth1_teacher_ft_v2/trs10_res02_lr15e4] [time_series][epoch 049] lambda=0.0004 g_scale=0.050 corr_scale=1.000 freeze_student=0 focus=0.9583 train_total=0.20754215 train_sup=0.20719589 train_imit=0.84716849 mean_w=0.7402 active=0.9583 s_dense=0.00 s_pos=0.7080 s_sel=0.9583 s_sel_pos=1.3537 s_hot_err=0.211586 s_bg_err=0.094116 s_gap=-0.049899 conf_cos=0.0000 conf_proj=0.00 val_mse=0.31817612 val_mae=0.38370134 | p_pos=0.0000 p_dense=0.00 p_sel=0.0000 p_sel_pos=0.0000 p_hot_err=0.000000 p_bg_err=0.000000 p_gap=0.000000 peer_val_mse=0.27126333 peer_val_mae=0.33938746
[worker1/etth1_teacher_ft_v2_gpu1] [time_series_etth1_teacher_ft_v2/trs10_res02_lr15e4] [time_series][epoch 050] lambda=0.0004 g_scale=0.050 corr_scale=1.000 freeze_student=0 focus=0.9583 train_total=0.20753992 train_sup=0.20719303 train_imit=0.84870248 mean_w=0.7405 active=0.9583 s_dense=0.00 s_pos=0.7080 s_sel=0.9583 s_sel_pos=1.3537 s_hot_err=0.211583 s_bg_err=0.094116 s_gap=-0.049899 conf_cos=0.0000 conf_proj=0.00 val_mse=0.31815307 val_mae=0.38368343 | p_pos=0.0000 p_dense=0.00 p_sel=0.0000 p_sel_pos=0.0000 p_hot_err=0.000000 p_bg_err=0.000000 p_gap=0.000000 peer_val_mse=0.27126333 peer_val_mae=0.33938746
[worker1/etth1_teacher_ft_v2_gpu1] [time_series_etth1_teacher_ft_v2/trs10_res02_lr15e4] [time_series][epoch 050] updated live plot
[worker1/etth1_teacher_ft_v2_gpu1] [time_series_etth1_teacher_ft_v2/trs10_res02_lr15e4] [time_series][epoch 051] lambda=0.0004 g_scale=0.050 corr_scale=1.000 freeze_student=0 focus=0.9583 train_total=0.20753776 train_sup=0.20719029 train_imit=0.85015378 mean_w=0.7408 active=0.9583 s_dense=0.00 s_pos=0.7080 s_sel=0.9583 s_sel_pos=1.3537 s_hot_err=0.211580 s_bg_err=0.094116 s_gap=-0.049899 conf_cos=0.0000 conf_proj=0.00 val_mse=0.31813407 val_mae=0.38366853 | p_pos=0.0000 p_dense=0.00 p_sel=0.0000 p_sel_pos=0.0000 p_hot_err=0.000000 p_bg_err=0.000000 p_gap=0.000000 peer_val_mse=0.27126333 peer_val_mae=0.33938746
[worker1/etth1_teacher_ft_v2_gpu0] [time_series_etth1_teacher_ft_v2/trs16_res03_lr25e4] [time_series][epoch 052] lambda=0.0010 g_scale=0.080 corr_scale=1.000 freeze_student=0 focus=0.7876 train_total=0.20813776 train_sup=0.20730477 train_imit=0.85635138 mean_w=0.5448 active=0.7358 s_dense=0.00 s_pos=0.5805 s_sel=0.7358 s_sel_pos=1.2677 s_hot_err=0.211324 s_bg_err=0.190738 s_gap=-0.035152 conf_cos=0.0000 conf_proj=0.00 val_mse=0.31536898 val_mae=0.38159869 | p_pos=0.0000 p_dense=0.00 p_sel=0.0000 p_sel_pos=0.0000 p_hot_err=0.000000 p_bg_err=0.000000 p_gap=0.000000 peer_val_mse=0.27126333 peer_val_mae=0.33938746
[worker1/etth1_teacher_ft_v2_gpu0] [time_series_etth1_teacher_ft_v2/trs16_res03_lr25e4] [time_series][epoch 053] lambda=0.0010 g_scale=0.080 corr_scale=1.000 freeze_student=0 focus=0.7876 train_total=0.20813301 train_sup=0.20729963 train_imit=0.85677081 mean_w=0.5443 active=0.7350 s_dense=0.00 s_pos=0.5805 s_sel=0.7350 s_sel_pos=1.2662 s_hot_err=0.211247 s_bg_err=0.190958 s_gap=-0.035020 conf_cos=0.0000 conf_proj=0.00 val_mse=0.31535444 val_mae=0.38158814 | p_pos=0.0000 p_dense=0.00 p_sel=0.0000 p_sel_pos=0.0000 p_hot_err=0.000000 p_bg_err=0.000000 p_gap=0.000000 peer_val_mse=0.27126333 peer_val_mae=0.33938746
[worker1/etth1_teacher_ft_v2_gpu0] [time_series_etth1_teacher_ft_v2/trs16_res03_lr25e4] [time_series][epoch 054] lambda=0.0010 g_scale=0.080 corr_scale=1.000 freeze_student=0 focus=0.7876 train_total=0.20812805 train_sup=0.20729322 train_imit=0.85826995 mean_w=0.5445 active=0.7348 s_dense=0.00 s_pos=0.5805 s_sel=0.7348 s_sel_pos=1.2658 s_hot_err=0.211248 s_bg_err=0.190973 s_gap=-0.035008 conf_cos=0.0000 conf_proj=0.00 val_mse=0.31534314 val_mae=0.38157990 | p_pos=0.0000 p_dense=0.00 p_sel=0.0000 p_sel_pos=0.0000 p_hot_err=0.000000 p_bg_err=0.000000 p_gap=0.000000 peer_val_mse=0.27126333 peer_val_mae=0.33938746
[worker1/etth1_teacher_ft_v2_gpu0] [time_series_etth1_teacher_ft_v2/trs16_res03_lr25e4] [time_series][epoch 055] lambda=0.0010 g_scale=0.080 corr_scale=1.000 freeze_student=0 focus=0.7876 train_total=0.20812268 train_sup=0.20728892 train_imit=0.85718571 mean_w=0.5435 active=0.7335 s_dense=0.00 s_pos=0.5805 s_sel=0.7335 s_sel_pos=1.2637 s_hot_err=0.211227 s_bg_err=0.191144 s_gap=-0.034899 conf_cos=0.0000 conf_proj=0.00 val_mse=0.31535652 val_mae=0.38158952 | p_pos=0.0000 p_dense=0.00 p_sel=0.0000 p_sel_pos=0.0000 p_hot_err=0.000000 p_bg_err=0.000000 p_gap=0.000000 peer_val_mse=0.27126333 peer_val_mae=0.33938746
[worker1/etth1_teacher_ft_v2_gpu0] [time_series_etth1_teacher_ft_v2/trs16_res03_lr25e4] [time_series][epoch 056] lambda=0.0010 g_scale=0.080 corr_scale=1.000 freeze_student=0 focus=0.7876 train_total=0.20811755 train_sup=0.20728212 train_imit=0.85890868 mean_w=0.5439 active=0.7333 s_dense=0.00 s_pos=0.5805 s_sel=0.7333 s_sel_pos=1.2633 s_hot_err=0.211083 s_bg_err=0.191474 s_gap=-0.034879 conf_cos=0.0000 conf_proj=0.00 val_mse=0.31532967 val_mae=0.38156843 | p_pos=0.0000 p_dense=0.00 p_sel=0.0000 p_sel_pos=0.0000 p_hot_err=0.000000 p_bg_err=0.000000 p_gap=0.000000 peer_val_mse=0.27126333 peer_val_mae=0.33938746
[worker1/etth1_teacher_ft_v2_gpu0] [time_series_etth1_teacher_ft_v2/trs16_res03_lr25e4] [time_series][epoch 057] lambda=0.0010 g_scale=0.080 corr_scale=1.000 freeze_student=0 focus=0.7876 train_total=0.20811317 train_sup=0.20727778 train_imit=0.85888680 mean_w=0.5433 active=0.7322 s_dense=0.00 s_pos=0.5805 s_sel=0.7322 s_sel_pos=1.2614 s_hot_err=0.210908 s_bg_err=0.192046 s_gap=-0.034744 conf_cos=0.0000 conf_proj=0.00 val_mse=0.31534654 val_mae=0.38157923 | p_pos=0.0000 p_dense=0.00 p_sel=0.0000 p_sel_pos=0.0000 p_hot_err=0.000000 p_bg_err=0.000000 p_gap=0.000000 peer_val_mse=0.27126333 peer_val_mae=0.33938746
[worker1/etth1_teacher_ft_v2_gpu0] [time_series_etth1_teacher_ft_v2/trs16_res03_lr25e4] [time_series][epoch 058] lambda=0.0010 g_scale=0.080 corr_scale=1.000 freeze_student=0 focus=0.7876 train_total=0.20810704 train_sup=0.20726987 train_imit=0.86072363 mean_w=0.5438 active=0.7324 s_dense=0.00 s_pos=0.5805 s_sel=0.7324 s_sel_pos=1.2617 s_hot_err=0.210941 s_bg_err=0.191862 s_gap=-0.034780 conf_cos=0.0000 conf_proj=0.00 val_mse=0.31530961 val_mae=0.38155286 | p_pos=0.0000 p_dense=0.00 p_sel=0.0000 p_sel_pos=0.0000 p_hot_err=0.000000 p_bg_err=0.000000 p_gap=0.000000 peer_val_mse=0.27126333 peer_val_mae=0.33938746
[worker1/etth1_teacher_ft_v2_gpu1] [time_series_etth1_teacher_ft_v2/trs10_res02_lr15e4] [time_series][epoch 052] lambda=0.0004 g_scale=0.050 corr_scale=1.000 freeze_student=0 focus=0.9583 train_total=0.20753563 train_sup=0.20718757 train_imit=0.85165070 mean_w=0.7410 active=0.9583 s_dense=0.00 s_pos=0.7080 s_sel=0.9583 s_sel_pos=1.3537 s_hot_err=0.211577 s_bg_err=0.094116 s_gap=-0.049899 conf_cos=0.0000 conf_proj=0.00 val_mse=0.31811220 val_mae=0.38365142 | p_pos=0.0000 p_dense=0.00 p_sel=0.0000 p_sel_pos=0.0000 p_hot_err=0.000000 p_bg_err=0.000000 p_gap=0.000000 peer_val_mse=0.27126333 peer_val_mae=0.33938746
[worker1/etth1_teacher_ft_v2_gpu1] [time_series_etth1_teacher_ft_v2/trs10_res02_lr15e4] [time_series][epoch 053] lambda=0.0004 g_scale=0.050 corr_scale=1.000 freeze_student=0 focus=0.9583 train_total=0.20753355 train_sup=0.20718483 train_imit=0.85326708 mean_w=0.7413 active=0.9583 s_dense=0.00 s_pos=0.7080 s_sel=0.9583 s_sel_pos=1.3537 s_hot_err=0.211574 s_bg_err=0.094116 s_gap=-0.049899 conf_cos=0.0000 conf_proj=0.00 val_mse=0.31809015 val_mae=0.38363430 | p_pos=0.0000 p_dense=0.00 p_sel=0.0000 p_sel_pos=0.0000 p_hot_err=0.000000 p_bg_err=0.000000 p_gap=0.000000 peer_val_mse=0.27126333 peer_val_mae=0.33938746
[worker1/etth1_teacher_ft_v2_gpu1] [time_series_etth1_teacher_ft_v2/trs10_res02_lr15e4] [time_series][epoch 054] lambda=0.0004 g_scale=0.050 corr_scale=1.000 freeze_student=0 focus=0.9583 train_total=0.20753158 train_sup=0.20718217 train_imit=0.85496417 mean_w=0.7415 active=0.9583 s_dense=0.00 s_pos=0.7080 s_sel=0.9583 s_sel_pos=1.3537 s_hot_err=0.211571 s_bg_err=0.094116 s_gap=-0.049899 conf_cos=0.0000 conf_proj=0.00 val_mse=0.31806897 val_mae=0.38361798 | p_pos=0.0000 p_dense=0.00 p_sel=0.0000 p_sel_pos=0.0000 p_hot_err=0.000000 p_bg_err=0.000000 p_gap=0.000000 peer_val_mse=0.27126333 peer_val_mae=0.33938746
[worker1/etth1_teacher_ft_v2_gpu1] [time_series_etth1_teacher_ft_v2/trs10_res02_lr15e4] [time_series][epoch 055] lambda=0.0004 g_scale=0.050 corr_scale=1.000 freeze_student=0 focus=0.9583 train_total=0.20752967 train_sup=0.20717962 train_imit=0.85657899 mean_w=0.7417 active=0.9583 s_dense=0.00 s_pos=0.7080 s_sel=0.9583 s_sel_pos=1.3537 s_hot_err=0.211569 s_bg_err=0.094116 s_gap=-0.049899 conf_cos=0.0000 conf_proj=0.00 val_mse=0.31805113 val_mae=0.38360393 | p_pos=0.0000 p_dense=0.00 p_sel=0.0000 p_sel_pos=0.0000 p_hot_err=0.000000 p_bg_err=0.000000 p_gap=0.000000 peer_val_mse=0.27126333 peer_val_mae=0.33938746
[worker1/etth1_teacher_ft_v2_gpu1] [time_series_etth1_teacher_ft_v2/trs10_res02_lr15e4] [time_series][epoch 056] lambda=0.0004 g_scale=0.050 corr_scale=1.000 freeze_student=0 focus=0.9583 train_total=0.20752779 train_sup=0.20717706 train_imit=0.85828579 mean_w=0.7419 active=0.9583 s_dense=0.00 s_pos=0.7080 s_sel=0.9583 s_sel_pos=1.3537 s_hot_err=0.211566 s_bg_err=0.094116 s_gap=-0.049899 conf_cos=0.0000 conf_proj=0.00 val_mse=0.31802965 val_mae=0.38358730 | p_pos=0.0000 p_dense=0.00 p_sel=0.0000 p_sel_pos=0.0000 p_hot_err=0.000000 p_bg_err=0.000000 p_gap=0.000000 peer_val_mse=0.27126333 peer_val_mae=0.33938746
[worker1/etth1_teacher_ft_v2_gpu1] [time_series_etth1_teacher_ft_v2/trs10_res02_lr15e4] [time_series][epoch 057] lambda=0.0004 g_scale=0.050 corr_scale=1.000 freeze_student=0 focus=0.9583 train_total=0.20752593 train_sup=0.20717453 train_imit=0.85995220 mean_w=0.7421 active=0.9583 s_dense=0.00 s_pos=0.7080 s_sel=0.9583 s_sel_pos=1.3537 s_hot_err=0.211563 s_bg_err=0.094116 s_gap=-0.049899 conf_cos=0.0000 conf_proj=0.00 val_mse=0.31801301 val_mae=0.38357418 | p_pos=0.0000 p_dense=0.00 p_sel=0.0000 p_sel_pos=0.0000 p_hot_err=0.000000 p_bg_err=0.000000 p_gap=0.000000 peer_val_mse=0.27126333 peer_val_mae=0.33938746
[worker1/etth1_teacher_ft_v2_gpu1] [time_series_etth1_teacher_ft_v2/trs10_res02_lr15e4] [time_series][epoch 058] lambda=0.0004 g_scale=0.050 corr_scale=1.000 freeze_student=0 focus=0.9583 train_total=0.20752419 train_sup=0.20717210 train_imit=0.86167022 mean_w=0.7422 active=0.9583 s_dense=0.00 s_pos=0.7080 s_sel=0.9583 s_sel_pos=1.3537 s_hot_err=0.211561 s_bg_err=0.094116 s_gap=-0.049899 conf_cos=0.0000 conf_proj=0.00 val_mse=0.31799390 val_mae=0.38355922 | p_pos=0.0000 p_dense=0.00 p_sel=0.0000 p_sel_pos=0.0000 p_hot_err=0.000000 p_bg_err=0.000000 p_gap=0.000000 peer_val_mse=0.27126333 peer_val_mae=0.33938746
[worker1/etth1_teacher_ft_v2_gpu0] [time_series_etth1_teacher_ft_v2/trs16_res03_lr25e4] [time_series][epoch 059] lambda=0.0010 g_scale=0.080 corr_scale=1.000 freeze_student=0 focus=0.7876 train_total=0.20810175 train_sup=0.20726368 train_imit=0.86165937 mean_w=0.5437 active=0.7319 s_dense=0.00 s_pos=0.5805 s_sel=0.7319 s_sel_pos=1.2610 s_hot_err=0.210999 s_bg_err=0.191725 s_gap=-0.034729 conf_cos=0.0000 conf_proj=0.00 val_mse=0.31531883 val_mae=0.38156021 | p_pos=0.0000 p_dense=0.00 p_sel=0.0000 p_sel_pos=0.0000 p_hot_err=0.000000 p_bg_err=0.000000 p_gap=0.000000 peer_val_mse=0.27126333 peer_val_mae=0.33938746
[worker1/etth1_teacher_ft_v2_gpu0] [time_series_etth1_teacher_ft_v2/trs16_res03_lr25e4] [time_series][epoch 060] lambda=0.0010 g_scale=0.080 corr_scale=1.000 freeze_student=0 focus=0.7876 train_total=0.20809685 train_sup=0.20725973 train_imit=0.86068140 mean_w=0.5429 active=0.7307 s_dense=0.00 s_pos=0.5805 s_sel=0.7307 s_sel_pos=1.2589 s_hot_err=0.211014 s_bg_err=0.191755 s_gap=-0.034630 conf_cos=0.0000 conf_proj=0.00 val_mse=0.31532791 val_mae=0.38156780 | p_pos=0.0000 p_dense=0.00 p_sel=0.0000 p_sel_pos=0.0000 p_hot_err=0.000000 p_bg_err=0.000000 p_gap=0.000000 peer_val_mse=0.27126333 peer_val_mae=0.33938746
[worker1/etth1_teacher_ft_v2_gpu0] [time_series_etth1_teacher_ft_v2/trs16_res03_lr25e4] [time_series][epoch 060] updated live plot
[worker1/etth1_teacher_ft_v2_gpu0] [time_series_etth1_teacher_ft_v2/trs16_res03_lr25e4] [time_series][epoch 061] lambda=0.0010 g_scale=0.080 corr_scale=1.000 freeze_student=0 focus=0.7876 train_total=0.20809078 train_sup=0.20725173 train_imit=0.86269008 mean_w=0.5434 active=0.7306 s_dense=0.00 s_pos=0.5805 s_sel=0.7306 s_sel_pos=1.2587 s_hot_err=0.210770 s_bg_err=0.192411 s_gap=-0.034620 conf_cos=0.0000 conf_proj=0.00 val_mse=0.31526991 val_mae=0.38152331 | p_pos=0.0000 p_dense=0.00 p_sel=0.0000 p_sel_pos=0.0000 p_hot_err=0.000000 p_bg_err=0.000000 p_gap=0.000000 peer_val_mse=0.27126333 peer_val_mae=0.33938746
[worker1/etth1_teacher_ft_v2_gpu0] [time_series_etth1_teacher_ft_v2/trs16_res03_lr25e4] [time_series][epoch 062] lambda=0.0010 g_scale=0.080 corr_scale=1.000 freeze_student=0 focus=0.7876 train_total=0.20808525 train_sup=0.20724589 train_imit=0.86301865 mean_w=0.5431 active=0.7298 s_dense=0.00 s_pos=0.5805 s_sel=0.7298 s_sel_pos=1.2573 s_hot_err=0.210704 s_bg_err=0.192569 s_gap=-0.034569 conf_cos=0.0000 conf_proj=0.00 val_mse=0.31527977 val_mae=0.38153201 | p_pos=0.0000 p_dense=0.00 p_sel=0.0000 p_sel_pos=0.0000 p_hot_err=0.000000 p_bg_err=0.000000 p_gap=0.000000 peer_val_mse=0.27126333 peer_val_mae=0.33938746
[worker1/etth1_teacher_ft_v2_gpu0] [time_series_etth1_teacher_ft_v2/trs16_res03_lr25e4] [time_series][epoch 063] lambda=0.0010 g_scale=0.080 corr_scale=1.000 freeze_student=0 focus=0.7876 train_total=0.20808012 train_sup=0.20724015 train_imit=0.86365932 mean_w=0.5430 active=0.7293 s_dense=0.00 s_pos=0.5805 s_sel=0.7293 s_sel_pos=1.2564 s_hot_err=0.210727 s_bg_err=0.192609 s_gap=-0.034543 conf_cos=0.0000 conf_proj=0.00 val_mse=0.31526144 val_mae=0.38151860 | p_pos=0.0000 p_dense=0.00 p_sel=0.0000 p_sel_pos=0.0000 p_hot_err=0.000000 p_bg_err=0.000000 p_gap=0.000000 peer_val_mse=0.27126333 peer_val_mae=0.33938746
[worker1/etth1_teacher_ft_v2_gpu0] [time_series_etth1_teacher_ft_v2/trs16_res03_lr25e4] [time_series][epoch 064] lambda=0.0010 g_scale=0.080 corr_scale=1.000 freeze_student=0 focus=0.7876 train_total=0.20807444 train_sup=0.20723207 train_imit=0.86613463 mean_w=0.5439 active=0.7298 s_dense=0.00 s_pos=0.5805 s_sel=0.7298 s_sel_pos=1.2573 s_hot_err=0.210792 s_bg_err=0.192387 s_gap=-0.034627 conf_cos=0.0000 conf_proj=0.00 val_mse=0.31523841 val_mae=0.38150322 | p_pos=0.0000 p_dense=0.00 p_sel=0.0000 p_sel_pos=0.0000 p_hot_err=0.000000 p_bg_err=0.000000 p_gap=0.000000 peer_val_mse=0.27126333 peer_val_mae=0.33938746
[worker1/etth1_teacher_ft_v2_gpu1] [time_series_etth1_teacher_ft_v2/trs10_res02_lr15e4] [time_series][epoch 059] lambda=0.0004 g_scale=0.050 corr_scale=1.000 freeze_student=0 focus=0.9583 train_total=0.20752242 train_sup=0.20716960 train_imit=0.86347072 mean_w=0.7424 active=0.9583 s_dense=0.00 s_pos=0.7080 s_sel=0.9583 s_sel_pos=1.3537 s_hot_err=0.211558 s_bg_err=0.094116 s_gap=-0.049897 conf_cos=0.0000 conf_proj=0.00 val_mse=0.31797798 val_mae=0.38354663 | p_pos=0.0000 p_dense=0.00 p_sel=0.0000 p_sel_pos=0.0000 p_hot_err=0.000000 p_bg_err=0.000000 p_gap=0.000000 peer_val_mse=0.27126333 peer_val_mae=0.33938746
[worker1/etth1_teacher_ft_v2_gpu1] [time_series_etth1_teacher_ft_v2/trs10_res02_lr15e4] [time_series][epoch 060] lambda=0.0004 g_scale=0.050 corr_scale=1.000 freeze_student=0 focus=0.9583 train_total=0.20752074 train_sup=0.20716718 train_imit=0.86533805 mean_w=0.7427 active=0.9583 s_dense=0.00 s_pos=0.7080 s_sel=0.9583 s_sel_pos=1.3537 s_hot_err=0.211556 s_bg_err=0.094116 s_gap=-0.049897 conf_cos=0.0000 conf_proj=0.00 val_mse=0.31795968 val_mae=0.38353237 | p_pos=0.0000 p_dense=0.00 p_sel=0.0000 p_sel_pos=0.0000 p_hot_err=0.000000 p_bg_err=0.000000 p_gap=0.000000 peer_val_mse=0.27126333 peer_val_mae=0.33938746
[worker1/etth1_teacher_ft_v2_gpu1] [time_series_etth1_teacher_ft_v2/trs10_res02_lr15e4] [time_series][epoch 060] updated live plot
[worker1/etth1_teacher_ft_v2_gpu1] [time_series_etth1_teacher_ft_v2/trs10_res02_lr15e4] [time_series][epoch 061] lambda=0.0004 g_scale=0.050 corr_scale=1.000 freeze_student=0 focus=0.9583 train_total=0.20751907 train_sup=0.20716491 train_imit=0.86684946 mean_w=0.7428 active=0.9583 s_dense=0.00 s_pos=0.7080 s_sel=0.9583 s_sel_pos=1.3537 s_hot_err=0.211554 s_bg_err=0.094117 s_gap=-0.049897 conf_cos=0.0000 conf_proj=0.00 val_mse=0.31794701 val_mae=0.38352220 | p_pos=0.0000 p_dense=0.00 p_sel=0.0000 p_sel_pos=0.0000 p_hot_err=0.000000 p_bg_err=0.000000 p_gap=0.000000 peer_val_mse=0.27126333 peer_val_mae=0.33938746
[worker1/etth1_teacher_ft_v2_gpu1] [time_series_etth1_teacher_ft_v2/trs10_res02_lr15e4] [time_series][epoch 062] lambda=0.0004 g_scale=0.050 corr_scale=1.000 freeze_student=0 focus=0.9583 train_total=0.20751750 train_sup=0.20716268 train_imit=0.86845352 mean_w=0.7430 active=0.9583 s_dense=0.00 s_pos=0.7080 s_sel=0.9583 s_sel_pos=1.3537 s_hot_err=0.211551 s_bg_err=0.094117 s_gap=-0.049897 conf_cos=0.0000 conf_proj=0.00 val_mse=0.31793427 val_mae=0.38351206 | p_pos=0.0000 p_dense=0.00 p_sel=0.0000 p_sel_pos=0.0000 p_hot_err=0.000000 p_bg_err=0.000000 p_gap=0.000000 peer_val_mse=0.27126333 peer_val_mae=0.33938746
[worker1/etth1_teacher_ft_v2_gpu1] [time_series_etth1_teacher_ft_v2/trs10_res02_lr15e4] [time_series][epoch 063] lambda=0.0004 g_scale=0.050 corr_scale=1.000 freeze_student=0 focus=0.9583 train_total=0.20751591 train_sup=0.20716037 train_imit=0.87028688 mean_w=0.7431 active=0.9583 s_dense=0.00 s_pos=0.7080 s_sel=0.9583 s_sel_pos=1.3537 s_hot_err=0.211549 s_bg_err=0.094116 s_gap=-0.049895 conf_cos=0.0000 conf_proj=0.00 val_mse=0.31792040 val_mae=0.38350098 | p_pos=0.0000 p_dense=0.00 p_sel=0.0000 p_sel_pos=0.0000 p_hot_err=0.000000 p_bg_err=0.000000 p_gap=0.000000 peer_val_mse=0.27126333 peer_val_mae=0.33938746
[worker1/etth1_teacher_ft_v2_gpu1] [time_series_etth1_teacher_ft_v2/trs10_res02_lr15e4] [time_series][epoch 064] lambda=0.0004 g_scale=0.050 corr_scale=1.000 freeze_student=0 focus=0.9583 train_total=0.20751434 train_sup=0.20715834 train_imit=0.87140524 mean_w=0.7431 active=0.9583 s_dense=0.00 s_pos=0.7080 s_sel=0.9583 s_sel_pos=1.3537 s_hot_err=0.211547 s_bg_err=0.094116 s_gap=-0.049895 conf_cos=0.0000 conf_proj=0.00 val_mse=0.31790778 val_mae=0.38349074 | p_pos=0.0000 p_dense=0.00 p_sel=0.0000 p_sel_pos=0.0000 p_hot_err=0.000000 p_bg_err=0.000000 p_gap=0.000000 peer_val_mse=0.27126333 peer_val_mae=0.33938746
[worker1/etth1_teacher_ft_v2_gpu0] [time_series_etth1_teacher_ft_v2/trs16_res03_lr25e4] [time_series][epoch 065] lambda=0.0010 g_scale=0.080 corr_scale=1.000 freeze_student=0 focus=0.7876 train_total=0.20806847 train_sup=0.20722605 train_imit=0.86619421 mean_w=0.5435 active=0.7290 s_dense=0.00 s_pos=0.5805 s_sel=0.7290 s_sel_pos=1.2559 s_hot_err=0.210739 s_bg_err=0.192518 s_gap=-0.034578 conf_cos=0.0000 conf_proj=0.00 val_mse=0.31525372 val_mae=0.38151406 | p_pos=0.0000 p_dense=0.00 p_sel=0.0000 p_sel_pos=0.0000 p_hot_err=0.000000 p_bg_err=0.000000 p_gap=0.000000 peer_val_mse=0.27126333 peer_val_mae=0.33938746
[worker1/etth1_teacher_ft_v2_gpu0] [time_series_etth1_teacher_ft_v2/trs16_res03_lr25e4] [time_series][epoch 066] lambda=0.0010 g_scale=0.080 corr_scale=1.000 freeze_student=0 focus=0.7876 train_total=0.20806252 train_sup=0.20722016 train_imit=0.86614083 mean_w=0.5429 active=0.7276 s_dense=0.00 s_pos=0.5805 s_sel=0.7276 s_sel_pos=1.2536 s_hot_err=0.210421 s_bg_err=0.193475 s_gap=-0.034433 conf_cos=0.0000 conf_proj=0.00 val_mse=0.31524360 val_mae=0.38150608 | p_pos=0.0000 p_dense=0.00 p_sel=0.0000 p_sel_pos=0.0000 p_hot_err=0.000000 p_bg_err=0.000000 p_gap=0.000000 peer_val_mse=0.27126333 peer_val_mae=0.33938746
[worker1/etth1_teacher_ft_v2_gpu0] [time_series_etth1_teacher_ft_v2/trs16_res03_lr25e4] [time_series][epoch 067] lambda=0.0010 g_scale=0.080 corr_scale=1.000 freeze_student=0 focus=0.7876 train_total=0.20805715 train_sup=0.20721663 train_imit=0.86425487 mean_w=0.5416 active=0.7259 s_dense=0.00 s_pos=0.5805 s_sel=0.7259 s_sel_pos=1.2506 s_hot_err=0.210471 s_bg_err=0.193393 s_gap=-0.034281 conf_cos=0.0000 conf_proj=0.00 val_mse=0.31523724 val_mae=0.38150327 | p_pos=0.0000 p_dense=0.00 p_sel=0.0000 p_sel_pos=0.0000 p_hot_err=0.000000 p_bg_err=0.000000 p_gap=0.000000 peer_val_mse=0.27126333 peer_val_mae=0.33938746
[worker1/etth1_teacher_ft_v2_gpu0] [time_series_etth1_teacher_ft_v2/trs16_res03_lr25e4] [time_series][epoch 068] lambda=0.0010 g_scale=0.080 corr_scale=1.000 freeze_student=0 focus=0.7876 train_total=0.20805126 train_sup=0.20720601 train_imit=0.86913845 mean_w=0.5439 active=0.7280 s_dense=0.00 s_pos=0.5805 s_sel=0.7280 s_sel_pos=1.2541 s_hot_err=0.210729 s_bg_err=0.192555 s_gap=-0.034556 conf_cos=0.0000 conf_proj=0.00 val_mse=0.31519610 val_mae=0.38147651 | p_pos=0.0000 p_dense=0.00 p_sel=0.0000 p_sel_pos=0.0000 p_hot_err=0.000000 p_bg_err=0.000000 p_gap=0.000000 peer_val_mse=0.27126333 peer_val_mae=0.33938746
[worker1/etth1_teacher_ft_v2_gpu0] [time_series_etth1_teacher_ft_v2/trs16_res03_lr25e4] [time_series][epoch 069] lambda=0.0010 g_scale=0.080 corr_scale=1.000 freeze_student=0 focus=0.7876 train_total=0.20804519 train_sup=0.20719942 train_imit=0.86968532 mean_w=0.5437 active=0.7270 s_dense=0.00 s_pos=0.5805 s_sel=0.7270 s_sel_pos=1.2525 s_hot_err=0.210443 s_bg_err=0.193320 s_gap=-0.034447 conf_cos=0.0000 conf_proj=0.00 val_mse=0.31520377 val_mae=0.38147957 | p_pos=0.0000 p_dense=0.00 p_sel=0.0000 p_sel_pos=0.0000 p_hot_err=0.000000 p_bg_err=0.000000 p_gap=0.000000 peer_val_mse=0.27126333 peer_val_mae=0.33938746
[worker1/etth1_teacher_ft_v2_gpu0] [time_series_etth1_teacher_ft_v2/trs16_res03_lr25e4] [time_series][epoch 070] lambda=0.0010 g_scale=0.080 corr_scale=1.000 freeze_student=0 focus=0.7876 train_total=0.20803880 train_sup=0.20719416 train_imit=0.86853026 mean_w=0.5427 active=0.7255 s_dense=0.00 s_pos=0.5805 s_sel=0.7255 s_sel_pos=1.2499 s_hot_err=0.210396 s_bg_err=0.193562 s_gap=-0.034343 conf_cos=0.0000 conf_proj=0.00 val_mse=0.31519070 val_mae=0.38147270 | p_pos=0.0000 p_dense=0.00 p_sel=0.0000 p_sel_pos=0.0000 p_hot_err=0.000000 p_bg_err=0.000000 p_gap=0.000000 peer_val_mse=0.27126333 peer_val_mae=0.33938746
[worker1/etth1_teacher_ft_v2_gpu0] [time_series_etth1_teacher_ft_v2/trs16_res03_lr25e4] [time_series][epoch 070] updated live plot
[worker1/etth1_teacher_ft_v2_gpu0] [time_series_etth1_teacher_ft_v2/trs16_res03_lr25e4] [time_series][epoch 071] lambda=0.0010 g_scale=0.080 corr_scale=1.000 freeze_student=0 focus=0.7876 train_total=0.20803296 train_sup=0.20718817 train_imit=0.86869230 mean_w=0.5425 active=0.7251 s_dense=0.00 s_pos=0.5805 s_sel=0.7251 s_sel_pos=1.2491 s_hot_err=0.210500 s_bg_err=0.193286 s_gap=-0.034373 conf_cos=0.0000 conf_proj=0.00 val_mse=0.31518085 val_mae=0.38146766 | p_pos=0.0000 p_dense=0.00 p_sel=0.0000 p_sel_pos=0.0000 p_hot_err=0.000000 p_bg_err=0.000000 p_gap=0.000000 peer_val_mse=0.27126333 peer_val_mae=0.33938746
[worker1/etth1_teacher_ft_v2_gpu0] [time_series_etth1_teacher_ft_v2/trs16_res03_lr25e4] [time_series][epoch 072] lambda=0.0010 g_scale=0.080 corr_scale=1.000 freeze_student=0 focus=0.7876 train_total=0.20802662 train_sup=0.20717993 train_imit=0.87064905 mean_w=0.5432 active=0.7251 s_dense=0.00 s_pos=0.5805 s_sel=0.7251 s_sel_pos=1.2491 s_hot_err=0.210441 s_bg_err=0.193422 s_gap=-0.034351 conf_cos=0.0000 conf_proj=0.00 val_mse=0.31516625 val_mae=0.38145822 | p_pos=0.0000 p_dense=0.00 p_sel=0.0000 p_sel_pos=0.0000 p_hot_err=0.000000 p_bg_err=0.000000 p_gap=0.000000 peer_val_mse=0.27126333 peer_val_mae=0.33938746
[worker1/etth1_teacher_ft_v2_gpu0] [time_series_etth1_teacher_ft_v2/trs16_res03_lr25e4] [time_series][epoch 073] lambda=0.0010 g_scale=0.080 corr_scale=1.000 freeze_student=0 focus=0.7876 train_total=0.20802056 train_sup=0.20717336 train_imit=0.87118776 mean_w=0.5432 active=0.7246 s_dense=0.00 s_pos=0.5805 s_sel=0.7246 s_sel_pos=1.2483 s_hot_err=0.210461 s_bg_err=0.193369 s_gap=-0.034391 conf_cos=0.0000 conf_proj=0.00 val_mse=0.31515765 val_mae=0.38145387 | p_pos=0.0000 p_dense=0.00 p_sel=0.0000 p_sel_pos=0.0000 p_hot_err=0.000000 p_bg_err=0.000000 p_gap=0.000000 peer_val_mse=0.27126333 peer_val_mae=0.33938746
[worker1/etth1_teacher_ft_v2_gpu0] [time_series_etth1_teacher_ft_v2/trs16_res03_lr25e4] [time_series][epoch 074] lambda=0.0010 g_scale=0.080 corr_scale=1.000 freeze_student=0 focus=0.7876 train_total=0.20801430 train_sup=0.20716528 train_imit=0.87306616 mean_w=0.5436 active=0.7244 s_dense=0.00 s_pos=0.5805 s_sel=0.7244 s_sel_pos=1.2479 s_hot_err=0.210236 s_bg_err=0.193998 s_gap=-0.034406 conf_cos=0.0000 conf_proj=0.00 val_mse=0.31512784 val_mae=0.38143143 | p_pos=0.0000 p_dense=0.00 p_sel=0.0000 p_sel_pos=0.0000 p_hot_err=0.000000 p_bg_err=0.000000 p_gap=0.000000 peer_val_mse=0.27126333 peer_val_mae=0.33938746
[worker1/etth1_teacher_ft_v2_gpu0] [time_series_etth1_teacher_ft_v2/trs16_res03_lr25e4] [time_series][epoch 075] lambda=0.0010 g_scale=0.080 corr_scale=1.000 freeze_student=0 focus=0.7876 train_total=0.20800794 train_sup=0.20715978 train_imit=0.87220261 mean_w=0.5427 active=0.7228 s_dense=0.00 s_pos=0.5805 s_sel=0.7228 s_sel_pos=1.2452 s_hot_err=0.210167 s_bg_err=0.194209 s_gap=-0.034316 conf_cos=0.0000 conf_proj=0.00 val_mse=0.31510127 val_mae=0.38141414 | p_pos=0.0000 p_dense=0.00 p_sel=0.0000 p_sel_pos=0.0000 p_hot_err=0.000000 p_bg_err=0.000000 p_gap=0.000000 peer_val_mse=0.27126333 peer_val_mae=0.33938746
[worker1/etth1_teacher_ft_v2_gpu0] [time_series_etth1_teacher_ft_v2/trs16_res03_lr25e4] [time_series][epoch 076] lambda=0.0010 g_scale=0.080 corr_scale=1.000 freeze_student=0 focus=0.7876 train_total=0.20800107 train_sup=0.20715116 train_imit=0.87400067 mean_w=0.5434 active=0.7231 s_dense=0.00 s_pos=0.5805 s_sel=0.7231 s_sel_pos=1.2457 s_hot_err=0.210332 s_bg_err=0.193744 s_gap=-0.034390 conf_cos=0.0000 conf_proj=0.00 val_mse=0.31510535 val_mae=0.38142088 | p_pos=0.0000 p_dense=0.00 p_sel=0.0000 p_sel_pos=0.0000 p_hot_err=0.000000 p_bg_err=0.000000 p_gap=0.000000 peer_val_mse=0.27126333 peer_val_mae=0.33938746
[worker1/etth1_teacher_ft_v2_gpu0] [time_series_etth1_teacher_ft_v2/trs16_res03_lr25e4] [time_series][epoch 077] lambda=0.0010 g_scale=0.080 corr_scale=1.000 freeze_student=0 focus=0.7876 train_total=0.20799508 train_sup=0.20714408 train_imit=0.87513091 mean_w=0.5436 active=0.7227 s_dense=0.00 s_pos=0.5805 s_sel=0.7227 s_sel_pos=1.2450 s_hot_err=0.210253 s_bg_err=0.193941 s_gap=-0.034395 conf_cos=0.0000 conf_proj=0.00 val_mse=0.31507246 val_mae=0.38139917 | p_pos=0.0000 p_dense=0.00 p_sel=0.0000 p_sel_pos=0.0000 p_hot_err=0.000000 p_bg_err=0.000000 p_gap=0.000000 peer_val_mse=0.27126333 peer_val_mae=0.33938746
[worker1/etth1_teacher_ft_v2_gpu0] [time_series_etth1_teacher_ft_v2/trs16_res03_lr25e4] [time_series][epoch 078] lambda=0.0010 g_scale=0.080 corr_scale=1.000 freeze_student=0 focus=0.7876 train_total=0.20798887 train_sup=0.20714021 train_imit=0.87272390 mean_w=0.5421 active=0.7207 s_dense=0.00 s_pos=0.5805 s_sel=0.7207 s_sel_pos=1.2417 s_hot_err=0.210360 s_bg_err=0.193764 s_gap=-0.034331 conf_cos=0.0000 conf_proj=0.00 val_mse=0.31511233 val_mae=0.38142991 | p_pos=0.0000 p_dense=0.00 p_sel=0.0000 p_sel_pos=0.0000 p_hot_err=0.000000 p_bg_err=0.000000 p_gap=0.000000 peer_val_mse=0.27126333 peer_val_mae=0.33938746
[worker1/etth1_teacher_ft_v2_gpu0] [time_series_etth1_teacher_ft_v2/trs16_res03_lr25e4] [time_series][epoch 079] lambda=0.0010 g_scale=0.080 corr_scale=1.000 freeze_student=0 focus=0.7876 train_total=0.20798248 train_sup=0.20713372 train_imit=0.87284085 mean_w=0.5417 active=0.7196 s_dense=0.00 s_pos=0.5805 s_sel=0.7196 s_sel_pos=1.2397 s_hot_err=0.209975 s_bg_err=0.194790 s_gap=-0.034269 conf_cos=0.0000 conf_proj=0.00 val_mse=0.31507522 val_mae=0.38140201 | p_pos=0.0000 p_dense=0.00 p_sel=0.0000 p_sel_pos=0.0000 p_hot_err=0.000000 p_bg_err=0.000000 p_gap=0.000000 peer_val_mse=0.27126333 peer_val_mae=0.33938746
[worker1/etth1_teacher_ft_v2_gpu0] [time_series_etth1_teacher_ft_v2/trs16_res03_lr25e4] [time_series][epoch 080] lambda=0.0010 g_scale=0.080 corr_scale=1.000 freeze_student=0 focus=0.7876 train_total=0.20797567 train_sup=0.20712452 train_imit=0.87530504 mean_w=0.5427 active=0.7201 s_dense=0.00 s_pos=0.5805 s_sel=0.7201 s_sel_pos=1.2405 s_hot_err=0.209980 s_bg_err=0.194718 s_gap=-0.034403 conf_cos=0.0000 conf_proj=0.00 val_mse=0.31507292 val_mae=0.38140282 | p_pos=0.0000 p_dense=0.00 p_sel=0.0000 p_sel_pos=0.0000 p_hot_err=0.000000 p_bg_err=0.000000 p_gap=0.000000 peer_val_mse=0.27126333 peer_val_mae=0.33938746
[worker1/etth1_teacher_ft_v2_gpu0] [time_series_etth1_teacher_ft_v2/trs16_res03_lr25e4] [time_series][epoch 080] updated live plot
[worker1/etth1_teacher_ft_v2_gpu0] [time_series_etth1_teacher_ft_v2/trs16_res03_lr25e4] [time_series][ssml_diag] gate_mode=peer_better_student_error score_transform=none window_score_k=1 smooth_k=1 expand_k=1 tail_start=0.00 residual_beta=1.000 ema_decay=0.000 weight_mode=score freeze_peer=True worse_only=False anchor_w=0.04000 imit_space=raw residual_space_k=9 conflict_proj=0 topk_scope=total max_sel=1.000 adaptive_dense_thr=1.100 positive_upper_q=1.000 guidance_schedule=warmup_then_decay correction_init_bias=-0.350 correction_ramp=12->26 correction_freeze_student_epochs=0 correction_only=1 correction_tail_start=0.12 correction_regime_q=0.18 correction_focus_alpha=0.15 correction_peer_adv_q=0.00 correction_peer_adv_min=0.0000 correction_peer_adv_k=1 correction_feature_mode=trend_residual correction_regime=1 correction_decomp_k=13 correction_trend_scale=1.600 correction_residual_scale=0.300 first_active_epoch=13 best_before_active=0.32025379@1 best_after_active=0.29888547@26
[worker1/etth1_teacher_ft_v2_gpu0] [time_series_etth1_teacher_ft_v2/trs16_res03_lr25e4] [time_series] done
[worker1/etth1_teacher_ft_v2_gpu0] [time_series_etth1_teacher_ft_v2/trs16_res03_lr25e4] [time_series] dataset=etth1 pair=transformer:dlinear method=ssml seed=1 pred_len=24
[worker1/etth1_teacher_ft_v2_gpu0] [time_series_etth1_teacher_ft_v2/trs16_res03_lr25e4] [time_series] loaded init_checkpoint=results/time_series_etth1_all_methods_long_v3/time_series/etth1/transformer_independent_huber_seed1/best_model.pt
[worker1/etth1_teacher_ft_v2_gpu0] [time_series_etth1_teacher_ft_v2/trs16_res03_lr25e4] [time_series] loaded peer_init_checkpoint=results/time_series_etth1_all_methods_long_v3/time_series/etth1/dlinear_independent_huber_seed1/best_model.pt
[worker1/etth1_teacher_ft_v2_gpu0] [time_series_etth1_teacher_ft_v2/trs16_res03_lr25e4] [time_series] run_dir=results/time_series_etth1_teacher_ft_v2/worker1_gpu0/trs16_res03_lr25e4/time_series/etth1/transformer__dlinear_ssml_huber_seed1
[worker1/etth1_teacher_ft_v2_gpu0] [time_series_etth1_teacher_ft_v2/trs16_res03_lr25e4] [time_series] params=1634
[worker1/etth1_teacher_ft_v2_gpu0] [time_series_etth1_teacher_ft_v2/trs16_res03_lr25e4] [time_series] correction_gate_params=1634
[worker1/etth1_teacher_ft_v2_gpu1] [time_series_etth1_teacher_ft_v2/trs10_res02_lr15e4] [time_series][epoch 065] lambda=0.0004 g_scale=0.050 corr_scale=1.000 freeze_student=0 focus=0.9583 train_total=0.20751277 train_sup=0.20715611 train_imit=0.87307615 mean_w=0.7432 active=0.9583 s_dense=0.00 s_pos=0.7080 s_sel=0.9583 s_sel_pos=1.3537 s_hot_err=0.211544 s_bg_err=0.094116 s_gap=-0.049895 conf_cos=0.0000 conf_proj=0.00 val_mse=0.31789548 val_mae=0.38348078 | p_pos=0.0000 p_dense=0.00 p_sel=0.0000 p_sel_pos=0.0000 p_hot_err=0.000000 p_bg_err=0.000000 p_gap=0.000000 peer_val_mse=0.27126333 peer_val_mae=0.33938746
[worker1/etth1_teacher_ft_v2_gpu1] [time_series_etth1_teacher_ft_v2/trs10_res02_lr15e4] [time_series][epoch 066] lambda=0.0004 g_scale=0.050 corr_scale=1.000 freeze_student=0 focus=0.9583 train_total=0.20751123 train_sup=0.20715391 train_imit=0.87472741 mean_w=0.7434 active=0.9583 s_dense=0.00 s_pos=0.7080 s_sel=0.9583 s_sel_pos=1.3537 s_hot_err=0.211542 s_bg_err=0.094115 s_gap=-0.049893 conf_cos=0.0000 conf_proj=0.00 val_mse=0.31788666 val_mae=0.38347360 | p_pos=0.0000 p_dense=0.00 p_sel=0.0000 p_sel_pos=0.0000 p_hot_err=0.000000 p_bg_err=0.000000 p_gap=0.000000 peer_val_mse=0.27126333 peer_val_mae=0.33938746
[worker1/etth1_teacher_ft_v2_gpu1] [time_series_etth1_teacher_ft_v2/trs10_res02_lr15e4] [time_series][epoch 067] lambda=0.0004 g_scale=0.050 corr_scale=1.000 freeze_student=0 focus=0.9583 train_total=0.20750967 train_sup=0.20715187 train_imit=0.87591298 mean_w=0.7434 active=0.9583 s_dense=0.00 s_pos=0.7080 s_sel=0.9583 s_sel_pos=1.3537 s_hot_err=0.211540 s_bg_err=0.094115 s_gap=-0.049893 conf_cos=0.0000 conf_proj=0.00 val_mse=0.31787884 val_mae=0.38346679 | p_pos=0.0000 p_dense=0.00 p_sel=0.0000 p_sel_pos=0.0000 p_hot_err=0.000000 p_bg_err=0.000000 p_gap=0.000000 peer_val_mse=0.27126333 peer_val_mae=0.33938746
[worker1/etth1_teacher_ft_v2_gpu1] [time_series_etth1_teacher_ft_v2/trs10_res02_lr15e4] [time_series][epoch 068] lambda=0.0004 g_scale=0.050 corr_scale=1.000 freeze_student=0 focus=0.9583 train_total=0.20750815 train_sup=0.20714985 train_imit=0.87716456 mean_w=0.7434 active=0.9583 s_dense=0.00 s_pos=0.7080 s_sel=0.9583 s_sel_pos=1.3537 s_hot_err=0.211538 s_bg_err=0.094115 s_gap=-0.049893 conf_cos=0.0000 conf_proj=0.00 val_mse=0.31787066 val_mae=0.38345971 | p_pos=0.0000 p_dense=0.00 p_sel=0.0000 p_sel_pos=0.0000 p_hot_err=0.000000 p_bg_err=0.000000 p_gap=0.000000 peer_val_mse=0.27126333 peer_val_mae=0.33938746
[worker1/etth1_teacher_ft_v2_gpu1] [time_series_etth1_teacher_ft_v2/trs10_res02_lr15e4] [time_series][epoch 069] lambda=0.0004 g_scale=0.050 corr_scale=1.000 freeze_student=0 focus=0.9583 train_total=0.20750661 train_sup=0.20714763 train_imit=0.87884780 mean_w=0.7435 active=0.9583 s_dense=0.00 s_pos=0.7080 s_sel=0.9583 s_sel_pos=1.3537 s_hot_err=0.211536 s_bg_err=0.094114 s_gap=-0.049891 conf_cos=0.0000 conf_proj=0.00 val_mse=0.31785962 val_mae=0.38345072 | p_pos=0.0000 p_dense=0.00 p_sel=0.0000 p_sel_pos=0.0000 p_hot_err=0.000000 p_bg_err=0.000000 p_gap=0.000000 peer_val_mse=0.27126333 peer_val_mae=0.33938746
[worker1/etth1_teacher_ft_v2_gpu1] [time_series_etth1_teacher_ft_v2/trs10_res02_lr15e4] [time_series][epoch 070] lambda=0.0004 g_scale=0.050 corr_scale=1.000 freeze_student=0 focus=0.9583 train_total=0.20750504 train_sup=0.20714555 train_imit=0.88013366 mean_w=0.7436 active=0.9583 s_dense=0.00 s_pos=0.7080 s_sel=0.9583 s_sel_pos=1.3537 s_hot_err=0.211533 s_bg_err=0.094121 s_gap=-0.049887 conf_cos=0.0000 conf_proj=0.00 val_mse=0.31785226 val_mae=0.38344451 | p_pos=0.0000 p_dense=0.00 p_sel=0.0000 p_sel_pos=0.0000 p_hot_err=0.000000 p_bg_err=0.000000 p_gap=0.000000 peer_val_mse=0.27126333 peer_val_mae=0.33938746
[worker1/etth1_teacher_ft_v2_gpu1] [time_series_etth1_teacher_ft_v2/trs10_res02_lr15e4] [time_series][epoch 070] updated live plot
[worker1/etth1_teacher_ft_v2_gpu1] [time_series_etth1_teacher_ft_v2/trs10_res02_lr15e4] [time_series][epoch 071] lambda=0.0004 g_scale=0.050 corr_scale=1.000 freeze_student=0 focus=0.9583 train_total=0.20750352 train_sup=0.20714349 train_imit=0.88148216 mean_w=0.7437 active=0.9583 s_dense=0.00 s_pos=0.7080 s_sel=0.9583 s_sel_pos=1.3537 s_hot_err=0.211531 s_bg_err=0.094121 s_gap=-0.049884 conf_cos=0.0000 conf_proj=0.00 val_mse=0.31784573 val_mae=0.38343878 | p_pos=0.0000 p_dense=0.00 p_sel=0.0000 p_sel_pos=0.0000 p_hot_err=0.000000 p_bg_err=0.000000 p_gap=0.000000 peer_val_mse=0.27126333 peer_val_mae=0.33938746
[worker1/etth1_teacher_ft_v2_gpu1] [time_series_etth1_teacher_ft_v2/trs10_res02_lr15e4] [time_series][epoch 072] lambda=0.0004 g_scale=0.050 corr_scale=1.000 freeze_student=0 focus=0.9583 train_total=0.20750196 train_sup=0.20714145 train_imit=0.88267232 mean_w=0.7436 active=0.9583 s_dense=0.00 s_pos=0.7080 s_sel=0.9583 s_sel_pos=1.3537 s_hot_err=0.211529 s_bg_err=0.094121 s_gap=-0.049878 conf_cos=0.0000 conf_proj=0.00 val_mse=0.31783828 val_mae=0.38343217 | p_pos=0.0000 p_dense=0.00 p_sel=0.0000 p_sel_pos=0.0000 p_hot_err=0.000000 p_bg_err=0.000000 p_gap=0.000000 peer_val_mse=0.27126333 peer_val_mae=0.33938746
[worker1/etth1_teacher_ft_v2_gpu1] [time_series_etth1_teacher_ft_v2/trs10_res02_lr15e4] [time_series][epoch 073] lambda=0.0004 g_scale=0.050 corr_scale=1.000 freeze_student=0 focus=0.9583 train_total=0.20750035 train_sup=0.20713915 train_imit=0.88440436 mean_w=0.7438 active=0.9583 s_dense=0.00 s_pos=0.7080 s_sel=0.9583 s_sel_pos=1.3537 s_hot_err=0.211527 s_bg_err=0.094129 s_gap=-0.049869 conf_cos=0.0000 conf_proj=0.00 val_mse=0.31782857 val_mae=0.38342418 | p_pos=0.0000 p_dense=0.00 p_sel=0.0000 p_sel_pos=0.0000 p_hot_err=0.000000 p_bg_err=0.000000 p_gap=0.000000 peer_val_mse=0.27126333 peer_val_mae=0.33938746
[worker1/etth1_teacher_ft_v2_gpu1] [time_series_etth1_teacher_ft_v2/trs10_res02_lr15e4] [time_series][epoch 074] lambda=0.0004 g_scale=0.050 corr_scale=1.000 freeze_student=0 focus=0.9583 train_total=0.20749874 train_sup=0.20713710 train_imit=0.88551173 mean_w=0.7438 active=0.9583 s_dense=0.00 s_pos=0.7080 s_sel=0.9583 s_sel_pos=1.3537 s_hot_err=0.211525 s_bg_err=0.094127 s_gap=-0.049864 conf_cos=0.0000 conf_proj=0.00 val_mse=0.31782381 val_mae=0.38341975 | p_pos=0.0000 p_dense=0.00 p_sel=0.0000 p_sel_pos=0.0000 p_hot_err=0.000000 p_bg_err=0.000000 p_gap=0.000000 peer_val_mse=0.27126333 peer_val_mae=0.33938746
[worker1/etth1_teacher_ft_v2_gpu1] [time_series_etth1_teacher_ft_v2/trs10_res02_lr15e4] [time_series][epoch 075] lambda=0.0004 g_scale=0.050 corr_scale=1.000 freeze_student=0 focus=0.9583 train_total=0.20749717 train_sup=0.20713508 train_imit=0.88662339 mean_w=0.7438 active=0.9583 s_dense=0.00 s_pos=0.7080 s_sel=0.9583 s_sel_pos=1.3536 s_hot_err=0.211522 s_bg_err=0.094158 s_gap=-0.049850 conf_cos=0.0000 conf_proj=0.00 val_mse=0.31782216 val_mae=0.38341757 | p_pos=0.0000 p_dense=0.00 p_sel=0.0000 p_sel_pos=0.0000 p_hot_err=0.000000 p_bg_err=0.000000 p_gap=0.000000 peer_val_mse=0.27126333 peer_val_mae=0.33938746
[worker1/etth1_teacher_ft_v2_gpu1] [time_series_etth1_teacher_ft_v2/trs10_res02_lr15e4] [time_series][epoch 076] lambda=0.0004 g_scale=0.050 corr_scale=1.000 freeze_student=0 focus=0.9583 train_total=0.20749556 train_sup=0.20713314 train_imit=0.88743306 mean_w=0.7438 active=0.9583 s_dense=0.00 s_pos=0.7080 s_sel=0.9583 s_sel_pos=1.3537 s_hot_err=0.211520 s_bg_err=0.094154 s_gap=-0.049848 conf_cos=0.0000 conf_proj=0.00 val_mse=0.31781959 val_mae=0.38341486 | p_pos=0.0000 p_dense=0.00 p_sel=0.0000 p_sel_pos=0.0000 p_hot_err=0.000000 p_bg_err=0.000000 p_gap=0.000000 peer_val_mse=0.27126333 peer_val_mae=0.33938746
[worker1/etth1_teacher_ft_v2_gpu1] [time_series_etth1_teacher_ft_v2/trs10_res02_lr15e4] [time_series][epoch 077] lambda=0.0004 g_scale=0.050 corr_scale=1.000 freeze_student=0 focus=0.9583 train_total=0.20749394 train_sup=0.20713119 train_imit=0.88828273 mean_w=0.7437 active=0.9583 s_dense=0.00 s_pos=0.7080 s_sel=0.9583 s_sel_pos=1.3537 s_hot_err=0.211518 s_bg_err=0.094176 s_gap=-0.049835 conf_cos=0.0000 conf_proj=0.00 val_mse=0.31781670 val_mae=0.38341140 | p_pos=0.0000 p_dense=0.00 p_sel=0.0000 p_sel_pos=0.0000 p_hot_err=0.000000 p_bg_err=0.000000 p_gap=0.000000 peer_val_mse=0.27126333 peer_val_mae=0.33938746
[worker1/etth1_teacher_ft_v2_gpu1] [time_series_etth1_teacher_ft_v2/trs10_res02_lr15e4] [time_series][epoch 078] lambda=0.0004 g_scale=0.050 corr_scale=1.000 freeze_student=0 focus=0.9583 train_total=0.20749234 train_sup=0.20712922 train_imit=0.88919155 mean_w=0.7435 active=0.9583 s_dense=0.00 s_pos=0.7080 s_sel=0.9583 s_sel_pos=1.3536 s_hot_err=0.211515 s_bg_err=0.094198 s_gap=-0.049814 conf_cos=0.0000 conf_proj=0.00 val_mse=0.31780975 val_mae=0.38340529 | p_pos=0.0000 p_dense=0.00 p_sel=0.0000 p_sel_pos=0.0000 p_hot_err=0.000000 p_bg_err=0.000000 p_gap=0.000000 peer_val_mse=0.27126333 peer_val_mae=0.33938746
[worker1/etth1_teacher_ft_v2_gpu1] [time_series_etth1_teacher_ft_v2/trs10_res02_lr15e4] [time_series][epoch 079] lambda=0.0004 g_scale=0.050 corr_scale=1.000 freeze_student=0 focus=0.9583 train_total=0.20749063 train_sup=0.20712685 train_imit=0.89086118 mean_w=0.7439 active=0.9583 s_dense=0.00 s_pos=0.7080 s_sel=0.9583 s_sel_pos=1.3536 s_hot_err=0.211513 s_bg_err=0.094201 s_gap=-0.049797 conf_cos=0.0000 conf_proj=0.00 val_mse=0.31780616 val_mae=0.38340193 | p_pos=0.0000 p_dense=0.00 p_sel=0.0000 p_sel_pos=0.0000 p_hot_err=0.000000 p_bg_err=0.000000 p_gap=0.000000 peer_val_mse=0.27126333 peer_val_mae=0.33938746
[worker1/etth1_teacher_ft_v2_gpu1] [time_series_etth1_teacher_ft_v2/trs10_res02_lr15e4] [time_series][epoch 080] lambda=0.0004 g_scale=0.050 corr_scale=1.000 freeze_student=0 focus=0.9583 train_total=0.20748893 train_sup=0.20712463 train_imit=0.89216693 mean_w=0.7441 active=0.9583 s_dense=0.00 s_pos=0.7080 s_sel=0.9583 s_sel_pos=1.3537 s_hot_err=0.211510 s_bg_err=0.094218 s_gap=-0.049769 conf_cos=0.0000 conf_proj=0.00 val_mse=0.31780498 val_mae=0.38340007 | p_pos=0.0000 p_dense=0.00 p_sel=0.0000 p_sel_pos=0.0000 p_hot_err=0.000000 p_bg_err=0.000000 p_gap=0.000000 peer_val_mse=0.27126333 peer_val_mae=0.33938746
[worker1/etth1_teacher_ft_v2_gpu1] [time_series_etth1_teacher_ft_v2/trs10_res02_lr15e4] [time_series][epoch 080] updated live plot
[worker1/etth1_teacher_ft_v2_gpu1] [time_series_etth1_teacher_ft_v2/trs10_res02_lr15e4] [time_series][ssml_diag] gate_mode=peer_better_student_error score_transform=none window_score_k=1 smooth_k=1 expand_k=1 tail_start=0.00 residual_beta=1.000 ema_decay=0.000 weight_mode=score freeze_peer=True worse_only=False anchor_w=0.06000 imit_space=raw residual_space_k=9 conflict_proj=0 topk_scope=total max_sel=1.000 adaptive_dense_thr=1.100 positive_upper_q=1.000 guidance_schedule=warmup_then_decay correction_init_bias=-0.150 correction_ramp=10->24 correction_freeze_student_epochs=0 correction_only=1 correction_tail_start=0.08 correction_regime_q=0.12 correction_focus_alpha=0.12 correction_peer_adv_q=0.00 correction_peer_adv_min=0.0000 correction_peer_adv_k=1 correction_feature_mode=trend_residual correction_regime=1 correction_decomp_k=13 correction_trend_scale=1.000 correction_residual_scale=0.200 first_active_epoch=11 best_before_active=0.32025379@1 best_after_active=0.30276388@22
[worker1/etth1_teacher_ft_v2_gpu1] [time_series_etth1_teacher_ft_v2/trs10_res02_lr15e4] [time_series] done
[worker1/etth1_teacher_ft_v2_gpu1] [time_series_etth1_teacher_ft_v2/trs10_res02_lr15e4] [time_series] dataset=etth1 pair=transformer:dlinear method=ssml seed=1 pred_len=24
[worker1/etth1_teacher_ft_v2_gpu1] [time_series_etth1_teacher_ft_v2/trs10_res02_lr15e4] [time_series] loaded init_checkpoint=results/time_series_etth1_all_methods_long_v3/time_series/etth1/transformer_independent_huber_seed1/best_model.pt
[worker1/etth1_teacher_ft_v2_gpu1] [time_series_etth1_teacher_ft_v2/trs10_res02_lr15e4] [time_series] loaded peer_init_checkpoint=results/time_series_etth1_all_methods_long_v3/time_series/etth1/dlinear_independent_huber_seed1/best_model.pt
[worker1/etth1_teacher_ft_v2_gpu1] [time_series_etth1_teacher_ft_v2/trs10_res02_lr15e4] [time_series] run_dir=results/time_series_etth1_teacher_ft_v2/worker1_gpu1/trs10_res02_lr15e4/time_series/etth1/transformer__dlinear_ssml_huber_seed1
[worker1/etth1_teacher_ft_v2_gpu1] [time_series_etth1_teacher_ft_v2/trs10_res02_lr15e4] [time_series] params=1090
[worker1/etth1_teacher_ft_v2_gpu1] [time_series_etth1_teacher_ft_v2/trs10_res02_lr15e4] [time_series] correction_gate_params=1090
[worker1/etth1_teacher_ft_v2_gpu0] [time_series_etth1_teacher_ft_v2/trs16_res03_lr25e4] [time_series][epoch 001] lambda=0.0000 g_scale=0.000 corr_scale=0.000 freeze_student=0 focus=0.7876 train_total=0.22715656 train_sup=0.22715003 train_imit=0.75944574 mean_w=0.3263 active=0.0000 s_dense=0.00 s_pos=0.5960 s_sel=0.0000 s_sel_pos=0.0000 s_hot_err=0.000000 s_bg_err=0.225497 s_gap=0.000000 conf_cos=0.0000 conf_proj=0.00 val_mse=0.33108301 val_mae=0.39721113 | p_pos=0.0000 p_dense=0.00 p_sel=0.0000 p_sel_pos=0.0000 p_hot_err=0.000000 p_bg_err=0.000000 p_gap=0.000000 peer_val_mse=0.27207110 peer_val_mae=0.34015893
[worker1/etth1_teacher_ft_v2_gpu0] [time_series_etth1_teacher_ft_v2/trs16_res03_lr25e4] [time_series][epoch 002] lambda=0.0000 g_scale=0.000 corr_scale=0.000 freeze_student=0 focus=0.7876 train_total=0.22715618 train_sup=0.22715001 train_imit=0.76142668 mean_w=0.3085 active=0.0000 s_dense=0.00 s_pos=0.5960 s_sel=0.0000 s_sel_pos=0.0000 s_hot_err=0.000000 s_bg_err=0.225497 s_gap=0.000000 conf_cos=0.0000 conf_proj=0.00 val_mse=0.33108301 val_mae=0.39721113 | p_pos=0.0000 p_dense=0.00 p_sel=0.0000 p_sel_pos=0.0000 p_hot_err=0.000000 p_bg_err=0.000000 p_gap=0.000000 peer_val_mse=0.27207110 peer_val_mae=0.34015893
[worker1/etth1_teacher_ft_v2_gpu0] [time_series_etth1_teacher_ft_v2/trs16_res03_lr25e4] [time_series][epoch 003] lambda=0.0000 g_scale=0.000 corr_scale=0.000 freeze_student=0 focus=0.7876 train_total=0.22715594 train_sup=0.22715013 train_imit=0.76610443 mean_w=0.2904 active=0.0000 s_dense=0.00 s_pos=0.5960 s_sel=0.0000 s_sel_pos=0.0000 s_hot_err=0.000000 s_bg_err=0.225497 s_gap=0.000000 conf_cos=0.0000 conf_proj=0.00 val_mse=0.33108301 val_mae=0.39721113 | p_pos=0.0000 p_dense=0.00 p_sel=0.0000 p_sel_pos=0.0000 p_hot_err=0.000000 p_bg_err=0.000000 p_gap=0.000000 peer_val_mse=0.27207110 peer_val_mae=0.34015893
[worker1/etth1_teacher_ft_v2_gpu0] [time_series_etth1_teacher_ft_v2/trs16_res03_lr25e4] [time_series][epoch 004] lambda=0.0000 g_scale=0.000 corr_scale=0.000 freeze_student=0 focus=0.7876 train_total=0.22715574 train_sup=0.22715031 train_imit=0.77407577 mean_w=0.2712 active=0.0000 s_dense=0.00 s_pos=0.5960 s_sel=0.0000 s_sel_pos=0.0000 s_hot_err=0.000000 s_bg_err=0.225497 s_gap=0.000000 conf_cos=0.0000 conf_proj=0.00 val_mse=0.33108301 val_mae=0.39721113 | p_pos=0.0000 p_dense=0.00 p_sel=0.0000 p_sel_pos=0.0000 p_hot_err=0.000000 p_bg_err=0.000000 p_gap=0.000000 peer_val_mse=0.27207110 peer_val_mae=0.34015893
[worker1/etth1_teacher_ft_v2_gpu0] [time_series_etth1_teacher_ft_v2/trs16_res03_lr25e4] [time_series][epoch 005] lambda=0.0000 g_scale=0.000 corr_scale=0.000 freeze_student=0 focus=0.7876 train_total=0.22715503 train_sup=0.22715002 train_imit=0.78657922 mean_w=0.2505 active=0.0000 s_dense=0.00 s_pos=0.5960 s_sel=0.0000 s_sel_pos=0.0000 s_hot_err=0.000000 s_bg_err=0.225497 s_gap=0.000000 conf_cos=0.0000 conf_proj=0.00 val_mse=0.33108301 val_mae=0.39721113 | p_pos=0.0000 p_dense=0.00 p_sel=0.0000 p_sel_pos=0.0000 p_hot_err=0.000000 p_bg_err=0.000000 p_gap=0.000000 peer_val_mse=0.27207110 peer_val_mae=0.34015893
[worker1/etth1_teacher_ft_v2_gpu0] [time_series_etth1_teacher_ft_v2/trs16_res03_lr25e4] [time_series][epoch 006] lambda=0.0120 g_scale=1.000 corr_scale=0.000 freeze_student=0 focus=0.7876 train_total=0.23650210 train_sup=0.22715000 train_imit=0.77890270 mean_w=0.2633 active=0.0000 s_dense=0.00 s_pos=0.5960 s_sel=0.0000 s_sel_pos=0.0000 s_hot_err=0.000000 s_bg_err=0.225497 s_gap=0.000000 conf_cos=0.0000 conf_proj=0.00 val_mse=0.33108301 val_mae=0.39721113 | p_pos=0.0000 p_dense=0.00 p_sel=0.0000 p_sel_pos=0.0000 p_hot_err=0.000000 p_bg_err=0.000000 p_gap=0.000000 peer_val_mse=0.27207110 peer_val_mae=0.34015893
[worker1/etth1_teacher_ft_v2_gpu0] [time_series_etth1_teacher_ft_v2/trs16_res03_lr25e4] [time_series][epoch 007] lambda=0.0120 g_scale=1.000 corr_scale=0.000 freeze_student=0 focus=0.7876 train_total=0.23626701 train_sup=0.22715038 train_imit=0.75920715 mean_w=0.3074 active=0.0000 s_dense=0.00 s_pos=0.5960 s_sel=0.0000 s_sel_pos=0.0000 s_hot_err=0.000000 s_bg_err=0.225497 s_gap=0.000000 conf_cos=0.0000 conf_proj=0.00 val_mse=0.33108301 val_mae=0.39721113 | p_pos=0.0000 p_dense=0.00 p_sel=0.0000 p_sel_pos=0.0000 p_hot_err=0.000000 p_bg_err=0.000000 p_gap=0.000000 peer_val_mse=0.27207110 peer_val_mae=0.34015893
[worker1/etth1_teacher_ft_v2_gpu1] [time_series_etth1_teacher_ft_v2/trs10_res02_lr15e4] [time_series][epoch 001] lambda=0.0000 g_scale=0.000 corr_scale=0.000 freeze_student=0 focus=0.9583 train_total=0.22606765 train_sup=0.22606341 train_imit=0.78454371 mean_w=0.4241 active=0.0000 s_dense=0.00 s_pos=0.7265 s_sel=0.0000 s_sel_pos=0.0000 s_hot_err=0.000000 s_bg_err=0.225497 s_gap=0.000000 conf_cos=0.0000 conf_proj=0.00 val_mse=0.33108301 val_mae=0.39721113 | p_pos=0.0000 p_dense=0.00 p_sel=0.0000 p_sel_pos=0.0000 p_hot_err=0.000000 p_bg_err=0.000000 p_gap=0.000000 peer_val_mse=0.27207110 peer_val_mae=0.34015893
[worker1/etth1_teacher_ft_v2_gpu1] [time_series_etth1_teacher_ft_v2/trs10_res02_lr15e4] [time_series][epoch 002] lambda=0.0000 g_scale=0.000 corr_scale=0.000 freeze_student=0 focus=0.9583 train_total=0.22606753 train_sup=0.22606341 train_imit=0.78744607 mean_w=0.4114 active=0.0000 s_dense=0.00 s_pos=0.7265 s_sel=0.0000 s_sel_pos=0.0000 s_hot_err=0.000000 s_bg_err=0.225497 s_gap=0.000000 conf_cos=0.0000 conf_proj=0.00 val_mse=0.33108301 val_mae=0.39721113 | p_pos=0.0000 p_dense=0.00 p_sel=0.0000 p_sel_pos=0.0000 p_hot_err=0.000000 p_bg_err=0.000000 p_gap=0.000000 peer_val_mse=0.27207110 peer_val_mae=0.34015893
[worker1/etth1_teacher_ft_v2_gpu1] [time_series_etth1_teacher_ft_v2/trs10_res02_lr15e4] [time_series][epoch 003] lambda=0.0000 g_scale=0.000 corr_scale=0.000 freeze_student=0 focus=0.9583 train_total=0.22606740 train_sup=0.22606341 train_imit=0.79164405 mean_w=0.3990 active=0.0000 s_dense=0.00 s_pos=0.7265 s_sel=0.0000 s_sel_pos=0.0000 s_hot_err=0.000000 s_bg_err=0.225497 s_gap=0.000000 conf_cos=0.0000 conf_proj=0.00 val_mse=0.33108301 val_mae=0.39721113 | p_pos=0.0000 p_dense=0.00 p_sel=0.0000 p_sel_pos=0.0000 p_hot_err=0.000000 p_bg_err=0.000000 p_gap=0.000000 peer_val_mse=0.27207110 peer_val_mae=0.34015893
[worker1/etth1_teacher_ft_v2_gpu1] [time_series_etth1_teacher_ft_v2/trs10_res02_lr15e4] [time_series][epoch 004] lambda=0.0000 g_scale=0.000 corr_scale=0.000 freeze_student=0 focus=0.9583 train_total=0.22606728 train_sup=0.22606341 train_imit=0.79706458 mean_w=0.3868 active=0.0000 s_dense=0.00 s_pos=0.7265 s_sel=0.0000 s_sel_pos=0.0000 s_hot_err=0.000000 s_bg_err=0.225497 s_gap=0.000000 conf_cos=0.0000 conf_proj=0.00 val_mse=0.33108301 val_mae=0.39721113 | p_pos=0.0000 p_dense=0.00 p_sel=0.0000 p_sel_pos=0.0000 p_hot_err=0.000000 p_bg_err=0.000000 p_gap=0.000000 peer_val_mse=0.27207110 peer_val_mae=0.34015893
[worker1/etth1_teacher_ft_v2_gpu1] [time_series_etth1_teacher_ft_v2/trs10_res02_lr15e4] [time_series][epoch 005] lambda=0.0080 g_scale=1.000 corr_scale=0.000 freeze_student=0 focus=0.9583 train_total=0.23241117 train_sup=0.22606341 train_imit=0.79297874 mean_w=0.3925 active=0.0000 s_dense=0.00 s_pos=0.7265 s_sel=0.0000 s_sel_pos=0.0000 s_hot_err=0.000000 s_bg_err=0.225497 s_gap=0.000000 conf_cos=0.0000 conf_proj=0.00 val_mse=0.33108301 val_mae=0.39721113 | p_pos=0.0000 p_dense=0.00 p_sel=0.0000 p_sel_pos=0.0000 p_hot_err=0.000000 p_bg_err=0.000000 p_gap=0.000000 peer_val_mse=0.27207110 peer_val_mae=0.34015893
[worker1/etth1_teacher_ft_v2_gpu1] [time_series_etth1_teacher_ft_v2/trs10_res02_lr15e4] [time_series][epoch 006] lambda=0.0080 g_scale=1.000 corr_scale=0.000 freeze_student=0 focus=0.9583 train_total=0.23231802 train_sup=0.22606341 train_imit=0.78130229 mean_w=0.4192 active=0.0000 s_dense=0.00 s_pos=0.7265 s_sel=0.0000 s_sel_pos=0.0000 s_hot_err=0.000000 s_bg_err=0.225497 s_gap=0.000000 conf_cos=0.0000 conf_proj=0.00 val_mse=0.33108301 val_mae=0.39721113 | p_pos=0.0000 p_dense=0.00 p_sel=0.0000 p_sel_pos=0.0000 p_hot_err=0.000000 p_bg_err=0.000000 p_gap=0.000000 peer_val_mse=0.27207110 peer_val_mae=0.34015893
[worker1/etth1_teacher_ft_v2_gpu1] [time_series_etth1_teacher_ft_v2/trs10_res02_lr15e4] [time_series][epoch 007] lambda=0.0080 g_scale=1.000 corr_scale=0.000 freeze_student=0 focus=0.9583 train_total=0.23226791 train_sup=0.22606341 train_imit=0.77501128 mean_w=0.4406 active=0.0000 s_dense=0.00 s_pos=0.7265 s_sel=0.0000 s_sel_pos=0.0000 s_hot_err=0.000000 s_bg_err=0.225497 s_gap=0.000000 conf_cos=0.0000 conf_proj=0.00 val_mse=0.33108301 val_mae=0.39721113 | p_pos=0.0000 p_dense=0.00 p_sel=0.0000 p_sel_pos=0.0000 p_hot_err=0.000000 p_bg_err=0.000000 p_gap=0.000000 peer_val_mse=0.27207110 peer_val_mae=0.34015893
[worker1/etth1_teacher_ft_v2_gpu0] [time_series_etth1_teacher_ft_v2/trs16_res03_lr25e4] [time_series][epoch 008] lambda=0.0120 g_scale=1.000 corr_scale=0.000 freeze_student=0 focus=0.7876 train_total=0.23618262 train_sup=0.22715010 train_imit=0.75215163 mean_w=0.3349 active=0.0000 s_dense=0.00 s_pos=0.5960 s_sel=0.0000 s_sel_pos=0.0000 s_hot_err=0.000000 s_bg_err=0.225497 s_gap=0.000000 conf_cos=0.0000 conf_proj=0.00 val_mse=0.33108301 val_mae=0.39721113 | p_pos=0.0000 p_dense=0.00 p_sel=0.0000 p_sel_pos=0.0000 p_hot_err=0.000000 p_bg_err=0.000000 p_gap=0.000000 peer_val_mse=0.27207110 peer_val_mae=0.34015893
[worker1/etth1_teacher_ft_v2_gpu0] [time_series_etth1_teacher_ft_v2/trs16_res03_lr25e4] [time_series][epoch 009] lambda=0.0120 g_scale=1.000 corr_scale=0.000 freeze_student=0 focus=0.7876 train_total=0.23613929 train_sup=0.22714999 train_imit=0.74852051 mean_w=0.3524 active=0.0000 s_dense=0.00 s_pos=0.5960 s_sel=0.0000 s_sel_pos=0.0000 s_hot_err=0.000000 s_bg_err=0.225497 s_gap=0.000000 conf_cos=0.0000 conf_proj=0.00 val_mse=0.33108301 val_mae=0.39721113 | p_pos=0.0000 p_dense=0.00 p_sel=0.0000 p_sel_pos=0.0000 p_hot_err=0.000000 p_bg_err=0.000000 p_gap=0.000000 peer_val_mse=0.27207110 peer_val_mae=0.34015893
[worker1/etth1_teacher_ft_v2_gpu0] [time_series_etth1_teacher_ft_v2/trs16_res03_lr25e4] [time_series][epoch 010] lambda=0.0120 g_scale=1.000 corr_scale=0.000 freeze_student=0 focus=0.7876 train_total=0.23611096 train_sup=0.22715012 train_imit=0.74613142 mean_w=0.3630 active=0.0000 s_dense=0.00 s_pos=0.5960 s_sel=0.0000 s_sel_pos=0.0000 s_hot_err=0.000000 s_bg_err=0.225497 s_gap=0.000000 conf_cos=0.0000 conf_proj=0.00 val_mse=0.33108301 val_mae=0.39721113 | p_pos=0.0000 p_dense=0.00 p_sel=0.0000 p_sel_pos=0.0000 p_hot_err=0.000000 p_bg_err=0.000000 p_gap=0.000000 peer_val_mse=0.27207110 peer_val_mae=0.34015893
[worker1/etth1_teacher_ft_v2_gpu0] [time_series_etth1_teacher_ft_v2/trs16_res03_lr25e4] [time_series][epoch 010] updated live plot
[worker1/etth1_teacher_ft_v2_gpu0] [time_series_etth1_teacher_ft_v2/trs16_res03_lr25e4] [time_series][epoch 011] lambda=0.0120 g_scale=1.000 corr_scale=0.000 freeze_student=0 focus=0.7876 train_total=0.23608936 train_sup=0.22714989 train_imit=0.74433973 mean_w=0.3694 active=0.0000 s_dense=0.00 s_pos=0.5960 s_sel=0.0000 s_sel_pos=0.0000 s_hot_err=0.000000 s_bg_err=0.225497 s_gap=0.000000 conf_cos=0.0000 conf_proj=0.00 val_mse=0.33108301 val_mae=0.39721113 | p_pos=0.0000 p_dense=0.00 p_sel=0.0000 p_sel_pos=0.0000 p_hot_err=0.000000 p_bg_err=0.000000 p_gap=0.000000 peer_val_mse=0.27207110 peer_val_mae=0.34015893
[worker1/etth1_teacher_ft_v2_gpu0] [time_series_etth1_teacher_ft_v2/trs16_res03_lr25e4] [time_series][epoch 012] lambda=0.0120 g_scale=1.000 corr_scale=0.000 freeze_student=0 focus=0.7876 train_total=0.23607161 train_sup=0.22715000 train_imit=0.74284452 mean_w=0.3737 active=0.0000 s_dense=0.00 s_pos=0.5960 s_sel=0.0000 s_sel_pos=0.0000 s_hot_err=0.000000 s_bg_err=0.225497 s_gap=0.000000 conf_cos=0.0000 conf_proj=0.00 val_mse=0.33108301 val_mae=0.39721113 | p_pos=0.0000 p_dense=0.00 p_sel=0.0000 p_sel_pos=0.0000 p_hot_err=0.000000 p_bg_err=0.000000 p_gap=0.000000 peer_val_mse=0.27207110 peer_val_mae=0.34015893
[worker1/etth1_teacher_ft_v2_gpu0] [time_series_etth1_teacher_ft_v2/trs16_res03_lr25e4] [time_series][epoch 013] lambda=0.0120 g_scale=1.000 corr_scale=0.071 freeze_student=0 focus=0.7876 train_total=0.23536080 train_sup=0.22645415 train_imit=0.74158319 mean_w=0.3828 active=0.3111 s_dense=0.00 s_pos=0.5960 s_sel=0.3111 s_sel_pos=0.5220 s_hot_err=0.252333 s_bg_err=0.213125 s_gap=-0.015357 conf_cos=0.0000 conf_proj=0.00 val_mse=0.32701412 val_mae=0.39430450 | p_pos=0.0000 p_dense=0.00 p_sel=0.0000 p_sel_pos=0.0000 p_hot_err=0.000000 p_bg_err=0.000000 p_gap=0.000000 peer_val_mse=0.27207110 peer_val_mae=0.34015893
[worker1/etth1_teacher_ft_v2_gpu1] [time_series_etth1_teacher_ft_v2/trs10_res02_lr15e4] [time_series][epoch 008] lambda=0.0080 g_scale=1.000 corr_scale=0.000 freeze_student=0 focus=0.9583 train_total=0.23223674 train_sup=0.22606341 train_imit=0.77109296 mean_w=0.4584 active=0.0000 s_dense=0.00 s_pos=0.7265 s_sel=0.0000 s_sel_pos=0.0000 s_hot_err=0.000000 s_bg_err=0.225497 s_gap=0.000000 conf_cos=0.0000 conf_proj=0.00 val_mse=0.33108301 val_mae=0.39721113 | p_pos=0.0000 p_dense=0.00 p_sel=0.0000 p_sel_pos=0.0000 p_hot_err=0.000000 p_bg_err=0.000000 p_gap=0.000000 peer_val_mse=0.27207110 peer_val_mae=0.34015893
[worker1/etth1_teacher_ft_v2_gpu1] [time_series_etth1_teacher_ft_v2/trs10_res02_lr15e4] [time_series][epoch 009] lambda=0.0080 g_scale=1.000 corr_scale=0.000 freeze_student=0 focus=0.9583 train_total=0.23221575 train_sup=0.22606341 train_imit=0.76845037 mean_w=0.4735 active=0.0000 s_dense=0.00 s_pos=0.7265 s_sel=0.0000 s_sel_pos=0.0000 s_hot_err=0.000000 s_bg_err=0.225497 s_gap=0.000000 conf_cos=0.0000 conf_proj=0.00 val_mse=0.33108301 val_mae=0.39721113 | p_pos=0.0000 p_dense=0.00 p_sel=0.0000 p_sel_pos=0.0000 p_hot_err=0.000000 p_bg_err=0.000000 p_gap=0.000000 peer_val_mse=0.27207110 peer_val_mae=0.34015893
[worker1/etth1_teacher_ft_v2_gpu1] [time_series_etth1_teacher_ft_v2/trs10_res02_lr15e4] [time_series][epoch 010] lambda=0.0080 g_scale=1.000 corr_scale=0.000 freeze_student=0 focus=0.9583 train_total=0.23220151 train_sup=0.22606341 train_imit=0.76665514 mean_w=0.4863 active=0.0000 s_dense=0.00 s_pos=0.7265 s_sel=0.0000 s_sel_pos=0.0000 s_hot_err=0.000000 s_bg_err=0.225497 s_gap=0.000000 conf_cos=0.0000 conf_proj=0.00 val_mse=0.33108301 val_mae=0.39721113 | p_pos=0.0000 p_dense=0.00 p_sel=0.0000 p_sel_pos=0.0000 p_hot_err=0.000000 p_bg_err=0.000000 p_gap=0.000000 peer_val_mse=0.27207110 peer_val_mae=0.34015893
[worker1/etth1_teacher_ft_v2_gpu1] [time_series_etth1_teacher_ft_v2/trs10_res02_lr15e4] [time_series][epoch 010] updated live plot
[worker1/etth1_teacher_ft_v2_gpu1] [time_series_etth1_teacher_ft_v2/trs10_res02_lr15e4] [time_series][epoch 011] lambda=0.0080 g_scale=1.000 corr_scale=0.071 freeze_student=0 focus=0.9583 train_total=0.23161644 train_sup=0.22548962 train_imit=0.76522828 mean_w=0.4997 active=0.8277 s_dense=0.00 s_pos=0.7265 s_sel=0.8277 s_sel_pos=1.1395 s_hot_err=0.232969 s_bg_err=0.185431 s_gap=-0.022248 conf_cos=0.0000 conf_proj=0.00 val_mse=0.32740298 val_mae=0.39447576 | p_pos=0.0000 p_dense=0.00 p_sel=0.0000 p_sel_pos=0.0000 p_hot_err=0.000000 p_bg_err=0.000000 p_gap=0.000000 peer_val_mse=0.27207110 peer_val_mae=0.34015893
[worker1/etth1_teacher_ft_v2_gpu1] [time_series_etth1_teacher_ft_v2/trs10_res02_lr15e4] [time_series][epoch 012] lambda=0.0080 g_scale=1.000 corr_scale=0.143 freeze_student=0 focus=0.9583 train_total=0.23106760 train_sup=0.22494954 train_imit=0.76410856 mean_w=0.5191 active=0.9337 s_dense=0.00 s_pos=0.7265 s_sel=0.9337 s_sel_pos=1.2853 s_hot_err=0.228851 s_bg_err=0.159066 s_gap=-0.025887 conf_cos=0.0000 conf_proj=0.00 val_mse=0.32388202 val_mae=0.39181973 | p_pos=0.0000 p_dense=0.00 p_sel=0.0000 p_sel_pos=0.0000 p_hot_err=0.000000 p_bg_err=0.000000 p_gap=0.000000 peer_val_mse=0.27207110 peer_val_mae=0.34015893
[worker1/etth1_teacher_ft_v2_gpu1] [time_series_etth1_teacher_ft_v2/trs10_res02_lr15e4] [time_series][epoch 013] lambda=0.0080 g_scale=1.000 corr_scale=0.214 freeze_student=0 focus=0.9583 train_total=0.23055055 train_sup=0.22443256 train_imit=0.76407052 mean_w=0.5426 active=0.9561 s_dense=0.00 s_pos=0.7265 s_sel=0.9561 s_sel_pos=1.3161 s_hot_err=0.228711 s_bg_err=0.118200 s_gap=-0.029026 conf_cos=0.0000 conf_proj=0.00 val_mse=0.32065290 val_mae=0.38935097 | p_pos=0.0000 p_dense=0.00 p_sel=0.0000 p_sel_pos=0.0000 p_hot_err=0.000000 p_bg_err=0.000000 p_gap=0.000000 peer_val_mse=0.27207110 peer_val_mae=0.34015893
[worker1/etth1_teacher_ft_v2_gpu0] [time_series_etth1_teacher_ft_v2/trs16_res03_lr25e4] [time_series][epoch 014] lambda=0.0120 g_scale=1.000 corr_scale=0.143 freeze_student=0 focus=0.7876 train_total=0.23466434 train_sup=0.22575583 train_imit=0.74170071 mean_w=0.4048 active=0.5120 s_dense=0.00 s_pos=0.5960 s_sel=0.5120 s_sel_pos=0.8592 s_hot_err=0.241042 s_bg_err=0.206139 s_gap=-0.018410 conf_cos=0.0000 conf_proj=0.00 val_mse=0.32336967 val_mae=0.39166326 | p_pos=0.0000 p_dense=0.00 p_sel=0.0000 p_sel_pos=0.0000 p_hot_err=0.000000 p_bg_err=0.000000 p_gap=0.000000 peer_val_mse=0.27207110 peer_val_mae=0.34015893
[worker1/etth1_teacher_ft_v2_gpu0] [time_series_etth1_teacher_ft_v2/trs16_res03_lr25e4] [time_series][epoch 015] lambda=0.0120 g_scale=1.000 corr_scale=0.214 freeze_student=0 focus=0.7876 train_total=0.23397579 train_sup=0.22503484 train_imit=0.74436233 mean_w=0.4300 active=0.6404 s_dense=0.00 s_pos=0.5960 s_sel=0.6404 s_sel_pos=1.0747 s_hot_err=0.236706 s_bg_err=0.199767 s_gap=-0.021117 conf_cos=0.0000 conf_proj=0.00 val_mse=0.32045451 val_mae=0.38950972 | p_pos=0.0000 p_dense=0.00 p_sel=0.0000 p_sel_pos=0.0000 p_hot_err=0.000000 p_bg_err=0.000000 p_gap=0.000000 peer_val_mse=0.27207110 peer_val_mae=0.34015893
[worker1/etth1_teacher_ft_v2_gpu0] [time_series_etth1_teacher_ft_v2/trs16_res03_lr25e4] [time_series][epoch 016] lambda=0.0120 g_scale=1.000 corr_scale=0.286 freeze_student=0 focus=0.7876 train_total=0.23330677 train_sup=0.22429639 train_imit=0.75011149 mean_w=0.4522 active=0.6946 s_dense=0.00 s_pos=0.5960 s_sel=0.6946 s_sel_pos=1.1655 s_hot_err=0.233592 s_bg_err=0.197929 s_gap=-0.022395 conf_cos=0.0000 conf_proj=0.00 val_mse=0.31808133 val_mae=0.38772182 | p_pos=0.0000 p_dense=0.00 p_sel=0.0000 p_sel_pos=0.0000 p_hot_err=0.000000 p_bg_err=0.000000 p_gap=0.000000 peer_val_mse=0.27207110 peer_val_mae=0.34015893
[worker1/etth1_teacher_ft_v2_gpu0] [time_series_etth1_teacher_ft_v2/trs16_res03_lr25e4] [time_series][epoch 017] lambda=0.0120 g_scale=1.000 corr_scale=0.357 freeze_student=0 focus=0.7876 train_total=0.23265379 train_sup=0.22354230 train_imit=0.75850573 mean_w=0.4711 active=0.7189 s_dense=0.00 s_pos=0.5960 s_sel=0.7189 s_sel_pos=1.2063 s_hot_err=0.231939 s_bg_err=0.196513 s_gap=-0.023108 conf_cos=0.0000 conf_proj=0.00 val_mse=0.31595970 val_mae=0.38610799 | p_pos=0.0000 p_dense=0.00 p_sel=0.0000 p_sel_pos=0.0000 p_hot_err=0.000000 p_bg_err=0.000000 p_gap=0.000000 peer_val_mse=0.27207110 peer_val_mae=0.34015893
[worker1/etth1_teacher_ft_v2_gpu0] [time_series_etth1_teacher_ft_v2/trs16_res03_lr25e4] [time_series][epoch 018] lambda=0.0120 g_scale=1.000 corr_scale=0.429 freeze_student=0 focus=0.7876 train_total=0.23199296 train_sup=0.22277056 train_imit=0.76771940 mean_w=0.4884 active=0.7339 s_dense=0.00 s_pos=0.5960 s_sel=0.7339 s_sel_pos=1.2314 s_hot_err=0.230975 s_bg_err=0.194421 s_gap=-0.023752 conf_cos=0.0000 conf_proj=0.00 val_mse=0.31403597 val_mae=0.38463401 | p_pos=0.0000 p_dense=0.00 p_sel=0.0000 p_sel_pos=0.0000 p_hot_err=0.000000 p_bg_err=0.000000 p_gap=0.000000 peer_val_mse=0.27207110 peer_val_mae=0.34015893
[worker1/etth1_teacher_ft_v2_gpu0] [time_series_etth1_teacher_ft_v2/trs16_res03_lr25e4] [time_series][epoch 019] lambda=0.0120 g_scale=1.000 corr_scale=0.500 freeze_student=0 focus=0.7876 train_total=0.23134119 train_sup=0.22197638 train_imit=0.77956691 mean_w=0.5000 active=0.7377 s_dense=0.00 s_pos=0.5960 s_sel=0.7377 s_sel_pos=1.2378 s_hot_err=0.229504 s_bg_err=0.195038 s_gap=-0.023889 conf_cos=0.0000 conf_proj=0.00 val_mse=0.31236403 val_mae=0.38332707 | p_pos=0.0000 p_dense=0.00 p_sel=0.0000 p_sel_pos=0.0000 p_hot_err=0.000000 p_bg_err=0.000000 p_gap=0.000000 peer_val_mse=0.27207110 peer_val_mae=0.34015893
[worker1/etth1_teacher_ft_v2_gpu0] [time_series_etth1_teacher_ft_v2/trs16_res03_lr25e4] [time_series][epoch 020] lambda=0.0120 g_scale=1.000 corr_scale=0.571 freeze_student=0 focus=0.7876 train_total=0.23069594 train_sup=0.22122459 train_imit=0.78843137 mean_w=0.5092 active=0.7395 s_dense=0.00 s_pos=0.5960 s_sel=0.7395 s_sel_pos=1.2410 s_hot_err=0.228191 s_bg_err=0.195665 s_gap=-0.023781 conf_cos=0.0000 conf_proj=0.00 val_mse=0.31078590 val_mae=0.38206031 | p_pos=0.0000 p_dense=0.00 p_sel=0.0000 p_sel_pos=0.0000 p_hot_err=0.000000 p_bg_err=0.000000 p_gap=0.000000 peer_val_mse=0.27207110 peer_val_mae=0.34015893
[worker1/etth1_teacher_ft_v2_gpu1] [time_series_etth1_teacher_ft_v2/trs10_res02_lr15e4] [time_series][epoch 014] lambda=0.0080 g_scale=1.000 corr_scale=0.286 freeze_student=0 focus=0.9583 train_total=0.23005502 train_sup=0.22392531 train_imit=0.76550395 mean_w=0.5673 active=0.9579 s_dense=0.00 s_pos=0.7265 s_sel=0.9579 s_sel_pos=1.3186 s_hot_err=0.228617 s_bg_err=0.103925 s_gap=-0.030365 conf_cos=0.0000 conf_proj=0.00 val_mse=0.31785891 val_mae=0.38718015 | p_pos=0.0000 p_dense=0.00 p_sel=0.0000 p_sel_pos=0.0000 p_hot_err=0.000000 p_bg_err=0.000000 p_gap=0.000000 peer_val_mse=0.27207110 peer_val_mae=0.34015893
[worker1/etth1_teacher_ft_v2_gpu1] [time_series_etth1_teacher_ft_v2/trs10_res02_lr15e4] [time_series][epoch 015] lambda=0.0080 g_scale=1.000 corr_scale=0.357 freeze_student=0 focus=0.9583 train_total=0.22956820 train_sup=0.22340773 train_imit=0.76931867 mean_w=0.5924 active=0.9582 s_dense=0.00 s_pos=0.7265 s_sel=0.9582 s_sel_pos=1.3190 s_hot_err=0.228206 s_bg_err=0.100129 s_gap=-0.031037 conf_cos=0.0000 conf_proj=0.00 val_mse=0.31544267 val_mae=0.38526119 | p_pos=0.0000 p_dense=0.00 p_sel=0.0000 p_sel_pos=0.0000 p_hot_err=0.000000 p_bg_err=0.000000 p_gap=0.000000 peer_val_mse=0.27207110 peer_val_mae=0.34015893
[worker1/etth1_teacher_ft_v2_gpu1] [time_series_etth1_teacher_ft_v2/trs10_res02_lr15e4] [time_series][epoch 016] lambda=0.0080 g_scale=1.000 corr_scale=0.429 freeze_student=0 focus=0.9583 train_total=0.22908196 train_sup=0.22286846 train_imit=0.77591688 mean_w=0.6161 active=0.9583 s_dense=0.00 s_pos=0.7265 s_sel=0.9583 s_sel_pos=1.3191 s_hot_err=0.227667 s_bg_err=0.099403 s_gap=-0.031233 conf_cos=0.0000 conf_proj=0.00 val_mse=0.31337390 val_mae=0.38360314 | p_pos=0.0000 p_dense=0.00 p_sel=0.0000 p_sel_pos=0.0000 p_hot_err=0.000000 p_bg_err=0.000000 p_gap=0.000000 peer_val_mse=0.27207110 peer_val_mae=0.34015893
[worker1/etth1_teacher_ft_v2_gpu1] [time_series_etth1_teacher_ft_v2/trs10_res02_lr15e4] [time_series][epoch 017] lambda=0.0080 g_scale=1.000 corr_scale=0.500 freeze_student=0 focus=0.9583 train_total=0.22859184 train_sup=0.22230497 train_imit=0.78506161 mean_w=0.6385 active=0.9583 s_dense=0.00 s_pos=0.7265 s_sel=0.9583 s_sel_pos=1.3192 s_hot_err=0.227082 s_bg_err=0.099260 s_gap=-0.031337 conf_cos=0.0000 conf_proj=0.00 val_mse=0.31165412 val_mae=0.38218828 | p_pos=0.0000 p_dense=0.00 p_sel=0.0000 p_sel_pos=0.0000 p_hot_err=0.000000 p_bg_err=0.000000 p_gap=0.000000 peer_val_mse=0.27207110 peer_val_mae=0.34015893
[worker1/etth1_teacher_ft_v2_gpu1] [time_series_etth1_teacher_ft_v2/trs10_res02_lr15e4] [time_series][epoch 018] lambda=0.0080 g_scale=1.000 corr_scale=0.571 freeze_student=0 focus=0.9583 train_total=0.22810055 train_sup=0.22171899 train_imit=0.79687154 mean_w=0.6582 active=0.9583 s_dense=0.00 s_pos=0.7265 s_sel=0.9583 s_sel_pos=1.3192 s_hot_err=0.226473 s_bg_err=0.099245 s_gap=-0.031350 conf_cos=0.0000 conf_proj=0.00 val_mse=0.31019023 val_mae=0.38098185 | p_pos=0.0000 p_dense=0.00 p_sel=0.0000 p_sel_pos=0.0000 p_hot_err=0.000000 p_bg_err=0.000000 p_gap=0.000000 peer_val_mse=0.27207110 peer_val_mae=0.34015893
[worker1/etth1_teacher_ft_v2_gpu1] [time_series_etth1_teacher_ft_v2/trs10_res02_lr15e4] [time_series][epoch 019] lambda=0.0076 g_scale=0.947 corr_scale=0.643 freeze_student=0 focus=0.9583 train_total=0.22742655 train_sup=0.22127612 train_imit=0.81074783 mean_w=0.6761 active=0.9583 s_dense=0.00 s_pos=0.7265 s_sel=0.9583 s_sel_pos=1.3192 s_hot_err=0.226013 s_bg_err=0.099245 s_gap=-0.031350 conf_cos=0.0000 conf_proj=0.00 val_mse=0.30981058 val_mae=0.38063140 | p_pos=0.0000 p_dense=0.00 p_sel=0.0000 p_sel_pos=0.0000 p_hot_err=0.000000 p_bg_err=0.000000 p_gap=0.000000 peer_val_mse=0.27207110 peer_val_mae=0.34015893
[worker1/etth1_teacher_ft_v2_gpu1] [time_series_etth1_teacher_ft_v2/trs10_res02_lr15e4] [time_series][epoch 020] lambda=0.0072 g_scale=0.894 corr_scale=0.714 freeze_student=0 focus=0.9583 train_total=0.22680538 train_sup=0.22090385 train_imit=0.82378129 mean_w=0.6915 active=0.9583 s_dense=0.00 s_pos=0.7265 s_sel=0.9583 s_sel_pos=1.3192 s_hot_err=0.225627 s_bg_err=0.099245 s_gap=-0.031350 conf_cos=0.0000 conf_proj=0.00 val_mse=0.30950069 val_mae=0.38035484 | p_pos=0.0000 p_dense=0.00 p_sel=0.0000 p_sel_pos=0.0000 p_hot_err=0.000000 p_bg_err=0.000000 p_gap=0.000000 peer_val_mse=0.27207110 peer_val_mae=0.34015893
[worker1/etth1_teacher_ft_v2_gpu0] [time_series_etth1_teacher_ft_v2/trs16_res03_lr25e4] [time_series][epoch 020] updated live plot
[worker1/etth1_teacher_ft_v2_gpu0] [time_series_etth1_teacher_ft_v2/trs16_res03_lr25e4] [time_series][epoch 021] lambda=0.0120 g_scale=1.000 corr_scale=0.643 freeze_student=0 focus=0.7876 train_total=0.23006540 train_sup=0.22047293 train_imit=0.79851077 mean_w=0.5172 active=0.7414 s_dense=0.00 s_pos=0.5960 s_sel=0.7414 s_sel_pos=1.2441 s_hot_err=0.227227 s_bg_err=0.195452 s_gap=-0.023709 conf_cos=0.0000 conf_proj=0.00 val_mse=0.30913542 val_mae=0.38071244 | p_pos=0.0000 p_dense=0.00 p_sel=0.0000 p_sel_pos=0.0000 p_hot_err=0.000000 p_bg_err=0.000000 p_gap=0.000000 peer_val_mse=0.27207110 peer_val_mae=0.34015893
[worker1/etth1_teacher_ft_v2_gpu0] [time_series_etth1_teacher_ft_v2/trs16_res03_lr25e4] [time_series][epoch 022] lambda=0.0120 g_scale=1.000 corr_scale=0.714 freeze_student=0 focus=0.7876 train_total=0.22946495 train_sup=0.21977414 train_imit=0.80669647 mean_w=0.5225 active=0.7395 s_dense=0.00 s_pos=0.5960 s_sel=0.7395 s_sel_pos=1.2409 s_hot_err=0.225900 s_bg_err=0.196798 s_gap=-0.023536 conf_cos=0.0000 conf_proj=0.00 val_mse=0.30775043 val_mae=0.37954687 | p_pos=0.0000 p_dense=0.00 p_sel=0.0000 p_sel_pos=0.0000 p_hot_err=0.000000 p_bg_err=0.000000 p_gap=0.000000 peer_val_mse=0.27207110 peer_val_mae=0.34015893
[worker1/etth1_teacher_ft_v2_gpu0] [time_series_etth1_teacher_ft_v2/trs16_res03_lr25e4] [time_series][epoch 023] lambda=0.0114 g_scale=0.954 corr_scale=0.786 freeze_student=0 focus=0.7876 train_total=0.22864427 train_sup=0.21933252 train_imit=0.81247284 mean_w=0.5280 active=0.7405 s_dense=0.00 s_pos=0.5960 s_sel=0.7405 s_sel_pos=1.2425 s_hot_err=0.225453 s_bg_err=0.196310 s_gap=-0.023501 conf_cos=0.0000 conf_proj=0.00 val_mse=0.30708428 val_mae=0.37895700 | p_pos=0.0000 p_dense=0.00 p_sel=0.0000 p_sel_pos=0.0000 p_hot_err=0.000000 p_bg_err=0.000000 p_gap=0.000000 peer_val_mse=0.27207110 peer_val_mae=0.34015893
[worker1/etth1_teacher_ft_v2_gpu0] [time_series_etth1_teacher_ft_v2/trs16_res03_lr25e4] [time_series][epoch 024] lambda=0.0109 g_scale=0.908 corr_scale=0.857 freeze_student=0 focus=0.7876 train_total=0.22788672 train_sup=0.21895248 train_imit=0.81897949 mean_w=0.5318 active=0.7395 s_dense=0.00 s_pos=0.5960 s_sel=0.7395 s_sel_pos=1.2409 s_hot_err=0.224867 s_bg_err=0.196674 s_gap=-0.023331 conf_cos=0.0000 conf_proj=0.00 val_mse=0.30653460 val_mae=0.37846859 | p_pos=0.0000 p_dense=0.00 p_sel=0.0000 p_sel_pos=0.0000 p_hot_err=0.000000 p_bg_err=0.000000 p_gap=0.000000 peer_val_mse=0.27207110 peer_val_mae=0.34015893
[worker1/etth1_teacher_ft_v2_gpu0] [time_series_etth1_teacher_ft_v2/trs16_res03_lr25e4] [time_series][epoch 025] lambda=0.0103 g_scale=0.862 corr_scale=0.929 freeze_student=0 focus=0.7876 train_total=0.22716976 train_sup=0.21866028 train_imit=0.82161194 mean_w=0.5361 active=0.7394 s_dense=0.00 s_pos=0.5960 s_sel=0.7394 s_sel_pos=1.2407 s_hot_err=0.224471 s_bg_err=0.196712 s_gap=-0.023303 conf_cos=0.0000 conf_proj=0.00 val_mse=0.30626654 val_mae=0.37822489 | p_pos=0.0000 p_dense=0.00 p_sel=0.0000 p_sel_pos=0.0000 p_hot_err=0.000000 p_bg_err=0.000000 p_gap=0.000000 peer_val_mse=0.27207110 peer_val_mae=0.34015893
[worker1/etth1_teacher_ft_v2_gpu0] [time_series_etth1_teacher_ft_v2/trs16_res03_lr25e4] [time_series][epoch 026] lambda=0.0098 g_scale=0.816 corr_scale=1.000 freeze_student=0 focus=0.7876 train_total=0.22651135 train_sup=0.21837478 train_imit=0.82983959 mean_w=0.5392 active=0.7377 s_dense=0.00 s_pos=0.5960 s_sel=0.7377 s_sel_pos=1.2378 s_hot_err=0.223605 s_bg_err=0.198221 s_gap=-0.023201 conf_cos=0.0000 conf_proj=0.00 val_mse=0.30596291 val_mae=0.37794183 | p_pos=0.0000 p_dense=0.00 p_sel=0.0000 p_sel_pos=0.0000 p_hot_err=0.000000 p_bg_err=0.000000 p_gap=0.000000 peer_val_mse=0.27207110 peer_val_mae=0.34015893
[worker1/etth1_teacher_ft_v2_gpu0] [time_series_etth1_teacher_ft_v2/trs16_res03_lr25e4] [time_series][epoch 027] lambda=0.0092 g_scale=0.770 corr_scale=1.000 freeze_student=0 focus=0.7876 train_total=0.22624517 train_sup=0.21859250 train_imit=0.82703862 mean_w=0.5416 active=0.7381 s_dense=0.00 s_pos=0.5960 s_sel=0.7381 s_sel_pos=1.2386 s_hot_err=0.223995 s_bg_err=0.197994 s_gap=-0.023098 conf_cos=0.0000 conf_proj=0.00 val_mse=0.30667264 val_mae=0.37850254 | p_pos=0.0000 p_dense=0.00 p_sel=0.0000 p_sel_pos=0.0000 p_hot_err=0.000000 p_bg_err=0.000000 p_gap=0.000000 peer_val_mse=0.27207110 peer_val_mae=0.34015893
[worker1/etth1_teacher_ft_v2_gpu0] [time_series_etth1_teacher_ft_v2/trs16_res03_lr25e4] [time_series][epoch 028] lambda=0.0087 g_scale=0.724 corr_scale=1.000 freeze_student=0 focus=0.7876 train_total=0.22600658 train_sup=0.21883104 train_imit=0.82466591 mean_w=0.5423 active=0.7364 s_dense=0.00 s_pos=0.5960 s_sel=0.7364 s_sel_pos=1.2357 s_hot_err=0.224219 s_bg_err=0.198285 s_gap=-0.022895 conf_cos=0.0000 conf_proj=0.00 val_mse=0.30769859 val_mae=0.37935984 | p_pos=0.0000 p_dense=0.00 p_sel=0.0000 p_sel_pos=0.0000 p_hot_err=0.000000 p_bg_err=0.000000 p_gap=0.000000 peer_val_mse=0.27207110 peer_val_mae=0.34015893
[worker1/etth1_teacher_ft_v2_gpu0] [time_series_etth1_teacher_ft_v2/trs16_res03_lr25e4] [time_series][epoch 029] lambda=0.0081 g_scale=0.678 corr_scale=1.000 freeze_student=0 focus=0.7876 train_total=0.22580121 train_sup=0.21911140 train_imit=0.82091819 mean_w=0.5407 active=0.7325 s_dense=0.00 s_pos=0.5960 s_sel=0.7325 s_sel_pos=1.2291 s_hot_err=0.224395 s_bg_err=0.199296 s_gap=-0.022468 conf_cos=0.0000 conf_proj=0.00 val_mse=0.30861114 val_mae=0.38009810 | p_pos=0.0000 p_dense=0.00 p_sel=0.0000 p_sel_pos=0.0000 p_hot_err=0.000000 p_bg_err=0.000000 p_gap=0.000000 peer_val_mse=0.27207110 peer_val_mae=0.34015893
[worker1/etth1_teacher_ft_v2_gpu0] [time_series_etth1_teacher_ft_v2/trs16_res03_lr25e4] [time_series][epoch 030] lambda=0.0076 g_scale=0.632 corr_scale=1.000 freeze_student=0 focus=0.7876 train_total=0.22561589 train_sup=0.21938698 train_imit=0.81989729 mean_w=0.5405 active=0.7307 s_dense=0.00 s_pos=0.5960 s_sel=0.7307 s_sel_pos=1.2261 s_hot_err=0.224675 s_bg_err=0.199701 s_gap=-0.022294 conf_cos=0.0000 conf_proj=0.00 val_mse=0.30959908 val_mae=0.38088581 | p_pos=0.0000 p_dense=0.00 p_sel=0.0000 p_sel_pos=0.0000 p_hot_err=0.000000 p_bg_err=0.000000 p_gap=0.000000 peer_val_mse=0.27207110 peer_val_mae=0.34015893
[worker1/etth1_teacher_ft_v2_gpu0] [time_series_etth1_teacher_ft_v2/trs16_res03_lr25e4] [time_series][epoch 030] updated live plot
[worker1/etth1_teacher_ft_v2_gpu0] [time_series_etth1_teacher_ft_v2/trs16_res03_lr25e4] [time_series][epoch 031] lambda=0.0070 g_scale=0.586 corr_scale=1.000 freeze_student=0 focus=0.7876 train_total=0.22545657 train_sup=0.21968774 train_imit=0.81882797 mean_w=0.5417 active=0.7312 s_dense=0.00 s_pos=0.5960 s_sel=0.7312 s_sel_pos=1.2270 s_hot_err=0.225497 s_bg_err=0.198468 s_gap=-0.022369 conf_cos=0.0000 conf_proj=0.00 val_mse=0.31052380 val_mae=0.38162039 | p_pos=0.0000 p_dense=0.00 p_sel=0.0000 p_sel_pos=0.0000 p_hot_err=0.000000 p_bg_err=0.000000 p_gap=0.000000 peer_val_mse=0.27207110 peer_val_mae=0.34015893
[worker1/etth1_teacher_ft_v2_gpu0] [time_series_etth1_teacher_ft_v2/trs16_res03_lr25e4] [time_series][epoch 032] lambda=0.0065 g_scale=0.540 corr_scale=1.000 freeze_student=0 focus=0.7876 train_total=0.22532501 train_sup=0.22002213 train_imit=0.81667219 mean_w=0.5423 active=0.7305 s_dense=0.00 s_pos=0.5960 s_sel=0.7305 s_sel_pos=1.2258 s_hot_err=0.226282 s_bg_err=0.197647 s_gap=-0.022344 conf_cos=0.0000 conf_proj=0.00 val_mse=0.31153040 val_mae=0.38241766 | p_pos=0.0000 p_dense=0.00 p_sel=0.0000 p_sel_pos=0.0000 p_hot_err=0.000000 p_bg_err=0.000000 p_gap=0.000000 peer_val_mse=0.27207110 peer_val_mae=0.34015893
[worker1/etth1_teacher_ft_v2_gpu1] [time_series_etth1_teacher_ft_v2/trs10_res02_lr15e4] [time_series][epoch 020] updated live plot
[worker1/etth1_teacher_ft_v2_gpu1] [time_series_etth1_teacher_ft_v2/trs10_res02_lr15e4] [time_series][epoch 021] lambda=0.0067 g_scale=0.842 corr_scale=0.786 freeze_student=0 focus=0.9583 train_total=0.22623394 train_sup=0.22060067 train_imit=0.83557907 mean_w=0.7047 active=0.9583 s_dense=0.00 s_pos=0.7265 s_sel=0.9583 s_sel_pos=1.3192 s_hot_err=0.225312 s_bg_err=0.099245 s_gap=-0.031350 conf_cos=0.0000 conf_proj=0.00 val_mse=0.30929797 val_mae=0.38017422 | p_pos=0.0000 p_dense=0.00 p_sel=0.0000 p_sel_pos=0.0000 p_hot_err=0.000000 p_bg_err=0.000000 p_gap=0.000000 peer_val_mse=0.27207110 peer_val_mae=0.34015893
[worker1/etth1_teacher_ft_v2_gpu1] [time_series_etth1_teacher_ft_v2/trs10_res02_lr15e4] [time_series][epoch 022] lambda=0.0063 g_scale=0.789 corr_scale=0.857 freeze_student=0 focus=0.9583 train_total=0.22571097 train_sup=0.22035837 train_imit=0.84698799 mean_w=0.7163 active=0.9583 s_dense=0.00 s_pos=0.7265 s_sel=0.9583 s_sel_pos=1.3192 s_hot_err=0.225060 s_bg_err=0.099245 s_gap=-0.031350 conf_cos=0.0000 conf_proj=0.00 val_mse=0.30929512 val_mae=0.38015758 | p_pos=0.0000 p_dense=0.00 p_sel=0.0000 p_sel_pos=0.0000 p_hot_err=0.000000 p_bg_err=0.000000 p_gap=0.000000 peer_val_mse=0.27207110 peer_val_mae=0.34015893
[worker1/etth1_teacher_ft_v2_gpu1] [time_series_etth1_teacher_ft_v2/trs10_res02_lr15e4] [time_series][epoch 023] lambda=0.0059 g_scale=0.736 corr_scale=0.929 freeze_student=0 focus=0.9583 train_total=0.22523163 train_sup=0.22018041 train_imit=0.85652149 mean_w=0.7258 active=0.9583 s_dense=0.00 s_pos=0.7265 s_sel=0.9583 s_sel_pos=1.3192 s_hot_err=0.224875 s_bg_err=0.099245 s_gap=-0.031350 conf_cos=0.0000 conf_proj=0.00 val_mse=0.30928350 val_mae=0.38014059 | p_pos=0.0000 p_dense=0.00 p_sel=0.0000 p_sel_pos=0.0000 p_hot_err=0.000000 p_bg_err=0.000000 p_gap=0.000000 peer_val_mse=0.27207110 peer_val_mae=0.34015893
[worker1/etth1_teacher_ft_v2_gpu1] [time_series_etth1_teacher_ft_v2/trs10_res02_lr15e4] [time_series][epoch 024] lambda=0.0055 g_scale=0.683 corr_scale=1.000 freeze_student=0 focus=0.9583 train_total=0.22479979 train_sup=0.22006195 train_imit=0.86533376 mean_w=0.7345 active=0.9583 s_dense=0.00 s_pos=0.7265 s_sel=0.9583 s_sel_pos=1.3192 s_hot_err=0.224752 s_bg_err=0.099245 s_gap=-0.031350 conf_cos=0.0000 conf_proj=0.00 val_mse=0.30945826 val_mae=0.38027809 | p_pos=0.0000 p_dense=0.00 p_sel=0.0000 p_sel_pos=0.0000 p_hot_err=0.000000 p_bg_err=0.000000 p_gap=0.000000 peer_val_mse=0.27207110 peer_val_mae=0.34015893
[worker1/etth1_teacher_ft_v2_gpu1] [time_series_etth1_teacher_ft_v2/trs10_res02_lr15e4] [time_series][epoch 025] lambda=0.0050 g_scale=0.631 corr_scale=1.000 freeze_student=0 focus=0.9583 train_total=0.22469801 train_sup=0.22029306 train_imit=0.87175685 mean_w=0.7416 active=0.9583 s_dense=0.00 s_pos=0.7265 s_sel=0.9583 s_sel_pos=1.3192 s_hot_err=0.224992 s_bg_err=0.099245 s_gap=-0.031350 conf_cos=0.0000 conf_proj=0.00 val_mse=0.31091059 val_mae=0.38143214 | p_pos=0.0000 p_dense=0.00 p_sel=0.0000 p_sel_pos=0.0000 p_hot_err=0.000000 p_bg_err=0.000000 p_gap=0.000000 peer_val_mse=0.27207110 peer_val_mae=0.34015893
[worker1/etth1_teacher_ft_v2_gpu1] [time_series_etth1_teacher_ft_v2/trs10_res02_lr15e4] [time_series][epoch 026] lambda=0.0046 g_scale=0.578 corr_scale=1.000 freeze_student=0 focus=0.9583 train_total=0.22462834 train_sup=0.22058286 train_imit=0.87360750 mean_w=0.7463 active=0.9583 s_dense=0.00 s_pos=0.7265 s_sel=0.9583 s_sel_pos=1.3192 s_hot_err=0.225293 s_bg_err=0.099245 s_gap=-0.031350 conf_cos=0.0000 conf_proj=0.00 val_mse=0.31223189 val_mae=0.38247386 | p_pos=0.0000 p_dense=0.00 p_sel=0.0000 p_sel_pos=0.0000 p_hot_err=0.000000 p_bg_err=0.000000 p_gap=0.000000 peer_val_mse=0.27207110 peer_val_mae=0.34015893
[worker1/etth1_teacher_ft_v2_gpu0] [time_series_etth1_teacher_ft_v2/trs16_res03_lr25e4] [time_series][epoch 033] lambda=0.0059 g_scale=0.494 corr_scale=1.000 freeze_student=0 focus=0.7876 train_total=0.22522794 train_sup=0.22038559 train_imit=0.81503515 mean_w=0.5411 active=0.7277 s_dense=0.00 s_pos=0.5960 s_sel=0.7277 s_sel_pos=1.2210 s_hot_err=0.226751 s_bg_err=0.197968 s_gap=-0.022165 conf_cos=0.0000 conf_proj=0.00 val_mse=0.31274282 val_mae=0.38336689 | p_pos=0.0000 p_dense=0.00 p_sel=0.0000 p_sel_pos=0.0000 p_hot_err=0.000000 p_bg_err=0.000000 p_gap=0.000000 peer_val_mse=0.27207110 peer_val_mae=0.34015893
[worker1/etth1_teacher_ft_v2_gpu0] [time_series_etth1_teacher_ft_v2/trs16_res03_lr25e4] [time_series][epoch 034] lambda=0.0054 g_scale=0.448 corr_scale=1.000 freeze_student=0 focus=0.7876 train_total=0.22516231 train_sup=0.22076745 train_imit=0.81547676 mean_w=0.5425 active=0.7279 s_dense=0.00 s_pos=0.5960 s_sel=0.7279 s_sel_pos=1.2215 s_hot_err=0.227431 s_bg_err=0.197503 s_gap=-0.022238 conf_cos=0.0000 conf_proj=0.00 val_mse=0.31392068 val_mae=0.38429290 | p_pos=0.0000 p_dense=0.00 p_sel=0.0000 p_sel_pos=0.0000 p_hot_err=0.000000 p_bg_err=0.000000 p_gap=0.000000 peer_val_mse=0.27207110 peer_val_mae=0.34015893
[worker1/etth1_teacher_ft_v2_gpu0] [time_series_etth1_teacher_ft_v2/trs16_res03_lr25e4] [time_series][epoch 035] lambda=0.0048 g_scale=0.402 corr_scale=1.000 freeze_student=0 focus=0.7876 train_total=0.22513384 train_sup=0.22118625 train_imit=0.81606779 mean_w=0.5439 active=0.7292 s_dense=0.00 s_pos=0.5960 s_sel=0.7292 s_sel_pos=1.2236 s_hot_err=0.228589 s_bg_err=0.195708 s_gap=-0.022377 conf_cos=0.0000 conf_proj=0.00 val_mse=0.31513015 val_mae=0.38520851 | p_pos=0.0000 p_dense=0.00 p_sel=0.0000 p_sel_pos=0.0000 p_hot_err=0.000000 p_bg_err=0.000000 p_gap=0.000000 peer_val_mse=0.27207110 peer_val_mae=0.34015893
[worker1/etth1_teacher_ft_v2_gpu0] [time_series_etth1_teacher_ft_v2/trs16_res03_lr25e4] [time_series][epoch 036] lambda=0.0043 g_scale=0.356 corr_scale=1.000 freeze_student=0 focus=0.7876 train_total=0.22513925 train_sup=0.22164251 train_imit=0.81598136 mean_w=0.5431 active=0.7271 s_dense=0.00 s_pos=0.5960 s_sel=0.7271 s_sel_pos=1.2201 s_hot_err=0.229385 s_bg_err=0.195565 s_gap=-0.022273 conf_cos=0.0000 conf_proj=0.00 val_mse=0.31648781 val_mae=0.38624872 | p_pos=0.0000 p_dense=0.00 p_sel=0.0000 p_sel_pos=0.0000 p_hot_err=0.000000 p_bg_err=0.000000 p_gap=0.000000 peer_val_mse=0.27207110 peer_val_mae=0.34015893
[worker1/etth1_teacher_ft_v2_gpu0] [time_series_etth1_teacher_ft_v2/trs16_res03_lr25e4] [time_series][epoch 037] lambda=0.0037 g_scale=0.310 corr_scale=1.000 freeze_student=0 focus=0.7876 train_total=0.22519353 train_sup=0.22213715 train_imit=0.81867568 mean_w=0.5451 active=0.7290 s_dense=0.00 s_pos=0.5960 s_sel=0.7290 s_sel_pos=1.2232 s_hot_err=0.230622 s_bg_err=0.193731 s_gap=-0.022454 conf_cos=0.0000 conf_proj=0.00 val_mse=0.31789005 val_mae=0.38729499 | p_pos=0.0000 p_dense=0.00 p_sel=0.0000 p_sel_pos=0.0000 p_hot_err=0.000000 p_bg_err=0.000000 p_gap=0.000000 peer_val_mse=0.27207110 peer_val_mae=0.34015893
[worker1/etth1_teacher_ft_v2_gpu0] [time_series_etth1_teacher_ft_v2/trs16_res03_lr25e4] [time_series][epoch 038] lambda=0.0032 g_scale=0.264 corr_scale=1.000 freeze_student=0 focus=0.7876 train_total=0.22529196 train_sup=0.22268323 train_imit=0.82002474 mean_w=0.5447 active=0.7274 s_dense=0.00 s_pos=0.5960 s_sel=0.7274 s_sel_pos=1.2206 s_hot_err=0.231399 s_bg_err=0.193768 s_gap=-0.022345 conf_cos=0.0000 conf_proj=0.00 val_mse=0.31949149 val_mae=0.38851662 | p_pos=0.0000 p_dense=0.00 p_sel=0.0000 p_sel_pos=0.0000 p_hot_err=0.000000 p_bg_err=0.000000 p_gap=0.000000 peer_val_mse=0.27207110 peer_val_mae=0.34015893
[worker1/etth1_teacher_ft_v2_gpu0] [time_series_etth1_teacher_ft_v2/trs16_res03_lr25e4] [time_series][epoch 039] lambda=0.0026 g_scale=0.218 corr_scale=1.000 freeze_student=0 focus=0.7876 train_total=0.22544688 train_sup=0.22328192 train_imit=0.82341150 mean_w=0.5459 active=0.7287 s_dense=0.00 s_pos=0.5960 s_sel=0.7287 s_sel_pos=1.2227 s_hot_err=0.232559 s_bg_err=0.192666 s_gap=-0.022436 conf_cos=0.0000 conf_proj=0.00 val_mse=0.32112141 val_mae=0.38973134 | p_pos=0.0000 p_dense=0.00 p_sel=0.0000 p_sel_pos=0.0000 p_hot_err=0.000000 p_bg_err=0.000000 p_gap=0.000000 peer_val_mse=0.27207110 peer_val_mae=0.34015893
[worker1/etth1_teacher_ft_v2_gpu1] [time_series_etth1_teacher_ft_v2/trs10_res02_lr15e4] [time_series][epoch 027] lambda=0.0042 g_scale=0.525 corr_scale=1.000 freeze_student=0 focus=0.9583 train_total=0.22458530 train_sup=0.22091118 train_imit=0.87300741 mean_w=0.7490 active=0.9583 s_dense=0.00 s_pos=0.7265 s_sel=0.9583 s_sel_pos=1.3191 s_hot_err=0.225634 s_bg_err=0.099245 s_gap=-0.031350 conf_cos=0.0000 conf_proj=0.00 val_mse=0.31359567 val_mae=0.38355489 | p_pos=0.0000 p_dense=0.00 p_sel=0.0000 p_sel_pos=0.0000 p_hot_err=0.000000 p_bg_err=0.000000 p_gap=0.000000 peer_val_mse=0.27207110 peer_val_mae=0.34015893
[worker1/etth1_teacher_ft_v2_gpu1] [time_series_etth1_teacher_ft_v2/trs10_res02_lr15e4] [time_series][epoch 028] lambda=0.0038 g_scale=0.472 corr_scale=1.000 freeze_student=0 focus=0.9583 train_total=0.22456777 train_sup=0.22126699 train_imit=0.87174699 mean_w=0.7512 active=0.9583 s_dense=0.00 s_pos=0.7265 s_sel=0.9583 s_sel_pos=1.3192 s_hot_err=0.226004 s_bg_err=0.099245 s_gap=-0.031350 conf_cos=0.0000 conf_proj=0.00 val_mse=0.31497567 val_mae=0.38463317 | p_pos=0.0000 p_dense=0.00 p_sel=0.0000 p_sel_pos=0.0000 p_hot_err=0.000000 p_bg_err=0.000000 p_gap=0.000000 peer_val_mse=0.27207110 peer_val_mae=0.34015893
[worker1/etth1_teacher_ft_v2_gpu1] [time_series_etth1_teacher_ft_v2/trs10_res02_lr15e4] [time_series][epoch 029] lambda=0.0034 g_scale=0.419 corr_scale=1.000 freeze_student=0 focus=0.9583 train_total=0.22458164 train_sup=0.22165547 train_imit=0.86979143 mean_w=0.7531 active=0.9583 s_dense=0.00 s_pos=0.7265 s_sel=0.9583 s_sel_pos=1.3192 s_hot_err=0.226408 s_bg_err=0.099245 s_gap=-0.031350 conf_cos=0.0000 conf_proj=0.00 val_mse=0.31637760 val_mae=0.38572641 | p_pos=0.0000 p_dense=0.00 p_sel=0.0000 p_sel_pos=0.0000 p_hot_err=0.000000 p_bg_err=0.000000 p_gap=0.000000 peer_val_mse=0.27207110 peer_val_mae=0.34015893
[worker1/etth1_teacher_ft_v2_gpu1] [time_series_etth1_teacher_ft_v2/trs10_res02_lr15e4] [time_series][epoch 030] lambda=0.0029 g_scale=0.367 corr_scale=1.000 freeze_student=0 focus=0.9583 train_total=0.22462450 train_sup=0.22207047 train_imit=0.86812134 mean_w=0.7547 active=0.9583 s_dense=0.00 s_pos=0.7265 s_sel=0.9583 s_sel_pos=1.3192 s_hot_err=0.226839 s_bg_err=0.099245 s_gap=-0.031350 conf_cos=0.0000 conf_proj=0.00 val_mse=0.31788737 val_mae=0.38690659 | p_pos=0.0000 p_dense=0.00 p_sel=0.0000 p_sel_pos=0.0000 p_hot_err=0.000000 p_bg_err=0.000000 p_gap=0.000000 peer_val_mse=0.27207110 peer_val_mae=0.34015893
[worker1/etth1_teacher_ft_v2_gpu1] [time_series_etth1_teacher_ft_v2/trs10_res02_lr15e4] [time_series][epoch 030] updated live plot
[worker1/etth1_teacher_ft_v2_gpu1] [time_series_etth1_teacher_ft_v2/trs10_res02_lr15e4] [time_series][epoch 031] lambda=0.0025 g_scale=0.314 corr_scale=1.000 freeze_student=0 focus=0.9583 train_total=0.22470164 train_sup=0.22251822 train_imit=0.86649266 mean_w=0.7560 active=0.9583 s_dense=0.00 s_pos=0.7265 s_sel=0.9583 s_sel_pos=1.3192 s_hot_err=0.227304 s_bg_err=0.099250 s_gap=-0.031348 conf_cos=0.0000 conf_proj=0.00 val_mse=0.31947528 val_mae=0.38815507 | p_pos=0.0000 p_dense=0.00 p_sel=0.0000 p_sel_pos=0.0000 p_hot_err=0.000000 p_bg_err=0.000000 p_gap=0.000000 peer_val_mse=0.27207110 peer_val_mae=0.34015893
[worker1/etth1_teacher_ft_v2_gpu1] [time_series_etth1_teacher_ft_v2/trs10_res02_lr15e4] [time_series][epoch 032] lambda=0.0021 g_scale=0.261 corr_scale=1.000 freeze_student=0 focus=0.9583 train_total=0.22481604 train_sup=0.22300119 train_imit=0.86518682 mean_w=0.7571 active=0.9583 s_dense=0.00 s_pos=0.7265 s_sel=0.9583 s_sel_pos=1.3192 s_hot_err=0.227805 s_bg_err=0.099250 s_gap=-0.031348 conf_cos=0.0000 conf_proj=0.00 val_mse=0.32116780 val_mae=0.38948000 | p_pos=0.0000 p_dense=0.00 p_sel=0.0000 p_sel_pos=0.0000 p_hot_err=0.000000 p_bg_err=0.000000 p_gap=0.000000 peer_val_mse=0.27207110 peer_val_mae=0.34015893
[worker1/etth1_teacher_ft_v2_gpu0] [time_series_etth1_teacher_ft_v2/trs16_res03_lr25e4] [time_series][epoch 040] lambda=0.0021 g_scale=0.172 corr_scale=1.000 freeze_student=0 focus=0.7876 train_total=0.22566396 train_sup=0.22394324 train_imit=0.82837647 mean_w=0.5478 active=0.7307 s_dense=0.00 s_pos=0.5960 s_sel=0.7307 s_sel_pos=1.2261 s_hot_err=0.233918 s_bg_err=0.191090 s_gap=-0.022529 conf_cos=0.0000 conf_proj=0.00 val_mse=0.32292268 val_mae=0.39108601 | p_pos=0.0000 p_dense=0.00 p_sel=0.0000 p_sel_pos=0.0000 p_hot_err=0.000000 p_bg_err=0.000000 p_gap=0.000000 peer_val_mse=0.27207110 peer_val_mae=0.34015893
[worker1/etth1_teacher_ft_v2_gpu0] [time_series_etth1_teacher_ft_v2/trs16_res03_lr25e4] [time_series][epoch 040] updated live plot
[worker1/etth1_teacher_ft_v2_gpu0] [time_series_etth1_teacher_ft_v2/trs16_res03_lr25e4] [time_series][epoch 041] lambda=0.0015 g_scale=0.126 corr_scale=1.000 freeze_student=0 focus=0.7876 train_total=0.22595114 train_sup=0.22468150 train_imit=0.83245348 mean_w=0.5487 active=0.7316 s_dense=0.00 s_pos=0.5960 s_sel=0.7316 s_sel_pos=1.2277 s_hot_err=0.235054 s_bg_err=0.190483 s_gap=-0.022568 conf_cos=0.0000 conf_proj=0.00 val_mse=0.32489441 val_mae=0.39257199 | p_pos=0.0000 p_dense=0.00 p_sel=0.0000 p_sel_pos=0.0000 p_hot_err=0.000000 p_bg_err=0.000000 p_gap=0.000000 peer_val_mse=0.27207110 peer_val_mae=0.34015893
[worker1/etth1_teacher_ft_v2_gpu0] [time_series_etth1_teacher_ft_v2/trs16_res03_lr25e4] [time_series][epoch 042] lambda=0.0010 g_scale=0.080 corr_scale=1.000 freeze_student=0 focus=0.7876 train_total=0.22631523 train_sup=0.22549967 train_imit=0.83808207 mean_w=0.5502 active=0.7337 s_dense=0.00 s_pos=0.5960 s_sel=0.7337 s_sel_pos=1.2311 s_hot_err=0.236442 s_bg_err=0.189326 s_gap=-0.022656 conf_cos=0.0000 conf_proj=0.00 val_mse=0.32700237 val_mae=0.39415601 | p_pos=0.0000 p_dense=0.00 p_sel=0.0000 p_sel_pos=0.0000 p_hot_err=0.000000 p_bg_err=0.000000 p_gap=0.000000 peer_val_mse=0.27207110 peer_val_mae=0.34015893
[worker1/etth1_teacher_ft_v2_gpu0] [time_series_etth1_teacher_ft_v2/trs16_res03_lr25e4] [time_series][epoch 043] lambda=0.0010 g_scale=0.080 corr_scale=1.000 freeze_student=0 focus=0.7876 train_total=0.22630628 train_sup=0.22548609 train_imit=0.84288022 mean_w=0.5514 active=0.7350 s_dense=0.00 s_pos=0.5960 s_sel=0.7350 s_sel_pos=1.2333 s_hot_err=0.236539 s_bg_err=0.188781 s_gap=-0.022668 conf_cos=0.0000 conf_proj=0.00 val_mse=0.32694831 val_mae=0.39410568 | p_pos=0.0000 p_dense=0.00 p_sel=0.0000 p_sel_pos=0.0000 p_hot_err=0.000000 p_bg_err=0.000000 p_gap=0.000000 peer_val_mse=0.27207110 peer_val_mae=0.34015893
[worker1/etth1_teacher_ft_v2_gpu0] [time_series_etth1_teacher_ft_v2/trs16_res03_lr25e4] [time_series][epoch 044] lambda=0.0010 g_scale=0.080 corr_scale=1.000 freeze_student=0 focus=0.7876 train_total=0.22630063 train_sup=0.22547630 train_imit=0.84716692 mean_w=0.5524 active=0.7359 s_dense=0.00 s_pos=0.5960 s_sel=0.7359 s_sel_pos=1.2349 s_hot_err=0.236601 s_bg_err=0.188417 s_gap=-0.022687 conf_cos=0.0000 conf_proj=0.00 val_mse=0.32690018 val_mae=0.39406055 | p_pos=0.0000 p_dense=0.00 p_sel=0.0000 p_sel_pos=0.0000 p_hot_err=0.000000 p_bg_err=0.000000 p_gap=0.000000 peer_val_mse=0.27207110 peer_val_mae=0.34015893
[worker1/etth1_teacher_ft_v2_gpu0] [time_series_etth1_teacher_ft_v2/trs16_res03_lr25e4] [time_series][epoch 045] lambda=0.0010 g_scale=0.080 corr_scale=1.000 freeze_student=0 focus=0.7876 train_total=0.22629642 train_sup=0.22546980 train_imit=0.84955440 mean_w=0.5525 active=0.7357 s_dense=0.00 s_pos=0.5960 s_sel=0.7357 s_sel_pos=1.2345 s_hot_err=0.236538 s_bg_err=0.188558 s_gap=-0.022601 conf_cos=0.0000 conf_proj=0.00 val_mse=0.32687307 val_mae=0.39403467 | p_pos=0.0000 p_dense=0.00 p_sel=0.0000 p_sel_pos=0.0000 p_hot_err=0.000000 p_bg_err=0.000000 p_gap=0.000000 peer_val_mse=0.27207110 peer_val_mae=0.34015893
[worker1/etth1_teacher_ft_v2_gpu1] [time_series_etth1_teacher_ft_v2/trs10_res02_lr15e4] [time_series][epoch 033] lambda=0.0017 g_scale=0.208 corr_scale=1.000 freeze_student=0 focus=0.9583 train_total=0.22497205 train_sup=0.22352369 train_imit=0.86446595 mean_w=0.7585 active=0.9583 s_dense=0.00 s_pos=0.7265 s_sel=0.9583 s_sel_pos=1.3192 s_hot_err=0.228348 s_bg_err=0.099252 s_gap=-0.031345 conf_cos=0.0000 conf_proj=0.00 val_mse=0.32295018 val_mae=0.39087110 | p_pos=0.0000 p_dense=0.00 p_sel=0.0000 p_sel_pos=0.0000 p_hot_err=0.000000 p_bg_err=0.000000 p_gap=0.000000 peer_val_mse=0.27207110 peer_val_mae=0.34015893
[worker1/etth1_teacher_ft_v2_gpu1] [time_series_etth1_teacher_ft_v2/trs10_res02_lr15e4] [time_series][epoch 034] lambda=0.0012 g_scale=0.156 corr_scale=1.000 freeze_student=0 focus=0.9583 train_total=0.22517397 train_sup=0.22409103 train_imit=0.86411324 mean_w=0.7598 active=0.9583 s_dense=0.00 s_pos=0.7265 s_sel=0.9583 s_sel_pos=1.3192 s_hot_err=0.228938 s_bg_err=0.099251 s_gap=-0.031344 conf_cos=0.0000 conf_proj=0.00 val_mse=0.32484665 val_mae=0.39235538 | p_pos=0.0000 p_dense=0.00 p_sel=0.0000 p_sel_pos=0.0000 p_hot_err=0.000000 p_bg_err=0.000000 p_gap=0.000000 peer_val_mse=0.27207110 peer_val_mae=0.34015893
[worker1/etth1_teacher_ft_v2_gpu1] [time_series_etth1_teacher_ft_v2/trs10_res02_lr15e4] [time_series][epoch 035] lambda=0.0008 g_scale=0.103 corr_scale=1.000 freeze_student=0 focus=0.9583 train_total=0.22542601 train_sup=0.22470796 train_imit=0.86404888 mean_w=0.7608 active=0.9583 s_dense=0.00 s_pos=0.7265 s_sel=0.9583 s_sel_pos=1.3192 s_hot_err=0.229579 s_bg_err=0.099249 s_gap=-0.031342 conf_cos=0.0000 conf_proj=0.00 val_mse=0.32686259 val_mae=0.39392961 | p_pos=0.0000 p_dense=0.00 p_sel=0.0000 p_sel_pos=0.0000 p_hot_err=0.000000 p_bg_err=0.000000 p_gap=0.000000 peer_val_mse=0.27207110 peer_val_mae=0.34015893
[worker1/etth1_teacher_ft_v2_gpu1] [time_series_etth1_teacher_ft_v2/trs10_res02_lr15e4] [time_series][epoch 036] lambda=0.0004 g_scale=0.050 corr_scale=1.000 freeze_student=0 focus=0.9583 train_total=0.22573170 train_sup=0.22537838 train_imit=0.86425019 mean_w=0.7616 active=0.9583 s_dense=0.00 s_pos=0.7265 s_sel=0.9583 s_sel_pos=1.3192 s_hot_err=0.230275 s_bg_err=0.099248 s_gap=-0.031340 conf_cos=0.0000 conf_proj=0.00 val_mse=0.32898812 val_mae=0.39558631 | p_pos=0.0000 p_dense=0.00 p_sel=0.0000 p_sel_pos=0.0000 p_hot_err=0.000000 p_bg_err=0.000000 p_gap=0.000000 peer_val_mse=0.27207110 peer_val_mae=0.34015893
[worker1/etth1_teacher_ft_v2_gpu1] [time_series_etth1_teacher_ft_v2/trs10_res02_lr15e4] [time_series][epoch 037] lambda=0.0004 g_scale=0.050 corr_scale=1.000 freeze_student=0 focus=0.9583 train_total=0.22572860 train_sup=0.22537519 train_imit=0.86446003 mean_w=0.7621 active=0.9583 s_dense=0.00 s_pos=0.7265 s_sel=0.9583 s_sel_pos=1.3192 s_hot_err=0.230272 s_bg_err=0.099246 s_gap=-0.031340 conf_cos=0.0000 conf_proj=0.00 val_mse=0.32897273 val_mae=0.39557218 | p_pos=0.0000 p_dense=0.00 p_sel=0.0000 p_sel_pos=0.0000 p_hot_err=0.000000 p_bg_err=0.000000 p_gap=0.000000 peer_val_mse=0.27207110 peer_val_mae=0.34015893
[worker1/etth1_teacher_ft_v2_gpu1] [time_series_etth1_teacher_ft_v2/trs10_res02_lr15e4] [time_series][epoch 038] lambda=0.0004 g_scale=0.050 corr_scale=1.000 freeze_student=0 focus=0.9583 train_total=0.22572568 train_sup=0.22537218 train_imit=0.86470968 mean_w=0.7626 active=0.9583 s_dense=0.00 s_pos=0.7265 s_sel=0.9583 s_sel_pos=1.3192 s_hot_err=0.230269 s_bg_err=0.099246 s_gap=-0.031339 conf_cos=0.0000 conf_proj=0.00 val_mse=0.32895878 val_mae=0.39555929 | p_pos=0.0000 p_dense=0.00 p_sel=0.0000 p_sel_pos=0.0000 p_hot_err=0.000000 p_bg_err=0.000000 p_gap=0.000000 peer_val_mse=0.27207110 peer_val_mae=0.34015893
[worker1/etth1_teacher_ft_v2_gpu1] [time_series_etth1_teacher_ft_v2/trs10_res02_lr15e4] [time_series][epoch 039] lambda=0.0004 g_scale=0.050 corr_scale=1.000 freeze_student=0 focus=0.9583 train_total=0.22572297 train_sup=0.22536933 train_imit=0.86502394 mean_w=0.7630 active=0.9583 s_dense=0.00 s_pos=0.7265 s_sel=0.9583 s_sel_pos=1.3192 s_hot_err=0.230266 s_bg_err=0.099246 s_gap=-0.031339 conf_cos=0.0000 conf_proj=0.00 val_mse=0.32894425 val_mae=0.39554585 | p_pos=0.0000 p_dense=0.00 p_sel=0.0000 p_sel_pos=0.0000 p_hot_err=0.000000 p_bg_err=0.000000 p_gap=0.000000 peer_val_mse=0.27207110 peer_val_mae=0.34015893
[worker1/etth1_teacher_ft_v2_gpu0] [time_series_etth1_teacher_ft_v2/trs16_res03_lr25e4] [time_series][epoch 046] lambda=0.0010 g_scale=0.080 corr_scale=1.000 freeze_student=0 focus=0.7876 train_total=0.22629259 train_sup=0.22546336 train_imit=0.85225464 mean_w=0.5530 active=0.7359 s_dense=0.00 s_pos=0.5960 s_sel=0.7359 s_sel_pos=1.2348 s_hot_err=0.236554 s_bg_err=0.188493 s_gap=-0.022551 conf_cos=0.0000 conf_proj=0.00 val_mse=0.32684906 val_mae=0.39401220 | p_pos=0.0000 p_dense=0.00 p_sel=0.0000 p_sel_pos=0.0000 p_hot_err=0.000000 p_bg_err=0.000000 p_gap=0.000000 peer_val_mse=0.27207110 peer_val_mae=0.34015893
[worker1/etth1_teacher_ft_v2_gpu0] [time_series_etth1_teacher_ft_v2/trs16_res03_lr25e4] [time_series][epoch 047] lambda=0.0010 g_scale=0.080 corr_scale=1.000 freeze_student=0 focus=0.7876 train_total=0.22628923 train_sup=0.22545803 train_imit=0.85429953 mean_w=0.5534 active=0.7359 s_dense=0.00 s_pos=0.5960 s_sel=0.7359 s_sel_pos=1.2348 s_hot_err=0.236514 s_bg_err=0.188579 s_gap=-0.022503 conf_cos=0.0000 conf_proj=0.00 val_mse=0.32682337 val_mae=0.39398766 | p_pos=0.0000 p_dense=0.00 p_sel=0.0000 p_sel_pos=0.0000 p_hot_err=0.000000 p_bg_err=0.000000 p_gap=0.000000 peer_val_mse=0.27207110 peer_val_mae=0.34015893
[worker1/etth1_teacher_ft_v2_gpu0] [time_series_etth1_teacher_ft_v2/trs16_res03_lr25e4] [time_series][epoch 048] lambda=0.0010 g_scale=0.080 corr_scale=1.000 freeze_student=0 focus=0.7876 train_total=0.22628639 train_sup=0.22545306 train_imit=0.85651401 mean_w=0.5537 active=0.7358 s_dense=0.00 s_pos=0.5960 s_sel=0.7358 s_sel_pos=1.2346 s_hot_err=0.236500 s_bg_err=0.188603 s_gap=-0.022438 conf_cos=0.0000 conf_proj=0.00 val_mse=0.32681245 val_mae=0.39397672 | p_pos=0.0000 p_dense=0.00 p_sel=0.0000 p_sel_pos=0.0000 p_hot_err=0.000000 p_bg_err=0.000000 p_gap=0.000000 peer_val_mse=0.27207110 peer_val_mae=0.34015893
[worker1/etth1_teacher_ft_v2_gpu0] [time_series_etth1_teacher_ft_v2/trs16_res03_lr25e4] [time_series][epoch 049] lambda=0.0010 g_scale=0.080 corr_scale=1.000 freeze_student=0 focus=0.7876 train_total=0.22628340 train_sup=0.22544942 train_imit=0.85719313 mean_w=0.5537 active=0.7354 s_dense=0.00 s_pos=0.5960 s_sel=0.7354 s_sel_pos=1.2339 s_hot_err=0.236464 s_bg_err=0.188812 s_gap=-0.022398 conf_cos=0.0000 conf_proj=0.00 val_mse=0.32680207 val_mae=0.39396677 | p_pos=0.0000 p_dense=0.00 p_sel=0.0000 p_sel_pos=0.0000 p_hot_err=0.000000 p_bg_err=0.000000 p_gap=0.000000 peer_val_mse=0.27207110 peer_val_mae=0.34015893
[worker1/etth1_teacher_ft_v2_gpu0] [time_series_etth1_teacher_ft_v2/trs16_res03_lr25e4] [time_series][epoch 050] lambda=0.0010 g_scale=0.080 corr_scale=1.000 freeze_student=0 focus=0.7876 train_total=0.22628004 train_sup=0.22544473 train_imit=0.85857978 mean_w=0.5538 active=0.7351 s_dense=0.00 s_pos=0.5960 s_sel=0.7351 s_sel_pos=1.2334 s_hot_err=0.236427 s_bg_err=0.188894 s_gap=-0.022370 conf_cos=0.0000 conf_proj=0.00 val_mse=0.32679296 val_mae=0.39395809 | p_pos=0.0000 p_dense=0.00 p_sel=0.0000 p_sel_pos=0.0000 p_hot_err=0.000000 p_bg_err=0.000000 p_gap=0.000000 peer_val_mse=0.27207110 peer_val_mae=0.34015893
[worker1/etth1_teacher_ft_v2_gpu0] [time_series_etth1_teacher_ft_v2/trs16_res03_lr25e4] [time_series][epoch 050] updated live plot
[worker1/etth1_teacher_ft_v2_gpu0] [time_series_etth1_teacher_ft_v2/trs16_res03_lr25e4] [time_series][epoch 051] lambda=0.0010 g_scale=0.080 corr_scale=1.000 freeze_student=0 focus=0.7876 train_total=0.22627732 train_sup=0.22544141 train_imit=0.85919990 mean_w=0.5537 active=0.7345 s_dense=0.00 s_pos=0.5960 s_sel=0.7345 s_sel_pos=1.2325 s_hot_err=0.236404 s_bg_err=0.189082 s_gap=-0.022322 conf_cos=0.0000 conf_proj=0.00 val_mse=0.32678441 val_mae=0.39394942 | p_pos=0.0000 p_dense=0.00 p_sel=0.0000 p_sel_pos=0.0000 p_hot_err=0.000000 p_bg_err=0.000000 p_gap=0.000000 peer_val_mse=0.27207110 peer_val_mae=0.34015893
[worker1/etth1_teacher_ft_v2_gpu1] [time_series_etth1_teacher_ft_v2/trs10_res02_lr15e4] [time_series][epoch 040] lambda=0.0004 g_scale=0.050 corr_scale=1.000 freeze_student=0 focus=0.9583 train_total=0.22572033 train_sup=0.22536653 train_imit=0.86542455 mean_w=0.7634 active=0.9583 s_dense=0.00 s_pos=0.7265 s_sel=0.9583 s_sel_pos=1.3192 s_hot_err=0.230263 s_bg_err=0.099246 s_gap=-0.031339 conf_cos=0.0000 conf_proj=0.00 val_mse=0.32892842 val_mae=0.39553133 | p_pos=0.0000 p_dense=0.00 p_sel=0.0000 p_sel_pos=0.0000 p_hot_err=0.000000 p_bg_err=0.000000 p_gap=0.000000 peer_val_mse=0.27207110 peer_val_mae=0.34015893
[worker1/etth1_teacher_ft_v2_gpu1] [time_series_etth1_teacher_ft_v2/trs10_res02_lr15e4] [time_series][epoch 040] updated live plot
[worker1/etth1_teacher_ft_v2_gpu1] [time_series_etth1_teacher_ft_v2/trs10_res02_lr15e4] [time_series][epoch 041] lambda=0.0004 g_scale=0.050 corr_scale=1.000 freeze_student=0 focus=0.9583 train_total=0.22571765 train_sup=0.22536370 train_imit=0.86577636 mean_w=0.7638 active=0.9583 s_dense=0.00 s_pos=0.7265 s_sel=0.9583 s_sel_pos=1.3192 s_hot_err=0.230260 s_bg_err=0.099246 s_gap=-0.031339 conf_cos=0.0000 conf_proj=0.00 val_mse=0.32891547 val_mae=0.39551936 | p_pos=0.0000 p_dense=0.00 p_sel=0.0000 p_sel_pos=0.0000 p_hot_err=0.000000 p_bg_err=0.000000 p_gap=0.000000 peer_val_mse=0.27207110 peer_val_mae=0.34015893
[worker1/etth1_teacher_ft_v2_gpu1] [time_series_etth1_teacher_ft_v2/trs10_res02_lr15e4] [time_series][epoch 042] lambda=0.0004 g_scale=0.050 corr_scale=1.000 freeze_student=0 focus=0.9583 train_total=0.22571519 train_sup=0.22536105 train_imit=0.86623499 mean_w=0.7642 active=0.9583 s_dense=0.00 s_pos=0.7265 s_sel=0.9583 s_sel_pos=1.3192 s_hot_err=0.230258 s_bg_err=0.099246 s_gap=-0.031339 conf_cos=0.0000 conf_proj=0.00 val_mse=0.32890070 val_mae=0.39550572 | p_pos=0.0000 p_dense=0.00 p_sel=0.0000 p_sel_pos=0.0000 p_hot_err=0.000000 p_bg_err=0.000000 p_gap=0.000000 peer_val_mse=0.27207110 peer_val_mae=0.34015893
[worker1/etth1_teacher_ft_v2_gpu1] [time_series_etth1_teacher_ft_v2/trs10_res02_lr15e4] [time_series][epoch 043] lambda=0.0004 g_scale=0.050 corr_scale=1.000 freeze_student=0 focus=0.9583 train_total=0.22571277 train_sup=0.22535843 train_imit=0.86673030 mean_w=0.7645 active=0.9583 s_dense=0.00 s_pos=0.7265 s_sel=0.9583 s_sel_pos=1.3192 s_hot_err=0.230255 s_bg_err=0.099245 s_gap=-0.031339 conf_cos=0.0000 conf_proj=0.00 val_mse=0.32888707 val_mae=0.39549295 | p_pos=0.0000 p_dense=0.00 p_sel=0.0000 p_sel_pos=0.0000 p_hot_err=0.000000 p_bg_err=0.000000 p_gap=0.000000 peer_val_mse=0.27207110 peer_val_mae=0.34015893
[worker1/etth1_teacher_ft_v2_gpu1] [time_series_etth1_teacher_ft_v2/trs10_res02_lr15e4] [time_series][epoch 044] lambda=0.0004 g_scale=0.050 corr_scale=1.000 freeze_student=0 focus=0.9583 train_total=0.22571042 train_sup=0.22535582 train_imit=0.86737586 mean_w=0.7649 active=0.9583 s_dense=0.00 s_pos=0.7265 s_sel=0.9583 s_sel_pos=1.3192 s_hot_err=0.230252 s_bg_err=0.099246 s_gap=-0.031339 conf_cos=0.0000 conf_proj=0.00 val_mse=0.32887319 val_mae=0.39548016 | p_pos=0.0000 p_dense=0.00 p_sel=0.0000 p_sel_pos=0.0000 p_hot_err=0.000000 p_bg_err=0.000000 p_gap=0.000000 peer_val_mse=0.27207110 peer_val_mae=0.34015893
[worker1/etth1_teacher_ft_v2_gpu1] [time_series_etth1_teacher_ft_v2/trs10_res02_lr15e4] [time_series][epoch 045] lambda=0.0004 g_scale=0.050 corr_scale=1.000 freeze_student=0 focus=0.9583 train_total=0.22570813 train_sup=0.22535328 train_imit=0.86799287 mean_w=0.7653 active=0.9583 s_dense=0.00 s_pos=0.7265 s_sel=0.9583 s_sel_pos=1.3192 s_hot_err=0.230250 s_bg_err=0.099246 s_gap=-0.031339 conf_cos=0.0000 conf_proj=0.00 val_mse=0.32885995 val_mae=0.39546793 | p_pos=0.0000 p_dense=0.00 p_sel=0.0000 p_sel_pos=0.0000 p_hot_err=0.000000 p_bg_err=0.000000 p_gap=0.000000 peer_val_mse=0.27207110 peer_val_mae=0.34015893
[worker1/etth1_teacher_ft_v2_gpu0] [time_series_etth1_teacher_ft_v2/trs16_res03_lr25e4] [time_series][epoch 052] lambda=0.0010 g_scale=0.080 corr_scale=1.000 freeze_student=0 focus=0.7876 train_total=0.22627460 train_sup=0.22543857 train_imit=0.85933977 mean_w=0.5533 active=0.7336 s_dense=0.00 s_pos=0.5960 s_sel=0.7336 s_sel_pos=1.2310 s_hot_err=0.236294 s_bg_err=0.189527 s_gap=-0.022221 conf_cos=0.0000 conf_proj=0.00 val_mse=0.32678083 val_mae=0.39394587 | p_pos=0.0000 p_dense=0.00 p_sel=0.0000 p_sel_pos=0.0000 p_hot_err=0.000000 p_bg_err=0.000000 p_gap=0.000000 peer_val_mse=0.27207110 peer_val_mae=0.34015893
[worker1/etth1_teacher_ft_v2_gpu0] [time_series_etth1_teacher_ft_v2/trs16_res03_lr25e4] [time_series][epoch 053] lambda=0.0010 g_scale=0.080 corr_scale=1.000 freeze_student=0 focus=0.7876 train_total=0.22627149 train_sup=0.22543447 train_imit=0.86036478 mean_w=0.5534 active=0.7334 s_dense=0.00 s_pos=0.5960 s_sel=0.7334 s_sel_pos=1.2306 s_hot_err=0.236313 s_bg_err=0.189481 s_gap=-0.022212 conf_cos=0.0000 conf_proj=0.00 val_mse=0.32677276 val_mae=0.39393728 | p_pos=0.0000 p_dense=0.00 p_sel=0.0000 p_sel_pos=0.0000 p_hot_err=0.000000 p_bg_err=0.000000 p_gap=0.000000 peer_val_mse=0.27207110 peer_val_mae=0.34015893
[worker1/etth1_teacher_ft_v2_gpu0] [time_series_etth1_teacher_ft_v2/trs16_res03_lr25e4] [time_series][epoch 054] lambda=0.0010 g_scale=0.080 corr_scale=1.000 freeze_student=0 focus=0.7876 train_total=0.22626859 train_sup=0.22543074 train_imit=0.86122545 mean_w=0.5535 active=0.7331 s_dense=0.00 s_pos=0.5960 s_sel=0.7331 s_sel_pos=1.2301 s_hot_err=0.236263 s_bg_err=0.189636 s_gap=-0.022136 conf_cos=0.0000 conf_proj=0.00 val_mse=0.32676873 val_mae=0.39393193 | p_pos=0.0000 p_dense=0.00 p_sel=0.0000 p_sel_pos=0.0000 p_hot_err=0.000000 p_bg_err=0.000000 p_gap=0.000000 peer_val_mse=0.27207110 peer_val_mae=0.34015893
[worker1/etth1_teacher_ft_v2_gpu0] [time_series_etth1_teacher_ft_v2/trs16_res03_lr25e4] [time_series][epoch 055] lambda=0.0010 g_scale=0.080 corr_scale=1.000 freeze_student=0 focus=0.7876 train_total=0.22626541 train_sup=0.22542739 train_imit=0.86142433 mean_w=0.5531 active=0.7321 s_dense=0.00 s_pos=0.5960 s_sel=0.7321 s_sel_pos=1.2285 s_hot_err=0.236200 s_bg_err=0.189970 s_gap=-0.022070 conf_cos=0.0000 conf_proj=0.00 val_mse=0.32676432 val_mae=0.39392928 | p_pos=0.0000 p_dense=0.00 p_sel=0.0000 p_sel_pos=0.0000 p_hot_err=0.000000 p_bg_err=0.000000 p_gap=0.000000 peer_val_mse=0.27207110 peer_val_mae=0.34015893
[worker1/etth1_teacher_ft_v2_gpu0] [time_series_etth1_teacher_ft_v2/trs16_res03_lr25e4] [time_series][epoch 056] lambda=0.0010 g_scale=0.080 corr_scale=1.000 freeze_student=0 focus=0.7876 train_total=0.22626285 train_sup=0.22542463 train_imit=0.86162692 mean_w=0.5530 active=0.7316 s_dense=0.00 s_pos=0.5960 s_sel=0.7316 s_sel_pos=1.2275 s_hot_err=0.236137 s_bg_err=0.190208 s_gap=-0.022057 conf_cos=0.0000 conf_proj=0.00 val_mse=0.32676902 val_mae=0.39393248 | p_pos=0.0000 p_dense=0.00 p_sel=0.0000 p_sel_pos=0.0000 p_hot_err=0.000000 p_bg_err=0.000000 p_gap=0.000000 peer_val_mse=0.27207110 peer_val_mae=0.34015893
[worker1/etth1_teacher_ft_v2_gpu0] [time_series_etth1_teacher_ft_v2/trs16_res03_lr25e4] [time_series][epoch 057] lambda=0.0010 g_scale=0.080 corr_scale=1.000 freeze_student=0 focus=0.7876 train_total=0.22625955 train_sup=0.22542094 train_imit=0.86203696 mean_w=0.5529 active=0.7310 s_dense=0.00 s_pos=0.5960 s_sel=0.7310 s_sel_pos=1.2267 s_hot_err=0.236113 s_bg_err=0.190382 s_gap=-0.021994 conf_cos=0.0000 conf_proj=0.00 val_mse=0.32676043 val_mae=0.39392456 | p_pos=0.0000 p_dense=0.00 p_sel=0.0000 p_sel_pos=0.0000 p_hot_err=0.000000 p_bg_err=0.000000 p_gap=0.000000 peer_val_mse=0.27207110 peer_val_mae=0.34015893
[worker1/etth1_teacher_ft_v2_gpu0] [time_series_etth1_teacher_ft_v2/trs16_res03_lr25e4] [time_series][epoch 058] lambda=0.0010 g_scale=0.080 corr_scale=1.000 freeze_student=0 focus=0.7876 train_total=0.22625670 train_sup=0.22541685 train_imit=0.86332142 mean_w=0.5530 active=0.7307 s_dense=0.00 s_pos=0.5960 s_sel=0.7307 s_sel_pos=1.2262 s_hot_err=0.236148 s_bg_err=0.190325 s_gap=-0.021961 conf_cos=0.0000 conf_proj=0.00 val_mse=0.32674923 val_mae=0.39391357 | p_pos=0.0000 p_dense=0.00 p_sel=0.0000 p_sel_pos=0.0000 p_hot_err=0.000000 p_bg_err=0.000000 p_gap=0.000000 peer_val_mse=0.27207110 peer_val_mae=0.34015893
[worker1/etth1_teacher_ft_v2_gpu1] [time_series_etth1_teacher_ft_v2/trs10_res02_lr15e4] [time_series][epoch 046] lambda=0.0004 g_scale=0.050 corr_scale=1.000 freeze_student=0 focus=0.9583 train_total=0.22570594 train_sup=0.22535085 train_imit=0.86858698 mean_w=0.7655 active=0.9583 s_dense=0.00 s_pos=0.7265 s_sel=0.9583 s_sel_pos=1.3192 s_hot_err=0.230247 s_bg_err=0.099244 s_gap=-0.031338 conf_cos=0.0000 conf_proj=0.00 val_mse=0.32884781 val_mae=0.39545642 | p_pos=0.0000 p_dense=0.00 p_sel=0.0000 p_sel_pos=0.0000 p_hot_err=0.000000 p_bg_err=0.000000 p_gap=0.000000 peer_val_mse=0.27207110 peer_val_mae=0.34015893
[worker1/etth1_teacher_ft_v2_gpu1] [time_series_etth1_teacher_ft_v2/trs10_res02_lr15e4] [time_series][epoch 047] lambda=0.0004 g_scale=0.050 corr_scale=1.000 freeze_student=0 focus=0.9583 train_total=0.22570385 train_sup=0.22534848 train_imit=0.86927821 mean_w=0.7658 active=0.9583 s_dense=0.00 s_pos=0.7265 s_sel=0.9583 s_sel_pos=1.3192 s_hot_err=0.230245 s_bg_err=0.099246 s_gap=-0.031335 conf_cos=0.0000 conf_proj=0.00 val_mse=0.32883402 val_mae=0.39544371 | p_pos=0.0000 p_dense=0.00 p_sel=0.0000 p_sel_pos=0.0000 p_hot_err=0.000000 p_bg_err=0.000000 p_gap=0.000000 peer_val_mse=0.27207110 peer_val_mae=0.34015893
[worker1/etth1_teacher_ft_v2_gpu1] [time_series_etth1_teacher_ft_v2/trs10_res02_lr15e4] [time_series][epoch 048] lambda=0.0004 g_scale=0.050 corr_scale=1.000 freeze_student=0 focus=0.9583 train_total=0.22570178 train_sup=0.22534616 train_imit=0.86990229 mean_w=0.7661 active=0.9583 s_dense=0.00 s_pos=0.7265 s_sel=0.9583 s_sel_pos=1.3192 s_hot_err=0.230243 s_bg_err=0.099245 s_gap=-0.031333 conf_cos=0.0000 conf_proj=0.00 val_mse=0.32882175 val_mae=0.39543234 | p_pos=0.0000 p_dense=0.00 p_sel=0.0000 p_sel_pos=0.0000 p_hot_err=0.000000 p_bg_err=0.000000 p_gap=0.000000 peer_val_mse=0.27207110 peer_val_mae=0.34015893
[worker1/etth1_teacher_ft_v2_gpu1] [time_series_etth1_teacher_ft_v2/trs10_res02_lr15e4] [time_series][epoch 049] lambda=0.0004 g_scale=0.050 corr_scale=1.000 freeze_student=0 focus=0.9583 train_total=0.22569983 train_sup=0.22534392 train_imit=0.87062704 mean_w=0.7663 active=0.9583 s_dense=0.00 s_pos=0.7265 s_sel=0.9583 s_sel_pos=1.3192 s_hot_err=0.230240 s_bg_err=0.099254 s_gap=-0.031323 conf_cos=0.0000 conf_proj=0.00 val_mse=0.32880893 val_mae=0.39542059 | p_pos=0.0000 p_dense=0.00 p_sel=0.0000 p_sel_pos=0.0000 p_hot_err=0.000000 p_bg_err=0.000000 p_gap=0.000000 peer_val_mse=0.27207110 peer_val_mae=0.34015893
[worker1/etth1_teacher_ft_v2_gpu1] [time_series_etth1_teacher_ft_v2/trs10_res02_lr15e4] [time_series][epoch 050] lambda=0.0004 g_scale=0.050 corr_scale=1.000 freeze_student=0 focus=0.9583 train_total=0.22569790 train_sup=0.22534168 train_imit=0.87137547 mean_w=0.7665 active=0.9583 s_dense=0.00 s_pos=0.7265 s_sel=0.9583 s_sel_pos=1.3192 s_hot_err=0.230238 s_bg_err=0.099253 s_gap=-0.031323 conf_cos=0.0000 conf_proj=0.00 val_mse=0.32879720 val_mae=0.39540959 | p_pos=0.0000 p_dense=0.00 p_sel=0.0000 p_sel_pos=0.0000 p_hot_err=0.000000 p_bg_err=0.000000 p_gap=0.000000 peer_val_mse=0.27207110 peer_val_mae=0.34015893
[worker1/etth1_teacher_ft_v2_gpu1] [time_series_etth1_teacher_ft_v2/trs10_res02_lr15e4] [time_series][epoch 050] updated live plot
[worker1/etth1_teacher_ft_v2_gpu1] [time_series_etth1_teacher_ft_v2/trs10_res02_lr15e4] [time_series][epoch 051] lambda=0.0004 g_scale=0.050 corr_scale=1.000 freeze_student=0 focus=0.9583 train_total=0.22569605 train_sup=0.22533956 train_imit=0.87204088 mean_w=0.7667 active=0.9583 s_dense=0.00 s_pos=0.7265 s_sel=0.9583 s_sel_pos=1.3191 s_hot_err=0.230236 s_bg_err=0.099260 s_gap=-0.031316 conf_cos=0.0000 conf_proj=0.00 val_mse=0.32878578 val_mae=0.39539903 | p_pos=0.0000 p_dense=0.00 p_sel=0.0000 p_sel_pos=0.0000 p_hot_err=0.000000 p_bg_err=0.000000 p_gap=0.000000 peer_val_mse=0.27207110 peer_val_mae=0.34015893
[worker1/etth1_teacher_ft_v2_gpu0] [time_series_etth1_teacher_ft_v2/trs16_res03_lr25e4] [time_series][epoch 059] lambda=0.0010 g_scale=0.080 corr_scale=1.000 freeze_student=0 focus=0.7876 train_total=0.22625373 train_sup=0.22541300 train_imit=0.86423196 mean_w=0.5533 active=0.7307 s_dense=0.00 s_pos=0.5960 s_sel=0.7307 s_sel_pos=1.2261 s_hot_err=0.236155 s_bg_err=0.190295 s_gap=-0.021945 conf_cos=0.0000 conf_proj=0.00 val_mse=0.32675175 val_mae=0.39391489 | p_pos=0.0000 p_dense=0.00 p_sel=0.0000 p_sel_pos=0.0000 p_hot_err=0.000000 p_bg_err=0.000000 p_gap=0.000000 peer_val_mse=0.27207110 peer_val_mae=0.34015893
[worker1/etth1_teacher_ft_v2_gpu0] [time_series_etth1_teacher_ft_v2/trs16_res03_lr25e4] [time_series][epoch 060] lambda=0.0010 g_scale=0.080 corr_scale=1.000 freeze_student=0 focus=0.7876 train_total=0.22625064 train_sup=0.22541038 train_imit=0.86375114 mean_w=0.5528 active=0.7296 s_dense=0.00 s_pos=0.5960 s_sel=0.7296 s_sel_pos=1.2243 s_hot_err=0.236060 s_bg_err=0.190757 s_gap=-0.021886 conf_cos=0.0000 conf_proj=0.00 val_mse=0.32674452 val_mae=0.39390872 | p_pos=0.0000 p_dense=0.00 p_sel=0.0000 p_sel_pos=0.0000 p_hot_err=0.000000 p_bg_err=0.000000 p_gap=0.000000 peer_val_mse=0.27207110 peer_val_mae=0.34015893
[worker1/etth1_teacher_ft_v2_gpu0] [time_series_etth1_teacher_ft_v2/trs16_res03_lr25e4] [time_series][epoch 060] updated live plot
[worker1/etth1_teacher_ft_v2_gpu0] [time_series_etth1_teacher_ft_v2/trs16_res03_lr25e4] [time_series][epoch 061] lambda=0.0010 g_scale=0.080 corr_scale=1.000 freeze_student=0 focus=0.7876 train_total=0.22624725 train_sup=0.22540669 train_imit=0.86407025 mean_w=0.5526 active=0.7291 s_dense=0.00 s_pos=0.5960 s_sel=0.7291 s_sel_pos=1.2234 s_hot_err=0.236051 s_bg_err=0.190852 s_gap=-0.021829 conf_cos=0.0000 conf_proj=0.00 val_mse=0.32674415 val_mae=0.39390671 | p_pos=0.0000 p_dense=0.00 p_sel=0.0000 p_sel_pos=0.0000 p_hot_err=0.000000 p_bg_err=0.000000 p_gap=0.000000 peer_val_mse=0.27207110 peer_val_mae=0.34015893
[worker1/etth1_teacher_ft_v2_gpu0] [time_series_etth1_teacher_ft_v2/trs16_res03_lr25e4] [time_series][epoch 062] lambda=0.0010 g_scale=0.080 corr_scale=1.000 freeze_student=0 focus=0.7876 train_total=0.22624420 train_sup=0.22540260 train_imit=0.86514245 mean_w=0.5529 active=0.7289 s_dense=0.00 s_pos=0.5960 s_sel=0.7289 s_sel_pos=1.2230 s_hot_err=0.236054 s_bg_err=0.190778 s_gap=-0.021819 conf_cos=0.0000 conf_proj=0.00 val_mse=0.32673359 val_mae=0.39389815 | p_pos=0.0000 p_dense=0.00 p_sel=0.0000 p_sel_pos=0.0000 p_hot_err=0.000000 p_bg_err=0.000000 p_gap=0.000000 peer_val_mse=0.27207110 peer_val_mae=0.34015893
[worker1/etth1_teacher_ft_v2_gpu0] [time_series_etth1_teacher_ft_v2/trs16_res03_lr25e4] [time_series][epoch 063] lambda=0.0010 g_scale=0.080 corr_scale=1.000 freeze_student=0 focus=0.7876 train_total=0.22624066 train_sup=0.22539924 train_imit=0.86496542 mean_w=0.5526 active=0.7282 s_dense=0.00 s_pos=0.5960 s_sel=0.7282 s_sel_pos=1.2219 s_hot_err=0.236044 s_bg_err=0.190957 s_gap=-0.021781 conf_cos=0.0000 conf_proj=0.00 val_mse=0.32673670 val_mae=0.39390119 | p_pos=0.0000 p_dense=0.00 p_sel=0.0000 p_sel_pos=0.0000 p_hot_err=0.000000 p_bg_err=0.000000 p_gap=0.000000 peer_val_mse=0.27207110 peer_val_mae=0.34015893
[worker1/etth1_teacher_ft_v2_gpu0] [time_series_etth1_teacher_ft_v2/trs16_res03_lr25e4] [time_series][epoch 064] lambda=0.0010 g_scale=0.080 corr_scale=1.000 freeze_student=0 focus=0.7876 train_total=0.22623748 train_sup=0.22539612 train_imit=0.86490438 mean_w=0.5522 active=0.7274 s_dense=0.00 s_pos=0.5960 s_sel=0.7274 s_sel_pos=1.2206 s_hot_err=0.236004 s_bg_err=0.191211 s_gap=-0.021719 conf_cos=0.0000 conf_proj=0.00 val_mse=0.32673189 val_mae=0.39389684 | p_pos=0.0000 p_dense=0.00 p_sel=0.0000 p_sel_pos=0.0000 p_hot_err=0.000000 p_bg_err=0.000000 p_gap=0.000000 peer_val_mse=0.27207110 peer_val_mae=0.34015893
[worker1/etth1_teacher_ft_v2_gpu0] [time_series_etth1_teacher_ft_v2/trs16_res03_lr25e4] [time_series][epoch 065] lambda=0.0010 g_scale=0.080 corr_scale=1.000 freeze_student=0 focus=0.7876 train_total=0.22623409 train_sup=0.22539119 train_imit=0.86650861 mean_w=0.5527 active=0.7275 s_dense=0.00 s_pos=0.5960 s_sel=0.7275 s_sel_pos=1.2208 s_hot_err=0.235968 s_bg_err=0.191260 s_gap=-0.021696 conf_cos=0.0000 conf_proj=0.00 val_mse=0.32671629 val_mae=0.39388139 | p_pos=0.0000 p_dense=0.00 p_sel=0.0000 p_sel_pos=0.0000 p_hot_err=0.000000 p_bg_err=0.000000 p_gap=0.000000 peer_val_mse=0.27207110 peer_val_mae=0.34015893
[worker1/etth1_teacher_ft_v2_gpu0] [time_series_etth1_teacher_ft_v2/trs16_res03_lr25e4] [time_series][epoch 066] lambda=0.0010 g_scale=0.080 corr_scale=1.000 freeze_student=0 focus=0.7876 train_total=0.22623051 train_sup=0.22538665 train_imit=0.86749128 mean_w=0.5532 active=0.7278 s_dense=0.00 s_pos=0.5960 s_sel=0.7278 s_sel_pos=1.2212 s_hot_err=0.236030 s_bg_err=0.191002 s_gap=-0.021679 conf_cos=0.0000 conf_proj=0.00 val_mse=0.32671036 val_mae=0.39387580 | p_pos=0.0000 p_dense=0.00 p_sel=0.0000 p_sel_pos=0.0000 p_hot_err=0.000000 p_bg_err=0.000000 p_gap=0.000000 peer_val_mse=0.27207110 peer_val_mae=0.34015893
[worker1/etth1_teacher_ft_v2_gpu0] [time_series_etth1_teacher_ft_v2/trs16_res03_lr25e4] [time_series][epoch 067] lambda=0.0010 g_scale=0.080 corr_scale=1.000 freeze_student=0 focus=0.7876 train_total=0.22622723 train_sup=0.22538326 train_imit=0.86761049 mean_w=0.5530 active=0.7272 s_dense=0.00 s_pos=0.5960 s_sel=0.7272 s_sel_pos=1.2201 s_hot_err=0.236040 s_bg_err=0.191080 s_gap=-0.021654 conf_cos=0.0000 conf_proj=0.00 val_mse=0.32670061 val_mae=0.39386705 | p_pos=0.0000 p_dense=0.00 p_sel=0.0000 p_sel_pos=0.0000 p_hot_err=0.000000 p_bg_err=0.000000 p_gap=0.000000 peer_val_mse=0.27207110 peer_val_mae=0.34015893
[worker1/etth1_teacher_ft_v2_gpu0] [time_series_etth1_teacher_ft_v2/trs16_res03_lr25e4] [time_series][epoch 068] lambda=0.0010 g_scale=0.080 corr_scale=1.000 freeze_student=0 focus=0.7876 train_total=0.22622352 train_sup=0.22537928 train_imit=0.86790050 mean_w=0.5528 active=0.7263 s_dense=0.00 s_pos=0.5960 s_sel=0.7263 s_sel_pos=1.2188 s_hot_err=0.235958 s_bg_err=0.191486 s_gap=-0.021556 conf_cos=0.0000 conf_proj=0.00 val_mse=0.32668847 val_mae=0.39385671 | p_pos=0.0000 p_dense=0.00 p_sel=0.0000 p_sel_pos=0.0000 p_hot_err=0.000000 p_bg_err=0.000000 p_gap=0.000000 peer_val_mse=0.27207110 peer_val_mae=0.34015893
[worker1/etth1_teacher_ft_v2_gpu0] [time_series_etth1_teacher_ft_v2/trs16_res03_lr25e4] [time_series][epoch 069] lambda=0.0010 g_scale=0.080 corr_scale=1.000 freeze_student=0 focus=0.7876 train_total=0.22622001 train_sup=0.22537565 train_imit=0.86803783 mean_w=0.5525 active=0.7252 s_dense=0.00 s_pos=0.5960 s_sel=0.7252 s_sel_pos=1.2168 s_hot_err=0.235817 s_bg_err=0.191997 s_gap=-0.021464 conf_cos=0.0000 conf_proj=0.00 val_mse=0.32667471 val_mae=0.39384635 | p_pos=0.0000 p_dense=0.00 p_sel=0.0000 p_sel_pos=0.0000 p_hot_err=0.000000 p_bg_err=0.000000 p_gap=0.000000 peer_val_mse=0.27207110 peer_val_mae=0.34015893
[worker1/etth1_teacher_ft_v2_gpu0] [time_series_etth1_teacher_ft_v2/trs16_res03_lr25e4] [time_series][epoch 070] lambda=0.0010 g_scale=0.080 corr_scale=1.000 freeze_student=0 focus=0.7876 train_total=0.22621582 train_sup=0.22537117 train_imit=0.86833570 mean_w=0.5525 active=0.7248 s_dense=0.00 s_pos=0.5960 s_sel=0.7248 s_sel_pos=1.2162 s_hot_err=0.235800 s_bg_err=0.192070 s_gap=-0.021419 conf_cos=0.0000 conf_proj=0.00 val_mse=0.32666918 val_mae=0.39384164 | p_pos=0.0000 p_dense=0.00 p_sel=0.0000 p_sel_pos=0.0000 p_hot_err=0.000000 p_bg_err=0.000000 p_gap=0.000000 peer_val_mse=0.27207110 peer_val_mae=0.34015893
[worker1/etth1_teacher_ft_v2_gpu0] [time_series_etth1_teacher_ft_v2/trs16_res03_lr25e4] [time_series][epoch 070] updated live plot
[worker1/etth1_teacher_ft_v2_gpu1] [time_series_etth1_teacher_ft_v2/trs10_res02_lr15e4] [time_series][epoch 052] lambda=0.0004 g_scale=0.050 corr_scale=1.000 freeze_student=0 focus=0.9583 train_total=0.22569424 train_sup=0.22533750 train_imit=0.87267667 mean_w=0.7668 active=0.9583 s_dense=0.00 s_pos=0.7265 s_sel=0.9583 s_sel_pos=1.3192 s_hot_err=0.230233 s_bg_err=0.099287 s_gap=-0.031306 conf_cos=0.0000 conf_proj=0.00 val_mse=0.32877503 val_mae=0.39538909 | p_pos=0.0000 p_dense=0.00 p_sel=0.0000 p_sel_pos=0.0000 p_hot_err=0.000000 p_bg_err=0.000000 p_gap=0.000000 peer_val_mse=0.27207110 peer_val_mae=0.34015893
[worker1/etth1_teacher_ft_v2_gpu1] [time_series_etth1_teacher_ft_v2/trs10_res02_lr15e4] [time_series][epoch 053] lambda=0.0004 g_scale=0.050 corr_scale=1.000 freeze_student=0 focus=0.9583 train_total=0.22569255 train_sup=0.22533545 train_imit=0.87356190 mean_w=0.7670 active=0.9583 s_dense=0.00 s_pos=0.7265 s_sel=0.9583 s_sel_pos=1.3192 s_hot_err=0.230231 s_bg_err=0.099284 s_gap=-0.031297 conf_cos=0.0000 conf_proj=0.00 val_mse=0.32876339 val_mae=0.39537815 | p_pos=0.0000 p_dense=0.00 p_sel=0.0000 p_sel_pos=0.0000 p_hot_err=0.000000 p_bg_err=0.000000 p_gap=0.000000 peer_val_mse=0.27207110 peer_val_mae=0.34015893
[worker1/etth1_teacher_ft_v2_gpu1] [time_series_etth1_teacher_ft_v2/trs10_res02_lr15e4] [time_series][epoch 054] lambda=0.0004 g_scale=0.050 corr_scale=1.000 freeze_student=0 focus=0.9583 train_total=0.22569090 train_sup=0.22533345 train_imit=0.87444513 mean_w=0.7672 active=0.9583 s_dense=0.00 s_pos=0.7265 s_sel=0.9583 s_sel_pos=1.3192 s_hot_err=0.230230 s_bg_err=0.099278 s_gap=-0.031293 conf_cos=0.0000 conf_proj=0.00 val_mse=0.32875193 val_mae=0.39536743 | p_pos=0.0000 p_dense=0.00 p_sel=0.0000 p_sel_pos=0.0000 p_hot_err=0.000000 p_bg_err=0.000000 p_gap=0.000000 peer_val_mse=0.27207110 peer_val_mae=0.34015893
[worker1/etth1_teacher_ft_v2_gpu1] [time_series_etth1_teacher_ft_v2/trs10_res02_lr15e4] [time_series][epoch 055] lambda=0.0004 g_scale=0.050 corr_scale=1.000 freeze_student=0 focus=0.9583 train_total=0.22568916 train_sup=0.22533152 train_imit=0.87492968 mean_w=0.7672 active=0.9583 s_dense=0.00 s_pos=0.7265 s_sel=0.9583 s_sel_pos=1.3191 s_hot_err=0.230228 s_bg_err=0.099284 s_gap=-0.031287 conf_cos=0.0000 conf_proj=0.00 val_mse=0.32874411 val_mae=0.39536016 | p_pos=0.0000 p_dense=0.00 p_sel=0.0000 p_sel_pos=0.0000 p_hot_err=0.000000 p_bg_err=0.000000 p_gap=0.000000 peer_val_mse=0.27207110 peer_val_mae=0.34015893
[worker1/etth1_teacher_ft_v2_gpu1] [time_series_etth1_teacher_ft_v2/trs10_res02_lr15e4] [time_series][epoch 056] lambda=0.0004 g_scale=0.050 corr_scale=1.000 freeze_student=0 focus=0.9583 train_total=0.22568760 train_sup=0.22532967 train_imit=0.87564797 mean_w=0.7673 active=0.9583 s_dense=0.00 s_pos=0.7265 s_sel=0.9583 s_sel_pos=1.3191 s_hot_err=0.230227 s_bg_err=0.099286 s_gap=-0.031273 conf_cos=0.0000 conf_proj=0.00 val_mse=0.32873363 val_mae=0.39535039 | p_pos=0.0000 p_dense=0.00 p_sel=0.0000 p_sel_pos=0.0000 p_hot_err=0.000000 p_bg_err=0.000000 p_gap=0.000000 peer_val_mse=0.27207110 peer_val_mae=0.34015893
[worker1/etth1_teacher_ft_v2_gpu1] [time_series_etth1_teacher_ft_v2/trs10_res02_lr15e4] [time_series][epoch 057] lambda=0.0004 g_scale=0.050 corr_scale=1.000 freeze_student=0 focus=0.9583 train_total=0.22568601 train_sup=0.22532778 train_imit=0.87638236 mean_w=0.7673 active=0.9583 s_dense=0.00 s_pos=0.7265 s_sel=0.9583 s_sel_pos=1.3191 s_hot_err=0.230224 s_bg_err=0.099333 s_gap=-0.031259 conf_cos=0.0000 conf_proj=0.00 val_mse=0.32872374 val_mae=0.39534133 | p_pos=0.0000 p_dense=0.00 p_sel=0.0000 p_sel_pos=0.0000 p_hot_err=0.000000 p_bg_err=0.000000 p_gap=0.000000 peer_val_mse=0.27207110 peer_val_mae=0.34015893
[worker1/etth1_teacher_ft_v2_gpu1] [time_series_etth1_teacher_ft_v2/trs10_res02_lr15e4] [time_series][epoch 058] lambda=0.0004 g_scale=0.050 corr_scale=1.000 freeze_student=0 focus=0.9583 train_total=0.22568450 train_sup=0.22532596 train_imit=0.87717075 mean_w=0.7674 active=0.9583 s_dense=0.00 s_pos=0.7265 s_sel=0.9583 s_sel_pos=1.3191 s_hot_err=0.230223 s_bg_err=0.099338 s_gap=-0.031249 conf_cos=0.0000 conf_proj=0.00 val_mse=0.32871512 val_mae=0.39533286 | p_pos=0.0000 p_dense=0.00 p_sel=0.0000 p_sel_pos=0.0000 p_hot_err=0.000000 p_bg_err=0.000000 p_gap=0.000000 peer_val_mse=0.27207110 peer_val_mae=0.34015893
[worker1/etth1_teacher_ft_v2_gpu0] [time_series_etth1_teacher_ft_v2/trs16_res03_lr25e4] [time_series][epoch 071] lambda=0.0010 g_scale=0.080 corr_scale=1.000 freeze_student=0 focus=0.7876 train_total=0.22621238 train_sup=0.22536751 train_imit=0.86856481 mean_w=0.5526 active=0.7247 s_dense=0.00 s_pos=0.5960 s_sel=0.7247 s_sel_pos=1.2161 s_hot_err=0.235821 s_bg_err=0.192066 s_gap=-0.021392 conf_cos=0.0000 conf_proj=0.00 val_mse=0.32665674 val_mae=0.39383043 | p_pos=0.0000 p_dense=0.00 p_sel=0.0000 p_sel_pos=0.0000 p_hot_err=0.000000 p_bg_err=0.000000 p_gap=0.000000 peer_val_mse=0.27207110 peer_val_mae=0.34015893
[worker1/etth1_teacher_ft_v2_gpu0] [time_series_etth1_teacher_ft_v2/trs16_res03_lr25e4] [time_series][epoch 072] lambda=0.0010 g_scale=0.080 corr_scale=1.000 freeze_student=0 focus=0.7876 train_total=0.22620814 train_sup=0.22536278 train_imit=0.86907238 mean_w=0.5525 active=0.7243 s_dense=0.00 s_pos=0.5960 s_sel=0.7243 s_sel_pos=1.2153 s_hot_err=0.235794 s_bg_err=0.192146 s_gap=-0.021303 conf_cos=0.0000 conf_proj=0.00 val_mse=0.32664703 val_mae=0.39382198 | p_pos=0.0000 p_dense=0.00 p_sel=0.0000 p_sel_pos=0.0000 p_hot_err=0.000000 p_bg_err=0.000000 p_gap=0.000000 peer_val_mse=0.27207110 peer_val_mae=0.34015893
[worker1/etth1_teacher_ft_v2_gpu0] [time_series_etth1_teacher_ft_v2/trs16_res03_lr25e4] [time_series][epoch 073] lambda=0.0010 g_scale=0.080 corr_scale=1.000 freeze_student=0 focus=0.7876 train_total=0.22620411 train_sup=0.22535749 train_imit=0.87037698 mean_w=0.5531 active=0.7246 s_dense=0.00 s_pos=0.5960 s_sel=0.7246 s_sel_pos=1.2158 s_hot_err=0.235807 s_bg_err=0.192047 s_gap=-0.021283 conf_cos=0.0000 conf_proj=0.00 val_mse=0.32663157 val_mae=0.39380864 | p_pos=0.0000 p_dense=0.00 p_sel=0.0000 p_sel_pos=0.0000 p_hot_err=0.000000 p_bg_err=0.000000 p_gap=0.000000 peer_val_mse=0.27207110 peer_val_mae=0.34015893
[worker1/etth1_teacher_ft_v2_gpu0] [time_series_etth1_teacher_ft_v2/trs16_res03_lr25e4] [time_series][epoch 074] lambda=0.0010 g_scale=0.080 corr_scale=1.000 freeze_student=0 focus=0.7876 train_total=0.22619993 train_sup=0.22535339 train_imit=0.87028825 mean_w=0.5530 active=0.7240 s_dense=0.00 s_pos=0.5960 s_sel=0.7240 s_sel_pos=1.2148 s_hot_err=0.235735 s_bg_err=0.192278 s_gap=-0.021288 conf_cos=0.0000 conf_proj=0.00 val_mse=0.32660750 val_mae=0.39378906 | p_pos=0.0000 p_dense=0.00 p_sel=0.0000 p_sel_pos=0.0000 p_hot_err=0.000000 p_bg_err=0.000000 p_gap=0.000000 peer_val_mse=0.27207110 peer_val_mae=0.34015893
[worker1/etth1_teacher_ft_v2_gpu0] [time_series_etth1_teacher_ft_v2/trs16_res03_lr25e4] [time_series][epoch 075] lambda=0.0010 g_scale=0.080 corr_scale=1.000 freeze_student=0 focus=0.7876 train_total=0.22619511 train_sup=0.22534731 train_imit=0.87159899 mean_w=0.5534 active=0.7238 s_dense=0.00 s_pos=0.5960 s_sel=0.7238 s_sel_pos=1.2144 s_hot_err=0.235711 s_bg_err=0.192423 s_gap=-0.021224 conf_cos=0.0000 conf_proj=0.00 val_mse=0.32658672 val_mae=0.39377286 | p_pos=0.0000 p_dense=0.00 p_sel=0.0000 p_sel_pos=0.0000 p_hot_err=0.000000 p_bg_err=0.000000 p_gap=0.000000 peer_val_mse=0.27207110 peer_val_mae=0.34015893
[worker1/etth1_teacher_ft_v2_gpu0] [time_series_etth1_teacher_ft_v2/trs16_res03_lr25e4] [time_series][epoch 076] lambda=0.0010 g_scale=0.080 corr_scale=1.000 freeze_student=0 focus=0.7876 train_total=0.22619075 train_sup=0.22534232 train_imit=0.87225894 mean_w=0.5536 active=0.7234 s_dense=0.00 s_pos=0.5960 s_sel=0.7234 s_sel_pos=1.2138 s_hot_err=0.235740 s_bg_err=0.192356 s_gap=-0.021205 conf_cos=0.0000 conf_proj=0.00 val_mse=0.32656817 val_mae=0.39375823 | p_pos=0.0000 p_dense=0.00 p_sel=0.0000 p_sel_pos=0.0000 p_hot_err=0.000000 p_bg_err=0.000000 p_gap=0.000000 peer_val_mse=0.27207110 peer_val_mae=0.34015893
[worker1/etth1_teacher_ft_v2_gpu0] [time_series_etth1_teacher_ft_v2/trs16_res03_lr25e4] [time_series][epoch 077] lambda=0.0010 g_scale=0.080 corr_scale=1.000 freeze_student=0 focus=0.7876 train_total=0.22618578 train_sup=0.22533720 train_imit=0.87240092 mean_w=0.5536 active=0.7230 s_dense=0.00 s_pos=0.5960 s_sel=0.7230 s_sel_pos=1.2132 s_hot_err=0.235675 s_bg_err=0.192604 s_gap=-0.021136 conf_cos=0.0000 conf_proj=0.00 val_mse=0.32655180 val_mae=0.39374636 | p_pos=0.0000 p_dense=0.00 p_sel=0.0000 p_sel_pos=0.0000 p_hot_err=0.000000 p_bg_err=0.000000 p_gap=0.000000 peer_val_mse=0.27207110 peer_val_mae=0.34015893
[worker1/etth1_teacher_ft_v2_gpu1] [time_series_etth1_teacher_ft_v2/trs10_res02_lr15e4] [time_series][epoch 059] lambda=0.0004 g_scale=0.050 corr_scale=1.000 freeze_student=0 focus=0.9583 train_total=0.22568301 train_sup=0.22532418 train_imit=0.87787437 mean_w=0.7674 active=0.9583 s_dense=0.00 s_pos=0.7265 s_sel=0.9583 s_sel_pos=1.3191 s_hot_err=0.230222 s_bg_err=0.099329 s_gap=-0.031232 conf_cos=0.0000 conf_proj=0.00 val_mse=0.32870506 val_mae=0.39532376 | p_pos=0.0000 p_dense=0.00 p_sel=0.0000 p_sel_pos=0.0000 p_hot_err=0.000000 p_bg_err=0.000000 p_gap=0.000000 peer_val_mse=0.27207110 peer_val_mae=0.34015893
[worker1/etth1_teacher_ft_v2_gpu1] [time_series_etth1_teacher_ft_v2/trs10_res02_lr15e4] [time_series][epoch 060] lambda=0.0004 g_scale=0.050 corr_scale=1.000 freeze_student=0 focus=0.9583 train_total=0.22568154 train_sup=0.22532240 train_imit=0.87867457 mean_w=0.7674 active=0.9583 s_dense=0.00 s_pos=0.7265 s_sel=0.9583 s_sel_pos=1.3191 s_hot_err=0.230219 s_bg_err=0.099364 s_gap=-0.031219 conf_cos=0.0000 conf_proj=0.00 val_mse=0.32869489 val_mae=0.39531426 | p_pos=0.0000 p_dense=0.00 p_sel=0.0000 p_sel_pos=0.0000 p_hot_err=0.000000 p_bg_err=0.000000 p_gap=0.000000 peer_val_mse=0.27207110 peer_val_mae=0.34015893
[worker1/etth1_teacher_ft_v2_gpu1] [time_series_etth1_teacher_ft_v2/trs10_res02_lr15e4] [time_series][epoch 060] updated live plot
[worker1/etth1_teacher_ft_v2_gpu1] [time_series_etth1_teacher_ft_v2/trs10_res02_lr15e4] [time_series][epoch 061] lambda=0.0004 g_scale=0.050 corr_scale=1.000 freeze_student=0 focus=0.9583 train_total=0.22568007 train_sup=0.22532060 train_imit=0.87949075 mean_w=0.7675 active=0.9583 s_dense=0.00 s_pos=0.7265 s_sel=0.9583 s_sel_pos=1.3191 s_hot_err=0.230219 s_bg_err=0.099362 s_gap=-0.031203 conf_cos=0.0000 conf_proj=0.00 val_mse=0.32868708 val_mae=0.39530676 | p_pos=0.0000 p_dense=0.00 p_sel=0.0000 p_sel_pos=0.0000 p_hot_err=0.000000 p_bg_err=0.000000 p_gap=0.000000 peer_val_mse=0.27207110 peer_val_mae=0.34015893
[worker1/etth1_teacher_ft_v2_gpu1] [time_series_etth1_teacher_ft_v2/trs10_res02_lr15e4] [time_series][epoch 062] lambda=0.0004 g_scale=0.050 corr_scale=1.000 freeze_student=0 focus=0.9583 train_total=0.22567869 train_sup=0.22531894 train_imit=0.88017716 mean_w=0.7674 active=0.9583 s_dense=0.00 s_pos=0.7265 s_sel=0.9583 s_sel_pos=1.3191 s_hot_err=0.230217 s_bg_err=0.099400 s_gap=-0.031175 conf_cos=0.0000 conf_proj=0.00 val_mse=0.32867897 val_mae=0.39529931 | p_pos=0.0000 p_dense=0.00 p_sel=0.0000 p_sel_pos=0.0000 p_hot_err=0.000000 p_bg_err=0.000000 p_gap=0.000000 peer_val_mse=0.27207110 peer_val_mae=0.34015893
[worker1/etth1_teacher_ft_v2_gpu1] [time_series_etth1_teacher_ft_v2/trs10_res02_lr15e4] [time_series][epoch 063] lambda=0.0004 g_scale=0.050 corr_scale=1.000 freeze_student=0 focus=0.9583 train_total=0.22567730 train_sup=0.22531725 train_imit=0.88092490 mean_w=0.7674 active=0.9582 s_dense=0.00 s_pos=0.7265 s_sel=0.9582 s_sel_pos=1.3191 s_hot_err=0.230216 s_bg_err=0.099400 s_gap=-0.031159 conf_cos=0.0000 conf_proj=0.00 val_mse=0.32867030 val_mae=0.39529115 | p_pos=0.0000 p_dense=0.00 p_sel=0.0000 p_sel_pos=0.0000 p_hot_err=0.000000 p_bg_err=0.000000 p_gap=0.000000 peer_val_mse=0.27207110 peer_val_mae=0.34015893
[worker1/etth1_teacher_ft_v2_gpu1] [time_series_etth1_teacher_ft_v2/trs10_res02_lr15e4] [time_series][epoch 064] lambda=0.0004 g_scale=0.050 corr_scale=1.000 freeze_student=0 focus=0.9583 train_total=0.22567596 train_sup=0.22531571 train_imit=0.88144269 mean_w=0.7673 active=0.9582 s_dense=0.00 s_pos=0.7265 s_sel=0.9582 s_sel_pos=1.3191 s_hot_err=0.230214 s_bg_err=0.099456 s_gap=-0.031122 conf_cos=0.0000 conf_proj=0.00 val_mse=0.32866356 val_mae=0.39528491 | p_pos=0.0000 p_dense=0.00 p_sel=0.0000 p_sel_pos=0.0000 p_hot_err=0.000000 p_bg_err=0.000000 p_gap=0.000000 peer_val_mse=0.27207110 peer_val_mae=0.34015893
[worker1/etth1_teacher_ft_v2_gpu1] [time_series_etth1_teacher_ft_v2/trs10_res02_lr15e4] [time_series][epoch 065] lambda=0.0004 g_scale=0.050 corr_scale=1.000 freeze_student=0 focus=0.9583 train_total=0.22567460 train_sup=0.22531408 train_imit=0.88210678 mean_w=0.7672 active=0.9582 s_dense=0.00 s_pos=0.7265 s_sel=0.9582 s_sel_pos=1.3190 s_hot_err=0.230213 s_bg_err=0.099473 s_gap=-0.031092 conf_cos=0.0000 conf_proj=0.00 val_mse=0.32865635 val_mae=0.39527807 | p_pos=0.0000 p_dense=0.00 p_sel=0.0000 p_sel_pos=0.0000 p_hot_err=0.000000 p_bg_err=0.000000 p_gap=0.000000 peer_val_mse=0.27207110 peer_val_mae=0.34015893
[worker1/etth1_teacher_ft_v2_gpu1] [time_series_etth1_teacher_ft_v2/trs10_res02_lr15e4] [time_series][epoch 066] lambda=0.0004 g_scale=0.050 corr_scale=1.000 freeze_student=0 focus=0.9583 train_total=0.22567330 train_sup=0.22531257 train_imit=0.88263518 mean_w=0.7671 active=0.9582 s_dense=0.00 s_pos=0.7265 s_sel=0.9582 s_sel_pos=1.3190 s_hot_err=0.230210 s_bg_err=0.099553 s_gap=-0.031063 conf_cos=0.0000 conf_proj=0.00 val_mse=0.32865125 val_mae=0.39527327 | p_pos=0.0000 p_dense=0.00 p_sel=0.0000 p_sel_pos=0.0000 p_hot_err=0.000000 p_bg_err=0.000000 p_gap=0.000000 peer_val_mse=0.27207110 peer_val_mae=0.34015893
[worker1/etth1_teacher_ft_v2_gpu1] [time_series_etth1_teacher_ft_v2/trs10_res02_lr15e4] [time_series][epoch 067] lambda=0.0004 g_scale=0.050 corr_scale=1.000 freeze_student=0 focus=0.9583 train_total=0.22567202 train_sup=0.22531105 train_imit=0.88325045 mean_w=0.7670 active=0.9582 s_dense=0.00 s_pos=0.7265 s_sel=0.9582 s_sel_pos=1.3190 s_hot_err=0.230208 s_bg_err=0.099612 s_gap=-0.031029 conf_cos=0.0000 conf_proj=0.00 val_mse=0.32864378 val_mae=0.39526611 | p_pos=0.0000 p_dense=0.00 p_sel=0.0000 p_sel_pos=0.0000 p_hot_err=0.000000 p_bg_err=0.000000 p_gap=0.000000 peer_val_mse=0.27207110 peer_val_mae=0.34015893
[worker1/etth1_teacher_ft_v2_gpu1] [time_series_etth1_teacher_ft_v2/trs10_res02_lr15e4] [time_series][epoch 068] lambda=0.0004 g_scale=0.050 corr_scale=1.000 freeze_student=0 focus=0.9583 train_total=0.22567070 train_sup=0.22530949 train_imit=0.88385579 mean_w=0.7669 active=0.9582 s_dense=0.00 s_pos=0.7265 s_sel=0.9582 s_sel_pos=1.3190 s_hot_err=0.230206 s_bg_err=0.099664 s_gap=-0.030993 conf_cos=0.0000 conf_proj=0.00 val_mse=0.32863729 val_mae=0.39525993 | p_pos=0.0000 p_dense=0.00 p_sel=0.0000 p_sel_pos=0.0000 p_hot_err=0.000000 p_bg_err=0.000000 p_gap=0.000000 peer_val_mse=0.27207110 peer_val_mae=0.34015893
[worker1/etth1_teacher_ft_v2_gpu1] [time_series_etth1_teacher_ft_v2/trs10_res02_lr15e4] [time_series][epoch 069] lambda=0.0004 g_scale=0.050 corr_scale=1.000 freeze_student=0 focus=0.9583 train_total=0.22566944 train_sup=0.22530793 train_imit=0.88461476 mean_w=0.7668 active=0.9582 s_dense=0.00 s_pos=0.7265 s_sel=0.9582 s_sel_pos=1.3189 s_hot_err=0.230204 s_bg_err=0.099727 s_gap=-0.030960 conf_cos=0.0000 conf_proj=0.00 val_mse=0.32863183 val_mae=0.39525438 | p_pos=0.0000 p_dense=0.00 p_sel=0.0000 p_sel_pos=0.0000 p_hot_err=0.000000 p_bg_err=0.000000 p_gap=0.000000 peer_val_mse=0.27207110 peer_val_mae=0.34015893
[worker1/etth1_teacher_ft_v2_gpu1] [time_series_etth1_teacher_ft_v2/trs10_res02_lr15e4] [time_series][epoch 070] lambda=0.0004 g_scale=0.050 corr_scale=1.000 freeze_student=0 focus=0.9583 train_total=0.22566818 train_sup=0.22530649 train_imit=0.88506937 mean_w=0.7666 active=0.9581 s_dense=0.00 s_pos=0.7265 s_sel=0.9581 s_sel_pos=1.3189 s_hot_err=0.230198 s_bg_err=0.099892 s_gap=-0.030905 conf_cos=0.0000 conf_proj=0.00 val_mse=0.32862681 val_mae=0.39524936 | p_pos=0.0000 p_dense=0.00 p_sel=0.0000 p_sel_pos=0.0000 p_hot_err=0.000000 p_bg_err=0.000000 p_gap=0.000000 peer_val_mse=0.27207110 peer_val_mae=0.34015893
[worker1/etth1_teacher_ft_v2_gpu1] [time_series_etth1_teacher_ft_v2/trs10_res02_lr15e4] [time_series][epoch 070] updated live plot
[worker1/etth1_teacher_ft_v2_gpu0] [time_series_etth1_teacher_ft_v2/trs16_res03_lr25e4] [time_series][epoch 078] lambda=0.0010 g_scale=0.080 corr_scale=1.000 freeze_student=0 focus=0.7876 train_total=0.22618084 train_sup=0.22533121 train_imit=0.87349196 mean_w=0.5539 active=0.7229 s_dense=0.00 s_pos=0.5960 s_sel=0.7229 s_sel_pos=1.2130 s_hot_err=0.235649 s_bg_err=0.192647 s_gap=-0.021100 conf_cos=0.0000 conf_proj=0.00 val_mse=0.32652179 val_mae=0.39372156 | p_pos=0.0000 p_dense=0.00 p_sel=0.0000 p_sel_pos=0.0000 p_hot_err=0.000000 p_bg_err=0.000000 p_gap=0.000000 peer_val_mse=0.27207110 peer_val_mae=0.34015893
[worker1/etth1_teacher_ft_v2_gpu0] [time_series_etth1_teacher_ft_v2/trs16_res03_lr25e4] [time_series][epoch 079] lambda=0.0010 g_scale=0.080 corr_scale=1.000 freeze_student=0 focus=0.7876 train_total=0.22617577 train_sup=0.22532721 train_imit=0.87238588 mean_w=0.5533 active=0.7218 s_dense=0.00 s_pos=0.5960 s_sel=0.7218 s_sel_pos=1.2111 s_hot_err=0.235538 s_bg_err=0.193041 s_gap=-0.021045 conf_cos=0.0000 conf_proj=0.00 val_mse=0.32650266 val_mae=0.39370796 | p_pos=0.0000 p_dense=0.00 p_sel=0.0000 p_sel_pos=0.0000 p_hot_err=0.000000 p_bg_err=0.000000 p_gap=0.000000 peer_val_mse=0.27207110 peer_val_mae=0.34015893
[worker1/etth1_teacher_ft_v2_gpu0] [time_series_etth1_teacher_ft_v2/trs16_res03_lr25e4] [time_series][epoch 080] lambda=0.0010 g_scale=0.080 corr_scale=1.000 freeze_student=0 focus=0.7876 train_total=0.22617027 train_sup=0.22532072 train_imit=0.87341786 mean_w=0.5538 active=0.7219 s_dense=0.00 s_pos=0.5960 s_sel=0.7219 s_sel_pos=1.2113 s_hot_err=0.235484 s_bg_err=0.193194 s_gap=-0.020987 conf_cos=0.0000 conf_proj=0.00 val_mse=0.32646080 val_mae=0.39367485 | p_pos=0.0000 p_dense=0.00 p_sel=0.0000 p_sel_pos=0.0000 p_hot_err=0.000000 p_bg_err=0.000000 p_gap=0.000000 peer_val_mse=0.27207110 peer_val_mae=0.34015893
[worker1/etth1_teacher_ft_v2_gpu0] [time_series_etth1_teacher_ft_v2/trs16_res03_lr25e4] [time_series][epoch 080] updated live plot
[worker1/etth1_teacher_ft_v2_gpu0] [time_series_etth1_teacher_ft_v2/trs16_res03_lr25e4] [time_series][ssml_diag] gate_mode=peer_better_student_error score_transform=none window_score_k=1 smooth_k=1 expand_k=1 tail_start=0.00 residual_beta=1.000 ema_decay=0.000 weight_mode=score freeze_peer=True worse_only=False anchor_w=0.04000 imit_space=raw residual_space_k=9 conflict_proj=0 topk_scope=total max_sel=1.000 adaptive_dense_thr=1.100 positive_upper_q=1.000 guidance_schedule=warmup_then_decay correction_init_bias=-0.350 correction_ramp=12->26 correction_freeze_student_epochs=0 correction_only=1 correction_tail_start=0.12 correction_regime_q=0.18 correction_focus_alpha=0.15 correction_peer_adv_q=0.00 correction_peer_adv_min=0.0000 correction_peer_adv_k=1 correction_feature_mode=trend_residual correction_regime=1 correction_decomp_k=13 correction_trend_scale=1.600 correction_residual_scale=0.300 first_active_epoch=13 best_before_active=0.33108301@1 best_after_active=0.30596291@26
[worker1/etth1_teacher_ft_v2_gpu0] [time_series_etth1_teacher_ft_v2/trs16_res03_lr25e4] [time_series] done
[worker1/etth1_teacher_ft_v2_gpu0] [time_series_etth1_teacher_ft_v2/trs16_res03_lr25e4] [time_series] dataset=etth1 pair=transformer:dlinear method=ssml seed=2 pred_len=24
[worker1/etth1_teacher_ft_v2_gpu0] [time_series_etth1_teacher_ft_v2/trs16_res03_lr25e4] [time_series] loaded init_checkpoint=results/time_series_etth1_all_methods_long_v3/time_series/etth1/transformer_independent_huber_seed2/best_model.pt
[worker1/etth1_teacher_ft_v2_gpu0] [time_series_etth1_teacher_ft_v2/trs16_res03_lr25e4] [time_series] loaded peer_init_checkpoint=results/time_series_etth1_all_methods_long_v3/time_series/etth1/dlinear_independent_huber_seed2/best_model.pt
[worker1/etth1_teacher_ft_v2_gpu0] [time_series_etth1_teacher_ft_v2/trs16_res03_lr25e4] [time_series] run_dir=results/time_series_etth1_teacher_ft_v2/worker1_gpu0/trs16_res03_lr25e4/time_series/etth1/transformer__dlinear_ssml_huber_seed2
[worker1/etth1_teacher_ft_v2_gpu0] [time_series_etth1_teacher_ft_v2/trs16_res03_lr25e4] [time_series] params=1634
[worker1/etth1_teacher_ft_v2_gpu0] [time_series_etth1_teacher_ft_v2/trs16_res03_lr25e4] [time_series] correction_gate_params=1634
[worker1/etth1_teacher_ft_v2_gpu1] [time_series_etth1_teacher_ft_v2/trs10_res02_lr15e4] [time_series][epoch 071] lambda=0.0004 g_scale=0.050 corr_scale=1.000 freeze_student=0 focus=0.9583 train_total=0.22566694 train_sup=0.22530501 train_imit=0.88565857 mean_w=0.7665 active=0.9581 s_dense=0.00 s_pos=0.7265 s_sel=0.9581 s_sel_pos=1.3189 s_hot_err=0.230195 s_bg_err=0.099990 s_gap=-0.030863 conf_cos=0.0000 conf_proj=0.00 val_mse=0.32862132 val_mae=0.39524393 | p_pos=0.0000 p_dense=0.00 p_sel=0.0000 p_sel_pos=0.0000 p_hot_err=0.000000 p_bg_err=0.000000 p_gap=0.000000 peer_val_mse=0.27207110 peer_val_mae=0.34015893
[worker1/etth1_teacher_ft_v2_gpu1] [time_series_etth1_teacher_ft_v2/trs10_res02_lr15e4] [time_series][epoch 072] lambda=0.0004 g_scale=0.050 corr_scale=1.000 freeze_student=0 focus=0.9583 train_total=0.22566570 train_sup=0.22530353 train_imit=0.88627574 mean_w=0.7663 active=0.9581 s_dense=0.00 s_pos=0.7265 s_sel=0.9581 s_sel_pos=1.3188 s_hot_err=0.230191 s_bg_err=0.100099 s_gap=-0.030822 conf_cos=0.0000 conf_proj=0.00 val_mse=0.32861575 val_mae=0.39523832 | p_pos=0.0000 p_dense=0.00 p_sel=0.0000 p_sel_pos=0.0000 p_hot_err=0.000000 p_bg_err=0.000000 p_gap=0.000000 peer_val_mse=0.27207110 peer_val_mae=0.34015893
[worker1/etth1_teacher_ft_v2_gpu1] [time_series_etth1_teacher_ft_v2/trs10_res02_lr15e4] [time_series][epoch 073] lambda=0.0004 g_scale=0.050 corr_scale=1.000 freeze_student=0 focus=0.9583 train_total=0.22566445 train_sup=0.22530202 train_imit=0.88692647 mean_w=0.7662 active=0.9581 s_dense=0.00 s_pos=0.7265 s_sel=0.9581 s_sel_pos=1.3189 s_hot_err=0.230188 s_bg_err=0.100181 s_gap=-0.030777 conf_cos=0.0000 conf_proj=0.00 val_mse=0.32861184 val_mae=0.39523417 | p_pos=0.0000 p_dense=0.00 p_sel=0.0000 p_sel_pos=0.0000 p_hot_err=0.000000 p_bg_err=0.000000 p_gap=0.000000 peer_val_mse=0.27207110 peer_val_mae=0.34015893
[worker1/etth1_teacher_ft_v2_gpu1] [time_series_etth1_teacher_ft_v2/trs10_res02_lr15e4] [time_series][epoch 074] lambda=0.0004 g_scale=0.050 corr_scale=1.000 freeze_student=0 focus=0.9583 train_total=0.22566323 train_sup=0.22530068 train_imit=0.88722285 mean_w=0.7659 active=0.9581 s_dense=0.00 s_pos=0.7265 s_sel=0.9581 s_sel_pos=1.3188 s_hot_err=0.230185 s_bg_err=0.100300 s_gap=-0.030717 conf_cos=0.0000 conf_proj=0.00 val_mse=0.32860815 val_mae=0.39523046 | p_pos=0.0000 p_dense=0.00 p_sel=0.0000 p_sel_pos=0.0000 p_hot_err=0.000000 p_bg_err=0.000000 p_gap=0.000000 peer_val_mse=0.27207110 peer_val_mae=0.34015893
[worker1/etth1_teacher_ft_v2_gpu1] [time_series_etth1_teacher_ft_v2/trs10_res02_lr15e4] [time_series][epoch 075] lambda=0.0004 g_scale=0.050 corr_scale=1.000 freeze_student=0 focus=0.9583 train_total=0.22566200 train_sup=0.22529927 train_imit=0.88769108 mean_w=0.7657 active=0.9580 s_dense=0.00 s_pos=0.7265 s_sel=0.9580 s_sel_pos=1.3188 s_hot_err=0.230179 s_bg_err=0.100480 s_gap=-0.030652 conf_cos=0.0000 conf_proj=0.00 val_mse=0.32860352 val_mae=0.39522581 | p_pos=0.0000 p_dense=0.00 p_sel=0.0000 p_sel_pos=0.0000 p_hot_err=0.000000 p_bg_err=0.000000 p_gap=0.000000 peer_val_mse=0.27207110 peer_val_mae=0.34015893
[worker1/etth1_teacher_ft_v2_gpu1] [time_series_etth1_teacher_ft_v2/trs10_res02_lr15e4] [time_series][epoch 076] lambda=0.0004 g_scale=0.050 corr_scale=1.000 freeze_student=0 focus=0.9583 train_total=0.22566075 train_sup=0.22529769 train_imit=0.88850619 mean_w=0.7656 active=0.9580 s_dense=0.00 s_pos=0.7265 s_sel=0.9580 s_sel_pos=1.3187 s_hot_err=0.230176 s_bg_err=0.100571 s_gap=-0.030619 conf_cos=0.0000 conf_proj=0.00 val_mse=0.32859699 val_mae=0.39521962 | p_pos=0.0000 p_dense=0.00 p_sel=0.0000 p_sel_pos=0.0000 p_hot_err=0.000000 p_bg_err=0.000000 p_gap=0.000000 peer_val_mse=0.27207110 peer_val_mae=0.34015893
[worker1/etth1_teacher_ft_v2_gpu1] [time_series_etth1_teacher_ft_v2/trs10_res02_lr15e4] [time_series][epoch 077] lambda=0.0004 g_scale=0.050 corr_scale=1.000 freeze_student=0 focus=0.9583 train_total=0.22565951 train_sup=0.22529624 train_imit=0.88904459 mean_w=0.7655 active=0.9580 s_dense=0.00 s_pos=0.7265 s_sel=0.9580 s_sel_pos=1.3187 s_hot_err=0.230173 s_bg_err=0.100696 s_gap=-0.030563 conf_cos=0.0000 conf_proj=0.00 val_mse=0.32859586 val_mae=0.39521733 | p_pos=0.0000 p_dense=0.00 p_sel=0.0000 p_sel_pos=0.0000 p_hot_err=0.000000 p_bg_err=0.000000 p_gap=0.000000 peer_val_mse=0.27207110 peer_val_mae=0.34015893
[worker1/etth1_teacher_ft_v2_gpu0] [time_series_etth1_teacher_ft_v2/trs16_res03_lr25e4] [time_series][epoch 001] lambda=0.0000 g_scale=0.000 corr_scale=0.000 freeze_student=0 focus=0.7876 train_total=0.19986401 train_sup=0.19985758 train_imit=0.75593425 mean_w=0.3218 active=0.0000 s_dense=0.00 s_pos=0.5741 s_sel=0.0000 s_sel_pos=0.0000 s_hot_err=0.000000 s_bg_err=0.198489 s_gap=0.000000 conf_cos=0.0000 conf_proj=0.00 val_mse=0.31497489 val_mae=0.39018943 | p_pos=0.0000 p_dense=0.00 p_sel=0.0000 p_sel_pos=0.0000 p_hot_err=0.000000 p_bg_err=0.000000 p_gap=0.000000 peer_val_mse=0.27217137 peer_val_mae=0.34169971
[worker1/etth1_teacher_ft_v2_gpu0] [time_series_etth1_teacher_ft_v2/trs16_res03_lr25e4] [time_series][epoch 002] lambda=0.0000 g_scale=0.000 corr_scale=0.000 freeze_student=0 focus=0.7876 train_total=0.19986348 train_sup=0.19985749 train_imit=0.75608834 mean_w=0.2997 active=0.0000 s_dense=0.00 s_pos=0.5741 s_sel=0.0000 s_sel_pos=0.0000 s_hot_err=0.000000 s_bg_err=0.198489 s_gap=0.000000 conf_cos=0.0000 conf_proj=0.00 val_mse=0.31497489 val_mae=0.39018943 | p_pos=0.0000 p_dense=0.00 p_sel=0.0000 p_sel_pos=0.0000 p_hot_err=0.000000 p_bg_err=0.000000 p_gap=0.000000 peer_val_mse=0.27217137 peer_val_mae=0.34169971
[worker1/etth1_teacher_ft_v2_gpu0] [time_series_etth1_teacher_ft_v2/trs16_res03_lr25e4] [time_series][epoch 003] lambda=0.0000 g_scale=0.000 corr_scale=0.000 freeze_student=0 focus=0.7876 train_total=0.19986288 train_sup=0.19985731 train_imit=0.76033334 mean_w=0.2787 active=0.0000 s_dense=0.00 s_pos=0.5741 s_sel=0.0000 s_sel_pos=0.0000 s_hot_err=0.000000 s_bg_err=0.198489 s_gap=0.000000 conf_cos=0.0000 conf_proj=0.00 val_mse=0.31497489 val_mae=0.39018943 | p_pos=0.0000 p_dense=0.00 p_sel=0.0000 p_sel_pos=0.0000 p_hot_err=0.000000 p_bg_err=0.000000 p_gap=0.000000 peer_val_mse=0.27217137 peer_val_mae=0.34169971
[worker1/etth1_teacher_ft_v2_gpu0] [time_series_etth1_teacher_ft_v2/trs16_res03_lr25e4] [time_series][epoch 004] lambda=0.0000 g_scale=0.000 corr_scale=0.000 freeze_student=0 focus=0.7876 train_total=0.19986266 train_sup=0.19985751 train_imit=0.76831553 mean_w=0.2578 active=0.0000 s_dense=0.00 s_pos=0.5741 s_sel=0.0000 s_sel_pos=0.0000 s_hot_err=0.000000 s_bg_err=0.198489 s_gap=0.000000 conf_cos=0.0000 conf_proj=0.00 val_mse=0.31497489 val_mae=0.39018943 | p_pos=0.0000 p_dense=0.00 p_sel=0.0000 p_sel_pos=0.0000 p_hot_err=0.000000 p_bg_err=0.000000 p_gap=0.000000 peer_val_mse=0.27217137 peer_val_mae=0.34169971
[worker1/etth1_teacher_ft_v2_gpu0] [time_series_etth1_teacher_ft_v2/trs16_res03_lr25e4] [time_series][epoch 005] lambda=0.0000 g_scale=0.000 corr_scale=0.000 freeze_student=0 focus=0.7876 train_total=0.19986210 train_sup=0.19985737 train_imit=0.78069473 mean_w=0.2365 active=0.0000 s_dense=0.00 s_pos=0.5741 s_sel=0.0000 s_sel_pos=0.0000 s_hot_err=0.000000 s_bg_err=0.198489 s_gap=0.000000 conf_cos=0.0000 conf_proj=0.00 val_mse=0.31497489 val_mae=0.39018943 | p_pos=0.0000 p_dense=0.00 p_sel=0.0000 p_sel_pos=0.0000 p_hot_err=0.000000 p_bg_err=0.000000 p_gap=0.000000 peer_val_mse=0.27217137 peer_val_mae=0.34169971
[worker1/etth1_teacher_ft_v2_gpu0] [time_series_etth1_teacher_ft_v2/trs16_res03_lr25e4] [time_series][epoch 006] lambda=0.0120 g_scale=1.000 corr_scale=0.000 freeze_student=0 focus=0.7876 train_total=0.20912944 train_sup=0.19985753 train_imit=0.77224090 mean_w=0.2506 active=0.0000 s_dense=0.00 s_pos=0.5741 s_sel=0.0000 s_sel_pos=0.0000 s_hot_err=0.000000 s_bg_err=0.198489 s_gap=0.000000 conf_cos=0.0000 conf_proj=0.00 val_mse=0.31497489 val_mae=0.39018943 | p_pos=0.0000 p_dense=0.00 p_sel=0.0000 p_sel_pos=0.0000 p_hot_err=0.000000 p_bg_err=0.000000 p_gap=0.000000 peer_val_mse=0.27217137 peer_val_mae=0.34169971
[worker1/etth1_teacher_ft_v2_gpu0] [time_series_etth1_teacher_ft_v2/trs16_res03_lr25e4] [time_series][epoch 007] lambda=0.0120 g_scale=1.000 corr_scale=0.000 freeze_student=0 focus=0.7876 train_total=0.20888022 train_sup=0.19985772 train_imit=0.75137585 mean_w=0.2994 active=0.0000 s_dense=0.00 s_pos=0.5741 s_sel=0.0000 s_sel_pos=0.0000 s_hot_err=0.000000 s_bg_err=0.198489 s_gap=0.000000 conf_cos=0.0000 conf_proj=0.00 val_mse=0.31497489 val_mae=0.39018943 | p_pos=0.0000 p_dense=0.00 p_sel=0.0000 p_sel_pos=0.0000 p_hot_err=0.000000 p_bg_err=0.000000 p_gap=0.000000 peer_val_mse=0.27217137 peer_val_mae=0.34169971
[worker1/etth1_teacher_ft_v2_gpu1] [time_series_etth1_teacher_ft_v2/trs10_res02_lr15e4] [time_series][epoch 078] lambda=0.0004 g_scale=0.050 corr_scale=1.000 freeze_student=0 focus=0.9583 train_total=0.22565832 train_sup=0.22529482 train_imit=0.88961587 mean_w=0.7653 active=0.9580 s_dense=0.00 s_pos=0.7265 s_sel=0.9580 s_sel_pos=1.3187 s_hot_err=0.230165 s_bg_err=0.100924 s_gap=-0.030488 conf_cos=0.0000 conf_proj=0.00 val_mse=0.32859172 val_mae=0.39521294 | p_pos=0.0000 p_dense=0.00 p_sel=0.0000 p_sel_pos=0.0000 p_hot_err=0.000000 p_bg_err=0.000000 p_gap=0.000000 peer_val_mse=0.27207110 peer_val_mae=0.34015893
[worker1/etth1_teacher_ft_v2_gpu1] [time_series_etth1_teacher_ft_v2/trs10_res02_lr15e4] [time_series][epoch 079] lambda=0.0004 g_scale=0.050 corr_scale=1.000 freeze_student=0 focus=0.9583 train_total=0.22565708 train_sup=0.22529350 train_imit=0.88981671 mean_w=0.7650 active=0.9579 s_dense=0.00 s_pos=0.7265 s_sel=0.9579 s_sel_pos=1.3186 s_hot_err=0.230160 s_bg_err=0.101096 s_gap=-0.030422 conf_cos=0.0000 conf_proj=0.00 val_mse=0.32859187 val_mae=0.39521217 | p_pos=0.0000 p_dense=0.00 p_sel=0.0000 p_sel_pos=0.0000 p_hot_err=0.000000 p_bg_err=0.000000 p_gap=0.000000 peer_val_mse=0.27207110 peer_val_mae=0.34015893
[worker1/etth1_teacher_ft_v2_gpu1] [time_series_etth1_teacher_ft_v2/trs10_res02_lr15e4] [time_series][epoch 080] lambda=0.0004 g_scale=0.050 corr_scale=1.000 freeze_student=0 focus=0.9583 train_total=0.22565586 train_sup=0.22529206 train_imit=0.89038202 mean_w=0.7648 active=0.9579 s_dense=0.00 s_pos=0.7265 s_sel=0.9579 s_sel_pos=1.3186 s_hot_err=0.230156 s_bg_err=0.101236 s_gap=-0.030360 conf_cos=0.0000 conf_proj=0.00 val_mse=0.32858786 val_mae=0.39520765 | p_pos=0.0000 p_dense=0.00 p_sel=0.0000 p_sel_pos=0.0000 p_hot_err=0.000000 p_bg_err=0.000000 p_gap=0.000000 peer_val_mse=0.27207110 peer_val_mae=0.34015893
[worker1/etth1_teacher_ft_v2_gpu1] [time_series_etth1_teacher_ft_v2/trs10_res02_lr15e4] [time_series][epoch 080] updated live plot
[worker1/etth1_teacher_ft_v2_gpu1] [time_series_etth1_teacher_ft_v2/trs10_res02_lr15e4] [time_series][ssml_diag] gate_mode=peer_better_student_error score_transform=none window_score_k=1 smooth_k=1 expand_k=1 tail_start=0.00 residual_beta=1.000 ema_decay=0.000 weight_mode=score freeze_peer=True worse_only=False anchor_w=0.06000 imit_space=raw residual_space_k=9 conflict_proj=0 topk_scope=total max_sel=1.000 adaptive_dense_thr=1.100 positive_upper_q=1.000 guidance_schedule=warmup_then_decay correction_init_bias=-0.150 correction_ramp=10->24 correction_freeze_student_epochs=0 correction_only=1 correction_tail_start=0.08 correction_regime_q=0.12 correction_focus_alpha=0.12 correction_peer_adv_q=0.00 correction_peer_adv_min=0.0000 correction_peer_adv_k=1 correction_feature_mode=trend_residual correction_regime=1 correction_decomp_k=13 correction_trend_scale=1.000 correction_residual_scale=0.200 first_active_epoch=11 best_before_active=0.33108301@1 best_after_active=0.30928350@23
[worker1/etth1_teacher_ft_v2_gpu1] [time_series_etth1_teacher_ft_v2/trs10_res02_lr15e4] [time_series] done
[worker1/etth1_teacher_ft_v2_gpu1] [time_series_etth1_teacher_ft_v2/trs10_res02_lr15e4] [time_series] dataset=etth1 pair=transformer:dlinear method=ssml seed=2 pred_len=24
[worker1/etth1_teacher_ft_v2_gpu1] [time_series_etth1_teacher_ft_v2/trs10_res02_lr15e4] [time_series] loaded init_checkpoint=results/time_series_etth1_all_methods_long_v3/time_series/etth1/transformer_independent_huber_seed2/best_model.pt
[worker1/etth1_teacher_ft_v2_gpu1] [time_series_etth1_teacher_ft_v2/trs10_res02_lr15e4] [time_series] loaded peer_init_checkpoint=results/time_series_etth1_all_methods_long_v3/time_series/etth1/dlinear_independent_huber_seed2/best_model.pt
[worker1/etth1_teacher_ft_v2_gpu1] [time_series_etth1_teacher_ft_v2/trs10_res02_lr15e4] [time_series] run_dir=results/time_series_etth1_teacher_ft_v2/worker1_gpu1/trs10_res02_lr15e4/time_series/etth1/transformer__dlinear_ssml_huber_seed2
[worker1/etth1_teacher_ft_v2_gpu1] [time_series_etth1_teacher_ft_v2/trs10_res02_lr15e4] [time_series] params=1090
[worker1/etth1_teacher_ft_v2_gpu1] [time_series_etth1_teacher_ft_v2/trs10_res02_lr15e4] [time_series] correction_gate_params=1090
[worker1/etth1_teacher_ft_v2_gpu0] [time_series_etth1_teacher_ft_v2/trs16_res03_lr25e4] [time_series][epoch 008] lambda=0.0120 g_scale=1.000 corr_scale=0.000 freeze_student=0 focus=0.7876 train_total=0.20879890 train_sup=0.19985760 train_imit=0.74456224 mean_w=0.3277 active=0.0000 s_dense=0.00 s_pos=0.5741 s_sel=0.0000 s_sel_pos=0.0000 s_hot_err=0.000000 s_bg_err=0.198489 s_gap=0.000000 conf_cos=0.0000 conf_proj=0.00 val_mse=0.31497489 val_mae=0.39018943 | p_pos=0.0000 p_dense=0.00 p_sel=0.0000 p_sel_pos=0.0000 p_hot_err=0.000000 p_bg_err=0.000000 p_gap=0.000000 peer_val_mse=0.27217137 peer_val_mae=0.34169971
[worker1/etth1_teacher_ft_v2_gpu0] [time_series_etth1_teacher_ft_v2/trs16_res03_lr25e4] [time_series][epoch 009] lambda=0.0120 g_scale=1.000 corr_scale=0.000 freeze_student=0 focus=0.7876 train_total=0.20876200 train_sup=0.19985770 train_imit=0.74145469 mean_w=0.3424 active=0.0000 s_dense=0.00 s_pos=0.5741 s_sel=0.0000 s_sel_pos=0.0000 s_hot_err=0.000000 s_bg_err=0.198489 s_gap=0.000000 conf_cos=0.0000 conf_proj=0.00 val_mse=0.31497489 val_mae=0.39018943 | p_pos=0.0000 p_dense=0.00 p_sel=0.0000 p_sel_pos=0.0000 p_hot_err=0.000000 p_bg_err=0.000000 p_gap=0.000000 peer_val_mse=0.27217137 peer_val_mae=0.34169971
[worker1/etth1_teacher_ft_v2_gpu0] [time_series_etth1_teacher_ft_v2/trs16_res03_lr25e4] [time_series][epoch 010] lambda=0.0120 g_scale=1.000 corr_scale=0.000 freeze_student=0 focus=0.7876 train_total=0.20873827 train_sup=0.19985743 train_imit=0.73948646 mean_w=0.3496 active=0.0000 s_dense=0.00 s_pos=0.5741 s_sel=0.0000 s_sel_pos=0.0000 s_hot_err=0.000000 s_bg_err=0.198489 s_gap=0.000000 conf_cos=0.0000 conf_proj=0.00 val_mse=0.31497489 val_mae=0.39018943 | p_pos=0.0000 p_dense=0.00 p_sel=0.0000 p_sel_pos=0.0000 p_hot_err=0.000000 p_bg_err=0.000000 p_gap=0.000000 peer_val_mse=0.27217137 peer_val_mae=0.34169971
[worker1/etth1_teacher_ft_v2_gpu0] [time_series_etth1_teacher_ft_v2/trs16_res03_lr25e4] [time_series][epoch 010] updated live plot
[worker1/etth1_teacher_ft_v2_gpu0] [time_series_etth1_teacher_ft_v2/trs16_res03_lr25e4] [time_series][epoch 011] lambda=0.0120 g_scale=1.000 corr_scale=0.000 freeze_student=0 focus=0.7876 train_total=0.20872003 train_sup=0.19985750 train_imit=0.73795614 mean_w=0.3528 active=0.0000 s_dense=0.00 s_pos=0.5741 s_sel=0.0000 s_sel_pos=0.0000 s_hot_err=0.000000 s_bg_err=0.198489 s_gap=0.000000 conf_cos=0.0000 conf_proj=0.00 val_mse=0.31497489 val_mae=0.39018943 | p_pos=0.0000 p_dense=0.00 p_sel=0.0000 p_sel_pos=0.0000 p_hot_err=0.000000 p_bg_err=0.000000 p_gap=0.000000 peer_val_mse=0.27217137 peer_val_mae=0.34169971
[worker1/etth1_teacher_ft_v2_gpu0] [time_series_etth1_teacher_ft_v2/trs16_res03_lr25e4] [time_series][epoch 012] lambda=0.0120 g_scale=1.000 corr_scale=0.000 freeze_student=0 focus=0.7876 train_total=0.20870466 train_sup=0.19985751 train_imit=0.73667018 mean_w=0.3551 active=0.0000 s_dense=0.00 s_pos=0.5741 s_sel=0.0000 s_sel_pos=0.0000 s_hot_err=0.000000 s_bg_err=0.198489 s_gap=0.000000 conf_cos=0.0000 conf_proj=0.00 val_mse=0.31497489 val_mae=0.39018943 | p_pos=0.0000 p_dense=0.00 p_sel=0.0000 p_sel_pos=0.0000 p_hot_err=0.000000 p_bg_err=0.000000 p_gap=0.000000 peer_val_mse=0.27217137 peer_val_mae=0.34169971
[worker1/etth1_teacher_ft_v2_gpu0] [time_series_etth1_teacher_ft_v2/trs16_res03_lr25e4] [time_series][epoch 013] lambda=0.0120 g_scale=1.000 corr_scale=0.071 freeze_student=0 focus=0.7876 train_total=0.20806271 train_sup=0.19922790 train_imit=0.73563063 mean_w=0.3620 active=0.0745 s_dense=0.00 s_pos=0.5741 s_sel=0.0745 s_sel_pos=0.1297 s_hot_err=0.299209 s_bg_err=0.192826 s_gap=-0.059596 conf_cos=0.0000 conf_proj=0.00 val_mse=0.31135146 val_mae=0.38727203 | p_pos=0.0000 p_dense=0.00 p_sel=0.0000 p_sel_pos=0.0000 p_hot_err=0.000000 p_bg_err=0.000000 p_gap=0.000000 peer_val_mse=0.27217137 peer_val_mae=0.34169971
[worker1/etth1_teacher_ft_v2_gpu1] [time_series_etth1_teacher_ft_v2/trs10_res02_lr15e4] [time_series][epoch 001] lambda=0.0000 g_scale=0.000 corr_scale=0.000 freeze_student=0 focus=0.9583 train_total=0.19896286 train_sup=0.19895832 train_imit=0.77496542 mean_w=0.4542 active=0.0000 s_dense=0.00 s_pos=0.7010 s_sel=0.0000 s_sel_pos=0.0000 s_hot_err=0.000000 s_bg_err=0.198489 s_gap=0.000000 conf_cos=0.0000 conf_proj=0.00 val_mse=0.31497489 val_mae=0.39018943 | p_pos=0.0000 p_dense=0.00 p_sel=0.0000 p_sel_pos=0.0000 p_hot_err=0.000000 p_bg_err=0.000000 p_gap=0.000000 peer_val_mse=0.27217137 peer_val_mae=0.34169971
[worker1/etth1_teacher_ft_v2_gpu1] [time_series_etth1_teacher_ft_v2/trs10_res02_lr15e4] [time_series][epoch 002] lambda=0.0000 g_scale=0.000 corr_scale=0.000 freeze_student=0 focus=0.9583 train_total=0.19896273 train_sup=0.19895832 train_imit=0.77453390 mean_w=0.4414 active=0.0000 s_dense=0.00 s_pos=0.7010 s_sel=0.0000 s_sel_pos=0.0000 s_hot_err=0.000000 s_bg_err=0.198489 s_gap=0.000000 conf_cos=0.0000 conf_proj=0.00 val_mse=0.31497489 val_mae=0.39018943 | p_pos=0.0000 p_dense=0.00 p_sel=0.0000 p_sel_pos=0.0000 p_hot_err=0.000000 p_bg_err=0.000000 p_gap=0.000000 peer_val_mse=0.27217137 peer_val_mae=0.34169971
[worker1/etth1_teacher_ft_v2_gpu1] [time_series_etth1_teacher_ft_v2/trs10_res02_lr15e4] [time_series][epoch 003] lambda=0.0000 g_scale=0.000 corr_scale=0.000 freeze_student=0 focus=0.9583 train_total=0.19896261 train_sup=0.19895832 train_imit=0.77471958 mean_w=0.4294 active=0.0000 s_dense=0.00 s_pos=0.7010 s_sel=0.0000 s_sel_pos=0.0000 s_hot_err=0.000000 s_bg_err=0.198489 s_gap=0.000000 conf_cos=0.0000 conf_proj=0.00 val_mse=0.31497489 val_mae=0.39018943 | p_pos=0.0000 p_dense=0.00 p_sel=0.0000 p_sel_pos=0.0000 p_hot_err=0.000000 p_bg_err=0.000000 p_gap=0.000000 peer_val_mse=0.27217137 peer_val_mae=0.34169971
[worker1/etth1_teacher_ft_v2_gpu1] [time_series_etth1_teacher_ft_v2/trs10_res02_lr15e4] [time_series][epoch 004] lambda=0.0000 g_scale=0.000 corr_scale=0.000 freeze_student=0 focus=0.9583 train_total=0.19896250 train_sup=0.19895832 train_imit=0.77573813 mean_w=0.4183 active=0.0000 s_dense=0.00 s_pos=0.7010 s_sel=0.0000 s_sel_pos=0.0000 s_hot_err=0.000000 s_bg_err=0.198489 s_gap=0.000000 conf_cos=0.0000 conf_proj=0.00 val_mse=0.31497489 val_mae=0.39018943 | p_pos=0.0000 p_dense=0.00 p_sel=0.0000 p_sel_pos=0.0000 p_hot_err=0.000000 p_bg_err=0.000000 p_gap=0.000000 peer_val_mse=0.27217137 peer_val_mae=0.34169971
[worker1/etth1_teacher_ft_v2_gpu1] [time_series_etth1_teacher_ft_v2/trs10_res02_lr15e4] [time_series][epoch 005] lambda=0.0080 g_scale=1.000 corr_scale=0.000 freeze_student=0 focus=0.9583 train_total=0.20514875 train_sup=0.19895832 train_imit=0.77327488 mean_w=0.4229 active=0.0000 s_dense=0.00 s_pos=0.7010 s_sel=0.0000 s_sel_pos=0.0000 s_hot_err=0.000000 s_bg_err=0.198489 s_gap=0.000000 conf_cos=0.0000 conf_proj=0.00 val_mse=0.31497489 val_mae=0.39018943 | p_pos=0.0000 p_dense=0.00 p_sel=0.0000 p_sel_pos=0.0000 p_hot_err=0.000000 p_bg_err=0.000000 p_gap=0.000000 peer_val_mse=0.27217137 peer_val_mae=0.34169971
[worker1/etth1_teacher_ft_v2_gpu1] [time_series_etth1_teacher_ft_v2/trs10_res02_lr15e4] [time_series][epoch 006] lambda=0.0080 g_scale=1.000 corr_scale=0.000 freeze_student=0 focus=0.9583 train_total=0.20510800 train_sup=0.19895832 train_imit=0.76815100 mean_w=0.4477 active=0.0000 s_dense=0.00 s_pos=0.7010 s_sel=0.0000 s_sel_pos=0.0000 s_hot_err=0.000000 s_bg_err=0.198489 s_gap=0.000000 conf_cos=0.0000 conf_proj=0.00 val_mse=0.31497489 val_mae=0.39018943 | p_pos=0.0000 p_dense=0.00 p_sel=0.0000 p_sel_pos=0.0000 p_hot_err=0.000000 p_bg_err=0.000000 p_gap=0.000000 peer_val_mse=0.27217137 peer_val_mae=0.34169971
[worker1/etth1_teacher_ft_v2_gpu1] [time_series_etth1_teacher_ft_v2/trs10_res02_lr15e4] [time_series][epoch 007] lambda=0.0080 g_scale=1.000 corr_scale=0.000 freeze_student=0 focus=0.9583 train_total=0.20508858 train_sup=0.19895832 train_imit=0.76570179 mean_w=0.4646 active=0.0000 s_dense=0.00 s_pos=0.7010 s_sel=0.0000 s_sel_pos=0.0000 s_hot_err=0.000000 s_bg_err=0.198489 s_gap=0.000000 conf_cos=0.0000 conf_proj=0.00 val_mse=0.31497489 val_mae=0.39018943 | p_pos=0.0000 p_dense=0.00 p_sel=0.0000 p_sel_pos=0.0000 p_hot_err=0.000000 p_bg_err=0.000000 p_gap=0.000000 peer_val_mse=0.27217137 peer_val_mae=0.34169971
