[time_series_etth1_long_campaign_v1] output_root=results/time_series_etth1_long_campaign_v1_worker1_gpu0_queue
[time_series_etth1_long_campaign_v1] gpu=0 seeds=9 10 11 epochs=120
[time_series_etth1_long_campaign_v1] model_pairs=transformer:dlinear
[time_series_etth1_long_campaign_v1] plan=all_methods_long -> fastdecay_long -> delayed_guidance_long
[etth1_long_campaign_v1/all_methods_long120] log -> results/logs/non_operator_remaining/worker1_gpu0_etth1_wait_queue/all_methods_long120.log
[etth1_long_campaign_v1/all_methods_long120] [time_series] output_dir=results/time_series_etth1_long_campaign_v1_worker1_gpu0_queue/all_methods_long120
[etth1_long_campaign_v1/all_methods_long120] [time_series] methods=independent dml ssml
[etth1_long_campaign_v1/all_methods_long120] [time_series] model_pairs=transformer:dlinear
[etth1_long_campaign_v1/all_methods_long120] [time_series] ssml_topk_ratio=0.02
[etth1_long_campaign_v1/all_methods_long120] [time_series] ssml_topk_scope=total
[etth1_long_campaign_v1/all_methods_long120] [time_series] ssml_max_selected_ratio=1.0
[etth1_long_campaign_v1/all_methods_long120] [time_series] ssml_adaptive_dense_threshold=1.1
[etth1_long_campaign_v1/all_methods_long120] [time_series] ssml_adaptive_dense_topk_ratio=1.0
[etth1_long_campaign_v1/all_methods_long120] [time_series] ssml_adaptive_dense_topk_scope=positive
[etth1_long_campaign_v1/all_methods_long120] [time_series] ssml_adaptive_dense_max_selected_ratio=1.0
[etth1_long_campaign_v1/all_methods_long120] [time_series] ssml_adaptive_dense_score_smoothing_kernel=-1
[etth1_long_campaign_v1/all_methods_long120] [time_series] ssml_adaptive_dense_window_expand_kernel=-1
[etth1_long_campaign_v1/all_methods_long120] [time_series] ssml_supervised_hotspot_alpha=0.5
[etth1_long_campaign_v1/all_methods_long120] [time_series] ssml_supervised_weight_mode=score
[etth1_long_campaign_v1/all_methods_long120] [time_series] ssml_gate_score_mode=peer_better_student_error
[etth1_long_campaign_v1/all_methods_long120] [time_series] ssml_score_transform=none
[etth1_long_campaign_v1/all_methods_long120] [time_series] ssml_positive_upper_quantile=1.0
[etth1_long_campaign_v1/all_methods_long120] [time_series] ssml_guidance_mode=reweight_only
[etth1_long_campaign_v1/all_methods_long120] [time_series] ssml_score_smoothing_kernel=1
[etth1_long_campaign_v1/all_methods_long120] [time_series] ssml_window_score_kernel=1
[etth1_long_campaign_v1/all_methods_long120] [time_series] ssml_window_expand_kernel=1
[etth1_long_campaign_v1/all_methods_long120] [time_series] ssml_tail_start_ratio=0.0
[etth1_long_campaign_v1/all_methods_long120] [time_series] ssml_residual_beta=1.0
[etth1_long_campaign_v1/all_methods_long120] [time_series] ssml_ema_decay=0.0
[etth1_long_campaign_v1/all_methods_long120] [time_series] ssml_imitation_space=raw
[etth1_long_campaign_v1/all_methods_long120] [time_series] ssml_residual_space_kernel=9
[etth1_long_campaign_v1/all_methods_long120] [time_series] ssml_conflict_aware_projection=0
[etth1_long_campaign_v1/all_methods_long120] [time_series] ssml_freeze_peer=0
[etth1_long_campaign_v1/all_methods_long120] [time_series] ssml_worse_only_update=0
[etth1_long_campaign_v1/all_methods_long120] [time_series] ssml_anchor_weight=0.0
[etth1_long_campaign_v1/all_methods_long120] [time_series] init_checkpoint_template=
[etth1_long_campaign_v1/all_methods_long120] [time_series] peer_init_checkpoint_template=
[etth1_long_campaign_v1/all_methods_long120] [time_series] early_stop_patience=0 early_stop_min_epochs=0 early_stop_min_delta=0.0
[etth1_long_campaign_v1/all_methods_long120] [time_series] live_plot_interval=10
[etth1_long_campaign_v1/all_methods_long120] [time_series] dataset=etth1 model=transformer method=independent seed=9 pred_len=24
[etth1_long_campaign_v1/all_methods_long120] [time_series] run_dir=results/time_series_etth1_long_campaign_v1_worker1_gpu0_queue/all_methods_long120/time_series/etth1/transformer_independent_huber_seed9
[etth1_long_campaign_v1/all_methods_long120] [time_series] params=419240
[etth1_long_campaign_v1/all_methods_long120] [time_series][epoch 001] lambda=0.0000 g_scale=0.000 train_total=0.36753709 train_sup=0.36753709 train_imit=0.00000000 mean_w=0.0000 active=0.0000 s_dense=0.00 s_pos=0.0000 s_sel=0.0000 s_sel_pos=0.0000 s_hot_err=0.000000 s_bg_err=0.000000 s_gap=0.000000 conf_cos=0.0000 conf_proj=0.00 val_mse=0.35494436 val_mae=0.42471353
[etth1_long_campaign_v1/all_methods_long120] [time_series][epoch 002] lambda=0.0000 g_scale=0.000 train_total=0.25505855 train_sup=0.25505855 train_imit=0.00000000 mean_w=0.0000 active=0.0000 s_dense=0.00 s_pos=0.0000 s_sel=0.0000 s_sel_pos=0.0000 s_hot_err=0.000000 s_bg_err=0.000000 s_gap=0.000000 conf_cos=0.0000 conf_proj=0.00 val_mse=0.35339234 val_mae=0.41549961
[etth1_long_campaign_v1/all_methods_long120] [time_series][epoch 003] lambda=0.0000 g_scale=0.000 train_total=0.23301603 train_sup=0.23301603 train_imit=0.00000000 mean_w=0.0000 active=0.0000 s_dense=0.00 s_pos=0.0000 s_sel=0.0000 s_sel_pos=0.0000 s_hot_err=0.000000 s_bg_err=0.000000 s_gap=0.000000 conf_cos=0.0000 conf_proj=0.00 val_mse=0.33820967 val_mae=0.38931789
[etth1_long_campaign_v1/all_methods_long120] [time_series][epoch 004] lambda=0.0000 g_scale=0.000 train_total=0.21759960 train_sup=0.21759960 train_imit=0.00000000 mean_w=0.0000 active=0.0000 s_dense=0.00 s_pos=0.0000 s_sel=0.0000 s_sel_pos=0.0000 s_hot_err=0.000000 s_bg_err=0.000000 s_gap=0.000000 conf_cos=0.0000 conf_proj=0.00 val_mse=0.33535254 val_mae=0.39828017
[etth1_long_campaign_v1/all_methods_long120] [time_series][epoch 005] lambda=0.0000 g_scale=0.000 train_total=0.20411818 train_sup=0.20411818 train_imit=0.00000000 mean_w=0.0000 active=0.0000 s_dense=0.00 s_pos=0.0000 s_sel=0.0000 s_sel_pos=0.0000 s_hot_err=0.000000 s_bg_err=0.000000 s_gap=0.000000 conf_cos=0.0000 conf_proj=0.00 val_mse=0.33930796 val_mae=0.38806270
[etth1_long_campaign_v1/all_methods_long120] [time_series][epoch 006] lambda=0.0000 g_scale=0.000 train_total=0.19019375 train_sup=0.19019375 train_imit=0.00000000 mean_w=0.0000 active=0.0000 s_dense=0.00 s_pos=0.0000 s_sel=0.0000 s_sel_pos=0.0000 s_hot_err=0.000000 s_bg_err=0.000000 s_gap=0.000000 conf_cos=0.0000 conf_proj=0.00 val_mse=0.32890078 val_mae=0.40111874
[etth1_long_campaign_v1/all_methods_long120] [time_series][epoch 007] lambda=0.0000 g_scale=0.000 train_total=0.18077917 train_sup=0.18077917 train_imit=0.00000000 mean_w=0.0000 active=0.0000 s_dense=0.00 s_pos=0.0000 s_sel=0.0000 s_sel_pos=0.0000 s_hot_err=0.000000 s_bg_err=0.000000 s_gap=0.000000 conf_cos=0.0000 conf_proj=0.00 val_mse=0.33300916 val_mae=0.39814718
[etth1_long_campaign_v1/all_methods_long120] [time_series][epoch 008] lambda=0.0000 g_scale=0.000 train_total=0.16952074 train_sup=0.16952074 train_imit=0.00000000 mean_w=0.0000 active=0.0000 s_dense=0.00 s_pos=0.0000 s_sel=0.0000 s_sel_pos=0.0000 s_hot_err=0.000000 s_bg_err=0.000000 s_gap=0.000000 conf_cos=0.0000 conf_proj=0.00 val_mse=0.32199037 val_mae=0.38816957
[etth1_long_campaign_v1/all_methods_long120] [time_series][epoch 009] lambda=0.0000 g_scale=0.000 train_total=0.16119731 train_sup=0.16119731 train_imit=0.00000000 mean_w=0.0000 active=0.0000 s_dense=0.00 s_pos=0.0000 s_sel=0.0000 s_sel_pos=0.0000 s_hot_err=0.000000 s_bg_err=0.000000 s_gap=0.000000 conf_cos=0.0000 conf_proj=0.00 val_mse=0.36113720 val_mae=0.40970907
[etth1_long_campaign_v1/all_methods_long120] [time_series][epoch 010] lambda=0.0000 g_scale=0.000 train_total=0.15334627 train_sup=0.15334627 train_imit=0.00000000 mean_w=0.0000 active=0.0000 s_dense=0.00 s_pos=0.0000 s_sel=0.0000 s_sel_pos=0.0000 s_hot_err=0.000000 s_bg_err=0.000000 s_gap=0.000000 conf_cos=0.0000 conf_proj=0.00 val_mse=0.37687980 val_mae=0.41998021
[etth1_long_campaign_v1/all_methods_long120] [time_series][epoch 010] updated live plot
[etth1_long_campaign_v1/all_methods_long120] [time_series][epoch 011] lambda=0.0000 g_scale=0.000 train_total=0.14733201 train_sup=0.14733201 train_imit=0.00000000 mean_w=0.0000 active=0.0000 s_dense=0.00 s_pos=0.0000 s_sel=0.0000 s_sel_pos=0.0000 s_hot_err=0.000000 s_bg_err=0.000000 s_gap=0.000000 conf_cos=0.0000 conf_proj=0.00 val_mse=0.35560528 val_mae=0.41619847
[etth1_long_campaign_v1/all_methods_long120] [time_series][epoch 012] lambda=0.0000 g_scale=0.000 train_total=0.14028015 train_sup=0.14028015 train_imit=0.00000000 mean_w=0.0000 active=0.0000 s_dense=0.00 s_pos=0.0000 s_sel=0.0000 s_sel_pos=0.0000 s_hot_err=0.000000 s_bg_err=0.000000 s_gap=0.000000 conf_cos=0.0000 conf_proj=0.00 val_mse=0.36540830 val_mae=0.42238071
[etth1_long_campaign_v1/all_methods_long120] [time_series][epoch 013] lambda=0.0000 g_scale=0.000 train_total=0.13580065 train_sup=0.13580065 train_imit=0.00000000 mean_w=0.0000 active=0.0000 s_dense=0.00 s_pos=0.0000 s_sel=0.0000 s_sel_pos=0.0000 s_hot_err=0.000000 s_bg_err=0.000000 s_gap=0.000000 conf_cos=0.0000 conf_proj=0.00 val_mse=0.36382331 val_mae=0.41683697
[etth1_long_campaign_v1/all_methods_long120] [time_series][epoch 014] lambda=0.0000 g_scale=0.000 train_total=0.13121131 train_sup=0.13121131 train_imit=0.00000000 mean_w=0.0000 active=0.0000 s_dense=0.00 s_pos=0.0000 s_sel=0.0000 s_sel_pos=0.0000 s_hot_err=0.000000 s_bg_err=0.000000 s_gap=0.000000 conf_cos=0.0000 conf_proj=0.00 val_mse=0.35717194 val_mae=0.42356921
[etth1_long_campaign_v1/all_methods_long120] [time_series][epoch 015] lambda=0.0000 g_scale=0.000 train_total=0.12684739 train_sup=0.12684739 train_imit=0.00000000 mean_w=0.0000 active=0.0000 s_dense=0.00 s_pos=0.0000 s_sel=0.0000 s_sel_pos=0.0000 s_hot_err=0.000000 s_bg_err=0.000000 s_gap=0.000000 conf_cos=0.0000 conf_proj=0.00 val_mse=0.34166487 val_mae=0.40703036
[etth1_long_campaign_v1/all_methods_long120] [time_series][epoch 016] lambda=0.0000 g_scale=0.000 train_total=0.12143494 train_sup=0.12143494 train_imit=0.00000000 mean_w=0.0000 active=0.0000 s_dense=0.00 s_pos=0.0000 s_sel=0.0000 s_sel_pos=0.0000 s_hot_err=0.000000 s_bg_err=0.000000 s_gap=0.000000 conf_cos=0.0000 conf_proj=0.00 val_mse=0.35670056 val_mae=0.41690828
[etth1_long_campaign_v1/all_methods_long120] [time_series][epoch 017] lambda=0.0000 g_scale=0.000 train_total=0.12000371 train_sup=0.12000371 train_imit=0.00000000 mean_w=0.0000 active=0.0000 s_dense=0.00 s_pos=0.0000 s_sel=0.0000 s_sel_pos=0.0000 s_hot_err=0.000000 s_bg_err=0.000000 s_gap=0.000000 conf_cos=0.0000 conf_proj=0.00 val_mse=0.33776869 val_mae=0.40111852
[etth1_long_campaign_v1/all_methods_long120] [time_series][epoch 018] lambda=0.0000 g_scale=0.000 train_total=0.11659375 train_sup=0.11659375 train_imit=0.00000000 mean_w=0.0000 active=0.0000 s_dense=0.00 s_pos=0.0000 s_sel=0.0000 s_sel_pos=0.0000 s_hot_err=0.000000 s_bg_err=0.000000 s_gap=0.000000 conf_cos=0.0000 conf_proj=0.00 val_mse=0.34686081 val_mae=0.40695571
[etth1_long_campaign_v1/all_methods_long120] [time_series][epoch 019] lambda=0.0000 g_scale=0.000 train_total=0.11299496 train_sup=0.11299496 train_imit=0.00000000 mean_w=0.0000 active=0.0000 s_dense=0.00 s_pos=0.0000 s_sel=0.0000 s_sel_pos=0.0000 s_hot_err=0.000000 s_bg_err=0.000000 s_gap=0.000000 conf_cos=0.0000 conf_proj=0.00 val_mse=0.36246554 val_mae=0.42034105
[etth1_long_campaign_v1/all_methods_long120] [time_series][epoch 020] lambda=0.0000 g_scale=0.000 train_total=0.11059845 train_sup=0.11059845 train_imit=0.00000000 mean_w=0.0000 active=0.0000 s_dense=0.00 s_pos=0.0000 s_sel=0.0000 s_sel_pos=0.0000 s_hot_err=0.000000 s_bg_err=0.000000 s_gap=0.000000 conf_cos=0.0000 conf_proj=0.00 val_mse=0.35245454 val_mae=0.41051297
[etth1_long_campaign_v1/all_methods_long120] [time_series][epoch 020] updated live plot
[etth1_long_campaign_v1/all_methods_long120] [time_series][epoch 021] lambda=0.0000 g_scale=0.000 train_total=0.10853535 train_sup=0.10853535 train_imit=0.00000000 mean_w=0.0000 active=0.0000 s_dense=0.00 s_pos=0.0000 s_sel=0.0000 s_sel_pos=0.0000 s_hot_err=0.000000 s_bg_err=0.000000 s_gap=0.000000 conf_cos=0.0000 conf_proj=0.00 val_mse=0.35519710 val_mae=0.41356698
[etth1_long_campaign_v1/all_methods_long120] [time_series][epoch 022] lambda=0.0000 g_scale=0.000 train_total=0.10643976 train_sup=0.10643976 train_imit=0.00000000 mean_w=0.0000 active=0.0000 s_dense=0.00 s_pos=0.0000 s_sel=0.0000 s_sel_pos=0.0000 s_hot_err=0.000000 s_bg_err=0.000000 s_gap=0.000000 conf_cos=0.0000 conf_proj=0.00 val_mse=0.35246813 val_mae=0.41064884
[etth1_long_campaign_v1/all_methods_long120] [time_series][epoch 023] lambda=0.0000 g_scale=0.000 train_total=0.10505555 train_sup=0.10505555 train_imit=0.00000000 mean_w=0.0000 active=0.0000 s_dense=0.00 s_pos=0.0000 s_sel=0.0000 s_sel_pos=0.0000 s_hot_err=0.000000 s_bg_err=0.000000 s_gap=0.000000 conf_cos=0.0000 conf_proj=0.00 val_mse=0.39243298 val_mae=0.43955728
[etth1_long_campaign_v1/all_methods_long120] [time_series][epoch 024] lambda=0.0000 g_scale=0.000 train_total=0.10349762 train_sup=0.10349762 train_imit=0.00000000 mean_w=0.0000 active=0.0000 s_dense=0.00 s_pos=0.0000 s_sel=0.0000 s_sel_pos=0.0000 s_hot_err=0.000000 s_bg_err=0.000000 s_gap=0.000000 conf_cos=0.0000 conf_proj=0.00 val_mse=0.36815123 val_mae=0.42015613
[etth1_long_campaign_v1/all_methods_long120] [time_series][epoch 025] lambda=0.0000 g_scale=0.000 train_total=0.10195867 train_sup=0.10195867 train_imit=0.00000000 mean_w=0.0000 active=0.0000 s_dense=0.00 s_pos=0.0000 s_sel=0.0000 s_sel_pos=0.0000 s_hot_err=0.000000 s_bg_err=0.000000 s_gap=0.000000 conf_cos=0.0000 conf_proj=0.00 val_mse=0.37438248 val_mae=0.41954170
[etth1_long_campaign_v1/all_methods_long120] [time_series][epoch 026] lambda=0.0000 g_scale=0.000 train_total=0.10068126 train_sup=0.10068126 train_imit=0.00000000 mean_w=0.0000 active=0.0000 s_dense=0.00 s_pos=0.0000 s_sel=0.0000 s_sel_pos=0.0000 s_hot_err=0.000000 s_bg_err=0.000000 s_gap=0.000000 conf_cos=0.0000 conf_proj=0.00 val_mse=0.34934257 val_mae=0.40325097
[etth1_long_campaign_v1/all_methods_long120] [time_series][epoch 027] lambda=0.0000 g_scale=0.000 train_total=0.09942086 train_sup=0.09942086 train_imit=0.00000000 mean_w=0.0000 active=0.0000 s_dense=0.00 s_pos=0.0000 s_sel=0.0000 s_sel_pos=0.0000 s_hot_err=0.000000 s_bg_err=0.000000 s_gap=0.000000 conf_cos=0.0000 conf_proj=0.00 val_mse=0.36000089 val_mae=0.41779006
[etth1_long_campaign_v1/all_methods_long120] [time_series][epoch 028] lambda=0.0000 g_scale=0.000 train_total=0.09779540 train_sup=0.09779540 train_imit=0.00000000 mean_w=0.0000 active=0.0000 s_dense=0.00 s_pos=0.0000 s_sel=0.0000 s_sel_pos=0.0000 s_hot_err=0.000000 s_bg_err=0.000000 s_gap=0.000000 conf_cos=0.0000 conf_proj=0.00 val_mse=0.38248273 val_mae=0.42780120
[etth1_long_campaign_v1/all_methods_long120] [time_series][epoch 029] lambda=0.0000 g_scale=0.000 train_total=0.09739007 train_sup=0.09739007 train_imit=0.00000000 mean_w=0.0000 active=0.0000 s_dense=0.00 s_pos=0.0000 s_sel=0.0000 s_sel_pos=0.0000 s_hot_err=0.000000 s_bg_err=0.000000 s_gap=0.000000 conf_cos=0.0000 conf_proj=0.00 val_mse=0.35923984 val_mae=0.41326139
[etth1_long_campaign_v1/all_methods_long120] [time_series][epoch 030] lambda=0.0000 g_scale=0.000 train_total=0.09589299 train_sup=0.09589299 train_imit=0.00000000 mean_w=0.0000 active=0.0000 s_dense=0.00 s_pos=0.0000 s_sel=0.0000 s_sel_pos=0.0000 s_hot_err=0.000000 s_bg_err=0.000000 s_gap=0.000000 conf_cos=0.0000 conf_proj=0.00 val_mse=0.34851738 val_mae=0.40637950
[etth1_long_campaign_v1/all_methods_long120] [time_series][epoch 030] updated live plot
[etth1_long_campaign_v1/all_methods_long120] [time_series][epoch 031] lambda=0.0000 g_scale=0.000 train_total=0.09481810 train_sup=0.09481810 train_imit=0.00000000 mean_w=0.0000 active=0.0000 s_dense=0.00 s_pos=0.0000 s_sel=0.0000 s_sel_pos=0.0000 s_hot_err=0.000000 s_bg_err=0.000000 s_gap=0.000000 conf_cos=0.0000 conf_proj=0.00 val_mse=0.36454887 val_mae=0.42212101
[etth1_long_campaign_v1/all_methods_long120] [time_series][epoch 032] lambda=0.0000 g_scale=0.000 train_total=0.09478506 train_sup=0.09478506 train_imit=0.00000000 mean_w=0.0000 active=0.0000 s_dense=0.00 s_pos=0.0000 s_sel=0.0000 s_sel_pos=0.0000 s_hot_err=0.000000 s_bg_err=0.000000 s_gap=0.000000 conf_cos=0.0000 conf_proj=0.00 val_mse=0.38162951 val_mae=0.42444383
[etth1_long_campaign_v1/all_methods_long120] [time_series][epoch 033] lambda=0.0000 g_scale=0.000 train_total=0.09315063 train_sup=0.09315063 train_imit=0.00000000 mean_w=0.0000 active=0.0000 s_dense=0.00 s_pos=0.0000 s_sel=0.0000 s_sel_pos=0.0000 s_hot_err=0.000000 s_bg_err=0.000000 s_gap=0.000000 conf_cos=0.0000 conf_proj=0.00 val_mse=0.37769446 val_mae=0.42553576
[etth1_long_campaign_v1/all_methods_long120] [time_series][epoch 034] lambda=0.0000 g_scale=0.000 train_total=0.09269459 train_sup=0.09269459 train_imit=0.00000000 mean_w=0.0000 active=0.0000 s_dense=0.00 s_pos=0.0000 s_sel=0.0000 s_sel_pos=0.0000 s_hot_err=0.000000 s_bg_err=0.000000 s_gap=0.000000 conf_cos=0.0000 conf_proj=0.00 val_mse=0.35279924 val_mae=0.40679093
[etth1_long_campaign_v1/all_methods_long120] [time_series][epoch 035] lambda=0.0000 g_scale=0.000 train_total=0.09216029 train_sup=0.09216029 train_imit=0.00000000 mean_w=0.0000 active=0.0000 s_dense=0.00 s_pos=0.0000 s_sel=0.0000 s_sel_pos=0.0000 s_hot_err=0.000000 s_bg_err=0.000000 s_gap=0.000000 conf_cos=0.0000 conf_proj=0.00 val_mse=0.36476071 val_mae=0.42124469
[etth1_long_campaign_v1/all_methods_long120] [time_series][epoch 036] lambda=0.0000 g_scale=0.000 train_total=0.09081628 train_sup=0.09081628 train_imit=0.00000000 mean_w=0.0000 active=0.0000 s_dense=0.00 s_pos=0.0000 s_sel=0.0000 s_sel_pos=0.0000 s_hot_err=0.000000 s_bg_err=0.000000 s_gap=0.000000 conf_cos=0.0000 conf_proj=0.00 val_mse=0.34119004 val_mae=0.39854631
[etth1_long_campaign_v1/all_methods_long120] [time_series][epoch 037] lambda=0.0000 g_scale=0.000 train_total=0.09025770 train_sup=0.09025770 train_imit=0.00000000 mean_w=0.0000 active=0.0000 s_dense=0.00 s_pos=0.0000 s_sel=0.0000 s_sel_pos=0.0000 s_hot_err=0.000000 s_bg_err=0.000000 s_gap=0.000000 conf_cos=0.0000 conf_proj=0.00 val_mse=0.36694948 val_mae=0.41652549
[etth1_long_campaign_v1/all_methods_long120] [time_series][epoch 038] lambda=0.0000 g_scale=0.000 train_total=0.08966443 train_sup=0.08966443 train_imit=0.00000000 mean_w=0.0000 active=0.0000 s_dense=0.00 s_pos=0.0000 s_sel=0.0000 s_sel_pos=0.0000 s_hot_err=0.000000 s_bg_err=0.000000 s_gap=0.000000 conf_cos=0.0000 conf_proj=0.00 val_mse=0.37495173 val_mae=0.42812355
[etth1_long_campaign_v1/all_methods_long120] [time_series][epoch 039] lambda=0.0000 g_scale=0.000 train_total=0.08867870 train_sup=0.08867870 train_imit=0.00000000 mean_w=0.0000 active=0.0000 s_dense=0.00 s_pos=0.0000 s_sel=0.0000 s_sel_pos=0.0000 s_hot_err=0.000000 s_bg_err=0.000000 s_gap=0.000000 conf_cos=0.0000 conf_proj=0.00 val_mse=0.36636746 val_mae=0.41537758
[etth1_long_campaign_v1/all_methods_long120] [time_series][epoch 040] lambda=0.0000 g_scale=0.000 train_total=0.08850017 train_sup=0.08850017 train_imit=0.00000000 mean_w=0.0000 active=0.0000 s_dense=0.00 s_pos=0.0000 s_sel=0.0000 s_sel_pos=0.0000 s_hot_err=0.000000 s_bg_err=0.000000 s_gap=0.000000 conf_cos=0.0000 conf_proj=0.00 val_mse=0.38271478 val_mae=0.42787643
[etth1_long_campaign_v1/all_methods_long120] [time_series][epoch 040] updated live plot
[etth1_long_campaign_v1/all_methods_long120] [time_series][epoch 041] lambda=0.0000 g_scale=0.000 train_total=0.08755658 train_sup=0.08755658 train_imit=0.00000000 mean_w=0.0000 active=0.0000 s_dense=0.00 s_pos=0.0000 s_sel=0.0000 s_sel_pos=0.0000 s_hot_err=0.000000 s_bg_err=0.000000 s_gap=0.000000 conf_cos=0.0000 conf_proj=0.00 val_mse=0.34654235 val_mae=0.40099459
[etth1_long_campaign_v1/all_methods_long120] [time_series][epoch 042] lambda=0.0000 g_scale=0.000 train_total=0.08703713 train_sup=0.08703713 train_imit=0.00000000 mean_w=0.0000 active=0.0000 s_dense=0.00 s_pos=0.0000 s_sel=0.0000 s_sel_pos=0.0000 s_hot_err=0.000000 s_bg_err=0.000000 s_gap=0.000000 conf_cos=0.0000 conf_proj=0.00 val_mse=0.37674612 val_mae=0.42417204
[etth1_long_campaign_v1/all_methods_long120] [time_series][epoch 043] lambda=0.0000 g_scale=0.000 train_total=0.08613933 train_sup=0.08613933 train_imit=0.00000000 mean_w=0.0000 active=0.0000 s_dense=0.00 s_pos=0.0000 s_sel=0.0000 s_sel_pos=0.0000 s_hot_err=0.000000 s_bg_err=0.000000 s_gap=0.000000 conf_cos=0.0000 conf_proj=0.00 val_mse=0.36169012 val_mae=0.41433036
[etth1_long_campaign_v1/all_methods_long120] [time_series][epoch 044] lambda=0.0000 g_scale=0.000 train_total=0.08495696 train_sup=0.08495696 train_imit=0.00000000 mean_w=0.0000 active=0.0000 s_dense=0.00 s_pos=0.0000 s_sel=0.0000 s_sel_pos=0.0000 s_hot_err=0.000000 s_bg_err=0.000000 s_gap=0.000000 conf_cos=0.0000 conf_proj=0.00 val_mse=0.36368261 val_mae=0.41498479
[etth1_long_campaign_v1/all_methods_long120] [time_series][epoch 045] lambda=0.0000 g_scale=0.000 train_total=0.08507015 train_sup=0.08507015 train_imit=0.00000000 mean_w=0.0000 active=0.0000 s_dense=0.00 s_pos=0.0000 s_sel=0.0000 s_sel_pos=0.0000 s_hot_err=0.000000 s_bg_err=0.000000 s_gap=0.000000 conf_cos=0.0000 conf_proj=0.00 val_mse=0.35103670 val_mae=0.41108462
[etth1_long_campaign_v1/all_methods_long120] [time_series][epoch 046] lambda=0.0000 g_scale=0.000 train_total=0.08448172 train_sup=0.08448172 train_imit=0.00000000 mean_w=0.0000 active=0.0000 s_dense=0.00 s_pos=0.0000 s_sel=0.0000 s_sel_pos=0.0000 s_hot_err=0.000000 s_bg_err=0.000000 s_gap=0.000000 conf_cos=0.0000 conf_proj=0.00 val_mse=0.37190911 val_mae=0.42116584
[etth1_long_campaign_v1/all_methods_long120] [time_series][epoch 047] lambda=0.0000 g_scale=0.000 train_total=0.08398645 train_sup=0.08398645 train_imit=0.00000000 mean_w=0.0000 active=0.0000 s_dense=0.00 s_pos=0.0000 s_sel=0.0000 s_sel_pos=0.0000 s_hot_err=0.000000 s_bg_err=0.000000 s_gap=0.000000 conf_cos=0.0000 conf_proj=0.00 val_mse=0.36043903 val_mae=0.41194900
[etth1_long_campaign_v1/all_methods_long120] [time_series][epoch 048] lambda=0.0000 g_scale=0.000 train_total=0.08340568 train_sup=0.08340568 train_imit=0.00000000 mean_w=0.0000 active=0.0000 s_dense=0.00 s_pos=0.0000 s_sel=0.0000 s_sel_pos=0.0000 s_hot_err=0.000000 s_bg_err=0.000000 s_gap=0.000000 conf_cos=0.0000 conf_proj=0.00 val_mse=0.36412133 val_mae=0.41225765
[etth1_long_campaign_v1/all_methods_long120] [time_series][epoch 049] lambda=0.0000 g_scale=0.000 train_total=0.08249255 train_sup=0.08249255 train_imit=0.00000000 mean_w=0.0000 active=0.0000 s_dense=0.00 s_pos=0.0000 s_sel=0.0000 s_sel_pos=0.0000 s_hot_err=0.000000 s_bg_err=0.000000 s_gap=0.000000 conf_cos=0.0000 conf_proj=0.00 val_mse=0.38388809 val_mae=0.43254698
[etth1_long_campaign_v1/all_methods_long120] [time_series][epoch 050] lambda=0.0000 g_scale=0.000 train_total=0.08272932 train_sup=0.08272932 train_imit=0.00000000 mean_w=0.0000 active=0.0000 s_dense=0.00 s_pos=0.0000 s_sel=0.0000 s_sel_pos=0.0000 s_hot_err=0.000000 s_bg_err=0.000000 s_gap=0.000000 conf_cos=0.0000 conf_proj=0.00 val_mse=0.37155853 val_mae=0.42111390
[etth1_long_campaign_v1/all_methods_long120] [time_series][epoch 050] updated live plot
[etth1_long_campaign_v1/all_methods_long120] [time_series][epoch 051] lambda=0.0000 g_scale=0.000 train_total=0.08201750 train_sup=0.08201750 train_imit=0.00000000 mean_w=0.0000 active=0.0000 s_dense=0.00 s_pos=0.0000 s_sel=0.0000 s_sel_pos=0.0000 s_hot_err=0.000000 s_bg_err=0.000000 s_gap=0.000000 conf_cos=0.0000 conf_proj=0.00 val_mse=0.38381339 val_mae=0.42944675
[etth1_long_campaign_v1/all_methods_long120] [time_series][epoch 052] lambda=0.0000 g_scale=0.000 train_total=0.08115837 train_sup=0.08115837 train_imit=0.00000000 mean_w=0.0000 active=0.0000 s_dense=0.00 s_pos=0.0000 s_sel=0.0000 s_sel_pos=0.0000 s_hot_err=0.000000 s_bg_err=0.000000 s_gap=0.000000 conf_cos=0.0000 conf_proj=0.00 val_mse=0.40371431 val_mae=0.44280558
[etth1_long_campaign_v1/all_methods_long120] [time_series][epoch 053] lambda=0.0000 g_scale=0.000 train_total=0.08122561 train_sup=0.08122561 train_imit=0.00000000 mean_w=0.0000 active=0.0000 s_dense=0.00 s_pos=0.0000 s_sel=0.0000 s_sel_pos=0.0000 s_hot_err=0.000000 s_bg_err=0.000000 s_gap=0.000000 conf_cos=0.0000 conf_proj=0.00 val_mse=0.39445166 val_mae=0.43630647
[etth1_long_campaign_v1/all_methods_long120] [time_series][epoch 054] lambda=0.0000 g_scale=0.000 train_total=0.08115016 train_sup=0.08115016 train_imit=0.00000000 mean_w=0.0000 active=0.0000 s_dense=0.00 s_pos=0.0000 s_sel=0.0000 s_sel_pos=0.0000 s_hot_err=0.000000 s_bg_err=0.000000 s_gap=0.000000 conf_cos=0.0000 conf_proj=0.00 val_mse=0.38115880 val_mae=0.42775674
[etth1_long_campaign_v1/all_methods_long120] [time_series][epoch 055] lambda=0.0000 g_scale=0.000 train_total=0.07994965 train_sup=0.07994965 train_imit=0.00000000 mean_w=0.0000 active=0.0000 s_dense=0.00 s_pos=0.0000 s_sel=0.0000 s_sel_pos=0.0000 s_hot_err=0.000000 s_bg_err=0.000000 s_gap=0.000000 conf_cos=0.0000 conf_proj=0.00 val_mse=0.35278501 val_mae=0.40638812
[etth1_long_campaign_v1/all_methods_long120] [time_series][epoch 056] lambda=0.0000 g_scale=0.000 train_total=0.07986181 train_sup=0.07986181 train_imit=0.00000000 mean_w=0.0000 active=0.0000 s_dense=0.00 s_pos=0.0000 s_sel=0.0000 s_sel_pos=0.0000 s_hot_err=0.000000 s_bg_err=0.000000 s_gap=0.000000 conf_cos=0.0000 conf_proj=0.00 val_mse=0.38971417 val_mae=0.43246271
[etth1_long_campaign_v1/all_methods_long120] [time_series][epoch 057] lambda=0.0000 g_scale=0.000 train_total=0.08047130 train_sup=0.08047130 train_imit=0.00000000 mean_w=0.0000 active=0.0000 s_dense=0.00 s_pos=0.0000 s_sel=0.0000 s_sel_pos=0.0000 s_hot_err=0.000000 s_bg_err=0.000000 s_gap=0.000000 conf_cos=0.0000 conf_proj=0.00 val_mse=0.39238500 val_mae=0.43559765
[etth1_long_campaign_v1/all_methods_long120] [time_series][epoch 058] lambda=0.0000 g_scale=0.000 train_total=0.07883037 train_sup=0.07883037 train_imit=0.00000000 mean_w=0.0000 active=0.0000 s_dense=0.00 s_pos=0.0000 s_sel=0.0000 s_sel_pos=0.0000 s_hot_err=0.000000 s_bg_err=0.000000 s_gap=0.000000 conf_cos=0.0000 conf_proj=0.00 val_mse=0.35749088 val_mae=0.41161047
[etth1_long_campaign_v1/all_methods_long120] [time_series][epoch 059] lambda=0.0000 g_scale=0.000 train_total=0.07930757 train_sup=0.07930757 train_imit=0.00000000 mean_w=0.0000 active=0.0000 s_dense=0.00 s_pos=0.0000 s_sel=0.0000 s_sel_pos=0.0000 s_hot_err=0.000000 s_bg_err=0.000000 s_gap=0.000000 conf_cos=0.0000 conf_proj=0.00 val_mse=0.39270332 val_mae=0.43036088
[etth1_long_campaign_v1/all_methods_long120] [time_series][epoch 060] lambda=0.0000 g_scale=0.000 train_total=0.07920555 train_sup=0.07920555 train_imit=0.00000000 mean_w=0.0000 active=0.0000 s_dense=0.00 s_pos=0.0000 s_sel=0.0000 s_sel_pos=0.0000 s_hot_err=0.000000 s_bg_err=0.000000 s_gap=0.000000 conf_cos=0.0000 conf_proj=0.00 val_mse=0.37449848 val_mae=0.42691691
[etth1_long_campaign_v1/all_methods_long120] [time_series][epoch 060] updated live plot
[etth1_long_campaign_v1/all_methods_long120] [time_series][epoch 061] lambda=0.0000 g_scale=0.000 train_total=0.07798621 train_sup=0.07798621 train_imit=0.00000000 mean_w=0.0000 active=0.0000 s_dense=0.00 s_pos=0.0000 s_sel=0.0000 s_sel_pos=0.0000 s_hot_err=0.000000 s_bg_err=0.000000 s_gap=0.000000 conf_cos=0.0000 conf_proj=0.00 val_mse=0.38493320 val_mae=0.43505435
[etth1_long_campaign_v1/all_methods_long120] [time_series][epoch 062] lambda=0.0000 g_scale=0.000 train_total=0.07753732 train_sup=0.07753732 train_imit=0.00000000 mean_w=0.0000 active=0.0000 s_dense=0.00 s_pos=0.0000 s_sel=0.0000 s_sel_pos=0.0000 s_hot_err=0.000000 s_bg_err=0.000000 s_gap=0.000000 conf_cos=0.0000 conf_proj=0.00 val_mse=0.39220237 val_mae=0.44025300
[etth1_long_campaign_v1/all_methods_long120] [time_series][epoch 063] lambda=0.0000 g_scale=0.000 train_total=0.07731680 train_sup=0.07731680 train_imit=0.00000000 mean_w=0.0000 active=0.0000 s_dense=0.00 s_pos=0.0000 s_sel=0.0000 s_sel_pos=0.0000 s_hot_err=0.000000 s_bg_err=0.000000 s_gap=0.000000 conf_cos=0.0000 conf_proj=0.00 val_mse=0.36953150 val_mae=0.41935207
[etth1_long_campaign_v1/all_methods_long120] [time_series][epoch 064] lambda=0.0000 g_scale=0.000 train_total=0.07727146 train_sup=0.07727146 train_imit=0.00000000 mean_w=0.0000 active=0.0000 s_dense=0.00 s_pos=0.0000 s_sel=0.0000 s_sel_pos=0.0000 s_hot_err=0.000000 s_bg_err=0.000000 s_gap=0.000000 conf_cos=0.0000 conf_proj=0.00 val_mse=0.39972259 val_mae=0.43565492
[etth1_long_campaign_v1/all_methods_long120] [time_series][epoch 065] lambda=0.0000 g_scale=0.000 train_total=0.07676403 train_sup=0.07676403 train_imit=0.00000000 mean_w=0.0000 active=0.0000 s_dense=0.00 s_pos=0.0000 s_sel=0.0000 s_sel_pos=0.0000 s_hot_err=0.000000 s_bg_err=0.000000 s_gap=0.000000 conf_cos=0.0000 conf_proj=0.00 val_mse=0.37773012 val_mae=0.42974992
[etth1_long_campaign_v1/all_methods_long120] [time_series][epoch 066] lambda=0.0000 g_scale=0.000 train_total=0.07683053 train_sup=0.07683053 train_imit=0.00000000 mean_w=0.0000 active=0.0000 s_dense=0.00 s_pos=0.0000 s_sel=0.0000 s_sel_pos=0.0000 s_hot_err=0.000000 s_bg_err=0.000000 s_gap=0.000000 conf_cos=0.0000 conf_proj=0.00 val_mse=0.38071508 val_mae=0.42702699
[etth1_long_campaign_v1/all_methods_long120] [time_series][epoch 067] lambda=0.0000 g_scale=0.000 train_total=0.07646261 train_sup=0.07646261 train_imit=0.00000000 mean_w=0.0000 active=0.0000 s_dense=0.00 s_pos=0.0000 s_sel=0.0000 s_sel_pos=0.0000 s_hot_err=0.000000 s_bg_err=0.000000 s_gap=0.000000 conf_cos=0.0000 conf_proj=0.00 val_mse=0.40707300 val_mae=0.44013737
[etth1_long_campaign_v1/all_methods_long120] [time_series][epoch 068] lambda=0.0000 g_scale=0.000 train_total=0.07620370 train_sup=0.07620370 train_imit=0.00000000 mean_w=0.0000 active=0.0000 s_dense=0.00 s_pos=0.0000 s_sel=0.0000 s_sel_pos=0.0000 s_hot_err=0.000000 s_bg_err=0.000000 s_gap=0.000000 conf_cos=0.0000 conf_proj=0.00 val_mse=0.37467997 val_mae=0.42245436
[etth1_long_campaign_v1/all_methods_long120] [time_series][epoch 069] lambda=0.0000 g_scale=0.000 train_total=0.07577936 train_sup=0.07577936 train_imit=0.00000000 mean_w=0.0000 active=0.0000 s_dense=0.00 s_pos=0.0000 s_sel=0.0000 s_sel_pos=0.0000 s_hot_err=0.000000 s_bg_err=0.000000 s_gap=0.000000 conf_cos=0.0000 conf_proj=0.00 val_mse=0.36901063 val_mae=0.41666935
[etth1_long_campaign_v1/all_methods_long120] [time_series][epoch 070] lambda=0.0000 g_scale=0.000 train_total=0.07565653 train_sup=0.07565653 train_imit=0.00000000 mean_w=0.0000 active=0.0000 s_dense=0.00 s_pos=0.0000 s_sel=0.0000 s_sel_pos=0.0000 s_hot_err=0.000000 s_bg_err=0.000000 s_gap=0.000000 conf_cos=0.0000 conf_proj=0.00 val_mse=0.40451279 val_mae=0.44428655
[etth1_long_campaign_v1/all_methods_long120] [time_series][epoch 070] updated live plot
[etth1_long_campaign_v1/all_methods_long120] [time_series][epoch 071] lambda=0.0000 g_scale=0.000 train_total=0.07491738 train_sup=0.07491738 train_imit=0.00000000 mean_w=0.0000 active=0.0000 s_dense=0.00 s_pos=0.0000 s_sel=0.0000 s_sel_pos=0.0000 s_hot_err=0.000000 s_bg_err=0.000000 s_gap=0.000000 conf_cos=0.0000 conf_proj=0.00 val_mse=0.38409979 val_mae=0.43173806
[etth1_long_campaign_v1/all_methods_long120] [time_series][epoch 072] lambda=0.0000 g_scale=0.000 train_total=0.07492107 train_sup=0.07492107 train_imit=0.00000000 mean_w=0.0000 active=0.0000 s_dense=0.00 s_pos=0.0000 s_sel=0.0000 s_sel_pos=0.0000 s_hot_err=0.000000 s_bg_err=0.000000 s_gap=0.000000 conf_cos=0.0000 conf_proj=0.00 val_mse=0.38586558 val_mae=0.43119361
[etth1_long_campaign_v1/all_methods_long120] [time_series][epoch 073] lambda=0.0000 g_scale=0.000 train_total=0.07453995 train_sup=0.07453995 train_imit=0.00000000 mean_w=0.0000 active=0.0000 s_dense=0.00 s_pos=0.0000 s_sel=0.0000 s_sel_pos=0.0000 s_hot_err=0.000000 s_bg_err=0.000000 s_gap=0.000000 conf_cos=0.0000 conf_proj=0.00 val_mse=0.38083427 val_mae=0.42483096
[etth1_long_campaign_v1/all_methods_long120] [time_series][epoch 074] lambda=0.0000 g_scale=0.000 train_total=0.07420591 train_sup=0.07420591 train_imit=0.00000000 mean_w=0.0000 active=0.0000 s_dense=0.00 s_pos=0.0000 s_sel=0.0000 s_sel_pos=0.0000 s_hot_err=0.000000 s_bg_err=0.000000 s_gap=0.000000 conf_cos=0.0000 conf_proj=0.00 val_mse=0.40020695 val_mae=0.44419666
[etth1_long_campaign_v1/all_methods_long120] [time_series][epoch 075] lambda=0.0000 g_scale=0.000 train_total=0.07415429 train_sup=0.07415429 train_imit=0.00000000 mean_w=0.0000 active=0.0000 s_dense=0.00 s_pos=0.0000 s_sel=0.0000 s_sel_pos=0.0000 s_hot_err=0.000000 s_bg_err=0.000000 s_gap=0.000000 conf_cos=0.0000 conf_proj=0.00 val_mse=0.38897445 val_mae=0.43217067
[etth1_long_campaign_v1/all_methods_long120] [time_series][epoch 076] lambda=0.0000 g_scale=0.000 train_total=0.07370921 train_sup=0.07370921 train_imit=0.00000000 mean_w=0.0000 active=0.0000 s_dense=0.00 s_pos=0.0000 s_sel=0.0000 s_sel_pos=0.0000 s_hot_err=0.000000 s_bg_err=0.000000 s_gap=0.000000 conf_cos=0.0000 conf_proj=0.00 val_mse=0.37722686 val_mae=0.42303973
[etth1_long_campaign_v1/all_methods_long120] [time_series][epoch 077] lambda=0.0000 g_scale=0.000 train_total=0.07357161 train_sup=0.07357161 train_imit=0.00000000 mean_w=0.0000 active=0.0000 s_dense=0.00 s_pos=0.0000 s_sel=0.0000 s_sel_pos=0.0000 s_hot_err=0.000000 s_bg_err=0.000000 s_gap=0.000000 conf_cos=0.0000 conf_proj=0.00 val_mse=0.41677416 val_mae=0.45142716
[etth1_long_campaign_v1/all_methods_long120] [time_series][epoch 078] lambda=0.0000 g_scale=0.000 train_total=0.07307033 train_sup=0.07307033 train_imit=0.00000000 mean_w=0.0000 active=0.0000 s_dense=0.00 s_pos=0.0000 s_sel=0.0000 s_sel_pos=0.0000 s_hot_err=0.000000 s_bg_err=0.000000 s_gap=0.000000 conf_cos=0.0000 conf_proj=0.00 val_mse=0.38300718 val_mae=0.43098091
[etth1_long_campaign_v1/all_methods_long120] [time_series][epoch 079] lambda=0.0000 g_scale=0.000 train_total=0.07381292 train_sup=0.07381292 train_imit=0.00000000 mean_w=0.0000 active=0.0000 s_dense=0.00 s_pos=0.0000 s_sel=0.0000 s_sel_pos=0.0000 s_hot_err=0.000000 s_bg_err=0.000000 s_gap=0.000000 conf_cos=0.0000 conf_proj=0.00 val_mse=0.39060554 val_mae=0.43210970
[etth1_long_campaign_v1/all_methods_long120] [time_series][epoch 080] lambda=0.0000 g_scale=0.000 train_total=0.07288490 train_sup=0.07288490 train_imit=0.00000000 mean_w=0.0000 active=0.0000 s_dense=0.00 s_pos=0.0000 s_sel=0.0000 s_sel_pos=0.0000 s_hot_err=0.000000 s_bg_err=0.000000 s_gap=0.000000 conf_cos=0.0000 conf_proj=0.00 val_mse=0.39209381 val_mae=0.43723482
[etth1_long_campaign_v1/all_methods_long120] [time_series][epoch 080] updated live plot
[etth1_long_campaign_v1/all_methods_long120] [time_series][epoch 081] lambda=0.0000 g_scale=0.000 train_total=0.07278136 train_sup=0.07278136 train_imit=0.00000000 mean_w=0.0000 active=0.0000 s_dense=0.00 s_pos=0.0000 s_sel=0.0000 s_sel_pos=0.0000 s_hot_err=0.000000 s_bg_err=0.000000 s_gap=0.000000 conf_cos=0.0000 conf_proj=0.00 val_mse=0.39814586 val_mae=0.43928589
[etth1_long_campaign_v1/all_methods_long120] [time_series][epoch 082] lambda=0.0000 g_scale=0.000 train_total=0.07220356 train_sup=0.07220356 train_imit=0.00000000 mean_w=0.0000 active=0.0000 s_dense=0.00 s_pos=0.0000 s_sel=0.0000 s_sel_pos=0.0000 s_hot_err=0.000000 s_bg_err=0.000000 s_gap=0.000000 conf_cos=0.0000 conf_proj=0.00 val_mse=0.38854759 val_mae=0.43353419
[etth1_long_campaign_v1/all_methods_long120] [time_series][epoch 083] lambda=0.0000 g_scale=0.000 train_total=0.07203180 train_sup=0.07203180 train_imit=0.00000000 mean_w=0.0000 active=0.0000 s_dense=0.00 s_pos=0.0000 s_sel=0.0000 s_sel_pos=0.0000 s_hot_err=0.000000 s_bg_err=0.000000 s_gap=0.000000 conf_cos=0.0000 conf_proj=0.00 val_mse=0.39525912 val_mae=0.43444336
[etth1_long_campaign_v1/all_methods_long120] [time_series][epoch 084] lambda=0.0000 g_scale=0.000 train_total=0.07216294 train_sup=0.07216294 train_imit=0.00000000 mean_w=0.0000 active=0.0000 s_dense=0.00 s_pos=0.0000 s_sel=0.0000 s_sel_pos=0.0000 s_hot_err=0.000000 s_bg_err=0.000000 s_gap=0.000000 conf_cos=0.0000 conf_proj=0.00 val_mse=0.38764321 val_mae=0.43154911
[etth1_long_campaign_v1/all_methods_long120] [time_series][epoch 085] lambda=0.0000 g_scale=0.000 train_total=0.07174187 train_sup=0.07174187 train_imit=0.00000000 mean_w=0.0000 active=0.0000 s_dense=0.00 s_pos=0.0000 s_sel=0.0000 s_sel_pos=0.0000 s_hot_err=0.000000 s_bg_err=0.000000 s_gap=0.000000 conf_cos=0.0000 conf_proj=0.00 val_mse=0.40818739 val_mae=0.44960701
[etth1_long_campaign_v1/all_methods_long120] [time_series][epoch 086] lambda=0.0000 g_scale=0.000 train_total=0.07145298 train_sup=0.07145298 train_imit=0.00000000 mean_w=0.0000 active=0.0000 s_dense=0.00 s_pos=0.0000 s_sel=0.0000 s_sel_pos=0.0000 s_hot_err=0.000000 s_bg_err=0.000000 s_gap=0.000000 conf_cos=0.0000 conf_proj=0.00 val_mse=0.40519864 val_mae=0.44685786
[etth1_long_campaign_v1/all_methods_long120] [time_series][epoch 087] lambda=0.0000 g_scale=0.000 train_total=0.07136843 train_sup=0.07136843 train_imit=0.00000000 mean_w=0.0000 active=0.0000 s_dense=0.00 s_pos=0.0000 s_sel=0.0000 s_sel_pos=0.0000 s_hot_err=0.000000 s_bg_err=0.000000 s_gap=0.000000 conf_cos=0.0000 conf_proj=0.00 val_mse=0.39806750 val_mae=0.44207551
[etth1_long_campaign_v1/all_methods_long120] [time_series][epoch 088] lambda=0.0000 g_scale=0.000 train_total=0.07215877 train_sup=0.07215877 train_imit=0.00000000 mean_w=0.0000 active=0.0000 s_dense=0.00 s_pos=0.0000 s_sel=0.0000 s_sel_pos=0.0000 s_hot_err=0.000000 s_bg_err=0.000000 s_gap=0.000000 conf_cos=0.0000 conf_proj=0.00 val_mse=0.40907190 val_mae=0.44542758
[etth1_long_campaign_v1/all_methods_long120] [time_series][epoch 089] lambda=0.0000 g_scale=0.000 train_total=0.07093307 train_sup=0.07093307 train_imit=0.00000000 mean_w=0.0000 active=0.0000 s_dense=0.00 s_pos=0.0000 s_sel=0.0000 s_sel_pos=0.0000 s_hot_err=0.000000 s_bg_err=0.000000 s_gap=0.000000 conf_cos=0.0000 conf_proj=0.00 val_mse=0.42717700 val_mae=0.46349192
[etth1_long_campaign_v1/all_methods_long120] [time_series][epoch 090] lambda=0.0000 g_scale=0.000 train_total=0.07067246 train_sup=0.07067246 train_imit=0.00000000 mean_w=0.0000 active=0.0000 s_dense=0.00 s_pos=0.0000 s_sel=0.0000 s_sel_pos=0.0000 s_hot_err=0.000000 s_bg_err=0.000000 s_gap=0.000000 conf_cos=0.0000 conf_proj=0.00 val_mse=0.39487599 val_mae=0.44023513
[etth1_long_campaign_v1/all_methods_long120] [time_series][epoch 090] updated live plot
[etth1_long_campaign_v1/all_methods_long120] [time_series][epoch 091] lambda=0.0000 g_scale=0.000 train_total=0.07068779 train_sup=0.07068779 train_imit=0.00000000 mean_w=0.0000 active=0.0000 s_dense=0.00 s_pos=0.0000 s_sel=0.0000 s_sel_pos=0.0000 s_hot_err=0.000000 s_bg_err=0.000000 s_gap=0.000000 conf_cos=0.0000 conf_proj=0.00 val_mse=0.37525893 val_mae=0.42521560
[etth1_long_campaign_v1/all_methods_long120] [time_series][epoch 092] lambda=0.0000 g_scale=0.000 train_total=0.07070079 train_sup=0.07070079 train_imit=0.00000000 mean_w=0.0000 active=0.0000 s_dense=0.00 s_pos=0.0000 s_sel=0.0000 s_sel_pos=0.0000 s_hot_err=0.000000 s_bg_err=0.000000 s_gap=0.000000 conf_cos=0.0000 conf_proj=0.00 val_mse=0.40616813 val_mae=0.45409139
[etth1_long_campaign_v1/all_methods_long120] [time_series][epoch 093] lambda=0.0000 g_scale=0.000 train_total=0.06980308 train_sup=0.06980308 train_imit=0.00000000 mean_w=0.0000 active=0.0000 s_dense=0.00 s_pos=0.0000 s_sel=0.0000 s_sel_pos=0.0000 s_hot_err=0.000000 s_bg_err=0.000000 s_gap=0.000000 conf_cos=0.0000 conf_proj=0.00 val_mse=0.38429771 val_mae=0.43865240
[etth1_long_campaign_v1/all_methods_long120] [time_series][epoch 094] lambda=0.0000 g_scale=0.000 train_total=0.06973289 train_sup=0.06973289 train_imit=0.00000000 mean_w=0.0000 active=0.0000 s_dense=0.00 s_pos=0.0000 s_sel=0.0000 s_sel_pos=0.0000 s_hot_err=0.000000 s_bg_err=0.000000 s_gap=0.000000 conf_cos=0.0000 conf_proj=0.00 val_mse=0.39884223 val_mae=0.44086670
[etth1_long_campaign_v1/all_methods_long120] [time_series][epoch 095] lambda=0.0000 g_scale=0.000 train_total=0.06973830 train_sup=0.06973830 train_imit=0.00000000 mean_w=0.0000 active=0.0000 s_dense=0.00 s_pos=0.0000 s_sel=0.0000 s_sel_pos=0.0000 s_hot_err=0.000000 s_bg_err=0.000000 s_gap=0.000000 conf_cos=0.0000 conf_proj=0.00 val_mse=0.39622783 val_mae=0.44320863
[etth1_long_campaign_v1/all_methods_long120] [time_series][epoch 096] lambda=0.0000 g_scale=0.000 train_total=0.06912629 train_sup=0.06912629 train_imit=0.00000000 mean_w=0.0000 active=0.0000 s_dense=0.00 s_pos=0.0000 s_sel=0.0000 s_sel_pos=0.0000 s_hot_err=0.000000 s_bg_err=0.000000 s_gap=0.000000 conf_cos=0.0000 conf_proj=0.00 val_mse=0.38849509 val_mae=0.43196380
[etth1_long_campaign_v1/all_methods_long120] [time_series][epoch 097] lambda=0.0000 g_scale=0.000 train_total=0.06955954 train_sup=0.06955954 train_imit=0.00000000 mean_w=0.0000 active=0.0000 s_dense=0.00 s_pos=0.0000 s_sel=0.0000 s_sel_pos=0.0000 s_hot_err=0.000000 s_bg_err=0.000000 s_gap=0.000000 conf_cos=0.0000 conf_proj=0.00 val_mse=0.40219753 val_mae=0.44517551
[etth1_long_campaign_v1/all_methods_long120] [time_series][epoch 098] lambda=0.0000 g_scale=0.000 train_total=0.06947636 train_sup=0.06947636 train_imit=0.00000000 mean_w=0.0000 active=0.0000 s_dense=0.00 s_pos=0.0000 s_sel=0.0000 s_sel_pos=0.0000 s_hot_err=0.000000 s_bg_err=0.000000 s_gap=0.000000 conf_cos=0.0000 conf_proj=0.00 val_mse=0.41533151 val_mae=0.45469721
[etth1_long_campaign_v1/all_methods_long120] [time_series][epoch 099] lambda=0.0000 g_scale=0.000 train_total=0.06895811 train_sup=0.06895811 train_imit=0.00000000 mean_w=0.0000 active=0.0000 s_dense=0.00 s_pos=0.0000 s_sel=0.0000 s_sel_pos=0.0000 s_hot_err=0.000000 s_bg_err=0.000000 s_gap=0.000000 conf_cos=0.0000 conf_proj=0.00 val_mse=0.42738037 val_mae=0.46100754
[etth1_long_campaign_v1/all_methods_long120] [time_series][epoch 100] lambda=0.0000 g_scale=0.000 train_total=0.06902139 train_sup=0.06902139 train_imit=0.00000000 mean_w=0.0000 active=0.0000 s_dense=0.00 s_pos=0.0000 s_sel=0.0000 s_sel_pos=0.0000 s_hot_err=0.000000 s_bg_err=0.000000 s_gap=0.000000 conf_cos=0.0000 conf_proj=0.00 val_mse=0.38186657 val_mae=0.42928061
[etth1_long_campaign_v1/all_methods_long120] [time_series][epoch 100] updated live plot
[etth1_long_campaign_v1/all_methods_long120] [time_series][epoch 101] lambda=0.0000 g_scale=0.000 train_total=0.06845337 train_sup=0.06845337 train_imit=0.00000000 mean_w=0.0000 active=0.0000 s_dense=0.00 s_pos=0.0000 s_sel=0.0000 s_sel_pos=0.0000 s_hot_err=0.000000 s_bg_err=0.000000 s_gap=0.000000 conf_cos=0.0000 conf_proj=0.00 val_mse=0.39385721 val_mae=0.44029612
[etth1_long_campaign_v1/all_methods_long120] [time_series][epoch 102] lambda=0.0000 g_scale=0.000 train_total=0.06857128 train_sup=0.06857128 train_imit=0.00000000 mean_w=0.0000 active=0.0000 s_dense=0.00 s_pos=0.0000 s_sel=0.0000 s_sel_pos=0.0000 s_hot_err=0.000000 s_bg_err=0.000000 s_gap=0.000000 conf_cos=0.0000 conf_proj=0.00 val_mse=0.38984959 val_mae=0.43969030
[etth1_long_campaign_v1/all_methods_long120] [time_series][epoch 103] lambda=0.0000 g_scale=0.000 train_total=0.06841641 train_sup=0.06841641 train_imit=0.00000000 mean_w=0.0000 active=0.0000 s_dense=0.00 s_pos=0.0000 s_sel=0.0000 s_sel_pos=0.0000 s_hot_err=0.000000 s_bg_err=0.000000 s_gap=0.000000 conf_cos=0.0000 conf_proj=0.00 val_mse=0.37508559 val_mae=0.42730283
[etth1_long_campaign_v1/all_methods_long120] [time_series][epoch 104] lambda=0.0000 g_scale=0.000 train_total=0.06839360 train_sup=0.06839360 train_imit=0.00000000 mean_w=0.0000 active=0.0000 s_dense=0.00 s_pos=0.0000 s_sel=0.0000 s_sel_pos=0.0000 s_hot_err=0.000000 s_bg_err=0.000000 s_gap=0.000000 conf_cos=0.0000 conf_proj=0.00 val_mse=0.39077060 val_mae=0.43852872
[etth1_long_campaign_v1/all_methods_long120] [time_series][epoch 105] lambda=0.0000 g_scale=0.000 train_total=0.06813298 train_sup=0.06813298 train_imit=0.00000000 mean_w=0.0000 active=0.0000 s_dense=0.00 s_pos=0.0000 s_sel=0.0000 s_sel_pos=0.0000 s_hot_err=0.000000 s_bg_err=0.000000 s_gap=0.000000 conf_cos=0.0000 conf_proj=0.00 val_mse=0.37725809 val_mae=0.42994544
[etth1_long_campaign_v1/all_methods_long120] [time_series][epoch 106] lambda=0.0000 g_scale=0.000 train_total=0.06811542 train_sup=0.06811542 train_imit=0.00000000 mean_w=0.0000 active=0.0000 s_dense=0.00 s_pos=0.0000 s_sel=0.0000 s_sel_pos=0.0000 s_hot_err=0.000000 s_bg_err=0.000000 s_gap=0.000000 conf_cos=0.0000 conf_proj=0.00 val_mse=0.37545745 val_mae=0.42596971
[etth1_long_campaign_v1/all_methods_long120] [time_series][epoch 107] lambda=0.0000 g_scale=0.000 train_total=0.06803066 train_sup=0.06803066 train_imit=0.00000000 mean_w=0.0000 active=0.0000 s_dense=0.00 s_pos=0.0000 s_sel=0.0000 s_sel_pos=0.0000 s_hot_err=0.000000 s_bg_err=0.000000 s_gap=0.000000 conf_cos=0.0000 conf_proj=0.00 val_mse=0.39837268 val_mae=0.43688332
[etth1_long_campaign_v1/all_methods_long120] [time_series][epoch 108] lambda=0.0000 g_scale=0.000 train_total=0.06727127 train_sup=0.06727127 train_imit=0.00000000 mean_w=0.0000 active=0.0000 s_dense=0.00 s_pos=0.0000 s_sel=0.0000 s_sel_pos=0.0000 s_hot_err=0.000000 s_bg_err=0.000000 s_gap=0.000000 conf_cos=0.0000 conf_proj=0.00 val_mse=0.38840969 val_mae=0.43708351
[etth1_long_campaign_v1/all_methods_long120] [time_series][epoch 109] lambda=0.0000 g_scale=0.000 train_total=0.06765073 train_sup=0.06765073 train_imit=0.00000000 mean_w=0.0000 active=0.0000 s_dense=0.00 s_pos=0.0000 s_sel=0.0000 s_sel_pos=0.0000 s_hot_err=0.000000 s_bg_err=0.000000 s_gap=0.000000 conf_cos=0.0000 conf_proj=0.00 val_mse=0.39832832 val_mae=0.44249156
[etth1_long_campaign_v1/all_methods_long120] [time_series][epoch 110] lambda=0.0000 g_scale=0.000 train_total=0.06745229 train_sup=0.06745229 train_imit=0.00000000 mean_w=0.0000 active=0.0000 s_dense=0.00 s_pos=0.0000 s_sel=0.0000 s_sel_pos=0.0000 s_hot_err=0.000000 s_bg_err=0.000000 s_gap=0.000000 conf_cos=0.0000 conf_proj=0.00 val_mse=0.39899504 val_mae=0.44423186
[etth1_long_campaign_v1/all_methods_long120] [time_series][epoch 110] updated live plot
[etth1_long_campaign_v1/all_methods_long120] [time_series][epoch 111] lambda=0.0000 g_scale=0.000 train_total=0.06706454 train_sup=0.06706454 train_imit=0.00000000 mean_w=0.0000 active=0.0000 s_dense=0.00 s_pos=0.0000 s_sel=0.0000 s_sel_pos=0.0000 s_hot_err=0.000000 s_bg_err=0.000000 s_gap=0.000000 conf_cos=0.0000 conf_proj=0.00 val_mse=0.38697513 val_mae=0.43656143
[etth1_long_campaign_v1/all_methods_long120] [time_series][epoch 112] lambda=0.0000 g_scale=0.000 train_total=0.06685353 train_sup=0.06685353 train_imit=0.00000000 mean_w=0.0000 active=0.0000 s_dense=0.00 s_pos=0.0000 s_sel=0.0000 s_sel_pos=0.0000 s_hot_err=0.000000 s_bg_err=0.000000 s_gap=0.000000 conf_cos=0.0000 conf_proj=0.00 val_mse=0.38988253 val_mae=0.43641338
[etth1_long_campaign_v1/all_methods_long120] [time_series][epoch 113] lambda=0.0000 g_scale=0.000 train_total=0.06683443 train_sup=0.06683443 train_imit=0.00000000 mean_w=0.0000 active=0.0000 s_dense=0.00 s_pos=0.0000 s_sel=0.0000 s_sel_pos=0.0000 s_hot_err=0.000000 s_bg_err=0.000000 s_gap=0.000000 conf_cos=0.0000 conf_proj=0.00 val_mse=0.39416811 val_mae=0.43722892
[etth1_long_campaign_v1/all_methods_long120] [time_series][epoch 114] lambda=0.0000 g_scale=0.000 train_total=0.06669763 train_sup=0.06669763 train_imit=0.00000000 mean_w=0.0000 active=0.0000 s_dense=0.00 s_pos=0.0000 s_sel=0.0000 s_sel_pos=0.0000 s_hot_err=0.000000 s_bg_err=0.000000 s_gap=0.000000 conf_cos=0.0000 conf_proj=0.00 val_mse=0.39347901 val_mae=0.44203738
[etth1_long_campaign_v1/all_methods_long120] [time_series][epoch 115] lambda=0.0000 g_scale=0.000 train_total=0.06646475 train_sup=0.06646475 train_imit=0.00000000 mean_w=0.0000 active=0.0000 s_dense=0.00 s_pos=0.0000 s_sel=0.0000 s_sel_pos=0.0000 s_hot_err=0.000000 s_bg_err=0.000000 s_gap=0.000000 conf_cos=0.0000 conf_proj=0.00 val_mse=0.40220180 val_mae=0.45032736
[etth1_long_campaign_v1/all_methods_long120] [time_series][epoch 116] lambda=0.0000 g_scale=0.000 train_total=0.06685827 train_sup=0.06685827 train_imit=0.00000000 mean_w=0.0000 active=0.0000 s_dense=0.00 s_pos=0.0000 s_sel=0.0000 s_sel_pos=0.0000 s_hot_err=0.000000 s_bg_err=0.000000 s_gap=0.000000 conf_cos=0.0000 conf_proj=0.00 val_mse=0.39213529 val_mae=0.43743476
[etth1_long_campaign_v1/all_methods_long120] [time_series][epoch 117] lambda=0.0000 g_scale=0.000 train_total=0.06628527 train_sup=0.06628527 train_imit=0.00000000 mean_w=0.0000 active=0.0000 s_dense=0.00 s_pos=0.0000 s_sel=0.0000 s_sel_pos=0.0000 s_hot_err=0.000000 s_bg_err=0.000000 s_gap=0.000000 conf_cos=0.0000 conf_proj=0.00 val_mse=0.38796102 val_mae=0.43936529
[etth1_long_campaign_v1/all_methods_long120] [time_series][epoch 118] lambda=0.0000 g_scale=0.000 train_total=0.06617423 train_sup=0.06617423 train_imit=0.00000000 mean_w=0.0000 active=0.0000 s_dense=0.00 s_pos=0.0000 s_sel=0.0000 s_sel_pos=0.0000 s_hot_err=0.000000 s_bg_err=0.000000 s_gap=0.000000 conf_cos=0.0000 conf_proj=0.00 val_mse=0.39556114 val_mae=0.44017522
[etth1_long_campaign_v1/all_methods_long120] [time_series][epoch 119] lambda=0.0000 g_scale=0.000 train_total=0.06587618 train_sup=0.06587618 train_imit=0.00000000 mean_w=0.0000 active=0.0000 s_dense=0.00 s_pos=0.0000 s_sel=0.0000 s_sel_pos=0.0000 s_hot_err=0.000000 s_bg_err=0.000000 s_gap=0.000000 conf_cos=0.0000 conf_proj=0.00 val_mse=0.39937032 val_mae=0.44009848
[etth1_long_campaign_v1/all_methods_long120] [time_series][epoch 120] lambda=0.0000 g_scale=0.000 train_total=0.06596206 train_sup=0.06596206 train_imit=0.00000000 mean_w=0.0000 active=0.0000 s_dense=0.00 s_pos=0.0000 s_sel=0.0000 s_sel_pos=0.0000 s_hot_err=0.000000 s_bg_err=0.000000 s_gap=0.000000 conf_cos=0.0000 conf_proj=0.00 val_mse=0.36758429 val_mae=0.42068719
[etth1_long_campaign_v1/all_methods_long120] [time_series][epoch 120] updated live plot
[etth1_long_campaign_v1/all_methods_long120] [time_series] done
[etth1_long_campaign_v1/all_methods_long120] [time_series] dataset=etth1 model=transformer method=independent seed=10 pred_len=24
[etth1_long_campaign_v1/all_methods_long120] [time_series] run_dir=results/time_series_etth1_long_campaign_v1_worker1_gpu0_queue/all_methods_long120/time_series/etth1/transformer_independent_huber_seed10
[etth1_long_campaign_v1/all_methods_long120] [time_series] params=419240
[etth1_long_campaign_v1/all_methods_long120] [time_series][epoch 001] lambda=0.0000 g_scale=0.000 train_total=0.37242520 train_sup=0.37242520 train_imit=0.00000000 mean_w=0.0000 active=0.0000 s_dense=0.00 s_pos=0.0000 s_sel=0.0000 s_sel_pos=0.0000 s_hot_err=0.000000 s_bg_err=0.000000 s_gap=0.000000 conf_cos=0.0000 conf_proj=0.00 val_mse=0.33532871 val_mae=0.40767943
[etth1_long_campaign_v1/all_methods_long120] [time_series][epoch 002] lambda=0.0000 g_scale=0.000 train_total=0.25483094 train_sup=0.25483094 train_imit=0.00000000 mean_w=0.0000 active=0.0000 s_dense=0.00 s_pos=0.0000 s_sel=0.0000 s_sel_pos=0.0000 s_hot_err=0.000000 s_bg_err=0.000000 s_gap=0.000000 conf_cos=0.0000 conf_proj=0.00 val_mse=0.34726416 val_mae=0.41666062
[etth1_long_campaign_v1/all_methods_long120] [time_series][epoch 003] lambda=0.0000 g_scale=0.000 train_total=0.23580626 train_sup=0.23580626 train_imit=0.00000000 mean_w=0.0000 active=0.0000 s_dense=0.00 s_pos=0.0000 s_sel=0.0000 s_sel_pos=0.0000 s_hot_err=0.000000 s_bg_err=0.000000 s_gap=0.000000 conf_cos=0.0000 conf_proj=0.00 val_mse=0.34887632 val_mae=0.40540981
[etth1_long_campaign_v1/all_methods_long120] [time_series][epoch 004] lambda=0.0000 g_scale=0.000 train_total=0.21832430 train_sup=0.21832430 train_imit=0.00000000 mean_w=0.0000 active=0.0000 s_dense=0.00 s_pos=0.0000 s_sel=0.0000 s_sel_pos=0.0000 s_hot_err=0.000000 s_bg_err=0.000000 s_gap=0.000000 conf_cos=0.0000 conf_proj=0.00 val_mse=0.36566603 val_mae=0.41887481
[etth1_long_campaign_v1/all_methods_long120] [time_series][epoch 005] lambda=0.0000 g_scale=0.000 train_total=0.20466335 train_sup=0.20466335 train_imit=0.00000000 mean_w=0.0000 active=0.0000 s_dense=0.00 s_pos=0.0000 s_sel=0.0000 s_sel_pos=0.0000 s_hot_err=0.000000 s_bg_err=0.000000 s_gap=0.000000 conf_cos=0.0000 conf_proj=0.00 val_mse=0.35628021 val_mae=0.41668637
[etth1_long_campaign_v1/all_methods_long120] [time_series][epoch 006] lambda=0.0000 g_scale=0.000 train_total=0.19272423 train_sup=0.19272423 train_imit=0.00000000 mean_w=0.0000 active=0.0000 s_dense=0.00 s_pos=0.0000 s_sel=0.0000 s_sel_pos=0.0000 s_hot_err=0.000000 s_bg_err=0.000000 s_gap=0.000000 conf_cos=0.0000 conf_proj=0.00 val_mse=0.35829254 val_mae=0.41676273
[etth1_long_campaign_v1/all_methods_long120] [time_series][epoch 007] lambda=0.0000 g_scale=0.000 train_total=0.18011584 train_sup=0.18011584 train_imit=0.00000000 mean_w=0.0000 active=0.0000 s_dense=0.00 s_pos=0.0000 s_sel=0.0000 s_sel_pos=0.0000 s_hot_err=0.000000 s_bg_err=0.000000 s_gap=0.000000 conf_cos=0.0000 conf_proj=0.00 val_mse=0.32951516 val_mae=0.39376568
[etth1_long_campaign_v1/all_methods_long120] [time_series][epoch 008] lambda=0.0000 g_scale=0.000 train_total=0.17017695 train_sup=0.17017695 train_imit=0.00000000 mean_w=0.0000 active=0.0000 s_dense=0.00 s_pos=0.0000 s_sel=0.0000 s_sel_pos=0.0000 s_hot_err=0.000000 s_bg_err=0.000000 s_gap=0.000000 conf_cos=0.0000 conf_proj=0.00 val_mse=0.33421985 val_mae=0.39915379
[etth1_long_campaign_v1/all_methods_long120] [time_series][epoch 009] lambda=0.0000 g_scale=0.000 train_total=0.15940906 train_sup=0.15940906 train_imit=0.00000000 mean_w=0.0000 active=0.0000 s_dense=0.00 s_pos=0.0000 s_sel=0.0000 s_sel_pos=0.0000 s_hot_err=0.000000 s_bg_err=0.000000 s_gap=0.000000 conf_cos=0.0000 conf_proj=0.00 val_mse=0.37888246 val_mae=0.42323485
[etth1_long_campaign_v1/all_methods_long120] [time_series][epoch 010] lambda=0.0000 g_scale=0.000 train_total=0.15155651 train_sup=0.15155651 train_imit=0.00000000 mean_w=0.0000 active=0.0000 s_dense=0.00 s_pos=0.0000 s_sel=0.0000 s_sel_pos=0.0000 s_hot_err=0.000000 s_bg_err=0.000000 s_gap=0.000000 conf_cos=0.0000 conf_proj=0.00 val_mse=0.36055713 val_mae=0.42125723
[etth1_long_campaign_v1/all_methods_long120] [time_series][epoch 010] updated live plot
[etth1_long_campaign_v1/all_methods_long120] [time_series][epoch 011] lambda=0.0000 g_scale=0.000 train_total=0.14390506 train_sup=0.14390506 train_imit=0.00000000 mean_w=0.0000 active=0.0000 s_dense=0.00 s_pos=0.0000 s_sel=0.0000 s_sel_pos=0.0000 s_hot_err=0.000000 s_bg_err=0.000000 s_gap=0.000000 conf_cos=0.0000 conf_proj=0.00 val_mse=0.37485663 val_mae=0.42730911
[etth1_long_campaign_v1/all_methods_long120] [time_series][epoch 012] lambda=0.0000 g_scale=0.000 train_total=0.13778482 train_sup=0.13778482 train_imit=0.00000000 mean_w=0.0000 active=0.0000 s_dense=0.00 s_pos=0.0000 s_sel=0.0000 s_sel_pos=0.0000 s_hot_err=0.000000 s_bg_err=0.000000 s_gap=0.000000 conf_cos=0.0000 conf_proj=0.00 val_mse=0.35083314 val_mae=0.41115192
[etth1_long_campaign_v1/all_methods_long120] [time_series][epoch 013] lambda=0.0000 g_scale=0.000 train_total=0.13430132 train_sup=0.13430132 train_imit=0.00000000 mean_w=0.0000 active=0.0000 s_dense=0.00 s_pos=0.0000 s_sel=0.0000 s_sel_pos=0.0000 s_hot_err=0.000000 s_bg_err=0.000000 s_gap=0.000000 conf_cos=0.0000 conf_proj=0.00 val_mse=0.37545772 val_mae=0.42388120
[etth1_long_campaign_v1/all_methods_long120] [time_series][epoch 014] lambda=0.0000 g_scale=0.000 train_total=0.12720609 train_sup=0.12720609 train_imit=0.00000000 mean_w=0.0000 active=0.0000 s_dense=0.00 s_pos=0.0000 s_sel=0.0000 s_sel_pos=0.0000 s_hot_err=0.000000 s_bg_err=0.000000 s_gap=0.000000 conf_cos=0.0000 conf_proj=0.00 val_mse=0.34950942 val_mae=0.40975377
[etth1_long_campaign_v1/all_methods_long120] [time_series][epoch 015] lambda=0.0000 g_scale=0.000 train_total=0.12356999 train_sup=0.12356999 train_imit=0.00000000 mean_w=0.0000 active=0.0000 s_dense=0.00 s_pos=0.0000 s_sel=0.0000 s_sel_pos=0.0000 s_hot_err=0.000000 s_bg_err=0.000000 s_gap=0.000000 conf_cos=0.0000 conf_proj=0.00 val_mse=0.34482511 val_mae=0.40213359
[etth1_long_campaign_v1/all_methods_long120] [time_series][epoch 016] lambda=0.0000 g_scale=0.000 train_total=0.11851506 train_sup=0.11851506 train_imit=0.00000000 mean_w=0.0000 active=0.0000 s_dense=0.00 s_pos=0.0000 s_sel=0.0000 s_sel_pos=0.0000 s_hot_err=0.000000 s_bg_err=0.000000 s_gap=0.000000 conf_cos=0.0000 conf_proj=0.00 val_mse=0.36276472 val_mae=0.41794430
[etth1_long_campaign_v1/all_methods_long120] [time_series][epoch 017] lambda=0.0000 g_scale=0.000 train_total=0.11589531 train_sup=0.11589531 train_imit=0.00000000 mean_w=0.0000 active=0.0000 s_dense=0.00 s_pos=0.0000 s_sel=0.0000 s_sel_pos=0.0000 s_hot_err=0.000000 s_bg_err=0.000000 s_gap=0.000000 conf_cos=0.0000 conf_proj=0.00 val_mse=0.37863931 val_mae=0.42947027
[etth1_long_campaign_v1/all_methods_long120] [time_series][epoch 018] lambda=0.0000 g_scale=0.000 train_total=0.11333068 train_sup=0.11333068 train_imit=0.00000000 mean_w=0.0000 active=0.0000 s_dense=0.00 s_pos=0.0000 s_sel=0.0000 s_sel_pos=0.0000 s_hot_err=0.000000 s_bg_err=0.000000 s_gap=0.000000 conf_cos=0.0000 conf_proj=0.00 val_mse=0.36934140 val_mae=0.41981217
[etth1_long_campaign_v1/all_methods_long120] [time_series][epoch 019] lambda=0.0000 g_scale=0.000 train_total=0.10963266 train_sup=0.10963266 train_imit=0.00000000 mean_w=0.0000 active=0.0000 s_dense=0.00 s_pos=0.0000 s_sel=0.0000 s_sel_pos=0.0000 s_hot_err=0.000000 s_bg_err=0.000000 s_gap=0.000000 conf_cos=0.0000 conf_proj=0.00 val_mse=0.36954817 val_mae=0.41904586
[etth1_long_campaign_v1/all_methods_long120] [time_series][epoch 020] lambda=0.0000 g_scale=0.000 train_total=0.10730555 train_sup=0.10730555 train_imit=0.00000000 mean_w=0.0000 active=0.0000 s_dense=0.00 s_pos=0.0000 s_sel=0.0000 s_sel_pos=0.0000 s_hot_err=0.000000 s_bg_err=0.000000 s_gap=0.000000 conf_cos=0.0000 conf_proj=0.00 val_mse=0.37086575 val_mae=0.42360748
[etth1_long_campaign_v1/all_methods_long120] [time_series][epoch 020] updated live plot
[etth1_long_campaign_v1/all_methods_long120] [time_series][epoch 021] lambda=0.0000 g_scale=0.000 train_total=0.10599214 train_sup=0.10599214 train_imit=0.00000000 mean_w=0.0000 active=0.0000 s_dense=0.00 s_pos=0.0000 s_sel=0.0000 s_sel_pos=0.0000 s_hot_err=0.000000 s_bg_err=0.000000 s_gap=0.000000 conf_cos=0.0000 conf_proj=0.00 val_mse=0.35766335 val_mae=0.41434473
[etth1_long_campaign_v1/all_methods_long120] [time_series][epoch 022] lambda=0.0000 g_scale=0.000 train_total=0.10436759 train_sup=0.10436759 train_imit=0.00000000 mean_w=0.0000 active=0.0000 s_dense=0.00 s_pos=0.0000 s_sel=0.0000 s_sel_pos=0.0000 s_hot_err=0.000000 s_bg_err=0.000000 s_gap=0.000000 conf_cos=0.0000 conf_proj=0.00 val_mse=0.36861779 val_mae=0.41950723
[etth1_long_campaign_v1/all_methods_long120] [time_series][epoch 023] lambda=0.0000 g_scale=0.000 train_total=0.10305291 train_sup=0.10305291 train_imit=0.00000000 mean_w=0.0000 active=0.0000 s_dense=0.00 s_pos=0.0000 s_sel=0.0000 s_sel_pos=0.0000 s_hot_err=0.000000 s_bg_err=0.000000 s_gap=0.000000 conf_cos=0.0000 conf_proj=0.00 val_mse=0.38347888 val_mae=0.43074571
[etth1_long_campaign_v1/all_methods_long120] [time_series][epoch 024] lambda=0.0000 g_scale=0.000 train_total=0.10065200 train_sup=0.10065200 train_imit=0.00000000 mean_w=0.0000 active=0.0000 s_dense=0.00 s_pos=0.0000 s_sel=0.0000 s_sel_pos=0.0000 s_hot_err=0.000000 s_bg_err=0.000000 s_gap=0.000000 conf_cos=0.0000 conf_proj=0.00 val_mse=0.35526236 val_mae=0.41657838
[etth1_long_campaign_v1/all_methods_long120] [time_series][epoch 025] lambda=0.0000 g_scale=0.000 train_total=0.09847942 train_sup=0.09847942 train_imit=0.00000000 mean_w=0.0000 active=0.0000 s_dense=0.00 s_pos=0.0000 s_sel=0.0000 s_sel_pos=0.0000 s_hot_err=0.000000 s_bg_err=0.000000 s_gap=0.000000 conf_cos=0.0000 conf_proj=0.00 val_mse=0.36589162 val_mae=0.41995805
[etth1_long_campaign_v1/all_methods_long120] [time_series][epoch 026] lambda=0.0000 g_scale=0.000 train_total=0.09815061 train_sup=0.09815061 train_imit=0.00000000 mean_w=0.0000 active=0.0000 s_dense=0.00 s_pos=0.0000 s_sel=0.0000 s_sel_pos=0.0000 s_hot_err=0.000000 s_bg_err=0.000000 s_gap=0.000000 conf_cos=0.0000 conf_proj=0.00 val_mse=0.36562473 val_mae=0.41853521
[etth1_long_campaign_v1/all_methods_long120] [time_series][epoch 027] lambda=0.0000 g_scale=0.000 train_total=0.09574471 train_sup=0.09574471 train_imit=0.00000000 mean_w=0.0000 active=0.0000 s_dense=0.00 s_pos=0.0000 s_sel=0.0000 s_sel_pos=0.0000 s_hot_err=0.000000 s_bg_err=0.000000 s_gap=0.000000 conf_cos=0.0000 conf_proj=0.00 val_mse=0.36195035 val_mae=0.41530606
[etth1_long_campaign_v1/all_methods_long120] [time_series][epoch 028] lambda=0.0000 g_scale=0.000 train_total=0.09655715 train_sup=0.09655715 train_imit=0.00000000 mean_w=0.0000 active=0.0000 s_dense=0.00 s_pos=0.0000 s_sel=0.0000 s_sel_pos=0.0000 s_hot_err=0.000000 s_bg_err=0.000000 s_gap=0.000000 conf_cos=0.0000 conf_proj=0.00 val_mse=0.34942383 val_mae=0.41675210
[etth1_long_campaign_v1/all_methods_long120] [time_series][epoch 029] lambda=0.0000 g_scale=0.000 train_total=0.09433887 train_sup=0.09433887 train_imit=0.00000000 mean_w=0.0000 active=0.0000 s_dense=0.00 s_pos=0.0000 s_sel=0.0000 s_sel_pos=0.0000 s_hot_err=0.000000 s_bg_err=0.000000 s_gap=0.000000 conf_cos=0.0000 conf_proj=0.00 val_mse=0.36695016 val_mae=0.42885179
[etth1_long_campaign_v1/all_methods_long120] [time_series][epoch 030] lambda=0.0000 g_scale=0.000 train_total=0.09353430 train_sup=0.09353430 train_imit=0.00000000 mean_w=0.0000 active=0.0000 s_dense=0.00 s_pos=0.0000 s_sel=0.0000 s_sel_pos=0.0000 s_hot_err=0.000000 s_bg_err=0.000000 s_gap=0.000000 conf_cos=0.0000 conf_proj=0.00 val_mse=0.36059343 val_mae=0.41712534
[etth1_long_campaign_v1/all_methods_long120] [time_series][epoch 030] updated live plot
[etth1_long_campaign_v1/all_methods_long120] [time_series][epoch 031] lambda=0.0000 g_scale=0.000 train_total=0.09223121 train_sup=0.09223121 train_imit=0.00000000 mean_w=0.0000 active=0.0000 s_dense=0.00 s_pos=0.0000 s_sel=0.0000 s_sel_pos=0.0000 s_hot_err=0.000000 s_bg_err=0.000000 s_gap=0.000000 conf_cos=0.0000 conf_proj=0.00 val_mse=0.36504653 val_mae=0.41967627
[etth1_long_campaign_v1/all_methods_long120] [time_series][epoch 032] lambda=0.0000 g_scale=0.000 train_total=0.09165082 train_sup=0.09165082 train_imit=0.00000000 mean_w=0.0000 active=0.0000 s_dense=0.00 s_pos=0.0000 s_sel=0.0000 s_sel_pos=0.0000 s_hot_err=0.000000 s_bg_err=0.000000 s_gap=0.000000 conf_cos=0.0000 conf_proj=0.00 val_mse=0.37391742 val_mae=0.42682487
[etth1_long_campaign_v1/all_methods_long120] [time_series][epoch 033] lambda=0.0000 g_scale=0.000 train_total=0.09073146 train_sup=0.09073146 train_imit=0.00000000 mean_w=0.0000 active=0.0000 s_dense=0.00 s_pos=0.0000 s_sel=0.0000 s_sel_pos=0.0000 s_hot_err=0.000000 s_bg_err=0.000000 s_gap=0.000000 conf_cos=0.0000 conf_proj=0.00 val_mse=0.37758921 val_mae=0.42564695
[etth1_long_campaign_v1/all_methods_long120] [time_series][epoch 034] lambda=0.0000 g_scale=0.000 train_total=0.08972990 train_sup=0.08972990 train_imit=0.00000000 mean_w=0.0000 active=0.0000 s_dense=0.00 s_pos=0.0000 s_sel=0.0000 s_sel_pos=0.0000 s_hot_err=0.000000 s_bg_err=0.000000 s_gap=0.000000 conf_cos=0.0000 conf_proj=0.00 val_mse=0.37224906 val_mae=0.42861445
[etth1_long_campaign_v1/all_methods_long120] [time_series][epoch 035] lambda=0.0000 g_scale=0.000 train_total=0.08910471 train_sup=0.08910471 train_imit=0.00000000 mean_w=0.0000 active=0.0000 s_dense=0.00 s_pos=0.0000 s_sel=0.0000 s_sel_pos=0.0000 s_hot_err=0.000000 s_bg_err=0.000000 s_gap=0.000000 conf_cos=0.0000 conf_proj=0.00 val_mse=0.39052881 val_mae=0.43886256
[etth1_long_campaign_v1/all_methods_long120] [time_series][epoch 036] lambda=0.0000 g_scale=0.000 train_total=0.08875218 train_sup=0.08875218 train_imit=0.00000000 mean_w=0.0000 active=0.0000 s_dense=0.00 s_pos=0.0000 s_sel=0.0000 s_sel_pos=0.0000 s_hot_err=0.000000 s_bg_err=0.000000 s_gap=0.000000 conf_cos=0.0000 conf_proj=0.00 val_mse=0.39655076 val_mae=0.44717019
[etth1_long_campaign_v1/all_methods_long120] [time_series][epoch 037] lambda=0.0000 g_scale=0.000 train_total=0.08759932 train_sup=0.08759932 train_imit=0.00000000 mean_w=0.0000 active=0.0000 s_dense=0.00 s_pos=0.0000 s_sel=0.0000 s_sel_pos=0.0000 s_hot_err=0.000000 s_bg_err=0.000000 s_gap=0.000000 conf_cos=0.0000 conf_proj=0.00 val_mse=0.37706157 val_mae=0.43632075
[etth1_long_campaign_v1/all_methods_long120] [time_series][epoch 038] lambda=0.0000 g_scale=0.000 train_total=0.08662936 train_sup=0.08662936 train_imit=0.00000000 mean_w=0.0000 active=0.0000 s_dense=0.00 s_pos=0.0000 s_sel=0.0000 s_sel_pos=0.0000 s_hot_err=0.000000 s_bg_err=0.000000 s_gap=0.000000 conf_cos=0.0000 conf_proj=0.00 val_mse=0.38348200 val_mae=0.43371153
[etth1_long_campaign_v1/all_methods_long120] [time_series][epoch 039] lambda=0.0000 g_scale=0.000 train_total=0.08597238 train_sup=0.08597238 train_imit=0.00000000 mean_w=0.0000 active=0.0000 s_dense=0.00 s_pos=0.0000 s_sel=0.0000 s_sel_pos=0.0000 s_hot_err=0.000000 s_bg_err=0.000000 s_gap=0.000000 conf_cos=0.0000 conf_proj=0.00 val_mse=0.37712576 val_mae=0.43212560
[etth1_long_campaign_v1/all_methods_long120] [time_series][epoch 040] lambda=0.0000 g_scale=0.000 train_total=0.08573829 train_sup=0.08573829 train_imit=0.00000000 mean_w=0.0000 active=0.0000 s_dense=0.00 s_pos=0.0000 s_sel=0.0000 s_sel_pos=0.0000 s_hot_err=0.000000 s_bg_err=0.000000 s_gap=0.000000 conf_cos=0.0000 conf_proj=0.00 val_mse=0.38251369 val_mae=0.43276222
[etth1_long_campaign_v1/all_methods_long120] [time_series][epoch 040] updated live plot
[etth1_long_campaign_v1/all_methods_long120] [time_series][epoch 041] lambda=0.0000 g_scale=0.000 train_total=0.08451256 train_sup=0.08451256 train_imit=0.00000000 mean_w=0.0000 active=0.0000 s_dense=0.00 s_pos=0.0000 s_sel=0.0000 s_sel_pos=0.0000 s_hot_err=0.000000 s_bg_err=0.000000 s_gap=0.000000 conf_cos=0.0000 conf_proj=0.00 val_mse=0.39100824 val_mae=0.44286186
[etth1_long_campaign_v1/all_methods_long120] [time_series][epoch 042] lambda=0.0000 g_scale=0.000 train_total=0.08452800 train_sup=0.08452800 train_imit=0.00000000 mean_w=0.0000 active=0.0000 s_dense=0.00 s_pos=0.0000 s_sel=0.0000 s_sel_pos=0.0000 s_hot_err=0.000000 s_bg_err=0.000000 s_gap=0.000000 conf_cos=0.0000 conf_proj=0.00 val_mse=0.39235536 val_mae=0.44577719
[etth1_long_campaign_v1/all_methods_long120] [time_series][epoch 043] lambda=0.0000 g_scale=0.000 train_total=0.08415968 train_sup=0.08415968 train_imit=0.00000000 mean_w=0.0000 active=0.0000 s_dense=0.00 s_pos=0.0000 s_sel=0.0000 s_sel_pos=0.0000 s_hot_err=0.000000 s_bg_err=0.000000 s_gap=0.000000 conf_cos=0.0000 conf_proj=0.00 val_mse=0.39716263 val_mae=0.44749230
[etth1_long_campaign_v1/all_methods_long120] [time_series][epoch 044] lambda=0.0000 g_scale=0.000 train_total=0.08648026 train_sup=0.08648026 train_imit=0.00000000 mean_w=0.0000 active=0.0000 s_dense=0.00 s_pos=0.0000 s_sel=0.0000 s_sel_pos=0.0000 s_hot_err=0.000000 s_bg_err=0.000000 s_gap=0.000000 conf_cos=0.0000 conf_proj=0.00 val_mse=0.39779193 val_mae=0.44905006
[etth1_long_campaign_v1/all_methods_long120] [time_series][epoch 045] lambda=0.0000 g_scale=0.000 train_total=0.08311795 train_sup=0.08311795 train_imit=0.00000000 mean_w=0.0000 active=0.0000 s_dense=0.00 s_pos=0.0000 s_sel=0.0000 s_sel_pos=0.0000 s_hot_err=0.000000 s_bg_err=0.000000 s_gap=0.000000 conf_cos=0.0000 conf_proj=0.00 val_mse=0.39189885 val_mae=0.44098250
[etth1_long_campaign_v1/all_methods_long120] [time_series][epoch 046] lambda=0.0000 g_scale=0.000 train_total=0.08217501 train_sup=0.08217501 train_imit=0.00000000 mean_w=0.0000 active=0.0000 s_dense=0.00 s_pos=0.0000 s_sel=0.0000 s_sel_pos=0.0000 s_hot_err=0.000000 s_bg_err=0.000000 s_gap=0.000000 conf_cos=0.0000 conf_proj=0.00 val_mse=0.39419091 val_mae=0.44311259
[etth1_long_campaign_v1/all_methods_long120] [time_series][epoch 047] lambda=0.0000 g_scale=0.000 train_total=0.08185659 train_sup=0.08185659 train_imit=0.00000000 mean_w=0.0000 active=0.0000 s_dense=0.00 s_pos=0.0000 s_sel=0.0000 s_sel_pos=0.0000 s_hot_err=0.000000 s_bg_err=0.000000 s_gap=0.000000 conf_cos=0.0000 conf_proj=0.00 val_mse=0.36741330 val_mae=0.42167462
[etth1_long_campaign_v1/all_methods_long120] [time_series][epoch 048] lambda=0.0000 g_scale=0.000 train_total=0.08105723 train_sup=0.08105723 train_imit=0.00000000 mean_w=0.0000 active=0.0000 s_dense=0.00 s_pos=0.0000 s_sel=0.0000 s_sel_pos=0.0000 s_hot_err=0.000000 s_bg_err=0.000000 s_gap=0.000000 conf_cos=0.0000 conf_proj=0.00 val_mse=0.39988454 val_mae=0.44559720
[etth1_long_campaign_v1/all_methods_long120] [time_series][epoch 049] lambda=0.0000 g_scale=0.000 train_total=0.08058661 train_sup=0.08058661 train_imit=0.00000000 mean_w=0.0000 active=0.0000 s_dense=0.00 s_pos=0.0000 s_sel=0.0000 s_sel_pos=0.0000 s_hot_err=0.000000 s_bg_err=0.000000 s_gap=0.000000 conf_cos=0.0000 conf_proj=0.00 val_mse=0.41622414 val_mae=0.45612132
[etth1_long_campaign_v1/all_methods_long120] [time_series][epoch 050] lambda=0.0000 g_scale=0.000 train_total=0.08052627 train_sup=0.08052627 train_imit=0.00000000 mean_w=0.0000 active=0.0000 s_dense=0.00 s_pos=0.0000 s_sel=0.0000 s_sel_pos=0.0000 s_hot_err=0.000000 s_bg_err=0.000000 s_gap=0.000000 conf_cos=0.0000 conf_proj=0.00 val_mse=0.40558589 val_mae=0.44891224
[etth1_long_campaign_v1/all_methods_long120] [time_series][epoch 050] updated live plot
[etth1_long_campaign_v1/all_methods_long120] [time_series][epoch 051] lambda=0.0000 g_scale=0.000 train_total=0.07962871 train_sup=0.07962871 train_imit=0.00000000 mean_w=0.0000 active=0.0000 s_dense=0.00 s_pos=0.0000 s_sel=0.0000 s_sel_pos=0.0000 s_hot_err=0.000000 s_bg_err=0.000000 s_gap=0.000000 conf_cos=0.0000 conf_proj=0.00 val_mse=0.39547532 val_mae=0.44138337
[etth1_long_campaign_v1/all_methods_long120] [time_series][epoch 052] lambda=0.0000 g_scale=0.000 train_total=0.07997743 train_sup=0.07997743 train_imit=0.00000000 mean_w=0.0000 active=0.0000 s_dense=0.00 s_pos=0.0000 s_sel=0.0000 s_sel_pos=0.0000 s_hot_err=0.000000 s_bg_err=0.000000 s_gap=0.000000 conf_cos=0.0000 conf_proj=0.00 val_mse=0.37421976 val_mae=0.43517740
[etth1_long_campaign_v1/all_methods_long120] [time_series][epoch 053] lambda=0.0000 g_scale=0.000 train_total=0.07945849 train_sup=0.07945849 train_imit=0.00000000 mean_w=0.0000 active=0.0000 s_dense=0.00 s_pos=0.0000 s_sel=0.0000 s_sel_pos=0.0000 s_hot_err=0.000000 s_bg_err=0.000000 s_gap=0.000000 conf_cos=0.0000 conf_proj=0.00 val_mse=0.38108871 val_mae=0.42804970
[etth1_long_campaign_v1/all_methods_long120] [time_series][epoch 054] lambda=0.0000 g_scale=0.000 train_total=0.07937358 train_sup=0.07937358 train_imit=0.00000000 mean_w=0.0000 active=0.0000 s_dense=0.00 s_pos=0.0000 s_sel=0.0000 s_sel_pos=0.0000 s_hot_err=0.000000 s_bg_err=0.000000 s_gap=0.000000 conf_cos=0.0000 conf_proj=0.00 val_mse=0.37948612 val_mae=0.43203786
[etth1_long_campaign_v1/all_methods_long120] [time_series][epoch 055] lambda=0.0000 g_scale=0.000 train_total=0.07863051 train_sup=0.07863051 train_imit=0.00000000 mean_w=0.0000 active=0.0000 s_dense=0.00 s_pos=0.0000 s_sel=0.0000 s_sel_pos=0.0000 s_hot_err=0.000000 s_bg_err=0.000000 s_gap=0.000000 conf_cos=0.0000 conf_proj=0.00 val_mse=0.38619522 val_mae=0.43815588
[etth1_long_campaign_v1/all_methods_long120] [time_series][epoch 056] lambda=0.0000 g_scale=0.000 train_total=0.07855924 train_sup=0.07855924 train_imit=0.00000000 mean_w=0.0000 active=0.0000 s_dense=0.00 s_pos=0.0000 s_sel=0.0000 s_sel_pos=0.0000 s_hot_err=0.000000 s_bg_err=0.000000 s_gap=0.000000 conf_cos=0.0000 conf_proj=0.00 val_mse=0.38532219 val_mae=0.44388320
[etth1_long_campaign_v1/all_methods_long120] [time_series][epoch 057] lambda=0.0000 g_scale=0.000 train_total=0.07873193 train_sup=0.07873193 train_imit=0.00000000 mean_w=0.0000 active=0.0000 s_dense=0.00 s_pos=0.0000 s_sel=0.0000 s_sel_pos=0.0000 s_hot_err=0.000000 s_bg_err=0.000000 s_gap=0.000000 conf_cos=0.0000 conf_proj=0.00 val_mse=0.41146135 val_mae=0.45461607
[etth1_long_campaign_v1/all_methods_long120] [time_series][epoch 058] lambda=0.0000 g_scale=0.000 train_total=0.07731219 train_sup=0.07731219 train_imit=0.00000000 mean_w=0.0000 active=0.0000 s_dense=0.00 s_pos=0.0000 s_sel=0.0000 s_sel_pos=0.0000 s_hot_err=0.000000 s_bg_err=0.000000 s_gap=0.000000 conf_cos=0.0000 conf_proj=0.00 val_mse=0.40205513 val_mae=0.44772489
[etth1_long_campaign_v1/all_methods_long120] [time_series][epoch 059] lambda=0.0000 g_scale=0.000 train_total=0.07672404 train_sup=0.07672404 train_imit=0.00000000 mean_w=0.0000 active=0.0000 s_dense=0.00 s_pos=0.0000 s_sel=0.0000 s_sel_pos=0.0000 s_hot_err=0.000000 s_bg_err=0.000000 s_gap=0.000000 conf_cos=0.0000 conf_proj=0.00 val_mse=0.39505089 val_mae=0.44898215
[etth1_long_campaign_v1/all_methods_long120] [time_series][epoch 060] lambda=0.0000 g_scale=0.000 train_total=0.07682227 train_sup=0.07682227 train_imit=0.00000000 mean_w=0.0000 active=0.0000 s_dense=0.00 s_pos=0.0000 s_sel=0.0000 s_sel_pos=0.0000 s_hot_err=0.000000 s_bg_err=0.000000 s_gap=0.000000 conf_cos=0.0000 conf_proj=0.00 val_mse=0.40542342 val_mae=0.45610877
[etth1_long_campaign_v1/all_methods_long120] [time_series][epoch 060] updated live plot
[etth1_long_campaign_v1/all_methods_long120] [time_series][epoch 061] lambda=0.0000 g_scale=0.000 train_total=0.07654641 train_sup=0.07654641 train_imit=0.00000000 mean_w=0.0000 active=0.0000 s_dense=0.00 s_pos=0.0000 s_sel=0.0000 s_sel_pos=0.0000 s_hot_err=0.000000 s_bg_err=0.000000 s_gap=0.000000 conf_cos=0.0000 conf_proj=0.00 val_mse=0.39291939 val_mae=0.44572715
[etth1_long_campaign_v1/all_methods_long120] [time_series][epoch 062] lambda=0.0000 g_scale=0.000 train_total=0.07672381 train_sup=0.07672381 train_imit=0.00000000 mean_w=0.0000 active=0.0000 s_dense=0.00 s_pos=0.0000 s_sel=0.0000 s_sel_pos=0.0000 s_hot_err=0.000000 s_bg_err=0.000000 s_gap=0.000000 conf_cos=0.0000 conf_proj=0.00 val_mse=0.39256411 val_mae=0.44685048
[etth1_long_campaign_v1/all_methods_long120] [time_series][epoch 063] lambda=0.0000 g_scale=0.000 train_total=0.07600293 train_sup=0.07600293 train_imit=0.00000000 mean_w=0.0000 active=0.0000 s_dense=0.00 s_pos=0.0000 s_sel=0.0000 s_sel_pos=0.0000 s_hot_err=0.000000 s_bg_err=0.000000 s_gap=0.000000 conf_cos=0.0000 conf_proj=0.00 val_mse=0.38440064 val_mae=0.43959250
[etth1_long_campaign_v1/all_methods_long120] [time_series][epoch 064] lambda=0.0000 g_scale=0.000 train_total=0.07547665 train_sup=0.07547665 train_imit=0.00000000 mean_w=0.0000 active=0.0000 s_dense=0.00 s_pos=0.0000 s_sel=0.0000 s_sel_pos=0.0000 s_hot_err=0.000000 s_bg_err=0.000000 s_gap=0.000000 conf_cos=0.0000 conf_proj=0.00 val_mse=0.40719664 val_mae=0.45326943
[etth1_long_campaign_v1/all_methods_long120] [time_series][epoch 065] lambda=0.0000 g_scale=0.000 train_total=0.07544405 train_sup=0.07544405 train_imit=0.00000000 mean_w=0.0000 active=0.0000 s_dense=0.00 s_pos=0.0000 s_sel=0.0000 s_sel_pos=0.0000 s_hot_err=0.000000 s_bg_err=0.000000 s_gap=0.000000 conf_cos=0.0000 conf_proj=0.00 val_mse=0.40099469 val_mae=0.45011739
[etth1_long_campaign_v1/all_methods_long120] [time_series][epoch 066] lambda=0.0000 g_scale=0.000 train_total=0.07505205 train_sup=0.07505205 train_imit=0.00000000 mean_w=0.0000 active=0.0000 s_dense=0.00 s_pos=0.0000 s_sel=0.0000 s_sel_pos=0.0000 s_hot_err=0.000000 s_bg_err=0.000000 s_gap=0.000000 conf_cos=0.0000 conf_proj=0.00 val_mse=0.41018255 val_mae=0.45554389
[etth1_long_campaign_v1/all_methods_long120] [time_series][epoch 067] lambda=0.0000 g_scale=0.000 train_total=0.07462017 train_sup=0.07462017 train_imit=0.00000000 mean_w=0.0000 active=0.0000 s_dense=0.00 s_pos=0.0000 s_sel=0.0000 s_sel_pos=0.0000 s_hot_err=0.000000 s_bg_err=0.000000 s_gap=0.000000 conf_cos=0.0000 conf_proj=0.00 val_mse=0.41473561 val_mae=0.45567659
[etth1_long_campaign_v1/all_methods_long120] [time_series][epoch 068] lambda=0.0000 g_scale=0.000 train_total=0.07507440 train_sup=0.07507440 train_imit=0.00000000 mean_w=0.0000 active=0.0000 s_dense=0.00 s_pos=0.0000 s_sel=0.0000 s_sel_pos=0.0000 s_hot_err=0.000000 s_bg_err=0.000000 s_gap=0.000000 conf_cos=0.0000 conf_proj=0.00 val_mse=0.38450385 val_mae=0.43234721
[etth1_long_campaign_v1/all_methods_long120] [time_series][epoch 069] lambda=0.0000 g_scale=0.000 train_total=0.07371113 train_sup=0.07371113 train_imit=0.00000000 mean_w=0.0000 active=0.0000 s_dense=0.00 s_pos=0.0000 s_sel=0.0000 s_sel_pos=0.0000 s_hot_err=0.000000 s_bg_err=0.000000 s_gap=0.000000 conf_cos=0.0000 conf_proj=0.00 val_mse=0.38721332 val_mae=0.44018382
[etth1_long_campaign_v1/all_methods_long120] [time_series][epoch 070] lambda=0.0000 g_scale=0.000 train_total=0.07329080 train_sup=0.07329080 train_imit=0.00000000 mean_w=0.0000 active=0.0000 s_dense=0.00 s_pos=0.0000 s_sel=0.0000 s_sel_pos=0.0000 s_hot_err=0.000000 s_bg_err=0.000000 s_gap=0.000000 conf_cos=0.0000 conf_proj=0.00 val_mse=0.41566358 val_mae=0.46226291
[etth1_long_campaign_v1/all_methods_long120] [time_series][epoch 070] updated live plot
[etth1_long_campaign_v1/all_methods_long120] [time_series][epoch 071] lambda=0.0000 g_scale=0.000 train_total=0.07363142 train_sup=0.07363142 train_imit=0.00000000 mean_w=0.0000 active=0.0000 s_dense=0.00 s_pos=0.0000 s_sel=0.0000 s_sel_pos=0.0000 s_hot_err=0.000000 s_bg_err=0.000000 s_gap=0.000000 conf_cos=0.0000 conf_proj=0.00 val_mse=0.40642315 val_mae=0.45765352
[etth1_long_campaign_v1/all_methods_long120] [time_series][epoch 072] lambda=0.0000 g_scale=0.000 train_total=0.07402353 train_sup=0.07402353 train_imit=0.00000000 mean_w=0.0000 active=0.0000 s_dense=0.00 s_pos=0.0000 s_sel=0.0000 s_sel_pos=0.0000 s_hot_err=0.000000 s_bg_err=0.000000 s_gap=0.000000 conf_cos=0.0000 conf_proj=0.00 val_mse=0.39876203 val_mae=0.44555291
[etth1_long_campaign_v1/all_methods_long120] [time_series][epoch 073] lambda=0.0000 g_scale=0.000 train_total=0.07328125 train_sup=0.07328125 train_imit=0.00000000 mean_w=0.0000 active=0.0000 s_dense=0.00 s_pos=0.0000 s_sel=0.0000 s_sel_pos=0.0000 s_hot_err=0.000000 s_bg_err=0.000000 s_gap=0.000000 conf_cos=0.0000 conf_proj=0.00 val_mse=0.40038063 val_mae=0.44790169
[etth1_long_campaign_v1/all_methods_long120] [time_series][epoch 074] lambda=0.0000 g_scale=0.000 train_total=0.07270830 train_sup=0.07270830 train_imit=0.00000000 mean_w=0.0000 active=0.0000 s_dense=0.00 s_pos=0.0000 s_sel=0.0000 s_sel_pos=0.0000 s_hot_err=0.000000 s_bg_err=0.000000 s_gap=0.000000 conf_cos=0.0000 conf_proj=0.00 val_mse=0.37964178 val_mae=0.43429838
[etth1_long_campaign_v1/all_methods_long120] [time_series][epoch 075] lambda=0.0000 g_scale=0.000 train_total=0.07291509 train_sup=0.07291509 train_imit=0.00000000 mean_w=0.0000 active=0.0000 s_dense=0.00 s_pos=0.0000 s_sel=0.0000 s_sel_pos=0.0000 s_hot_err=0.000000 s_bg_err=0.000000 s_gap=0.000000 conf_cos=0.0000 conf_proj=0.00 val_mse=0.39882991 val_mae=0.44897959
[etth1_long_campaign_v1/all_methods_long120] [time_series][epoch 076] lambda=0.0000 g_scale=0.000 train_total=0.07213958 train_sup=0.07213958 train_imit=0.00000000 mean_w=0.0000 active=0.0000 s_dense=0.00 s_pos=0.0000 s_sel=0.0000 s_sel_pos=0.0000 s_hot_err=0.000000 s_bg_err=0.000000 s_gap=0.000000 conf_cos=0.0000 conf_proj=0.00 val_mse=0.41615566 val_mae=0.45980185
[etth1_long_campaign_v1/all_methods_long120] [time_series][epoch 077] lambda=0.0000 g_scale=0.000 train_total=0.07222290 train_sup=0.07222290 train_imit=0.00000000 mean_w=0.0000 active=0.0000 s_dense=0.00 s_pos=0.0000 s_sel=0.0000 s_sel_pos=0.0000 s_hot_err=0.000000 s_bg_err=0.000000 s_gap=0.000000 conf_cos=0.0000 conf_proj=0.00 val_mse=0.39743206 val_mae=0.44092353
[etth1_long_campaign_v1/all_methods_long120] [time_series][epoch 078] lambda=0.0000 g_scale=0.000 train_total=0.07174761 train_sup=0.07174761 train_imit=0.00000000 mean_w=0.0000 active=0.0000 s_dense=0.00 s_pos=0.0000 s_sel=0.0000 s_sel_pos=0.0000 s_hot_err=0.000000 s_bg_err=0.000000 s_gap=0.000000 conf_cos=0.0000 conf_proj=0.00 val_mse=0.40928728 val_mae=0.45680486
[etth1_long_campaign_v1/all_methods_long120] [time_series][epoch 079] lambda=0.0000 g_scale=0.000 train_total=0.07143574 train_sup=0.07143574 train_imit=0.00000000 mean_w=0.0000 active=0.0000 s_dense=0.00 s_pos=0.0000 s_sel=0.0000 s_sel_pos=0.0000 s_hot_err=0.000000 s_bg_err=0.000000 s_gap=0.000000 conf_cos=0.0000 conf_proj=0.00 val_mse=0.39997970 val_mae=0.44861171
[etth1_long_campaign_v1/all_methods_long120] [time_series][epoch 080] lambda=0.0000 g_scale=0.000 train_total=0.07145985 train_sup=0.07145985 train_imit=0.00000000 mean_w=0.0000 active=0.0000 s_dense=0.00 s_pos=0.0000 s_sel=0.0000 s_sel_pos=0.0000 s_hot_err=0.000000 s_bg_err=0.000000 s_gap=0.000000 conf_cos=0.0000 conf_proj=0.00 val_mse=0.41517548 val_mae=0.45732767
[etth1_long_campaign_v1/all_methods_long120] [time_series][epoch 080] updated live plot
[etth1_long_campaign_v1/all_methods_long120] [time_series][epoch 081] lambda=0.0000 g_scale=0.000 train_total=0.07152039 train_sup=0.07152039 train_imit=0.00000000 mean_w=0.0000 active=0.0000 s_dense=0.00 s_pos=0.0000 s_sel=0.0000 s_sel_pos=0.0000 s_hot_err=0.000000 s_bg_err=0.000000 s_gap=0.000000 conf_cos=0.0000 conf_proj=0.00 val_mse=0.39999347 val_mae=0.44519802
[etth1_long_campaign_v1/all_methods_long120] [time_series][epoch 082] lambda=0.0000 g_scale=0.000 train_total=0.07106431 train_sup=0.07106431 train_imit=0.00000000 mean_w=0.0000 active=0.0000 s_dense=0.00 s_pos=0.0000 s_sel=0.0000 s_sel_pos=0.0000 s_hot_err=0.000000 s_bg_err=0.000000 s_gap=0.000000 conf_cos=0.0000 conf_proj=0.00 val_mse=0.39017545 val_mae=0.43960772
[etth1_long_campaign_v1/all_methods_long120] [time_series][epoch 083] lambda=0.0000 g_scale=0.000 train_total=0.07096403 train_sup=0.07096403 train_imit=0.00000000 mean_w=0.0000 active=0.0000 s_dense=0.00 s_pos=0.0000 s_sel=0.0000 s_sel_pos=0.0000 s_hot_err=0.000000 s_bg_err=0.000000 s_gap=0.000000 conf_cos=0.0000 conf_proj=0.00 val_mse=0.41438512 val_mae=0.46167665
[etth1_long_campaign_v1/all_methods_long120] [time_series][epoch 084] lambda=0.0000 g_scale=0.000 train_total=0.07070031 train_sup=0.07070031 train_imit=0.00000000 mean_w=0.0000 active=0.0000 s_dense=0.00 s_pos=0.0000 s_sel=0.0000 s_sel_pos=0.0000 s_hot_err=0.000000 s_bg_err=0.000000 s_gap=0.000000 conf_cos=0.0000 conf_proj=0.00 val_mse=0.41903826 val_mae=0.46059214
[etth1_long_campaign_v1/all_methods_long120] [time_series][epoch 085] lambda=0.0000 g_scale=0.000 train_total=0.07001555 train_sup=0.07001555 train_imit=0.00000000 mean_w=0.0000 active=0.0000 s_dense=0.00 s_pos=0.0000 s_sel=0.0000 s_sel_pos=0.0000 s_hot_err=0.000000 s_bg_err=0.000000 s_gap=0.000000 conf_cos=0.0000 conf_proj=0.00 val_mse=0.38246251 val_mae=0.43752218
[etth1_long_campaign_v1/all_methods_long120] [time_series][epoch 086] lambda=0.0000 g_scale=0.000 train_total=0.07024172 train_sup=0.07024172 train_imit=0.00000000 mean_w=0.0000 active=0.0000 s_dense=0.00 s_pos=0.0000 s_sel=0.0000 s_sel_pos=0.0000 s_hot_err=0.000000 s_bg_err=0.000000 s_gap=0.000000 conf_cos=0.0000 conf_proj=0.00 val_mse=0.39333571 val_mae=0.44313225
[etth1_long_campaign_v1/all_methods_long120] [time_series][epoch 087] lambda=0.0000 g_scale=0.000 train_total=0.06993548 train_sup=0.06993548 train_imit=0.00000000 mean_w=0.0000 active=0.0000 s_dense=0.00 s_pos=0.0000 s_sel=0.0000 s_sel_pos=0.0000 s_hot_err=0.000000 s_bg_err=0.000000 s_gap=0.000000 conf_cos=0.0000 conf_proj=0.00 val_mse=0.40899784 val_mae=0.45304928
[etth1_long_campaign_v1/all_methods_long120] [time_series][epoch 088] lambda=0.0000 g_scale=0.000 train_total=0.06940417 train_sup=0.06940417 train_imit=0.00000000 mean_w=0.0000 active=0.0000 s_dense=0.00 s_pos=0.0000 s_sel=0.0000 s_sel_pos=0.0000 s_hot_err=0.000000 s_bg_err=0.000000 s_gap=0.000000 conf_cos=0.0000 conf_proj=0.00 val_mse=0.42585016 val_mae=0.46841536
[etth1_long_campaign_v1/all_methods_long120] [time_series][epoch 089] lambda=0.0000 g_scale=0.000 train_total=0.06942920 train_sup=0.06942920 train_imit=0.00000000 mean_w=0.0000 active=0.0000 s_dense=0.00 s_pos=0.0000 s_sel=0.0000 s_sel_pos=0.0000 s_hot_err=0.000000 s_bg_err=0.000000 s_gap=0.000000 conf_cos=0.0000 conf_proj=0.00 val_mse=0.40305293 val_mae=0.44563826
[etth1_long_campaign_v1/all_methods_long120] [time_series][epoch 090] lambda=0.0000 g_scale=0.000 train_total=0.06944257 train_sup=0.06944257 train_imit=0.00000000 mean_w=0.0000 active=0.0000 s_dense=0.00 s_pos=0.0000 s_sel=0.0000 s_sel_pos=0.0000 s_hot_err=0.000000 s_bg_err=0.000000 s_gap=0.000000 conf_cos=0.0000 conf_proj=0.00 val_mse=0.38164037 val_mae=0.43292199
[etth1_long_campaign_v1/all_methods_long120] [time_series][epoch 090] updated live plot
[etth1_long_campaign_v1/all_methods_long120] [time_series][epoch 091] lambda=0.0000 g_scale=0.000 train_total=0.06885651 train_sup=0.06885651 train_imit=0.00000000 mean_w=0.0000 active=0.0000 s_dense=0.00 s_pos=0.0000 s_sel=0.0000 s_sel_pos=0.0000 s_hot_err=0.000000 s_bg_err=0.000000 s_gap=0.000000 conf_cos=0.0000 conf_proj=0.00 val_mse=0.41182082 val_mae=0.45658057
[etth1_long_campaign_v1/all_methods_long120] [time_series][epoch 092] lambda=0.0000 g_scale=0.000 train_total=0.06861391 train_sup=0.06861391 train_imit=0.00000000 mean_w=0.0000 active=0.0000 s_dense=0.00 s_pos=0.0000 s_sel=0.0000 s_sel_pos=0.0000 s_hot_err=0.000000 s_bg_err=0.000000 s_gap=0.000000 conf_cos=0.0000 conf_proj=0.00 val_mse=0.40130195 val_mae=0.44770729
[etth1_long_campaign_v1/all_methods_long120] [time_series][epoch 093] lambda=0.0000 g_scale=0.000 train_total=0.06857878 train_sup=0.06857878 train_imit=0.00000000 mean_w=0.0000 active=0.0000 s_dense=0.00 s_pos=0.0000 s_sel=0.0000 s_sel_pos=0.0000 s_hot_err=0.000000 s_bg_err=0.000000 s_gap=0.000000 conf_cos=0.0000 conf_proj=0.00 val_mse=0.40683628 val_mae=0.45499110
[etth1_long_campaign_v1/all_methods_long120] [time_series][epoch 094] lambda=0.0000 g_scale=0.000 train_total=0.06871604 train_sup=0.06871604 train_imit=0.00000000 mean_w=0.0000 active=0.0000 s_dense=0.00 s_pos=0.0000 s_sel=0.0000 s_sel_pos=0.0000 s_hot_err=0.000000 s_bg_err=0.000000 s_gap=0.000000 conf_cos=0.0000 conf_proj=0.00 val_mse=0.39437439 val_mae=0.44194076
[etth1_long_campaign_v1/all_methods_long120] [time_series][epoch 095] lambda=0.0000 g_scale=0.000 train_total=0.06828419 train_sup=0.06828419 train_imit=0.00000000 mean_w=0.0000 active=0.0000 s_dense=0.00 s_pos=0.0000 s_sel=0.0000 s_sel_pos=0.0000 s_hot_err=0.000000 s_bg_err=0.000000 s_gap=0.000000 conf_cos=0.0000 conf_proj=0.00 val_mse=0.38075568 val_mae=0.43430737
[etth1_long_campaign_v1/all_methods_long120] [time_series][epoch 096] lambda=0.0000 g_scale=0.000 train_total=0.06889918 train_sup=0.06889918 train_imit=0.00000000 mean_w=0.0000 active=0.0000 s_dense=0.00 s_pos=0.0000 s_sel=0.0000 s_sel_pos=0.0000 s_hot_err=0.000000 s_bg_err=0.000000 s_gap=0.000000 conf_cos=0.0000 conf_proj=0.00 val_mse=0.38335743 val_mae=0.43762497
[etth1_long_campaign_v1/all_methods_long120] [time_series][epoch 097] lambda=0.0000 g_scale=0.000 train_total=0.06766980 train_sup=0.06766980 train_imit=0.00000000 mean_w=0.0000 active=0.0000 s_dense=0.00 s_pos=0.0000 s_sel=0.0000 s_sel_pos=0.0000 s_hot_err=0.000000 s_bg_err=0.000000 s_gap=0.000000 conf_cos=0.0000 conf_proj=0.00 val_mse=0.40265926 val_mae=0.44924180
[etth1_long_campaign_v1/all_methods_long120] [time_series][epoch 098] lambda=0.0000 g_scale=0.000 train_total=0.06756631 train_sup=0.06756631 train_imit=0.00000000 mean_w=0.0000 active=0.0000 s_dense=0.00 s_pos=0.0000 s_sel=0.0000 s_sel_pos=0.0000 s_hot_err=0.000000 s_bg_err=0.000000 s_gap=0.000000 conf_cos=0.0000 conf_proj=0.00 val_mse=0.39654017 val_mae=0.44340099
[etth1_long_campaign_v1/all_methods_long120] [time_series][epoch 099] lambda=0.0000 g_scale=0.000 train_total=0.06738623 train_sup=0.06738623 train_imit=0.00000000 mean_w=0.0000 active=0.0000 s_dense=0.00 s_pos=0.0000 s_sel=0.0000 s_sel_pos=0.0000 s_hot_err=0.000000 s_bg_err=0.000000 s_gap=0.000000 conf_cos=0.0000 conf_proj=0.00 val_mse=0.36883331 val_mae=0.42683224
[etth1_long_campaign_v1/all_methods_long120] [time_series][epoch 100] lambda=0.0000 g_scale=0.000 train_total=0.06759270 train_sup=0.06759270 train_imit=0.00000000 mean_w=0.0000 active=0.0000 s_dense=0.00 s_pos=0.0000 s_sel=0.0000 s_sel_pos=0.0000 s_hot_err=0.000000 s_bg_err=0.000000 s_gap=0.000000 conf_cos=0.0000 conf_proj=0.00 val_mse=0.39768248 val_mae=0.44617065
[etth1_long_campaign_v1/all_methods_long120] [time_series][epoch 100] updated live plot
[etth1_long_campaign_v1/all_methods_long120] [time_series][epoch 101] lambda=0.0000 g_scale=0.000 train_total=0.06744572 train_sup=0.06744572 train_imit=0.00000000 mean_w=0.0000 active=0.0000 s_dense=0.00 s_pos=0.0000 s_sel=0.0000 s_sel_pos=0.0000 s_hot_err=0.000000 s_bg_err=0.000000 s_gap=0.000000 conf_cos=0.0000 conf_proj=0.00 val_mse=0.41616160 val_mae=0.45766660
[etth1_long_campaign_v1/all_methods_long120] [time_series][epoch 102] lambda=0.0000 g_scale=0.000 train_total=0.06700140 train_sup=0.06700140 train_imit=0.00000000 mean_w=0.0000 active=0.0000 s_dense=0.00 s_pos=0.0000 s_sel=0.0000 s_sel_pos=0.0000 s_hot_err=0.000000 s_bg_err=0.000000 s_gap=0.000000 conf_cos=0.0000 conf_proj=0.00 val_mse=0.40668527 val_mae=0.45279170
[etth1_long_campaign_v1/all_methods_long120] [time_series][epoch 103] lambda=0.0000 g_scale=0.000 train_total=0.06683343 train_sup=0.06683343 train_imit=0.00000000 mean_w=0.0000 active=0.0000 s_dense=0.00 s_pos=0.0000 s_sel=0.0000 s_sel_pos=0.0000 s_hot_err=0.000000 s_bg_err=0.000000 s_gap=0.000000 conf_cos=0.0000 conf_proj=0.00 val_mse=0.40093151 val_mae=0.44871396
[etth1_long_campaign_v1/all_methods_long120] [time_series][epoch 104] lambda=0.0000 g_scale=0.000 train_total=0.06688980 train_sup=0.06688980 train_imit=0.00000000 mean_w=0.0000 active=0.0000 s_dense=0.00 s_pos=0.0000 s_sel=0.0000 s_sel_pos=0.0000 s_hot_err=0.000000 s_bg_err=0.000000 s_gap=0.000000 conf_cos=0.0000 conf_proj=0.00 val_mse=0.39457569 val_mae=0.44092974
[etth1_long_campaign_v1/all_methods_long120] [time_series][epoch 105] lambda=0.0000 g_scale=0.000 train_total=0.06649192 train_sup=0.06649192 train_imit=0.00000000 mean_w=0.0000 active=0.0000 s_dense=0.00 s_pos=0.0000 s_sel=0.0000 s_sel_pos=0.0000 s_hot_err=0.000000 s_bg_err=0.000000 s_gap=0.000000 conf_cos=0.0000 conf_proj=0.00 val_mse=0.39812255 val_mae=0.44875635
[etth1_long_campaign_v1/all_methods_long120] [time_series][epoch 106] lambda=0.0000 g_scale=0.000 train_total=0.06637458 train_sup=0.06637458 train_imit=0.00000000 mean_w=0.0000 active=0.0000 s_dense=0.00 s_pos=0.0000 s_sel=0.0000 s_sel_pos=0.0000 s_hot_err=0.000000 s_bg_err=0.000000 s_gap=0.000000 conf_cos=0.0000 conf_proj=0.00 val_mse=0.39935422 val_mae=0.44654752
[etth1_long_campaign_v1/all_methods_long120] [time_series][epoch 107] lambda=0.0000 g_scale=0.000 train_total=0.06648032 train_sup=0.06648032 train_imit=0.00000000 mean_w=0.0000 active=0.0000 s_dense=0.00 s_pos=0.0000 s_sel=0.0000 s_sel_pos=0.0000 s_hot_err=0.000000 s_bg_err=0.000000 s_gap=0.000000 conf_cos=0.0000 conf_proj=0.00 val_mse=0.39222518 val_mae=0.44508160
[etth1_long_campaign_v1/all_methods_long120] [time_series][epoch 108] lambda=0.0000 g_scale=0.000 train_total=0.06609179 train_sup=0.06609179 train_imit=0.00000000 mean_w=0.0000 active=0.0000 s_dense=0.00 s_pos=0.0000 s_sel=0.0000 s_sel_pos=0.0000 s_hot_err=0.000000 s_bg_err=0.000000 s_gap=0.000000 conf_cos=0.0000 conf_proj=0.00 val_mse=0.40425947 val_mae=0.44982691
[etth1_long_campaign_v1/all_methods_long120] [time_series][epoch 109] lambda=0.0000 g_scale=0.000 train_total=0.06641161 train_sup=0.06641161 train_imit=0.00000000 mean_w=0.0000 active=0.0000 s_dense=0.00 s_pos=0.0000 s_sel=0.0000 s_sel_pos=0.0000 s_hot_err=0.000000 s_bg_err=0.000000 s_gap=0.000000 conf_cos=0.0000 conf_proj=0.00 val_mse=0.39177842 val_mae=0.44173142
[etth1_long_campaign_v1/all_methods_long120] [time_series][epoch 110] lambda=0.0000 g_scale=0.000 train_total=0.06612717 train_sup=0.06612717 train_imit=0.00000000 mean_w=0.0000 active=0.0000 s_dense=0.00 s_pos=0.0000 s_sel=0.0000 s_sel_pos=0.0000 s_hot_err=0.000000 s_bg_err=0.000000 s_gap=0.000000 conf_cos=0.0000 conf_proj=0.00 val_mse=0.38553292 val_mae=0.43567180
[etth1_long_campaign_v1/all_methods_long120] [time_series][epoch 110] updated live plot
[etth1_long_campaign_v1/all_methods_long120] [time_series][epoch 111] lambda=0.0000 g_scale=0.000 train_total=0.06628241 train_sup=0.06628241 train_imit=0.00000000 mean_w=0.0000 active=0.0000 s_dense=0.00 s_pos=0.0000 s_sel=0.0000 s_sel_pos=0.0000 s_hot_err=0.000000 s_bg_err=0.000000 s_gap=0.000000 conf_cos=0.0000 conf_proj=0.00 val_mse=0.38461180 val_mae=0.43188905
[etth1_long_campaign_v1/all_methods_long120] [time_series][epoch 112] lambda=0.0000 g_scale=0.000 train_total=0.06567972 train_sup=0.06567972 train_imit=0.00000000 mean_w=0.0000 active=0.0000 s_dense=0.00 s_pos=0.0000 s_sel=0.0000 s_sel_pos=0.0000 s_hot_err=0.000000 s_bg_err=0.000000 s_gap=0.000000 conf_cos=0.0000 conf_proj=0.00 val_mse=0.38764962 val_mae=0.43924366
[etth1_long_campaign_v1/all_methods_long120] [time_series][epoch 113] lambda=0.0000 g_scale=0.000 train_total=0.06534953 train_sup=0.06534953 train_imit=0.00000000 mean_w=0.0000 active=0.0000 s_dense=0.00 s_pos=0.0000 s_sel=0.0000 s_sel_pos=0.0000 s_hot_err=0.000000 s_bg_err=0.000000 s_gap=0.000000 conf_cos=0.0000 conf_proj=0.00 val_mse=0.39633514 val_mae=0.44655661
[etth1_long_campaign_v1/all_methods_long120] [time_series][epoch 114] lambda=0.0000 g_scale=0.000 train_total=0.06553960 train_sup=0.06553960 train_imit=0.00000000 mean_w=0.0000 active=0.0000 s_dense=0.00 s_pos=0.0000 s_sel=0.0000 s_sel_pos=0.0000 s_hot_err=0.000000 s_bg_err=0.000000 s_gap=0.000000 conf_cos=0.0000 conf_proj=0.00 val_mse=0.39850490 val_mae=0.44705435
[etth1_long_campaign_v1/all_methods_long120] [time_series][epoch 115] lambda=0.0000 g_scale=0.000 train_total=0.06491757 train_sup=0.06491757 train_imit=0.00000000 mean_w=0.0000 active=0.0000 s_dense=0.00 s_pos=0.0000 s_sel=0.0000 s_sel_pos=0.0000 s_hot_err=0.000000 s_bg_err=0.000000 s_gap=0.000000 conf_cos=0.0000 conf_proj=0.00 val_mse=0.37994429 val_mae=0.43539823
[etth1_long_campaign_v1/all_methods_long120] [time_series][epoch 116] lambda=0.0000 g_scale=0.000 train_total=0.06482252 train_sup=0.06482252 train_imit=0.00000000 mean_w=0.0000 active=0.0000 s_dense=0.00 s_pos=0.0000 s_sel=0.0000 s_sel_pos=0.0000 s_hot_err=0.000000 s_bg_err=0.000000 s_gap=0.000000 conf_cos=0.0000 conf_proj=0.00 val_mse=0.38346340 val_mae=0.43746911
[etth1_long_campaign_v1/all_methods_long120] [time_series][epoch 117] lambda=0.0000 g_scale=0.000 train_total=0.06479843 train_sup=0.06479843 train_imit=0.00000000 mean_w=0.0000 active=0.0000 s_dense=0.00 s_pos=0.0000 s_sel=0.0000 s_sel_pos=0.0000 s_hot_err=0.000000 s_bg_err=0.000000 s_gap=0.000000 conf_cos=0.0000 conf_proj=0.00 val_mse=0.37153914 val_mae=0.43059038
[etth1_long_campaign_v1/all_methods_long120] [time_series][epoch 118] lambda=0.0000 g_scale=0.000 train_total=0.06488499 train_sup=0.06488499 train_imit=0.00000000 mean_w=0.0000 active=0.0000 s_dense=0.00 s_pos=0.0000 s_sel=0.0000 s_sel_pos=0.0000 s_hot_err=0.000000 s_bg_err=0.000000 s_gap=0.000000 conf_cos=0.0000 conf_proj=0.00 val_mse=0.39528011 val_mae=0.44527285
[etth1_long_campaign_v1/all_methods_long120] [time_series][epoch 119] lambda=0.0000 g_scale=0.000 train_total=0.06470667 train_sup=0.06470667 train_imit=0.00000000 mean_w=0.0000 active=0.0000 s_dense=0.00 s_pos=0.0000 s_sel=0.0000 s_sel_pos=0.0000 s_hot_err=0.000000 s_bg_err=0.000000 s_gap=0.000000 conf_cos=0.0000 conf_proj=0.00 val_mse=0.37643578 val_mae=0.43179818
[etth1_long_campaign_v1/all_methods_long120] [time_series][epoch 120] lambda=0.0000 g_scale=0.000 train_total=0.06483911 train_sup=0.06483911 train_imit=0.00000000 mean_w=0.0000 active=0.0000 s_dense=0.00 s_pos=0.0000 s_sel=0.0000 s_sel_pos=0.0000 s_hot_err=0.000000 s_bg_err=0.000000 s_gap=0.000000 conf_cos=0.0000 conf_proj=0.00 val_mse=0.38933232 val_mae=0.44055932
[etth1_long_campaign_v1/all_methods_long120] [time_series][epoch 120] updated live plot
[etth1_long_campaign_v1/all_methods_long120] [time_series] done
[etth1_long_campaign_v1/all_methods_long120] [time_series] dataset=etth1 model=transformer method=independent seed=11 pred_len=24
[etth1_long_campaign_v1/all_methods_long120] [time_series] run_dir=results/time_series_etth1_long_campaign_v1_worker1_gpu0_queue/all_methods_long120/time_series/etth1/transformer_independent_huber_seed11
[etth1_long_campaign_v1/all_methods_long120] [time_series] params=419240
[etth1_long_campaign_v1/all_methods_long120] [time_series][epoch 001] lambda=0.0000 g_scale=0.000 train_total=0.37175325 train_sup=0.37175325 train_imit=0.00000000 mean_w=0.0000 active=0.0000 s_dense=0.00 s_pos=0.0000 s_sel=0.0000 s_sel_pos=0.0000 s_hot_err=0.000000 s_bg_err=0.000000 s_gap=0.000000 conf_cos=0.0000 conf_proj=0.00 val_mse=0.33238150 val_mae=0.41316391
[etth1_long_campaign_v1/all_methods_long120] [time_series][epoch 002] lambda=0.0000 g_scale=0.000 train_total=0.25438560 train_sup=0.25438560 train_imit=0.00000000 mean_w=0.0000 active=0.0000 s_dense=0.00 s_pos=0.0000 s_sel=0.0000 s_sel_pos=0.0000 s_hot_err=0.000000 s_bg_err=0.000000 s_gap=0.000000 conf_cos=0.0000 conf_proj=0.00 val_mse=0.34729212 val_mae=0.41631450
[etth1_long_campaign_v1/all_methods_long120] [time_series][epoch 003] lambda=0.0000 g_scale=0.000 train_total=0.23298146 train_sup=0.23298146 train_imit=0.00000000 mean_w=0.0000 active=0.0000 s_dense=0.00 s_pos=0.0000 s_sel=0.0000 s_sel_pos=0.0000 s_hot_err=0.000000 s_bg_err=0.000000 s_gap=0.000000 conf_cos=0.0000 conf_proj=0.00 val_mse=0.31407235 val_mae=0.38335882
[etth1_long_campaign_v1/all_methods_long120] [time_series][epoch 004] lambda=0.0000 g_scale=0.000 train_total=0.21849252 train_sup=0.21849252 train_imit=0.00000000 mean_w=0.0000 active=0.0000 s_dense=0.00 s_pos=0.0000 s_sel=0.0000 s_sel_pos=0.0000 s_hot_err=0.000000 s_bg_err=0.000000 s_gap=0.000000 conf_cos=0.0000 conf_proj=0.00 val_mse=0.33221978 val_mae=0.39675913
[etth1_long_campaign_v1/all_methods_long120] [time_series][epoch 005] lambda=0.0000 g_scale=0.000 train_total=0.20303179 train_sup=0.20303179 train_imit=0.00000000 mean_w=0.0000 active=0.0000 s_dense=0.00 s_pos=0.0000 s_sel=0.0000 s_sel_pos=0.0000 s_hot_err=0.000000 s_bg_err=0.000000 s_gap=0.000000 conf_cos=0.0000 conf_proj=0.00 val_mse=0.32899118 val_mae=0.39905872
[etth1_long_campaign_v1/all_methods_long120] [time_series][epoch 006] lambda=0.0000 g_scale=0.000 train_total=0.19308821 train_sup=0.19308821 train_imit=0.00000000 mean_w=0.0000 active=0.0000 s_dense=0.00 s_pos=0.0000 s_sel=0.0000 s_sel_pos=0.0000 s_hot_err=0.000000 s_bg_err=0.000000 s_gap=0.000000 conf_cos=0.0000 conf_proj=0.00 val_mse=0.35430650 val_mae=0.41830295
[etth1_long_campaign_v1/all_methods_long120] [time_series][epoch 007] lambda=0.0000 g_scale=0.000 train_total=0.18119103 train_sup=0.18119103 train_imit=0.00000000 mean_w=0.0000 active=0.0000 s_dense=0.00 s_pos=0.0000 s_sel=0.0000 s_sel_pos=0.0000 s_hot_err=0.000000 s_bg_err=0.000000 s_gap=0.000000 conf_cos=0.0000 conf_proj=0.00 val_mse=0.32497936 val_mae=0.38477118
[etth1_long_campaign_v1/all_methods_long120] [time_series][epoch 008] lambda=0.0000 g_scale=0.000 train_total=0.17218318 train_sup=0.17218318 train_imit=0.00000000 mean_w=0.0000 active=0.0000 s_dense=0.00 s_pos=0.0000 s_sel=0.0000 s_sel_pos=0.0000 s_hot_err=0.000000 s_bg_err=0.000000 s_gap=0.000000 conf_cos=0.0000 conf_proj=0.00 val_mse=0.36386124 val_mae=0.42234904
[etth1_long_campaign_v1/all_methods_long120] [time_series][epoch 009] lambda=0.0000 g_scale=0.000 train_total=0.16059471 train_sup=0.16059471 train_imit=0.00000000 mean_w=0.0000 active=0.0000 s_dense=0.00 s_pos=0.0000 s_sel=0.0000 s_sel_pos=0.0000 s_hot_err=0.000000 s_bg_err=0.000000 s_gap=0.000000 conf_cos=0.0000 conf_proj=0.00 val_mse=0.35275287 val_mae=0.41253592
[etth1_long_campaign_v1/all_methods_long120] [time_series][epoch 010] lambda=0.0000 g_scale=0.000 train_total=0.15283296 train_sup=0.15283296 train_imit=0.00000000 mean_w=0.0000 active=0.0000 s_dense=0.00 s_pos=0.0000 s_sel=0.0000 s_sel_pos=0.0000 s_hot_err=0.000000 s_bg_err=0.000000 s_gap=0.000000 conf_cos=0.0000 conf_proj=0.00 val_mse=0.40554841 val_mae=0.44726042
[etth1_long_campaign_v1/all_methods_long120] [time_series][epoch 010] updated live plot
[etth1_long_campaign_v1/all_methods_long120] [time_series][epoch 011] lambda=0.0000 g_scale=0.000 train_total=0.14618138 train_sup=0.14618138 train_imit=0.00000000 mean_w=0.0000 active=0.0000 s_dense=0.00 s_pos=0.0000 s_sel=0.0000 s_sel_pos=0.0000 s_hot_err=0.000000 s_bg_err=0.000000 s_gap=0.000000 conf_cos=0.0000 conf_proj=0.00 val_mse=0.39235134 val_mae=0.43303011
[etth1_long_campaign_v1/all_methods_long120] [time_series][epoch 012] lambda=0.0000 g_scale=0.000 train_total=0.13883344 train_sup=0.13883344 train_imit=0.00000000 mean_w=0.0000 active=0.0000 s_dense=0.00 s_pos=0.0000 s_sel=0.0000 s_sel_pos=0.0000 s_hot_err=0.000000 s_bg_err=0.000000 s_gap=0.000000 conf_cos=0.0000 conf_proj=0.00 val_mse=0.36910188 val_mae=0.41385639
[etth1_long_campaign_v1/all_methods_long120] [time_series][epoch 013] lambda=0.0000 g_scale=0.000 train_total=0.13443558 train_sup=0.13443558 train_imit=0.00000000 mean_w=0.0000 active=0.0000 s_dense=0.00 s_pos=0.0000 s_sel=0.0000 s_sel_pos=0.0000 s_hot_err=0.000000 s_bg_err=0.000000 s_gap=0.000000 conf_cos=0.0000 conf_proj=0.00 val_mse=0.39941856 val_mae=0.44481294
[etth1_long_campaign_v1/all_methods_long120] [time_series][epoch 014] lambda=0.0000 g_scale=0.000 train_total=0.12858963 train_sup=0.12858963 train_imit=0.00000000 mean_w=0.0000 active=0.0000 s_dense=0.00 s_pos=0.0000 s_sel=0.0000 s_sel_pos=0.0000 s_hot_err=0.000000 s_bg_err=0.000000 s_gap=0.000000 conf_cos=0.0000 conf_proj=0.00 val_mse=0.35583519 val_mae=0.40984852
[etth1_long_campaign_v1/all_methods_long120] [time_series][epoch 015] lambda=0.0000 g_scale=0.000 train_total=0.12413069 train_sup=0.12413069 train_imit=0.00000000 mean_w=0.0000 active=0.0000 s_dense=0.00 s_pos=0.0000 s_sel=0.0000 s_sel_pos=0.0000 s_hot_err=0.000000 s_bg_err=0.000000 s_gap=0.000000 conf_cos=0.0000 conf_proj=0.00 val_mse=0.39571195 val_mae=0.43441314
[etth1_long_campaign_v1/all_methods_long120] [time_series][epoch 016] lambda=0.0000 g_scale=0.000 train_total=0.11934889 train_sup=0.11934889 train_imit=0.00000000 mean_w=0.0000 active=0.0000 s_dense=0.00 s_pos=0.0000 s_sel=0.0000 s_sel_pos=0.0000 s_hot_err=0.000000 s_bg_err=0.000000 s_gap=0.000000 conf_cos=0.0000 conf_proj=0.00 val_mse=0.42098317 val_mae=0.45085405
[etth1_long_campaign_v1/all_methods_long120] [time_series][epoch 017] lambda=0.0000 g_scale=0.000 train_total=0.11651848 train_sup=0.11651848 train_imit=0.00000000 mean_w=0.0000 active=0.0000 s_dense=0.00 s_pos=0.0000 s_sel=0.0000 s_sel_pos=0.0000 s_hot_err=0.000000 s_bg_err=0.000000 s_gap=0.000000 conf_cos=0.0000 conf_proj=0.00 val_mse=0.37549791 val_mae=0.41438417
[etth1_long_campaign_v1/all_methods_long120] [time_series][epoch 018] lambda=0.0000 g_scale=0.000 train_total=0.11352186 train_sup=0.11352186 train_imit=0.00000000 mean_w=0.0000 active=0.0000 s_dense=0.00 s_pos=0.0000 s_sel=0.0000 s_sel_pos=0.0000 s_hot_err=0.000000 s_bg_err=0.000000 s_gap=0.000000 conf_cos=0.0000 conf_proj=0.00 val_mse=0.38149692 val_mae=0.42350602
[etth1_long_campaign_v1/all_methods_long120] [time_series][epoch 019] lambda=0.0000 g_scale=0.000 train_total=0.11140605 train_sup=0.11140605 train_imit=0.00000000 mean_w=0.0000 active=0.0000 s_dense=0.00 s_pos=0.0000 s_sel=0.0000 s_sel_pos=0.0000 s_hot_err=0.000000 s_bg_err=0.000000 s_gap=0.000000 conf_cos=0.0000 conf_proj=0.00 val_mse=0.40945459 val_mae=0.44394003
[etth1_long_campaign_v1/all_methods_long120] [time_series][epoch 020] lambda=0.0000 g_scale=0.000 train_total=0.10808120 train_sup=0.10808120 train_imit=0.00000000 mean_w=0.0000 active=0.0000 s_dense=0.00 s_pos=0.0000 s_sel=0.0000 s_sel_pos=0.0000 s_hot_err=0.000000 s_bg_err=0.000000 s_gap=0.000000 conf_cos=0.0000 conf_proj=0.00 val_mse=0.38704874 val_mae=0.42808300
[etth1_long_campaign_v1/all_methods_long120] [time_series][epoch 020] updated live plot
[etth1_long_campaign_v1/all_methods_long120] [time_series][epoch 021] lambda=0.0000 g_scale=0.000 train_total=0.10705862 train_sup=0.10705862 train_imit=0.00000000 mean_w=0.0000 active=0.0000 s_dense=0.00 s_pos=0.0000 s_sel=0.0000 s_sel_pos=0.0000 s_hot_err=0.000000 s_bg_err=0.000000 s_gap=0.000000 conf_cos=0.0000 conf_proj=0.00 val_mse=0.39040162 val_mae=0.42914049
[etth1_long_campaign_v1/all_methods_long120] [time_series][epoch 022] lambda=0.0000 g_scale=0.000 train_total=0.10438875 train_sup=0.10438875 train_imit=0.00000000 mean_w=0.0000 active=0.0000 s_dense=0.00 s_pos=0.0000 s_sel=0.0000 s_sel_pos=0.0000 s_hot_err=0.000000 s_bg_err=0.000000 s_gap=0.000000 conf_cos=0.0000 conf_proj=0.00 val_mse=0.39937386 val_mae=0.43794792
[etth1_long_campaign_v1/all_methods_long120] [time_series][epoch 023] lambda=0.0000 g_scale=0.000 train_total=0.10265047 train_sup=0.10265047 train_imit=0.00000000 mean_w=0.0000 active=0.0000 s_dense=0.00 s_pos=0.0000 s_sel=0.0000 s_sel_pos=0.0000 s_hot_err=0.000000 s_bg_err=0.000000 s_gap=0.000000 conf_cos=0.0000 conf_proj=0.00 val_mse=0.39856141 val_mae=0.43369143
[etth1_long_campaign_v1/all_methods_long120] [time_series][epoch 024] lambda=0.0000 g_scale=0.000 train_total=0.10153702 train_sup=0.10153702 train_imit=0.00000000 mean_w=0.0000 active=0.0000 s_dense=0.00 s_pos=0.0000 s_sel=0.0000 s_sel_pos=0.0000 s_hot_err=0.000000 s_bg_err=0.000000 s_gap=0.000000 conf_cos=0.0000 conf_proj=0.00 val_mse=0.38912805 val_mae=0.42829269
[etth1_long_campaign_v1/all_methods_long120] [time_series][epoch 025] lambda=0.0000 g_scale=0.000 train_total=0.10044517 train_sup=0.10044517 train_imit=0.00000000 mean_w=0.0000 active=0.0000 s_dense=0.00 s_pos=0.0000 s_sel=0.0000 s_sel_pos=0.0000 s_hot_err=0.000000 s_bg_err=0.000000 s_gap=0.000000 conf_cos=0.0000 conf_proj=0.00 val_mse=0.41723052 val_mae=0.44847091
[etth1_long_campaign_v1/all_methods_long120] [time_series][epoch 026] lambda=0.0000 g_scale=0.000 train_total=0.09880703 train_sup=0.09880703 train_imit=0.00000000 mean_w=0.0000 active=0.0000 s_dense=0.00 s_pos=0.0000 s_sel=0.0000 s_sel_pos=0.0000 s_hot_err=0.000000 s_bg_err=0.000000 s_gap=0.000000 conf_cos=0.0000 conf_proj=0.00 val_mse=0.41430737 val_mae=0.45083332
[etth1_long_campaign_v1/all_methods_long120] [time_series][epoch 027] lambda=0.0000 g_scale=0.000 train_total=0.09609952 train_sup=0.09609952 train_imit=0.00000000 mean_w=0.0000 active=0.0000 s_dense=0.00 s_pos=0.0000 s_sel=0.0000 s_sel_pos=0.0000 s_hot_err=0.000000 s_bg_err=0.000000 s_gap=0.000000 conf_cos=0.0000 conf_proj=0.00 val_mse=0.40238218 val_mae=0.44337215
[etth1_long_campaign_v1/all_methods_long120] [time_series][epoch 028] lambda=0.0000 g_scale=0.000 train_total=0.09540575 train_sup=0.09540575 train_imit=0.00000000 mean_w=0.0000 active=0.0000 s_dense=0.00 s_pos=0.0000 s_sel=0.0000 s_sel_pos=0.0000 s_hot_err=0.000000 s_bg_err=0.000000 s_gap=0.000000 conf_cos=0.0000 conf_proj=0.00 val_mse=0.42113851 val_mae=0.44648364
[etth1_long_campaign_v1/all_methods_long120] [time_series][epoch 029] lambda=0.0000 g_scale=0.000 train_total=0.09476316 train_sup=0.09476316 train_imit=0.00000000 mean_w=0.0000 active=0.0000 s_dense=0.00 s_pos=0.0000 s_sel=0.0000 s_sel_pos=0.0000 s_hot_err=0.000000 s_bg_err=0.000000 s_gap=0.000000 conf_cos=0.0000 conf_proj=0.00 val_mse=0.41966814 val_mae=0.45060614
[etth1_long_campaign_v1/all_methods_long120] [time_series][epoch 030] lambda=0.0000 g_scale=0.000 train_total=0.09388736 train_sup=0.09388736 train_imit=0.00000000 mean_w=0.0000 active=0.0000 s_dense=0.00 s_pos=0.0000 s_sel=0.0000 s_sel_pos=0.0000 s_hot_err=0.000000 s_bg_err=0.000000 s_gap=0.000000 conf_cos=0.0000 conf_proj=0.00 val_mse=0.40897200 val_mae=0.44620141
[etth1_long_campaign_v1/all_methods_long120] [time_series][epoch 030] updated live plot
[etth1_long_campaign_v1/all_methods_long120] [time_series][epoch 031] lambda=0.0000 g_scale=0.000 train_total=0.09269708 train_sup=0.09269708 train_imit=0.00000000 mean_w=0.0000 active=0.0000 s_dense=0.00 s_pos=0.0000 s_sel=0.0000 s_sel_pos=0.0000 s_hot_err=0.000000 s_bg_err=0.000000 s_gap=0.000000 conf_cos=0.0000 conf_proj=0.00 val_mse=0.38863058 val_mae=0.43351215
[etth1_long_campaign_v1/all_methods_long120] [time_series][epoch 032] lambda=0.0000 g_scale=0.000 train_total=0.09120480 train_sup=0.09120480 train_imit=0.00000000 mean_w=0.0000 active=0.0000 s_dense=0.00 s_pos=0.0000 s_sel=0.0000 s_sel_pos=0.0000 s_hot_err=0.000000 s_bg_err=0.000000 s_gap=0.000000 conf_cos=0.0000 conf_proj=0.00 val_mse=0.43326432 val_mae=0.45789503
[etth1_long_campaign_v1/all_methods_long120] [time_series][epoch 033] lambda=0.0000 g_scale=0.000 train_total=0.09089365 train_sup=0.09089365 train_imit=0.00000000 mean_w=0.0000 active=0.0000 s_dense=0.00 s_pos=0.0000 s_sel=0.0000 s_sel_pos=0.0000 s_hot_err=0.000000 s_bg_err=0.000000 s_gap=0.000000 conf_cos=0.0000 conf_proj=0.00 val_mse=0.41097828 val_mae=0.44375928
[etth1_long_campaign_v1/all_methods_long120] [time_series][epoch 034] lambda=0.0000 g_scale=0.000 train_total=0.09052052 train_sup=0.09052052 train_imit=0.00000000 mean_w=0.0000 active=0.0000 s_dense=0.00 s_pos=0.0000 s_sel=0.0000 s_sel_pos=0.0000 s_hot_err=0.000000 s_bg_err=0.000000 s_gap=0.000000 conf_cos=0.0000 conf_proj=0.00 val_mse=0.45533760 val_mae=0.46814977
[etth1_long_campaign_v1/all_methods_long120] [time_series][epoch 035] lambda=0.0000 g_scale=0.000 train_total=0.08932541 train_sup=0.08932541 train_imit=0.00000000 mean_w=0.0000 active=0.0000 s_dense=0.00 s_pos=0.0000 s_sel=0.0000 s_sel_pos=0.0000 s_hot_err=0.000000 s_bg_err=0.000000 s_gap=0.000000 conf_cos=0.0000 conf_proj=0.00 val_mse=0.40994458 val_mae=0.44451141
[etth1_long_campaign_v1/all_methods_long120] [time_series][epoch 036] lambda=0.0000 g_scale=0.000 train_total=0.08862082 train_sup=0.08862082 train_imit=0.00000000 mean_w=0.0000 active=0.0000 s_dense=0.00 s_pos=0.0000 s_sel=0.0000 s_sel_pos=0.0000 s_hot_err=0.000000 s_bg_err=0.000000 s_gap=0.000000 conf_cos=0.0000 conf_proj=0.00 val_mse=0.42547766 val_mae=0.45329044
[etth1_long_campaign_v1/all_methods_long120] [time_series][epoch 037] lambda=0.0000 g_scale=0.000 train_total=0.08803528 train_sup=0.08803528 train_imit=0.00000000 mean_w=0.0000 active=0.0000 s_dense=0.00 s_pos=0.0000 s_sel=0.0000 s_sel_pos=0.0000 s_hot_err=0.000000 s_bg_err=0.000000 s_gap=0.000000 conf_cos=0.0000 conf_proj=0.00 val_mse=0.41489054 val_mae=0.44752141
[etth1_long_campaign_v1/all_methods_long120] [time_series][epoch 038] lambda=0.0000 g_scale=0.000 train_total=0.08721411 train_sup=0.08721411 train_imit=0.00000000 mean_w=0.0000 active=0.0000 s_dense=0.00 s_pos=0.0000 s_sel=0.0000 s_sel_pos=0.0000 s_hot_err=0.000000 s_bg_err=0.000000 s_gap=0.000000 conf_cos=0.0000 conf_proj=0.00 val_mse=0.41540738 val_mae=0.45059368
[etth1_long_campaign_v1/all_methods_long120] [time_series][epoch 039] lambda=0.0000 g_scale=0.000 train_total=0.08605804 train_sup=0.08605804 train_imit=0.00000000 mean_w=0.0000 active=0.0000 s_dense=0.00 s_pos=0.0000 s_sel=0.0000 s_sel_pos=0.0000 s_hot_err=0.000000 s_bg_err=0.000000 s_gap=0.000000 conf_cos=0.0000 conf_proj=0.00 val_mse=0.41064165 val_mae=0.45145901
[etth1_long_campaign_v1/all_methods_long120] [time_series][epoch 040] lambda=0.0000 g_scale=0.000 train_total=0.08617463 train_sup=0.08617463 train_imit=0.00000000 mean_w=0.0000 active=0.0000 s_dense=0.00 s_pos=0.0000 s_sel=0.0000 s_sel_pos=0.0000 s_hot_err=0.000000 s_bg_err=0.000000 s_gap=0.000000 conf_cos=0.0000 conf_proj=0.00 val_mse=0.42681424 val_mae=0.46068312
[etth1_long_campaign_v1/all_methods_long120] [time_series][epoch 040] updated live plot
[etth1_long_campaign_v1/all_methods_long120] [time_series][epoch 041] lambda=0.0000 g_scale=0.000 train_total=0.08530478 train_sup=0.08530478 train_imit=0.00000000 mean_w=0.0000 active=0.0000 s_dense=0.00 s_pos=0.0000 s_sel=0.0000 s_sel_pos=0.0000 s_hot_err=0.000000 s_bg_err=0.000000 s_gap=0.000000 conf_cos=0.0000 conf_proj=0.00 val_mse=0.43497830 val_mae=0.46458275
[etth1_long_campaign_v1/all_methods_long120] [time_series][epoch 042] lambda=0.0000 g_scale=0.000 train_total=0.08493340 train_sup=0.08493340 train_imit=0.00000000 mean_w=0.0000 active=0.0000 s_dense=0.00 s_pos=0.0000 s_sel=0.0000 s_sel_pos=0.0000 s_hot_err=0.000000 s_bg_err=0.000000 s_gap=0.000000 conf_cos=0.0000 conf_proj=0.00 val_mse=0.43081605 val_mae=0.46119076
[etth1_long_campaign_v1/all_methods_long120] [time_series][epoch 043] lambda=0.0000 g_scale=0.000 train_total=0.08498191 train_sup=0.08498191 train_imit=0.00000000 mean_w=0.0000 active=0.0000 s_dense=0.00 s_pos=0.0000 s_sel=0.0000 s_sel_pos=0.0000 s_hot_err=0.000000 s_bg_err=0.000000 s_gap=0.000000 conf_cos=0.0000 conf_proj=0.00 val_mse=0.40067272 val_mae=0.43732439
[etth1_long_campaign_v1/all_methods_long120] [time_series][epoch 044] lambda=0.0000 g_scale=0.000 train_total=0.08357646 train_sup=0.08357646 train_imit=0.00000000 mean_w=0.0000 active=0.0000 s_dense=0.00 s_pos=0.0000 s_sel=0.0000 s_sel_pos=0.0000 s_hot_err=0.000000 s_bg_err=0.000000 s_gap=0.000000 conf_cos=0.0000 conf_proj=0.00 val_mse=0.41594222 val_mae=0.44535807
[etth1_long_campaign_v1/all_methods_long120] [time_series][epoch 045] lambda=0.0000 g_scale=0.000 train_total=0.08279297 train_sup=0.08279297 train_imit=0.00000000 mean_w=0.0000 active=0.0000 s_dense=0.00 s_pos=0.0000 s_sel=0.0000 s_sel_pos=0.0000 s_hot_err=0.000000 s_bg_err=0.000000 s_gap=0.000000 conf_cos=0.0000 conf_proj=0.00 val_mse=0.41584258 val_mae=0.45042932
[etth1_long_campaign_v1/all_methods_long120] [time_series][epoch 046] lambda=0.0000 g_scale=0.000 train_total=0.08261273 train_sup=0.08261273 train_imit=0.00000000 mean_w=0.0000 active=0.0000 s_dense=0.00 s_pos=0.0000 s_sel=0.0000 s_sel_pos=0.0000 s_hot_err=0.000000 s_bg_err=0.000000 s_gap=0.000000 conf_cos=0.0000 conf_proj=0.00 val_mse=0.40937513 val_mae=0.44649897
[etth1_long_campaign_v1/all_methods_long120] [time_series][epoch 047] lambda=0.0000 g_scale=0.000 train_total=0.08225481 train_sup=0.08225481 train_imit=0.00000000 mean_w=0.0000 active=0.0000 s_dense=0.00 s_pos=0.0000 s_sel=0.0000 s_sel_pos=0.0000 s_hot_err=0.000000 s_bg_err=0.000000 s_gap=0.000000 conf_cos=0.0000 conf_proj=0.00 val_mse=0.40203639 val_mae=0.44186334
[etth1_long_campaign_v1/all_methods_long120] [time_series][epoch 048] lambda=0.0000 g_scale=0.000 train_total=0.08120174 train_sup=0.08120174 train_imit=0.00000000 mean_w=0.0000 active=0.0000 s_dense=0.00 s_pos=0.0000 s_sel=0.0000 s_sel_pos=0.0000 s_hot_err=0.000000 s_bg_err=0.000000 s_gap=0.000000 conf_cos=0.0000 conf_proj=0.00 val_mse=0.41044533 val_mae=0.44812130
[etth1_long_campaign_v1/all_methods_long120] [time_series][epoch 049] lambda=0.0000 g_scale=0.000 train_total=0.08175836 train_sup=0.08175836 train_imit=0.00000000 mean_w=0.0000 active=0.0000 s_dense=0.00 s_pos=0.0000 s_sel=0.0000 s_sel_pos=0.0000 s_hot_err=0.000000 s_bg_err=0.000000 s_gap=0.000000 conf_cos=0.0000 conf_proj=0.00 val_mse=0.40915003 val_mae=0.44813035
[etth1_long_campaign_v1/all_methods_long120] [time_series][epoch 050] lambda=0.0000 g_scale=0.000 train_total=0.08099524 train_sup=0.08099524 train_imit=0.00000000 mean_w=0.0000 active=0.0000 s_dense=0.00 s_pos=0.0000 s_sel=0.0000 s_sel_pos=0.0000 s_hot_err=0.000000 s_bg_err=0.000000 s_gap=0.000000 conf_cos=0.0000 conf_proj=0.00 val_mse=0.44578675 val_mae=0.47371419
[etth1_long_campaign_v1/all_methods_long120] [time_series][epoch 050] updated live plot
[etth1_long_campaign_v1/all_methods_long120] [time_series][epoch 051] lambda=0.0000 g_scale=0.000 train_total=0.08036449 train_sup=0.08036449 train_imit=0.00000000 mean_w=0.0000 active=0.0000 s_dense=0.00 s_pos=0.0000 s_sel=0.0000 s_sel_pos=0.0000 s_hot_err=0.000000 s_bg_err=0.000000 s_gap=0.000000 conf_cos=0.0000 conf_proj=0.00 val_mse=0.42926996 val_mae=0.46562677
[etth1_long_campaign_v1/all_methods_long120] [time_series][epoch 052] lambda=0.0000 g_scale=0.000 train_total=0.08121901 train_sup=0.08121901 train_imit=0.00000000 mean_w=0.0000 active=0.0000 s_dense=0.00 s_pos=0.0000 s_sel=0.0000 s_sel_pos=0.0000 s_hot_err=0.000000 s_bg_err=0.000000 s_gap=0.000000 conf_cos=0.0000 conf_proj=0.00 val_mse=0.41142142 val_mae=0.45267131
[etth1_long_campaign_v1/all_methods_long120] [time_series][epoch 053] lambda=0.0000 g_scale=0.000 train_total=0.07955257 train_sup=0.07955257 train_imit=0.00000000 mean_w=0.0000 active=0.0000 s_dense=0.00 s_pos=0.0000 s_sel=0.0000 s_sel_pos=0.0000 s_hot_err=0.000000 s_bg_err=0.000000 s_gap=0.000000 conf_cos=0.0000 conf_proj=0.00 val_mse=0.41892535 val_mae=0.45177674
[etth1_long_campaign_v1/all_methods_long120] [time_series][epoch 054] lambda=0.0000 g_scale=0.000 train_total=0.07939134 train_sup=0.07939134 train_imit=0.00000000 mean_w=0.0000 active=0.0000 s_dense=0.00 s_pos=0.0000 s_sel=0.0000 s_sel_pos=0.0000 s_hot_err=0.000000 s_bg_err=0.000000 s_gap=0.000000 conf_cos=0.0000 conf_proj=0.00 val_mse=0.45675597 val_mae=0.47947100
[etth1_long_campaign_v1/all_methods_long120] [time_series][epoch 055] lambda=0.0000 g_scale=0.000 train_total=0.07876912 train_sup=0.07876912 train_imit=0.00000000 mean_w=0.0000 active=0.0000 s_dense=0.00 s_pos=0.0000 s_sel=0.0000 s_sel_pos=0.0000 s_hot_err=0.000000 s_bg_err=0.000000 s_gap=0.000000 conf_cos=0.0000 conf_proj=0.00 val_mse=0.41557981 val_mae=0.45137407
[etth1_long_campaign_v1/all_methods_long120] [time_series][epoch 056] lambda=0.0000 g_scale=0.000 train_total=0.07864906 train_sup=0.07864906 train_imit=0.00000000 mean_w=0.0000 active=0.0000 s_dense=0.00 s_pos=0.0000 s_sel=0.0000 s_sel_pos=0.0000 s_hot_err=0.000000 s_bg_err=0.000000 s_gap=0.000000 conf_cos=0.0000 conf_proj=0.00 val_mse=0.40860316 val_mae=0.45017821
[etth1_long_campaign_v1/all_methods_long120] [time_series][epoch 057] lambda=0.0000 g_scale=0.000 train_total=0.07825275 train_sup=0.07825275 train_imit=0.00000000 mean_w=0.0000 active=0.0000 s_dense=0.00 s_pos=0.0000 s_sel=0.0000 s_sel_pos=0.0000 s_hot_err=0.000000 s_bg_err=0.000000 s_gap=0.000000 conf_cos=0.0000 conf_proj=0.00 val_mse=0.40978413 val_mae=0.44187230
[etth1_long_campaign_v1/all_methods_long120] [time_series][epoch 058] lambda=0.0000 g_scale=0.000 train_total=0.07814345 train_sup=0.07814345 train_imit=0.00000000 mean_w=0.0000 active=0.0000 s_dense=0.00 s_pos=0.0000 s_sel=0.0000 s_sel_pos=0.0000 s_hot_err=0.000000 s_bg_err=0.000000 s_gap=0.000000 conf_cos=0.0000 conf_proj=0.00 val_mse=0.43603070 val_mae=0.47166210
[etth1_long_campaign_v1/all_methods_long120] [time_series][epoch 059] lambda=0.0000 g_scale=0.000 train_total=0.07747585 train_sup=0.07747585 train_imit=0.00000000 mean_w=0.0000 active=0.0000 s_dense=0.00 s_pos=0.0000 s_sel=0.0000 s_sel_pos=0.0000 s_hot_err=0.000000 s_bg_err=0.000000 s_gap=0.000000 conf_cos=0.0000 conf_proj=0.00 val_mse=0.41955539 val_mae=0.45945618
[etth1_long_campaign_v1/all_methods_long120] [time_series][epoch 060] lambda=0.0000 g_scale=0.000 train_total=0.07688925 train_sup=0.07688925 train_imit=0.00000000 mean_w=0.0000 active=0.0000 s_dense=0.00 s_pos=0.0000 s_sel=0.0000 s_sel_pos=0.0000 s_hot_err=0.000000 s_bg_err=0.000000 s_gap=0.000000 conf_cos=0.0000 conf_proj=0.00 val_mse=0.44388850 val_mae=0.47275807
[etth1_long_campaign_v1/all_methods_long120] [time_series][epoch 060] updated live plot
[etth1_long_campaign_v1/all_methods_long120] [time_series][epoch 061] lambda=0.0000 g_scale=0.000 train_total=0.07711621 train_sup=0.07711621 train_imit=0.00000000 mean_w=0.0000 active=0.0000 s_dense=0.00 s_pos=0.0000 s_sel=0.0000 s_sel_pos=0.0000 s_hot_err=0.000000 s_bg_err=0.000000 s_gap=0.000000 conf_cos=0.0000 conf_proj=0.00 val_mse=0.42500361 val_mae=0.46673669
[etth1_long_campaign_v1/all_methods_long120] [time_series][epoch 062] lambda=0.0000 g_scale=0.000 train_total=0.07636506 train_sup=0.07636506 train_imit=0.00000000 mean_w=0.0000 active=0.0000 s_dense=0.00 s_pos=0.0000 s_sel=0.0000 s_sel_pos=0.0000 s_hot_err=0.000000 s_bg_err=0.000000 s_gap=0.000000 conf_cos=0.0000 conf_proj=0.00 val_mse=0.42393362 val_mae=0.45923646
[etth1_long_campaign_v1/all_methods_long120] [time_series][epoch 063] lambda=0.0000 g_scale=0.000 train_total=0.07626337 train_sup=0.07626337 train_imit=0.00000000 mean_w=0.0000 active=0.0000 s_dense=0.00 s_pos=0.0000 s_sel=0.0000 s_sel_pos=0.0000 s_hot_err=0.000000 s_bg_err=0.000000 s_gap=0.000000 conf_cos=0.0000 conf_proj=0.00 val_mse=0.46327214 val_mae=0.48605218
[etth1_long_campaign_v1/all_methods_long120] [time_series][epoch 064] lambda=0.0000 g_scale=0.000 train_total=0.07617902 train_sup=0.07617902 train_imit=0.00000000 mean_w=0.0000 active=0.0000 s_dense=0.00 s_pos=0.0000 s_sel=0.0000 s_sel_pos=0.0000 s_hot_err=0.000000 s_bg_err=0.000000 s_gap=0.000000 conf_cos=0.0000 conf_proj=0.00 val_mse=0.42890411 val_mae=0.46050334
[etth1_long_campaign_v1/all_methods_long120] [time_series][epoch 065] lambda=0.0000 g_scale=0.000 train_total=0.07543246 train_sup=0.07543246 train_imit=0.00000000 mean_w=0.0000 active=0.0000 s_dense=0.00 s_pos=0.0000 s_sel=0.0000 s_sel_pos=0.0000 s_hot_err=0.000000 s_bg_err=0.000000 s_gap=0.000000 conf_cos=0.0000 conf_proj=0.00 val_mse=0.45752342 val_mae=0.48118507
[etth1_long_campaign_v1/all_methods_long120] [time_series][epoch 066] lambda=0.0000 g_scale=0.000 train_total=0.07523798 train_sup=0.07523798 train_imit=0.00000000 mean_w=0.0000 active=0.0000 s_dense=0.00 s_pos=0.0000 s_sel=0.0000 s_sel_pos=0.0000 s_hot_err=0.000000 s_bg_err=0.000000 s_gap=0.000000 conf_cos=0.0000 conf_proj=0.00 val_mse=0.42514902 val_mae=0.46173519
[etth1_long_campaign_v1/all_methods_long120] [time_series][epoch 067] lambda=0.0000 g_scale=0.000 train_total=0.07585181 train_sup=0.07585181 train_imit=0.00000000 mean_w=0.0000 active=0.0000 s_dense=0.00 s_pos=0.0000 s_sel=0.0000 s_sel_pos=0.0000 s_hot_err=0.000000 s_bg_err=0.000000 s_gap=0.000000 conf_cos=0.0000 conf_proj=0.00 val_mse=0.42813190 val_mae=0.46050787
[etth1_long_campaign_v1/all_methods_long120] [time_series][epoch 068] lambda=0.0000 g_scale=0.000 train_total=0.07481748 train_sup=0.07481748 train_imit=0.00000000 mean_w=0.0000 active=0.0000 s_dense=0.00 s_pos=0.0000 s_sel=0.0000 s_sel_pos=0.0000 s_hot_err=0.000000 s_bg_err=0.000000 s_gap=0.000000 conf_cos=0.0000 conf_proj=0.00 val_mse=0.42586439 val_mae=0.45857645
[etth1_long_campaign_v1/all_methods_long120] [time_series][epoch 069] lambda=0.0000 g_scale=0.000 train_total=0.07422671 train_sup=0.07422671 train_imit=0.00000000 mean_w=0.0000 active=0.0000 s_dense=0.00 s_pos=0.0000 s_sel=0.0000 s_sel_pos=0.0000 s_hot_err=0.000000 s_bg_err=0.000000 s_gap=0.000000 conf_cos=0.0000 conf_proj=0.00 val_mse=0.42307796 val_mae=0.46087607
[etth1_long_campaign_v1/all_methods_long120] [time_series][epoch 070] lambda=0.0000 g_scale=0.000 train_total=0.07411366 train_sup=0.07411366 train_imit=0.00000000 mean_w=0.0000 active=0.0000 s_dense=0.00 s_pos=0.0000 s_sel=0.0000 s_sel_pos=0.0000 s_hot_err=0.000000 s_bg_err=0.000000 s_gap=0.000000 conf_cos=0.0000 conf_proj=0.00 val_mse=0.44615622 val_mae=0.47354289
[etth1_long_campaign_v1/all_methods_long120] [time_series][epoch 070] updated live plot
[etth1_long_campaign_v1/all_methods_long120] [time_series][epoch 071] lambda=0.0000 g_scale=0.000 train_total=0.07386535 train_sup=0.07386535 train_imit=0.00000000 mean_w=0.0000 active=0.0000 s_dense=0.00 s_pos=0.0000 s_sel=0.0000 s_sel_pos=0.0000 s_hot_err=0.000000 s_bg_err=0.000000 s_gap=0.000000 conf_cos=0.0000 conf_proj=0.00 val_mse=0.42704386 val_mae=0.46095308
[etth1_long_campaign_v1/all_methods_long120] [time_series][epoch 072] lambda=0.0000 g_scale=0.000 train_total=0.07384502 train_sup=0.07384502 train_imit=0.00000000 mean_w=0.0000 active=0.0000 s_dense=0.00 s_pos=0.0000 s_sel=0.0000 s_sel_pos=0.0000 s_hot_err=0.000000 s_bg_err=0.000000 s_gap=0.000000 conf_cos=0.0000 conf_proj=0.00 val_mse=0.44680973 val_mae=0.48104629
[etth1_long_campaign_v1/all_methods_long120] [time_series][epoch 073] lambda=0.0000 g_scale=0.000 train_total=0.07432944 train_sup=0.07432944 train_imit=0.00000000 mean_w=0.0000 active=0.0000 s_dense=0.00 s_pos=0.0000 s_sel=0.0000 s_sel_pos=0.0000 s_hot_err=0.000000 s_bg_err=0.000000 s_gap=0.000000 conf_cos=0.0000 conf_proj=0.00 val_mse=0.43434648 val_mae=0.46707659
[etth1_long_campaign_v1/all_methods_long120] [time_series][epoch 074] lambda=0.0000 g_scale=0.000 train_total=0.07328531 train_sup=0.07328531 train_imit=0.00000000 mean_w=0.0000 active=0.0000 s_dense=0.00 s_pos=0.0000 s_sel=0.0000 s_sel_pos=0.0000 s_hot_err=0.000000 s_bg_err=0.000000 s_gap=0.000000 conf_cos=0.0000 conf_proj=0.00 val_mse=0.43853054 val_mae=0.47710295
[etth1_long_campaign_v1/all_methods_long120] [time_series][epoch 075] lambda=0.0000 g_scale=0.000 train_total=0.07279966 train_sup=0.07279966 train_imit=0.00000000 mean_w=0.0000 active=0.0000 s_dense=0.00 s_pos=0.0000 s_sel=0.0000 s_sel_pos=0.0000 s_hot_err=0.000000 s_bg_err=0.000000 s_gap=0.000000 conf_cos=0.0000 conf_proj=0.00 val_mse=0.46094745 val_mae=0.49016574
[etth1_long_campaign_v1/all_methods_long120] [time_series][epoch 076] lambda=0.0000 g_scale=0.000 train_total=0.07301744 train_sup=0.07301744 train_imit=0.00000000 mean_w=0.0000 active=0.0000 s_dense=0.00 s_pos=0.0000 s_sel=0.0000 s_sel_pos=0.0000 s_hot_err=0.000000 s_bg_err=0.000000 s_gap=0.000000 conf_cos=0.0000 conf_proj=0.00 val_mse=0.43152919 val_mae=0.46820125
[etth1_long_campaign_v1/all_methods_long120] [time_series][epoch 077] lambda=0.0000 g_scale=0.000 train_total=0.07278932 train_sup=0.07278932 train_imit=0.00000000 mean_w=0.0000 active=0.0000 s_dense=0.00 s_pos=0.0000 s_sel=0.0000 s_sel_pos=0.0000 s_hot_err=0.000000 s_bg_err=0.000000 s_gap=0.000000 conf_cos=0.0000 conf_proj=0.00 val_mse=0.43754088 val_mae=0.47240713
[etth1_long_campaign_v1/all_methods_long120] [time_series][epoch 078] lambda=0.0000 g_scale=0.000 train_total=0.07264504 train_sup=0.07264504 train_imit=0.00000000 mean_w=0.0000 active=0.0000 s_dense=0.00 s_pos=0.0000 s_sel=0.0000 s_sel_pos=0.0000 s_hot_err=0.000000 s_bg_err=0.000000 s_gap=0.000000 conf_cos=0.0000 conf_proj=0.00 val_mse=0.45069919 val_mae=0.48651952
[etth1_long_campaign_v1/all_methods_long120] [time_series][epoch 079] lambda=0.0000 g_scale=0.000 train_total=0.07199452 train_sup=0.07199452 train_imit=0.00000000 mean_w=0.0000 active=0.0000 s_dense=0.00 s_pos=0.0000 s_sel=0.0000 s_sel_pos=0.0000 s_hot_err=0.000000 s_bg_err=0.000000 s_gap=0.000000 conf_cos=0.0000 conf_proj=0.00 val_mse=0.43129920 val_mae=0.46577865
[etth1_long_campaign_v1/all_methods_long120] [time_series][epoch 080] lambda=0.0000 g_scale=0.000 train_total=0.07187840 train_sup=0.07187840 train_imit=0.00000000 mean_w=0.0000 active=0.0000 s_dense=0.00 s_pos=0.0000 s_sel=0.0000 s_sel_pos=0.0000 s_hot_err=0.000000 s_bg_err=0.000000 s_gap=0.000000 conf_cos=0.0000 conf_proj=0.00 val_mse=0.43264158 val_mae=0.47169534
[etth1_long_campaign_v1/all_methods_long120] [time_series][epoch 080] updated live plot
[etth1_long_campaign_v1/all_methods_long120] [time_series][epoch 081] lambda=0.0000 g_scale=0.000 train_total=0.07136439 train_sup=0.07136439 train_imit=0.00000000 mean_w=0.0000 active=0.0000 s_dense=0.00 s_pos=0.0000 s_sel=0.0000 s_sel_pos=0.0000 s_hot_err=0.000000 s_bg_err=0.000000 s_gap=0.000000 conf_cos=0.0000 conf_proj=0.00 val_mse=0.41107875 val_mae=0.45159773
[etth1_long_campaign_v1/all_methods_long120] [time_series][epoch 082] lambda=0.0000 g_scale=0.000 train_total=0.07156681 train_sup=0.07156681 train_imit=0.00000000 mean_w=0.0000 active=0.0000 s_dense=0.00 s_pos=0.0000 s_sel=0.0000 s_sel_pos=0.0000 s_hot_err=0.000000 s_bg_err=0.000000 s_gap=0.000000 conf_cos=0.0000 conf_proj=0.00 val_mse=0.42667919 val_mae=0.46356128
[etth1_long_campaign_v1/all_methods_long120] [time_series][epoch 083] lambda=0.0000 g_scale=0.000 train_total=0.07135761 train_sup=0.07135761 train_imit=0.00000000 mean_w=0.0000 active=0.0000 s_dense=0.00 s_pos=0.0000 s_sel=0.0000 s_sel_pos=0.0000 s_hot_err=0.000000 s_bg_err=0.000000 s_gap=0.000000 conf_cos=0.0000 conf_proj=0.00 val_mse=0.44689161 val_mae=0.48323026
[etth1_long_campaign_v1/all_methods_long120] [time_series][epoch 084] lambda=0.0000 g_scale=0.000 train_total=0.07088343 train_sup=0.07088343 train_imit=0.00000000 mean_w=0.0000 active=0.0000 s_dense=0.00 s_pos=0.0000 s_sel=0.0000 s_sel_pos=0.0000 s_hot_err=0.000000 s_bg_err=0.000000 s_gap=0.000000 conf_cos=0.0000 conf_proj=0.00 val_mse=0.44080193 val_mae=0.47175497
[etth1_long_campaign_v1/all_methods_long120] [time_series][epoch 085] lambda=0.0000 g_scale=0.000 train_total=0.07078013 train_sup=0.07078013 train_imit=0.00000000 mean_w=0.0000 active=0.0000 s_dense=0.00 s_pos=0.0000 s_sel=0.0000 s_sel_pos=0.0000 s_hot_err=0.000000 s_bg_err=0.000000 s_gap=0.000000 conf_cos=0.0000 conf_proj=0.00 val_mse=0.41998944 val_mae=0.46062888
[etth1_long_campaign_v1/all_methods_long120] [time_series][epoch 086] lambda=0.0000 g_scale=0.000 train_total=0.07086412 train_sup=0.07086412 train_imit=0.00000000 mean_w=0.0000 active=0.0000 s_dense=0.00 s_pos=0.0000 s_sel=0.0000 s_sel_pos=0.0000 s_hot_err=0.000000 s_bg_err=0.000000 s_gap=0.000000 conf_cos=0.0000 conf_proj=0.00 val_mse=0.45266827 val_mae=0.48182592
[etth1_long_campaign_v1/all_methods_long120] [time_series][epoch 087] lambda=0.0000 g_scale=0.000 train_total=0.07090048 train_sup=0.07090048 train_imit=0.00000000 mean_w=0.0000 active=0.0000 s_dense=0.00 s_pos=0.0000 s_sel=0.0000 s_sel_pos=0.0000 s_hot_err=0.000000 s_bg_err=0.000000 s_gap=0.000000 conf_cos=0.0000 conf_proj=0.00 val_mse=0.41101297 val_mae=0.45370855
[etth1_long_campaign_v1/all_methods_long120] [time_series][epoch 088] lambda=0.0000 g_scale=0.000 train_total=0.07044637 train_sup=0.07044637 train_imit=0.00000000 mean_w=0.0000 active=0.0000 s_dense=0.00 s_pos=0.0000 s_sel=0.0000 s_sel_pos=0.0000 s_hot_err=0.000000 s_bg_err=0.000000 s_gap=0.000000 conf_cos=0.0000 conf_proj=0.00 val_mse=0.44226143 val_mae=0.47342812
[etth1_long_campaign_v1/all_methods_long120] [time_series][epoch 089] lambda=0.0000 g_scale=0.000 train_total=0.07003054 train_sup=0.07003054 train_imit=0.00000000 mean_w=0.0000 active=0.0000 s_dense=0.00 s_pos=0.0000 s_sel=0.0000 s_sel_pos=0.0000 s_hot_err=0.000000 s_bg_err=0.000000 s_gap=0.000000 conf_cos=0.0000 conf_proj=0.00 val_mse=0.42795458 val_mae=0.46722843
[etth1_long_campaign_v1/all_methods_long120] [time_series][epoch 090] lambda=0.0000 g_scale=0.000 train_total=0.07013796 train_sup=0.07013796 train_imit=0.00000000 mean_w=0.0000 active=0.0000 s_dense=0.00 s_pos=0.0000 s_sel=0.0000 s_sel_pos=0.0000 s_hot_err=0.000000 s_bg_err=0.000000 s_gap=0.000000 conf_cos=0.0000 conf_proj=0.00 val_mse=0.43718452 val_mae=0.47482582
[etth1_long_campaign_v1/all_methods_long120] [time_series][epoch 090] updated live plot
[etth1_long_campaign_v1/all_methods_long120] [time_series][epoch 091] lambda=0.0000 g_scale=0.000 train_total=0.06993157 train_sup=0.06993157 train_imit=0.00000000 mean_w=0.0000 active=0.0000 s_dense=0.00 s_pos=0.0000 s_sel=0.0000 s_sel_pos=0.0000 s_hot_err=0.000000 s_bg_err=0.000000 s_gap=0.000000 conf_cos=0.0000 conf_proj=0.00 val_mse=0.43561509 val_mae=0.47033632
[etth1_long_campaign_v1/all_methods_long120] [time_series][epoch 092] lambda=0.0000 g_scale=0.000 train_total=0.06980630 train_sup=0.06980630 train_imit=0.00000000 mean_w=0.0000 active=0.0000 s_dense=0.00 s_pos=0.0000 s_sel=0.0000 s_sel_pos=0.0000 s_hot_err=0.000000 s_bg_err=0.000000 s_gap=0.000000 conf_cos=0.0000 conf_proj=0.00 val_mse=0.43379347 val_mae=0.46962843
[etth1_long_campaign_v1/all_methods_long120] [time_series][epoch 093] lambda=0.0000 g_scale=0.000 train_total=0.06986767 train_sup=0.06986767 train_imit=0.00000000 mean_w=0.0000 active=0.0000 s_dense=0.00 s_pos=0.0000 s_sel=0.0000 s_sel_pos=0.0000 s_hot_err=0.000000 s_bg_err=0.000000 s_gap=0.000000 conf_cos=0.0000 conf_proj=0.00 val_mse=0.47693684 val_mae=0.50491117
[etth1_long_campaign_v1/all_methods_long120] [time_series][epoch 094] lambda=0.0000 g_scale=0.000 train_total=0.06926443 train_sup=0.06926443 train_imit=0.00000000 mean_w=0.0000 active=0.0000 s_dense=0.00 s_pos=0.0000 s_sel=0.0000 s_sel_pos=0.0000 s_hot_err=0.000000 s_bg_err=0.000000 s_gap=0.000000 conf_cos=0.0000 conf_proj=0.00 val_mse=0.44225763 val_mae=0.47668530
[etth1_long_campaign_v1/all_methods_long120] [time_series][epoch 095] lambda=0.0000 g_scale=0.000 train_total=0.06908597 train_sup=0.06908597 train_imit=0.00000000 mean_w=0.0000 active=0.0000 s_dense=0.00 s_pos=0.0000 s_sel=0.0000 s_sel_pos=0.0000 s_hot_err=0.000000 s_bg_err=0.000000 s_gap=0.000000 conf_cos=0.0000 conf_proj=0.00 val_mse=0.43121415 val_mae=0.46417447
[etth1_long_campaign_v1/all_methods_long120] [time_series][epoch 096] lambda=0.0000 g_scale=0.000 train_total=0.06936135 train_sup=0.06936135 train_imit=0.00000000 mean_w=0.0000 active=0.0000 s_dense=0.00 s_pos=0.0000 s_sel=0.0000 s_sel_pos=0.0000 s_hot_err=0.000000 s_bg_err=0.000000 s_gap=0.000000 conf_cos=0.0000 conf_proj=0.00 val_mse=0.41831745 val_mae=0.45859699
[etth1_long_campaign_v1/all_methods_long120] [time_series][epoch 097] lambda=0.0000 g_scale=0.000 train_total=0.06873611 train_sup=0.06873611 train_imit=0.00000000 mean_w=0.0000 active=0.0000 s_dense=0.00 s_pos=0.0000 s_sel=0.0000 s_sel_pos=0.0000 s_hot_err=0.000000 s_bg_err=0.000000 s_gap=0.000000 conf_cos=0.0000 conf_proj=0.00 val_mse=0.42640208 val_mae=0.46195655
[etth1_long_campaign_v1/all_methods_long120] [time_series][epoch 098] lambda=0.0000 g_scale=0.000 train_total=0.06865894 train_sup=0.06865894 train_imit=0.00000000 mean_w=0.0000 active=0.0000 s_dense=0.00 s_pos=0.0000 s_sel=0.0000 s_sel_pos=0.0000 s_hot_err=0.000000 s_bg_err=0.000000 s_gap=0.000000 conf_cos=0.0000 conf_proj=0.00 val_mse=0.43289355 val_mae=0.46169885
[etth1_long_campaign_v1/all_methods_long120] [time_series][epoch 099] lambda=0.0000 g_scale=0.000 train_total=0.06841091 train_sup=0.06841091 train_imit=0.00000000 mean_w=0.0000 active=0.0000 s_dense=0.00 s_pos=0.0000 s_sel=0.0000 s_sel_pos=0.0000 s_hot_err=0.000000 s_bg_err=0.000000 s_gap=0.000000 conf_cos=0.0000 conf_proj=0.00 val_mse=0.40958073 val_mae=0.45177692
[etth1_long_campaign_v1/all_methods_long120] [time_series][epoch 100] lambda=0.0000 g_scale=0.000 train_total=0.06834910 train_sup=0.06834910 train_imit=0.00000000 mean_w=0.0000 active=0.0000 s_dense=0.00 s_pos=0.0000 s_sel=0.0000 s_sel_pos=0.0000 s_hot_err=0.000000 s_bg_err=0.000000 s_gap=0.000000 conf_cos=0.0000 conf_proj=0.00 val_mse=0.43319837 val_mae=0.47090993
[etth1_long_campaign_v1/all_methods_long120] [time_series][epoch 100] updated live plot
[etth1_long_campaign_v1/all_methods_long120] [time_series][epoch 101] lambda=0.0000 g_scale=0.000 train_total=0.06825740 train_sup=0.06825740 train_imit=0.00000000 mean_w=0.0000 active=0.0000 s_dense=0.00 s_pos=0.0000 s_sel=0.0000 s_sel_pos=0.0000 s_hot_err=0.000000 s_bg_err=0.000000 s_gap=0.000000 conf_cos=0.0000 conf_proj=0.00 val_mse=0.41884194 val_mae=0.46062739
[etth1_long_campaign_v1/all_methods_long120] [time_series][epoch 102] lambda=0.0000 g_scale=0.000 train_total=0.06809629 train_sup=0.06809629 train_imit=0.00000000 mean_w=0.0000 active=0.0000 s_dense=0.00 s_pos=0.0000 s_sel=0.0000 s_sel_pos=0.0000 s_hot_err=0.000000 s_bg_err=0.000000 s_gap=0.000000 conf_cos=0.0000 conf_proj=0.00 val_mse=0.44271832 val_mae=0.46915187
[etth1_long_campaign_v1/all_methods_long120] [time_series][epoch 103] lambda=0.0000 g_scale=0.000 train_total=0.06818527 train_sup=0.06818527 train_imit=0.00000000 mean_w=0.0000 active=0.0000 s_dense=0.00 s_pos=0.0000 s_sel=0.0000 s_sel_pos=0.0000 s_hot_err=0.000000 s_bg_err=0.000000 s_gap=0.000000 conf_cos=0.0000 conf_proj=0.00 val_mse=0.42027037 val_mae=0.45703599
[etth1_long_campaign_v1/all_methods_long120] [time_series][epoch 104] lambda=0.0000 g_scale=0.000 train_total=0.06764542 train_sup=0.06764542 train_imit=0.00000000 mean_w=0.0000 active=0.0000 s_dense=0.00 s_pos=0.0000 s_sel=0.0000 s_sel_pos=0.0000 s_hot_err=0.000000 s_bg_err=0.000000 s_gap=0.000000 conf_cos=0.0000 conf_proj=0.00 val_mse=0.45580818 val_mae=0.48242876
[etth1_long_campaign_v1/all_methods_long120] [time_series][epoch 105] lambda=0.0000 g_scale=0.000 train_total=0.06767327 train_sup=0.06767327 train_imit=0.00000000 mean_w=0.0000 active=0.0000 s_dense=0.00 s_pos=0.0000 s_sel=0.0000 s_sel_pos=0.0000 s_hot_err=0.000000 s_bg_err=0.000000 s_gap=0.000000 conf_cos=0.0000 conf_proj=0.00 val_mse=0.44666108 val_mae=0.47832497
[etth1_long_campaign_v1/all_methods_long120] [time_series][epoch 106] lambda=0.0000 g_scale=0.000 train_total=0.06744073 train_sup=0.06744073 train_imit=0.00000000 mean_w=0.0000 active=0.0000 s_dense=0.00 s_pos=0.0000 s_sel=0.0000 s_sel_pos=0.0000 s_hot_err=0.000000 s_bg_err=0.000000 s_gap=0.000000 conf_cos=0.0000 conf_proj=0.00 val_mse=0.42184819 val_mae=0.45489038
[etth1_long_campaign_v1/all_methods_long120] [time_series][epoch 107] lambda=0.0000 g_scale=0.000 train_total=0.06735669 train_sup=0.06735669 train_imit=0.00000000 mean_w=0.0000 active=0.0000 s_dense=0.00 s_pos=0.0000 s_sel=0.0000 s_sel_pos=0.0000 s_hot_err=0.000000 s_bg_err=0.000000 s_gap=0.000000 conf_cos=0.0000 conf_proj=0.00 val_mse=0.40505301 val_mae=0.44490181
[etth1_long_campaign_v1/all_methods_long120] [time_series][epoch 108] lambda=0.0000 g_scale=0.000 train_total=0.06710402 train_sup=0.06710402 train_imit=0.00000000 mean_w=0.0000 active=0.0000 s_dense=0.00 s_pos=0.0000 s_sel=0.0000 s_sel_pos=0.0000 s_hot_err=0.000000 s_bg_err=0.000000 s_gap=0.000000 conf_cos=0.0000 conf_proj=0.00 val_mse=0.42696591 val_mae=0.46478086
[etth1_long_campaign_v1/all_methods_long120] [time_series][epoch 109] lambda=0.0000 g_scale=0.000 train_total=0.06671118 train_sup=0.06671118 train_imit=0.00000000 mean_w=0.0000 active=0.0000 s_dense=0.00 s_pos=0.0000 s_sel=0.0000 s_sel_pos=0.0000 s_hot_err=0.000000 s_bg_err=0.000000 s_gap=0.000000 conf_cos=0.0000 conf_proj=0.00 val_mse=0.41649997 val_mae=0.45186023
[etth1_long_campaign_v1/all_methods_long120] [time_series][epoch 110] lambda=0.0000 g_scale=0.000 train_total=0.06671870 train_sup=0.06671870 train_imit=0.00000000 mean_w=0.0000 active=0.0000 s_dense=0.00 s_pos=0.0000 s_sel=0.0000 s_sel_pos=0.0000 s_hot_err=0.000000 s_bg_err=0.000000 s_gap=0.000000 conf_cos=0.0000 conf_proj=0.00 val_mse=0.46875924 val_mae=0.49457465
[etth1_long_campaign_v1/all_methods_long120] [time_series][epoch 110] updated live plot
[etth1_long_campaign_v1/all_methods_long120] [time_series][epoch 111] lambda=0.0000 g_scale=0.000 train_total=0.06696275 train_sup=0.06696275 train_imit=0.00000000 mean_w=0.0000 active=0.0000 s_dense=0.00 s_pos=0.0000 s_sel=0.0000 s_sel_pos=0.0000 s_hot_err=0.000000 s_bg_err=0.000000 s_gap=0.000000 conf_cos=0.0000 conf_proj=0.00 val_mse=0.45146983 val_mae=0.47986479
[etth1_long_campaign_v1/all_methods_long120] [time_series][epoch 112] lambda=0.0000 g_scale=0.000 train_total=0.06714008 train_sup=0.06714008 train_imit=0.00000000 mean_w=0.0000 active=0.0000 s_dense=0.00 s_pos=0.0000 s_sel=0.0000 s_sel_pos=0.0000 s_hot_err=0.000000 s_bg_err=0.000000 s_gap=0.000000 conf_cos=0.0000 conf_proj=0.00 val_mse=0.46000102 val_mae=0.48712754
[etth1_long_campaign_v1/all_methods_long120] [time_series][epoch 113] lambda=0.0000 g_scale=0.000 train_total=0.06674134 train_sup=0.06674134 train_imit=0.00000000 mean_w=0.0000 active=0.0000 s_dense=0.00 s_pos=0.0000 s_sel=0.0000 s_sel_pos=0.0000 s_hot_err=0.000000 s_bg_err=0.000000 s_gap=0.000000 conf_cos=0.0000 conf_proj=0.00 val_mse=0.45681979 val_mae=0.48240517
[etth1_long_campaign_v1/all_methods_long120] [time_series][epoch 114] lambda=0.0000 g_scale=0.000 train_total=0.06580008 train_sup=0.06580008 train_imit=0.00000000 mean_w=0.0000 active=0.0000 s_dense=0.00 s_pos=0.0000 s_sel=0.0000 s_sel_pos=0.0000 s_hot_err=0.000000 s_bg_err=0.000000 s_gap=0.000000 conf_cos=0.0000 conf_proj=0.00 val_mse=0.44546143 val_mae=0.47716675
[etth1_long_campaign_v1/all_methods_long120] [time_series][epoch 115] lambda=0.0000 g_scale=0.000 train_total=0.06641921 train_sup=0.06641921 train_imit=0.00000000 mean_w=0.0000 active=0.0000 s_dense=0.00 s_pos=0.0000 s_sel=0.0000 s_sel_pos=0.0000 s_hot_err=0.000000 s_bg_err=0.000000 s_gap=0.000000 conf_cos=0.0000 conf_proj=0.00 val_mse=0.45226014 val_mae=0.47642602
[etth1_long_campaign_v1/all_methods_long120] [time_series][epoch 116] lambda=0.0000 g_scale=0.000 train_total=0.06594529 train_sup=0.06594529 train_imit=0.00000000 mean_w=0.0000 active=0.0000 s_dense=0.00 s_pos=0.0000 s_sel=0.0000 s_sel_pos=0.0000 s_hot_err=0.000000 s_bg_err=0.000000 s_gap=0.000000 conf_cos=0.0000 conf_proj=0.00 val_mse=0.48735409 val_mae=0.50454025
[etth1_long_campaign_v1/all_methods_long120] [time_series][epoch 117] lambda=0.0000 g_scale=0.000 train_total=0.06629108 train_sup=0.06629108 train_imit=0.00000000 mean_w=0.0000 active=0.0000 s_dense=0.00 s_pos=0.0000 s_sel=0.0000 s_sel_pos=0.0000 s_hot_err=0.000000 s_bg_err=0.000000 s_gap=0.000000 conf_cos=0.0000 conf_proj=0.00 val_mse=0.43631361 val_mae=0.46835830
[etth1_long_campaign_v1/all_methods_long120] [time_series][epoch 118] lambda=0.0000 g_scale=0.000 train_total=0.06573176 train_sup=0.06573176 train_imit=0.00000000 mean_w=0.0000 active=0.0000 s_dense=0.00 s_pos=0.0000 s_sel=0.0000 s_sel_pos=0.0000 s_hot_err=0.000000 s_bg_err=0.000000 s_gap=0.000000 conf_cos=0.0000 conf_proj=0.00 val_mse=0.43664472 val_mae=0.46755865
[etth1_long_campaign_v1/all_methods_long120] [time_series][epoch 119] lambda=0.0000 g_scale=0.000 train_total=0.06598463 train_sup=0.06598463 train_imit=0.00000000 mean_w=0.0000 active=0.0000 s_dense=0.00 s_pos=0.0000 s_sel=0.0000 s_sel_pos=0.0000 s_hot_err=0.000000 s_bg_err=0.000000 s_gap=0.000000 conf_cos=0.0000 conf_proj=0.00 val_mse=0.41770659 val_mae=0.45869592
[etth1_long_campaign_v1/all_methods_long120] [time_series][epoch 120] lambda=0.0000 g_scale=0.000 train_total=0.06550228 train_sup=0.06550228 train_imit=0.00000000 mean_w=0.0000 active=0.0000 s_dense=0.00 s_pos=0.0000 s_sel=0.0000 s_sel_pos=0.0000 s_hot_err=0.000000 s_bg_err=0.000000 s_gap=0.000000 conf_cos=0.0000 conf_proj=0.00 val_mse=0.43864979 val_mae=0.46651293
[etth1_long_campaign_v1/all_methods_long120] [time_series][epoch 120] updated live plot
[etth1_long_campaign_v1/all_methods_long120] [time_series] done
[etth1_long_campaign_v1/all_methods_long120] [time_series] dataset=etth1 pair=transformer:dlinear method=dml seed=9 pred_len=24
[etth1_long_campaign_v1/all_methods_long120] [time_series] run_dir=results/time_series_etth1_long_campaign_v1_worker1_gpu0_queue/all_methods_long120/time_series/etth1/transformer__dlinear_dml_huber_seed9
[etth1_long_campaign_v1/all_methods_long120] [time_series] params=419240
[etth1_long_campaign_v1/all_methods_long120] [time_series][epoch 001] lambda=0.0010 g_scale=0.000 train_total=0.36900821 train_sup=0.36885949 train_imit=0.14871796 mean_w=0.0302 active=0.4769 s_dense=0.00 s_pos=0.0000 s_sel=0.0000 s_sel_pos=0.0000 s_hot_err=0.000000 s_bg_err=0.000000 s_gap=0.000000 conf_cos=0.0000 conf_proj=0.00 val_mse=0.36706874 val_mae=0.42977792 | p_pos=0.0000 p_dense=0.00 p_sel=0.0000 p_sel_pos=0.0000 p_hot_err=0.000000 p_bg_err=0.000000 p_gap=0.000000 peer_val_mse=0.32450633 peer_val_mae=0.38811399
[etth1_long_campaign_v1/all_methods_long120] [time_series][epoch 002] lambda=0.0010 g_scale=0.000 train_total=0.25797358 train_sup=0.25786512 train_imit=0.10846491 mean_w=0.0225 active=0.4438 s_dense=0.00 s_pos=0.0000 s_sel=0.0000 s_sel_pos=0.0000 s_hot_err=0.000000 s_bg_err=0.000000 s_gap=0.000000 conf_cos=0.0000 conf_proj=0.00 val_mse=0.35004086 val_mae=0.41182842 | p_pos=0.0000 p_dense=0.00 p_sel=0.0000 p_sel_pos=0.0000 p_hot_err=0.000000 p_bg_err=0.000000 p_gap=0.000000 peer_val_mse=0.30066227 peer_val_mae=0.36738041
[etth1_long_campaign_v1/all_methods_long120] [time_series][epoch 003] lambda=0.0010 g_scale=0.000 train_total=0.23516583 train_sup=0.23505356 train_imit=0.11226659 mean_w=0.0249 active=0.4722 s_dense=0.00 s_pos=0.0000 s_sel=0.0000 s_sel_pos=0.0000 s_hot_err=0.000000 s_bg_err=0.000000 s_gap=0.000000 conf_cos=0.0000 conf_proj=0.00 val_mse=0.34345192 val_mae=0.40804992 | p_pos=0.0000 p_dense=0.00 p_sel=0.0000 p_sel_pos=0.0000 p_hot_err=0.000000 p_bg_err=0.000000 p_gap=0.000000 peer_val_mse=0.28932540 peer_val_mae=0.35808002
[etth1_long_campaign_v1/all_methods_long120] [time_series][epoch 004] lambda=0.0010 g_scale=0.000 train_total=0.22048503 train_sup=0.22036536 train_imit=0.11966825 mean_w=0.0280 active=0.4951 s_dense=0.00 s_pos=0.0000 s_sel=0.0000 s_sel_pos=0.0000 s_hot_err=0.000000 s_bg_err=0.000000 s_gap=0.000000 conf_cos=0.0000 conf_proj=0.00 val_mse=0.35204097 val_mae=0.41323068 | p_pos=0.0000 p_dense=0.00 p_sel=0.0000 p_sel_pos=0.0000 p_hot_err=0.000000 p_bg_err=0.000000 p_gap=0.000000 peer_val_mse=0.28727185 peer_val_mae=0.35855009
[etth1_long_campaign_v1/all_methods_long120] [time_series][epoch 005] lambda=0.0010 g_scale=0.000 train_total=0.20599285 train_sup=0.20586098 train_imit=0.13187140 mean_w=0.0316 active=0.5304 s_dense=0.00 s_pos=0.0000 s_sel=0.0000 s_sel_pos=0.0000 s_hot_err=0.000000 s_bg_err=0.000000 s_gap=0.000000 conf_cos=0.0000 conf_proj=0.00 val_mse=0.33886440 val_mae=0.40488267 | p_pos=0.0000 p_dense=0.00 p_sel=0.0000 p_sel_pos=0.0000 p_hot_err=0.000000 p_bg_err=0.000000 p_gap=0.000000 peer_val_mse=0.28245128 peer_val_mae=0.35124637
[etth1_long_campaign_v1/all_methods_long120] [time_series][epoch 006] lambda=0.0010 g_scale=0.000 train_total=0.19406763 train_sup=0.19392966 train_imit=0.13797437 mean_w=0.0349 active=0.5602 s_dense=0.00 s_pos=0.0000 s_sel=0.0000 s_sel_pos=0.0000 s_hot_err=0.000000 s_bg_err=0.000000 s_gap=0.000000 conf_cos=0.0000 conf_proj=0.00 val_mse=0.33917883 val_mae=0.40088906 | p_pos=0.0000 p_dense=0.00 p_sel=0.0000 p_sel_pos=0.0000 p_hot_err=0.000000 p_bg_err=0.000000 p_gap=0.000000 peer_val_mse=0.28257417 peer_val_mae=0.35405187
[etth1_long_campaign_v1/all_methods_long120] [time_series][epoch 007] lambda=0.0010 g_scale=0.000 train_total=0.18249023 train_sup=0.18234349 train_imit=0.14673691 mean_w=0.0383 active=0.5908 s_dense=0.00 s_pos=0.0000 s_sel=0.0000 s_sel_pos=0.0000 s_hot_err=0.000000 s_bg_err=0.000000 s_gap=0.000000 conf_cos=0.0000 conf_proj=0.00 val_mse=0.33436858 val_mae=0.40291725 | p_pos=0.0000 p_dense=0.00 p_sel=0.0000 p_sel_pos=0.0000 p_hot_err=0.000000 p_bg_err=0.000000 p_gap=0.000000 peer_val_mse=0.27749316 peer_val_mae=0.34558980
[etth1_long_campaign_v1/all_methods_long120] [time_series][epoch 008] lambda=0.0010 g_scale=0.000 train_total=0.17178355 train_sup=0.17163079 train_imit=0.15275543 mean_w=0.0415 active=0.6163 s_dense=0.00 s_pos=0.0000 s_sel=0.0000 s_sel_pos=0.0000 s_hot_err=0.000000 s_bg_err=0.000000 s_gap=0.000000 conf_cos=0.0000 conf_proj=0.00 val_mse=0.33437376 val_mae=0.40593416 | p_pos=0.0000 p_dense=0.00 p_sel=0.0000 p_sel_pos=0.0000 p_hot_err=0.000000 p_bg_err=0.000000 p_gap=0.000000 peer_val_mse=0.27574246 peer_val_mae=0.34399290
[etth1_long_campaign_v1/all_methods_long120] [time_series][epoch 009] lambda=0.0010 g_scale=0.000 train_total=0.16115241 train_sup=0.16099468 train_imit=0.15772548 mean_w=0.0448 active=0.6508 s_dense=0.00 s_pos=0.0000 s_sel=0.0000 s_sel_pos=0.0000 s_hot_err=0.000000 s_bg_err=0.000000 s_gap=0.000000 conf_cos=0.0000 conf_proj=0.00 val_mse=0.36153225 val_mae=0.42532524 | p_pos=0.0000 p_dense=0.00 p_sel=0.0000 p_sel_pos=0.0000 p_hot_err=0.000000 p_bg_err=0.000000 p_gap=0.000000 peer_val_mse=0.27530299 peer_val_mae=0.34497256
[etth1_long_campaign_v1/all_methods_long120] [time_series][epoch 010] lambda=0.0010 g_scale=0.000 train_total=0.15340443 train_sup=0.15324352 train_imit=0.16091670 mean_w=0.0476 active=0.6745 s_dense=0.00 s_pos=0.0000 s_sel=0.0000 s_sel_pos=0.0000 s_hot_err=0.000000 s_bg_err=0.000000 s_gap=0.000000 conf_cos=0.0000 conf_proj=0.00 val_mse=0.36219739 val_mae=0.42280272 | p_pos=0.0000 p_dense=0.00 p_sel=0.0000 p_sel_pos=0.0000 p_hot_err=0.000000 p_bg_err=0.000000 p_gap=0.000000 peer_val_mse=0.27725482 peer_val_mae=0.34693845
[etth1_long_campaign_v1/all_methods_long120] [time_series][epoch 010] updated live plot
[etth1_long_campaign_v1/all_methods_long120] [time_series][epoch 011] lambda=0.0010 g_scale=0.000 train_total=0.14509164 train_sup=0.14493090 train_imit=0.16444026 mean_w=0.0503 active=0.6987 s_dense=0.00 s_pos=0.0000 s_sel=0.0000 s_sel_pos=0.0000 s_hot_err=0.000000 s_bg_err=0.000000 s_gap=0.000000 conf_cos=0.0000 conf_proj=0.00 val_mse=0.36251331 val_mae=0.41867251 | p_pos=0.0000 p_dense=0.00 p_sel=0.0000 p_sel_pos=0.0000 p_hot_err=0.000000 p_bg_err=0.000000 p_gap=0.000000 peer_val_mse=0.27454132 peer_val_mae=0.34375978
[etth1_long_campaign_v1/all_methods_long120] [time_series][epoch 012] lambda=0.0010 g_scale=0.000 train_total=0.13904382 train_sup=0.13888362 train_imit=0.16775573 mean_w=0.0525 active=0.7202 s_dense=0.00 s_pos=0.0000 s_sel=0.0000 s_sel_pos=0.0000 s_hot_err=0.000000 s_bg_err=0.000000 s_gap=0.000000 conf_cos=0.0000 conf_proj=0.00 val_mse=0.35081360 val_mae=0.40669520 | p_pos=0.0000 p_dense=0.00 p_sel=0.0000 p_sel_pos=0.0000 p_hot_err=0.000000 p_bg_err=0.000000 p_gap=0.000000 peer_val_mse=0.27687526 peer_val_mae=0.34755180
[etth1_long_campaign_v1/all_methods_long120] [time_series][epoch 013] lambda=0.0009 g_scale=0.000 train_total=0.13285383 train_sup=0.13269450 train_imit=0.17086053 mean_w=0.0547 active=0.7405 s_dense=0.00 s_pos=0.0000 s_sel=0.0000 s_sel_pos=0.0000 s_hot_err=0.000000 s_bg_err=0.000000 s_gap=0.000000 conf_cos=0.0000 conf_proj=0.00 val_mse=0.36305388 val_mae=0.41278328 | p_pos=0.0000 p_dense=0.00 p_sel=0.0000 p_sel_pos=0.0000 p_hot_err=0.000000 p_bg_err=0.000000 p_gap=0.000000 peer_val_mse=0.27489993 peer_val_mae=0.34374717
[etth1_long_campaign_v1/all_methods_long120] [time_series][epoch 014] lambda=0.0009 g_scale=0.000 train_total=0.12882302 train_sup=0.12866753 train_imit=0.17087317 mean_w=0.0562 active=0.7548 s_dense=0.00 s_pos=0.0000 s_sel=0.0000 s_sel_pos=0.0000 s_hot_err=0.000000 s_bg_err=0.000000 s_gap=0.000000 conf_cos=0.0000 conf_proj=0.00 val_mse=0.40978512 val_mae=0.45669523 | p_pos=0.0000 p_dense=0.00 p_sel=0.0000 p_sel_pos=0.0000 p_hot_err=0.000000 p_bg_err=0.000000 p_gap=0.000000 peer_val_mse=0.27596622 peer_val_mae=0.34628770
[etth1_long_campaign_v1/all_methods_long120] [time_series][epoch 015] lambda=0.0009 g_scale=0.000 train_total=0.12444516 train_sup=0.12429304 train_imit=0.17140334 mean_w=0.0579 active=0.7680 s_dense=0.00 s_pos=0.0000 s_sel=0.0000 s_sel_pos=0.0000 s_hot_err=0.000000 s_bg_err=0.000000 s_gap=0.000000 conf_cos=0.0000 conf_proj=0.00 val_mse=0.36754351 val_mae=0.41290103 | p_pos=0.0000 p_dense=0.00 p_sel=0.0000 p_sel_pos=0.0000 p_hot_err=0.000000 p_bg_err=0.000000 p_gap=0.000000 peer_val_mse=0.27581613 peer_val_mae=0.34772050
[etth1_long_campaign_v1/all_methods_long120] [time_series][epoch 016] lambda=0.0009 g_scale=0.000 train_total=0.12119175 train_sup=0.12104215 train_imit=0.17294613 mean_w=0.0591 active=0.7772 s_dense=0.00 s_pos=0.0000 s_sel=0.0000 s_sel_pos=0.0000 s_hot_err=0.000000 s_bg_err=0.000000 s_gap=0.000000 conf_cos=0.0000 conf_proj=0.00 val_mse=0.36778148 val_mae=0.43235751 | p_pos=0.0000 p_dense=0.00 p_sel=0.0000 p_sel_pos=0.0000 p_hot_err=0.000000 p_bg_err=0.000000 p_gap=0.000000 peer_val_mse=0.27520692 peer_val_mae=0.34243755
[etth1_long_campaign_v1/all_methods_long120] [time_series][epoch 017] lambda=0.0008 g_scale=0.000 train_total=0.11724853 train_sup=0.11710120 train_imit=0.17487653 mean_w=0.0605 active=0.7907 s_dense=0.00 s_pos=0.0000 s_sel=0.0000 s_sel_pos=0.0000 s_hot_err=0.000000 s_bg_err=0.000000 s_gap=0.000000 conf_cos=0.0000 conf_proj=0.00 val_mse=0.37394013 val_mae=0.41731826 | p_pos=0.0000 p_dense=0.00 p_sel=0.0000 p_sel_pos=0.0000 p_hot_err=0.000000 p_bg_err=0.000000 p_gap=0.000000 peer_val_mse=0.27388988 peer_val_mae=0.34145381
[etth1_long_campaign_v1/all_methods_long120] [time_series][epoch 018] lambda=0.0008 g_scale=0.000 train_total=0.11589820 train_sup=0.11575393 train_imit=0.17594481 mean_w=0.0611 active=0.8000 s_dense=0.00 s_pos=0.0000 s_sel=0.0000 s_sel_pos=0.0000 s_hot_err=0.000000 s_bg_err=0.000000 s_gap=0.000000 conf_cos=0.0000 conf_proj=0.00 val_mse=0.36733466 val_mae=0.41145119 | p_pos=0.0000 p_dense=0.00 p_sel=0.0000 p_sel_pos=0.0000 p_hot_err=0.000000 p_bg_err=0.000000 p_gap=0.000000 peer_val_mse=0.27487436 peer_val_mae=0.34441055
[etth1_long_campaign_v1/all_methods_long120] [time_series][epoch 019] lambda=0.0008 g_scale=0.000 train_total=0.11193597 train_sup=0.11179507 train_imit=0.17667729 mean_w=0.0627 active=0.8121 s_dense=0.00 s_pos=0.0000 s_sel=0.0000 s_sel_pos=0.0000 s_hot_err=0.000000 s_bg_err=0.000000 s_gap=0.000000 conf_cos=0.0000 conf_proj=0.00 val_mse=0.39931358 val_mae=0.44393944 | p_pos=0.0000 p_dense=0.00 p_sel=0.0000 p_sel_pos=0.0000 p_hot_err=0.000000 p_bg_err=0.000000 p_gap=0.000000 peer_val_mse=0.27309783 peer_val_mae=0.34166007
[etth1_long_campaign_v1/all_methods_long120] [time_series][epoch 020] lambda=0.0008 g_scale=0.000 train_total=0.10938845 train_sup=0.10925255 train_imit=0.17535398 mean_w=0.0636 active=0.8237 s_dense=0.00 s_pos=0.0000 s_sel=0.0000 s_sel_pos=0.0000 s_hot_err=0.000000 s_bg_err=0.000000 s_gap=0.000000 conf_cos=0.0000 conf_proj=0.00 val_mse=0.36149301 val_mae=0.41916717 | p_pos=0.0000 p_dense=0.00 p_sel=0.0000 p_sel_pos=0.0000 p_hot_err=0.000000 p_bg_err=0.000000 p_gap=0.000000 peer_val_mse=0.27313891 peer_val_mae=0.34086977
[etth1_long_campaign_v1/all_methods_long120] [time_series][epoch 020] updated live plot
[etth1_long_campaign_v1/all_methods_long120] [time_series][epoch 021] lambda=0.0008 g_scale=0.000 train_total=0.10815511 train_sup=0.10802169 train_imit=0.17730218 mean_w=0.0641 active=0.8266 s_dense=0.00 s_pos=0.0000 s_sel=0.0000 s_sel_pos=0.0000 s_hot_err=0.000000 s_bg_err=0.000000 s_gap=0.000000 conf_cos=0.0000 conf_proj=0.00 val_mse=0.36976762 val_mae=0.42742545 | p_pos=0.0000 p_dense=0.00 p_sel=0.0000 p_sel_pos=0.0000 p_hot_err=0.000000 p_bg_err=0.000000 p_gap=0.000000 peer_val_mse=0.27354606 peer_val_mae=0.34137367
[etth1_long_campaign_v1/all_methods_long120] [time_series][epoch 022] lambda=0.0007 g_scale=0.000 train_total=0.10581014 train_sup=0.10568170 train_imit=0.17594807 mean_w=0.0650 active=0.8348 s_dense=0.00 s_pos=0.0000 s_sel=0.0000 s_sel_pos=0.0000 s_hot_err=0.000000 s_bg_err=0.000000 s_gap=0.000000 conf_cos=0.0000 conf_proj=0.00 val_mse=0.39052212 val_mae=0.43713268 | p_pos=0.0000 p_dense=0.00 p_sel=0.0000 p_sel_pos=0.0000 p_hot_err=0.000000 p_bg_err=0.000000 p_gap=0.000000 peer_val_mse=0.27371482 peer_val_mae=0.34358466
[etth1_long_campaign_v1/all_methods_long120] [time_series][epoch 023] lambda=0.0007 g_scale=0.000 train_total=0.10433845 train_sup=0.10421212 train_imit=0.17855361 mean_w=0.0656 active=0.8402 s_dense=0.00 s_pos=0.0000 s_sel=0.0000 s_sel_pos=0.0000 s_hot_err=0.000000 s_bg_err=0.000000 s_gap=0.000000 conf_cos=0.0000 conf_proj=0.00 val_mse=0.36775026 val_mae=0.41918644 | p_pos=0.0000 p_dense=0.00 p_sel=0.0000 p_sel_pos=0.0000 p_hot_err=0.000000 p_bg_err=0.000000 p_gap=0.000000 peer_val_mse=0.27370531 peer_val_mae=0.34128452
[etth1_long_campaign_v1/all_methods_long120] [time_series][epoch 024] lambda=0.0007 g_scale=0.000 train_total=0.10208899 train_sup=0.10196780 train_imit=0.17693201 mean_w=0.0666 active=0.8518 s_dense=0.00 s_pos=0.0000 s_sel=0.0000 s_sel_pos=0.0000 s_hot_err=0.000000 s_bg_err=0.000000 s_gap=0.000000 conf_cos=0.0000 conf_proj=0.00 val_mse=0.36686584 val_mae=0.41641562 | p_pos=0.0000 p_dense=0.00 p_sel=0.0000 p_sel_pos=0.0000 p_hot_err=0.000000 p_bg_err=0.000000 p_gap=0.000000 peer_val_mse=0.27170685 peer_val_mae=0.34014710
[etth1_long_campaign_v1/all_methods_long120] [time_series][epoch 025] lambda=0.0007 g_scale=0.000 train_total=0.10060565 train_sup=0.10048779 train_imit=0.17790353 mean_w=0.0672 active=0.8561 s_dense=0.00 s_pos=0.0000 s_sel=0.0000 s_sel_pos=0.0000 s_hot_err=0.000000 s_bg_err=0.000000 s_gap=0.000000 conf_cos=0.0000 conf_proj=0.00 val_mse=0.37692688 val_mae=0.42942520 | p_pos=0.0000 p_dense=0.00 p_sel=0.0000 p_sel_pos=0.0000 p_hot_err=0.000000 p_bg_err=0.000000 p_gap=0.000000 peer_val_mse=0.27385548 peer_val_mae=0.34162680
[etth1_long_campaign_v1/all_methods_long120] [time_series][epoch 026] lambda=0.0006 g_scale=0.000 train_total=0.09928184 train_sup=0.09916674 train_imit=0.17983832 mean_w=0.0677 active=0.8616 s_dense=0.00 s_pos=0.0000 s_sel=0.0000 s_sel_pos=0.0000 s_hot_err=0.000000 s_bg_err=0.000000 s_gap=0.000000 conf_cos=0.0000 conf_proj=0.00 val_mse=0.37589040 val_mae=0.42971571 | p_pos=0.0000 p_dense=0.00 p_sel=0.0000 p_sel_pos=0.0000 p_hot_err=0.000000 p_bg_err=0.000000 p_gap=0.000000 peer_val_mse=0.27615009 peer_val_mae=0.34609557
[etth1_long_campaign_v1/all_methods_long120] [time_series][epoch 027] lambda=0.0006 g_scale=0.000 train_total=0.09755653 train_sup=0.09744690 train_imit=0.17753544 mean_w=0.0683 active=0.8687 s_dense=0.00 s_pos=0.0000 s_sel=0.0000 s_sel_pos=0.0000 s_hot_err=0.000000 s_bg_err=0.000000 s_gap=0.000000 conf_cos=0.0000 conf_proj=0.00 val_mse=0.37033118 val_mae=0.41511494 | p_pos=0.0000 p_dense=0.00 p_sel=0.0000 p_sel_pos=0.0000 p_hot_err=0.000000 p_bg_err=0.000000 p_gap=0.000000 peer_val_mse=0.27330676 peer_val_mae=0.34253023
[etth1_long_campaign_v1/all_methods_long120] [time_series][epoch 028] lambda=0.0006 g_scale=0.000 train_total=0.09652016 train_sup=0.09641394 train_imit=0.17852863 mean_w=0.0689 active=0.8697 s_dense=0.00 s_pos=0.0000 s_sel=0.0000 s_sel_pos=0.0000 s_hot_err=0.000000 s_bg_err=0.000000 s_gap=0.000000 conf_cos=0.0000 conf_proj=0.00 val_mse=0.37161999 val_mae=0.42259426 | p_pos=0.0000 p_dense=0.00 p_sel=0.0000 p_sel_pos=0.0000 p_hot_err=0.000000 p_bg_err=0.000000 p_gap=0.000000 peer_val_mse=0.27251877 peer_val_mae=0.34140241
[etth1_long_campaign_v1/all_methods_long120] [time_series][epoch 029] lambda=0.0006 g_scale=0.000 train_total=0.09612820 train_sup=0.09602675 train_imit=0.17720468 mean_w=0.0691 active=0.8747 s_dense=0.00 s_pos=0.0000 s_sel=0.0000 s_sel_pos=0.0000 s_hot_err=0.000000 s_bg_err=0.000000 s_gap=0.000000 conf_cos=0.0000 conf_proj=0.00 val_mse=0.37361472 val_mae=0.42088825 | p_pos=0.0000 p_dense=0.00 p_sel=0.0000 p_sel_pos=0.0000 p_hot_err=0.000000 p_bg_err=0.000000 p_gap=0.000000 peer_val_mse=0.27500016 peer_val_mae=0.34666557
[etth1_long_campaign_v1/all_methods_long120] [time_series][epoch 030] lambda=0.0006 g_scale=0.000 train_total=0.09419331 train_sup=0.09409586 train_imit=0.17717923 mean_w=0.0700 active=0.8789 s_dense=0.00 s_pos=0.0000 s_sel=0.0000 s_sel_pos=0.0000 s_hot_err=0.000000 s_bg_err=0.000000 s_gap=0.000000 conf_cos=0.0000 conf_proj=0.00 val_mse=0.37189849 val_mae=0.42487296 | p_pos=0.0000 p_dense=0.00 p_sel=0.0000 p_sel_pos=0.0000 p_hot_err=0.000000 p_bg_err=0.000000 p_gap=0.000000 peer_val_mse=0.27649297 peer_val_mae=0.34708057
[etth1_long_campaign_v1/all_methods_long120] [time_series][epoch 030] updated live plot
[etth1_long_campaign_v1/all_methods_long120] [time_series][epoch 031] lambda=0.0005 g_scale=0.000 train_total=0.09341476 train_sup=0.09332014 train_imit=0.17937323 mean_w=0.0700 active=0.8822 s_dense=0.00 s_pos=0.0000 s_sel=0.0000 s_sel_pos=0.0000 s_hot_err=0.000000 s_bg_err=0.000000 s_gap=0.000000 conf_cos=0.0000 conf_proj=0.00 val_mse=0.35933350 val_mae=0.41286322 | p_pos=0.0000 p_dense=0.00 p_sel=0.0000 p_sel_pos=0.0000 p_hot_err=0.000000 p_bg_err=0.000000 p_gap=0.000000 peer_val_mse=0.27408993 peer_val_mae=0.34403310
[etth1_long_campaign_v1/all_methods_long120] [time_series][epoch 032] lambda=0.0005 g_scale=0.000 train_total=0.09295866 train_sup=0.09286805 train_imit=0.17942236 mean_w=0.0703 active=0.8845 s_dense=0.00 s_pos=0.0000 s_sel=0.0000 s_sel_pos=0.0000 s_hot_err=0.000000 s_bg_err=0.000000 s_gap=0.000000 conf_cos=0.0000 conf_proj=0.00 val_mse=0.37935323 val_mae=0.42550902 | p_pos=0.0000 p_dense=0.00 p_sel=0.0000 p_sel_pos=0.0000 p_hot_err=0.000000 p_bg_err=0.000000 p_gap=0.000000 peer_val_mse=0.27585585 peer_val_mae=0.34552166
[etth1_long_campaign_v1/all_methods_long120] [time_series][epoch 033] lambda=0.0005 g_scale=0.000 train_total=0.09143700 train_sup=0.09135042 train_imit=0.17944687 mean_w=0.0710 active=0.8864 s_dense=0.00 s_pos=0.0000 s_sel=0.0000 s_sel_pos=0.0000 s_hot_err=0.000000 s_bg_err=0.000000 s_gap=0.000000 conf_cos=0.0000 conf_proj=0.00 val_mse=0.38538110 val_mae=0.43116346 | p_pos=0.0000 p_dense=0.00 p_sel=0.0000 p_sel_pos=0.0000 p_hot_err=0.000000 p_bg_err=0.000000 p_gap=0.000000 peer_val_mse=0.27524765 peer_val_mae=0.34501509
[etth1_long_campaign_v1/all_methods_long120] [time_series][epoch 034] lambda=0.0005 g_scale=0.000 train_total=0.09051122 train_sup=0.09042908 train_imit=0.17856470 mean_w=0.0715 active=0.8910 s_dense=0.00 s_pos=0.0000 s_sel=0.0000 s_sel_pos=0.0000 s_hot_err=0.000000 s_bg_err=0.000000 s_gap=0.000000 conf_cos=0.0000 conf_proj=0.00 val_mse=0.38747816 val_mae=0.43095782 | p_pos=0.0000 p_dense=0.00 p_sel=0.0000 p_sel_pos=0.0000 p_hot_err=0.000000 p_bg_err=0.000000 p_gap=0.000000 peer_val_mse=0.27398324 peer_val_mae=0.34268448
[etth1_long_campaign_v1/all_methods_long120] [time_series][epoch 035] lambda=0.0004 g_scale=0.000 train_total=0.09020020 train_sup=0.09012224 train_imit=0.17818358 mean_w=0.0717 active=0.8912 s_dense=0.00 s_pos=0.0000 s_sel=0.0000 s_sel_pos=0.0000 s_hot_err=0.000000 s_bg_err=0.000000 s_gap=0.000000 conf_cos=0.0000 conf_proj=0.00 val_mse=0.37170738 val_mae=0.42101082 | p_pos=0.0000 p_dense=0.00 p_sel=0.0000 p_sel_pos=0.0000 p_hot_err=0.000000 p_bg_err=0.000000 p_gap=0.000000 peer_val_mse=0.27390483 peer_val_mae=0.34199373
[etth1_long_campaign_v1/all_methods_long120] [time_series][epoch 036] lambda=0.0004 g_scale=0.000 train_total=0.08933220 train_sup=0.08925806 train_imit=0.17865492 mean_w=0.0719 active=0.8968 s_dense=0.00 s_pos=0.0000 s_sel=0.0000 s_sel_pos=0.0000 s_hot_err=0.000000 s_bg_err=0.000000 s_gap=0.000000 conf_cos=0.0000 conf_proj=0.00 val_mse=0.37294203 val_mae=0.42037412 | p_pos=0.0000 p_dense=0.00 p_sel=0.0000 p_sel_pos=0.0000 p_hot_err=0.000000 p_bg_err=0.000000 p_gap=0.000000 peer_val_mse=0.27680815 peer_val_mae=0.34750825
[etth1_long_campaign_v1/all_methods_long120] [time_series][epoch 037] lambda=0.0004 g_scale=0.000 train_total=0.08911080 train_sup=0.08904013 train_imit=0.18003495 mean_w=0.0720 active=0.8993 s_dense=0.00 s_pos=0.0000 s_sel=0.0000 s_sel_pos=0.0000 s_hot_err=0.000000 s_bg_err=0.000000 s_gap=0.000000 conf_cos=0.0000 conf_proj=0.00 val_mse=0.36943592 val_mae=0.41853604 | p_pos=0.0000 p_dense=0.00 p_sel=0.0000 p_sel_pos=0.0000 p_hot_err=0.000000 p_bg_err=0.000000 p_gap=0.000000 peer_val_mse=0.27457619 peer_val_mae=0.34486465
[etth1_long_campaign_v1/all_methods_long120] [time_series][epoch 038] lambda=0.0004 g_scale=0.000 train_total=0.08730834 train_sup=0.08724182 train_imit=0.17978586 mean_w=0.0728 active=0.9006 s_dense=0.00 s_pos=0.0000 s_sel=0.0000 s_sel_pos=0.0000 s_hot_err=0.000000 s_bg_err=0.000000 s_gap=0.000000 conf_cos=0.0000 conf_proj=0.00 val_mse=0.36978433 val_mae=0.42201494 | p_pos=0.0000 p_dense=0.00 p_sel=0.0000 p_sel_pos=0.0000 p_hot_err=0.000000 p_bg_err=0.000000 p_gap=0.000000 peer_val_mse=0.27401119 peer_val_mae=0.34397628
[etth1_long_campaign_v1/all_methods_long120] [time_series][epoch 039] lambda=0.0003 g_scale=0.000 train_total=0.08718554 train_sup=0.08712322 train_imit=0.17932721 mean_w=0.0729 active=0.9012 s_dense=0.00 s_pos=0.0000 s_sel=0.0000 s_sel_pos=0.0000 s_hot_err=0.000000 s_bg_err=0.000000 s_gap=0.000000 conf_cos=0.0000 conf_proj=0.00 val_mse=0.37338008 val_mae=0.42258742 | p_pos=0.0000 p_dense=0.00 p_sel=0.0000 p_sel_pos=0.0000 p_hot_err=0.000000 p_bg_err=0.000000 p_gap=0.000000 peer_val_mse=0.27588961 peer_val_mae=0.34551054
[etth1_long_campaign_v1/all_methods_long120] [time_series][epoch 040] lambda=0.0003 g_scale=0.000 train_total=0.08700635 train_sup=0.08694856 train_imit=0.17782233 mean_w=0.0730 active=0.9080 s_dense=0.00 s_pos=0.0000 s_sel=0.0000 s_sel_pos=0.0000 s_hot_err=0.000000 s_bg_err=0.000000 s_gap=0.000000 conf_cos=0.0000 conf_proj=0.00 val_mse=0.37716624 val_mae=0.42629380 | p_pos=0.0000 p_dense=0.00 p_sel=0.0000 p_sel_pos=0.0000 p_hot_err=0.000000 p_bg_err=0.000000 p_gap=0.000000 peer_val_mse=0.27596502 peer_val_mae=0.34583450
[etth1_long_campaign_v1/all_methods_long120] [time_series][epoch 040] updated live plot
[etth1_long_campaign_v1/all_methods_long120] [time_series][epoch 041] lambda=0.0003 g_scale=0.000 train_total=0.08611175 train_sup=0.08605735 train_imit=0.17982481 mean_w=0.0734 active=0.9073 s_dense=0.00 s_pos=0.0000 s_sel=0.0000 s_sel_pos=0.0000 s_hot_err=0.000000 s_bg_err=0.000000 s_gap=0.000000 conf_cos=0.0000 conf_proj=0.00 val_mse=0.37394195 val_mae=0.42286308 | p_pos=0.0000 p_dense=0.00 p_sel=0.0000 p_sel_pos=0.0000 p_hot_err=0.000000 p_bg_err=0.000000 p_gap=0.000000 peer_val_mse=0.27305500 peer_val_mae=0.34211390
[etth1_long_campaign_v1/all_methods_long120] [time_series][epoch 042] lambda=0.0003 g_scale=0.000 train_total=0.08587699 train_sup=0.08582696 train_imit=0.17866250 mean_w=0.0734 active=0.9063 s_dense=0.00 s_pos=0.0000 s_sel=0.0000 s_sel_pos=0.0000 s_hot_err=0.000000 s_bg_err=0.000000 s_gap=0.000000 conf_cos=0.0000 conf_proj=0.00 val_mse=0.36127282 val_mae=0.41054974 | p_pos=0.0000 p_dense=0.00 p_sel=0.0000 p_sel_pos=0.0000 p_hot_err=0.000000 p_bg_err=0.000000 p_gap=0.000000 peer_val_mse=0.27029063 peer_val_mae=0.33906036
[etth1_long_campaign_v1/all_methods_long120] [time_series][epoch 043] lambda=0.0003 g_scale=0.000 train_total=0.08510605 train_sup=0.08505977 train_imit=0.17975032 mean_w=0.0739 active=0.9108 s_dense=0.00 s_pos=0.0000 s_sel=0.0000 s_sel_pos=0.0000 s_hot_err=0.000000 s_bg_err=0.000000 s_gap=0.000000 conf_cos=0.0000 conf_proj=0.00 val_mse=0.36319442 val_mae=0.41042400 | p_pos=0.0000 p_dense=0.00 p_sel=0.0000 p_sel_pos=0.0000 p_hot_err=0.000000 p_bg_err=0.000000 p_gap=0.000000 peer_val_mse=0.27477963 peer_val_mae=0.34466524
[etth1_long_campaign_v1/all_methods_long120] [time_series][epoch 044] lambda=0.0002 g_scale=0.000 train_total=0.08421765 train_sup=0.08417534 train_imit=0.18005656 mean_w=0.0741 active=0.9123 s_dense=0.00 s_pos=0.0000 s_sel=0.0000 s_sel_pos=0.0000 s_hot_err=0.000000 s_bg_err=0.000000 s_gap=0.000000 conf_cos=0.0000 conf_proj=0.00 val_mse=0.38630147 val_mae=0.42948021 | p_pos=0.0000 p_dense=0.00 p_sel=0.0000 p_sel_pos=0.0000 p_hot_err=0.000000 p_bg_err=0.000000 p_gap=0.000000 peer_val_mse=0.27279208 peer_val_mae=0.34081496
[etth1_long_campaign_v1/all_methods_long120] [time_series][epoch 045] lambda=0.0002 g_scale=0.000 train_total=0.08379490 train_sup=0.08375659 train_imit=0.18027005 mean_w=0.0744 active=0.9156 s_dense=0.00 s_pos=0.0000 s_sel=0.0000 s_sel_pos=0.0000 s_hot_err=0.000000 s_bg_err=0.000000 s_gap=0.000000 conf_cos=0.0000 conf_proj=0.00 val_mse=0.37648410 val_mae=0.42365448 | p_pos=0.0000 p_dense=0.00 p_sel=0.0000 p_sel_pos=0.0000 p_hot_err=0.000000 p_bg_err=0.000000 p_gap=0.000000 peer_val_mse=0.27468324 peer_val_mae=0.34400171
[etth1_long_campaign_v1/all_methods_long120] [time_series][epoch 046] lambda=0.0002 g_scale=0.000 train_total=0.08367102 train_sup=0.08363676 train_imit=0.18031334 mean_w=0.0746 active=0.9145 s_dense=0.00 s_pos=0.0000 s_sel=0.0000 s_sel_pos=0.0000 s_hot_err=0.000000 s_bg_err=0.000000 s_gap=0.000000 conf_cos=0.0000 conf_proj=0.00 val_mse=0.36805103 val_mae=0.41865061 | p_pos=0.0000 p_dense=0.00 p_sel=0.0000 p_sel_pos=0.0000 p_hot_err=0.000000 p_bg_err=0.000000 p_gap=0.000000 peer_val_mse=0.27550636 peer_val_mae=0.34503980
[etth1_long_campaign_v1/all_methods_long120] [time_series][epoch 047] lambda=0.0002 g_scale=0.000 train_total=0.08350402 train_sup=0.08347383 train_imit=0.18024790 mean_w=0.0745 active=0.9130 s_dense=0.00 s_pos=0.0000 s_sel=0.0000 s_sel_pos=0.0000 s_hot_err=0.000000 s_bg_err=0.000000 s_gap=0.000000 conf_cos=0.0000 conf_proj=0.00 val_mse=0.37677521 val_mae=0.42221418 | p_pos=0.0000 p_dense=0.00 p_sel=0.0000 p_sel_pos=0.0000 p_hot_err=0.000000 p_bg_err=0.000000 p_gap=0.000000 peer_val_mse=0.27665599 peer_val_mae=0.34681165
[etth1_long_campaign_v1/all_methods_long120] [time_series][epoch 048] lambda=0.0001 g_scale=0.000 train_total=0.08262048 train_sup=0.08259456 train_imit=0.17874799 mean_w=0.0749 active=0.9186 s_dense=0.00 s_pos=0.0000 s_sel=0.0000 s_sel_pos=0.0000 s_hot_err=0.000000 s_bg_err=0.000000 s_gap=0.000000 conf_cos=0.0000 conf_proj=0.00 val_mse=0.37215915 val_mae=0.41711358 | p_pos=0.0000 p_dense=0.00 p_sel=0.0000 p_sel_pos=0.0000 p_hot_err=0.000000 p_bg_err=0.000000 p_gap=0.000000 peer_val_mse=0.27359138 peer_val_mae=0.34286870
[etth1_long_campaign_v1/all_methods_long120] [time_series][epoch 049] lambda=0.0001 g_scale=0.000 train_total=0.08213608 train_sup=0.08211401 train_imit=0.18009798 mean_w=0.0751 active=0.9205 s_dense=0.00 s_pos=0.0000 s_sel=0.0000 s_sel_pos=0.0000 s_hot_err=0.000000 s_bg_err=0.000000 s_gap=0.000000 conf_cos=0.0000 conf_proj=0.00 val_mse=0.39355551 val_mae=0.42908248 | p_pos=0.0000 p_dense=0.00 p_sel=0.0000 p_sel_pos=0.0000 p_hot_err=0.000000 p_bg_err=0.000000 p_gap=0.000000 peer_val_mse=0.27414725 peer_val_mae=0.34346570
[etth1_long_campaign_v1/all_methods_long120] [time_series][epoch 050] lambda=0.0001 g_scale=0.000 train_total=0.08148469 train_sup=0.08146678 train_imit=0.17906244 mean_w=0.0754 active=0.9202 s_dense=0.00 s_pos=0.0000 s_sel=0.0000 s_sel_pos=0.0000 s_hot_err=0.000000 s_bg_err=0.000000 s_gap=0.000000 conf_cos=0.0000 conf_proj=0.00 val_mse=0.36959081 val_mae=0.41601593 | p_pos=0.0000 p_dense=0.00 p_sel=0.0000 p_sel_pos=0.0000 p_hot_err=0.000000 p_bg_err=0.000000 p_gap=0.000000 peer_val_mse=0.27302613 peer_val_mae=0.34179336
[etth1_long_campaign_v1/all_methods_long120] [time_series][epoch 050] updated live plot
[etth1_long_campaign_v1/all_methods_long120] [time_series][epoch 051] lambda=0.0001 g_scale=0.000 train_total=0.08098592 train_sup=0.08096793 train_imit=0.17983616 mean_w=0.0755 active=0.9223 s_dense=0.00 s_pos=0.0000 s_sel=0.0000 s_sel_pos=0.0000 s_hot_err=0.000000 s_bg_err=0.000000 s_gap=0.000000 conf_cos=0.0000 conf_proj=0.00 val_mse=0.37112242 val_mae=0.41377264 | p_pos=0.0000 p_dense=0.00 p_sel=0.0000 p_sel_pos=0.0000 p_hot_err=0.000000 p_bg_err=0.000000 p_gap=0.000000 peer_val_mse=0.27312291 peer_val_mae=0.34143007
[etth1_long_campaign_v1/all_methods_long120] [time_series][epoch 052] lambda=0.0001 g_scale=0.000 train_total=0.08085476 train_sup=0.08083674 train_imit=0.18020130 mean_w=0.0757 active=0.9261 s_dense=0.00 s_pos=0.0000 s_sel=0.0000 s_sel_pos=0.0000 s_hot_err=0.000000 s_bg_err=0.000000 s_gap=0.000000 conf_cos=0.0000 conf_proj=0.00 val_mse=0.38070488 val_mae=0.42545968 | p_pos=0.0000 p_dense=0.00 p_sel=0.0000 p_sel_pos=0.0000 p_hot_err=0.000000 p_bg_err=0.000000 p_gap=0.000000 peer_val_mse=0.27932997 peer_val_mae=0.35436014
[etth1_long_campaign_v1/all_methods_long120] [time_series][epoch 053] lambda=0.0001 g_scale=0.000 train_total=0.08048910 train_sup=0.08047114 train_imit=0.17960036 mean_w=0.0758 active=0.9235 s_dense=0.00 s_pos=0.0000 s_sel=0.0000 s_sel_pos=0.0000 s_hot_err=0.000000 s_bg_err=0.000000 s_gap=0.000000 conf_cos=0.0000 conf_proj=0.00 val_mse=0.38856173 val_mae=0.43037604 | p_pos=0.0000 p_dense=0.00 p_sel=0.0000 p_sel_pos=0.0000 p_hot_err=0.000000 p_bg_err=0.000000 p_gap=0.000000 peer_val_mse=0.27278361 peer_val_mae=0.34251893
[etth1_long_campaign_v1/all_methods_long120] [time_series][epoch 054] lambda=0.0001 g_scale=0.000 train_total=0.07958054 train_sup=0.07956251 train_imit=0.18032633 mean_w=0.0762 active=0.9286 s_dense=0.00 s_pos=0.0000 s_sel=0.0000 s_sel_pos=0.0000 s_hot_err=0.000000 s_bg_err=0.000000 s_gap=0.000000 conf_cos=0.0000 conf_proj=0.00 val_mse=0.37971573 val_mae=0.41832316 | p_pos=0.0000 p_dense=0.00 p_sel=0.0000 p_sel_pos=0.0000 p_hot_err=0.000000 p_bg_err=0.000000 p_gap=0.000000 peer_val_mse=0.27306711 peer_val_mae=0.34191772
[etth1_long_campaign_v1/all_methods_long120] [time_series][epoch 055] lambda=0.0001 g_scale=0.000 train_total=0.07969804 train_sup=0.07968007 train_imit=0.17977961 mean_w=0.0763 active=0.9270 s_dense=0.00 s_pos=0.0000 s_sel=0.0000 s_sel_pos=0.0000 s_hot_err=0.000000 s_bg_err=0.000000 s_gap=0.000000 conf_cos=0.0000 conf_proj=0.00 val_mse=0.37651654 val_mae=0.41970254 | p_pos=0.0000 p_dense=0.00 p_sel=0.0000 p_sel_pos=0.0000 p_hot_err=0.000000 p_bg_err=0.000000 p_gap=0.000000 peer_val_mse=0.27342822 peer_val_mae=0.34425112
[etth1_long_campaign_v1/all_methods_long120] [time_series][epoch 056] lambda=0.0001 g_scale=0.000 train_total=0.07915484 train_sup=0.07913696 train_imit=0.17884879 mean_w=0.0764 active=0.9296 s_dense=0.00 s_pos=0.0000 s_sel=0.0000 s_sel_pos=0.0000 s_hot_err=0.000000 s_bg_err=0.000000 s_gap=0.000000 conf_cos=0.0000 conf_proj=0.00 val_mse=0.36656356 val_mae=0.41759645 | p_pos=0.0000 p_dense=0.00 p_sel=0.0000 p_sel_pos=0.0000 p_hot_err=0.000000 p_bg_err=0.000000 p_gap=0.000000 peer_val_mse=0.27538113 peer_val_mae=0.34567698
[etth1_long_campaign_v1/all_methods_long120] [time_series][epoch 057] lambda=0.0001 g_scale=0.000 train_total=0.07939130 train_sup=0.07937329 train_imit=0.18006005 mean_w=0.0764 active=0.9256 s_dense=0.00 s_pos=0.0000 s_sel=0.0000 s_sel_pos=0.0000 s_hot_err=0.000000 s_bg_err=0.000000 s_gap=0.000000 conf_cos=0.0000 conf_proj=0.00 val_mse=0.37195267 val_mae=0.41887647 | p_pos=0.0000 p_dense=0.00 p_sel=0.0000 p_sel_pos=0.0000 p_hot_err=0.000000 p_bg_err=0.000000 p_gap=0.000000 peer_val_mse=0.27393640 peer_val_mae=0.34278147
[etth1_long_campaign_v1/all_methods_long120] [time_series][epoch 058] lambda=0.0001 g_scale=0.000 train_total=0.07884935 train_sup=0.07883149 train_imit=0.17864686 mean_w=0.0766 active=0.9289 s_dense=0.00 s_pos=0.0000 s_sel=0.0000 s_sel_pos=0.0000 s_hot_err=0.000000 s_bg_err=0.000000 s_gap=0.000000 conf_cos=0.0000 conf_proj=0.00 val_mse=0.38251923 val_mae=0.42695865 | p_pos=0.0000 p_dense=0.00 p_sel=0.0000 p_sel_pos=0.0000 p_hot_err=0.000000 p_bg_err=0.000000 p_gap=0.000000 peer_val_mse=0.27437581 peer_val_mae=0.34378563
[etth1_long_campaign_v1/all_methods_long120] [time_series][epoch 059] lambda=0.0001 g_scale=0.000 train_total=0.07859851 train_sup=0.07858067 train_imit=0.17839735 mean_w=0.0766 active=0.9298 s_dense=0.00 s_pos=0.0000 s_sel=0.0000 s_sel_pos=0.0000 s_hot_err=0.000000 s_bg_err=0.000000 s_gap=0.000000 conf_cos=0.0000 conf_proj=0.00 val_mse=0.36855263 val_mae=0.41580293 | p_pos=0.0000 p_dense=0.00 p_sel=0.0000 p_sel_pos=0.0000 p_hot_err=0.000000 p_bg_err=0.000000 p_gap=0.000000 peer_val_mse=0.27526222 peer_val_mae=0.34464891
[etth1_long_campaign_v1/all_methods_long120] [time_series][epoch 060] lambda=0.0001 g_scale=0.000 train_total=0.07761749 train_sup=0.07759952 train_imit=0.17969179 mean_w=0.0772 active=0.9323 s_dense=0.00 s_pos=0.0000 s_sel=0.0000 s_sel_pos=0.0000 s_hot_err=0.000000 s_bg_err=0.000000 s_gap=0.000000 conf_cos=0.0000 conf_proj=0.00 val_mse=0.37572290 val_mae=0.42609410 | p_pos=0.0000 p_dense=0.00 p_sel=0.0000 p_sel_pos=0.0000 p_hot_err=0.000000 p_bg_err=0.000000 p_gap=0.000000 peer_val_mse=0.27357114 peer_val_mae=0.34317610
[etth1_long_campaign_v1/all_methods_long120] [time_series][epoch 060] updated live plot
[etth1_long_campaign_v1/all_methods_long120] [time_series][epoch 061] lambda=0.0001 g_scale=0.000 train_total=0.07731034 train_sup=0.07729240 train_imit=0.17937750 mean_w=0.0774 active=0.9336 s_dense=0.00 s_pos=0.0000 s_sel=0.0000 s_sel_pos=0.0000 s_hot_err=0.000000 s_bg_err=0.000000 s_gap=0.000000 conf_cos=0.0000 conf_proj=0.00 val_mse=0.38396415 val_mae=0.42761833 | p_pos=0.0000 p_dense=0.00 p_sel=0.0000 p_sel_pos=0.0000 p_hot_err=0.000000 p_bg_err=0.000000 p_gap=0.000000 peer_val_mse=0.27350133 peer_val_mae=0.34132928
[etth1_long_campaign_v1/all_methods_long120] [time_series][epoch 062] lambda=0.0001 g_scale=0.000 train_total=0.07647323 train_sup=0.07645536 train_imit=0.17875664 mean_w=0.0776 active=0.9369 s_dense=0.00 s_pos=0.0000 s_sel=0.0000 s_sel_pos=0.0000 s_hot_err=0.000000 s_bg_err=0.000000 s_gap=0.000000 conf_cos=0.0000 conf_proj=0.00 val_mse=0.36831424 val_mae=0.41643479 | p_pos=0.0000 p_dense=0.00 p_sel=0.0000 p_sel_pos=0.0000 p_hot_err=0.000000 p_bg_err=0.000000 p_gap=0.000000 peer_val_mse=0.27321519 peer_val_mae=0.34085143
[etth1_long_campaign_v1/all_methods_long120] [time_series][epoch 063] lambda=0.0001 g_scale=0.000 train_total=0.07677751 train_sup=0.07675938 train_imit=0.18126854 mean_w=0.0775 active=0.9353 s_dense=0.00 s_pos=0.0000 s_sel=0.0000 s_sel_pos=0.0000 s_hot_err=0.000000 s_bg_err=0.000000 s_gap=0.000000 conf_cos=0.0000 conf_proj=0.00 val_mse=0.38093471 val_mae=0.42545036 | p_pos=0.0000 p_dense=0.00 p_sel=0.0000 p_sel_pos=0.0000 p_hot_err=0.000000 p_bg_err=0.000000 p_gap=0.000000 peer_val_mse=0.27351871 peer_val_mae=0.34202925
[etth1_long_campaign_v1/all_methods_long120] [time_series][epoch 064] lambda=0.0001 g_scale=0.000 train_total=0.07687267 train_sup=0.07685463 train_imit=0.18032124 mean_w=0.0775 active=0.9318 s_dense=0.00 s_pos=0.0000 s_sel=0.0000 s_sel_pos=0.0000 s_hot_err=0.000000 s_bg_err=0.000000 s_gap=0.000000 conf_cos=0.0000 conf_proj=0.00 val_mse=0.38254021 val_mae=0.42439927 | p_pos=0.0000 p_dense=0.00 p_sel=0.0000 p_sel_pos=0.0000 p_hot_err=0.000000 p_bg_err=0.000000 p_gap=0.000000 peer_val_mse=0.27332247 peer_val_mae=0.34325286
[etth1_long_campaign_v1/all_methods_long120] [time_series][epoch 065] lambda=0.0001 g_scale=0.000 train_total=0.07611694 train_sup=0.07609901 train_imit=0.17934669 mean_w=0.0779 active=0.9360 s_dense=0.00 s_pos=0.0000 s_sel=0.0000 s_sel_pos=0.0000 s_hot_err=0.000000 s_bg_err=0.000000 s_gap=0.000000 conf_cos=0.0000 conf_proj=0.00 val_mse=0.37367155 val_mae=0.41283255 | p_pos=0.0000 p_dense=0.00 p_sel=0.0000 p_sel_pos=0.0000 p_hot_err=0.000000 p_bg_err=0.000000 p_gap=0.000000 peer_val_mse=0.27448230 peer_val_mae=0.34320812
[etth1_long_campaign_v1/all_methods_long120] [time_series][epoch 066] lambda=0.0001 g_scale=0.000 train_total=0.07568204 train_sup=0.07566400 train_imit=0.18041299 mean_w=0.0780 active=0.9362 s_dense=0.00 s_pos=0.0000 s_sel=0.0000 s_sel_pos=0.0000 s_hot_err=0.000000 s_bg_err=0.000000 s_gap=0.000000 conf_cos=0.0000 conf_proj=0.00 val_mse=0.38450162 val_mae=0.42722301 | p_pos=0.0000 p_dense=0.00 p_sel=0.0000 p_sel_pos=0.0000 p_hot_err=0.000000 p_bg_err=0.000000 p_gap=0.000000 peer_val_mse=0.27628866 peer_val_mae=0.34695548
[etth1_long_campaign_v1/all_methods_long120] [time_series][epoch 067] lambda=0.0001 g_scale=0.000 train_total=0.07553552 train_sup=0.07551752 train_imit=0.17997476 mean_w=0.0782 active=0.9385 s_dense=0.00 s_pos=0.0000 s_sel=0.0000 s_sel_pos=0.0000 s_hot_err=0.000000 s_bg_err=0.000000 s_gap=0.000000 conf_cos=0.0000 conf_proj=0.00 val_mse=0.38107635 val_mae=0.42799593 | p_pos=0.0000 p_dense=0.00 p_sel=0.0000 p_sel_pos=0.0000 p_hot_err=0.000000 p_bg_err=0.000000 p_gap=0.000000 peer_val_mse=0.27535906 peer_val_mae=0.34563699
[etth1_long_campaign_v1/all_methods_long120] [time_series][epoch 068] lambda=0.0001 g_scale=0.000 train_total=0.07488715 train_sup=0.07486904 train_imit=0.18114662 mean_w=0.0784 active=0.9419 s_dense=0.00 s_pos=0.0000 s_sel=0.0000 s_sel_pos=0.0000 s_hot_err=0.000000 s_bg_err=0.000000 s_gap=0.000000 conf_cos=0.0000 conf_proj=0.00 val_mse=0.36511554 val_mae=0.41271439 | p_pos=0.0000 p_dense=0.00 p_sel=0.0000 p_sel_pos=0.0000 p_hot_err=0.000000 p_bg_err=0.000000 p_gap=0.000000 peer_val_mse=0.27768326 peer_val_mae=0.34731524
[etth1_long_campaign_v1/all_methods_long120] [time_series][epoch 069] lambda=0.0001 g_scale=0.000 train_total=0.07461484 train_sup=0.07459682 train_imit=0.18019900 mean_w=0.0784 active=0.9414 s_dense=0.00 s_pos=0.0000 s_sel=0.0000 s_sel_pos=0.0000 s_hot_err=0.000000 s_bg_err=0.000000 s_gap=0.000000 conf_cos=0.0000 conf_proj=0.00 val_mse=0.36679886 val_mae=0.41200835 | p_pos=0.0000 p_dense=0.00 p_sel=0.0000 p_sel_pos=0.0000 p_hot_err=0.000000 p_bg_err=0.000000 p_gap=0.000000 peer_val_mse=0.27448775 peer_val_mae=0.34293173
[etth1_long_campaign_v1/all_methods_long120] [time_series][epoch 070] lambda=0.0001 g_scale=0.000 train_total=0.07464152 train_sup=0.07462360 train_imit=0.17923382 mean_w=0.0785 active=0.9395 s_dense=0.00 s_pos=0.0000 s_sel=0.0000 s_sel_pos=0.0000 s_hot_err=0.000000 s_bg_err=0.000000 s_gap=0.000000 conf_cos=0.0000 conf_proj=0.00 val_mse=0.37922798 val_mae=0.42102096 | p_pos=0.0000 p_dense=0.00 p_sel=0.0000 p_sel_pos=0.0000 p_hot_err=0.000000 p_bg_err=0.000000 p_gap=0.000000 peer_val_mse=0.27455944 peer_val_mae=0.34368086
[etth1_long_campaign_v1/all_methods_long120] [time_series][epoch 070] updated live plot
[etth1_long_campaign_v1/all_methods_long120] [time_series][epoch 071] lambda=0.0001 g_scale=0.000 train_total=0.07436684 train_sup=0.07434879 train_imit=0.18042955 mean_w=0.0787 active=0.9401 s_dense=0.00 s_pos=0.0000 s_sel=0.0000 s_sel_pos=0.0000 s_hot_err=0.000000 s_bg_err=0.000000 s_gap=0.000000 conf_cos=0.0000 conf_proj=0.00 val_mse=0.39126908 val_mae=0.43247198 | p_pos=0.0000 p_dense=0.00 p_sel=0.0000 p_sel_pos=0.0000 p_hot_err=0.000000 p_bg_err=0.000000 p_gap=0.000000 peer_val_mse=0.27412146 peer_val_mae=0.34275190
[etth1_long_campaign_v1/all_methods_long120] [time_series][epoch 072] lambda=0.0001 g_scale=0.000 train_total=0.07397766 train_sup=0.07395975 train_imit=0.17909334 mean_w=0.0789 active=0.9437 s_dense=0.00 s_pos=0.0000 s_sel=0.0000 s_sel_pos=0.0000 s_hot_err=0.000000 s_bg_err=0.000000 s_gap=0.000000 conf_cos=0.0000 conf_proj=0.00 val_mse=0.39630946 val_mae=0.43993662 | p_pos=0.0000 p_dense=0.00 p_sel=0.0000 p_sel_pos=0.0000 p_hot_err=0.000000 p_bg_err=0.000000 p_gap=0.000000 peer_val_mse=0.27224182 peer_val_mae=0.34148129
[etth1_long_campaign_v1/all_methods_long120] [time_series][epoch 073] lambda=0.0001 g_scale=0.000 train_total=0.07378020 train_sup=0.07376226 train_imit=0.17937321 mean_w=0.0787 active=0.9452 s_dense=0.00 s_pos=0.0000 s_sel=0.0000 s_sel_pos=0.0000 s_hot_err=0.000000 s_bg_err=0.000000 s_gap=0.000000 conf_cos=0.0000 conf_proj=0.00 val_mse=0.38519714 val_mae=0.42504484 | p_pos=0.0000 p_dense=0.00 p_sel=0.0000 p_sel_pos=0.0000 p_hot_err=0.000000 p_bg_err=0.000000 p_gap=0.000000 peer_val_mse=0.27531683 peer_val_mae=0.34239429
[etth1_long_campaign_v1/all_methods_long120] [time_series][epoch 074] lambda=0.0001 g_scale=0.000 train_total=0.07353901 train_sup=0.07352091 train_imit=0.18101241 mean_w=0.0789 active=0.9438 s_dense=0.00 s_pos=0.0000 s_sel=0.0000 s_sel_pos=0.0000 s_hot_err=0.000000 s_bg_err=0.000000 s_gap=0.000000 conf_cos=0.0000 conf_proj=0.00 val_mse=0.38646108 val_mae=0.42838264 | p_pos=0.0000 p_dense=0.00 p_sel=0.0000 p_sel_pos=0.0000 p_hot_err=0.000000 p_bg_err=0.000000 p_gap=0.000000 peer_val_mse=0.27480634 peer_val_mae=0.34362913
[etth1_long_campaign_v1/all_methods_long120] [time_series][epoch 075] lambda=0.0001 g_scale=0.000 train_total=0.07323801 train_sup=0.07322003 train_imit=0.17980844 mean_w=0.0792 active=0.9467 s_dense=0.00 s_pos=0.0000 s_sel=0.0000 s_sel_pos=0.0000 s_hot_err=0.000000 s_bg_err=0.000000 s_gap=0.000000 conf_cos=0.0000 conf_proj=0.00 val_mse=0.39033288 val_mae=0.43216516 | p_pos=0.0000 p_dense=0.00 p_sel=0.0000 p_sel_pos=0.0000 p_hot_err=0.000000 p_bg_err=0.000000 p_gap=0.000000 peer_val_mse=0.27322520 peer_val_mae=0.34167608
[etth1_long_campaign_v1/all_methods_long120] [time_series][epoch 076] lambda=0.0001 g_scale=0.000 train_total=0.07298261 train_sup=0.07296456 train_imit=0.18049133 mean_w=0.0792 active=0.9440 s_dense=0.00 s_pos=0.0000 s_sel=0.0000 s_sel_pos=0.0000 s_hot_err=0.000000 s_bg_err=0.000000 s_gap=0.000000 conf_cos=0.0000 conf_proj=0.00 val_mse=0.37905444 val_mae=0.42511444 | p_pos=0.0000 p_dense=0.00 p_sel=0.0000 p_sel_pos=0.0000 p_hot_err=0.000000 p_bg_err=0.000000 p_gap=0.000000 peer_val_mse=0.27554603 peer_val_mae=0.34456811
[etth1_long_campaign_v1/all_methods_long120] [time_series][epoch 077] lambda=0.0001 g_scale=0.000 train_total=0.07266141 train_sup=0.07264339 train_imit=0.18021193 mean_w=0.0794 active=0.9463 s_dense=0.00 s_pos=0.0000 s_sel=0.0000 s_sel_pos=0.0000 s_hot_err=0.000000 s_bg_err=0.000000 s_gap=0.000000 conf_cos=0.0000 conf_proj=0.00 val_mse=0.41202668 val_mae=0.44033549 | p_pos=0.0000 p_dense=0.00 p_sel=0.0000 p_sel_pos=0.0000 p_hot_err=0.000000 p_bg_err=0.000000 p_gap=0.000000 peer_val_mse=0.27622266 peer_val_mae=0.34718927
[etth1_long_campaign_v1/all_methods_long120] [time_series][epoch 078] lambda=0.0001 g_scale=0.000 train_total=0.07376146 train_sup=0.07374359 train_imit=0.17867461 mean_w=0.0789 active=0.9469 s_dense=0.00 s_pos=0.0000 s_sel=0.0000 s_sel_pos=0.0000 s_hot_err=0.000000 s_bg_err=0.000000 s_gap=0.000000 conf_cos=0.0000 conf_proj=0.00 val_mse=0.39326422 val_mae=0.43155261 | p_pos=0.0000 p_dense=0.00 p_sel=0.0000 p_sel_pos=0.0000 p_hot_err=0.000000 p_bg_err=0.000000 p_gap=0.000000 peer_val_mse=0.27586165 peer_val_mae=0.34619287
[etth1_long_campaign_v1/all_methods_long120] [time_series][epoch 079] lambda=0.0001 g_scale=0.000 train_total=0.07221538 train_sup=0.07219741 train_imit=0.17967834 mean_w=0.0796 active=0.9473 s_dense=0.00 s_pos=0.0000 s_sel=0.0000 s_sel_pos=0.0000 s_hot_err=0.000000 s_bg_err=0.000000 s_gap=0.000000 conf_cos=0.0000 conf_proj=0.00 val_mse=0.38521548 val_mae=0.42627031 | p_pos=0.0000 p_dense=0.00 p_sel=0.0000 p_sel_pos=0.0000 p_hot_err=0.000000 p_bg_err=0.000000 p_gap=0.000000 peer_val_mse=0.27627324 peer_val_mae=0.34720046
[etth1_long_campaign_v1/all_methods_long120] [time_series][epoch 080] lambda=0.0001 g_scale=0.000 train_total=0.07214853 train_sup=0.07213057 train_imit=0.17956622 mean_w=0.0796 active=0.9485 s_dense=0.00 s_pos=0.0000 s_sel=0.0000 s_sel_pos=0.0000 s_hot_err=0.000000 s_bg_err=0.000000 s_gap=0.000000 conf_cos=0.0000 conf_proj=0.00 val_mse=0.39792502 val_mae=0.43737532 | p_pos=0.0000 p_dense=0.00 p_sel=0.0000 p_sel_pos=0.0000 p_hot_err=0.000000 p_bg_err=0.000000 p_gap=0.000000 peer_val_mse=0.27429122 peer_val_mae=0.34255706
[etth1_long_campaign_v1/all_methods_long120] [time_series][epoch 080] updated live plot
[etth1_long_campaign_v1/all_methods_long120] [time_series][epoch 081] lambda=0.0001 g_scale=0.000 train_total=0.07158178 train_sup=0.07156373 train_imit=0.18049165 mean_w=0.0798 active=0.9494 s_dense=0.00 s_pos=0.0000 s_sel=0.0000 s_sel_pos=0.0000 s_hot_err=0.000000 s_bg_err=0.000000 s_gap=0.000000 conf_cos=0.0000 conf_proj=0.00 val_mse=0.39578964 val_mae=0.43288782 | p_pos=0.0000 p_dense=0.00 p_sel=0.0000 p_sel_pos=0.0000 p_hot_err=0.000000 p_bg_err=0.000000 p_gap=0.000000 peer_val_mse=0.28220860 peer_val_mae=0.35768644
[etth1_long_campaign_v1/all_methods_long120] [time_series][epoch 082] lambda=0.0001 g_scale=0.000 train_total=0.07220131 train_sup=0.07218336 train_imit=0.17946549 mean_w=0.0796 active=0.9484 s_dense=0.00 s_pos=0.0000 s_sel=0.0000 s_sel_pos=0.0000 s_hot_err=0.000000 s_bg_err=0.000000 s_gap=0.000000 conf_cos=0.0000 conf_proj=0.00 val_mse=0.38204321 val_mae=0.42419304 | p_pos=0.0000 p_dense=0.00 p_sel=0.0000 p_sel_pos=0.0000 p_hot_err=0.000000 p_bg_err=0.000000 p_gap=0.000000 peer_val_mse=0.27492543 peer_val_mae=0.34350450
[etth1_long_campaign_v1/all_methods_long120] [time_series][epoch 083] lambda=0.0001 g_scale=0.000 train_total=0.07191543 train_sup=0.07189746 train_imit=0.17967392 mean_w=0.0797 active=0.9472 s_dense=0.00 s_pos=0.0000 s_sel=0.0000 s_sel_pos=0.0000 s_hot_err=0.000000 s_bg_err=0.000000 s_gap=0.000000 conf_cos=0.0000 conf_proj=0.00 val_mse=0.38516781 val_mae=0.41923502 | p_pos=0.0000 p_dense=0.00 p_sel=0.0000 p_sel_pos=0.0000 p_hot_err=0.000000 p_bg_err=0.000000 p_gap=0.000000 peer_val_mse=0.27463774 peer_val_mae=0.34332584
[etth1_long_campaign_v1/all_methods_long120] [time_series][epoch 084] lambda=0.0001 g_scale=0.000 train_total=0.07102577 train_sup=0.07100788 train_imit=0.17888562 mean_w=0.0802 active=0.9508 s_dense=0.00 s_pos=0.0000 s_sel=0.0000 s_sel_pos=0.0000 s_hot_err=0.000000 s_bg_err=0.000000 s_gap=0.000000 conf_cos=0.0000 conf_proj=0.00 val_mse=0.38777985 val_mae=0.42537907 | p_pos=0.0000 p_dense=0.00 p_sel=0.0000 p_sel_pos=0.0000 p_hot_err=0.000000 p_bg_err=0.000000 p_gap=0.000000 peer_val_mse=0.27375630 peer_val_mae=0.34156578
[etth1_long_campaign_v1/all_methods_long120] [time_series][epoch 085] lambda=0.0001 g_scale=0.000 train_total=0.07085568 train_sup=0.07083761 train_imit=0.18070258 mean_w=0.0801 active=0.9488 s_dense=0.00 s_pos=0.0000 s_sel=0.0000 s_sel_pos=0.0000 s_hot_err=0.000000 s_bg_err=0.000000 s_gap=0.000000 conf_cos=0.0000 conf_proj=0.00 val_mse=0.39917723 val_mae=0.43909541 | p_pos=0.0000 p_dense=0.00 p_sel=0.0000 p_sel_pos=0.0000 p_hot_err=0.000000 p_bg_err=0.000000 p_gap=0.000000 peer_val_mse=0.27490005 peer_val_mae=0.34542777
[etth1_long_campaign_v1/all_methods_long120] [time_series][epoch 086] lambda=0.0001 g_scale=0.000 train_total=0.07106346 train_sup=0.07104549 train_imit=0.17970462 mean_w=0.0802 active=0.9501 s_dense=0.00 s_pos=0.0000 s_sel=0.0000 s_sel_pos=0.0000 s_hot_err=0.000000 s_bg_err=0.000000 s_gap=0.000000 conf_cos=0.0000 conf_proj=0.00 val_mse=0.40340393 val_mae=0.44243636 | p_pos=0.0000 p_dense=0.00 p_sel=0.0000 p_sel_pos=0.0000 p_hot_err=0.000000 p_bg_err=0.000000 p_gap=0.000000 peer_val_mse=0.27611837 peer_val_mae=0.34670996
[etth1_long_campaign_v1/all_methods_long120] [time_series][epoch 087] lambda=0.0001 g_scale=0.000 train_total=0.07015416 train_sup=0.07013611 train_imit=0.18050082 mean_w=0.0805 active=0.9516 s_dense=0.00 s_pos=0.0000 s_sel=0.0000 s_sel_pos=0.0000 s_hot_err=0.000000 s_bg_err=0.000000 s_gap=0.000000 conf_cos=0.0000 conf_proj=0.00 val_mse=0.36390103 val_mae=0.41166007 | p_pos=0.0000 p_dense=0.00 p_sel=0.0000 p_sel_pos=0.0000 p_hot_err=0.000000 p_bg_err=0.000000 p_gap=0.000000 peer_val_mse=0.27503762 peer_val_mae=0.34416880
[etth1_long_campaign_v1/all_methods_long120] [time_series][epoch 088] lambda=0.0001 g_scale=0.000 train_total=0.07082281 train_sup=0.07080480 train_imit=0.18008689 mean_w=0.0801 active=0.9530 s_dense=0.00 s_pos=0.0000 s_sel=0.0000 s_sel_pos=0.0000 s_hot_err=0.000000 s_bg_err=0.000000 s_gap=0.000000 conf_cos=0.0000 conf_proj=0.00 val_mse=0.40377626 val_mae=0.43933265 | p_pos=0.0000 p_dense=0.00 p_sel=0.0000 p_sel_pos=0.0000 p_hot_err=0.000000 p_bg_err=0.000000 p_gap=0.000000 peer_val_mse=0.27309728 peer_val_mae=0.34172514
[etth1_long_campaign_v1/all_methods_long120] [time_series][epoch 089] lambda=0.0001 g_scale=0.000 train_total=0.07002520 train_sup=0.07000719 train_imit=0.18010739 mean_w=0.0805 active=0.9504 s_dense=0.00 s_pos=0.0000 s_sel=0.0000 s_sel_pos=0.0000 s_hot_err=0.000000 s_bg_err=0.000000 s_gap=0.000000 conf_cos=0.0000 conf_proj=0.00 val_mse=0.38193508 val_mae=0.42565324 | p_pos=0.0000 p_dense=0.00 p_sel=0.0000 p_sel_pos=0.0000 p_hot_err=0.000000 p_bg_err=0.000000 p_gap=0.000000 peer_val_mse=0.27397817 peer_val_mae=0.34327547
[etth1_long_campaign_v1/all_methods_long120] [time_series][epoch 090] lambda=0.0001 g_scale=0.000 train_total=0.06955184 train_sup=0.06953371 train_imit=0.18132733 mean_w=0.0808 active=0.9551 s_dense=0.00 s_pos=0.0000 s_sel=0.0000 s_sel_pos=0.0000 s_hot_err=0.000000 s_bg_err=0.000000 s_gap=0.000000 conf_cos=0.0000 conf_proj=0.00 val_mse=0.39368786 val_mae=0.43747104 | p_pos=0.0000 p_dense=0.00 p_sel=0.0000 p_sel_pos=0.0000 p_hot_err=0.000000 p_bg_err=0.000000 p_gap=0.000000 peer_val_mse=0.27489568 peer_val_mae=0.34531938
[etth1_long_campaign_v1/all_methods_long120] [time_series][epoch 090] updated live plot
[etth1_long_campaign_v1/all_methods_long120] [time_series][epoch 091] lambda=0.0001 g_scale=0.000 train_total=0.06976250 train_sup=0.06974455 train_imit=0.17955954 mean_w=0.0807 active=0.9528 s_dense=0.00 s_pos=0.0000 s_sel=0.0000 s_sel_pos=0.0000 s_hot_err=0.000000 s_bg_err=0.000000 s_gap=0.000000 conf_cos=0.0000 conf_proj=0.00 val_mse=0.38821538 val_mae=0.43130030 | p_pos=0.0000 p_dense=0.00 p_sel=0.0000 p_sel_pos=0.0000 p_hot_err=0.000000 p_bg_err=0.000000 p_gap=0.000000 peer_val_mse=0.27347711 peer_val_mae=0.34165838
[etth1_long_campaign_v1/all_methods_long120] [time_series][epoch 092] lambda=0.0001 g_scale=0.000 train_total=0.06965373 train_sup=0.06963574 train_imit=0.17990385 mean_w=0.0807 active=0.9534 s_dense=0.00 s_pos=0.0000 s_sel=0.0000 s_sel_pos=0.0000 s_hot_err=0.000000 s_bg_err=0.000000 s_gap=0.000000 conf_cos=0.0000 conf_proj=0.00 val_mse=0.39901423 val_mae=0.43736631 | p_pos=0.0000 p_dense=0.00 p_sel=0.0000 p_sel_pos=0.0000 p_hot_err=0.000000 p_bg_err=0.000000 p_gap=0.000000 peer_val_mse=0.27696617 peer_val_mae=0.34946642
[etth1_long_campaign_v1/all_methods_long120] [time_series][epoch 093] lambda=0.0001 g_scale=0.000 train_total=0.06929531 train_sup=0.06927729 train_imit=0.18022865 mean_w=0.0808 active=0.9554 s_dense=0.00 s_pos=0.0000 s_sel=0.0000 s_sel_pos=0.0000 s_hot_err=0.000000 s_bg_err=0.000000 s_gap=0.000000 conf_cos=0.0000 conf_proj=0.00 val_mse=0.37990623 val_mae=0.42639687 | p_pos=0.0000 p_dense=0.00 p_sel=0.0000 p_sel_pos=0.0000 p_hot_err=0.000000 p_bg_err=0.000000 p_gap=0.000000 peer_val_mse=0.27723199 peer_val_mae=0.34808221
[etth1_long_campaign_v1/all_methods_long120] [time_series][epoch 094] lambda=0.0001 g_scale=0.000 train_total=0.06875131 train_sup=0.06873327 train_imit=0.18044749 mean_w=0.0812 active=0.9557 s_dense=0.00 s_pos=0.0000 s_sel=0.0000 s_sel_pos=0.0000 s_hot_err=0.000000 s_bg_err=0.000000 s_gap=0.000000 conf_cos=0.0000 conf_proj=0.00 val_mse=0.37216857 val_mae=0.41670220 | p_pos=0.0000 p_dense=0.00 p_sel=0.0000 p_sel_pos=0.0000 p_hot_err=0.000000 p_bg_err=0.000000 p_gap=0.000000 peer_val_mse=0.27980748 peer_val_mae=0.35312811
[etth1_long_campaign_v1/all_methods_long120] [time_series][epoch 095] lambda=0.0001 g_scale=0.000 train_total=0.06947401 train_sup=0.06945619 train_imit=0.17814847 mean_w=0.0809 active=0.9568 s_dense=0.00 s_pos=0.0000 s_sel=0.0000 s_sel_pos=0.0000 s_hot_err=0.000000 s_bg_err=0.000000 s_gap=0.000000 conf_cos=0.0000 conf_proj=0.00 val_mse=0.38385783 val_mae=0.42583664 | p_pos=0.0000 p_dense=0.00 p_sel=0.0000 p_sel_pos=0.0000 p_hot_err=0.000000 p_bg_err=0.000000 p_gap=0.000000 peer_val_mse=0.27880047 peer_val_mae=0.35088737
[etth1_long_campaign_v1/all_methods_long120] [time_series][epoch 096] lambda=0.0001 g_scale=0.000 train_total=0.06999924 train_sup=0.06998130 train_imit=0.17942271 mean_w=0.0806 active=0.9533 s_dense=0.00 s_pos=0.0000 s_sel=0.0000 s_sel_pos=0.0000 s_hot_err=0.000000 s_bg_err=0.000000 s_gap=0.000000 conf_cos=0.0000 conf_proj=0.00 val_mse=0.38631891 val_mae=0.42941265 | p_pos=0.0000 p_dense=0.00 p_sel=0.0000 p_sel_pos=0.0000 p_hot_err=0.000000 p_bg_err=0.000000 p_gap=0.000000 peer_val_mse=0.27290596 peer_val_mae=0.34078375
[etth1_long_campaign_v1/all_methods_long120] [time_series][epoch 097] lambda=0.0001 g_scale=0.000 train_total=0.06892707 train_sup=0.06890911 train_imit=0.17953012 mean_w=0.0813 active=0.9564 s_dense=0.00 s_pos=0.0000 s_sel=0.0000 s_sel_pos=0.0000 s_hot_err=0.000000 s_bg_err=0.000000 s_gap=0.000000 conf_cos=0.0000 conf_proj=0.00 val_mse=0.37791584 val_mae=0.42187623 | p_pos=0.0000 p_dense=0.00 p_sel=0.0000 p_sel_pos=0.0000 p_hot_err=0.000000 p_bg_err=0.000000 p_gap=0.000000 peer_val_mse=0.28280594 peer_val_mae=0.35818396
[etth1_long_campaign_v1/all_methods_long120] [time_series][epoch 098] lambda=0.0001 g_scale=0.000 train_total=0.06912974 train_sup=0.06911182 train_imit=0.17921772 mean_w=0.0810 active=0.9561 s_dense=0.00 s_pos=0.0000 s_sel=0.0000 s_sel_pos=0.0000 s_hot_err=0.000000 s_bg_err=0.000000 s_gap=0.000000 conf_cos=0.0000 conf_proj=0.00 val_mse=0.38756852 val_mae=0.43043316 | p_pos=0.0000 p_dense=0.00 p_sel=0.0000 p_sel_pos=0.0000 p_hot_err=0.000000 p_bg_err=0.000000 p_gap=0.000000 peer_val_mse=0.27249236 peer_val_mae=0.34070262
[etth1_long_campaign_v1/all_methods_long120] [time_series][epoch 099] lambda=0.0001 g_scale=0.000 train_total=0.06806699 train_sup=0.06804895 train_imit=0.18037169 mean_w=0.0814 active=0.9583 s_dense=0.00 s_pos=0.0000 s_sel=0.0000 s_sel_pos=0.0000 s_hot_err=0.000000 s_bg_err=0.000000 s_gap=0.000000 conf_cos=0.0000 conf_proj=0.00 val_mse=0.40428533 val_mae=0.44027501 | p_pos=0.0000 p_dense=0.00 p_sel=0.0000 p_sel_pos=0.0000 p_hot_err=0.000000 p_bg_err=0.000000 p_gap=0.000000 peer_val_mse=0.27306519 peer_val_mae=0.34162620
[etth1_long_campaign_v1/all_methods_long120] [time_series][epoch 100] lambda=0.0001 g_scale=0.000 train_total=0.06747472 train_sup=0.06745668 train_imit=0.18031602 mean_w=0.0816 active=0.9597 s_dense=0.00 s_pos=0.0000 s_sel=0.0000 s_sel_pos=0.0000 s_hot_err=0.000000 s_bg_err=0.000000 s_gap=0.000000 conf_cos=0.0000 conf_proj=0.00 val_mse=0.38927091 val_mae=0.43184300 | p_pos=0.0000 p_dense=0.00 p_sel=0.0000 p_sel_pos=0.0000 p_hot_err=0.000000 p_bg_err=0.000000 p_gap=0.000000 peer_val_mse=0.27341631 peer_val_mae=0.34431079
[etth1_long_campaign_v1/all_methods_long120] [time_series][epoch 100] updated live plot
[etth1_long_campaign_v1/all_methods_long120] [time_series][epoch 101] lambda=0.0001 g_scale=0.000 train_total=0.06745098 train_sup=0.06743288 train_imit=0.18100645 mean_w=0.0816 active=0.9607 s_dense=0.00 s_pos=0.0000 s_sel=0.0000 s_sel_pos=0.0000 s_hot_err=0.000000 s_bg_err=0.000000 s_gap=0.000000 conf_cos=0.0000 conf_proj=0.00 val_mse=0.38752225 val_mae=0.43121072 | p_pos=0.0000 p_dense=0.00 p_sel=0.0000 p_sel_pos=0.0000 p_hot_err=0.000000 p_bg_err=0.000000 p_gap=0.000000 peer_val_mse=0.27393654 peer_val_mae=0.34453413
[etth1_long_campaign_v1/all_methods_long120] [time_series][epoch 102] lambda=0.0001 g_scale=0.000 train_total=0.06771867 train_sup=0.06770065 train_imit=0.18023549 mean_w=0.0815 active=0.9580 s_dense=0.00 s_pos=0.0000 s_sel=0.0000 s_sel_pos=0.0000 s_hot_err=0.000000 s_bg_err=0.000000 s_gap=0.000000 conf_cos=0.0000 conf_proj=0.00 val_mse=0.39025144 val_mae=0.43086359 | p_pos=0.0000 p_dense=0.00 p_sel=0.0000 p_sel_pos=0.0000 p_hot_err=0.000000 p_bg_err=0.000000 p_gap=0.000000 peer_val_mse=0.27148999 peer_val_mae=0.34033288
[etth1_long_campaign_v1/all_methods_long120] [time_series][epoch 103] lambda=0.0001 g_scale=0.000 train_total=0.06755833 train_sup=0.06754027 train_imit=0.18056583 mean_w=0.0816 active=0.9583 s_dense=0.00 s_pos=0.0000 s_sel=0.0000 s_sel_pos=0.0000 s_hot_err=0.000000 s_bg_err=0.000000 s_gap=0.000000 conf_cos=0.0000 conf_proj=0.00 val_mse=0.38074525 val_mae=0.42735086 | p_pos=0.0000 p_dense=0.00 p_sel=0.0000 p_sel_pos=0.0000 p_hot_err=0.000000 p_bg_err=0.000000 p_gap=0.000000 peer_val_mse=0.27942004 peer_val_mae=0.35224348
[etth1_long_campaign_v1/all_methods_long120] [time_series][epoch 104] lambda=0.0001 g_scale=0.000 train_total=0.06739242 train_sup=0.06737442 train_imit=0.18008273 mean_w=0.0818 active=0.9588 s_dense=0.00 s_pos=0.0000 s_sel=0.0000 s_sel_pos=0.0000 s_hot_err=0.000000 s_bg_err=0.000000 s_gap=0.000000 conf_cos=0.0000 conf_proj=0.00 val_mse=0.37398060 val_mae=0.42570086 | p_pos=0.0000 p_dense=0.00 p_sel=0.0000 p_sel_pos=0.0000 p_hot_err=0.000000 p_bg_err=0.000000 p_gap=0.000000 peer_val_mse=0.27455571 peer_val_mae=0.34309788
[etth1_long_campaign_v1/all_methods_long120] [time_series][epoch 105] lambda=0.0001 g_scale=0.000 train_total=0.06728100 train_sup=0.06726308 train_imit=0.17926496 mean_w=0.0818 active=0.9586 s_dense=0.00 s_pos=0.0000 s_sel=0.0000 s_sel_pos=0.0000 s_hot_err=0.000000 s_bg_err=0.000000 s_gap=0.000000 conf_cos=0.0000 conf_proj=0.00 val_mse=0.39521388 val_mae=0.43199244 | p_pos=0.0000 p_dense=0.00 p_sel=0.0000 p_sel_pos=0.0000 p_hot_err=0.000000 p_bg_err=0.000000 p_gap=0.000000 peer_val_mse=0.27583820 peer_val_mae=0.34353909
[etth1_long_campaign_v1/all_methods_long120] [time_series][epoch 106] lambda=0.0001 g_scale=0.000 train_total=0.06701158 train_sup=0.06699365 train_imit=0.17923543 mean_w=0.0819 active=0.9609 s_dense=0.00 s_pos=0.0000 s_sel=0.0000 s_sel_pos=0.0000 s_hot_err=0.000000 s_bg_err=0.000000 s_gap=0.000000 conf_cos=0.0000 conf_proj=0.00 val_mse=0.40895309 val_mae=0.44182372 | p_pos=0.0000 p_dense=0.00 p_sel=0.0000 p_sel_pos=0.0000 p_hot_err=0.000000 p_bg_err=0.000000 p_gap=0.000000 peer_val_mse=0.27570147 peer_val_mae=0.34774321
[etth1_long_campaign_v1/all_methods_long120] [time_series][epoch 107] lambda=0.0001 g_scale=0.000 train_total=0.06689549 train_sup=0.06687754 train_imit=0.17954118 mean_w=0.0821 active=0.9606 s_dense=0.00 s_pos=0.0000 s_sel=0.0000 s_sel_pos=0.0000 s_hot_err=0.000000 s_bg_err=0.000000 s_gap=0.000000 conf_cos=0.0000 conf_proj=0.00 val_mse=0.38310125 val_mae=0.42546999 | p_pos=0.0000 p_dense=0.00 p_sel=0.0000 p_sel_pos=0.0000 p_hot_err=0.000000 p_bg_err=0.000000 p_gap=0.000000 peer_val_mse=0.27582831 peer_val_mae=0.34693268
[etth1_long_campaign_v1/all_methods_long120] [time_series][epoch 108] lambda=0.0001 g_scale=0.000 train_total=0.06709260 train_sup=0.06707457 train_imit=0.18028100 mean_w=0.0819 active=0.9596 s_dense=0.00 s_pos=0.0000 s_sel=0.0000 s_sel_pos=0.0000 s_hot_err=0.000000 s_bg_err=0.000000 s_gap=0.000000 conf_cos=0.0000 conf_proj=0.00 val_mse=0.39029601 val_mae=0.43246184 | p_pos=0.0000 p_dense=0.00 p_sel=0.0000 p_sel_pos=0.0000 p_hot_err=0.000000 p_bg_err=0.000000 p_gap=0.000000 peer_val_mse=0.27431548 peer_val_mae=0.34324042
[etth1_long_campaign_v1/all_methods_long120] [time_series][epoch 109] lambda=0.0001 g_scale=0.000 train_total=0.06677282 train_sup=0.06675484 train_imit=0.17979483 mean_w=0.0822 active=0.9599 s_dense=0.00 s_pos=0.0000 s_sel=0.0000 s_sel_pos=0.0000 s_hot_err=0.000000 s_bg_err=0.000000 s_gap=0.000000 conf_cos=0.0000 conf_proj=0.00 val_mse=0.40757504 val_mae=0.44624660 | p_pos=0.0000 p_dense=0.00 p_sel=0.0000 p_sel_pos=0.0000 p_hot_err=0.000000 p_bg_err=0.000000 p_gap=0.000000 peer_val_mse=0.27659625 peer_val_mae=0.34766648
[etth1_long_campaign_v1/all_methods_long120] [time_series][epoch 110] lambda=0.0001 g_scale=0.000 train_total=0.06763494 train_sup=0.06761697 train_imit=0.17969640 mean_w=0.0817 active=0.9564 s_dense=0.00 s_pos=0.0000 s_sel=0.0000 s_sel_pos=0.0000 s_hot_err=0.000000 s_bg_err=0.000000 s_gap=0.000000 conf_cos=0.0000 conf_proj=0.00 val_mse=0.39474666 val_mae=0.44143939 | p_pos=0.0000 p_dense=0.00 p_sel=0.0000 p_sel_pos=0.0000 p_hot_err=0.000000 p_bg_err=0.000000 p_gap=0.000000 peer_val_mse=0.27298815 peer_val_mae=0.34151618
[etth1_long_campaign_v1/all_methods_long120] [time_series][epoch 110] updated live plot
[etth1_long_campaign_v1/all_methods_long120] [time_series][epoch 111] lambda=0.0001 g_scale=0.000 train_total=0.06780870 train_sup=0.06779089 train_imit=0.17816983 mean_w=0.0818 active=0.9591 s_dense=0.00 s_pos=0.0000 s_sel=0.0000 s_sel_pos=0.0000 s_hot_err=0.000000 s_bg_err=0.000000 s_gap=0.000000 conf_cos=0.0000 conf_proj=0.00 val_mse=0.39050463 val_mae=0.43317128 | p_pos=0.0000 p_dense=0.00 p_sel=0.0000 p_sel_pos=0.0000 p_hot_err=0.000000 p_bg_err=0.000000 p_gap=0.000000 peer_val_mse=0.27425526 peer_val_mae=0.34398706
[etth1_long_campaign_v1/all_methods_long120] [time_series][epoch 112] lambda=0.0001 g_scale=0.000 train_total=0.06651480 train_sup=0.06649684 train_imit=0.17956391 mean_w=0.0822 active=0.9614 s_dense=0.00 s_pos=0.0000 s_sel=0.0000 s_sel_pos=0.0000 s_hot_err=0.000000 s_bg_err=0.000000 s_gap=0.000000 conf_cos=0.0000 conf_proj=0.00 val_mse=0.38901815 val_mae=0.43500332 | p_pos=0.0000 p_dense=0.00 p_sel=0.0000 p_sel_pos=0.0000 p_hot_err=0.000000 p_bg_err=0.000000 p_gap=0.000000 peer_val_mse=0.27611718 peer_val_mae=0.34507773
[etth1_long_campaign_v1/all_methods_long120] [time_series][epoch 113] lambda=0.0001 g_scale=0.000 train_total=0.06578708 train_sup=0.06576911 train_imit=0.17971284 mean_w=0.0827 active=0.9631 s_dense=0.00 s_pos=0.0000 s_sel=0.0000 s_sel_pos=0.0000 s_hot_err=0.000000 s_bg_err=0.000000 s_gap=0.000000 conf_cos=0.0000 conf_proj=0.00 val_mse=0.41049582 val_mae=0.44845158 | p_pos=0.0000 p_dense=0.00 p_sel=0.0000 p_sel_pos=0.0000 p_hot_err=0.000000 p_bg_err=0.000000 p_gap=0.000000 peer_val_mse=0.27687036 peer_val_mae=0.34856320
[etth1_long_campaign_v1/all_methods_long120] [time_series][epoch 114] lambda=0.0001 g_scale=0.000 train_total=0.06600640 train_sup=0.06598838 train_imit=0.18024660 mean_w=0.0824 active=0.9592 s_dense=0.00 s_pos=0.0000 s_sel=0.0000 s_sel_pos=0.0000 s_hot_err=0.000000 s_bg_err=0.000000 s_gap=0.000000 conf_cos=0.0000 conf_proj=0.00 val_mse=0.40182572 val_mae=0.44041121 | p_pos=0.0000 p_dense=0.00 p_sel=0.0000 p_sel_pos=0.0000 p_hot_err=0.000000 p_bg_err=0.000000 p_gap=0.000000 peer_val_mse=0.27396601 peer_val_mae=0.34243456
[etth1_long_campaign_v1/all_methods_long120] [time_series][epoch 115] lambda=0.0001 g_scale=0.000 train_total=0.06611900 train_sup=0.06610103 train_imit=0.17966736 mean_w=0.0823 active=0.9610 s_dense=0.00 s_pos=0.0000 s_sel=0.0000 s_sel_pos=0.0000 s_hot_err=0.000000 s_bg_err=0.000000 s_gap=0.000000 conf_cos=0.0000 conf_proj=0.00 val_mse=0.39582058 val_mae=0.43380858 | p_pos=0.0000 p_dense=0.00 p_sel=0.0000 p_sel_pos=0.0000 p_hot_err=0.000000 p_bg_err=0.000000 p_gap=0.000000 peer_val_mse=0.27828518 peer_val_mae=0.35147545
[etth1_long_campaign_v1/all_methods_long120] [time_series][epoch 116] lambda=0.0001 g_scale=0.000 train_total=0.06646025 train_sup=0.06644222 train_imit=0.18027559 mean_w=0.0824 active=0.9617 s_dense=0.00 s_pos=0.0000 s_sel=0.0000 s_sel_pos=0.0000 s_hot_err=0.000000 s_bg_err=0.000000 s_gap=0.000000 conf_cos=0.0000 conf_proj=0.00 val_mse=0.38663136 val_mae=0.42908435 | p_pos=0.0000 p_dense=0.00 p_sel=0.0000 p_sel_pos=0.0000 p_hot_err=0.000000 p_bg_err=0.000000 p_gap=0.000000 peer_val_mse=0.27318673 peer_val_mae=0.34288968
[etth1_long_campaign_v1/all_methods_long120] [time_series][epoch 117] lambda=0.0001 g_scale=0.000 train_total=0.06559283 train_sup=0.06557485 train_imit=0.17980397 mean_w=0.0825 active=0.9621 s_dense=0.00 s_pos=0.0000 s_sel=0.0000 s_sel_pos=0.0000 s_hot_err=0.000000 s_bg_err=0.000000 s_gap=0.000000 conf_cos=0.0000 conf_proj=0.00 val_mse=0.40063370 val_mae=0.44177332 | p_pos=0.0000 p_dense=0.00 p_sel=0.0000 p_sel_pos=0.0000 p_hot_err=0.000000 p_bg_err=0.000000 p_gap=0.000000 peer_val_mse=0.27460868 peer_val_mae=0.34302172
[etth1_long_campaign_v1/all_methods_long120] [time_series][epoch 118] lambda=0.0001 g_scale=0.000 train_total=0.06542888 train_sup=0.06541083 train_imit=0.18045739 mean_w=0.0826 active=0.9607 s_dense=0.00 s_pos=0.0000 s_sel=0.0000 s_sel_pos=0.0000 s_hot_err=0.000000 s_bg_err=0.000000 s_gap=0.000000 conf_cos=0.0000 conf_proj=0.00 val_mse=0.39645113 val_mae=0.43376727 | p_pos=0.0000 p_dense=0.00 p_sel=0.0000 p_sel_pos=0.0000 p_hot_err=0.000000 p_bg_err=0.000000 p_gap=0.000000 peer_val_mse=0.27270939 peer_val_mae=0.34130093
[etth1_long_campaign_v1/all_methods_long120] [time_series][epoch 119] lambda=0.0001 g_scale=0.000 train_total=0.06500180 train_sup=0.06498379 train_imit=0.18012562 mean_w=0.0828 active=0.9639 s_dense=0.00 s_pos=0.0000 s_sel=0.0000 s_sel_pos=0.0000 s_hot_err=0.000000 s_bg_err=0.000000 s_gap=0.000000 conf_cos=0.0000 conf_proj=0.00 val_mse=0.42411784 val_mae=0.45393227 | p_pos=0.0000 p_dense=0.00 p_sel=0.0000 p_sel_pos=0.0000 p_hot_err=0.000000 p_bg_err=0.000000 p_gap=0.000000 peer_val_mse=0.28031921 peer_val_mae=0.35358275
[etth1_long_campaign_v1/all_methods_long120] [time_series][epoch 120] lambda=0.0001 g_scale=0.000 train_total=0.06554243 train_sup=0.06552444 train_imit=0.17991728 mean_w=0.0829 active=0.9622 s_dense=0.00 s_pos=0.0000 s_sel=0.0000 s_sel_pos=0.0000 s_hot_err=0.000000 s_bg_err=0.000000 s_gap=0.000000 conf_cos=0.0000 conf_proj=0.00 val_mse=0.41084909 val_mae=0.44004899 | p_pos=0.0000 p_dense=0.00 p_sel=0.0000 p_sel_pos=0.0000 p_hot_err=0.000000 p_bg_err=0.000000 p_gap=0.000000 peer_val_mse=0.27544065 peer_val_mae=0.34355741
[etth1_long_campaign_v1/all_methods_long120] [time_series][epoch 120] updated live plot
[etth1_long_campaign_v1/all_methods_long120] [time_series] done
[etth1_long_campaign_v1/all_methods_long120] [time_series] dataset=etth1 pair=transformer:dlinear method=dml seed=10 pred_len=24
[etth1_long_campaign_v1/all_methods_long120] [time_series] run_dir=results/time_series_etth1_long_campaign_v1_worker1_gpu0_queue/all_methods_long120/time_series/etth1/transformer__dlinear_dml_huber_seed10
[etth1_long_campaign_v1/all_methods_long120] [time_series] params=419240
[etth1_long_campaign_v1/all_methods_long120] [time_series][epoch 001] lambda=0.0010 g_scale=0.000 train_total=0.37145856 train_sup=0.37131528 train_imit=0.14328287 mean_w=0.0264 active=0.4344 s_dense=0.00 s_pos=0.0000 s_sel=0.0000 s_sel_pos=0.0000 s_hot_err=0.000000 s_bg_err=0.000000 s_gap=0.000000 conf_cos=0.0000 conf_proj=0.00 val_mse=0.37427236 val_mae=0.43346188 | p_pos=0.0000 p_dense=0.00 p_sel=0.0000 p_sel_pos=0.0000 p_hot_err=0.000000 p_bg_err=0.000000 p_gap=0.000000 peer_val_mse=0.32354725 peer_val_mae=0.38784813
[etth1_long_campaign_v1/all_methods_long120] [time_series][epoch 002] lambda=0.0010 g_scale=0.000 train_total=0.25576116 train_sup=0.25565703 train_imit=0.10413216 mean_w=0.0224 active=0.4428 s_dense=0.00 s_pos=0.0000 s_sel=0.0000 s_sel_pos=0.0000 s_hot_err=0.000000 s_bg_err=0.000000 s_gap=0.000000 conf_cos=0.0000 conf_proj=0.00 val_mse=0.34220298 val_mae=0.40931228 | p_pos=0.0000 p_dense=0.00 p_sel=0.0000 p_sel_pos=0.0000 p_hot_err=0.000000 p_bg_err=0.000000 p_gap=0.000000 peer_val_mse=0.29891861 peer_val_mae=0.36642327
[etth1_long_campaign_v1/all_methods_long120] [time_series][epoch 003] lambda=0.0010 g_scale=0.000 train_total=0.23574355 train_sup=0.23563328 train_imit=0.11026517 mean_w=0.0247 active=0.4634 s_dense=0.00 s_pos=0.0000 s_sel=0.0000 s_sel_pos=0.0000 s_hot_err=0.000000 s_bg_err=0.000000 s_gap=0.000000 conf_cos=0.0000 conf_proj=0.00 val_mse=0.35299575 val_mae=0.41478283 | p_pos=0.0000 p_dense=0.00 p_sel=0.0000 p_sel_pos=0.0000 p_hot_err=0.000000 p_bg_err=0.000000 p_gap=0.000000 peer_val_mse=0.29086387 peer_val_mae=0.36037086
[etth1_long_campaign_v1/all_methods_long120] [time_series][epoch 004] lambda=0.0010 g_scale=0.000 train_total=0.21721155 train_sup=0.21708974 train_imit=0.12181398 mean_w=0.0286 active=0.5039 s_dense=0.00 s_pos=0.0000 s_sel=0.0000 s_sel_pos=0.0000 s_hot_err=0.000000 s_bg_err=0.000000 s_gap=0.000000 conf_cos=0.0000 conf_proj=0.00 val_mse=0.35700698 val_mae=0.41362979 | p_pos=0.0000 p_dense=0.00 p_sel=0.0000 p_sel_pos=0.0000 p_hot_err=0.000000 p_bg_err=0.000000 p_gap=0.000000 peer_val_mse=0.28325336 peer_val_mae=0.35237132
[etth1_long_campaign_v1/all_methods_long120] [time_series][epoch 005] lambda=0.0010 g_scale=0.000 train_total=0.20407193 train_sup=0.20393941 train_imit=0.13252688 mean_w=0.0321 active=0.5328 s_dense=0.00 s_pos=0.0000 s_sel=0.0000 s_sel_pos=0.0000 s_hot_err=0.000000 s_bg_err=0.000000 s_gap=0.000000 conf_cos=0.0000 conf_proj=0.00 val_mse=0.38739914 val_mae=0.42644345 | p_pos=0.0000 p_dense=0.00 p_sel=0.0000 p_sel_pos=0.0000 p_hot_err=0.000000 p_bg_err=0.000000 p_gap=0.000000 peer_val_mse=0.28216022 peer_val_mae=0.35283596
[etth1_long_campaign_v1/all_methods_long120] [time_series][epoch 006] lambda=0.0010 g_scale=0.000 train_total=0.18997214 train_sup=0.18982989 train_imit=0.14225129 mean_w=0.0361 active=0.5725 s_dense=0.00 s_pos=0.0000 s_sel=0.0000 s_sel_pos=0.0000 s_hot_err=0.000000 s_bg_err=0.000000 s_gap=0.000000 conf_cos=0.0000 conf_proj=0.00 val_mse=0.34562941 val_mae=0.40575159 | p_pos=0.0000 p_dense=0.00 p_sel=0.0000 p_sel_pos=0.0000 p_hot_err=0.000000 p_bg_err=0.000000 p_gap=0.000000 peer_val_mse=0.27832832 peer_val_mae=0.34634795
[etth1_long_campaign_v1/all_methods_long120] [time_series][epoch 007] lambda=0.0010 g_scale=0.000 train_total=0.17927951 train_sup=0.17912837 train_imit=0.15113830 mean_w=0.0394 active=0.5992 s_dense=0.00 s_pos=0.0000 s_sel=0.0000 s_sel_pos=0.0000 s_hot_err=0.000000 s_bg_err=0.000000 s_gap=0.000000 conf_cos=0.0000 conf_proj=0.00 val_mse=0.38295259 val_mae=0.43080674 | p_pos=0.0000 p_dense=0.00 p_sel=0.0000 p_sel_pos=0.0000 p_hot_err=0.000000 p_bg_err=0.000000 p_gap=0.000000 peer_val_mse=0.27868564 peer_val_mae=0.34827737
[etth1_long_campaign_v1/all_methods_long120] [time_series][epoch 008] lambda=0.0010 g_scale=0.000 train_total=0.17018081 train_sup=0.17002329 train_imit=0.15751894 mean_w=0.0422 active=0.6171 s_dense=0.00 s_pos=0.0000 s_sel=0.0000 s_sel_pos=0.0000 s_hot_err=0.000000 s_bg_err=0.000000 s_gap=0.000000 conf_cos=0.0000 conf_proj=0.00 val_mse=0.37981220 val_mae=0.42498835 | p_pos=0.0000 p_dense=0.00 p_sel=0.0000 p_sel_pos=0.0000 p_hot_err=0.000000 p_bg_err=0.000000 p_gap=0.000000 peer_val_mse=0.28081843 peer_val_mae=0.35271317
[etth1_long_campaign_v1/all_methods_long120] [time_series][epoch 009] lambda=0.0010 g_scale=0.000 train_total=0.16216518 train_sup=0.16200429 train_imit=0.16089483 mean_w=0.0447 active=0.6451 s_dense=0.00 s_pos=0.0000 s_sel=0.0000 s_sel_pos=0.0000 s_hot_err=0.000000 s_bg_err=0.000000 s_gap=0.000000 conf_cos=0.0000 conf_proj=0.00 val_mse=0.39446141 val_mae=0.44022673 | p_pos=0.0000 p_dense=0.00 p_sel=0.0000 p_sel_pos=0.0000 p_hot_err=0.000000 p_bg_err=0.000000 p_gap=0.000000 peer_val_mse=0.27468178 peer_val_mae=0.34273412
[etth1_long_campaign_v1/all_methods_long120] [time_series][epoch 010] lambda=0.0010 g_scale=0.000 train_total=0.15284596 train_sup=0.15268017 train_imit=0.16579064 mean_w=0.0477 active=0.6683 s_dense=0.00 s_pos=0.0000 s_sel=0.0000 s_sel_pos=0.0000 s_hot_err=0.000000 s_bg_err=0.000000 s_gap=0.000000 conf_cos=0.0000 conf_proj=0.00 val_mse=0.37705888 val_mae=0.42759594 | p_pos=0.0000 p_dense=0.00 p_sel=0.0000 p_sel_pos=0.0000 p_hot_err=0.000000 p_bg_err=0.000000 p_gap=0.000000 peer_val_mse=0.27489207 peer_val_mae=0.34371093
[etth1_long_campaign_v1/all_methods_long120] [time_series][epoch 010] updated live plot
[etth1_long_campaign_v1/all_methods_long120] [time_series][epoch 011] lambda=0.0010 g_scale=0.000 train_total=0.14528411 train_sup=0.14511887 train_imit=0.16904609 mean_w=0.0502 active=0.6967 s_dense=0.00 s_pos=0.0000 s_sel=0.0000 s_sel_pos=0.0000 s_hot_err=0.000000 s_bg_err=0.000000 s_gap=0.000000 conf_cos=0.0000 conf_proj=0.00 val_mse=0.39821566 val_mae=0.44689549 | p_pos=0.0000 p_dense=0.00 p_sel=0.0000 p_sel_pos=0.0000 p_hot_err=0.000000 p_bg_err=0.000000 p_gap=0.000000 peer_val_mse=0.27475988 peer_val_mae=0.34294447
[etth1_long_campaign_v1/all_methods_long120] [time_series][epoch 012] lambda=0.0010 g_scale=0.000 train_total=0.13787793 train_sup=0.13771481 train_imit=0.17081232 mean_w=0.0528 active=0.7176 s_dense=0.00 s_pos=0.0000 s_sel=0.0000 s_sel_pos=0.0000 s_hot_err=0.000000 s_bg_err=0.000000 s_gap=0.000000 conf_cos=0.0000 conf_proj=0.00 val_mse=0.40011000 val_mae=0.43557505 | p_pos=0.0000 p_dense=0.00 p_sel=0.0000 p_sel_pos=0.0000 p_hot_err=0.000000 p_bg_err=0.000000 p_gap=0.000000 peer_val_mse=0.27711335 peer_val_mae=0.34773217
[etth1_long_campaign_v1/all_methods_long120] [time_series][epoch 013] lambda=0.0009 g_scale=0.000 train_total=0.13495673 train_sup=0.13479608 train_imit=0.17227864 mean_w=0.0540 active=0.7278 s_dense=0.00 s_pos=0.0000 s_sel=0.0000 s_sel_pos=0.0000 s_hot_err=0.000000 s_bg_err=0.000000 s_gap=0.000000 conf_cos=0.0000 conf_proj=0.00 val_mse=0.37521242 val_mae=0.41873585 | p_pos=0.0000 p_dense=0.00 p_sel=0.0000 p_sel_pos=0.0000 p_hot_err=0.000000 p_bg_err=0.000000 p_gap=0.000000 peer_val_mse=0.27557385 peer_val_mae=0.34478329
[etth1_long_campaign_v1/all_methods_long120] [time_series][epoch 014] lambda=0.0009 g_scale=0.000 train_total=0.13004363 train_sup=0.12988598 train_imit=0.17324113 mean_w=0.0558 active=0.7467 s_dense=0.00 s_pos=0.0000 s_sel=0.0000 s_sel_pos=0.0000 s_hot_err=0.000000 s_bg_err=0.000000 s_gap=0.000000 conf_cos=0.0000 conf_proj=0.00 val_mse=0.39916429 val_mae=0.43992306 | p_pos=0.0000 p_dense=0.00 p_sel=0.0000 p_sel_pos=0.0000 p_hot_err=0.000000 p_bg_err=0.000000 p_gap=0.000000 peer_val_mse=0.27861600 peer_val_mae=0.34943340
[etth1_long_campaign_v1/all_methods_long120] [time_series][epoch 015] lambda=0.0009 g_scale=0.000 train_total=0.12602140 train_sup=0.12586710 train_imit=0.17386330 mean_w=0.0572 active=0.7596 s_dense=0.00 s_pos=0.0000 s_sel=0.0000 s_sel_pos=0.0000 s_hot_err=0.000000 s_bg_err=0.000000 s_gap=0.000000 conf_cos=0.0000 conf_proj=0.00 val_mse=0.39832444 val_mae=0.43979984 | p_pos=0.0000 p_dense=0.00 p_sel=0.0000 p_sel_pos=0.0000 p_hot_err=0.000000 p_bg_err=0.000000 p_gap=0.000000 peer_val_mse=0.27416791 peer_val_mae=0.34269584
[etth1_long_campaign_v1/all_methods_long120] [time_series][epoch 016] lambda=0.0009 g_scale=0.000 train_total=0.12245976 train_sup=0.12230846 train_imit=0.17491937 mean_w=0.0585 active=0.7716 s_dense=0.00 s_pos=0.0000 s_sel=0.0000 s_sel_pos=0.0000 s_hot_err=0.000000 s_bg_err=0.000000 s_gap=0.000000 conf_cos=0.0000 conf_proj=0.00 val_mse=0.38619541 val_mae=0.41829737 | p_pos=0.0000 p_dense=0.00 p_sel=0.0000 p_sel_pos=0.0000 p_hot_err=0.000000 p_bg_err=0.000000 p_gap=0.000000 peer_val_mse=0.27351517 peer_val_mae=0.34383268
[etth1_long_campaign_v1/all_methods_long120] [time_series][epoch 017] lambda=0.0008 g_scale=0.000 train_total=0.11908335 train_sup=0.11893501 train_imit=0.17607221 mean_w=0.0598 active=0.7840 s_dense=0.00 s_pos=0.0000 s_sel=0.0000 s_sel_pos=0.0000 s_hot_err=0.000000 s_bg_err=0.000000 s_gap=0.000000 conf_cos=0.0000 conf_proj=0.00 val_mse=0.40431571 val_mae=0.44151181 | p_pos=0.0000 p_dense=0.00 p_sel=0.0000 p_sel_pos=0.0000 p_hot_err=0.000000 p_bg_err=0.000000 p_gap=0.000000 peer_val_mse=0.27472888 peer_val_mae=0.34250817
[etth1_long_campaign_v1/all_methods_long120] [time_series][epoch 018] lambda=0.0008 g_scale=0.000 train_total=0.11566120 train_sup=0.11551582 train_imit=0.17728942 mean_w=0.0611 active=0.7988 s_dense=0.00 s_pos=0.0000 s_sel=0.0000 s_sel_pos=0.0000 s_hot_err=0.000000 s_bg_err=0.000000 s_gap=0.000000 conf_cos=0.0000 conf_proj=0.00 val_mse=0.38203313 val_mae=0.42437527 | p_pos=0.0000 p_dense=0.00 p_sel=0.0000 p_sel_pos=0.0000 p_hot_err=0.000000 p_bg_err=0.000000 p_gap=0.000000 peer_val_mse=0.27594727 peer_val_mae=0.34807776
[etth1_long_campaign_v1/all_methods_long120] [time_series][epoch 019] lambda=0.0008 g_scale=0.000 train_total=0.11339439 train_sup=0.11325310 train_imit=0.17716070 mean_w=0.0619 active=0.8065 s_dense=0.00 s_pos=0.0000 s_sel=0.0000 s_sel_pos=0.0000 s_hot_err=0.000000 s_bg_err=0.000000 s_gap=0.000000 conf_cos=0.0000 conf_proj=0.00 val_mse=0.40595643 val_mae=0.44659326 | p_pos=0.0000 p_dense=0.00 p_sel=0.0000 p_sel_pos=0.0000 p_hot_err=0.000000 p_bg_err=0.000000 p_gap=0.000000 peer_val_mse=0.27616932 peer_val_mae=0.34582340
[etth1_long_campaign_v1/all_methods_long120] [time_series][epoch 020] lambda=0.0008 g_scale=0.000 train_total=0.11192041 train_sup=0.11178365 train_imit=0.17646171 mean_w=0.0626 active=0.8073 s_dense=0.00 s_pos=0.0000 s_sel=0.0000 s_sel_pos=0.0000 s_hot_err=0.000000 s_bg_err=0.000000 s_gap=0.000000 conf_cos=0.0000 conf_proj=0.00 val_mse=0.40461387 val_mae=0.44605564 | p_pos=0.0000 p_dense=0.00 p_sel=0.0000 p_sel_pos=0.0000 p_hot_err=0.000000 p_bg_err=0.000000 p_gap=0.000000 peer_val_mse=0.27356151 peer_val_mae=0.34138333
[etth1_long_campaign_v1/all_methods_long120] [time_series][epoch 020] updated live plot
[etth1_long_campaign_v1/all_methods_long120] [time_series][epoch 021] lambda=0.0008 g_scale=0.000 train_total=0.10906152 train_sup=0.10892748 train_imit=0.17813084 mean_w=0.0638 active=0.8214 s_dense=0.00 s_pos=0.0000 s_sel=0.0000 s_sel_pos=0.0000 s_hot_err=0.000000 s_bg_err=0.000000 s_gap=0.000000 conf_cos=0.0000 conf_proj=0.00 val_mse=0.41864874 val_mae=0.45349162 | p_pos=0.0000 p_dense=0.00 p_sel=0.0000 p_sel_pos=0.0000 p_hot_err=0.000000 p_bg_err=0.000000 p_gap=0.000000 peer_val_mse=0.27656085 peer_val_mae=0.34599867
[etth1_long_campaign_v1/all_methods_long120] [time_series][epoch 022] lambda=0.0007 g_scale=0.000 train_total=0.10655002 train_sup=0.10641917 train_imit=0.17924336 mean_w=0.0647 active=0.8333 s_dense=0.00 s_pos=0.0000 s_sel=0.0000 s_sel_pos=0.0000 s_hot_err=0.000000 s_bg_err=0.000000 s_gap=0.000000 conf_cos=0.0000 conf_proj=0.00 val_mse=0.38880061 val_mae=0.43538505 | p_pos=0.0000 p_dense=0.00 p_sel=0.0000 p_sel_pos=0.0000 p_hot_err=0.000000 p_bg_err=0.000000 p_gap=0.000000 peer_val_mse=0.27433998 peer_val_mae=0.34367759
[etth1_long_campaign_v1/all_methods_long120] [time_series][epoch 023] lambda=0.0007 g_scale=0.000 train_total=0.10489746 train_sup=0.10477007 train_imit=0.18004971 mean_w=0.0653 active=0.8371 s_dense=0.00 s_pos=0.0000 s_sel=0.0000 s_sel_pos=0.0000 s_hot_err=0.000000 s_bg_err=0.000000 s_gap=0.000000 conf_cos=0.0000 conf_proj=0.00 val_mse=0.38737770 val_mae=0.43365963 | p_pos=0.0000 p_dense=0.00 p_sel=0.0000 p_sel_pos=0.0000 p_hot_err=0.000000 p_bg_err=0.000000 p_gap=0.000000 peer_val_mse=0.27479041 peer_val_mae=0.34589655
[etth1_long_campaign_v1/all_methods_long120] [time_series][epoch 024] lambda=0.0007 g_scale=0.000 train_total=0.10360571 train_sup=0.10348332 train_imit=0.17868194 mean_w=0.0658 active=0.8428 s_dense=0.00 s_pos=0.0000 s_sel=0.0000 s_sel_pos=0.0000 s_hot_err=0.000000 s_bg_err=0.000000 s_gap=0.000000 conf_cos=0.0000 conf_proj=0.00 val_mse=0.39706004 val_mae=0.43572615 | p_pos=0.0000 p_dense=0.00 p_sel=0.0000 p_sel_pos=0.0000 p_hot_err=0.000000 p_bg_err=0.000000 p_gap=0.000000 peer_val_mse=0.27600833 peer_val_mae=0.34638211
[etth1_long_campaign_v1/all_methods_long120] [time_series][epoch 025] lambda=0.0007 g_scale=0.000 train_total=0.10181546 train_sup=0.10169612 train_imit=0.18013772 mean_w=0.0666 active=0.8489 s_dense=0.00 s_pos=0.0000 s_sel=0.0000 s_sel_pos=0.0000 s_hot_err=0.000000 s_bg_err=0.000000 s_gap=0.000000 conf_cos=0.0000 conf_proj=0.00 val_mse=0.38869653 val_mae=0.42967225 | p_pos=0.0000 p_dense=0.00 p_sel=0.0000 p_sel_pos=0.0000 p_hot_err=0.000000 p_bg_err=0.000000 p_gap=0.000000 peer_val_mse=0.27264267 peer_val_mae=0.34069105
[etth1_long_campaign_v1/all_methods_long120] [time_series][epoch 026] lambda=0.0006 g_scale=0.000 train_total=0.10119317 train_sup=0.10107825 train_imit=0.17956553 mean_w=0.0669 active=0.8533 s_dense=0.00 s_pos=0.0000 s_sel=0.0000 s_sel_pos=0.0000 s_hot_err=0.000000 s_bg_err=0.000000 s_gap=0.000000 conf_cos=0.0000 conf_proj=0.00 val_mse=0.38993586 val_mae=0.43871348 | p_pos=0.0000 p_dense=0.00 p_sel=0.0000 p_sel_pos=0.0000 p_hot_err=0.000000 p_bg_err=0.000000 p_gap=0.000000 peer_val_mse=0.27570181 peer_val_mae=0.34590012
[etth1_long_campaign_v1/all_methods_long120] [time_series][epoch 027] lambda=0.0006 g_scale=0.000 train_total=0.09898966 train_sup=0.09887930 train_imit=0.17871718 mean_w=0.0678 active=0.8595 s_dense=0.00 s_pos=0.0000 s_sel=0.0000 s_sel_pos=0.0000 s_hot_err=0.000000 s_bg_err=0.000000 s_gap=0.000000 conf_cos=0.0000 conf_proj=0.00 val_mse=0.41724719 val_mae=0.45563779 | p_pos=0.0000 p_dense=0.00 p_sel=0.0000 p_sel_pos=0.0000 p_hot_err=0.000000 p_bg_err=0.000000 p_gap=0.000000 peer_val_mse=0.27357709 peer_val_mae=0.34175983
[etth1_long_campaign_v1/all_methods_long120] [time_series][epoch 028] lambda=0.0006 g_scale=0.000 train_total=0.09842399 train_sup=0.09831686 train_imit=0.18004352 mean_w=0.0680 active=0.8618 s_dense=0.00 s_pos=0.0000 s_sel=0.0000 s_sel_pos=0.0000 s_hot_err=0.000000 s_bg_err=0.000000 s_gap=0.000000 conf_cos=0.0000 conf_proj=0.00 val_mse=0.38235086 val_mae=0.43215833 | p_pos=0.0000 p_dense=0.00 p_sel=0.0000 p_sel_pos=0.0000 p_hot_err=0.000000 p_bg_err=0.000000 p_gap=0.000000 peer_val_mse=0.27482429 peer_val_mae=0.34410155
[etth1_long_campaign_v1/all_methods_long120] [time_series][epoch 029] lambda=0.0006 g_scale=0.000 train_total=0.09639473 train_sup=0.09629111 train_imit=0.18099989 mean_w=0.0687 active=0.8669 s_dense=0.00 s_pos=0.0000 s_sel=0.0000 s_sel_pos=0.0000 s_hot_err=0.000000 s_bg_err=0.000000 s_gap=0.000000 conf_cos=0.0000 conf_proj=0.00 val_mse=0.42975854 val_mae=0.45888996 | p_pos=0.0000 p_dense=0.00 p_sel=0.0000 p_sel_pos=0.0000 p_hot_err=0.000000 p_bg_err=0.000000 p_gap=0.000000 peer_val_mse=0.27630357 peer_val_mae=0.34641507
[etth1_long_campaign_v1/all_methods_long120] [time_series][epoch 030] lambda=0.0006 g_scale=0.000 train_total=0.09583313 train_sup=0.09573454 train_imit=0.17924083 mean_w=0.0690 active=0.8721 s_dense=0.00 s_pos=0.0000 s_sel=0.0000 s_sel_pos=0.0000 s_hot_err=0.000000 s_bg_err=0.000000 s_gap=0.000000 conf_cos=0.0000 conf_proj=0.00 val_mse=0.41452361 val_mae=0.45270403 | p_pos=0.0000 p_dense=0.00 p_sel=0.0000 p_sel_pos=0.0000 p_hot_err=0.000000 p_bg_err=0.000000 p_gap=0.000000 peer_val_mse=0.27261872 peer_val_mae=0.34022962
[etth1_long_campaign_v1/all_methods_long120] [time_series][epoch 030] updated live plot
[etth1_long_campaign_v1/all_methods_long120] [time_series][epoch 031] lambda=0.0005 g_scale=0.000 train_total=0.09480769 train_sup=0.09471299 train_imit=0.17951169 mean_w=0.0695 active=0.8757 s_dense=0.00 s_pos=0.0000 s_sel=0.0000 s_sel_pos=0.0000 s_hot_err=0.000000 s_bg_err=0.000000 s_gap=0.000000 conf_cos=0.0000 conf_proj=0.00 val_mse=0.39818618 val_mae=0.44227502 | p_pos=0.0000 p_dense=0.00 p_sel=0.0000 p_sel_pos=0.0000 p_hot_err=0.000000 p_bg_err=0.000000 p_gap=0.000000 peer_val_mse=0.27298478 peer_val_mae=0.34180035
[etth1_long_campaign_v1/all_methods_long120] [time_series][epoch 032] lambda=0.0005 g_scale=0.000 train_total=0.09445247 train_sup=0.09436092 train_imit=0.18128637 mean_w=0.0696 active=0.8726 s_dense=0.00 s_pos=0.0000 s_sel=0.0000 s_sel_pos=0.0000 s_hot_err=0.000000 s_bg_err=0.000000 s_gap=0.000000 conf_cos=0.0000 conf_proj=0.00 val_mse=0.39823308 val_mae=0.44326789 | p_pos=0.0000 p_dense=0.00 p_sel=0.0000 p_sel_pos=0.0000 p_hot_err=0.000000 p_bg_err=0.000000 p_gap=0.000000 peer_val_mse=0.27499890 peer_val_mae=0.34338741
[etth1_long_campaign_v1/all_methods_long120] [time_series][epoch 033] lambda=0.0005 g_scale=0.000 train_total=0.09233088 train_sup=0.09224333 train_imit=0.18145588 mean_w=0.0705 active=0.8857 s_dense=0.00 s_pos=0.0000 s_sel=0.0000 s_sel_pos=0.0000 s_hot_err=0.000000 s_bg_err=0.000000 s_gap=0.000000 conf_cos=0.0000 conf_proj=0.00 val_mse=0.41364429 val_mae=0.44509607 | p_pos=0.0000 p_dense=0.00 p_sel=0.0000 p_sel_pos=0.0000 p_hot_err=0.000000 p_bg_err=0.000000 p_gap=0.000000 peer_val_mse=0.27604593 peer_val_mae=0.34522955
[etth1_long_campaign_v1/all_methods_long120] [time_series][epoch 034] lambda=0.0005 g_scale=0.000 train_total=0.09215797 train_sup=0.09207479 train_imit=0.18084403 mean_w=0.0705 active=0.8817 s_dense=0.00 s_pos=0.0000 s_sel=0.0000 s_sel_pos=0.0000 s_hot_err=0.000000 s_bg_err=0.000000 s_gap=0.000000 conf_cos=0.0000 conf_proj=0.00 val_mse=0.39023998 val_mae=0.43752953 | p_pos=0.0000 p_dense=0.00 p_sel=0.0000 p_sel_pos=0.0000 p_hot_err=0.000000 p_bg_err=0.000000 p_gap=0.000000 peer_val_mse=0.27558325 peer_val_mae=0.34584643
[etth1_long_campaign_v1/all_methods_long120] [time_series][epoch 035] lambda=0.0004 g_scale=0.000 train_total=0.09060992 train_sup=0.09053103 train_imit=0.18032286 mean_w=0.0712 active=0.8897 s_dense=0.00 s_pos=0.0000 s_sel=0.0000 s_sel_pos=0.0000 s_hot_err=0.000000 s_bg_err=0.000000 s_gap=0.000000 conf_cos=0.0000 conf_proj=0.00 val_mse=0.41091991 val_mae=0.43825244 | p_pos=0.0000 p_dense=0.00 p_sel=0.0000 p_sel_pos=0.0000 p_hot_err=0.000000 p_bg_err=0.000000 p_gap=0.000000 peer_val_mse=0.27381307 peer_val_mae=0.34322734
[etth1_long_campaign_v1/all_methods_long120] [time_series][epoch 036] lambda=0.0004 g_scale=0.000 train_total=0.09118109 train_sup=0.09110580 train_imit=0.18142323 mean_w=0.0711 active=0.8882 s_dense=0.00 s_pos=0.0000 s_sel=0.0000 s_sel_pos=0.0000 s_hot_err=0.000000 s_bg_err=0.000000 s_gap=0.000000 conf_cos=0.0000 conf_proj=0.00 val_mse=0.43616995 val_mae=0.46344016 | p_pos=0.0000 p_dense=0.00 p_sel=0.0000 p_sel_pos=0.0000 p_hot_err=0.000000 p_bg_err=0.000000 p_gap=0.000000 peer_val_mse=0.27546339 peer_val_mae=0.34484132
[etth1_long_campaign_v1/all_methods_long120] [time_series][epoch 037] lambda=0.0004 g_scale=0.000 train_total=0.08970819 train_sup=0.08963757 train_imit=0.17993311 mean_w=0.0716 active=0.8912 s_dense=0.00 s_pos=0.0000 s_sel=0.0000 s_sel_pos=0.0000 s_hot_err=0.000000 s_bg_err=0.000000 s_gap=0.000000 conf_cos=0.0000 conf_proj=0.00 val_mse=0.44597434 val_mae=0.46828346 | p_pos=0.0000 p_dense=0.00 p_sel=0.0000 p_sel_pos=0.0000 p_hot_err=0.000000 p_bg_err=0.000000 p_gap=0.000000 peer_val_mse=0.27288799 peer_val_mae=0.34057334
[etth1_long_campaign_v1/all_methods_long120] [time_series][epoch 038] lambda=0.0004 g_scale=0.000 train_total=0.08956016 train_sup=0.08949309 train_imit=0.18128001 mean_w=0.0716 active=0.8918 s_dense=0.00 s_pos=0.0000 s_sel=0.0000 s_sel_pos=0.0000 s_hot_err=0.000000 s_bg_err=0.000000 s_gap=0.000000 conf_cos=0.0000 conf_proj=0.00 val_mse=0.40888081 val_mae=0.44649668 | p_pos=0.0000 p_dense=0.00 p_sel=0.0000 p_sel_pos=0.0000 p_hot_err=0.000000 p_bg_err=0.000000 p_gap=0.000000 peer_val_mse=0.27284633 peer_val_mae=0.34064375
[etth1_long_campaign_v1/all_methods_long120] [time_series][epoch 039] lambda=0.0003 g_scale=0.000 train_total=0.08763167 train_sup=0.08756834 train_imit=0.18224674 mean_w=0.0727 active=0.9014 s_dense=0.00 s_pos=0.0000 s_sel=0.0000 s_sel_pos=0.0000 s_hot_err=0.000000 s_bg_err=0.000000 s_gap=0.000000 conf_cos=0.0000 conf_proj=0.00 val_mse=0.40588502 val_mae=0.44298583 | p_pos=0.0000 p_dense=0.00 p_sel=0.0000 p_sel_pos=0.0000 p_hot_err=0.000000 p_bg_err=0.000000 p_gap=0.000000 peer_val_mse=0.27195183 peer_val_mae=0.34035483
[etth1_long_campaign_v1/all_methods_long120] [time_series][epoch 040] lambda=0.0003 g_scale=0.000 train_total=0.08753727 train_sup=0.08747808 train_imit=0.18213137 mean_w=0.0725 active=0.8993 s_dense=0.00 s_pos=0.0000 s_sel=0.0000 s_sel_pos=0.0000 s_hot_err=0.000000 s_bg_err=0.000000 s_gap=0.000000 conf_cos=0.0000 conf_proj=0.00 val_mse=0.42057760 val_mae=0.45832617 | p_pos=0.0000 p_dense=0.00 p_sel=0.0000 p_sel_pos=0.0000 p_hot_err=0.000000 p_bg_err=0.000000 p_gap=0.000000 peer_val_mse=0.27486771 peer_val_mae=0.34455791
[etth1_long_campaign_v1/all_methods_long120] [time_series][epoch 040] updated live plot
[etth1_long_campaign_v1/all_methods_long120] [time_series][epoch 041] lambda=0.0003 g_scale=0.000 train_total=0.08783839 train_sup=0.08778347 train_imit=0.18152743 mean_w=0.0726 active=0.9008 s_dense=0.00 s_pos=0.0000 s_sel=0.0000 s_sel_pos=0.0000 s_hot_err=0.000000 s_bg_err=0.000000 s_gap=0.000000 conf_cos=0.0000 conf_proj=0.00 val_mse=0.42362811 val_mae=0.45010584 | p_pos=0.0000 p_dense=0.00 p_sel=0.0000 p_sel_pos=0.0000 p_hot_err=0.000000 p_bg_err=0.000000 p_gap=0.000000 peer_val_mse=0.27375473 peer_val_mae=0.34276597
[etth1_long_campaign_v1/all_methods_long120] [time_series][epoch 042] lambda=0.0003 g_scale=0.000 train_total=0.08657146 train_sup=0.08652062 train_imit=0.18156797 mean_w=0.0730 active=0.9048 s_dense=0.00 s_pos=0.0000 s_sel=0.0000 s_sel_pos=0.0000 s_hot_err=0.000000 s_bg_err=0.000000 s_gap=0.000000 conf_cos=0.0000 conf_proj=0.00 val_mse=0.41852724 val_mae=0.45125106 | p_pos=0.0000 p_dense=0.00 p_sel=0.0000 p_sel_pos=0.0000 p_hot_err=0.000000 p_bg_err=0.000000 p_gap=0.000000 peer_val_mse=0.27286188 peer_val_mae=0.34056119
[etth1_long_campaign_v1/all_methods_long120] [time_series][epoch 043] lambda=0.0003 g_scale=0.000 train_total=0.08645097 train_sup=0.08640424 train_imit=0.18150162 mean_w=0.0731 active=0.9072 s_dense=0.00 s_pos=0.0000 s_sel=0.0000 s_sel_pos=0.0000 s_hot_err=0.000000 s_bg_err=0.000000 s_gap=0.000000 conf_cos=0.0000 conf_proj=0.00 val_mse=0.43435373 val_mae=0.46313897 | p_pos=0.0000 p_dense=0.00 p_sel=0.0000 p_sel_pos=0.0000 p_hot_err=0.000000 p_bg_err=0.000000 p_gap=0.000000 peer_val_mse=0.27521080 peer_val_mae=0.34513108
[etth1_long_campaign_v1/all_methods_long120] [time_series][epoch 044] lambda=0.0002 g_scale=0.000 train_total=0.08499696 train_sup=0.08495405 train_imit=0.18261185 mean_w=0.0738 active=0.9072 s_dense=0.00 s_pos=0.0000 s_sel=0.0000 s_sel_pos=0.0000 s_hot_err=0.000000 s_bg_err=0.000000 s_gap=0.000000 conf_cos=0.0000 conf_proj=0.00 val_mse=0.39841397 val_mae=0.43570400 | p_pos=0.0000 p_dense=0.00 p_sel=0.0000 p_sel_pos=0.0000 p_hot_err=0.000000 p_bg_err=0.000000 p_gap=0.000000 peer_val_mse=0.27307754 peer_val_mae=0.34213558
[etth1_long_campaign_v1/all_methods_long120] [time_series][epoch 045] lambda=0.0002 g_scale=0.000 train_total=0.08481213 train_sup=0.08477363 train_imit=0.18118990 mean_w=0.0738 active=0.9104 s_dense=0.00 s_pos=0.0000 s_sel=0.0000 s_sel_pos=0.0000 s_hot_err=0.000000 s_bg_err=0.000000 s_gap=0.000000 conf_cos=0.0000 conf_proj=0.00 val_mse=0.38274673 val_mae=0.42480377 | p_pos=0.0000 p_dense=0.00 p_sel=0.0000 p_sel_pos=0.0000 p_hot_err=0.000000 p_bg_err=0.000000 p_gap=0.000000 peer_val_mse=0.27956298 peer_val_mae=0.35295263
[etth1_long_campaign_v1/all_methods_long120] [time_series][epoch 046] lambda=0.0002 g_scale=0.000 train_total=0.08448717 train_sup=0.08445242 train_imit=0.18289463 mean_w=0.0740 active=0.9115 s_dense=0.00 s_pos=0.0000 s_sel=0.0000 s_sel_pos=0.0000 s_hot_err=0.000000 s_bg_err=0.000000 s_gap=0.000000 conf_cos=0.0000 conf_proj=0.00 val_mse=0.39646453 val_mae=0.43424197 | p_pos=0.0000 p_dense=0.00 p_sel=0.0000 p_sel_pos=0.0000 p_hot_err=0.000000 p_bg_err=0.000000 p_gap=0.000000 peer_val_mse=0.27438887 peer_val_mae=0.34456345
[etth1_long_campaign_v1/all_methods_long120] [time_series][epoch 047] lambda=0.0002 g_scale=0.000 train_total=0.08443302 train_sup=0.08440279 train_imit=0.18046636 mean_w=0.0740 active=0.9109 s_dense=0.00 s_pos=0.0000 s_sel=0.0000 s_sel_pos=0.0000 s_hot_err=0.000000 s_bg_err=0.000000 s_gap=0.000000 conf_cos=0.0000 conf_proj=0.00 val_mse=0.40491006 val_mae=0.44538736 | p_pos=0.0000 p_dense=0.00 p_sel=0.0000 p_sel_pos=0.0000 p_hot_err=0.000000 p_bg_err=0.000000 p_gap=0.000000 peer_val_mse=0.27347433 peer_val_mae=0.34202570
[etth1_long_campaign_v1/all_methods_long120] [time_series][epoch 048] lambda=0.0001 g_scale=0.000 train_total=0.08396412 train_sup=0.08393795 train_imit=0.18047195 mean_w=0.0743 active=0.9120 s_dense=0.00 s_pos=0.0000 s_sel=0.0000 s_sel_pos=0.0000 s_hot_err=0.000000 s_bg_err=0.000000 s_gap=0.000000 conf_cos=0.0000 conf_proj=0.00 val_mse=0.39650439 val_mae=0.43903033 | p_pos=0.0000 p_dense=0.00 p_sel=0.0000 p_sel_pos=0.0000 p_hot_err=0.000000 p_bg_err=0.000000 p_gap=0.000000 peer_val_mse=0.27421029 peer_val_mae=0.34333540
[etth1_long_campaign_v1/all_methods_long120] [time_series][epoch 049] lambda=0.0001 g_scale=0.000 train_total=0.08273761 train_sup=0.08271540 train_imit=0.18128809 mean_w=0.0748 active=0.9164 s_dense=0.00 s_pos=0.0000 s_sel=0.0000 s_sel_pos=0.0000 s_hot_err=0.000000 s_bg_err=0.000000 s_gap=0.000000 conf_cos=0.0000 conf_proj=0.00 val_mse=0.42272496 val_mae=0.45257397 | p_pos=0.0000 p_dense=0.00 p_sel=0.0000 p_sel_pos=0.0000 p_hot_err=0.000000 p_bg_err=0.000000 p_gap=0.000000 peer_val_mse=0.27577028 peer_val_mae=0.34675342
[etth1_long_campaign_v1/all_methods_long120] [time_series][epoch 050] lambda=0.0001 g_scale=0.000 train_total=0.08294199 train_sup=0.08292394 train_imit=0.18049623 mean_w=0.0746 active=0.9132 s_dense=0.00 s_pos=0.0000 s_sel=0.0000 s_sel_pos=0.0000 s_hot_err=0.000000 s_bg_err=0.000000 s_gap=0.000000 conf_cos=0.0000 conf_proj=0.00 val_mse=0.38272627 val_mae=0.42278265 | p_pos=0.0000 p_dense=0.00 p_sel=0.0000 p_sel_pos=0.0000 p_hot_err=0.000000 p_bg_err=0.000000 p_gap=0.000000 peer_val_mse=0.27492610 peer_val_mae=0.34241559
[etth1_long_campaign_v1/all_methods_long120] [time_series][epoch 050] updated live plot
[etth1_long_campaign_v1/all_methods_long120] [time_series][epoch 051] lambda=0.0001 g_scale=0.000 train_total=0.08317189 train_sup=0.08315382 train_imit=0.18070560 mean_w=0.0746 active=0.9170 s_dense=0.00 s_pos=0.0000 s_sel=0.0000 s_sel_pos=0.0000 s_hot_err=0.000000 s_bg_err=0.000000 s_gap=0.000000 conf_cos=0.0000 conf_proj=0.00 val_mse=0.42188399 val_mae=0.45713872 | p_pos=0.0000 p_dense=0.00 p_sel=0.0000 p_sel_pos=0.0000 p_hot_err=0.000000 p_bg_err=0.000000 p_gap=0.000000 peer_val_mse=0.27284386 peer_val_mae=0.34222853
[etth1_long_campaign_v1/all_methods_long120] [time_series][epoch 052] lambda=0.0001 g_scale=0.000 train_total=0.08193480 train_sup=0.08191675 train_imit=0.18056893 mean_w=0.0750 active=0.9193 s_dense=0.00 s_pos=0.0000 s_sel=0.0000 s_sel_pos=0.0000 s_hot_err=0.000000 s_bg_err=0.000000 s_gap=0.000000 conf_cos=0.0000 conf_proj=0.00 val_mse=0.41197021 val_mae=0.43969371 | p_pos=0.0000 p_dense=0.00 p_sel=0.0000 p_sel_pos=0.0000 p_hot_err=0.000000 p_bg_err=0.000000 p_gap=0.000000 peer_val_mse=0.27250102 peer_val_mae=0.34032095
[etth1_long_campaign_v1/all_methods_long120] [time_series][epoch 053] lambda=0.0001 g_scale=0.000 train_total=0.08140564 train_sup=0.08138746 train_imit=0.18180543 mean_w=0.0753 active=0.9186 s_dense=0.00 s_pos=0.0000 s_sel=0.0000 s_sel_pos=0.0000 s_hot_err=0.000000 s_bg_err=0.000000 s_gap=0.000000 conf_cos=0.0000 conf_proj=0.00 val_mse=0.41362193 val_mae=0.44869053 | p_pos=0.0000 p_dense=0.00 p_sel=0.0000 p_sel_pos=0.0000 p_hot_err=0.000000 p_bg_err=0.000000 p_gap=0.000000 peer_val_mse=0.27295820 peer_val_mae=0.34125773
[etth1_long_campaign_v1/all_methods_long120] [time_series][epoch 054] lambda=0.0001 g_scale=0.000 train_total=0.08084976 train_sup=0.08083158 train_imit=0.18183669 mean_w=0.0755 active=0.9244 s_dense=0.00 s_pos=0.0000 s_sel=0.0000 s_sel_pos=0.0000 s_hot_err=0.000000 s_bg_err=0.000000 s_gap=0.000000 conf_cos=0.0000 conf_proj=0.00 val_mse=0.41632850 val_mae=0.44791051 | p_pos=0.0000 p_dense=0.00 p_sel=0.0000 p_sel_pos=0.0000 p_hot_err=0.000000 p_bg_err=0.000000 p_gap=0.000000 peer_val_mse=0.27692228 peer_val_mae=0.34793798
[etth1_long_campaign_v1/all_methods_long120] [time_series][epoch 055] lambda=0.0001 g_scale=0.000 train_total=0.08094823 train_sup=0.08093014 train_imit=0.18087260 mean_w=0.0755 active=0.9202 s_dense=0.00 s_pos=0.0000 s_sel=0.0000 s_sel_pos=0.0000 s_hot_err=0.000000 s_bg_err=0.000000 s_gap=0.000000 conf_cos=0.0000 conf_proj=0.00 val_mse=0.39344214 val_mae=0.43273495 | p_pos=0.0000 p_dense=0.00 p_sel=0.0000 p_sel_pos=0.0000 p_hot_err=0.000000 p_bg_err=0.000000 p_gap=0.000000 peer_val_mse=0.27199793 peer_val_mae=0.33980024
[etth1_long_campaign_v1/all_methods_long120] [time_series][epoch 056] lambda=0.0001 g_scale=0.000 train_total=0.08012599 train_sup=0.08010789 train_imit=0.18099280 mean_w=0.0759 active=0.9256 s_dense=0.00 s_pos=0.0000 s_sel=0.0000 s_sel_pos=0.0000 s_hot_err=0.000000 s_bg_err=0.000000 s_gap=0.000000 conf_cos=0.0000 conf_proj=0.00 val_mse=0.44165193 val_mae=0.46853994 | p_pos=0.0000 p_dense=0.00 p_sel=0.0000 p_sel_pos=0.0000 p_hot_err=0.000000 p_bg_err=0.000000 p_gap=0.000000 peer_val_mse=0.27447620 peer_val_mae=0.34430613
[etth1_long_campaign_v1/all_methods_long120] [time_series][epoch 057] lambda=0.0001 g_scale=0.000 train_total=0.08006742 train_sup=0.08004928 train_imit=0.18146939 mean_w=0.0759 active=0.9251 s_dense=0.00 s_pos=0.0000 s_sel=0.0000 s_sel_pos=0.0000 s_hot_err=0.000000 s_bg_err=0.000000 s_gap=0.000000 conf_cos=0.0000 conf_proj=0.00 val_mse=0.41655145 val_mae=0.44782739 | p_pos=0.0000 p_dense=0.00 p_sel=0.0000 p_sel_pos=0.0000 p_hot_err=0.000000 p_bg_err=0.000000 p_gap=0.000000 peer_val_mse=0.27617088 peer_val_mae=0.34613700
[etth1_long_campaign_v1/all_methods_long120] [time_series][epoch 058] lambda=0.0001 g_scale=0.000 train_total=0.07895965 train_sup=0.07894149 train_imit=0.18162953 mean_w=0.0764 active=0.9288 s_dense=0.00 s_pos=0.0000 s_sel=0.0000 s_sel_pos=0.0000 s_hot_err=0.000000 s_bg_err=0.000000 s_gap=0.000000 conf_cos=0.0000 conf_proj=0.00 val_mse=0.40741763 val_mae=0.44130926 | p_pos=0.0000 p_dense=0.00 p_sel=0.0000 p_sel_pos=0.0000 p_hot_err=0.000000 p_bg_err=0.000000 p_gap=0.000000 peer_val_mse=0.27244016 peer_val_mae=0.34043437
[etth1_long_campaign_v1/all_methods_long120] [time_series][epoch 059] lambda=0.0001 g_scale=0.000 train_total=0.08027419 train_sup=0.08025624 train_imit=0.17959173 mean_w=0.0761 active=0.9272 s_dense=0.00 s_pos=0.0000 s_sel=0.0000 s_sel_pos=0.0000 s_hot_err=0.000000 s_bg_err=0.000000 s_gap=0.000000 conf_cos=0.0000 conf_proj=0.00 val_mse=0.41330311 val_mae=0.44681401 | p_pos=0.0000 p_dense=0.00 p_sel=0.0000 p_sel_pos=0.0000 p_hot_err=0.000000 p_bg_err=0.000000 p_gap=0.000000 peer_val_mse=0.27450190 peer_val_mae=0.34372477
[etth1_long_campaign_v1/all_methods_long120] [time_series][epoch 060] lambda=0.0001 g_scale=0.000 train_total=0.07883768 train_sup=0.07881955 train_imit=0.18127818 mean_w=0.0764 active=0.9288 s_dense=0.00 s_pos=0.0000 s_sel=0.0000 s_sel_pos=0.0000 s_hot_err=0.000000 s_bg_err=0.000000 s_gap=0.000000 conf_cos=0.0000 conf_proj=0.00 val_mse=0.40977337 val_mae=0.44670608 | p_pos=0.0000 p_dense=0.00 p_sel=0.0000 p_sel_pos=0.0000 p_hot_err=0.000000 p_bg_err=0.000000 p_gap=0.000000 peer_val_mse=0.27671553 peer_val_mae=0.34989034
[etth1_long_campaign_v1/all_methods_long120] [time_series][epoch 060] updated live plot
[etth1_long_campaign_v1/all_methods_long120] [time_series][epoch 061] lambda=0.0001 g_scale=0.000 train_total=0.07793900 train_sup=0.07792094 train_imit=0.18063897 mean_w=0.0769 active=0.9345 s_dense=0.00 s_pos=0.0000 s_sel=0.0000 s_sel_pos=0.0000 s_hot_err=0.000000 s_bg_err=0.000000 s_gap=0.000000 conf_cos=0.0000 conf_proj=0.00 val_mse=0.41820246 val_mae=0.45267754 | p_pos=0.0000 p_dense=0.00 p_sel=0.0000 p_sel_pos=0.0000 p_hot_err=0.000000 p_bg_err=0.000000 p_gap=0.000000 peer_val_mse=0.27768773 peer_val_mae=0.34963487
[etth1_long_campaign_v1/all_methods_long120] [time_series][epoch 062] lambda=0.0001 g_scale=0.000 train_total=0.07833274 train_sup=0.07831457 train_imit=0.18167803 mean_w=0.0767 active=0.9313 s_dense=0.00 s_pos=0.0000 s_sel=0.0000 s_sel_pos=0.0000 s_hot_err=0.000000 s_bg_err=0.000000 s_gap=0.000000 conf_cos=0.0000 conf_proj=0.00 val_mse=0.42632273 val_mae=0.45247318 | p_pos=0.0000 p_dense=0.00 p_sel=0.0000 p_sel_pos=0.0000 p_hot_err=0.000000 p_bg_err=0.000000 p_gap=0.000000 peer_val_mse=0.27389502 peer_val_mae=0.34224274
[etth1_long_campaign_v1/all_methods_long120] [time_series][epoch 063] lambda=0.0001 g_scale=0.000 train_total=0.07784733 train_sup=0.07782926 train_imit=0.18065368 mean_w=0.0768 active=0.9354 s_dense=0.00 s_pos=0.0000 s_sel=0.0000 s_sel_pos=0.0000 s_hot_err=0.000000 s_bg_err=0.000000 s_gap=0.000000 conf_cos=0.0000 conf_proj=0.00 val_mse=0.38987737 val_mae=0.43529780 | p_pos=0.0000 p_dense=0.00 p_sel=0.0000 p_sel_pos=0.0000 p_hot_err=0.000000 p_bg_err=0.000000 p_gap=0.000000 peer_val_mse=0.27469216 peer_val_mae=0.34242096
[etth1_long_campaign_v1/all_methods_long120] [time_series][epoch 064] lambda=0.0001 g_scale=0.000 train_total=0.07671694 train_sup=0.07669874 train_imit=0.18201149 mean_w=0.0774 active=0.9376 s_dense=0.00 s_pos=0.0000 s_sel=0.0000 s_sel_pos=0.0000 s_hot_err=0.000000 s_bg_err=0.000000 s_gap=0.000000 conf_cos=0.0000 conf_proj=0.00 val_mse=0.41596454 val_mae=0.44655212 | p_pos=0.0000 p_dense=0.00 p_sel=0.0000 p_sel_pos=0.0000 p_hot_err=0.000000 p_bg_err=0.000000 p_gap=0.000000 peer_val_mse=0.27548416 peer_val_mae=0.34305672
[etth1_long_campaign_v1/all_methods_long120] [time_series][epoch 065] lambda=0.0001 g_scale=0.000 train_total=0.07684673 train_sup=0.07682867 train_imit=0.18061101 mean_w=0.0773 active=0.9351 s_dense=0.00 s_pos=0.0000 s_sel=0.0000 s_sel_pos=0.0000 s_hot_err=0.000000 s_bg_err=0.000000 s_gap=0.000000 conf_cos=0.0000 conf_proj=0.00 val_mse=0.42479198 val_mae=0.45411678 | p_pos=0.0000 p_dense=0.00 p_sel=0.0000 p_sel_pos=0.0000 p_hot_err=0.000000 p_bg_err=0.000000 p_gap=0.000000 peer_val_mse=0.27464797 peer_val_mae=0.34300492
[etth1_long_campaign_v1/all_methods_long120] [time_series][epoch 066] lambda=0.0001 g_scale=0.000 train_total=0.07635973 train_sup=0.07634153 train_imit=0.18195190 mean_w=0.0775 active=0.9347 s_dense=0.00 s_pos=0.0000 s_sel=0.0000 s_sel_pos=0.0000 s_hot_err=0.000000 s_bg_err=0.000000 s_gap=0.000000 conf_cos=0.0000 conf_proj=0.00 val_mse=0.43238540 val_mae=0.45932001 | p_pos=0.0000 p_dense=0.00 p_sel=0.0000 p_sel_pos=0.0000 p_hot_err=0.000000 p_bg_err=0.000000 p_gap=0.000000 peer_val_mse=0.27600079 peer_val_mae=0.34641164
[etth1_long_campaign_v1/all_methods_long120] [time_series][epoch 067] lambda=0.0001 g_scale=0.000 train_total=0.07685676 train_sup=0.07683858 train_imit=0.18182398 mean_w=0.0773 active=0.9357 s_dense=0.00 s_pos=0.0000 s_sel=0.0000 s_sel_pos=0.0000 s_hot_err=0.000000 s_bg_err=0.000000 s_gap=0.000000 conf_cos=0.0000 conf_proj=0.00 val_mse=0.41948801 val_mae=0.45500360 | p_pos=0.0000 p_dense=0.00 p_sel=0.0000 p_sel_pos=0.0000 p_hot_err=0.000000 p_bg_err=0.000000 p_gap=0.000000 peer_val_mse=0.27375590 peer_val_mae=0.34178807
[etth1_long_campaign_v1/all_methods_long120] [time_series][epoch 068] lambda=0.0001 g_scale=0.000 train_total=0.07589225 train_sup=0.07587425 train_imit=0.17999058 mean_w=0.0778 active=0.9398 s_dense=0.00 s_pos=0.0000 s_sel=0.0000 s_sel_pos=0.0000 s_hot_err=0.000000 s_bg_err=0.000000 s_gap=0.000000 conf_cos=0.0000 conf_proj=0.00 val_mse=0.41542446 val_mae=0.45548466 | p_pos=0.0000 p_dense=0.00 p_sel=0.0000 p_sel_pos=0.0000 p_hot_err=0.000000 p_bg_err=0.000000 p_gap=0.000000 peer_val_mse=0.27559902 peer_val_mae=0.34546645
[etth1_long_campaign_v1/all_methods_long120] [time_series][epoch 069] lambda=0.0001 g_scale=0.000 train_total=0.07607975 train_sup=0.07606165 train_imit=0.18099024 mean_w=0.0777 active=0.9371 s_dense=0.00 s_pos=0.0000 s_sel=0.0000 s_sel_pos=0.0000 s_hot_err=0.000000 s_bg_err=0.000000 s_gap=0.000000 conf_cos=0.0000 conf_proj=0.00 val_mse=0.43745001 val_mae=0.46265042 | p_pos=0.0000 p_dense=0.00 p_sel=0.0000 p_sel_pos=0.0000 p_hot_err=0.000000 p_bg_err=0.000000 p_gap=0.000000 peer_val_mse=0.27493659 peer_val_mae=0.34397140
[etth1_long_campaign_v1/all_methods_long120] [time_series][epoch 070] lambda=0.0001 g_scale=0.000 train_total=0.07545349 train_sup=0.07543543 train_imit=0.18056519 mean_w=0.0780 active=0.9397 s_dense=0.00 s_pos=0.0000 s_sel=0.0000 s_sel_pos=0.0000 s_hot_err=0.000000 s_bg_err=0.000000 s_gap=0.000000 conf_cos=0.0000 conf_proj=0.00 val_mse=0.43016902 val_mae=0.45826074 | p_pos=0.0000 p_dense=0.00 p_sel=0.0000 p_sel_pos=0.0000 p_hot_err=0.000000 p_bg_err=0.000000 p_gap=0.000000 peer_val_mse=0.27409420 peer_val_mae=0.34256746
[etth1_long_campaign_v1/all_methods_long120] [time_series][epoch 070] updated live plot
[etth1_long_campaign_v1/all_methods_long120] [time_series][epoch 071] lambda=0.0001 g_scale=0.000 train_total=0.07522088 train_sup=0.07520276 train_imit=0.18116542 mean_w=0.0781 active=0.9399 s_dense=0.00 s_pos=0.0000 s_sel=0.0000 s_sel_pos=0.0000 s_hot_err=0.000000 s_bg_err=0.000000 s_gap=0.000000 conf_cos=0.0000 conf_proj=0.00 val_mse=0.40792226 val_mae=0.44032741 | p_pos=0.0000 p_dense=0.00 p_sel=0.0000 p_sel_pos=0.0000 p_hot_err=0.000000 p_bg_err=0.000000 p_gap=0.000000 peer_val_mse=0.27454964 peer_val_mae=0.34248497
[etth1_long_campaign_v1/all_methods_long120] [time_series][epoch 072] lambda=0.0001 g_scale=0.000 train_total=0.07534448 train_sup=0.07532637 train_imit=0.18111291 mean_w=0.0780 active=0.9406 s_dense=0.00 s_pos=0.0000 s_sel=0.0000 s_sel_pos=0.0000 s_hot_err=0.000000 s_bg_err=0.000000 s_gap=0.000000 conf_cos=0.0000 conf_proj=0.00 val_mse=0.42585931 val_mae=0.45728657 | p_pos=0.0000 p_dense=0.00 p_sel=0.0000 p_sel_pos=0.0000 p_hot_err=0.000000 p_bg_err=0.000000 p_gap=0.000000 peer_val_mse=0.27497541 peer_val_mae=0.34176066
[etth1_long_campaign_v1/all_methods_long120] [time_series][epoch 073] lambda=0.0001 g_scale=0.000 train_total=0.07467793 train_sup=0.07465982 train_imit=0.18109923 mean_w=0.0783 active=0.9388 s_dense=0.00 s_pos=0.0000 s_sel=0.0000 s_sel_pos=0.0000 s_hot_err=0.000000 s_bg_err=0.000000 s_gap=0.000000 conf_cos=0.0000 conf_proj=0.00 val_mse=0.41808068 val_mae=0.45385288 | p_pos=0.0000 p_dense=0.00 p_sel=0.0000 p_sel_pos=0.0000 p_hot_err=0.000000 p_bg_err=0.000000 p_gap=0.000000 peer_val_mse=0.27633510 peer_val_mae=0.34777267
[etth1_long_campaign_v1/all_methods_long120] [time_series][epoch 074] lambda=0.0001 g_scale=0.000 train_total=0.07490700 train_sup=0.07488894 train_imit=0.18063326 mean_w=0.0782 active=0.9407 s_dense=0.00 s_pos=0.0000 s_sel=0.0000 s_sel_pos=0.0000 s_hot_err=0.000000 s_bg_err=0.000000 s_gap=0.000000 conf_cos=0.0000 conf_proj=0.00 val_mse=0.42281888 val_mae=0.45639853 | p_pos=0.0000 p_dense=0.00 p_sel=0.0000 p_sel_pos=0.0000 p_hot_err=0.000000 p_bg_err=0.000000 p_gap=0.000000 peer_val_mse=0.27537388 peer_val_mae=0.34505790
[etth1_long_campaign_v1/all_methods_long120] [time_series][epoch 075] lambda=0.0001 g_scale=0.000 train_total=0.07501398 train_sup=0.07499591 train_imit=0.18063842 mean_w=0.0782 active=0.9395 s_dense=0.00 s_pos=0.0000 s_sel=0.0000 s_sel_pos=0.0000 s_hot_err=0.000000 s_bg_err=0.000000 s_gap=0.000000 conf_cos=0.0000 conf_proj=0.00 val_mse=0.42637659 val_mae=0.45869993 | p_pos=0.0000 p_dense=0.00 p_sel=0.0000 p_sel_pos=0.0000 p_hot_err=0.000000 p_bg_err=0.000000 p_gap=0.000000 peer_val_mse=0.27216539 peer_val_mae=0.34033332
[etth1_long_campaign_v1/all_methods_long120] [time_series][epoch 076] lambda=0.0001 g_scale=0.000 train_total=0.07405982 train_sup=0.07404165 train_imit=0.18164601 mean_w=0.0786 active=0.9444 s_dense=0.00 s_pos=0.0000 s_sel=0.0000 s_sel_pos=0.0000 s_hot_err=0.000000 s_bg_err=0.000000 s_gap=0.000000 conf_cos=0.0000 conf_proj=0.00 val_mse=0.42814587 val_mae=0.45151479 | p_pos=0.0000 p_dense=0.00 p_sel=0.0000 p_sel_pos=0.0000 p_hot_err=0.000000 p_bg_err=0.000000 p_gap=0.000000 peer_val_mse=0.27490425 peer_val_mae=0.34321760
[etth1_long_campaign_v1/all_methods_long120] [time_series][epoch 077] lambda=0.0001 g_scale=0.000 train_total=0.07431783 train_sup=0.07429973 train_imit=0.18101670 mean_w=0.0785 active=0.9425 s_dense=0.00 s_pos=0.0000 s_sel=0.0000 s_sel_pos=0.0000 s_hot_err=0.000000 s_bg_err=0.000000 s_gap=0.000000 conf_cos=0.0000 conf_proj=0.00 val_mse=0.42785287 val_mae=0.46194896 | p_pos=0.0000 p_dense=0.00 p_sel=0.0000 p_sel_pos=0.0000 p_hot_err=0.000000 p_bg_err=0.000000 p_gap=0.000000 peer_val_mse=0.27387489 peer_val_mae=0.34340585
[etth1_long_campaign_v1/all_methods_long120] [time_series][epoch 078] lambda=0.0001 g_scale=0.000 train_total=0.07342588 train_sup=0.07340777 train_imit=0.18116355 mean_w=0.0790 active=0.9448 s_dense=0.00 s_pos=0.0000 s_sel=0.0000 s_sel_pos=0.0000 s_hot_err=0.000000 s_bg_err=0.000000 s_gap=0.000000 conf_cos=0.0000 conf_proj=0.00 val_mse=0.44364735 val_mae=0.46748810 | p_pos=0.0000 p_dense=0.00 p_sel=0.0000 p_sel_pos=0.0000 p_hot_err=0.000000 p_bg_err=0.000000 p_gap=0.000000 peer_val_mse=0.27930396 peer_val_mae=0.35185418
[etth1_long_campaign_v1/all_methods_long120] [time_series][epoch 079] lambda=0.0001 g_scale=0.000 train_total=0.07303107 train_sup=0.07301311 train_imit=0.17958104 mean_w=0.0792 active=0.9487 s_dense=0.00 s_pos=0.0000 s_sel=0.0000 s_sel_pos=0.0000 s_hot_err=0.000000 s_bg_err=0.000000 s_gap=0.000000 conf_cos=0.0000 conf_proj=0.00 val_mse=0.42419278 val_mae=0.45342842 | p_pos=0.0000 p_dense=0.00 p_sel=0.0000 p_sel_pos=0.0000 p_hot_err=0.000000 p_bg_err=0.000000 p_gap=0.000000 peer_val_mse=0.27413358 peer_val_mae=0.34129128
[etth1_long_campaign_v1/all_methods_long120] [time_series][epoch 080] lambda=0.0001 g_scale=0.000 train_total=0.07267989 train_sup=0.07266186 train_imit=0.18038330 mean_w=0.0792 active=0.9461 s_dense=0.00 s_pos=0.0000 s_sel=0.0000 s_sel_pos=0.0000 s_hot_err=0.000000 s_bg_err=0.000000 s_gap=0.000000 conf_cos=0.0000 conf_proj=0.00 val_mse=0.40323575 val_mae=0.44290553 | p_pos=0.0000 p_dense=0.00 p_sel=0.0000 p_sel_pos=0.0000 p_hot_err=0.000000 p_bg_err=0.000000 p_gap=0.000000 peer_val_mse=0.27212763 peer_val_mae=0.34105469
[etth1_long_campaign_v1/all_methods_long120] [time_series][epoch 080] updated live plot
[etth1_long_campaign_v1/all_methods_long120] [time_series][epoch 081] lambda=0.0001 g_scale=0.000 train_total=0.07280569 train_sup=0.07278755 train_imit=0.18143809 mean_w=0.0791 active=0.9470 s_dense=0.00 s_pos=0.0000 s_sel=0.0000 s_sel_pos=0.0000 s_hot_err=0.000000 s_bg_err=0.000000 s_gap=0.000000 conf_cos=0.0000 conf_proj=0.00 val_mse=0.41818539 val_mae=0.45383618 | p_pos=0.0000 p_dense=0.00 p_sel=0.0000 p_sel_pos=0.0000 p_hot_err=0.000000 p_bg_err=0.000000 p_gap=0.000000 peer_val_mse=0.27397667 peer_val_mae=0.34434443
[etth1_long_campaign_v1/all_methods_long120] [time_series][epoch 082] lambda=0.0001 g_scale=0.000 train_total=0.07261107 train_sup=0.07259289 train_imit=0.18177831 mean_w=0.0794 active=0.9488 s_dense=0.00 s_pos=0.0000 s_sel=0.0000 s_sel_pos=0.0000 s_hot_err=0.000000 s_bg_err=0.000000 s_gap=0.000000 conf_cos=0.0000 conf_proj=0.00 val_mse=0.44264632 val_mae=0.46895319 | p_pos=0.0000 p_dense=0.00 p_sel=0.0000 p_sel_pos=0.0000 p_hot_err=0.000000 p_bg_err=0.000000 p_gap=0.000000 peer_val_mse=0.27541866 peer_val_mae=0.34293076
[etth1_long_campaign_v1/all_methods_long120] [time_series][epoch 083] lambda=0.0001 g_scale=0.000 train_total=0.07237703 train_sup=0.07235900 train_imit=0.18038570 mean_w=0.0796 active=0.9479 s_dense=0.00 s_pos=0.0000 s_sel=0.0000 s_sel_pos=0.0000 s_hot_err=0.000000 s_bg_err=0.000000 s_gap=0.000000 conf_cos=0.0000 conf_proj=0.00 val_mse=0.43302591 val_mae=0.46678650 | p_pos=0.0000 p_dense=0.00 p_sel=0.0000 p_sel_pos=0.0000 p_hot_err=0.000000 p_bg_err=0.000000 p_gap=0.000000 peer_val_mse=0.27561756 peer_val_mae=0.34701182
[etth1_long_campaign_v1/all_methods_long120] [time_series][epoch 084] lambda=0.0001 g_scale=0.000 train_total=0.07180216 train_sup=0.07178408 train_imit=0.18086394 mean_w=0.0797 active=0.9495 s_dense=0.00 s_pos=0.0000 s_sel=0.0000 s_sel_pos=0.0000 s_hot_err=0.000000 s_bg_err=0.000000 s_gap=0.000000 conf_cos=0.0000 conf_proj=0.00 val_mse=0.41887548 val_mae=0.45273156 | p_pos=0.0000 p_dense=0.00 p_sel=0.0000 p_sel_pos=0.0000 p_hot_err=0.000000 p_bg_err=0.000000 p_gap=0.000000 peer_val_mse=0.27404678 peer_val_mae=0.34172838
[etth1_long_campaign_v1/all_methods_long120] [time_series][epoch 085] lambda=0.0001 g_scale=0.000 train_total=0.07212814 train_sup=0.07211004 train_imit=0.18097966 mean_w=0.0795 active=0.9486 s_dense=0.00 s_pos=0.0000 s_sel=0.0000 s_sel_pos=0.0000 s_hot_err=0.000000 s_bg_err=0.000000 s_gap=0.000000 conf_cos=0.0000 conf_proj=0.00 val_mse=0.41179515 val_mae=0.44410599 | p_pos=0.0000 p_dense=0.00 p_sel=0.0000 p_sel_pos=0.0000 p_hot_err=0.000000 p_bg_err=0.000000 p_gap=0.000000 peer_val_mse=0.27220666 peer_val_mae=0.34085856
[etth1_long_campaign_v1/all_methods_long120] [time_series][epoch 086] lambda=0.0001 g_scale=0.000 train_total=0.07196844 train_sup=0.07195034 train_imit=0.18102505 mean_w=0.0796 active=0.9485 s_dense=0.00 s_pos=0.0000 s_sel=0.0000 s_sel_pos=0.0000 s_hot_err=0.000000 s_bg_err=0.000000 s_gap=0.000000 conf_cos=0.0000 conf_proj=0.00 val_mse=0.41131945 val_mae=0.44535668 | p_pos=0.0000 p_dense=0.00 p_sel=0.0000 p_sel_pos=0.0000 p_hot_err=0.000000 p_bg_err=0.000000 p_gap=0.000000 peer_val_mse=0.27418574 peer_val_mae=0.34401932
[etth1_long_campaign_v1/all_methods_long120] [time_series][epoch 087] lambda=0.0001 g_scale=0.000 train_total=0.07217624 train_sup=0.07215826 train_imit=0.17972390 mean_w=0.0795 active=0.9472 s_dense=0.00 s_pos=0.0000 s_sel=0.0000 s_sel_pos=0.0000 s_hot_err=0.000000 s_bg_err=0.000000 s_gap=0.000000 conf_cos=0.0000 conf_proj=0.00 val_mse=0.42027125 val_mae=0.45572674 | p_pos=0.0000 p_dense=0.00 p_sel=0.0000 p_sel_pos=0.0000 p_hot_err=0.000000 p_bg_err=0.000000 p_gap=0.000000 peer_val_mse=0.27317540 peer_val_mae=0.34055966
[etth1_long_campaign_v1/all_methods_long120] [time_series][epoch 088] lambda=0.0001 g_scale=0.000 train_total=0.07138031 train_sup=0.07136216 train_imit=0.18151749 mean_w=0.0800 active=0.9493 s_dense=0.00 s_pos=0.0000 s_sel=0.0000 s_sel_pos=0.0000 s_hot_err=0.000000 s_bg_err=0.000000 s_gap=0.000000 conf_cos=0.0000 conf_proj=0.00 val_mse=0.40605168 val_mae=0.44863899 | p_pos=0.0000 p_dense=0.00 p_sel=0.0000 p_sel_pos=0.0000 p_hot_err=0.000000 p_bg_err=0.000000 p_gap=0.000000 peer_val_mse=0.27397238 peer_val_mae=0.34190708
[etth1_long_campaign_v1/all_methods_long120] [time_series][epoch 089] lambda=0.0001 g_scale=0.000 train_total=0.07117679 train_sup=0.07115866 train_imit=0.18128916 mean_w=0.0800 active=0.9523 s_dense=0.00 s_pos=0.0000 s_sel=0.0000 s_sel_pos=0.0000 s_hot_err=0.000000 s_bg_err=0.000000 s_gap=0.000000 conf_cos=0.0000 conf_proj=0.00 val_mse=0.42547112 val_mae=0.45640102 | p_pos=0.0000 p_dense=0.00 p_sel=0.0000 p_sel_pos=0.0000 p_hot_err=0.000000 p_bg_err=0.000000 p_gap=0.000000 peer_val_mse=0.27570219 peer_val_mae=0.34714927
[etth1_long_campaign_v1/all_methods_long120] [time_series][epoch 090] lambda=0.0001 g_scale=0.000 train_total=0.07086396 train_sup=0.07084583 train_imit=0.18131783 mean_w=0.0802 active=0.9517 s_dense=0.00 s_pos=0.0000 s_sel=0.0000 s_sel_pos=0.0000 s_hot_err=0.000000 s_bg_err=0.000000 s_gap=0.000000 conf_cos=0.0000 conf_proj=0.00 val_mse=0.41629058 val_mae=0.45189141 | p_pos=0.0000 p_dense=0.00 p_sel=0.0000 p_sel_pos=0.0000 p_hot_err=0.000000 p_bg_err=0.000000 p_gap=0.000000 peer_val_mse=0.27346688 peer_val_mae=0.34262833
[etth1_long_campaign_v1/all_methods_long120] [time_series][epoch 090] updated live plot
[etth1_long_campaign_v1/all_methods_long120] [time_series][epoch 091] lambda=0.0001 g_scale=0.000 train_total=0.07091068 train_sup=0.07089254 train_imit=0.18142119 mean_w=0.0802 active=0.9499 s_dense=0.00 s_pos=0.0000 s_sel=0.0000 s_sel_pos=0.0000 s_hot_err=0.000000 s_bg_err=0.000000 s_gap=0.000000 conf_cos=0.0000 conf_proj=0.00 val_mse=0.41992266 val_mae=0.45221435 | p_pos=0.0000 p_dense=0.00 p_sel=0.0000 p_sel_pos=0.0000 p_hot_err=0.000000 p_bg_err=0.000000 p_gap=0.000000 peer_val_mse=0.27497249 peer_val_mae=0.34684511
[etth1_long_campaign_v1/all_methods_long120] [time_series][epoch 092] lambda=0.0001 g_scale=0.000 train_total=0.07049099 train_sup=0.07047294 train_imit=0.18047858 mean_w=0.0803 active=0.9550 s_dense=0.00 s_pos=0.0000 s_sel=0.0000 s_sel_pos=0.0000 s_hot_err=0.000000 s_bg_err=0.000000 s_gap=0.000000 conf_cos=0.0000 conf_proj=0.00 val_mse=0.42293397 val_mae=0.45424952 | p_pos=0.0000 p_dense=0.00 p_sel=0.0000 p_sel_pos=0.0000 p_hot_err=0.000000 p_bg_err=0.000000 p_gap=0.000000 peer_val_mse=0.28262969 peer_val_mae=0.35928195
[etth1_long_campaign_v1/all_methods_long120] [time_series][epoch 093] lambda=0.0001 g_scale=0.000 train_total=0.07004538 train_sup=0.07002723 train_imit=0.18149504 mean_w=0.0805 active=0.9549 s_dense=0.00 s_pos=0.0000 s_sel=0.0000 s_sel_pos=0.0000 s_hot_err=0.000000 s_bg_err=0.000000 s_gap=0.000000 conf_cos=0.0000 conf_proj=0.00 val_mse=0.41384496 val_mae=0.44879722 | p_pos=0.0000 p_dense=0.00 p_sel=0.0000 p_sel_pos=0.0000 p_hot_err=0.000000 p_bg_err=0.000000 p_gap=0.000000 peer_val_mse=0.27395527 peer_val_mae=0.34504920
[etth1_long_campaign_v1/all_methods_long120] [time_series][epoch 094] lambda=0.0001 g_scale=0.000 train_total=0.07052774 train_sup=0.07050974 train_imit=0.17998724 mean_w=0.0802 active=0.9526 s_dense=0.00 s_pos=0.0000 s_sel=0.0000 s_sel_pos=0.0000 s_hot_err=0.000000 s_bg_err=0.000000 s_gap=0.000000 conf_cos=0.0000 conf_proj=0.00 val_mse=0.43517143 val_mae=0.46284766 | p_pos=0.0000 p_dense=0.00 p_sel=0.0000 p_sel_pos=0.0000 p_hot_err=0.000000 p_bg_err=0.000000 p_gap=0.000000 peer_val_mse=0.27272577 peer_val_mae=0.34044999
[etth1_long_campaign_v1/all_methods_long120] [time_series][epoch 095] lambda=0.0001 g_scale=0.000 train_total=0.07036754 train_sup=0.07034949 train_imit=0.18049693 mean_w=0.0805 active=0.9523 s_dense=0.00 s_pos=0.0000 s_sel=0.0000 s_sel_pos=0.0000 s_hot_err=0.000000 s_bg_err=0.000000 s_gap=0.000000 conf_cos=0.0000 conf_proj=0.00 val_mse=0.43786606 val_mae=0.46719532 | p_pos=0.0000 p_dense=0.00 p_sel=0.0000 p_sel_pos=0.0000 p_hot_err=0.000000 p_bg_err=0.000000 p_gap=0.000000 peer_val_mse=0.27683026 peer_val_mae=0.34748456
[etth1_long_campaign_v1/all_methods_long120] [time_series][epoch 096] lambda=0.0001 g_scale=0.000 train_total=0.07002420 train_sup=0.07000616 train_imit=0.18036023 mean_w=0.0806 active=0.9526 s_dense=0.00 s_pos=0.0000 s_sel=0.0000 s_sel_pos=0.0000 s_hot_err=0.000000 s_bg_err=0.000000 s_gap=0.000000 conf_cos=0.0000 conf_proj=0.00 val_mse=0.39694238 val_mae=0.44134395 | p_pos=0.0000 p_dense=0.00 p_sel=0.0000 p_sel_pos=0.0000 p_hot_err=0.000000 p_bg_err=0.000000 p_gap=0.000000 peer_val_mse=0.27428588 peer_val_mae=0.34266053
[etth1_long_campaign_v1/all_methods_long120] [time_series][epoch 097] lambda=0.0001 g_scale=0.000 train_total=0.06992881 train_sup=0.06991074 train_imit=0.18068839 mean_w=0.0805 active=0.9553 s_dense=0.00 s_pos=0.0000 s_sel=0.0000 s_sel_pos=0.0000 s_hot_err=0.000000 s_bg_err=0.000000 s_gap=0.000000 conf_cos=0.0000 conf_proj=0.00 val_mse=0.40902408 val_mae=0.45010184 | p_pos=0.0000 p_dense=0.00 p_sel=0.0000 p_sel_pos=0.0000 p_hot_err=0.000000 p_bg_err=0.000000 p_gap=0.000000 peer_val_mse=0.27593652 peer_val_mae=0.34568365
[etth1_long_campaign_v1/all_methods_long120] [time_series][epoch 098] lambda=0.0001 g_scale=0.000 train_total=0.06956458 train_sup=0.06954634 train_imit=0.18237083 mean_w=0.0808 active=0.9535 s_dense=0.00 s_pos=0.0000 s_sel=0.0000 s_sel_pos=0.0000 s_hot_err=0.000000 s_bg_err=0.000000 s_gap=0.000000 conf_cos=0.0000 conf_proj=0.00 val_mse=0.40993862 val_mae=0.44661913 | p_pos=0.0000 p_dense=0.00 p_sel=0.0000 p_sel_pos=0.0000 p_hot_err=0.000000 p_bg_err=0.000000 p_gap=0.000000 peer_val_mse=0.27663828 peer_val_mae=0.34684165
[etth1_long_campaign_v1/all_methods_long120] [time_series][epoch 099] lambda=0.0001 g_scale=0.000 train_total=0.06937306 train_sup=0.06935502 train_imit=0.18036975 mean_w=0.0809 active=0.9573 s_dense=0.00 s_pos=0.0000 s_sel=0.0000 s_sel_pos=0.0000 s_hot_err=0.000000 s_bg_err=0.000000 s_gap=0.000000 conf_cos=0.0000 conf_proj=0.00 val_mse=0.41222757 val_mae=0.45096227 | p_pos=0.0000 p_dense=0.00 p_sel=0.0000 p_sel_pos=0.0000 p_hot_err=0.000000 p_bg_err=0.000000 p_gap=0.000000 peer_val_mse=0.27345222 peer_val_mae=0.34111846
[etth1_long_campaign_v1/all_methods_long120] [time_series][epoch 100] lambda=0.0001 g_scale=0.000 train_total=0.06941158 train_sup=0.06939350 train_imit=0.18077751 mean_w=0.0808 active=0.9565 s_dense=0.00 s_pos=0.0000 s_sel=0.0000 s_sel_pos=0.0000 s_hot_err=0.000000 s_bg_err=0.000000 s_gap=0.000000 conf_cos=0.0000 conf_proj=0.00 val_mse=0.41221336 val_mae=0.45289254 | p_pos=0.0000 p_dense=0.00 p_sel=0.0000 p_sel_pos=0.0000 p_hot_err=0.000000 p_bg_err=0.000000 p_gap=0.000000 peer_val_mse=0.27457627 peer_val_mae=0.34269169
[etth1_long_campaign_v1/all_methods_long120] [time_series][epoch 100] updated live plot
[etth1_long_campaign_v1/all_methods_long120] [time_series][epoch 101] lambda=0.0001 g_scale=0.000 train_total=0.06901385 train_sup=0.06899577 train_imit=0.18082807 mean_w=0.0810 active=0.9553 s_dense=0.00 s_pos=0.0000 s_sel=0.0000 s_sel_pos=0.0000 s_hot_err=0.000000 s_bg_err=0.000000 s_gap=0.000000 conf_cos=0.0000 conf_proj=0.00 val_mse=0.43897871 val_mae=0.46609663 | p_pos=0.0000 p_dense=0.00 p_sel=0.0000 p_sel_pos=0.0000 p_hot_err=0.000000 p_bg_err=0.000000 p_gap=0.000000 peer_val_mse=0.27376675 peer_val_mae=0.34323437
[etth1_long_campaign_v1/all_methods_long120] [time_series][epoch 102] lambda=0.0001 g_scale=0.000 train_total=0.06863526 train_sup=0.06861721 train_imit=0.18047122 mean_w=0.0812 active=0.9579 s_dense=0.00 s_pos=0.0000 s_sel=0.0000 s_sel_pos=0.0000 s_hot_err=0.000000 s_bg_err=0.000000 s_gap=0.000000 conf_cos=0.0000 conf_proj=0.00 val_mse=0.41757257 val_mae=0.45525890 | p_pos=0.0000 p_dense=0.00 p_sel=0.0000 p_sel_pos=0.0000 p_hot_err=0.000000 p_bg_err=0.000000 p_gap=0.000000 peer_val_mse=0.27586568 peer_val_mae=0.34658894
[etth1_long_campaign_v1/all_methods_long120] [time_series][epoch 103] lambda=0.0001 g_scale=0.000 train_total=0.06931911 train_sup=0.06930101 train_imit=0.18102904 mean_w=0.0811 active=0.9541 s_dense=0.00 s_pos=0.0000 s_sel=0.0000 s_sel_pos=0.0000 s_hot_err=0.000000 s_bg_err=0.000000 s_gap=0.000000 conf_cos=0.0000 conf_proj=0.00 val_mse=0.43260834 val_mae=0.46222346 | p_pos=0.0000 p_dense=0.00 p_sel=0.0000 p_sel_pos=0.0000 p_hot_err=0.000000 p_bg_err=0.000000 p_gap=0.000000 peer_val_mse=0.27337086 peer_val_mae=0.34217510
[etth1_long_campaign_v1/all_methods_long120] [time_series][epoch 104] lambda=0.0001 g_scale=0.000 train_total=0.06840326 train_sup=0.06838530 train_imit=0.17968705 mean_w=0.0814 active=0.9594 s_dense=0.00 s_pos=0.0000 s_sel=0.0000 s_sel_pos=0.0000 s_hot_err=0.000000 s_bg_err=0.000000 s_gap=0.000000 conf_cos=0.0000 conf_proj=0.00 val_mse=0.43104788 val_mae=0.46302995 | p_pos=0.0000 p_dense=0.00 p_sel=0.0000 p_sel_pos=0.0000 p_hot_err=0.000000 p_bg_err=0.000000 p_gap=0.000000 peer_val_mse=0.27266572 peer_val_mae=0.34058397
[etth1_long_campaign_v1/all_methods_long120] [time_series][epoch 105] lambda=0.0001 g_scale=0.000 train_total=0.06889124 train_sup=0.06887319 train_imit=0.18047957 mean_w=0.0810 active=0.9573 s_dense=0.00 s_pos=0.0000 s_sel=0.0000 s_sel_pos=0.0000 s_hot_err=0.000000 s_bg_err=0.000000 s_gap=0.000000 conf_cos=0.0000 conf_proj=0.00 val_mse=0.39822300 val_mae=0.44225392 | p_pos=0.0000 p_dense=0.00 p_sel=0.0000 p_sel_pos=0.0000 p_hot_err=0.000000 p_bg_err=0.000000 p_gap=0.000000 peer_val_mse=0.27298458 peer_val_mae=0.34093689
[etth1_long_campaign_v1/all_methods_long120] [time_series][epoch 106] lambda=0.0001 g_scale=0.000 train_total=0.06821078 train_sup=0.06819274 train_imit=0.18039561 mean_w=0.0813 active=0.9578 s_dense=0.00 s_pos=0.0000 s_sel=0.0000 s_sel_pos=0.0000 s_hot_err=0.000000 s_bg_err=0.000000 s_gap=0.000000 conf_cos=0.0000 conf_proj=0.00 val_mse=0.41871741 val_mae=0.45232036 | p_pos=0.0000 p_dense=0.00 p_sel=0.0000 p_sel_pos=0.0000 p_hot_err=0.000000 p_bg_err=0.000000 p_gap=0.000000 peer_val_mse=0.27367244 peer_val_mae=0.34283663
[etth1_long_campaign_v1/all_methods_long120] [time_series][epoch 107] lambda=0.0001 g_scale=0.000 train_total=0.06830379 train_sup=0.06828576 train_imit=0.18035210 mean_w=0.0813 active=0.9585 s_dense=0.00 s_pos=0.0000 s_sel=0.0000 s_sel_pos=0.0000 s_hot_err=0.000000 s_bg_err=0.000000 s_gap=0.000000 conf_cos=0.0000 conf_proj=0.00 val_mse=0.41162530 val_mae=0.44990115 | p_pos=0.0000 p_dense=0.00 p_sel=0.0000 p_sel_pos=0.0000 p_hot_err=0.000000 p_bg_err=0.000000 p_gap=0.000000 peer_val_mse=0.27426481 peer_val_mae=0.34391493
[etth1_long_campaign_v1/all_methods_long120] [time_series][epoch 108] lambda=0.0001 g_scale=0.000 train_total=0.06753369 train_sup=0.06751559 train_imit=0.18094989 mean_w=0.0817 active=0.9573 s_dense=0.00 s_pos=0.0000 s_sel=0.0000 s_sel_pos=0.0000 s_hot_err=0.000000 s_bg_err=0.000000 s_gap=0.000000 conf_cos=0.0000 conf_proj=0.00 val_mse=0.44378953 val_mae=0.47040768 | p_pos=0.0000 p_dense=0.00 p_sel=0.0000 p_sel_pos=0.0000 p_hot_err=0.000000 p_bg_err=0.000000 p_gap=0.000000 peer_val_mse=0.27363155 peer_val_mae=0.34415098
[etth1_long_campaign_v1/all_methods_long120] [time_series][epoch 109] lambda=0.0001 g_scale=0.000 train_total=0.06761177 train_sup=0.06759377 train_imit=0.18002396 mean_w=0.0816 active=0.9569 s_dense=0.00 s_pos=0.0000 s_sel=0.0000 s_sel_pos=0.0000 s_hot_err=0.000000 s_bg_err=0.000000 s_gap=0.000000 conf_cos=0.0000 conf_proj=0.00 val_mse=0.43709906 val_mae=0.46781702 | p_pos=0.0000 p_dense=0.00 p_sel=0.0000 p_sel_pos=0.0000 p_hot_err=0.000000 p_bg_err=0.000000 p_gap=0.000000 peer_val_mse=0.27394513 peer_val_mae=0.34317900
[etth1_long_campaign_v1/all_methods_long120] [time_series][epoch 110] lambda=0.0001 g_scale=0.000 train_total=0.06778317 train_sup=0.06776512 train_imit=0.18047453 mean_w=0.0816 active=0.9587 s_dense=0.00 s_pos=0.0000 s_sel=0.0000 s_sel_pos=0.0000 s_hot_err=0.000000 s_bg_err=0.000000 s_gap=0.000000 conf_cos=0.0000 conf_proj=0.00 val_mse=0.42802752 val_mae=0.46175115 | p_pos=0.0000 p_dense=0.00 p_sel=0.0000 p_sel_pos=0.0000 p_hot_err=0.000000 p_bg_err=0.000000 p_gap=0.000000 peer_val_mse=0.27348695 peer_val_mae=0.34122692
[etth1_long_campaign_v1/all_methods_long120] [time_series][epoch 110] updated live plot
[etth1_long_campaign_v1/all_methods_long120] [time_series][epoch 111] lambda=0.0001 g_scale=0.000 train_total=0.06762744 train_sup=0.06760952 train_imit=0.17922747 mean_w=0.0816 active=0.9585 s_dense=0.00 s_pos=0.0000 s_sel=0.0000 s_sel_pos=0.0000 s_hot_err=0.000000 s_bg_err=0.000000 s_gap=0.000000 conf_cos=0.0000 conf_proj=0.00 val_mse=0.41043430 val_mae=0.45203238 | p_pos=0.0000 p_dense=0.00 p_sel=0.0000 p_sel_pos=0.0000 p_hot_err=0.000000 p_bg_err=0.000000 p_gap=0.000000 peer_val_mse=0.27597607 peer_val_mae=0.34687371
[etth1_long_campaign_v1/all_methods_long120] [time_series][epoch 112] lambda=0.0001 g_scale=0.000 train_total=0.06761974 train_sup=0.06760167 train_imit=0.18067307 mean_w=0.0817 active=0.9584 s_dense=0.00 s_pos=0.0000 s_sel=0.0000 s_sel_pos=0.0000 s_hot_err=0.000000 s_bg_err=0.000000 s_gap=0.000000 conf_cos=0.0000 conf_proj=0.00 val_mse=0.42012138 val_mae=0.45855172 | p_pos=0.0000 p_dense=0.00 p_sel=0.0000 p_sel_pos=0.0000 p_hot_err=0.000000 p_bg_err=0.000000 p_gap=0.000000 peer_val_mse=0.27468226 peer_val_mae=0.34244525
[etth1_long_campaign_v1/all_methods_long120] [time_series][epoch 113] lambda=0.0001 g_scale=0.000 train_total=0.06693364 train_sup=0.06691550 train_imit=0.18138078 mean_w=0.0819 active=0.9622 s_dense=0.00 s_pos=0.0000 s_sel=0.0000 s_sel_pos=0.0000 s_hot_err=0.000000 s_bg_err=0.000000 s_gap=0.000000 conf_cos=0.0000 conf_proj=0.00 val_mse=0.43300172 val_mae=0.46229343 | p_pos=0.0000 p_dense=0.00 p_sel=0.0000 p_sel_pos=0.0000 p_hot_err=0.000000 p_bg_err=0.000000 p_gap=0.000000 peer_val_mse=0.27648582 peer_val_mae=0.34870561
[etth1_long_campaign_v1/all_methods_long120] [time_series][epoch 114] lambda=0.0001 g_scale=0.000 train_total=0.06713477 train_sup=0.06711670 train_imit=0.18069395 mean_w=0.0817 active=0.9585 s_dense=0.00 s_pos=0.0000 s_sel=0.0000 s_sel_pos=0.0000 s_hot_err=0.000000 s_bg_err=0.000000 s_gap=0.000000 conf_cos=0.0000 conf_proj=0.00 val_mse=0.39321595 val_mae=0.43687591 | p_pos=0.0000 p_dense=0.00 p_sel=0.0000 p_sel_pos=0.0000 p_hot_err=0.000000 p_bg_err=0.000000 p_gap=0.000000 peer_val_mse=0.27524533 peer_val_mae=0.34602328
[etth1_long_campaign_v1/all_methods_long120] [time_series][epoch 115] lambda=0.0001 g_scale=0.000 train_total=0.06669382 train_sup=0.06667593 train_imit=0.17885377 mean_w=0.0821 active=0.9607 s_dense=0.00 s_pos=0.0000 s_sel=0.0000 s_sel_pos=0.0000 s_hot_err=0.000000 s_bg_err=0.000000 s_gap=0.000000 conf_cos=0.0000 conf_proj=0.00 val_mse=0.42075924 val_mae=0.45748399 | p_pos=0.0000 p_dense=0.00 p_sel=0.0000 p_sel_pos=0.0000 p_hot_err=0.000000 p_bg_err=0.000000 p_gap=0.000000 peer_val_mse=0.27533333 peer_val_mae=0.34548922
[etth1_long_campaign_v1/all_methods_long120] [time_series][epoch 116] lambda=0.0001 g_scale=0.000 train_total=0.06692767 train_sup=0.06690973 train_imit=0.17936184 mean_w=0.0820 active=0.9614 s_dense=0.00 s_pos=0.0000 s_sel=0.0000 s_sel_pos=0.0000 s_hot_err=0.000000 s_bg_err=0.000000 s_gap=0.000000 conf_cos=0.0000 conf_proj=0.00 val_mse=0.41149713 val_mae=0.44910583 | p_pos=0.0000 p_dense=0.00 p_sel=0.0000 p_sel_pos=0.0000 p_hot_err=0.000000 p_bg_err=0.000000 p_gap=0.000000 peer_val_mse=0.27313209 peer_val_mae=0.34073798
[etth1_long_campaign_v1/all_methods_long120] [time_series][epoch 117] lambda=0.0001 g_scale=0.000 train_total=0.06662857 train_sup=0.06661050 train_imit=0.18078846 mean_w=0.0822 active=0.9617 s_dense=0.00 s_pos=0.0000 s_sel=0.0000 s_sel_pos=0.0000 s_hot_err=0.000000 s_bg_err=0.000000 s_gap=0.000000 conf_cos=0.0000 conf_proj=0.00 val_mse=0.43119748 val_mae=0.46381402 | p_pos=0.0000 p_dense=0.00 p_sel=0.0000 p_sel_pos=0.0000 p_hot_err=0.000000 p_bg_err=0.000000 p_gap=0.000000 peer_val_mse=0.27334273 peer_val_mae=0.34244579
[etth1_long_campaign_v1/all_methods_long120] [time_series][epoch 118] lambda=0.0001 g_scale=0.000 train_total=0.06638782 train_sup=0.06636976 train_imit=0.18064861 mean_w=0.0821 active=0.9618 s_dense=0.00 s_pos=0.0000 s_sel=0.0000 s_sel_pos=0.0000 s_hot_err=0.000000 s_bg_err=0.000000 s_gap=0.000000 conf_cos=0.0000 conf_proj=0.00 val_mse=0.41265041 val_mae=0.45146172 | p_pos=0.0000 p_dense=0.00 p_sel=0.0000 p_sel_pos=0.0000 p_hot_err=0.000000 p_bg_err=0.000000 p_gap=0.000000 peer_val_mse=0.27713746 peer_val_mae=0.34752347
[etth1_long_campaign_v1/all_methods_long120] [time_series][epoch 119] lambda=0.0001 g_scale=0.000 train_total=0.06644452 train_sup=0.06642636 train_imit=0.18162355 mean_w=0.0823 active=0.9644 s_dense=0.00 s_pos=0.0000 s_sel=0.0000 s_sel_pos=0.0000 s_hot_err=0.000000 s_bg_err=0.000000 s_gap=0.000000 conf_cos=0.0000 conf_proj=0.00 val_mse=0.40671469 val_mae=0.45320386 | p_pos=0.0000 p_dense=0.00 p_sel=0.0000 p_sel_pos=0.0000 p_hot_err=0.000000 p_bg_err=0.000000 p_gap=0.000000 peer_val_mse=0.27473057 peer_val_mae=0.34554286
[etth1_long_campaign_v1/all_methods_long120] [time_series][epoch 120] lambda=0.0001 g_scale=0.000 train_total=0.06629110 train_sup=0.06627313 train_imit=0.17961097 mean_w=0.0823 active=0.9623 s_dense=0.00 s_pos=0.0000 s_sel=0.0000 s_sel_pos=0.0000 s_hot_err=0.000000 s_bg_err=0.000000 s_gap=0.000000 conf_cos=0.0000 conf_proj=0.00 val_mse=0.41745359 val_mae=0.45550472 | p_pos=0.0000 p_dense=0.00 p_sel=0.0000 p_sel_pos=0.0000 p_hot_err=0.000000 p_bg_err=0.000000 p_gap=0.000000 peer_val_mse=0.27666927 peer_val_mae=0.34902578
[etth1_long_campaign_v1/all_methods_long120] [time_series][epoch 120] updated live plot
[etth1_long_campaign_v1/all_methods_long120] [time_series] done
[etth1_long_campaign_v1/all_methods_long120] [time_series] dataset=etth1 pair=transformer:dlinear method=dml seed=11 pred_len=24
[etth1_long_campaign_v1/all_methods_long120] [time_series] run_dir=results/time_series_etth1_long_campaign_v1_worker1_gpu0_queue/all_methods_long120/time_series/etth1/transformer__dlinear_dml_huber_seed11
[etth1_long_campaign_v1/all_methods_long120] [time_series] params=419240
[etth1_long_campaign_v1/all_methods_long120] [time_series][epoch 001] lambda=0.0010 g_scale=0.000 train_total=0.36999350 train_sup=0.36984838 train_imit=0.14511595 mean_w=0.0283 active=0.4625 s_dense=0.00 s_pos=0.0000 s_sel=0.0000 s_sel_pos=0.0000 s_hot_err=0.000000 s_bg_err=0.000000 s_gap=0.000000 conf_cos=0.0000 conf_proj=0.00 val_mse=0.34709451 val_mae=0.41347840 | p_pos=0.0000 p_dense=0.00 p_sel=0.0000 p_sel_pos=0.0000 p_hot_err=0.000000 p_bg_err=0.000000 p_gap=0.000000 peer_val_mse=0.32340995 peer_val_mae=0.38872833
[etth1_long_campaign_v1/all_methods_long120] [time_series][epoch 002] lambda=0.0010 g_scale=0.000 train_total=0.25365341 train_sup=0.25354580 train_imit=0.10760498 mean_w=0.0228 active=0.4571 s_dense=0.00 s_pos=0.0000 s_sel=0.0000 s_sel_pos=0.0000 s_hot_err=0.000000 s_bg_err=0.000000 s_gap=0.000000 conf_cos=0.0000 conf_proj=0.00 val_mse=0.33375089 val_mae=0.39614007 | p_pos=0.0000 p_dense=0.00 p_sel=0.0000 p_sel_pos=0.0000 p_hot_err=0.000000 p_bg_err=0.000000 p_gap=0.000000 peer_val_mse=0.29793182 peer_val_mae=0.36465471
[etth1_long_campaign_v1/all_methods_long120] [time_series][epoch 003] lambda=0.0010 g_scale=0.000 train_total=0.23358174 train_sup=0.23346765 train_imit=0.11409316 mean_w=0.0250 active=0.4734 s_dense=0.00 s_pos=0.0000 s_sel=0.0000 s_sel_pos=0.0000 s_hot_err=0.000000 s_bg_err=0.000000 s_gap=0.000000 conf_cos=0.0000 conf_proj=0.00 val_mse=0.34047820 val_mae=0.40680478 | p_pos=0.0000 p_dense=0.00 p_sel=0.0000 p_sel_pos=0.0000 p_hot_err=0.000000 p_bg_err=0.000000 p_gap=0.000000 peer_val_mse=0.28996646 peer_val_mae=0.35797575
[etth1_long_campaign_v1/all_methods_long120] [time_series][epoch 004] lambda=0.0010 g_scale=0.000 train_total=0.21758788 train_sup=0.21746179 train_imit=0.12608673 mean_w=0.0283 active=0.4995 s_dense=0.00 s_pos=0.0000 s_sel=0.0000 s_sel_pos=0.0000 s_hot_err=0.000000 s_bg_err=0.000000 s_gap=0.000000 conf_cos=0.0000 conf_proj=0.00 val_mse=0.36444683 val_mae=0.41734226 | p_pos=0.0000 p_dense=0.00 p_sel=0.0000 p_sel_pos=0.0000 p_hot_err=0.000000 p_bg_err=0.000000 p_gap=0.000000 peer_val_mse=0.28477582 peer_val_mae=0.35327538
[etth1_long_campaign_v1/all_methods_long120] [time_series][epoch 005] lambda=0.0010 g_scale=0.000 train_total=0.20504691 train_sup=0.20491379 train_imit=0.13311570 mean_w=0.0316 active=0.5297 s_dense=0.00 s_pos=0.0000 s_sel=0.0000 s_sel_pos=0.0000 s_hot_err=0.000000 s_bg_err=0.000000 s_gap=0.000000 conf_cos=0.0000 conf_proj=0.00 val_mse=0.33595247 val_mae=0.40184560 | p_pos=0.0000 p_dense=0.00 p_sel=0.0000 p_sel_pos=0.0000 p_hot_err=0.000000 p_bg_err=0.000000 p_gap=0.000000 peer_val_mse=0.28092050 peer_val_mae=0.34971106
[etth1_long_campaign_v1/all_methods_long120] [time_series][epoch 006] lambda=0.0010 g_scale=0.000 train_total=0.19309199 train_sup=0.19295073 train_imit=0.14126005 mean_w=0.0350 active=0.5641 s_dense=0.00 s_pos=0.0000 s_sel=0.0000 s_sel_pos=0.0000 s_hot_err=0.000000 s_bg_err=0.000000 s_gap=0.000000 conf_cos=0.0000 conf_proj=0.00 val_mse=0.34808238 val_mae=0.41235439 | p_pos=0.0000 p_dense=0.00 p_sel=0.0000 p_sel_pos=0.0000 p_hot_err=0.000000 p_bg_err=0.000000 p_gap=0.000000 peer_val_mse=0.27911307 peer_val_mae=0.34978284
[etth1_long_campaign_v1/all_methods_long120] [time_series][epoch 007] lambda=0.0010 g_scale=0.000 train_total=0.18352146 train_sup=0.18337399 train_imit=0.14747772 mean_w=0.0379 active=0.5878 s_dense=0.00 s_pos=0.0000 s_sel=0.0000 s_sel_pos=0.0000 s_hot_err=0.000000 s_bg_err=0.000000 s_gap=0.000000 conf_cos=0.0000 conf_proj=0.00 val_mse=0.42422165 val_mae=0.45195673 | p_pos=0.0000 p_dense=0.00 p_sel=0.0000 p_sel_pos=0.0000 p_hot_err=0.000000 p_bg_err=0.000000 p_gap=0.000000 peer_val_mse=0.27774768 peer_val_mae=0.34759141
[etth1_long_campaign_v1/all_methods_long120] [time_series][epoch 008] lambda=0.0010 g_scale=0.000 train_total=0.17184419 train_sup=0.17169313 train_imit=0.15106194 mean_w=0.0415 active=0.6150 s_dense=0.00 s_pos=0.0000 s_sel=0.0000 s_sel_pos=0.0000 s_hot_err=0.000000 s_bg_err=0.000000 s_gap=0.000000 conf_cos=0.0000 conf_proj=0.00 val_mse=0.40708644 val_mae=0.43739887 | p_pos=0.0000 p_dense=0.00 p_sel=0.0000 p_sel_pos=0.0000 p_hot_err=0.000000 p_bg_err=0.000000 p_gap=0.000000 peer_val_mse=0.27846727 peer_val_mae=0.34741549
[etth1_long_campaign_v1/all_methods_long120] [time_series][epoch 009] lambda=0.0010 g_scale=0.000 train_total=0.16174627 train_sup=0.16158631 train_imit=0.15996097 mean_w=0.0448 active=0.6447 s_dense=0.00 s_pos=0.0000 s_sel=0.0000 s_sel_pos=0.0000 s_hot_err=0.000000 s_bg_err=0.000000 s_gap=0.000000 conf_cos=0.0000 conf_proj=0.00 val_mse=0.34632520 val_mae=0.40751693 | p_pos=0.0000 p_dense=0.00 p_sel=0.0000 p_sel_pos=0.0000 p_hot_err=0.000000 p_bg_err=0.000000 p_gap=0.000000 peer_val_mse=0.27586102 peer_val_mae=0.34596739
[etth1_long_campaign_v1/all_methods_long120] [time_series][epoch 010] lambda=0.0010 g_scale=0.000 train_total=0.15483159 train_sup=0.15466920 train_imit=0.16239092 mean_w=0.0471 active=0.6701 s_dense=0.00 s_pos=0.0000 s_sel=0.0000 s_sel_pos=0.0000 s_hot_err=0.000000 s_bg_err=0.000000 s_gap=0.000000 conf_cos=0.0000 conf_proj=0.00 val_mse=0.38605476 val_mae=0.43124783 | p_pos=0.0000 p_dense=0.00 p_sel=0.0000 p_sel_pos=0.0000 p_hot_err=0.000000 p_bg_err=0.000000 p_gap=0.000000 peer_val_mse=0.27848201 peer_val_mae=0.35059075
[etth1_long_campaign_v1/all_methods_long120] [time_series][epoch 010] updated live plot
[etth1_long_campaign_v1/all_methods_long120] [time_series][epoch 011] lambda=0.0010 g_scale=0.000 train_total=0.14629047 train_sup=0.14612948 train_imit=0.16469540 mean_w=0.0499 active=0.6981 s_dense=0.00 s_pos=0.0000 s_sel=0.0000 s_sel_pos=0.0000 s_hot_err=0.000000 s_bg_err=0.000000 s_gap=0.000000 conf_cos=0.0000 conf_proj=0.00 val_mse=0.38944652 val_mae=0.43686381 | p_pos=0.0000 p_dense=0.00 p_sel=0.0000 p_sel_pos=0.0000 p_hot_err=0.000000 p_bg_err=0.000000 p_gap=0.000000 peer_val_mse=0.27536414 peer_val_mae=0.34459944
[etth1_long_campaign_v1/all_methods_long120] [time_series][epoch 012] lambda=0.0010 g_scale=0.000 train_total=0.14001669 train_sup=0.13985623 train_imit=0.16801765 mean_w=0.0522 active=0.7156 s_dense=0.00 s_pos=0.0000 s_sel=0.0000 s_sel_pos=0.0000 s_hot_err=0.000000 s_bg_err=0.000000 s_gap=0.000000 conf_cos=0.0000 conf_proj=0.00 val_mse=0.35363384 val_mae=0.41299438 | p_pos=0.0000 p_dense=0.00 p_sel=0.0000 p_sel_pos=0.0000 p_hot_err=0.000000 p_bg_err=0.000000 p_gap=0.000000 peer_val_mse=0.27949138 peer_val_mae=0.35201645
[etth1_long_campaign_v1/all_methods_long120] [time_series][epoch 013] lambda=0.0009 g_scale=0.000 train_total=0.13427776 train_sup=0.13412092 train_imit=0.16819355 mean_w=0.0542 active=0.7328 s_dense=0.00 s_pos=0.0000 s_sel=0.0000 s_sel_pos=0.0000 s_hot_err=0.000000 s_bg_err=0.000000 s_gap=0.000000 conf_cos=0.0000 conf_proj=0.00 val_mse=0.40298339 val_mae=0.43847491 | p_pos=0.0000 p_dense=0.00 p_sel=0.0000 p_sel_pos=0.0000 p_hot_err=0.000000 p_bg_err=0.000000 p_gap=0.000000 peer_val_mse=0.27736547 peer_val_mae=0.34842135
[etth1_long_campaign_v1/all_methods_long120] [time_series][epoch 014] lambda=0.0009 g_scale=0.000 train_total=0.12930415 train_sup=0.12914735 train_imit=0.17230072 mean_w=0.0559 active=0.7545 s_dense=0.00 s_pos=0.0000 s_sel=0.0000 s_sel_pos=0.0000 s_hot_err=0.000000 s_bg_err=0.000000 s_gap=0.000000 conf_cos=0.0000 conf_proj=0.00 val_mse=0.38593543 val_mae=0.43382271 | p_pos=0.0000 p_dense=0.00 p_sel=0.0000 p_sel_pos=0.0000 p_hot_err=0.000000 p_bg_err=0.000000 p_gap=0.000000 peer_val_mse=0.27648744 peer_val_mae=0.34692582
[etth1_long_campaign_v1/all_methods_long120] [time_series][epoch 015] lambda=0.0009 g_scale=0.000 train_total=0.12520657 train_sup=0.12505379 train_imit=0.17215001 mean_w=0.0576 active=0.7645 s_dense=0.00 s_pos=0.0000 s_sel=0.0000 s_sel_pos=0.0000 s_hot_err=0.000000 s_bg_err=0.000000 s_gap=0.000000 conf_cos=0.0000 conf_proj=0.00 val_mse=0.39527262 val_mae=0.43368854 | p_pos=0.0000 p_dense=0.00 p_sel=0.0000 p_sel_pos=0.0000 p_hot_err=0.000000 p_bg_err=0.000000 p_gap=0.000000 peer_val_mse=0.27566343 peer_val_mae=0.34546274
[etth1_long_campaign_v1/all_methods_long120] [time_series][epoch 016] lambda=0.0009 g_scale=0.000 train_total=0.12114154 train_sup=0.12099035 train_imit=0.17478143 mean_w=0.0592 active=0.7810 s_dense=0.00 s_pos=0.0000 s_sel=0.0000 s_sel_pos=0.0000 s_hot_err=0.000000 s_bg_err=0.000000 s_gap=0.000000 conf_cos=0.0000 conf_proj=0.00 val_mse=0.39566459 val_mae=0.43559863 | p_pos=0.0000 p_dense=0.00 p_sel=0.0000 p_sel_pos=0.0000 p_hot_err=0.000000 p_bg_err=0.000000 p_gap=0.000000 peer_val_mse=0.27446586 peer_val_mae=0.34370556
[etth1_long_campaign_v1/all_methods_long120] [time_series][epoch 017] lambda=0.0008 g_scale=0.000 train_total=0.11942850 train_sup=0.11928143 train_imit=0.17456488 mean_w=0.0597 active=0.7834 s_dense=0.00 s_pos=0.0000 s_sel=0.0000 s_sel_pos=0.0000 s_hot_err=0.000000 s_bg_err=0.000000 s_gap=0.000000 conf_cos=0.0000 conf_proj=0.00 val_mse=0.40213035 val_mae=0.43587733 | p_pos=0.0000 p_dense=0.00 p_sel=0.0000 p_sel_pos=0.0000 p_hot_err=0.000000 p_bg_err=0.000000 p_gap=0.000000 peer_val_mse=0.27482394 peer_val_mae=0.34487962
[etth1_long_campaign_v1/all_methods_long120] [time_series][epoch 018] lambda=0.0008 g_scale=0.000 train_total=0.11498349 train_sup=0.11483785 train_imit=0.17760017 mean_w=0.0613 active=0.7974 s_dense=0.00 s_pos=0.0000 s_sel=0.0000 s_sel_pos=0.0000 s_hot_err=0.000000 s_bg_err=0.000000 s_gap=0.000000 conf_cos=0.0000 conf_proj=0.00 val_mse=0.38150555 val_mae=0.43136227 | p_pos=0.0000 p_dense=0.00 p_sel=0.0000 p_sel_pos=0.0000 p_hot_err=0.000000 p_bg_err=0.000000 p_gap=0.000000 peer_val_mse=0.27302044 peer_val_mae=0.34314478
[etth1_long_campaign_v1/all_methods_long120] [time_series][epoch 019] lambda=0.0008 g_scale=0.000 train_total=0.11145264 train_sup=0.11131080 train_imit=0.17785652 mean_w=0.0627 active=0.8139 s_dense=0.00 s_pos=0.0000 s_sel=0.0000 s_sel_pos=0.0000 s_hot_err=0.000000 s_bg_err=0.000000 s_gap=0.000000 conf_cos=0.0000 conf_proj=0.00 val_mse=0.39926516 val_mae=0.43514696 | p_pos=0.0000 p_dense=0.00 p_sel=0.0000 p_sel_pos=0.0000 p_hot_err=0.000000 p_bg_err=0.000000 p_gap=0.000000 peer_val_mse=0.27483140 peer_val_mae=0.34354142
[etth1_long_campaign_v1/all_methods_long120] [time_series][epoch 020] lambda=0.0008 g_scale=0.000 train_total=0.10917359 train_sup=0.10903699 train_imit=0.17624822 mean_w=0.0636 active=0.8221 s_dense=0.00 s_pos=0.0000 s_sel=0.0000 s_sel_pos=0.0000 s_hot_err=0.000000 s_bg_err=0.000000 s_gap=0.000000 conf_cos=0.0000 conf_proj=0.00 val_mse=0.42699705 val_mae=0.46127532 | p_pos=0.0000 p_dense=0.00 p_sel=0.0000 p_sel_pos=0.0000 p_hot_err=0.000000 p_bg_err=0.000000 p_gap=0.000000 peer_val_mse=0.27553617 peer_val_mae=0.34450114
[etth1_long_campaign_v1/all_methods_long120] [time_series][epoch 020] updated live plot
[etth1_long_campaign_v1/all_methods_long120] [time_series][epoch 021] lambda=0.0008 g_scale=0.000 train_total=0.10765954 train_sup=0.10752546 train_imit=0.17816927 mean_w=0.0642 active=0.8294 s_dense=0.00 s_pos=0.0000 s_sel=0.0000 s_sel_pos=0.0000 s_hot_err=0.000000 s_bg_err=0.000000 s_gap=0.000000 conf_cos=0.0000 conf_proj=0.00 val_mse=0.39683539 val_mae=0.43581442 | p_pos=0.0000 p_dense=0.00 p_sel=0.0000 p_sel_pos=0.0000 p_hot_err=0.000000 p_bg_err=0.000000 p_gap=0.000000 peer_val_mse=0.27746484 peer_val_mae=0.34918524
[etth1_long_campaign_v1/all_methods_long120] [time_series][epoch 022] lambda=0.0007 g_scale=0.000 train_total=0.10615586 train_sup=0.10602634 train_imit=0.17742356 mean_w=0.0649 active=0.8329 s_dense=0.00 s_pos=0.0000 s_sel=0.0000 s_sel_pos=0.0000 s_hot_err=0.000000 s_bg_err=0.000000 s_gap=0.000000 conf_cos=0.0000 conf_proj=0.00 val_mse=0.39265133 val_mae=0.43849383 | p_pos=0.0000 p_dense=0.00 p_sel=0.0000 p_sel_pos=0.0000 p_hot_err=0.000000 p_bg_err=0.000000 p_gap=0.000000 peer_val_mse=0.27561653 peer_val_mae=0.34626632
[etth1_long_campaign_v1/all_methods_long120] [time_series][epoch 023] lambda=0.0007 g_scale=0.000 train_total=0.10344322 train_sup=0.10331776 train_imit=0.17733748 mean_w=0.0662 active=0.8443 s_dense=0.00 s_pos=0.0000 s_sel=0.0000 s_sel_pos=0.0000 s_hot_err=0.000000 s_bg_err=0.000000 s_gap=0.000000 conf_cos=0.0000 conf_proj=0.00 val_mse=0.41485202 val_mae=0.45738720 | p_pos=0.0000 p_dense=0.00 p_sel=0.0000 p_sel_pos=0.0000 p_hot_err=0.000000 p_bg_err=0.000000 p_gap=0.000000 peer_val_mse=0.27699011 peer_val_mae=0.34728755
[etth1_long_campaign_v1/all_methods_long120] [time_series][epoch 024] lambda=0.0007 g_scale=0.000 train_total=0.10240129 train_sup=0.10227920 train_imit=0.17823234 mean_w=0.0666 active=0.8489 s_dense=0.00 s_pos=0.0000 s_sel=0.0000 s_sel_pos=0.0000 s_hot_err=0.000000 s_bg_err=0.000000 s_gap=0.000000 conf_cos=0.0000 conf_proj=0.00 val_mse=0.43894395 val_mae=0.47208511 | p_pos=0.0000 p_dense=0.00 p_sel=0.0000 p_sel_pos=0.0000 p_hot_err=0.000000 p_bg_err=0.000000 p_gap=0.000000 peer_val_mse=0.27333897 peer_val_mae=0.34333574
[etth1_long_campaign_v1/all_methods_long120] [time_series][epoch 025] lambda=0.0007 g_scale=0.000 train_total=0.10164448 train_sup=0.10152633 train_imit=0.17834142 mean_w=0.0667 active=0.8505 s_dense=0.00 s_pos=0.0000 s_sel=0.0000 s_sel_pos=0.0000 s_hot_err=0.000000 s_bg_err=0.000000 s_gap=0.000000 conf_cos=0.0000 conf_proj=0.00 val_mse=0.38605525 val_mae=0.43219159 | p_pos=0.0000 p_dense=0.00 p_sel=0.0000 p_sel_pos=0.0000 p_hot_err=0.000000 p_bg_err=0.000000 p_gap=0.000000 peer_val_mse=0.27361142 peer_val_mae=0.34381595
[etth1_long_campaign_v1/all_methods_long120] [time_series][epoch 026] lambda=0.0006 g_scale=0.000 train_total=0.09954373 train_sup=0.09942970 train_imit=0.17816417 mean_w=0.0677 active=0.8632 s_dense=0.00 s_pos=0.0000 s_sel=0.0000 s_sel_pos=0.0000 s_hot_err=0.000000 s_bg_err=0.000000 s_gap=0.000000 conf_cos=0.0000 conf_proj=0.00 val_mse=0.39810452 val_mae=0.43780785 | p_pos=0.0000 p_dense=0.00 p_sel=0.0000 p_sel_pos=0.0000 p_hot_err=0.000000 p_bg_err=0.000000 p_gap=0.000000 peer_val_mse=0.27822427 peer_val_mae=0.34706397
[etth1_long_campaign_v1/all_methods_long120] [time_series][epoch 027] lambda=0.0006 g_scale=0.000 train_total=0.09855845 train_sup=0.09844800 train_imit=0.17885954 mean_w=0.0680 active=0.8605 s_dense=0.00 s_pos=0.0000 s_sel=0.0000 s_sel_pos=0.0000 s_hot_err=0.000000 s_bg_err=0.000000 s_gap=0.000000 conf_cos=0.0000 conf_proj=0.00 val_mse=0.38289375 val_mae=0.43122473 | p_pos=0.0000 p_dense=0.00 p_sel=0.0000 p_sel_pos=0.0000 p_hot_err=0.000000 p_bg_err=0.000000 p_gap=0.000000 peer_val_mse=0.27409416 peer_val_mae=0.34205318
[etth1_long_campaign_v1/all_methods_long120] [time_series][epoch 028] lambda=0.0006 g_scale=0.000 train_total=0.09634331 train_sup=0.09623652 train_imit=0.17947057 mean_w=0.0689 active=0.8730 s_dense=0.00 s_pos=0.0000 s_sel=0.0000 s_sel_pos=0.0000 s_hot_err=0.000000 s_bg_err=0.000000 s_gap=0.000000 conf_cos=0.0000 conf_proj=0.00 val_mse=0.38625492 val_mae=0.42971198 | p_pos=0.0000 p_dense=0.00 p_sel=0.0000 p_sel_pos=0.0000 p_hot_err=0.000000 p_bg_err=0.000000 p_gap=0.000000 peer_val_mse=0.27561286 peer_val_mae=0.34446161
[etth1_long_campaign_v1/all_methods_long120] [time_series][epoch 029] lambda=0.0006 g_scale=0.000 train_total=0.09524812 train_sup=0.09514660 train_imit=0.17733889 mean_w=0.0695 active=0.8720 s_dense=0.00 s_pos=0.0000 s_sel=0.0000 s_sel_pos=0.0000 s_hot_err=0.000000 s_bg_err=0.000000 s_gap=0.000000 conf_cos=0.0000 conf_proj=0.00 val_mse=0.40811968 val_mae=0.44627954 | p_pos=0.0000 p_dense=0.00 p_sel=0.0000 p_sel_pos=0.0000 p_hot_err=0.000000 p_bg_err=0.000000 p_gap=0.000000 peer_val_mse=0.27599640 peer_val_mae=0.34565611
[etth1_long_campaign_v1/all_methods_long120] [time_series][epoch 030] lambda=0.0006 g_scale=0.000 train_total=0.09483227 train_sup=0.09473316 train_imit=0.18018759 mean_w=0.0697 active=0.8764 s_dense=0.00 s_pos=0.0000 s_sel=0.0000 s_sel_pos=0.0000 s_hot_err=0.000000 s_bg_err=0.000000 s_gap=0.000000 conf_cos=0.0000 conf_proj=0.00 val_mse=0.42528328 val_mae=0.45179446 | p_pos=0.0000 p_dense=0.00 p_sel=0.0000 p_sel_pos=0.0000 p_hot_err=0.000000 p_bg_err=0.000000 p_gap=0.000000 peer_val_mse=0.27642739 peer_val_mae=0.34633339
[etth1_long_campaign_v1/all_methods_long120] [time_series][epoch 030] updated live plot
[etth1_long_campaign_v1/all_methods_long120] [time_series][epoch 031] lambda=0.0005 g_scale=0.000 train_total=0.09403436 train_sup=0.09393985 train_imit=0.17917176 mean_w=0.0698 active=0.8780 s_dense=0.00 s_pos=0.0000 s_sel=0.0000 s_sel_pos=0.0000 s_hot_err=0.000000 s_bg_err=0.000000 s_gap=0.000000 conf_cos=0.0000 conf_proj=0.00 val_mse=0.41683639 val_mae=0.45480418 | p_pos=0.0000 p_dense=0.00 p_sel=0.0000 p_sel_pos=0.0000 p_hot_err=0.000000 p_bg_err=0.000000 p_gap=0.000000 peer_val_mse=0.27402244 peer_val_mae=0.34268733
[etth1_long_campaign_v1/all_methods_long120] [time_series][epoch 032] lambda=0.0005 g_scale=0.000 train_total=0.09300148 train_sup=0.09291149 train_imit=0.17818767 mean_w=0.0704 active=0.8838 s_dense=0.00 s_pos=0.0000 s_sel=0.0000 s_sel_pos=0.0000 s_hot_err=0.000000 s_bg_err=0.000000 s_gap=0.000000 conf_cos=0.0000 conf_proj=0.00 val_mse=0.40921609 val_mae=0.44595712 | p_pos=0.0000 p_dense=0.00 p_sel=0.0000 p_sel_pos=0.0000 p_hot_err=0.000000 p_bg_err=0.000000 p_gap=0.000000 peer_val_mse=0.27374914 peer_val_mae=0.34318375
[etth1_long_campaign_v1/all_methods_long120] [time_series][epoch 033] lambda=0.0005 g_scale=0.000 train_total=0.09189124 train_sup=0.09180446 train_imit=0.17985781 mean_w=0.0709 active=0.8874 s_dense=0.00 s_pos=0.0000 s_sel=0.0000 s_sel_pos=0.0000 s_hot_err=0.000000 s_bg_err=0.000000 s_gap=0.000000 conf_cos=0.0000 conf_proj=0.00 val_mse=0.43704702 val_mae=0.47093735 | p_pos=0.0000 p_dense=0.00 p_sel=0.0000 p_sel_pos=0.0000 p_hot_err=0.000000 p_bg_err=0.000000 p_gap=0.000000 peer_val_mse=0.27526014 peer_val_mae=0.34455168
[etth1_long_campaign_v1/all_methods_long120] [time_series][epoch 034] lambda=0.0005 g_scale=0.000 train_total=0.09094030 train_sup=0.09085772 train_imit=0.17951332 mean_w=0.0712 active=0.8902 s_dense=0.00 s_pos=0.0000 s_sel=0.0000 s_sel_pos=0.0000 s_hot_err=0.000000 s_bg_err=0.000000 s_gap=0.000000 conf_cos=0.0000 conf_proj=0.00 val_mse=0.41331224 val_mae=0.44989806 | p_pos=0.0000 p_dense=0.00 p_sel=0.0000 p_sel_pos=0.0000 p_hot_err=0.000000 p_bg_err=0.000000 p_gap=0.000000 peer_val_mse=0.27572688 peer_val_mae=0.34748692
[etth1_long_campaign_v1/all_methods_long120] [time_series][epoch 035] lambda=0.0004 g_scale=0.000 train_total=0.09051710 train_sup=0.09043885 train_imit=0.17886036 mean_w=0.0714 active=0.8929 s_dense=0.00 s_pos=0.0000 s_sel=0.0000 s_sel_pos=0.0000 s_hot_err=0.000000 s_bg_err=0.000000 s_gap=0.000000 conf_cos=0.0000 conf_proj=0.00 val_mse=0.40145739 val_mae=0.44249432 | p_pos=0.0000 p_dense=0.00 p_sel=0.0000 p_sel_pos=0.0000 p_hot_err=0.000000 p_bg_err=0.000000 p_gap=0.000000 peer_val_mse=0.27401784 peer_val_mae=0.34231181
[etth1_long_campaign_v1/all_methods_long120] [time_series][epoch 036] lambda=0.0004 g_scale=0.000 train_total=0.08975989 train_sup=0.08968514 train_imit=0.18010625 mean_w=0.0718 active=0.8951 s_dense=0.00 s_pos=0.0000 s_sel=0.0000 s_sel_pos=0.0000 s_hot_err=0.000000 s_bg_err=0.000000 s_gap=0.000000 conf_cos=0.0000 conf_proj=0.00 val_mse=0.41784874 val_mae=0.45696083 | p_pos=0.0000 p_dense=0.00 p_sel=0.0000 p_sel_pos=0.0000 p_hot_err=0.000000 p_bg_err=0.000000 p_gap=0.000000 peer_val_mse=0.27279273 peer_val_mae=0.34100802
[etth1_long_campaign_v1/all_methods_long120] [time_series][epoch 037] lambda=0.0004 g_scale=0.000 train_total=0.08914945 train_sup=0.08907924 train_imit=0.17887311 mean_w=0.0722 active=0.8973 s_dense=0.00 s_pos=0.0000 s_sel=0.0000 s_sel_pos=0.0000 s_hot_err=0.000000 s_bg_err=0.000000 s_gap=0.000000 conf_cos=0.0000 conf_proj=0.00 val_mse=0.40023300 val_mae=0.44506229 | p_pos=0.0000 p_dense=0.00 p_sel=0.0000 p_sel_pos=0.0000 p_hot_err=0.000000 p_bg_err=0.000000 p_gap=0.000000 peer_val_mse=0.27162538 peer_val_mae=0.34020316
[etth1_long_campaign_v1/all_methods_long120] [time_series][epoch 038] lambda=0.0004 g_scale=0.000 train_total=0.08825344 train_sup=0.08818738 train_imit=0.17854460 mean_w=0.0724 active=0.9015 s_dense=0.00 s_pos=0.0000 s_sel=0.0000 s_sel_pos=0.0000 s_hot_err=0.000000 s_bg_err=0.000000 s_gap=0.000000 conf_cos=0.0000 conf_proj=0.00 val_mse=0.40179653 val_mae=0.44276546 | p_pos=0.0000 p_dense=0.00 p_sel=0.0000 p_sel_pos=0.0000 p_hot_err=0.000000 p_bg_err=0.000000 p_gap=0.000000 peer_val_mse=0.27397167 peer_val_mae=0.34486307
[etth1_long_campaign_v1/all_methods_long120] [time_series][epoch 039] lambda=0.0003 g_scale=0.000 train_total=0.08783626 train_sup=0.08777350 train_imit=0.18058125 mean_w=0.0726 active=0.8986 s_dense=0.00 s_pos=0.0000 s_sel=0.0000 s_sel_pos=0.0000 s_hot_err=0.000000 s_bg_err=0.000000 s_gap=0.000000 conf_cos=0.0000 conf_proj=0.00 val_mse=0.41015847 val_mae=0.44781996 | p_pos=0.0000 p_dense=0.00 p_sel=0.0000 p_sel_pos=0.0000 p_hot_err=0.000000 p_bg_err=0.000000 p_gap=0.000000 peer_val_mse=0.27620757 peer_val_mae=0.34660419
[etth1_long_campaign_v1/all_methods_long120] [time_series][epoch 040] lambda=0.0003 g_scale=0.000 train_total=0.08686558 train_sup=0.08680704 train_imit=0.18010317 mean_w=0.0730 active=0.9029 s_dense=0.00 s_pos=0.0000 s_sel=0.0000 s_sel_pos=0.0000 s_hot_err=0.000000 s_bg_err=0.000000 s_gap=0.000000 conf_cos=0.0000 conf_proj=0.00 val_mse=0.40412344 val_mae=0.44304348 | p_pos=0.0000 p_dense=0.00 p_sel=0.0000 p_sel_pos=0.0000 p_hot_err=0.000000 p_bg_err=0.000000 p_gap=0.000000 peer_val_mse=0.27377274 peer_val_mae=0.34168414
[etth1_long_campaign_v1/all_methods_long120] [time_series][epoch 040] updated live plot
[etth1_long_campaign_v1/all_methods_long120] [time_series][epoch 041] lambda=0.0003 g_scale=0.000 train_total=0.08628992 train_sup=0.08623502 train_imit=0.18148925 mean_w=0.0732 active=0.9040 s_dense=0.00 s_pos=0.0000 s_sel=0.0000 s_sel_pos=0.0000 s_hot_err=0.000000 s_bg_err=0.000000 s_gap=0.000000 conf_cos=0.0000 conf_proj=0.00 val_mse=0.41588945 val_mae=0.45101649 | p_pos=0.0000 p_dense=0.00 p_sel=0.0000 p_sel_pos=0.0000 p_hot_err=0.000000 p_bg_err=0.000000 p_gap=0.000000 peer_val_mse=0.27468508 peer_val_mae=0.34521490
[etth1_long_campaign_v1/all_methods_long120] [time_series][epoch 042] lambda=0.0003 g_scale=0.000 train_total=0.08620653 train_sup=0.08615627 train_imit=0.17952028 mean_w=0.0734 active=0.9026 s_dense=0.00 s_pos=0.0000 s_sel=0.0000 s_sel_pos=0.0000 s_hot_err=0.000000 s_bg_err=0.000000 s_gap=0.000000 conf_cos=0.0000 conf_proj=0.00 val_mse=0.41498990 val_mae=0.44985552 | p_pos=0.0000 p_dense=0.00 p_sel=0.0000 p_sel_pos=0.0000 p_hot_err=0.000000 p_bg_err=0.000000 p_gap=0.000000 peer_val_mse=0.27184046 peer_val_mae=0.34204048
[etth1_long_campaign_v1/all_methods_long120] [time_series][epoch 043] lambda=0.0003 g_scale=0.000 train_total=0.08439046 train_sup=0.08434436 train_imit=0.17900398 mean_w=0.0742 active=0.9110 s_dense=0.00 s_pos=0.0000 s_sel=0.0000 s_sel_pos=0.0000 s_hot_err=0.000000 s_bg_err=0.000000 s_gap=0.000000 conf_cos=0.0000 conf_proj=0.00 val_mse=0.41307929 val_mae=0.44948370 | p_pos=0.0000 p_dense=0.00 p_sel=0.0000 p_sel_pos=0.0000 p_hot_err=0.000000 p_bg_err=0.000000 p_gap=0.000000 peer_val_mse=0.27662157 peer_val_mae=0.34669206
[etth1_long_campaign_v1/all_methods_long120] [time_series][epoch 044] lambda=0.0002 g_scale=0.000 train_total=0.08493297 train_sup=0.08489077 train_imit=0.17957167 mean_w=0.0740 active=0.9092 s_dense=0.00 s_pos=0.0000 s_sel=0.0000 s_sel_pos=0.0000 s_hot_err=0.000000 s_bg_err=0.000000 s_gap=0.000000 conf_cos=0.0000 conf_proj=0.00 val_mse=0.41368118 val_mae=0.45082638 | p_pos=0.0000 p_dense=0.00 p_sel=0.0000 p_sel_pos=0.0000 p_hot_err=0.000000 p_bg_err=0.000000 p_gap=0.000000 peer_val_mse=0.27501087 peer_val_mae=0.34478354
[etth1_long_campaign_v1/all_methods_long120] [time_series][epoch 045] lambda=0.0002 g_scale=0.000 train_total=0.08464055 train_sup=0.08460204 train_imit=0.18121929 mean_w=0.0739 active=0.9090 s_dense=0.00 s_pos=0.0000 s_sel=0.0000 s_sel_pos=0.0000 s_hot_err=0.000000 s_bg_err=0.000000 s_gap=0.000000 conf_cos=0.0000 conf_proj=0.00 val_mse=0.42029313 val_mae=0.45472644 | p_pos=0.0000 p_dense=0.00 p_sel=0.0000 p_sel_pos=0.0000 p_hot_err=0.000000 p_bg_err=0.000000 p_gap=0.000000 peer_val_mse=0.27495369 peer_val_mae=0.34241903
[etth1_long_campaign_v1/all_methods_long120] [time_series][epoch 046] lambda=0.0002 g_scale=0.000 train_total=0.08385196 train_sup=0.08381810 train_imit=0.17822533 mean_w=0.0746 active=0.9140 s_dense=0.00 s_pos=0.0000 s_sel=0.0000 s_sel_pos=0.0000 s_hot_err=0.000000 s_bg_err=0.000000 s_gap=0.000000 conf_cos=0.0000 conf_proj=0.00 val_mse=0.41251105 val_mae=0.44560882 | p_pos=0.0000 p_dense=0.00 p_sel=0.0000 p_sel_pos=0.0000 p_hot_err=0.000000 p_bg_err=0.000000 p_gap=0.000000 peer_val_mse=0.27355590 peer_val_mae=0.34354146
[etth1_long_campaign_v1/all_methods_long120] [time_series][epoch 047] lambda=0.0002 g_scale=0.000 train_total=0.08302671 train_sup=0.08299638 train_imit=0.18108692 mean_w=0.0747 active=0.9151 s_dense=0.00 s_pos=0.0000 s_sel=0.0000 s_sel_pos=0.0000 s_hot_err=0.000000 s_bg_err=0.000000 s_gap=0.000000 conf_cos=0.0000 conf_proj=0.00 val_mse=0.42147241 val_mae=0.45828072 | p_pos=0.0000 p_dense=0.00 p_sel=0.0000 p_sel_pos=0.0000 p_hot_err=0.000000 p_bg_err=0.000000 p_gap=0.000000 peer_val_mse=0.27504414 peer_val_mae=0.34533349
[etth1_long_campaign_v1/all_methods_long120] [time_series][epoch 048] lambda=0.0001 g_scale=0.000 train_total=0.08283284 train_sup=0.08280668 train_imit=0.18041703 mean_w=0.0746 active=0.9160 s_dense=0.00 s_pos=0.0000 s_sel=0.0000 s_sel_pos=0.0000 s_hot_err=0.000000 s_bg_err=0.000000 s_gap=0.000000 conf_cos=0.0000 conf_proj=0.00 val_mse=0.40129614 val_mae=0.44289458 | p_pos=0.0000 p_dense=0.00 p_sel=0.0000 p_sel_pos=0.0000 p_hot_err=0.000000 p_bg_err=0.000000 p_gap=0.000000 peer_val_mse=0.27513690 peer_val_mae=0.34605711
[etth1_long_campaign_v1/all_methods_long120] [time_series][epoch 049] lambda=0.0001 g_scale=0.000 train_total=0.08279412 train_sup=0.08277197 train_imit=0.18078089 mean_w=0.0749 active=0.9194 s_dense=0.00 s_pos=0.0000 s_sel=0.0000 s_sel_pos=0.0000 s_hot_err=0.000000 s_bg_err=0.000000 s_gap=0.000000 conf_cos=0.0000 conf_proj=0.00 val_mse=0.40749184 val_mae=0.44327649 | p_pos=0.0000 p_dense=0.00 p_sel=0.0000 p_sel_pos=0.0000 p_hot_err=0.000000 p_bg_err=0.000000 p_gap=0.000000 peer_val_mse=0.27411010 peer_val_mae=0.34252155
[etth1_long_campaign_v1/all_methods_long120] [time_series][epoch 050] lambda=0.0001 g_scale=0.000 train_total=0.08274078 train_sup=0.08272283 train_imit=0.17947895 mean_w=0.0748 active=0.9154 s_dense=0.00 s_pos=0.0000 s_sel=0.0000 s_sel_pos=0.0000 s_hot_err=0.000000 s_bg_err=0.000000 s_gap=0.000000 conf_cos=0.0000 conf_proj=0.00 val_mse=0.41256850 val_mae=0.44743108 | p_pos=0.0000 p_dense=0.00 p_sel=0.0000 p_sel_pos=0.0000 p_hot_err=0.000000 p_bg_err=0.000000 p_gap=0.000000 peer_val_mse=0.27570551 peer_val_mae=0.34654408
[etth1_long_campaign_v1/all_methods_long120] [time_series][epoch 050] updated live plot
[etth1_long_campaign_v1/all_methods_long120] [time_series][epoch 051] lambda=0.0001 g_scale=0.000 train_total=0.08170860 train_sup=0.08169047 train_imit=0.18128308 mean_w=0.0752 active=0.9205 s_dense=0.00 s_pos=0.0000 s_sel=0.0000 s_sel_pos=0.0000 s_hot_err=0.000000 s_bg_err=0.000000 s_gap=0.000000 conf_cos=0.0000 conf_proj=0.00 val_mse=0.39347626 val_mae=0.43774572 | p_pos=0.0000 p_dense=0.00 p_sel=0.0000 p_sel_pos=0.0000 p_hot_err=0.000000 p_bg_err=0.000000 p_gap=0.000000 peer_val_mse=0.27814333 peer_val_mae=0.35054377
[etth1_long_campaign_v1/all_methods_long120] [time_series][epoch 052] lambda=0.0001 g_scale=0.000 train_total=0.08085586 train_sup=0.08083782 train_imit=0.18038394 mean_w=0.0756 active=0.9246 s_dense=0.00 s_pos=0.0000 s_sel=0.0000 s_sel_pos=0.0000 s_hot_err=0.000000 s_bg_err=0.000000 s_gap=0.000000 conf_cos=0.0000 conf_proj=0.00 val_mse=0.41577157 val_mae=0.45258462 | p_pos=0.0000 p_dense=0.00 p_sel=0.0000 p_sel_pos=0.0000 p_hot_err=0.000000 p_bg_err=0.000000 p_gap=0.000000 peer_val_mse=0.27350653 peer_val_mae=0.34163706
[etth1_long_campaign_v1/all_methods_long120] [time_series][epoch 053] lambda=0.0001 g_scale=0.000 train_total=0.08079946 train_sup=0.08078137 train_imit=0.18091663 mean_w=0.0756 active=0.9234 s_dense=0.00 s_pos=0.0000 s_sel=0.0000 s_sel_pos=0.0000 s_hot_err=0.000000 s_bg_err=0.000000 s_gap=0.000000 conf_cos=0.0000 conf_proj=0.00 val_mse=0.40894578 val_mae=0.44751409 | p_pos=0.0000 p_dense=0.00 p_sel=0.0000 p_sel_pos=0.0000 p_hot_err=0.000000 p_bg_err=0.000000 p_gap=0.000000 peer_val_mse=0.27354537 peer_val_mae=0.34261711
[etth1_long_campaign_v1/all_methods_long120] [time_series][epoch 054] lambda=0.0001 g_scale=0.000 train_total=0.08040049 train_sup=0.08038241 train_imit=0.18082404 mean_w=0.0758 active=0.9244 s_dense=0.00 s_pos=0.0000 s_sel=0.0000 s_sel_pos=0.0000 s_hot_err=0.000000 s_bg_err=0.000000 s_gap=0.000000 conf_cos=0.0000 conf_proj=0.00 val_mse=0.41309001 val_mae=0.45606819 | p_pos=0.0000 p_dense=0.00 p_sel=0.0000 p_sel_pos=0.0000 p_hot_err=0.000000 p_bg_err=0.000000 p_gap=0.000000 peer_val_mse=0.27765428 peer_val_mae=0.35074711
[etth1_long_campaign_v1/all_methods_long120] [time_series][epoch 055] lambda=0.0001 g_scale=0.000 train_total=0.08015600 train_sup=0.08013809 train_imit=0.17905275 mean_w=0.0759 active=0.9250 s_dense=0.00 s_pos=0.0000 s_sel=0.0000 s_sel_pos=0.0000 s_hot_err=0.000000 s_bg_err=0.000000 s_gap=0.000000 conf_cos=0.0000 conf_proj=0.00 val_mse=0.39459822 val_mae=0.44251745 | p_pos=0.0000 p_dense=0.00 p_sel=0.0000 p_sel_pos=0.0000 p_hot_err=0.000000 p_bg_err=0.000000 p_gap=0.000000 peer_val_mse=0.27345142 peer_val_mae=0.34332813
[etth1_long_campaign_v1/all_methods_long120] [time_series][epoch 056] lambda=0.0001 g_scale=0.000 train_total=0.07927325 train_sup=0.07925512 train_imit=0.18133791 mean_w=0.0763 active=0.9265 s_dense=0.00 s_pos=0.0000 s_sel=0.0000 s_sel_pos=0.0000 s_hot_err=0.000000 s_bg_err=0.000000 s_gap=0.000000 conf_cos=0.0000 conf_proj=0.00 val_mse=0.42416922 val_mae=0.45870175 | p_pos=0.0000 p_dense=0.00 p_sel=0.0000 p_sel_pos=0.0000 p_hot_err=0.000000 p_bg_err=0.000000 p_gap=0.000000 peer_val_mse=0.27381272 peer_val_mae=0.34322282
[etth1_long_campaign_v1/all_methods_long120] [time_series][epoch 057] lambda=0.0001 g_scale=0.000 train_total=0.07886781 train_sup=0.07884970 train_imit=0.18110998 mean_w=0.0766 active=0.9292 s_dense=0.00 s_pos=0.0000 s_sel=0.0000 s_sel_pos=0.0000 s_hot_err=0.000000 s_bg_err=0.000000 s_gap=0.000000 conf_cos=0.0000 conf_proj=0.00 val_mse=0.43627937 val_mae=0.47087711 | p_pos=0.0000 p_dense=0.00 p_sel=0.0000 p_sel_pos=0.0000 p_hot_err=0.000000 p_bg_err=0.000000 p_gap=0.000000 peer_val_mse=0.27376982 peer_val_mae=0.34243622
[etth1_long_campaign_v1/all_methods_long120] [time_series][epoch 058] lambda=0.0001 g_scale=0.000 train_total=0.07839017 train_sup=0.07837209 train_imit=0.18071057 mean_w=0.0766 active=0.9266 s_dense=0.00 s_pos=0.0000 s_sel=0.0000 s_sel_pos=0.0000 s_hot_err=0.000000 s_bg_err=0.000000 s_gap=0.000000 conf_cos=0.0000 conf_proj=0.00 val_mse=0.41681785 val_mae=0.45569653 | p_pos=0.0000 p_dense=0.00 p_sel=0.0000 p_sel_pos=0.0000 p_hot_err=0.000000 p_bg_err=0.000000 p_gap=0.000000 peer_val_mse=0.27301480 peer_val_mae=0.34184857
[etth1_long_campaign_v1/all_methods_long120] [time_series][epoch 059] lambda=0.0001 g_scale=0.000 train_total=0.07850454 train_sup=0.07848654 train_imit=0.18004647 mean_w=0.0765 active=0.9304 s_dense=0.00 s_pos=0.0000 s_sel=0.0000 s_sel_pos=0.0000 s_hot_err=0.000000 s_bg_err=0.000000 s_gap=0.000000 conf_cos=0.0000 conf_proj=0.00 val_mse=0.40648160 val_mae=0.44754414 | p_pos=0.0000 p_dense=0.00 p_sel=0.0000 p_sel_pos=0.0000 p_hot_err=0.000000 p_bg_err=0.000000 p_gap=0.000000 peer_val_mse=0.27485967 peer_val_mae=0.34295743
[etth1_long_campaign_v1/all_methods_long120] [time_series][epoch 060] lambda=0.0001 g_scale=0.000 train_total=0.07817489 train_sup=0.07815667 train_imit=0.18223768 mean_w=0.0769 active=0.9306 s_dense=0.00 s_pos=0.0000 s_sel=0.0000 s_sel_pos=0.0000 s_hot_err=0.000000 s_bg_err=0.000000 s_gap=0.000000 conf_cos=0.0000 conf_proj=0.00 val_mse=0.40278195 val_mae=0.44290453 | p_pos=0.0000 p_dense=0.00 p_sel=0.0000 p_sel_pos=0.0000 p_hot_err=0.000000 p_bg_err=0.000000 p_gap=0.000000 peer_val_mse=0.27417052 peer_val_mae=0.34184507
[etth1_long_campaign_v1/all_methods_long120] [time_series][epoch 060] updated live plot
[etth1_long_campaign_v1/all_methods_long120] [time_series][epoch 061] lambda=0.0001 g_scale=0.000 train_total=0.07761724 train_sup=0.07759924 train_imit=0.17994332 mean_w=0.0770 active=0.9313 s_dense=0.00 s_pos=0.0000 s_sel=0.0000 s_sel_pos=0.0000 s_hot_err=0.000000 s_bg_err=0.000000 s_gap=0.000000 conf_cos=0.0000 conf_proj=0.00 val_mse=0.40504927 val_mae=0.44263467 | p_pos=0.0000 p_dense=0.00 p_sel=0.0000 p_sel_pos=0.0000 p_hot_err=0.000000 p_bg_err=0.000000 p_gap=0.000000 peer_val_mse=0.27440902 peer_val_mae=0.34306948
[etth1_long_campaign_v1/all_methods_long120] [time_series][epoch 062] lambda=0.0001 g_scale=0.000 train_total=0.07778622 train_sup=0.07776811 train_imit=0.18112878 mean_w=0.0769 active=0.9313 s_dense=0.00 s_pos=0.0000 s_sel=0.0000 s_sel_pos=0.0000 s_hot_err=0.000000 s_bg_err=0.000000 s_gap=0.000000 conf_cos=0.0000 conf_proj=0.00 val_mse=0.44302944 val_mae=0.47340609 | p_pos=0.0000 p_dense=0.00 p_sel=0.0000 p_sel_pos=0.0000 p_hot_err=0.000000 p_bg_err=0.000000 p_gap=0.000000 peer_val_mse=0.27506725 peer_val_mae=0.34384813
[etth1_long_campaign_v1/all_methods_long120] [time_series][epoch 063] lambda=0.0001 g_scale=0.000 train_total=0.07743009 train_sup=0.07741191 train_imit=0.18178625 mean_w=0.0770 active=0.9306 s_dense=0.00 s_pos=0.0000 s_sel=0.0000 s_sel_pos=0.0000 s_hot_err=0.000000 s_bg_err=0.000000 s_gap=0.000000 conf_cos=0.0000 conf_proj=0.00 val_mse=0.37754675 val_mae=0.42944932 | p_pos=0.0000 p_dense=0.00 p_sel=0.0000 p_sel_pos=0.0000 p_hot_err=0.000000 p_bg_err=0.000000 p_gap=0.000000 peer_val_mse=0.27415698 peer_val_mae=0.34336424
[etth1_long_campaign_v1/all_methods_long120] [time_series][epoch 064] lambda=0.0001 g_scale=0.000 train_total=0.07673368 train_sup=0.07671560 train_imit=0.18077385 mean_w=0.0775 active=0.9348 s_dense=0.00 s_pos=0.0000 s_sel=0.0000 s_sel_pos=0.0000 s_hot_err=0.000000 s_bg_err=0.000000 s_gap=0.000000 conf_cos=0.0000 conf_proj=0.00 val_mse=0.41285379 val_mae=0.45163278 | p_pos=0.0000 p_dense=0.00 p_sel=0.0000 p_sel_pos=0.0000 p_hot_err=0.000000 p_bg_err=0.000000 p_gap=0.000000 peer_val_mse=0.27456955 peer_val_mae=0.34303515
[etth1_long_campaign_v1/all_methods_long120] [time_series][epoch 065] lambda=0.0001 g_scale=0.000 train_total=0.07626022 train_sup=0.07624202 train_imit=0.18202000 mean_w=0.0778 active=0.9363 s_dense=0.00 s_pos=0.0000 s_sel=0.0000 s_sel_pos=0.0000 s_hot_err=0.000000 s_bg_err=0.000000 s_gap=0.000000 conf_cos=0.0000 conf_proj=0.00 val_mse=0.41796121 val_mae=0.45357434 | p_pos=0.0000 p_dense=0.00 p_sel=0.0000 p_sel_pos=0.0000 p_hot_err=0.000000 p_bg_err=0.000000 p_gap=0.000000 peer_val_mse=0.27337248 peer_val_mae=0.34231996
[etth1_long_campaign_v1/all_methods_long120] [time_series][epoch 066] lambda=0.0001 g_scale=0.000 train_total=0.07635633 train_sup=0.07633824 train_imit=0.18095890 mean_w=0.0776 active=0.9376 s_dense=0.00 s_pos=0.0000 s_sel=0.0000 s_sel_pos=0.0000 s_hot_err=0.000000 s_bg_err=0.000000 s_gap=0.000000 conf_cos=0.0000 conf_proj=0.00 val_mse=0.40791334 val_mae=0.44799984 | p_pos=0.0000 p_dense=0.00 p_sel=0.0000 p_sel_pos=0.0000 p_hot_err=0.000000 p_bg_err=0.000000 p_gap=0.000000 peer_val_mse=0.27438204 peer_val_mae=0.34459295
[etth1_long_campaign_v1/all_methods_long120] [time_series][epoch 067] lambda=0.0001 g_scale=0.000 train_total=0.07599804 train_sup=0.07597989 train_imit=0.18145015 mean_w=0.0777 active=0.9361 s_dense=0.00 s_pos=0.0000 s_sel=0.0000 s_sel_pos=0.0000 s_hot_err=0.000000 s_bg_err=0.000000 s_gap=0.000000 conf_cos=0.0000 conf_proj=0.00 val_mse=0.43595508 val_mae=0.47144742 | p_pos=0.0000 p_dense=0.00 p_sel=0.0000 p_sel_pos=0.0000 p_hot_err=0.000000 p_bg_err=0.000000 p_gap=0.000000 peer_val_mse=0.27278522 peer_val_mae=0.34122802
[etth1_long_campaign_v1/all_methods_long120] [time_series][epoch 068] lambda=0.0001 g_scale=0.000 train_total=0.07520034 train_sup=0.07518230 train_imit=0.18038000 mean_w=0.0782 active=0.9376 s_dense=0.00 s_pos=0.0000 s_sel=0.0000 s_sel_pos=0.0000 s_hot_err=0.000000 s_bg_err=0.000000 s_gap=0.000000 conf_cos=0.0000 conf_proj=0.00 val_mse=0.40187773 val_mae=0.44509871 | p_pos=0.0000 p_dense=0.00 p_sel=0.0000 p_sel_pos=0.0000 p_hot_err=0.000000 p_bg_err=0.000000 p_gap=0.000000 peer_val_mse=0.27309055 peer_val_mae=0.34175865
[etth1_long_campaign_v1/all_methods_long120] [time_series][epoch 069] lambda=0.0001 g_scale=0.000 train_total=0.07510551 train_sup=0.07508740 train_imit=0.18117892 mean_w=0.0781 active=0.9403 s_dense=0.00 s_pos=0.0000 s_sel=0.0000 s_sel_pos=0.0000 s_hot_err=0.000000 s_bg_err=0.000000 s_gap=0.000000 conf_cos=0.0000 conf_proj=0.00 val_mse=0.41157181 val_mae=0.44966035 | p_pos=0.0000 p_dense=0.00 p_sel=0.0000 p_sel_pos=0.0000 p_hot_err=0.000000 p_bg_err=0.000000 p_gap=0.000000 peer_val_mse=0.27623229 peer_val_mae=0.34763928
[etth1_long_campaign_v1/all_methods_long120] [time_series][epoch 070] lambda=0.0001 g_scale=0.000 train_total=0.07514689 train_sup=0.07512890 train_imit=0.17998008 mean_w=0.0782 active=0.9390 s_dense=0.00 s_pos=0.0000 s_sel=0.0000 s_sel_pos=0.0000 s_hot_err=0.000000 s_bg_err=0.000000 s_gap=0.000000 conf_cos=0.0000 conf_proj=0.00 val_mse=0.45363313 val_mae=0.47960360 | p_pos=0.0000 p_dense=0.00 p_sel=0.0000 p_sel_pos=0.0000 p_hot_err=0.000000 p_bg_err=0.000000 p_gap=0.000000 peer_val_mse=0.27542247 peer_val_mae=0.34468143
[etth1_long_campaign_v1/all_methods_long120] [time_series][epoch 070] updated live plot
[etth1_long_campaign_v1/all_methods_long120] [time_series][epoch 071] lambda=0.0001 g_scale=0.000 train_total=0.07457117 train_sup=0.07455309 train_imit=0.18084068 mean_w=0.0784 active=0.9400 s_dense=0.00 s_pos=0.0000 s_sel=0.0000 s_sel_pos=0.0000 s_hot_err=0.000000 s_bg_err=0.000000 s_gap=0.000000 conf_cos=0.0000 conf_proj=0.00 val_mse=0.41932431 val_mae=0.45564064 | p_pos=0.0000 p_dense=0.00 p_sel=0.0000 p_sel_pos=0.0000 p_hot_err=0.000000 p_bg_err=0.000000 p_gap=0.000000 peer_val_mse=0.27339574 peer_val_mae=0.34295408
[etth1_long_campaign_v1/all_methods_long120] [time_series][epoch 072] lambda=0.0001 g_scale=0.000 train_total=0.07493214 train_sup=0.07491408 train_imit=0.18062535 mean_w=0.0783 active=0.9381 s_dense=0.00 s_pos=0.0000 s_sel=0.0000 s_sel_pos=0.0000 s_hot_err=0.000000 s_bg_err=0.000000 s_gap=0.000000 conf_cos=0.0000 conf_proj=0.00 val_mse=0.40707741 val_mae=0.44659032 | p_pos=0.0000 p_dense=0.00 p_sel=0.0000 p_sel_pos=0.0000 p_hot_err=0.000000 p_bg_err=0.000000 p_gap=0.000000 peer_val_mse=0.27454268 peer_val_mae=0.34405736
[etth1_long_campaign_v1/all_methods_long120] [time_series][epoch 073] lambda=0.0001 g_scale=0.000 train_total=0.07391657 train_sup=0.07389859 train_imit=0.17977939 mean_w=0.0787 active=0.9423 s_dense=0.00 s_pos=0.0000 s_sel=0.0000 s_sel_pos=0.0000 s_hot_err=0.000000 s_bg_err=0.000000 s_gap=0.000000 conf_cos=0.0000 conf_proj=0.00 val_mse=0.41772637 val_mae=0.45881002 | p_pos=0.0000 p_dense=0.00 p_sel=0.0000 p_sel_pos=0.0000 p_hot_err=0.000000 p_bg_err=0.000000 p_gap=0.000000 peer_val_mse=0.27320222 peer_val_mae=0.34176476
[etth1_long_campaign_v1/all_methods_long120] [time_series][epoch 074] lambda=0.0001 g_scale=0.000 train_total=0.07473420 train_sup=0.07471614 train_imit=0.18051953 mean_w=0.0784 active=0.9424 s_dense=0.00 s_pos=0.0000 s_sel=0.0000 s_sel_pos=0.0000 s_hot_err=0.000000 s_bg_err=0.000000 s_gap=0.000000 conf_cos=0.0000 conf_proj=0.00 val_mse=0.42159224 val_mae=0.45236064 | p_pos=0.0000 p_dense=0.00 p_sel=0.0000 p_sel_pos=0.0000 p_hot_err=0.000000 p_bg_err=0.000000 p_gap=0.000000 peer_val_mse=0.27519814 peer_val_mae=0.34384771
[etth1_long_campaign_v1/all_methods_long120] [time_series][epoch 075] lambda=0.0001 g_scale=0.000 train_total=0.07391237 train_sup=0.07389427 train_imit=0.18102401 mean_w=0.0787 active=0.9422 s_dense=0.00 s_pos=0.0000 s_sel=0.0000 s_sel_pos=0.0000 s_hot_err=0.000000 s_bg_err=0.000000 s_gap=0.000000 conf_cos=0.0000 conf_proj=0.00 val_mse=0.40896482 val_mae=0.44961999 | p_pos=0.0000 p_dense=0.00 p_sel=0.0000 p_sel_pos=0.0000 p_hot_err=0.000000 p_bg_err=0.000000 p_gap=0.000000 peer_val_mse=0.27773205 peer_val_mae=0.34982599
[etth1_long_campaign_v1/all_methods_long120] [time_series][epoch 076] lambda=0.0001 g_scale=0.000 train_total=0.07321921 train_sup=0.07320110 train_imit=0.18108133 mean_w=0.0791 active=0.9450 s_dense=0.00 s_pos=0.0000 s_sel=0.0000 s_sel_pos=0.0000 s_hot_err=0.000000 s_bg_err=0.000000 s_gap=0.000000 conf_cos=0.0000 conf_proj=0.00 val_mse=0.41453430 val_mae=0.45345796 | p_pos=0.0000 p_dense=0.00 p_sel=0.0000 p_sel_pos=0.0000 p_hot_err=0.000000 p_bg_err=0.000000 p_gap=0.000000 peer_val_mse=0.27352385 peer_val_mae=0.34249497
[etth1_long_campaign_v1/all_methods_long120] [time_series][epoch 077] lambda=0.0001 g_scale=0.000 train_total=0.07298057 train_sup=0.07296251 train_imit=0.18057998 mean_w=0.0791 active=0.9449 s_dense=0.00 s_pos=0.0000 s_sel=0.0000 s_sel_pos=0.0000 s_hot_err=0.000000 s_bg_err=0.000000 s_gap=0.000000 conf_cos=0.0000 conf_proj=0.00 val_mse=0.42754709 val_mae=0.46296995 | p_pos=0.0000 p_dense=0.00 p_sel=0.0000 p_sel_pos=0.0000 p_hot_err=0.000000 p_bg_err=0.000000 p_gap=0.000000 peer_val_mse=0.27527674 peer_val_mae=0.34321332
[etth1_long_campaign_v1/all_methods_long120] [time_series][epoch 078] lambda=0.0001 g_scale=0.000 train_total=0.07296949 train_sup=0.07295137 train_imit=0.18118584 mean_w=0.0791 active=0.9454 s_dense=0.00 s_pos=0.0000 s_sel=0.0000 s_sel_pos=0.0000 s_hot_err=0.000000 s_bg_err=0.000000 s_gap=0.000000 conf_cos=0.0000 conf_proj=0.00 val_mse=0.42602141 val_mae=0.46285319 | p_pos=0.0000 p_dense=0.00 p_sel=0.0000 p_sel_pos=0.0000 p_hot_err=0.000000 p_bg_err=0.000000 p_gap=0.000000 peer_val_mse=0.27670897 peer_val_mae=0.34681738
[etth1_long_campaign_v1/all_methods_long120] [time_series][epoch 079] lambda=0.0001 g_scale=0.000 train_total=0.07242674 train_sup=0.07240865 train_imit=0.18089276 mean_w=0.0794 active=0.9473 s_dense=0.00 s_pos=0.0000 s_sel=0.0000 s_sel_pos=0.0000 s_hot_err=0.000000 s_bg_err=0.000000 s_gap=0.000000 conf_cos=0.0000 conf_proj=0.00 val_mse=0.44675638 val_mae=0.47641263 | p_pos=0.0000 p_dense=0.00 p_sel=0.0000 p_sel_pos=0.0000 p_hot_err=0.000000 p_bg_err=0.000000 p_gap=0.000000 peer_val_mse=0.27416381 peer_val_mae=0.34419278
[etth1_long_campaign_v1/all_methods_long120] [time_series][epoch 080] lambda=0.0001 g_scale=0.000 train_total=0.07245231 train_sup=0.07243414 train_imit=0.18165610 mean_w=0.0793 active=0.9480 s_dense=0.00 s_pos=0.0000 s_sel=0.0000 s_sel_pos=0.0000 s_hot_err=0.000000 s_bg_err=0.000000 s_gap=0.000000 conf_cos=0.0000 conf_proj=0.00 val_mse=0.44087739 val_mae=0.47329859 | p_pos=0.0000 p_dense=0.00 p_sel=0.0000 p_sel_pos=0.0000 p_hot_err=0.000000 p_bg_err=0.000000 p_gap=0.000000 peer_val_mse=0.27544904 peer_val_mae=0.34618855
[etth1_long_campaign_v1/all_methods_long120] [time_series][epoch 080] updated live plot
[etth1_long_campaign_v1/all_methods_long120] [time_series][epoch 081] lambda=0.0001 g_scale=0.000 train_total=0.07209321 train_sup=0.07207517 train_imit=0.18041105 mean_w=0.0796 active=0.9463 s_dense=0.00 s_pos=0.0000 s_sel=0.0000 s_sel_pos=0.0000 s_hot_err=0.000000 s_bg_err=0.000000 s_gap=0.000000 conf_cos=0.0000 conf_proj=0.00 val_mse=0.41636512 val_mae=0.45553356 | p_pos=0.0000 p_dense=0.00 p_sel=0.0000 p_sel_pos=0.0000 p_hot_err=0.000000 p_bg_err=0.000000 p_gap=0.000000 peer_val_mse=0.27379015 peer_val_mae=0.34125179
[etth1_long_campaign_v1/all_methods_long120] [time_series][epoch 082] lambda=0.0001 g_scale=0.000 train_total=0.07226029 train_sup=0.07224223 train_imit=0.18059966 mean_w=0.0796 active=0.9482 s_dense=0.00 s_pos=0.0000 s_sel=0.0000 s_sel_pos=0.0000 s_hot_err=0.000000 s_bg_err=0.000000 s_gap=0.000000 conf_cos=0.0000 conf_proj=0.00 val_mse=0.40166931 val_mae=0.44570986 | p_pos=0.0000 p_dense=0.00 p_sel=0.0000 p_sel_pos=0.0000 p_hot_err=0.000000 p_bg_err=0.000000 p_gap=0.000000 peer_val_mse=0.27421886 peer_val_mae=0.34174089
[etth1_long_campaign_v1/all_methods_long120] [time_series][epoch 083] lambda=0.0001 g_scale=0.000 train_total=0.07255311 train_sup=0.07253505 train_imit=0.18058277 mean_w=0.0793 active=0.9485 s_dense=0.00 s_pos=0.0000 s_sel=0.0000 s_sel_pos=0.0000 s_hot_err=0.000000 s_bg_err=0.000000 s_gap=0.000000 conf_cos=0.0000 conf_proj=0.00 val_mse=0.38331935 val_mae=0.43146546 | p_pos=0.0000 p_dense=0.00 p_sel=0.0000 p_sel_pos=0.0000 p_hot_err=0.000000 p_bg_err=0.000000 p_gap=0.000000 peer_val_mse=0.27395551 peer_val_mae=0.34188375
[etth1_long_campaign_v1/all_methods_long120] [time_series][epoch 084] lambda=0.0001 g_scale=0.000 train_total=0.07139820 train_sup=0.07138013 train_imit=0.18073786 mean_w=0.0798 active=0.9487 s_dense=0.00 s_pos=0.0000 s_sel=0.0000 s_sel_pos=0.0000 s_hot_err=0.000000 s_bg_err=0.000000 s_gap=0.000000 conf_cos=0.0000 conf_proj=0.00 val_mse=0.43760641 val_mae=0.46769663 | p_pos=0.0000 p_dense=0.00 p_sel=0.0000 p_sel_pos=0.0000 p_hot_err=0.000000 p_bg_err=0.000000 p_gap=0.000000 peer_val_mse=0.27491511 peer_val_mae=0.34299494
[etth1_long_campaign_v1/all_methods_long120] [time_series][epoch 085] lambda=0.0001 g_scale=0.000 train_total=0.07123405 train_sup=0.07121608 train_imit=0.17971710 mean_w=0.0799 active=0.9495 s_dense=0.00 s_pos=0.0000 s_sel=0.0000 s_sel_pos=0.0000 s_hot_err=0.000000 s_bg_err=0.000000 s_gap=0.000000 conf_cos=0.0000 conf_proj=0.00 val_mse=0.40095380 val_mae=0.44562945 | p_pos=0.0000 p_dense=0.00 p_sel=0.0000 p_sel_pos=0.0000 p_hot_err=0.000000 p_bg_err=0.000000 p_gap=0.000000 peer_val_mse=0.27325240 peer_val_mae=0.34237204
[etth1_long_campaign_v1/all_methods_long120] [time_series][epoch 086] lambda=0.0001 g_scale=0.000 train_total=0.07127706 train_sup=0.07125888 train_imit=0.18182305 mean_w=0.0799 active=0.9507 s_dense=0.00 s_pos=0.0000 s_sel=0.0000 s_sel_pos=0.0000 s_hot_err=0.000000 s_bg_err=0.000000 s_gap=0.000000 conf_cos=0.0000 conf_proj=0.00 val_mse=0.41501065 val_mae=0.45218099 | p_pos=0.0000 p_dense=0.00 p_sel=0.0000 p_sel_pos=0.0000 p_hot_err=0.000000 p_bg_err=0.000000 p_gap=0.000000 peer_val_mse=0.27320451 peer_val_mae=0.34066493
[etth1_long_campaign_v1/all_methods_long120] [time_series][epoch 087] lambda=0.0001 g_scale=0.000 train_total=0.07141683 train_sup=0.07139880 train_imit=0.18032609 mean_w=0.0800 active=0.9496 s_dense=0.00 s_pos=0.0000 s_sel=0.0000 s_sel_pos=0.0000 s_hot_err=0.000000 s_bg_err=0.000000 s_gap=0.000000 conf_cos=0.0000 conf_proj=0.00 val_mse=0.43156113 val_mae=0.46593137 | p_pos=0.0000 p_dense=0.00 p_sel=0.0000 p_sel_pos=0.0000 p_hot_err=0.000000 p_bg_err=0.000000 p_gap=0.000000 peer_val_mse=0.27549313 peer_val_mae=0.34663096
[etth1_long_campaign_v1/all_methods_long120] [time_series][epoch 088] lambda=0.0001 g_scale=0.000 train_total=0.07075373 train_sup=0.07073570 train_imit=0.18030580 mean_w=0.0803 active=0.9526 s_dense=0.00 s_pos=0.0000 s_sel=0.0000 s_sel_pos=0.0000 s_hot_err=0.000000 s_bg_err=0.000000 s_gap=0.000000 conf_cos=0.0000 conf_proj=0.00 val_mse=0.42342223 val_mae=0.46563285 | p_pos=0.0000 p_dense=0.00 p_sel=0.0000 p_sel_pos=0.0000 p_hot_err=0.000000 p_bg_err=0.000000 p_gap=0.000000 peer_val_mse=0.27658416 peer_val_mae=0.34464110
[etth1_long_campaign_v1/all_methods_long120] [time_series][epoch 089] lambda=0.0001 g_scale=0.000 train_total=0.07068250 train_sup=0.07066445 train_imit=0.18050321 mean_w=0.0802 active=0.9516 s_dense=0.00 s_pos=0.0000 s_sel=0.0000 s_sel_pos=0.0000 s_hot_err=0.000000 s_bg_err=0.000000 s_gap=0.000000 conf_cos=0.0000 conf_proj=0.00 val_mse=0.41918073 val_mae=0.46036783 | p_pos=0.0000 p_dense=0.00 p_sel=0.0000 p_sel_pos=0.0000 p_hot_err=0.000000 p_bg_err=0.000000 p_gap=0.000000 peer_val_mse=0.27478563 peer_val_mae=0.34488656
[etth1_long_campaign_v1/all_methods_long120] [time_series][epoch 090] lambda=0.0001 g_scale=0.000 train_total=0.07036805 train_sup=0.07034986 train_imit=0.18189919 mean_w=0.0804 active=0.9526 s_dense=0.00 s_pos=0.0000 s_sel=0.0000 s_sel_pos=0.0000 s_hot_err=0.000000 s_bg_err=0.000000 s_gap=0.000000 conf_cos=0.0000 conf_proj=0.00 val_mse=0.41897760 val_mae=0.45596234 | p_pos=0.0000 p_dense=0.00 p_sel=0.0000 p_sel_pos=0.0000 p_hot_err=0.000000 p_bg_err=0.000000 p_gap=0.000000 peer_val_mse=0.27407552 peer_val_mae=0.34472019
[etth1_long_campaign_v1/all_methods_long120] [time_series][epoch 090] updated live plot
[etth1_long_campaign_v1/all_methods_long120] [time_series][epoch 091] lambda=0.0001 g_scale=0.000 train_total=0.07033154 train_sup=0.07031348 train_imit=0.18061419 mean_w=0.0804 active=0.9516 s_dense=0.00 s_pos=0.0000 s_sel=0.0000 s_sel_pos=0.0000 s_hot_err=0.000000 s_bg_err=0.000000 s_gap=0.000000 conf_cos=0.0000 conf_proj=0.00 val_mse=0.41765006 val_mae=0.45704876 | p_pos=0.0000 p_dense=0.00 p_sel=0.0000 p_sel_pos=0.0000 p_hot_err=0.000000 p_bg_err=0.000000 p_gap=0.000000 peer_val_mse=0.27417243 peer_val_mae=0.34185731
[etth1_long_campaign_v1/all_methods_long120] [time_series][epoch 092] lambda=0.0001 g_scale=0.000 train_total=0.07038294 train_sup=0.07036502 train_imit=0.17920233 mean_w=0.0803 active=0.9528 s_dense=0.00 s_pos=0.0000 s_sel=0.0000 s_sel_pos=0.0000 s_hot_err=0.000000 s_bg_err=0.000000 s_gap=0.000000 conf_cos=0.0000 conf_proj=0.00 val_mse=0.45374596 val_mae=0.48315694 | p_pos=0.0000 p_dense=0.00 p_sel=0.0000 p_sel_pos=0.0000 p_hot_err=0.000000 p_bg_err=0.000000 p_gap=0.000000 peer_val_mse=0.27361169 peer_val_mae=0.34153340
[etth1_long_campaign_v1/all_methods_long120] [time_series][epoch 093] lambda=0.0001 g_scale=0.000 train_total=0.07148664 train_sup=0.07146863 train_imit=0.18002910 mean_w=0.0801 active=0.9503 s_dense=0.00 s_pos=0.0000 s_sel=0.0000 s_sel_pos=0.0000 s_hot_err=0.000000 s_bg_err=0.000000 s_gap=0.000000 conf_cos=0.0000 conf_proj=0.00 val_mse=0.40721332 val_mae=0.44991349 | p_pos=0.0000 p_dense=0.00 p_sel=0.0000 p_sel_pos=0.0000 p_hot_err=0.000000 p_bg_err=0.000000 p_gap=0.000000 peer_val_mse=0.27581761 peer_val_mae=0.34519959
[etth1_long_campaign_v1/all_methods_long120] [time_series][epoch 094] lambda=0.0001 g_scale=0.000 train_total=0.07018616 train_sup=0.07016818 train_imit=0.17980723 mean_w=0.0805 active=0.9527 s_dense=0.00 s_pos=0.0000 s_sel=0.0000 s_sel_pos=0.0000 s_hot_err=0.000000 s_bg_err=0.000000 s_gap=0.000000 conf_cos=0.0000 conf_proj=0.00 val_mse=0.41758817 val_mae=0.45426834 | p_pos=0.0000 p_dense=0.00 p_sel=0.0000 p_sel_pos=0.0000 p_hot_err=0.000000 p_bg_err=0.000000 p_gap=0.000000 peer_val_mse=0.27419207 peer_val_mae=0.34331605
[etth1_long_campaign_v1/all_methods_long120] [time_series][epoch 095] lambda=0.0001 g_scale=0.000 train_total=0.06936185 train_sup=0.06934379 train_imit=0.18058645 mean_w=0.0808 active=0.9535 s_dense=0.00 s_pos=0.0000 s_sel=0.0000 s_sel_pos=0.0000 s_hot_err=0.000000 s_bg_err=0.000000 s_gap=0.000000 conf_cos=0.0000 conf_proj=0.00 val_mse=0.41106890 val_mae=0.45141021 | p_pos=0.0000 p_dense=0.00 p_sel=0.0000 p_sel_pos=0.0000 p_hot_err=0.000000 p_bg_err=0.000000 p_gap=0.000000 peer_val_mse=0.27401556 peer_val_mae=0.34327209
[etth1_long_campaign_v1/all_methods_long120] [time_series][epoch 096] lambda=0.0001 g_scale=0.000 train_total=0.06941987 train_sup=0.06940182 train_imit=0.18050887 mean_w=0.0808 active=0.9519 s_dense=0.00 s_pos=0.0000 s_sel=0.0000 s_sel_pos=0.0000 s_hot_err=0.000000 s_bg_err=0.000000 s_gap=0.000000 conf_cos=0.0000 conf_proj=0.00 val_mse=0.40836084 val_mae=0.44957924 | p_pos=0.0000 p_dense=0.00 p_sel=0.0000 p_sel_pos=0.0000 p_hot_err=0.000000 p_bg_err=0.000000 p_gap=0.000000 peer_val_mse=0.27260596 peer_val_mae=0.34190276
[etth1_long_campaign_v1/all_methods_long120] [time_series][epoch 097] lambda=0.0001 g_scale=0.000 train_total=0.06900807 train_sup=0.06899006 train_imit=0.18011141 mean_w=0.0810 active=0.9554 s_dense=0.00 s_pos=0.0000 s_sel=0.0000 s_sel_pos=0.0000 s_hot_err=0.000000 s_bg_err=0.000000 s_gap=0.000000 conf_cos=0.0000 conf_proj=0.00 val_mse=0.41904057 val_mae=0.45528455 | p_pos=0.0000 p_dense=0.00 p_sel=0.0000 p_sel_pos=0.0000 p_hot_err=0.000000 p_bg_err=0.000000 p_gap=0.000000 peer_val_mse=0.27324242 peer_val_mae=0.34165692
[etth1_long_campaign_v1/all_methods_long120] [time_series][epoch 098] lambda=0.0001 g_scale=0.000 train_total=0.06914346 train_sup=0.06912546 train_imit=0.18001758 mean_w=0.0810 active=0.9548 s_dense=0.00 s_pos=0.0000 s_sel=0.0000 s_sel_pos=0.0000 s_hot_err=0.000000 s_bg_err=0.000000 s_gap=0.000000 conf_cos=0.0000 conf_proj=0.00 val_mse=0.44287759 val_mae=0.46985471 | p_pos=0.0000 p_dense=0.00 p_sel=0.0000 p_sel_pos=0.0000 p_hot_err=0.000000 p_bg_err=0.000000 p_gap=0.000000 peer_val_mse=0.27496628 peer_val_mae=0.34449517
[etth1_long_campaign_v1/all_methods_long120] [time_series][epoch 099] lambda=0.0001 g_scale=0.000 train_total=0.06873159 train_sup=0.06871355 train_imit=0.18040842 mean_w=0.0812 active=0.9559 s_dense=0.00 s_pos=0.0000 s_sel=0.0000 s_sel_pos=0.0000 s_hot_err=0.000000 s_bg_err=0.000000 s_gap=0.000000 conf_cos=0.0000 conf_proj=0.00 val_mse=0.39261955 val_mae=0.43693398 | p_pos=0.0000 p_dense=0.00 p_sel=0.0000 p_sel_pos=0.0000 p_hot_err=0.000000 p_bg_err=0.000000 p_gap=0.000000 peer_val_mse=0.27489199 peer_val_mae=0.34279501
[etth1_long_campaign_v1/all_methods_long120] [time_series][epoch 100] lambda=0.0001 g_scale=0.000 train_total=0.06882241 train_sup=0.06880440 train_imit=0.18012874 mean_w=0.0811 active=0.9549 s_dense=0.00 s_pos=0.0000 s_sel=0.0000 s_sel_pos=0.0000 s_hot_err=0.000000 s_bg_err=0.000000 s_gap=0.000000 conf_cos=0.0000 conf_proj=0.00 val_mse=0.41279715 val_mae=0.45143042 | p_pos=0.0000 p_dense=0.00 p_sel=0.0000 p_sel_pos=0.0000 p_hot_err=0.000000 p_bg_err=0.000000 p_gap=0.000000 peer_val_mse=0.27396872 peer_val_mae=0.34364818
[etth1_long_campaign_v1/all_methods_long120] [time_series][epoch 100] updated live plot
[etth1_long_campaign_v1/all_methods_long120] [time_series][epoch 101] lambda=0.0001 g_scale=0.000 train_total=0.06875325 train_sup=0.06873516 train_imit=0.18082951 mean_w=0.0810 active=0.9540 s_dense=0.00 s_pos=0.0000 s_sel=0.0000 s_sel_pos=0.0000 s_hot_err=0.000000 s_bg_err=0.000000 s_gap=0.000000 conf_cos=0.0000 conf_proj=0.00 val_mse=0.44994653 val_mae=0.48021227 | p_pos=0.0000 p_dense=0.00 p_sel=0.0000 p_sel_pos=0.0000 p_hot_err=0.000000 p_bg_err=0.000000 p_gap=0.000000 peer_val_mse=0.27469548 peer_val_mae=0.34472452
[etth1_long_campaign_v1/all_methods_long120] [time_series][epoch 102] lambda=0.0001 g_scale=0.000 train_total=0.06851501 train_sup=0.06849702 train_imit=0.17988368 mean_w=0.0811 active=0.9578 s_dense=0.00 s_pos=0.0000 s_sel=0.0000 s_sel_pos=0.0000 s_hot_err=0.000000 s_bg_err=0.000000 s_gap=0.000000 conf_cos=0.0000 conf_proj=0.00 val_mse=0.41448068 val_mae=0.45408354 | p_pos=0.0000 p_dense=0.00 p_sel=0.0000 p_sel_pos=0.0000 p_hot_err=0.000000 p_bg_err=0.000000 p_gap=0.000000 peer_val_mse=0.27596566 peer_val_mae=0.34435601
[etth1_long_campaign_v1/all_methods_long120] [time_series][epoch 103] lambda=0.0001 g_scale=0.000 train_total=0.06806616 train_sup=0.06804826 train_imit=0.17897496 mean_w=0.0816 active=0.9601 s_dense=0.00 s_pos=0.0000 s_sel=0.0000 s_sel_pos=0.0000 s_hot_err=0.000000 s_bg_err=0.000000 s_gap=0.000000 conf_cos=0.0000 conf_proj=0.00 val_mse=0.42448240 val_mae=0.46445400 | p_pos=0.0000 p_dense=0.00 p_sel=0.0000 p_sel_pos=0.0000 p_hot_err=0.000000 p_bg_err=0.000000 p_gap=0.000000 peer_val_mse=0.27359988 peer_val_mae=0.34285092
[etth1_long_campaign_v1/all_methods_long120] [time_series][epoch 104] lambda=0.0001 g_scale=0.000 train_total=0.06796226 train_sup=0.06794407 train_imit=0.18183875 mean_w=0.0815 active=0.9563 s_dense=0.00 s_pos=0.0000 s_sel=0.0000 s_sel_pos=0.0000 s_hot_err=0.000000 s_bg_err=0.000000 s_gap=0.000000 conf_cos=0.0000 conf_proj=0.00 val_mse=0.40291030 val_mae=0.45128830 | p_pos=0.0000 p_dense=0.00 p_sel=0.0000 p_sel_pos=0.0000 p_hot_err=0.000000 p_bg_err=0.000000 p_gap=0.000000 peer_val_mse=0.27374148 peer_val_mae=0.34211374
[etth1_long_campaign_v1/all_methods_long120] [time_series][epoch 105] lambda=0.0001 g_scale=0.000 train_total=0.06828376 train_sup=0.06826565 train_imit=0.18112113 mean_w=0.0813 active=0.9581 s_dense=0.00 s_pos=0.0000 s_sel=0.0000 s_sel_pos=0.0000 s_hot_err=0.000000 s_bg_err=0.000000 s_gap=0.000000 conf_cos=0.0000 conf_proj=0.00 val_mse=0.39574750 val_mae=0.43958284 | p_pos=0.0000 p_dense=0.00 p_sel=0.0000 p_sel_pos=0.0000 p_hot_err=0.000000 p_bg_err=0.000000 p_gap=0.000000 peer_val_mse=0.27948411 peer_val_mae=0.35361853
[etth1_long_campaign_v1/all_methods_long120] [time_series][epoch 106] lambda=0.0001 g_scale=0.000 train_total=0.06800707 train_sup=0.06798897 train_imit=0.18095030 mean_w=0.0815 active=0.9584 s_dense=0.00 s_pos=0.0000 s_sel=0.0000 s_sel_pos=0.0000 s_hot_err=0.000000 s_bg_err=0.000000 s_gap=0.000000 conf_cos=0.0000 conf_proj=0.00 val_mse=0.42277217 val_mae=0.45622223 | p_pos=0.0000 p_dense=0.00 p_sel=0.0000 p_sel_pos=0.0000 p_hot_err=0.000000 p_bg_err=0.000000 p_gap=0.000000 peer_val_mse=0.27240451 peer_val_mae=0.34040879
[etth1_long_campaign_v1/all_methods_long120] [time_series][epoch 107] lambda=0.0001 g_scale=0.000 train_total=0.06758750 train_sup=0.06756943 train_imit=0.18073193 mean_w=0.0819 active=0.9573 s_dense=0.00 s_pos=0.0000 s_sel=0.0000 s_sel_pos=0.0000 s_hot_err=0.000000 s_bg_err=0.000000 s_gap=0.000000 conf_cos=0.0000 conf_proj=0.00 val_mse=0.40332278 val_mae=0.44379582 | p_pos=0.0000 p_dense=0.00 p_sel=0.0000 p_sel_pos=0.0000 p_hot_err=0.000000 p_bg_err=0.000000 p_gap=0.000000 peer_val_mse=0.27267581 peer_val_mae=0.34130741
[etth1_long_campaign_v1/all_methods_long120] [time_series][epoch 108] lambda=0.0001 g_scale=0.000 train_total=0.06747356 train_sup=0.06745552 train_imit=0.18039054 mean_w=0.0816 active=0.9572 s_dense=0.00 s_pos=0.0000 s_sel=0.0000 s_sel_pos=0.0000 s_hot_err=0.000000 s_bg_err=0.000000 s_gap=0.000000 conf_cos=0.0000 conf_proj=0.00 val_mse=0.41476875 val_mae=0.45629523 | p_pos=0.0000 p_dense=0.00 p_sel=0.0000 p_sel_pos=0.0000 p_hot_err=0.000000 p_bg_err=0.000000 p_gap=0.000000 peer_val_mse=0.27352726 peer_val_mae=0.34100067
[etth1_long_campaign_v1/all_methods_long120] [time_series][epoch 109] lambda=0.0001 g_scale=0.000 train_total=0.06766319 train_sup=0.06764514 train_imit=0.18048458 mean_w=0.0817 active=0.9569 s_dense=0.00 s_pos=0.0000 s_sel=0.0000 s_sel_pos=0.0000 s_hot_err=0.000000 s_bg_err=0.000000 s_gap=0.000000 conf_cos=0.0000 conf_proj=0.00 val_mse=0.42268906 val_mae=0.46159161 | p_pos=0.0000 p_dense=0.00 p_sel=0.0000 p_sel_pos=0.0000 p_hot_err=0.000000 p_bg_err=0.000000 p_gap=0.000000 peer_val_mse=0.27471999 peer_val_mae=0.34438196
[etth1_long_campaign_v1/all_methods_long120] [time_series][epoch 110] lambda=0.0001 g_scale=0.000 train_total=0.06781068 train_sup=0.06779266 train_imit=0.18020697 mean_w=0.0816 active=0.9587 s_dense=0.00 s_pos=0.0000 s_sel=0.0000 s_sel_pos=0.0000 s_hot_err=0.000000 s_bg_err=0.000000 s_gap=0.000000 conf_cos=0.0000 conf_proj=0.00 val_mse=0.41587776 val_mae=0.45897245 | p_pos=0.0000 p_dense=0.00 p_sel=0.0000 p_sel_pos=0.0000 p_hot_err=0.000000 p_bg_err=0.000000 p_gap=0.000000 peer_val_mse=0.27452051 peer_val_mae=0.34324066
[etth1_long_campaign_v1/all_methods_long120] [time_series][epoch 110] updated live plot
[etth1_long_campaign_v1/all_methods_long120] [time_series][epoch 111] lambda=0.0001 g_scale=0.000 train_total=0.06703182 train_sup=0.06701383 train_imit=0.17987612 mean_w=0.0819 active=0.9597 s_dense=0.00 s_pos=0.0000 s_sel=0.0000 s_sel_pos=0.0000 s_hot_err=0.000000 s_bg_err=0.000000 s_gap=0.000000 conf_cos=0.0000 conf_proj=0.00 val_mse=0.40883228 val_mae=0.44827812 | p_pos=0.0000 p_dense=0.00 p_sel=0.0000 p_sel_pos=0.0000 p_hot_err=0.000000 p_bg_err=0.000000 p_gap=0.000000 peer_val_mse=0.27418149 peer_val_mae=0.34310119
[etth1_long_campaign_v1/all_methods_long120] [time_series][epoch 112] lambda=0.0001 g_scale=0.000 train_total=0.06743915 train_sup=0.06742115 train_imit=0.18005529 mean_w=0.0818 active=0.9610 s_dense=0.00 s_pos=0.0000 s_sel=0.0000 s_sel_pos=0.0000 s_hot_err=0.000000 s_bg_err=0.000000 s_gap=0.000000 conf_cos=0.0000 conf_proj=0.00 val_mse=0.42076029 val_mae=0.45848404 | p_pos=0.0000 p_dense=0.00 p_sel=0.0000 p_sel_pos=0.0000 p_hot_err=0.000000 p_bg_err=0.000000 p_gap=0.000000 peer_val_mse=0.27334489 peer_val_mae=0.34215581
[etth1_long_campaign_v1/all_methods_long120] [time_series][epoch 113] lambda=0.0001 g_scale=0.000 train_total=0.06764238 train_sup=0.06762442 train_imit=0.17960073 mean_w=0.0816 active=0.9581 s_dense=0.00 s_pos=0.0000 s_sel=0.0000 s_sel_pos=0.0000 s_hot_err=0.000000 s_bg_err=0.000000 s_gap=0.000000 conf_cos=0.0000 conf_proj=0.00 val_mse=0.41768783 val_mae=0.46218090 | p_pos=0.0000 p_dense=0.00 p_sel=0.0000 p_sel_pos=0.0000 p_hot_err=0.000000 p_bg_err=0.000000 p_gap=0.000000 peer_val_mse=0.27395830 peer_val_mae=0.34322814
[etth1_long_campaign_v1/all_methods_long120] [time_series][epoch 114] lambda=0.0001 g_scale=0.000 train_total=0.06713768 train_sup=0.06711968 train_imit=0.18001264 mean_w=0.0819 active=0.9598 s_dense=0.00 s_pos=0.0000 s_sel=0.0000 s_sel_pos=0.0000 s_hot_err=0.000000 s_bg_err=0.000000 s_gap=0.000000 conf_cos=0.0000 conf_proj=0.00 val_mse=0.43082210 val_mae=0.46515829 | p_pos=0.0000 p_dense=0.00 p_sel=0.0000 p_sel_pos=0.0000 p_hot_err=0.000000 p_bg_err=0.000000 p_gap=0.000000 peer_val_mse=0.27363141 peer_val_mae=0.34183731
[etth1_long_campaign_v1/all_methods_long120] [time_series][epoch 115] lambda=0.0001 g_scale=0.000 train_total=0.06627914 train_sup=0.06626111 train_imit=0.18025555 mean_w=0.0823 active=0.9615 s_dense=0.00 s_pos=0.0000 s_sel=0.0000 s_sel_pos=0.0000 s_hot_err=0.000000 s_bg_err=0.000000 s_gap=0.000000 conf_cos=0.0000 conf_proj=0.00 val_mse=0.43801038 val_mae=0.47073476 | p_pos=0.0000 p_dense=0.00 p_sel=0.0000 p_sel_pos=0.0000 p_hot_err=0.000000 p_bg_err=0.000000 p_gap=0.000000 peer_val_mse=0.27504261 peer_val_mae=0.34450383
[etth1_long_campaign_v1/all_methods_long120] [time_series][epoch 116] lambda=0.0001 g_scale=0.000 train_total=0.06643648 train_sup=0.06641845 train_imit=0.18026512 mean_w=0.0822 active=0.9614 s_dense=0.00 s_pos=0.0000 s_sel=0.0000 s_sel_pos=0.0000 s_hot_err=0.000000 s_bg_err=0.000000 s_gap=0.000000 conf_cos=0.0000 conf_proj=0.00 val_mse=0.41083693 val_mae=0.45286636 | p_pos=0.0000 p_dense=0.00 p_sel=0.0000 p_sel_pos=0.0000 p_hot_err=0.000000 p_bg_err=0.000000 p_gap=0.000000 peer_val_mse=0.27607095 peer_val_mae=0.34791141
[etth1_long_campaign_v1/all_methods_long120] [time_series][epoch 117] lambda=0.0001 g_scale=0.000 train_total=0.06636663 train_sup=0.06634857 train_imit=0.18055144 mean_w=0.0822 active=0.9610 s_dense=0.00 s_pos=0.0000 s_sel=0.0000 s_sel_pos=0.0000 s_hot_err=0.000000 s_bg_err=0.000000 s_gap=0.000000 conf_cos=0.0000 conf_proj=0.00 val_mse=0.42437677 val_mae=0.46581439 | p_pos=0.0000 p_dense=0.00 p_sel=0.0000 p_sel_pos=0.0000 p_hot_err=0.000000 p_bg_err=0.000000 p_gap=0.000000 peer_val_mse=0.27405679 peer_val_mae=0.34320453
[etth1_long_campaign_v1/all_methods_long120] [time_series][epoch 118] lambda=0.0001 g_scale=0.000 train_total=0.06599615 train_sup=0.06597813 train_imit=0.18016289 mean_w=0.0823 active=0.9631 s_dense=0.00 s_pos=0.0000 s_sel=0.0000 s_sel_pos=0.0000 s_hot_err=0.000000 s_bg_err=0.000000 s_gap=0.000000 conf_cos=0.0000 conf_proj=0.00 val_mse=0.43595888 val_mae=0.47179479 | p_pos=0.0000 p_dense=0.00 p_sel=0.0000 p_sel_pos=0.0000 p_hot_err=0.000000 p_bg_err=0.000000 p_gap=0.000000 peer_val_mse=0.27449680 peer_val_mae=0.34350261
[etth1_long_campaign_v1/all_methods_long120] [time_series][epoch 119] lambda=0.0001 g_scale=0.000 train_total=0.06597624 train_sup=0.06595822 train_imit=0.18017882 mean_w=0.0823 active=0.9632 s_dense=0.00 s_pos=0.0000 s_sel=0.0000 s_sel_pos=0.0000 s_hot_err=0.000000 s_bg_err=0.000000 s_gap=0.000000 conf_cos=0.0000 conf_proj=0.00 val_mse=0.43035903 val_mae=0.47011313 | p_pos=0.0000 p_dense=0.00 p_sel=0.0000 p_sel_pos=0.0000 p_hot_err=0.000000 p_bg_err=0.000000 p_gap=0.000000 peer_val_mse=0.27334505 peer_val_mae=0.34113803
[etth1_long_campaign_v1/all_methods_long120] [time_series][epoch 120] lambda=0.0001 g_scale=0.000 train_total=0.06608895 train_sup=0.06607093 train_imit=0.18024727 mean_w=0.0824 active=0.9605 s_dense=0.00 s_pos=0.0000 s_sel=0.0000 s_sel_pos=0.0000 s_hot_err=0.000000 s_bg_err=0.000000 s_gap=0.000000 conf_cos=0.0000 conf_proj=0.00 val_mse=0.41051836 val_mae=0.45023171 | p_pos=0.0000 p_dense=0.00 p_sel=0.0000 p_sel_pos=0.0000 p_hot_err=0.000000 p_bg_err=0.000000 p_gap=0.000000 peer_val_mse=0.27536280 peer_val_mae=0.34383482
[etth1_long_campaign_v1/all_methods_long120] [time_series][epoch 120] updated live plot
[etth1_long_campaign_v1/all_methods_long120] [time_series] done
[etth1_long_campaign_v1/all_methods_long120] [time_series] dataset=etth1 pair=transformer:dlinear method=ssml seed=9 pred_len=24
[etth1_long_campaign_v1/all_methods_long120] [time_series] run_dir=results/time_series_etth1_long_campaign_v1_worker1_gpu0_queue/all_methods_long120/time_series/etth1/transformer__dlinear_ssml_huber_seed9
[etth1_long_campaign_v1/all_methods_long120] [time_series] params=419240
[etth1_long_campaign_v1/all_methods_long120] [time_series][epoch 001] lambda=0.0000 g_scale=0.000 train_total=0.36886773 train_sup=0.36886773 train_imit=0.00000000 mean_w=0.0000 active=0.0000 s_dense=0.00 s_pos=0.4174 s_sel=0.0000 s_sel_pos=0.0000 s_hot_err=0.000000 s_bg_err=0.368868 s_gap=0.000000 conf_cos=0.0000 conf_proj=0.00 val_mse=0.36653383 val_mae=0.42996566 | p_pos=0.4113 p_dense=0.00 p_sel=0.0000 p_sel_pos=0.0000 p_hot_err=0.000000 p_bg_err=0.407717 p_gap=0.000000 peer_val_mse=0.32451965 peer_val_mae=0.38812576
[etth1_long_campaign_v1/all_methods_long120] [time_series][epoch 002] lambda=0.0000 g_scale=0.000 train_total=0.25773976 train_sup=0.25773976 train_imit=0.00000000 mean_w=0.0000 active=0.0000 s_dense=0.00 s_pos=0.3897 s_sel=0.0000 s_sel_pos=0.0000 s_hot_err=0.000000 s_bg_err=0.257740 s_gap=0.000000 conf_cos=0.0000 conf_proj=0.00 val_mse=0.34914283 val_mae=0.41081769 | p_pos=0.3865 p_dense=0.00 p_sel=0.0000 p_sel_pos=0.0000 p_hot_err=0.000000 p_bg_err=0.285938 p_gap=0.000000 peer_val_mse=0.30067439 peer_val_mae=0.36739036
[etth1_long_campaign_v1/all_methods_long120] [time_series][epoch 003] lambda=0.0000 g_scale=0.000 train_total=0.23472866 train_sup=0.23472866 train_imit=0.00000000 mean_w=0.0000 active=0.0000 s_dense=0.00 s_pos=0.3755 s_sel=0.0000 s_sel_pos=0.0000 s_hot_err=0.000000 s_bg_err=0.234729 s_gap=0.000000 conf_cos=0.0000 conf_proj=0.00 val_mse=0.33791850 val_mae=0.40233366 | p_pos=0.3843 p_dense=0.00 p_sel=0.0000 p_sel_pos=0.0000 p_hot_err=0.000000 p_bg_err=0.272565 p_gap=0.000000 peer_val_mse=0.28933658 peer_val_mae=0.35809208
[etth1_long_campaign_v1/all_methods_long120] [time_series][epoch 004] lambda=0.0000 g_scale=0.000 train_total=0.22024377 train_sup=0.22024377 train_imit=0.00000000 mean_w=0.0000 active=0.0000 s_dense=0.00 s_pos=0.3679 s_sel=0.0000 s_sel_pos=0.0000 s_hot_err=0.000000 s_bg_err=0.220244 s_gap=0.000000 conf_cos=0.0000 conf_proj=0.00 val_mse=0.35961503 val_mae=0.41757782 | p_pos=0.3848 p_dense=0.00 p_sel=0.0000 p_sel_pos=0.0000 p_hot_err=0.000000 p_bg_err=0.266403 p_gap=0.000000 peer_val_mse=0.28727763 peer_val_mae=0.35855117
[etth1_long_campaign_v1/all_methods_long120] [time_series][epoch 005] lambda=0.0000 g_scale=0.000 train_total=0.20599606 train_sup=0.20599606 train_imit=0.00000000 mean_w=0.0000 active=0.0000 s_dense=0.00 s_pos=0.3589 s_sel=0.0000 s_sel_pos=0.0000 s_hot_err=0.000000 s_bg_err=0.205996 s_gap=0.000000 conf_cos=0.0000 conf_proj=0.00 val_mse=0.33940298 val_mae=0.40786849 | p_pos=0.3891 p_dense=0.00 p_sel=0.0000 p_sel_pos=0.0000 p_hot_err=0.000000 p_bg_err=0.262755 p_gap=0.000000 peer_val_mse=0.28246064 peer_val_mae=0.35125530
[etth1_long_campaign_v1/all_methods_long120] [time_series][epoch 006] lambda=0.0010 g_scale=1.000 train_total=0.21186139 train_sup=0.21186139 train_imit=0.00000000 mean_w=1.4402 active=0.0238 s_dense=0.00 s_pos=0.3517 s_sel=0.0238 s_sel_pos=0.0678 s_hot_err=1.440201 s_bg_err=0.165173 s_gap=0.670656 conf_cos=0.0000 conf_proj=0.00 val_mse=0.35296089 val_mae=0.41297989 | p_pos=0.3930 p_dense=0.00 p_sel=0.0238 p_sel_pos=0.0607 p_hot_err=2.319691 p_bg_err=0.210592 p_gap=1.299980 peer_val_mse=0.28351215 peer_val_mae=0.35550056
[etth1_long_campaign_v1/all_methods_long120] [time_series][epoch 007] lambda=0.0010 g_scale=1.000 train_total=0.19891242 train_sup=0.19891242 train_imit=0.00000000 mean_w=1.3330 active=0.0238 s_dense=0.00 s_pos=0.3438 s_sel=0.0238 s_sel_pos=0.0693 s_hot_err=1.333046 s_bg_err=0.155692 s_gap=0.639090 conf_cos=0.0000 conf_proj=0.00 val_mse=0.32629069 val_mae=0.40129436 | p_pos=0.3983 p_dense=0.00 p_sel=0.0238 p_sel_pos=0.0599 p_hot_err=2.327732 p_bg_err=0.208332 p_gap=1.359938 peer_val_mse=0.27821397 peer_val_mae=0.34667370
[etth1_long_campaign_v1/all_methods_long120] [time_series][epoch 008] lambda=0.0010 g_scale=1.000 train_total=0.18644214 train_sup=0.18644214 train_imit=0.00000000 mean_w=1.2403 active=0.0238 s_dense=0.00 s_pos=0.3347 s_sel=0.0238 s_sel_pos=0.0712 s_hot_err=1.240324 s_bg_err=0.146246 s_gap=0.606445 conf_cos=0.0000 conf_proj=0.00 val_mse=0.32987215 val_mae=0.40901068 | p_pos=0.4044 p_dense=0.00 p_sel=0.0238 p_sel_pos=0.0590 p_hot_err=2.329740 p_bg_err=0.207044 p_gap=1.427886 peer_val_mse=0.27657172 peer_val_mae=0.34520610
