[2026-04-04 11:41:06] [worker2_darcy_student_lift_wait_v1] selected gpu=0
[worker2/operator_darcy_student_lift_v1] log -> results/logs/operator_darcy_student_lift_v1/worker2/launcher.out
[worker2/operator_darcy_student_lift_v1] [operator_darcy_student_lift_v1] gpu=0 seeds=0 1 2 epochs=90
[worker2/operator_darcy_student_lift_v1] [operator_darcy_student_lift_v1] init_template=results/operator_ssml_tuned_v1/operator/darcy/deeponet_independent_mse_seed{seed}/model.pt
[worker2/operator_darcy_student_lift_v1] [operator_darcy_student_lift_v1] peer_init_template=results/operator_ssml_tuned_v1/operator/darcy/fno_independent_mse_seed{seed}/model.pt
[worker2/operator_darcy_student_lift_v1] [operator_darcy_student_lift_v1/ctrl_ft_lr3e4] lock -> /home/namkyeong/ssmo/results/.locks/operator_darcy_student_lift_v1_ctrl_ft_lr3e4.lock
[worker2/operator_darcy_student_lift_v1] [operator_darcy_student_lift_v1/ctrl_ft_lr3e4] log -> results/logs/operator_darcy_student_lift_v1/ctrl_ft_lr3e4.log
[worker2/operator_darcy_student_lift_v1] [operator_darcy_student_lift_v1/ctrl_ft_lr3e4] [operator] output_dir=results/operator_darcy_student_lift_v1/ctrl_ft_lr3e4
[worker2/operator_darcy_student_lift_v1] [operator_darcy_student_lift_v1/ctrl_ft_lr3e4] [operator] methods=independent
[worker2/operator_darcy_student_lift_v1] [operator_darcy_student_lift_v1/ctrl_ft_lr3e4] [operator] model_pairs=deeponet:fno
[worker2/operator_darcy_student_lift_v1] [operator_darcy_student_lift_v1/ctrl_ft_lr3e4] [operator] dataset=darcy model=deeponet method=independent seed=0
[worker2/operator_darcy_student_lift_v1] [operator_darcy_student_lift_v1/ctrl_ft_lr3e4] [operator] loaded init_checkpoint=results/operator_ssml_tuned_v1/operator/darcy/deeponet_independent_mse_seed0/model.pt
[worker2/operator_darcy_student_lift_v1] [operator_darcy_student_lift_v1/ctrl_ft_lr3e4] [operator] run_dir=results/operator_darcy_student_lift_v1/ctrl_ft_lr3e4/operator/darcy/deeponet_independent_mse_seed0
[worker2/operator_darcy_student_lift_v1] [operator_darcy_student_lift_v1/ctrl_ft_lr3e4] [operator] params=592000
[worker2/operator_darcy_student_lift_v1] [operator_darcy_student_lift_v1/ctrl_ft_lr3e4] [operator] granularity=sample student_only=False freeze_peer=False peer_updates_disabled=False
[worker2/operator_darcy_student_lift_v1] [operator_darcy_student_lift_v1/ctrl_ft_lr3e4] [operator][epoch 001] lambda=0.0000 train_mse=0.02750953 val_mse=0.02017345 val_mae=0.10624684
[worker2/operator_darcy_student_lift_v1] [operator_darcy_student_lift_v1/ctrl_ft_lr3e4] [operator][epoch 002] lambda=0.0000 train_mse=0.01337707 val_mse=0.01832292 val_mae=0.10201790
[worker2/operator_darcy_student_lift_v1] [operator_darcy_student_lift_v1/ctrl_ft_lr3e4] [operator][epoch 003] lambda=0.0000 train_mse=0.01184355 val_mse=0.01781232 val_mae=0.10025871
[worker2/operator_darcy_student_lift_v1] [operator_darcy_student_lift_v1/ctrl_ft_lr3e4] [operator][epoch 004] lambda=0.0000 train_mse=0.01143072 val_mse=0.01787486 val_mae=0.10017959
[worker2/operator_darcy_student_lift_v1] [operator_darcy_student_lift_v1/ctrl_ft_lr3e4] [operator][epoch 005] lambda=0.0000 train_mse=0.01172865 val_mse=0.01873491 val_mae=0.10267479
[worker2/operator_darcy_student_lift_v1] [operator_darcy_student_lift_v1/ctrl_ft_lr3e4] [operator][epoch 006] lambda=0.0000 train_mse=0.01239223 val_mse=0.01976600 val_mae=0.10507001
[worker2/operator_darcy_student_lift_v1] [operator_darcy_student_lift_v1/ctrl_ft_lr3e4] [operator][epoch 007] lambda=0.0000 train_mse=0.01236241 val_mse=0.01817433 val_mae=0.10207926
[worker2/operator_darcy_student_lift_v1] [operator_darcy_student_lift_v1/ctrl_ft_lr3e4] [operator][epoch 008] lambda=0.0000 train_mse=0.01218616 val_mse=0.01815522 val_mae=0.10169703
[worker2/operator_darcy_student_lift_v1] [operator_darcy_student_lift_v1/ctrl_ft_lr3e4] [operator][epoch 009] lambda=0.0000 train_mse=0.01125514 val_mse=0.01858722 val_mae=0.10299255
[worker2/operator_darcy_student_lift_v1] [operator_darcy_student_lift_v1/ctrl_ft_lr3e4] [operator][epoch 010] lambda=0.0000 train_mse=0.01218777 val_mse=0.02090880 val_mae=0.10937434
[worker2/operator_darcy_student_lift_v1] [operator_darcy_student_lift_v1/ctrl_ft_lr3e4] [operator][epoch 011] lambda=0.0000 train_mse=0.01268439 val_mse=0.01831031 val_mae=0.10191337
[worker2/operator_darcy_student_lift_v1] [operator_darcy_student_lift_v1/ctrl_ft_lr3e4] [operator][epoch 012] lambda=0.0000 train_mse=0.01255590 val_mse=0.01838144 val_mae=0.10206082
[worker2/operator_darcy_student_lift_v1] [operator_darcy_student_lift_v1/ctrl_ft_lr3e4] [operator][epoch 013] lambda=0.0000 train_mse=0.01086517 val_mse=0.01691009 val_mae=0.09758047
[worker2/operator_darcy_student_lift_v1] [operator_darcy_student_lift_v1/ctrl_ft_lr3e4] [operator][epoch 014] lambda=0.0000 train_mse=0.01011414 val_mse=0.01717977 val_mae=0.09806420
[worker2/operator_darcy_student_lift_v1] [operator_darcy_student_lift_v1/ctrl_ft_lr3e4] [operator][epoch 015] lambda=0.0000 train_mse=0.01018716 val_mse=0.01724256 val_mae=0.09778398
[worker2/operator_darcy_student_lift_v1] [operator_darcy_student_lift_v1/ctrl_ft_lr3e4] [operator][epoch 016] lambda=0.0000 train_mse=0.00995809 val_mse=0.01675994 val_mae=0.09642886
[worker2/operator_darcy_student_lift_v1] [operator_darcy_student_lift_v1/ctrl_ft_lr3e4] [operator][epoch 017] lambda=0.0000 train_mse=0.01012296 val_mse=0.01766803 val_mae=0.09968300
[worker2/operator_darcy_student_lift_v1] [operator_darcy_student_lift_v1/ctrl_ft_lr3e4] [operator][epoch 018] lambda=0.0000 train_mse=0.01040300 val_mse=0.01801386 val_mae=0.10001062
[worker2/operator_darcy_student_lift_v1] [operator_darcy_student_lift_v1/ctrl_ft_lr3e4] [operator][epoch 019] lambda=0.0000 train_mse=0.01159668 val_mse=0.01836715 val_mae=0.10152847
[worker2/operator_darcy_student_lift_v1] [operator_darcy_student_lift_v1/ctrl_ft_lr3e4] [operator][epoch 020] lambda=0.0000 train_mse=0.01049761 val_mse=0.01745276 val_mae=0.09911114
[worker2/operator_darcy_student_lift_v1] [operator_darcy_student_lift_v1/ctrl_ft_lr3e4] [operator][epoch 020] updated live plot
[worker2/operator_darcy_student_lift_v1] [operator_darcy_student_lift_v1/ctrl_ft_lr3e4] [operator][epoch 021] lambda=0.0000 train_mse=0.01015360 val_mse=0.01714937 val_mae=0.09795538
[worker2/operator_darcy_student_lift_v1] [operator_darcy_student_lift_v1/ctrl_ft_lr3e4] [operator][epoch 022] lambda=0.0000 train_mse=0.00985852 val_mse=0.01659668 val_mae=0.09577471
[worker2/operator_darcy_student_lift_v1] [operator_darcy_student_lift_v1/ctrl_ft_lr3e4] [operator][epoch 023] lambda=0.0000 train_mse=0.00992404 val_mse=0.01773078 val_mae=0.09971867
[worker2/operator_darcy_student_lift_v1] [operator_darcy_student_lift_v1/ctrl_ft_lr3e4] [operator][epoch 024] lambda=0.0000 train_mse=0.01226130 val_mse=0.01915833 val_mae=0.10454282
[worker2/operator_darcy_student_lift_v1] [operator_darcy_student_lift_v1/ctrl_ft_lr3e4] [operator][epoch 025] lambda=0.0000 train_mse=0.01036292 val_mse=0.01733068 val_mae=0.09779737
[worker2/operator_darcy_student_lift_v1] [operator_darcy_student_lift_v1/ctrl_ft_lr3e4] [operator][epoch 026] lambda=0.0000 train_mse=0.00949550 val_mse=0.01654240 val_mae=0.09541846
[worker2/operator_darcy_student_lift_v1] [operator_darcy_student_lift_v1/ctrl_ft_lr3e4] [operator][epoch 027] lambda=0.0000 train_mse=0.01013605 val_mse=0.01647619 val_mae=0.09635332
[worker2/operator_darcy_student_lift_v1] [operator_darcy_student_lift_v1/ctrl_ft_lr3e4] [operator][epoch 028] lambda=0.0000 train_mse=0.00952092 val_mse=0.01667793 val_mae=0.09610272
[worker2/operator_darcy_student_lift_v1] [operator_darcy_student_lift_v1/ctrl_ft_lr3e4] [operator][epoch 029] lambda=0.0000 train_mse=0.00969603 val_mse=0.01609901 val_mae=0.09453148
[worker2/operator_darcy_student_lift_v1] [operator_darcy_student_lift_v1/ctrl_ft_lr3e4] [operator][epoch 030] lambda=0.0000 train_mse=0.00972694 val_mse=0.01609641 val_mae=0.09488941
[worker2/operator_darcy_student_lift_v1] [operator_darcy_student_lift_v1/ctrl_ft_lr3e4] [operator][epoch 031] lambda=0.0000 train_mse=0.00929278 val_mse=0.01623778 val_mae=0.09566241
[worker2/operator_darcy_student_lift_v1] [operator_darcy_student_lift_v1/ctrl_ft_lr3e4] [operator][epoch 032] lambda=0.0000 train_mse=0.01018270 val_mse=0.01595434 val_mae=0.09442410
[worker2/operator_darcy_student_lift_v1] [operator_darcy_student_lift_v1/ctrl_ft_lr3e4] [operator][epoch 033] lambda=0.0000 train_mse=0.01021175 val_mse=0.01619202 val_mae=0.09500999
[worker2/operator_darcy_student_lift_v1] [operator_darcy_student_lift_v1/ctrl_ft_lr3e4] [operator][epoch 034] lambda=0.0000 train_mse=0.00904678 val_mse=0.01571484 val_mae=0.09310124
[worker2/operator_darcy_student_lift_v1] [operator_darcy_student_lift_v1/ctrl_ft_lr3e4] [operator][epoch 035] lambda=0.0000 train_mse=0.00888062 val_mse=0.01555392 val_mae=0.09292113
[worker2/operator_darcy_student_lift_v1] [operator_darcy_student_lift_v1/ctrl_ft_lr3e4] [operator][epoch 036] lambda=0.0000 train_mse=0.00875634 val_mse=0.01564963 val_mae=0.09274540
[worker2/operator_darcy_student_lift_v1] [operator_darcy_student_lift_v1/ctrl_ft_lr3e4] [operator][epoch 037] lambda=0.0000 train_mse=0.00832458 val_mse=0.01489858 val_mae=0.09079685
[worker2/operator_darcy_student_lift_v1] [operator_darcy_student_lift_v1/ctrl_ft_lr3e4] [operator][epoch 038] lambda=0.0000 train_mse=0.00864866 val_mse=0.01568808 val_mae=0.09310680
[worker2/operator_darcy_student_lift_v1] [operator_darcy_student_lift_v1/ctrl_ft_lr3e4] [operator][epoch 039] lambda=0.0000 train_mse=0.00929768 val_mse=0.01757108 val_mae=0.09973756
[worker2/operator_darcy_student_lift_v1] [operator_darcy_student_lift_v1/ctrl_ft_lr3e4] [operator][epoch 040] lambda=0.0000 train_mse=0.01020001 val_mse=0.01704995 val_mae=0.09790519
[worker2/operator_darcy_student_lift_v1] [operator_darcy_student_lift_v1/ctrl_ft_lr3e4] [operator][epoch 040] updated live plot
[worker2/operator_darcy_student_lift_v1] [operator_darcy_student_lift_v1/ctrl_ft_lr3e4] [operator][epoch 041] lambda=0.0000 train_mse=0.00945930 val_mse=0.01561361 val_mae=0.09289661
[worker2/operator_darcy_student_lift_v1] [operator_darcy_student_lift_v1/ctrl_ft_lr3e4] [operator][epoch 042] lambda=0.0000 train_mse=0.00835134 val_mse=0.01557633 val_mae=0.09272680
[worker2/operator_darcy_student_lift_v1] [operator_darcy_student_lift_v1/ctrl_ft_lr3e4] [operator][epoch 043] lambda=0.0000 train_mse=0.00844508 val_mse=0.01662089 val_mae=0.09484545
[worker2/operator_darcy_student_lift_v1] [operator_darcy_student_lift_v1/ctrl_ft_lr3e4] [operator][epoch 044] lambda=0.0000 train_mse=0.00842019 val_mse=0.01512377 val_mae=0.09066699
[worker2/operator_darcy_student_lift_v1] [operator_darcy_student_lift_v1/ctrl_ft_lr3e4] [operator][epoch 045] lambda=0.0000 train_mse=0.00851967 val_mse=0.01888321 val_mae=0.10289504
[worker2/operator_darcy_student_lift_v1] [operator_darcy_student_lift_v1/ctrl_ft_lr3e4] [operator][epoch 046] lambda=0.0000 train_mse=0.01005024 val_mse=0.01761183 val_mae=0.09997867
[worker2/operator_darcy_student_lift_v1] [operator_darcy_student_lift_v1/ctrl_ft_lr3e4] [operator][epoch 047] lambda=0.0000 train_mse=0.01284824 val_mse=0.01921744 val_mae=0.10587188
[worker2/operator_darcy_student_lift_v1] [operator_darcy_student_lift_v1/ctrl_ft_lr3e4] [operator][epoch 048] lambda=0.0000 train_mse=0.01038660 val_mse=0.01700262 val_mae=0.09622658
[worker2/operator_darcy_student_lift_v1] [operator_darcy_student_lift_v1/ctrl_ft_lr3e4] [operator][epoch 049] lambda=0.0000 train_mse=0.00886134 val_mse=0.01521388 val_mae=0.09183347
[worker2/operator_darcy_student_lift_v1] [operator_darcy_student_lift_v1/ctrl_ft_lr3e4] [operator][epoch 050] lambda=0.0000 train_mse=0.00794422 val_mse=0.01538967 val_mae=0.09198315
[worker2/operator_darcy_student_lift_v1] [operator_darcy_student_lift_v1/ctrl_ft_lr3e4] [operator][epoch 051] lambda=0.0000 train_mse=0.00755070 val_mse=0.01427745 val_mae=0.08841747
[worker2/operator_darcy_student_lift_v1] [operator_darcy_student_lift_v1/ctrl_ft_lr3e4] [operator][epoch 052] lambda=0.0000 train_mse=0.00749579 val_mse=0.01538366 val_mae=0.09152332
[worker2/operator_darcy_student_lift_v1] [operator_darcy_student_lift_v1/ctrl_ft_lr3e4] [operator][epoch 053] lambda=0.0000 train_mse=0.00756173 val_mse=0.01607354 val_mae=0.09452607
[worker2/operator_darcy_student_lift_v1] [operator_darcy_student_lift_v1/ctrl_ft_lr3e4] [operator][epoch 054] lambda=0.0000 train_mse=0.00864184 val_mse=0.01519930 val_mae=0.09210040
[worker2/operator_darcy_student_lift_v1] [operator_darcy_student_lift_v1/ctrl_ft_lr3e4] [operator][epoch 055] lambda=0.0000 train_mse=0.00827027 val_mse=0.01444560 val_mae=0.08947794
[worker2/operator_darcy_student_lift_v1] [operator_darcy_student_lift_v1/ctrl_ft_lr3e4] [operator][epoch 056] lambda=0.0000 train_mse=0.00737283 val_mse=0.01408389 val_mae=0.08776236
[worker2/operator_darcy_student_lift_v1] [operator_darcy_student_lift_v1/ctrl_ft_lr3e4] [operator][epoch 057] lambda=0.0000 train_mse=0.00688600 val_mse=0.01400737 val_mae=0.08714708
[worker2/operator_darcy_student_lift_v1] [operator_darcy_student_lift_v1/ctrl_ft_lr3e4] [operator][epoch 058] lambda=0.0000 train_mse=0.00737828 val_mse=0.01529678 val_mae=0.09099460
[worker2/operator_darcy_student_lift_v1] [operator_darcy_student_lift_v1/ctrl_ft_lr3e4] [operator][epoch 059] lambda=0.0000 train_mse=0.00745865 val_mse=0.01450171 val_mae=0.08879020
[worker2/operator_darcy_student_lift_v1] [operator_darcy_student_lift_v1/ctrl_ft_lr3e4] [operator][epoch 060] lambda=0.0000 train_mse=0.00700177 val_mse=0.01424729 val_mae=0.08740545
[worker2/operator_darcy_student_lift_v1] [operator_darcy_student_lift_v1/ctrl_ft_lr3e4] [operator][epoch 060] updated live plot
[worker2/operator_darcy_student_lift_v1] [operator_darcy_student_lift_v1/ctrl_ft_lr3e4] [operator][epoch 061] lambda=0.0000 train_mse=0.00670536 val_mse=0.01431211 val_mae=0.08841999
[worker2/operator_darcy_student_lift_v1] [operator_darcy_student_lift_v1/ctrl_ft_lr3e4] [operator][epoch 062] lambda=0.0000 train_mse=0.00708336 val_mse=0.01473971 val_mae=0.08925202
[worker2/operator_darcy_student_lift_v1] [operator_darcy_student_lift_v1/ctrl_ft_lr3e4] [operator][epoch 063] lambda=0.0000 train_mse=0.00740631 val_mse=0.01410101 val_mae=0.08729975
[worker2/operator_darcy_student_lift_v1] [operator_darcy_student_lift_v1/ctrl_ft_lr3e4] [operator][epoch 064] lambda=0.0000 train_mse=0.00679341 val_mse=0.01429353 val_mae=0.08854022
[worker2/operator_darcy_student_lift_v1] [operator_darcy_student_lift_v1/ctrl_ft_lr3e4] [operator][epoch 065] lambda=0.0000 train_mse=0.00656382 val_mse=0.01383398 val_mae=0.08695479
[worker2/operator_darcy_student_lift_v1] [operator_darcy_student_lift_v1/ctrl_ft_lr3e4] [operator][epoch 066] lambda=0.0000 train_mse=0.00851909 val_mse=0.01850261 val_mae=0.10326972
[worker2/operator_darcy_student_lift_v1] [operator_darcy_student_lift_v1/ctrl_ft_lr3e4] [operator][epoch 067] lambda=0.0000 train_mse=0.00897474 val_mse=0.01646101 val_mae=0.09433570
[worker2/operator_darcy_student_lift_v1] [operator_darcy_student_lift_v1/ctrl_ft_lr3e4] [operator][epoch 068] lambda=0.0000 train_mse=0.00744705 val_mse=0.01463311 val_mae=0.08962033
[worker2/operator_darcy_student_lift_v1] [operator_darcy_student_lift_v1/ctrl_ft_lr3e4] [operator][epoch 069] lambda=0.0000 train_mse=0.00695296 val_mse=0.01514162 val_mae=0.09026974
[worker2/operator_darcy_student_lift_v1] [operator_darcy_student_lift_v1/ctrl_ft_lr3e4] [operator][epoch 070] lambda=0.0000 train_mse=0.00677532 val_mse=0.01383796 val_mae=0.08564725
[worker2/operator_darcy_student_lift_v1] [operator_darcy_student_lift_v1/ctrl_ft_lr3e4] [operator][epoch 071] lambda=0.0000 train_mse=0.00645172 val_mse=0.01354541 val_mae=0.08497471
[worker2/operator_darcy_student_lift_v1] [operator_darcy_student_lift_v1/ctrl_ft_lr3e4] [operator][epoch 072] lambda=0.0000 train_mse=0.00615089 val_mse=0.01359336 val_mae=0.08574308
[worker2/operator_darcy_student_lift_v1] [operator_darcy_student_lift_v1/ctrl_ft_lr3e4] [operator][epoch 073] lambda=0.0000 train_mse=0.00634079 val_mse=0.01441336 val_mae=0.08839580
[worker2/operator_darcy_student_lift_v1] [operator_darcy_student_lift_v1/ctrl_ft_lr3e4] [operator][epoch 074] lambda=0.0000 train_mse=0.00795468 val_mse=0.01531039 val_mae=0.09124838
[worker2/operator_darcy_student_lift_v1] [operator_darcy_student_lift_v1/ctrl_ft_lr3e4] [operator][epoch 075] lambda=0.0000 train_mse=0.00808262 val_mse=0.01591526 val_mae=0.09331366
[worker2/operator_darcy_student_lift_v1] [operator_darcy_student_lift_v1/ctrl_ft_lr3e4] [operator][epoch 076] lambda=0.0000 train_mse=0.00722909 val_mse=0.01477958 val_mae=0.08978275
[worker2/operator_darcy_student_lift_v1] [operator_darcy_student_lift_v1/ctrl_ft_lr3e4] [operator][epoch 077] lambda=0.0000 train_mse=0.00740114 val_mse=0.01534213 val_mae=0.09135990
[worker2/operator_darcy_student_lift_v1] [operator_darcy_student_lift_v1/ctrl_ft_lr3e4] [operator][epoch 078] lambda=0.0000 train_mse=0.00754176 val_mse=0.01685267 val_mae=0.09579336
[worker2/operator_darcy_student_lift_v1] [operator_darcy_student_lift_v1/ctrl_ft_lr3e4] [operator][epoch 079] lambda=0.0000 train_mse=0.00817692 val_mse=0.01592294 val_mae=0.09350665
[worker2/operator_darcy_student_lift_v1] [operator_darcy_student_lift_v1/ctrl_ft_lr3e4] [operator][epoch 080] lambda=0.0000 train_mse=0.00776551 val_mse=0.01424427 val_mae=0.08797724
[worker2/operator_darcy_student_lift_v1] [operator_darcy_student_lift_v1/ctrl_ft_lr3e4] [operator][epoch 080] updated live plot
[worker2/operator_darcy_student_lift_v1] [operator_darcy_student_lift_v1/ctrl_ft_lr3e4] [operator][epoch 081] lambda=0.0000 train_mse=0.00658360 val_mse=0.01326202 val_mae=0.08466136
[worker2/operator_darcy_student_lift_v1] [operator_darcy_student_lift_v1/ctrl_ft_lr3e4] [operator][epoch 082] lambda=0.0000 train_mse=0.00653973 val_mse=0.01405416 val_mae=0.08636210
[worker2/operator_darcy_student_lift_v1] [operator_darcy_student_lift_v1/ctrl_ft_lr3e4] [operator][epoch 083] lambda=0.0000 train_mse=0.00656042 val_mse=0.01376046 val_mae=0.08597689
[worker2/operator_darcy_student_lift_v1] [operator_darcy_student_lift_v1/ctrl_ft_lr3e4] [operator][epoch 084] lambda=0.0000 train_mse=0.00647964 val_mse=0.01353133 val_mae=0.08496822
[worker2/operator_darcy_student_lift_v1] [operator_darcy_student_lift_v1/ctrl_ft_lr3e4] [operator][epoch 085] lambda=0.0000 train_mse=0.00656938 val_mse=0.01511590 val_mae=0.08995087
[worker2/operator_darcy_student_lift_v1] [operator_darcy_student_lift_v1/ctrl_ft_lr3e4] [operator][epoch 086] lambda=0.0000 train_mse=0.00658304 val_mse=0.01416227 val_mae=0.08718728
[worker2/operator_darcy_student_lift_v1] [operator_darcy_student_lift_v1/ctrl_ft_lr3e4] [operator][epoch 087] lambda=0.0000 train_mse=0.00619861 val_mse=0.01307811 val_mae=0.08353217
[worker2/operator_darcy_student_lift_v1] [operator_darcy_student_lift_v1/ctrl_ft_lr3e4] [operator][epoch 088] lambda=0.0000 train_mse=0.00610358 val_mse=0.01457529 val_mae=0.08814554
[worker2/operator_darcy_student_lift_v1] [operator_darcy_student_lift_v1/ctrl_ft_lr3e4] [operator][epoch 089] lambda=0.0000 train_mse=0.00706233 val_mse=0.01497184 val_mae=0.09000745
[worker2/operator_darcy_student_lift_v1] [operator_darcy_student_lift_v1/ctrl_ft_lr3e4] [operator][epoch 090] lambda=0.0000 train_mse=0.00623057 val_mse=0.01390875 val_mae=0.08672740
[worker2/operator_darcy_student_lift_v1] [operator_darcy_student_lift_v1/ctrl_ft_lr3e4] [operator][epoch 090] updated live plot
[worker2/operator_darcy_student_lift_v1] [operator_darcy_student_lift_v1/ctrl_ft_lr3e4] [operator] done
[worker2/operator_darcy_student_lift_v1] [operator_darcy_student_lift_v1/ctrl_ft_lr3e4] [operator] dataset=darcy model=deeponet method=independent seed=1
[worker2/operator_darcy_student_lift_v1] [operator_darcy_student_lift_v1/ctrl_ft_lr3e4] [operator] loaded init_checkpoint=results/operator_ssml_tuned_v1/operator/darcy/deeponet_independent_mse_seed1/model.pt
[worker2/operator_darcy_student_lift_v1] [operator_darcy_student_lift_v1/ctrl_ft_lr3e4] [operator] run_dir=results/operator_darcy_student_lift_v1/ctrl_ft_lr3e4/operator/darcy/deeponet_independent_mse_seed1
[worker2/operator_darcy_student_lift_v1] [operator_darcy_student_lift_v1/ctrl_ft_lr3e4] [operator] params=592000
[worker2/operator_darcy_student_lift_v1] [operator_darcy_student_lift_v1/ctrl_ft_lr3e4] [operator] granularity=sample student_only=False freeze_peer=False peer_updates_disabled=False
[worker2/operator_darcy_student_lift_v1] [operator_darcy_student_lift_v1/ctrl_ft_lr3e4] [operator][epoch 001] lambda=0.0000 train_mse=0.03200107 val_mse=0.01997371 val_mae=0.10766900
[worker2/operator_darcy_student_lift_v1] [operator_darcy_student_lift_v1/ctrl_ft_lr3e4] [operator][epoch 002] lambda=0.0000 train_mse=0.01282898 val_mse=0.01792782 val_mae=0.10148111
[worker2/operator_darcy_student_lift_v1] [operator_darcy_student_lift_v1/ctrl_ft_lr3e4] [operator][epoch 003] lambda=0.0000 train_mse=0.01188985 val_mse=0.01886507 val_mae=0.10366839
[worker2/operator_darcy_student_lift_v1] [operator_darcy_student_lift_v1/ctrl_ft_lr3e4] [operator][epoch 004] lambda=0.0000 train_mse=0.01227152 val_mse=0.01847298 val_mae=0.10313592
[worker2/operator_darcy_student_lift_v1] [operator_darcy_student_lift_v1/ctrl_ft_lr3e4] [operator][epoch 005] lambda=0.0000 train_mse=0.01165026 val_mse=0.01824296 val_mae=0.10241266
[worker2/operator_darcy_student_lift_v1] [operator_darcy_student_lift_v1/ctrl_ft_lr3e4] [operator][epoch 006] lambda=0.0000 train_mse=0.01243056 val_mse=0.02338549 val_mae=0.11639370
[worker2/operator_darcy_student_lift_v1] [operator_darcy_student_lift_v1/ctrl_ft_lr3e4] [operator][epoch 007] lambda=0.0000 train_mse=0.01248136 val_mse=0.01915747 val_mae=0.10461771
[worker2/operator_darcy_student_lift_v1] [operator_darcy_student_lift_v1/ctrl_ft_lr3e4] [operator][epoch 008] lambda=0.0000 train_mse=0.01223972 val_mse=0.01850041 val_mae=0.10358775
[worker2/operator_darcy_student_lift_v1] [operator_darcy_student_lift_v1/ctrl_ft_lr3e4] [operator][epoch 009] lambda=0.0000 train_mse=0.01258461 val_mse=0.02050568 val_mae=0.11082928
[worker2/operator_darcy_student_lift_v1] [operator_darcy_student_lift_v1/ctrl_ft_lr3e4] [operator][epoch 010] lambda=0.0000 train_mse=0.01251980 val_mse=0.01828919 val_mae=0.10213665
[worker2/operator_darcy_student_lift_v1] [operator_darcy_student_lift_v1/ctrl_ft_lr3e4] [operator][epoch 011] lambda=0.0000 train_mse=0.01220614 val_mse=0.01814968 val_mae=0.10215300
[worker2/operator_darcy_student_lift_v1] [operator_darcy_student_lift_v1/ctrl_ft_lr3e4] [operator][epoch 012] lambda=0.0000 train_mse=0.01175754 val_mse=0.01971381 val_mae=0.10613743
[worker2/operator_darcy_student_lift_v1] [operator_darcy_student_lift_v1/ctrl_ft_lr3e4] [operator][epoch 013] lambda=0.0000 train_mse=0.01500466 val_mse=0.01768404 val_mae=0.10057120
[worker2/operator_darcy_student_lift_v1] [operator_darcy_student_lift_v1/ctrl_ft_lr3e4] [operator][epoch 014] lambda=0.0000 train_mse=0.01151120 val_mse=0.01870589 val_mae=0.10252752
[worker2/operator_darcy_student_lift_v1] [operator_darcy_student_lift_v1/ctrl_ft_lr3e4] [operator][epoch 015] lambda=0.0000 train_mse=0.01089263 val_mse=0.01759187 val_mae=0.10023210
[worker2/operator_darcy_student_lift_v1] [operator_darcy_student_lift_v1/ctrl_ft_lr3e4] [operator][epoch 016] lambda=0.0000 train_mse=0.01079621 val_mse=0.01900245 val_mae=0.10446465
[worker2/operator_darcy_student_lift_v1] [operator_darcy_student_lift_v1/ctrl_ft_lr3e4] [operator][epoch 017] lambda=0.0000 train_mse=0.01036205 val_mse=0.01680003 val_mae=0.09808490
[worker2/operator_darcy_student_lift_v1] [operator_darcy_student_lift_v1/ctrl_ft_lr3e4] [operator][epoch 018] lambda=0.0000 train_mse=0.01028148 val_mse=0.01632798 val_mae=0.09592692
[worker2/operator_darcy_student_lift_v1] [operator_darcy_student_lift_v1/ctrl_ft_lr3e4] [operator][epoch 019] lambda=0.0000 train_mse=0.01001026 val_mse=0.01706512 val_mae=0.09858842
[worker2/operator_darcy_student_lift_v1] [operator_darcy_student_lift_v1/ctrl_ft_lr3e4] [operator][epoch 020] lambda=0.0000 train_mse=0.01013284 val_mse=0.01766995 val_mae=0.10165134
[worker2/operator_darcy_student_lift_v1] [operator_darcy_student_lift_v1/ctrl_ft_lr3e4] [operator][epoch 020] updated live plot
[worker2/operator_darcy_student_lift_v1] [operator_darcy_student_lift_v1/ctrl_ft_lr3e4] [operator][epoch 021] lambda=0.0000 train_mse=0.01133905 val_mse=0.01794406 val_mae=0.10120525
[worker2/operator_darcy_student_lift_v1] [operator_darcy_student_lift_v1/ctrl_ft_lr3e4] [operator][epoch 022] lambda=0.0000 train_mse=0.01117482 val_mse=0.01681861 val_mae=0.09918665
[worker2/operator_darcy_student_lift_v1] [operator_darcy_student_lift_v1/ctrl_ft_lr3e4] [operator][epoch 023] lambda=0.0000 train_mse=0.01020560 val_mse=0.01669560 val_mae=0.09722370
[worker2/operator_darcy_student_lift_v1] [operator_darcy_student_lift_v1/ctrl_ft_lr3e4] [operator][epoch 024] lambda=0.0000 train_mse=0.01004171 val_mse=0.01828575 val_mae=0.10221009
[worker2/operator_darcy_student_lift_v1] [operator_darcy_student_lift_v1/ctrl_ft_lr3e4] [operator][epoch 025] lambda=0.0000 train_mse=0.01159554 val_mse=0.02678772 val_mae=0.12454346
[worker2/operator_darcy_student_lift_v1] [operator_darcy_student_lift_v1/ctrl_ft_lr3e4] [operator][epoch 026] lambda=0.0000 train_mse=0.01465272 val_mse=0.02066490 val_mae=0.10946994
[worker2/operator_darcy_student_lift_v1] [operator_darcy_student_lift_v1/ctrl_ft_lr3e4] [operator][epoch 027] lambda=0.0000 train_mse=0.01197778 val_mse=0.01789480 val_mae=0.10162219
[worker2/operator_darcy_student_lift_v1] [operator_darcy_student_lift_v1/ctrl_ft_lr3e4] [operator][epoch 028] lambda=0.0000 train_mse=0.01044719 val_mse=0.01659251 val_mae=0.09682404
[worker2/operator_darcy_student_lift_v1] [operator_darcy_student_lift_v1/ctrl_ft_lr3e4] [operator][epoch 029] lambda=0.0000 train_mse=0.01005668 val_mse=0.01700423 val_mae=0.09802206
[worker2/operator_darcy_student_lift_v1] [operator_darcy_student_lift_v1/ctrl_ft_lr3e4] [operator][epoch 030] lambda=0.0000 train_mse=0.00950695 val_mse=0.01876890 val_mae=0.10255317
[worker2/operator_darcy_student_lift_v1] [operator_darcy_student_lift_v1/ctrl_ft_lr3e4] [operator][epoch 031] lambda=0.0000 train_mse=0.01156478 val_mse=0.01836326 val_mae=0.10141511
[worker2/operator_darcy_student_lift_v1] [operator_darcy_student_lift_v1/ctrl_ft_lr3e4] [operator][epoch 032] lambda=0.0000 train_mse=0.01078374 val_mse=0.01695104 val_mae=0.09787755
[worker2/operator_darcy_student_lift_v1] [operator_darcy_student_lift_v1/ctrl_ft_lr3e4] [operator][epoch 033] lambda=0.0000 train_mse=0.01085270 val_mse=0.01741418 val_mae=0.09903443
[worker2/operator_darcy_student_lift_v1] [operator_darcy_student_lift_v1/ctrl_ft_lr3e4] [operator][epoch 034] lambda=0.0000 train_mse=0.00971902 val_mse=0.01589018 val_mae=0.09458747
[worker2/operator_darcy_student_lift_v1] [operator_darcy_student_lift_v1/ctrl_ft_lr3e4] [operator][epoch 035] lambda=0.0000 train_mse=0.00963074 val_mse=0.01635095 val_mae=0.09592263
[worker2/operator_darcy_student_lift_v1] [operator_darcy_student_lift_v1/ctrl_ft_lr3e4] [operator][epoch 036] lambda=0.0000 train_mse=0.00986860 val_mse=0.01748699 val_mae=0.10046247
[worker2/operator_darcy_student_lift_v1] [operator_darcy_student_lift_v1/ctrl_ft_lr3e4] [operator][epoch 037] lambda=0.0000 train_mse=0.00913224 val_mse=0.01574793 val_mae=0.09383128
[worker2/operator_darcy_student_lift_v1] [operator_darcy_student_lift_v1/ctrl_ft_lr3e4] [operator][epoch 038] lambda=0.0000 train_mse=0.00847285 val_mse=0.01581295 val_mae=0.09419546
[worker2/operator_darcy_student_lift_v1] [operator_darcy_student_lift_v1/ctrl_ft_lr3e4] [operator][epoch 039] lambda=0.0000 train_mse=0.00899929 val_mse=0.01657020 val_mae=0.09606831
[worker2/operator_darcy_student_lift_v1] [operator_darcy_student_lift_v1/ctrl_ft_lr3e4] [operator][epoch 040] lambda=0.0000 train_mse=0.00955121 val_mse=0.01673780 val_mae=0.09799902
[worker2/operator_darcy_student_lift_v1] [operator_darcy_student_lift_v1/ctrl_ft_lr3e4] [operator][epoch 040] updated live plot
[worker2/operator_darcy_student_lift_v1] [operator_darcy_student_lift_v1/ctrl_ft_lr3e4] [operator][epoch 041] lambda=0.0000 train_mse=0.00952805 val_mse=0.01626603 val_mae=0.09540099
[worker2/operator_darcy_student_lift_v1] [operator_darcy_student_lift_v1/ctrl_ft_lr3e4] [operator][epoch 042] lambda=0.0000 train_mse=0.00889958 val_mse=0.01584021 val_mae=0.09417506
[worker2/operator_darcy_student_lift_v1] [operator_darcy_student_lift_v1/ctrl_ft_lr3e4] [operator][epoch 043] lambda=0.0000 train_mse=0.00904189 val_mse=0.01608805 val_mae=0.09551526
[worker2/operator_darcy_student_lift_v1] [operator_darcy_student_lift_v1/ctrl_ft_lr3e4] [operator][epoch 044] lambda=0.0000 train_mse=0.00866888 val_mse=0.01604238 val_mae=0.09494163
[worker2/operator_darcy_student_lift_v1] [operator_darcy_student_lift_v1/ctrl_ft_lr3e4] [operator][epoch 045] lambda=0.0000 train_mse=0.00842732 val_mse=0.01718178 val_mae=0.09922790
[worker2/operator_darcy_student_lift_v1] [operator_darcy_student_lift_v1/ctrl_ft_lr3e4] [operator][epoch 046] lambda=0.0000 train_mse=0.00945072 val_mse=0.01593812 val_mae=0.09488048
[worker2/operator_darcy_student_lift_v1] [operator_darcy_student_lift_v1/ctrl_ft_lr3e4] [operator][epoch 047] lambda=0.0000 train_mse=0.00886954 val_mse=0.01588702 val_mae=0.09553027
[worker2/operator_darcy_student_lift_v1] [operator_darcy_student_lift_v1/ctrl_ft_lr3e4] [operator][epoch 048] lambda=0.0000 train_mse=0.00837632 val_mse=0.01564187 val_mae=0.09348828
[worker2/operator_darcy_student_lift_v1] [operator_darcy_student_lift_v1/ctrl_ft_lr3e4] [operator][epoch 049] lambda=0.0000 train_mse=0.00907761 val_mse=0.01573621 val_mae=0.09385079
[worker2/operator_darcy_student_lift_v1] [operator_darcy_student_lift_v1/ctrl_ft_lr3e4] [operator][epoch 050] lambda=0.0000 train_mse=0.00873751 val_mse=0.01627833 val_mae=0.09522599
[worker2/operator_darcy_student_lift_v1] [operator_darcy_student_lift_v1/ctrl_ft_lr3e4] [operator][epoch 051] lambda=0.0000 train_mse=0.00968657 val_mse=0.01626869 val_mae=0.09595525
[worker2/operator_darcy_student_lift_v1] [operator_darcy_student_lift_v1/ctrl_ft_lr3e4] [operator][epoch 052] lambda=0.0000 train_mse=0.00929754 val_mse=0.01632832 val_mae=0.09586419
[worker2/operator_darcy_student_lift_v1] [operator_darcy_student_lift_v1/ctrl_ft_lr3e4] [operator][epoch 053] lambda=0.0000 train_mse=0.00938066 val_mse=0.01606167 val_mae=0.09431902
[worker2/operator_darcy_student_lift_v1] [operator_darcy_student_lift_v1/ctrl_ft_lr3e4] [operator][epoch 054] lambda=0.0000 train_mse=0.01006050 val_mse=0.01545385 val_mae=0.09319387
[worker2/operator_darcy_student_lift_v1] [operator_darcy_student_lift_v1/ctrl_ft_lr3e4] [operator][epoch 055] lambda=0.0000 train_mse=0.00928793 val_mse=0.01657392 val_mae=0.09738369
[worker2/operator_darcy_student_lift_v1] [operator_darcy_student_lift_v1/ctrl_ft_lr3e4] [operator][epoch 056] lambda=0.0000 train_mse=0.00848230 val_mse=0.01519028 val_mae=0.09165717
[worker2/operator_darcy_student_lift_v1] [operator_darcy_student_lift_v1/ctrl_ft_lr3e4] [operator][epoch 057] lambda=0.0000 train_mse=0.00784462 val_mse=0.01556751 val_mae=0.09267355
[worker2/operator_darcy_student_lift_v1] [operator_darcy_student_lift_v1/ctrl_ft_lr3e4] [operator][epoch 058] lambda=0.0000 train_mse=0.00890659 val_mse=0.01510550 val_mae=0.09115304
[worker2/operator_darcy_student_lift_v1] [operator_darcy_student_lift_v1/ctrl_ft_lr3e4] [operator][epoch 059] lambda=0.0000 train_mse=0.00804309 val_mse=0.01537805 val_mae=0.09185727
[worker2/operator_darcy_student_lift_v1] [operator_darcy_student_lift_v1/ctrl_ft_lr3e4] [operator][epoch 060] lambda=0.0000 train_mse=0.00754952 val_mse=0.01759946 val_mae=0.09837723
[worker2/operator_darcy_student_lift_v1] [operator_darcy_student_lift_v1/ctrl_ft_lr3e4] [operator][epoch 060] updated live plot
[worker2/operator_darcy_student_lift_v1] [operator_darcy_student_lift_v1/ctrl_ft_lr3e4] [operator][epoch 061] lambda=0.0000 train_mse=0.00802121 val_mse=0.01477992 val_mae=0.09069679
[worker2/operator_darcy_student_lift_v1] [operator_darcy_student_lift_v1/ctrl_ft_lr3e4] [operator][epoch 062] lambda=0.0000 train_mse=0.00751854 val_mse=0.01515195 val_mae=0.09218796
[worker2/operator_darcy_student_lift_v1] [operator_darcy_student_lift_v1/ctrl_ft_lr3e4] [operator][epoch 063] lambda=0.0000 train_mse=0.00752051 val_mse=0.01446061 val_mae=0.08931392
[worker2/operator_darcy_student_lift_v1] [operator_darcy_student_lift_v1/ctrl_ft_lr3e4] [operator][epoch 064] lambda=0.0000 train_mse=0.00884224 val_mse=0.01775467 val_mae=0.09995765
[worker2/operator_darcy_student_lift_v1] [operator_darcy_student_lift_v1/ctrl_ft_lr3e4] [operator][epoch 065] lambda=0.0000 train_mse=0.00954335 val_mse=0.01614692 val_mae=0.09522248
[worker2/operator_darcy_student_lift_v1] [operator_darcy_student_lift_v1/ctrl_ft_lr3e4] [operator][epoch 066] lambda=0.0000 train_mse=0.00785084 val_mse=0.01452253 val_mae=0.08967097
[worker2/operator_darcy_student_lift_v1] [operator_darcy_student_lift_v1/ctrl_ft_lr3e4] [operator][epoch 067] lambda=0.0000 train_mse=0.00737473 val_mse=0.01453239 val_mae=0.08980433
[worker2/operator_darcy_student_lift_v1] [operator_darcy_student_lift_v1/ctrl_ft_lr3e4] [operator][epoch 068] lambda=0.0000 train_mse=0.00705755 val_mse=0.01454464 val_mae=0.08919405
[worker2/operator_darcy_student_lift_v1] [operator_darcy_student_lift_v1/ctrl_ft_lr3e4] [operator][epoch 069] lambda=0.0000 train_mse=0.00736443 val_mse=0.01437347 val_mae=0.08875505
[worker2/operator_darcy_student_lift_v1] [operator_darcy_student_lift_v1/ctrl_ft_lr3e4] [operator][epoch 070] lambda=0.0000 train_mse=0.00748507 val_mse=0.01736429 val_mae=0.09835554
[worker2/operator_darcy_student_lift_v1] [operator_darcy_student_lift_v1/ctrl_ft_lr3e4] [operator][epoch 071] lambda=0.0000 train_mse=0.00877656 val_mse=0.01478240 val_mae=0.09060007
[worker2/operator_darcy_student_lift_v1] [operator_darcy_student_lift_v1/ctrl_ft_lr3e4] [operator][epoch 072] lambda=0.0000 train_mse=0.00762519 val_mse=0.01411466 val_mae=0.08843125
[worker2/operator_darcy_student_lift_v1] [operator_darcy_student_lift_v1/ctrl_ft_lr3e4] [operator][epoch 073] lambda=0.0000 train_mse=0.00738306 val_mse=0.01515862 val_mae=0.09089926
[worker2/operator_darcy_student_lift_v1] [operator_darcy_student_lift_v1/ctrl_ft_lr3e4] [operator][epoch 074] lambda=0.0000 train_mse=0.00768249 val_mse=0.01515920 val_mae=0.09146850
[worker2/operator_darcy_student_lift_v1] [operator_darcy_student_lift_v1/ctrl_ft_lr3e4] [operator][epoch 075] lambda=0.0000 train_mse=0.00831369 val_mse=0.01506434 val_mae=0.09132081
[worker2/operator_darcy_student_lift_v1] [operator_darcy_student_lift_v1/ctrl_ft_lr3e4] [operator][epoch 076] lambda=0.0000 train_mse=0.00769748 val_mse=0.01467087 val_mae=0.08933245
[worker2/operator_darcy_student_lift_v1] [operator_darcy_student_lift_v1/ctrl_ft_lr3e4] [operator][epoch 077] lambda=0.0000 train_mse=0.00720959 val_mse=0.01457717 val_mae=0.08938841
[worker2/operator_darcy_student_lift_v1] [operator_darcy_student_lift_v1/ctrl_ft_lr3e4] [operator][epoch 078] lambda=0.0000 train_mse=0.00696295 val_mse=0.01404335 val_mae=0.08746536
[worker2/operator_darcy_student_lift_v1] [operator_darcy_student_lift_v1/ctrl_ft_lr3e4] [operator][epoch 079] lambda=0.0000 train_mse=0.00666245 val_mse=0.01469173 val_mae=0.08886990
[worker2/operator_darcy_student_lift_v1] [operator_darcy_student_lift_v1/ctrl_ft_lr3e4] [operator][epoch 080] lambda=0.0000 train_mse=0.00672003 val_mse=0.01468932 val_mae=0.08915340
[worker2/operator_darcy_student_lift_v1] [operator_darcy_student_lift_v1/ctrl_ft_lr3e4] [operator][epoch 080] updated live plot
[worker2/operator_darcy_student_lift_v1] [operator_darcy_student_lift_v1/ctrl_ft_lr3e4] [operator][epoch 081] lambda=0.0000 train_mse=0.00673012 val_mse=0.01444569 val_mae=0.08876123
[worker2/operator_darcy_student_lift_v1] [operator_darcy_student_lift_v1/ctrl_ft_lr3e4] [operator][epoch 082] lambda=0.0000 train_mse=0.00694860 val_mse=0.01379572 val_mae=0.08656851
[worker2/operator_darcy_student_lift_v1] [operator_darcy_student_lift_v1/ctrl_ft_lr3e4] [operator][epoch 083] lambda=0.0000 train_mse=0.00680899 val_mse=0.01430799 val_mae=0.08893209
[worker2/operator_darcy_student_lift_v1] [operator_darcy_student_lift_v1/ctrl_ft_lr3e4] [operator][epoch 084] lambda=0.0000 train_mse=0.00709294 val_mse=0.01493726 val_mae=0.08995925
[worker2/operator_darcy_student_lift_v1] [operator_darcy_student_lift_v1/ctrl_ft_lr3e4] [operator][epoch 085] lambda=0.0000 train_mse=0.00776751 val_mse=0.01814439 val_mae=0.10266282
[worker2/operator_darcy_student_lift_v1] [operator_darcy_student_lift_v1/ctrl_ft_lr3e4] [operator][epoch 086] lambda=0.0000 train_mse=0.00883468 val_mse=0.01613127 val_mae=0.09536624
[worker2/operator_darcy_student_lift_v1] [operator_darcy_student_lift_v1/ctrl_ft_lr3e4] [operator][epoch 087] lambda=0.0000 train_mse=0.01005641 val_mse=0.01579185 val_mae=0.09429479
[worker2/operator_darcy_student_lift_v1] [operator_darcy_student_lift_v1/ctrl_ft_lr3e4] [operator][epoch 088] lambda=0.0000 train_mse=0.00928541 val_mse=0.01507573 val_mae=0.09235025
[worker2/operator_darcy_student_lift_v1] [operator_darcy_student_lift_v1/ctrl_ft_lr3e4] [operator][epoch 089] lambda=0.0000 train_mse=0.00825355 val_mse=0.01518001 val_mae=0.09147987
[worker2/operator_darcy_student_lift_v1] [operator_darcy_student_lift_v1/ctrl_ft_lr3e4] [operator][epoch 090] lambda=0.0000 train_mse=0.00741092 val_mse=0.01380979 val_mae=0.08746288
[worker2/operator_darcy_student_lift_v1] [operator_darcy_student_lift_v1/ctrl_ft_lr3e4] [operator][epoch 090] updated live plot
[worker2/operator_darcy_student_lift_v1] [operator_darcy_student_lift_v1/ctrl_ft_lr3e4] [operator] done
[worker2/operator_darcy_student_lift_v1] [operator_darcy_student_lift_v1/ctrl_ft_lr3e4] [operator] dataset=darcy model=deeponet method=independent seed=2
[worker2/operator_darcy_student_lift_v1] [operator_darcy_student_lift_v1/ctrl_ft_lr3e4] [operator] loaded init_checkpoint=results/operator_ssml_tuned_v1/operator/darcy/deeponet_independent_mse_seed2/model.pt
[worker2/operator_darcy_student_lift_v1] [operator_darcy_student_lift_v1/ctrl_ft_lr3e4] [operator] run_dir=results/operator_darcy_student_lift_v1/ctrl_ft_lr3e4/operator/darcy/deeponet_independent_mse_seed2
[worker2/operator_darcy_student_lift_v1] [operator_darcy_student_lift_v1/ctrl_ft_lr3e4] [operator] params=592000
[worker2/operator_darcy_student_lift_v1] [operator_darcy_student_lift_v1/ctrl_ft_lr3e4] [operator] granularity=sample student_only=False freeze_peer=False peer_updates_disabled=False
[worker2/operator_darcy_student_lift_v1] [operator_darcy_student_lift_v1/ctrl_ft_lr3e4] [operator][epoch 001] lambda=0.0000 train_mse=0.02392610 val_mse=0.01962185 val_mae=0.10480159
[worker2/operator_darcy_student_lift_v1] [operator_darcy_student_lift_v1/ctrl_ft_lr3e4] [operator][epoch 002] lambda=0.0000 train_mse=0.01225195 val_mse=0.01842026 val_mae=0.10127517
[worker2/operator_darcy_student_lift_v1] [operator_darcy_student_lift_v1/ctrl_ft_lr3e4] [operator][epoch 003] lambda=0.0000 train_mse=0.01180020 val_mse=0.01828142 val_mae=0.10071989
[worker2/operator_darcy_student_lift_v1] [operator_darcy_student_lift_v1/ctrl_ft_lr3e4] [operator][epoch 004] lambda=0.0000 train_mse=0.01257570 val_mse=0.02098871 val_mae=0.10991626
[worker2/operator_darcy_student_lift_v1] [operator_darcy_student_lift_v1/ctrl_ft_lr3e4] [operator][epoch 005] lambda=0.0000 train_mse=0.01319611 val_mse=0.01890879 val_mae=0.10263672
[worker2/operator_darcy_student_lift_v1] [operator_darcy_student_lift_v1/ctrl_ft_lr3e4] [operator][epoch 006] lambda=0.0000 train_mse=0.01159652 val_mse=0.01848445 val_mae=0.10142448
[worker2/operator_darcy_student_lift_v1] [operator_darcy_student_lift_v1/ctrl_ft_lr3e4] [operator][epoch 007] lambda=0.0000 train_mse=0.01161055 val_mse=0.01896594 val_mae=0.10267732
[worker2/operator_darcy_student_lift_v1] [operator_darcy_student_lift_v1/ctrl_ft_lr3e4] [operator][epoch 008] lambda=0.0000 train_mse=0.01140041 val_mse=0.01805449 val_mae=0.10028971
[worker2/operator_darcy_student_lift_v1] [operator_darcy_student_lift_v1/ctrl_ft_lr3e4] [operator][epoch 009] lambda=0.0000 train_mse=0.01198136 val_mse=0.01935374 val_mae=0.10544300
[worker2/operator_darcy_student_lift_v1] [operator_darcy_student_lift_v1/ctrl_ft_lr3e4] [operator][epoch 010] lambda=0.0000 train_mse=0.01134760 val_mse=0.01810455 val_mae=0.10032444
[worker2/operator_darcy_student_lift_v1] [operator_darcy_student_lift_v1/ctrl_ft_lr3e4] [operator][epoch 011] lambda=0.0000 train_mse=0.01223602 val_mse=0.01959014 val_mae=0.10426661
[worker2/operator_darcy_student_lift_v1] [operator_darcy_student_lift_v1/ctrl_ft_lr3e4] [operator][epoch 012] lambda=0.0000 train_mse=0.01115804 val_mse=0.02106355 val_mae=0.10842602
[worker2/operator_darcy_student_lift_v1] [operator_darcy_student_lift_v1/ctrl_ft_lr3e4] [operator][epoch 013] lambda=0.0000 train_mse=0.01305021 val_mse=0.02179411 val_mae=0.10872531
[worker2/operator_darcy_student_lift_v1] [operator_darcy_student_lift_v1/ctrl_ft_lr3e4] [operator][epoch 014] lambda=0.0000 train_mse=0.01136425 val_mse=0.01871456 val_mae=0.10171793
[worker2/operator_darcy_student_lift_v1] [operator_darcy_student_lift_v1/ctrl_ft_lr3e4] [operator][epoch 015] lambda=0.0000 train_mse=0.01016857 val_mse=0.01783374 val_mae=0.09892828
[worker2/operator_darcy_student_lift_v1] [operator_darcy_student_lift_v1/ctrl_ft_lr3e4] [operator][epoch 016] lambda=0.0000 train_mse=0.01011841 val_mse=0.01799776 val_mae=0.09904509
[worker2/operator_darcy_student_lift_v1] [operator_darcy_student_lift_v1/ctrl_ft_lr3e4] [operator][epoch 017] lambda=0.0000 train_mse=0.01094758 val_mse=0.01828585 val_mae=0.10094654
[worker2/operator_darcy_student_lift_v1] [operator_darcy_student_lift_v1/ctrl_ft_lr3e4] [operator][epoch 018] lambda=0.0000 train_mse=0.00989175 val_mse=0.01722155 val_mae=0.09715227
[worker2/operator_darcy_student_lift_v1] [operator_darcy_student_lift_v1/ctrl_ft_lr3e4] [operator][epoch 019] lambda=0.0000 train_mse=0.01106193 val_mse=0.01848762 val_mae=0.10182679
[worker2/operator_darcy_student_lift_v1] [operator_darcy_student_lift_v1/ctrl_ft_lr3e4] [operator][epoch 020] lambda=0.0000 train_mse=0.01150286 val_mse=0.02204586 val_mae=0.10976318
[worker2/operator_darcy_student_lift_v1] [operator_darcy_student_lift_v1/ctrl_ft_lr3e4] [operator][epoch 020] updated live plot
[worker2/operator_darcy_student_lift_v1] [operator_darcy_student_lift_v1/ctrl_ft_lr3e4] [operator][epoch 021] lambda=0.0000 train_mse=0.01155319 val_mse=0.01945008 val_mae=0.10453500
[worker2/operator_darcy_student_lift_v1] [operator_darcy_student_lift_v1/ctrl_ft_lr3e4] [operator][epoch 022] lambda=0.0000 train_mse=0.01031515 val_mse=0.01780399 val_mae=0.09909645
[worker2/operator_darcy_student_lift_v1] [operator_darcy_student_lift_v1/ctrl_ft_lr3e4] [operator][epoch 023] lambda=0.0000 train_mse=0.01004932 val_mse=0.01793269 val_mae=0.09934128
[worker2/operator_darcy_student_lift_v1] [operator_darcy_student_lift_v1/ctrl_ft_lr3e4] [operator][epoch 024] lambda=0.0000 train_mse=0.01061066 val_mse=0.01917244 val_mae=0.10370888
[worker2/operator_darcy_student_lift_v1] [operator_darcy_student_lift_v1/ctrl_ft_lr3e4] [operator][epoch 025] lambda=0.0000 train_mse=0.00989361 val_mse=0.01784397 val_mae=0.09822221
[worker2/operator_darcy_student_lift_v1] [operator_darcy_student_lift_v1/ctrl_ft_lr3e4] [operator][epoch 026] lambda=0.0000 train_mse=0.00928634 val_mse=0.01773527 val_mae=0.09866659
[worker2/operator_darcy_student_lift_v1] [operator_darcy_student_lift_v1/ctrl_ft_lr3e4] [operator][epoch 027] lambda=0.0000 train_mse=0.01030198 val_mse=0.01973506 val_mae=0.10357585
[worker2/operator_darcy_student_lift_v1] [operator_darcy_student_lift_v1/ctrl_ft_lr3e4] [operator][epoch 028] lambda=0.0000 train_mse=0.01053557 val_mse=0.01761867 val_mae=0.09833746
[worker2/operator_darcy_student_lift_v1] [operator_darcy_student_lift_v1/ctrl_ft_lr3e4] [operator][epoch 029] lambda=0.0000 train_mse=0.00911163 val_mse=0.01683544 val_mae=0.09598768
[worker2/operator_darcy_student_lift_v1] [operator_darcy_student_lift_v1/ctrl_ft_lr3e4] [operator][epoch 030] lambda=0.0000 train_mse=0.01000215 val_mse=0.01731465 val_mae=0.09747519
[worker2/operator_darcy_student_lift_v1] [operator_darcy_student_lift_v1/ctrl_ft_lr3e4] [operator][epoch 031] lambda=0.0000 train_mse=0.01395699 val_mse=0.02164708 val_mae=0.11318521
[worker2/operator_darcy_student_lift_v1] [operator_darcy_student_lift_v1/ctrl_ft_lr3e4] [operator][epoch 032] lambda=0.0000 train_mse=0.01158634 val_mse=0.02017915 val_mae=0.10537876
[worker2/operator_darcy_student_lift_v1] [operator_darcy_student_lift_v1/ctrl_ft_lr3e4] [operator][epoch 033] lambda=0.0000 train_mse=0.00942791 val_mse=0.01666447 val_mae=0.09445182
[worker2/operator_darcy_student_lift_v1] [operator_darcy_student_lift_v1/ctrl_ft_lr3e4] [operator][epoch 034] lambda=0.0000 train_mse=0.00918642 val_mse=0.01650714 val_mae=0.09430973
[worker2/operator_darcy_student_lift_v1] [operator_darcy_student_lift_v1/ctrl_ft_lr3e4] [operator][epoch 035] lambda=0.0000 train_mse=0.00843230 val_mse=0.01696384 val_mae=0.09549971
[worker2/operator_darcy_student_lift_v1] [operator_darcy_student_lift_v1/ctrl_ft_lr3e4] [operator][epoch 036] lambda=0.0000 train_mse=0.00819696 val_mse=0.01663270 val_mae=0.09389888
[worker2/operator_darcy_student_lift_v1] [operator_darcy_student_lift_v1/ctrl_ft_lr3e4] [operator][epoch 037] lambda=0.0000 train_mse=0.00862598 val_mse=0.01703046 val_mae=0.09598188
[worker2/operator_darcy_student_lift_v1] [operator_darcy_student_lift_v1/ctrl_ft_lr3e4] [operator][epoch 038] lambda=0.0000 train_mse=0.00841273 val_mse=0.01677631 val_mae=0.09518109
[worker2/operator_darcy_student_lift_v1] [operator_darcy_student_lift_v1/ctrl_ft_lr3e4] [operator][epoch 039] lambda=0.0000 train_mse=0.00839536 val_mse=0.01656745 val_mae=0.09491538
[worker2/operator_darcy_student_lift_v1] [operator_darcy_student_lift_v1/ctrl_ft_lr3e4] [operator][epoch 040] lambda=0.0000 train_mse=0.00854224 val_mse=0.01697624 val_mae=0.09599493
[worker2/operator_darcy_student_lift_v1] [operator_darcy_student_lift_v1/ctrl_ft_lr3e4] [operator][epoch 040] updated live plot
[worker2/operator_darcy_student_lift_v1] [operator_darcy_student_lift_v1/ctrl_ft_lr3e4] [operator][epoch 041] lambda=0.0000 train_mse=0.00808040 val_mse=0.01625279 val_mae=0.09330550
[worker2/operator_darcy_student_lift_v1] [operator_darcy_student_lift_v1/ctrl_ft_lr3e4] [operator][epoch 042] lambda=0.0000 train_mse=0.00832739 val_mse=0.01744422 val_mae=0.09615261
[worker2/operator_darcy_student_lift_v1] [operator_darcy_student_lift_v1/ctrl_ft_lr3e4] [operator][epoch 043] lambda=0.0000 train_mse=0.00798950 val_mse=0.01727427 val_mae=0.09622278
[worker2/operator_darcy_student_lift_v1] [operator_darcy_student_lift_v1/ctrl_ft_lr3e4] [operator][epoch 044] lambda=0.0000 train_mse=0.00815607 val_mse=0.01642813 val_mae=0.09463625
[worker2/operator_darcy_student_lift_v1] [operator_darcy_student_lift_v1/ctrl_ft_lr3e4] [operator][epoch 045] lambda=0.0000 train_mse=0.00793649 val_mse=0.01620911 val_mae=0.09336763
[worker2/operator_darcy_student_lift_v1] [operator_darcy_student_lift_v1/ctrl_ft_lr3e4] [operator][epoch 046] lambda=0.0000 train_mse=0.00820868 val_mse=0.01730805 val_mae=0.09860386
[worker2/operator_darcy_student_lift_v1] [operator_darcy_student_lift_v1/ctrl_ft_lr3e4] [operator][epoch 047] lambda=0.0000 train_mse=0.00845108 val_mse=0.01573256 val_mae=0.09182720
[worker2/operator_darcy_student_lift_v1] [operator_darcy_student_lift_v1/ctrl_ft_lr3e4] [operator][epoch 048] lambda=0.0000 train_mse=0.00833789 val_mse=0.01726524 val_mae=0.09682827
[worker2/operator_darcy_student_lift_v1] [operator_darcy_student_lift_v1/ctrl_ft_lr3e4] [operator][epoch 049] lambda=0.0000 train_mse=0.00853035 val_mse=0.01681229 val_mae=0.09475437
[worker2/operator_darcy_student_lift_v1] [operator_darcy_student_lift_v1/ctrl_ft_lr3e4] [operator][epoch 050] lambda=0.0000 train_mse=0.00821403 val_mse=0.01835343 val_mae=0.09972220
[worker2/operator_darcy_student_lift_v1] [operator_darcy_student_lift_v1/ctrl_ft_lr3e4] [operator][epoch 051] lambda=0.0000 train_mse=0.00788256 val_mse=0.01725298 val_mae=0.09542645
[worker2/operator_darcy_student_lift_v1] [operator_darcy_student_lift_v1/ctrl_ft_lr3e4] [operator][epoch 052] lambda=0.0000 train_mse=0.01033219 val_mse=0.01822368 val_mae=0.09982846
[worker2/operator_darcy_student_lift_v1] [operator_darcy_student_lift_v1/ctrl_ft_lr3e4] [operator][epoch 053] lambda=0.0000 train_mse=0.00835949 val_mse=0.01558836 val_mae=0.09111914
[worker2/operator_darcy_student_lift_v1] [operator_darcy_student_lift_v1/ctrl_ft_lr3e4] [operator][epoch 054] lambda=0.0000 train_mse=0.00732020 val_mse=0.01603423 val_mae=0.09238909
[worker2/operator_darcy_student_lift_v1] [operator_darcy_student_lift_v1/ctrl_ft_lr3e4] [operator][epoch 055] lambda=0.0000 train_mse=0.00758576 val_mse=0.01564285 val_mae=0.09142309
[worker2/operator_darcy_student_lift_v1] [operator_darcy_student_lift_v1/ctrl_ft_lr3e4] [operator][epoch 056] lambda=0.0000 train_mse=0.00709207 val_mse=0.01531072 val_mae=0.09018124
[worker2/operator_darcy_student_lift_v1] [operator_darcy_student_lift_v1/ctrl_ft_lr3e4] [operator][epoch 057] lambda=0.0000 train_mse=0.00708970 val_mse=0.01538417 val_mae=0.09142084
[worker2/operator_darcy_student_lift_v1] [operator_darcy_student_lift_v1/ctrl_ft_lr3e4] [operator][epoch 058] lambda=0.0000 train_mse=0.00762627 val_mse=0.01545647 val_mae=0.09060830
[worker2/operator_darcy_student_lift_v1] [operator_darcy_student_lift_v1/ctrl_ft_lr3e4] [operator][epoch 059] lambda=0.0000 train_mse=0.00743110 val_mse=0.01590178 val_mae=0.09265086
[worker2/operator_darcy_student_lift_v1] [operator_darcy_student_lift_v1/ctrl_ft_lr3e4] [operator][epoch 060] lambda=0.0000 train_mse=0.00770284 val_mse=0.01627543 val_mae=0.09334261
[worker2/operator_darcy_student_lift_v1] [operator_darcy_student_lift_v1/ctrl_ft_lr3e4] [operator][epoch 060] updated live plot
[worker2/operator_darcy_student_lift_v1] [operator_darcy_student_lift_v1/ctrl_ft_lr3e4] [operator][epoch 061] lambda=0.0000 train_mse=0.00759199 val_mse=0.01634122 val_mae=0.09411142
[worker2/operator_darcy_student_lift_v1] [operator_darcy_student_lift_v1/ctrl_ft_lr3e4] [operator][epoch 062] lambda=0.0000 train_mse=0.00885861 val_mse=0.01598232 val_mae=0.09352998
[worker2/operator_darcy_student_lift_v1] [operator_darcy_student_lift_v1/ctrl_ft_lr3e4] [operator][epoch 063] lambda=0.0000 train_mse=0.00771907 val_mse=0.01526200 val_mae=0.08995426
[worker2/operator_darcy_student_lift_v1] [operator_darcy_student_lift_v1/ctrl_ft_lr3e4] [operator][epoch 064] lambda=0.0000 train_mse=0.00753032 val_mse=0.01663088 val_mae=0.09482446
[worker2/operator_darcy_student_lift_v1] [operator_darcy_student_lift_v1/ctrl_ft_lr3e4] [operator][epoch 065] lambda=0.0000 train_mse=0.00794614 val_mse=0.01526016 val_mae=0.09043720
[worker2/operator_darcy_student_lift_v1] [operator_darcy_student_lift_v1/ctrl_ft_lr3e4] [operator][epoch 066] lambda=0.0000 train_mse=0.00740219 val_mse=0.01516522 val_mae=0.08983493
[worker2/operator_darcy_student_lift_v1] [operator_darcy_student_lift_v1/ctrl_ft_lr3e4] [operator][epoch 067] lambda=0.0000 train_mse=0.00659933 val_mse=0.01473159 val_mae=0.08789542
[worker2/operator_darcy_student_lift_v1] [operator_darcy_student_lift_v1/ctrl_ft_lr3e4] [operator][epoch 068] lambda=0.0000 train_mse=0.00636472 val_mse=0.01465974 val_mae=0.08858733
[worker2/operator_darcy_student_lift_v1] [operator_darcy_student_lift_v1/ctrl_ft_lr3e4] [operator][epoch 069] lambda=0.0000 train_mse=0.00674207 val_mse=0.01643792 val_mae=0.09326282
[worker2/operator_darcy_student_lift_v1] [operator_darcy_student_lift_v1/ctrl_ft_lr3e4] [operator][epoch 070] lambda=0.0000 train_mse=0.00772673 val_mse=0.01704997 val_mae=0.09626524
[worker2/operator_darcy_student_lift_v1] [operator_darcy_student_lift_v1/ctrl_ft_lr3e4] [operator][epoch 071] lambda=0.0000 train_mse=0.00737849 val_mse=0.01497213 val_mae=0.08936334
[worker2/operator_darcy_student_lift_v1] [operator_darcy_student_lift_v1/ctrl_ft_lr3e4] [operator][epoch 072] lambda=0.0000 train_mse=0.00712887 val_mse=0.01536497 val_mae=0.09061956
[worker2/operator_darcy_student_lift_v1] [operator_darcy_student_lift_v1/ctrl_ft_lr3e4] [operator][epoch 073] lambda=0.0000 train_mse=0.00676638 val_mse=0.01514701 val_mae=0.08982810
[worker2/operator_darcy_student_lift_v1] [operator_darcy_student_lift_v1/ctrl_ft_lr3e4] [operator][epoch 074] lambda=0.0000 train_mse=0.00668474 val_mse=0.01453248 val_mae=0.08796888
[worker2/operator_darcy_student_lift_v1] [operator_darcy_student_lift_v1/ctrl_ft_lr3e4] [operator][epoch 075] lambda=0.0000 train_mse=0.00629764 val_mse=0.01533310 val_mae=0.09009304
[worker2/operator_darcy_student_lift_v1] [operator_darcy_student_lift_v1/ctrl_ft_lr3e4] [operator][epoch 076] lambda=0.0000 train_mse=0.00621953 val_mse=0.01489718 val_mae=0.08916154
[worker2/operator_darcy_student_lift_v1] [operator_darcy_student_lift_v1/ctrl_ft_lr3e4] [operator][epoch 077] lambda=0.0000 train_mse=0.00612756 val_mse=0.01444494 val_mae=0.08756239
[worker2/operator_darcy_student_lift_v1] [operator_darcy_student_lift_v1/ctrl_ft_lr3e4] [operator][epoch 078] lambda=0.0000 train_mse=0.00605758 val_mse=0.01518706 val_mae=0.09003053
[worker2/operator_darcy_student_lift_v1] [operator_darcy_student_lift_v1/ctrl_ft_lr3e4] [operator][epoch 079] lambda=0.0000 train_mse=0.00600259 val_mse=0.01413356 val_mae=0.08666775
[worker2/operator_darcy_student_lift_v1] [operator_darcy_student_lift_v1/ctrl_ft_lr3e4] [operator][epoch 080] lambda=0.0000 train_mse=0.00601045 val_mse=0.01420121 val_mae=0.08632969
[worker2/operator_darcy_student_lift_v1] [operator_darcy_student_lift_v1/ctrl_ft_lr3e4] [operator][epoch 080] updated live plot
[worker2/operator_darcy_student_lift_v1] [operator_darcy_student_lift_v1/ctrl_ft_lr3e4] [operator][epoch 081] lambda=0.0000 train_mse=0.00611440 val_mse=0.01562786 val_mae=0.09104434
[worker2/operator_darcy_student_lift_v1] [operator_darcy_student_lift_v1/ctrl_ft_lr3e4] [operator][epoch 082] lambda=0.0000 train_mse=0.00634694 val_mse=0.01474245 val_mae=0.08862536
[worker2/operator_darcy_student_lift_v1] [operator_darcy_student_lift_v1/ctrl_ft_lr3e4] [operator][epoch 083] lambda=0.0000 train_mse=0.00656508 val_mse=0.01534731 val_mae=0.08984672
[worker2/operator_darcy_student_lift_v1] [operator_darcy_student_lift_v1/ctrl_ft_lr3e4] [operator][epoch 084] lambda=0.0000 train_mse=0.00690493 val_mse=0.01507470 val_mae=0.08928482
[worker2/operator_darcy_student_lift_v1] [operator_darcy_student_lift_v1/ctrl_ft_lr3e4] [operator][epoch 085] lambda=0.0000 train_mse=0.00706954 val_mse=0.01527594 val_mae=0.09133561
[worker2/operator_darcy_student_lift_v1] [operator_darcy_student_lift_v1/ctrl_ft_lr3e4] [operator][epoch 086] lambda=0.0000 train_mse=0.00806705 val_mse=0.01591856 val_mae=0.09415809
[worker2/operator_darcy_student_lift_v1] [operator_darcy_student_lift_v1/ctrl_ft_lr3e4] [operator][epoch 087] lambda=0.0000 train_mse=0.00796200 val_mse=0.01570732 val_mae=0.09236815
[worker2/operator_darcy_student_lift_v1] [operator_darcy_student_lift_v1/ctrl_ft_lr3e4] [operator][epoch 088] lambda=0.0000 train_mse=0.00739719 val_mse=0.01554569 val_mae=0.09008602
[worker2/operator_darcy_student_lift_v1] [operator_darcy_student_lift_v1/ctrl_ft_lr3e4] [operator][epoch 089] lambda=0.0000 train_mse=0.00648197 val_mse=0.01449855 val_mae=0.08746062
[worker2/operator_darcy_student_lift_v1] [operator_darcy_student_lift_v1/ctrl_ft_lr3e4] [operator][epoch 090] lambda=0.0000 train_mse=0.00665769 val_mse=0.01456339 val_mae=0.08759731
[worker2/operator_darcy_student_lift_v1] [operator_darcy_student_lift_v1/ctrl_ft_lr3e4] [operator][epoch 090] updated live plot
[worker2/operator_darcy_student_lift_v1] [operator_darcy_student_lift_v1/ctrl_ft_lr3e4] [operator] done
[worker2/operator_darcy_student_lift_v1] [operator_darcy_student_lift_v1/sample_ft_l010_w5_d20_70_lr3e4] lock -> /home/namkyeong/ssmo/results/.locks/operator_darcy_student_lift_v1_sample_ft_l010_w5_d20_70_lr3e4.lock
[worker2/operator_darcy_student_lift_v1] [operator_darcy_student_lift_v1/sample_ft_l010_w5_d20_70_lr3e4] log -> results/logs/operator_darcy_student_lift_v1/sample_ft_l010_w5_d20_70_lr3e4.log
[worker2/operator_darcy_student_lift_v1] [operator_darcy_student_lift_v1/sample_ft_l010_w5_d20_70_lr3e4] [operator] output_dir=results/operator_darcy_student_lift_v1/sample_ft_l010_w5_d20_70_lr3e4
[worker2/operator_darcy_student_lift_v1] [operator_darcy_student_lift_v1/sample_ft_l010_w5_d20_70_lr3e4] [operator] methods=ssml
[worker2/operator_darcy_student_lift_v1] [operator_darcy_student_lift_v1/sample_ft_l010_w5_d20_70_lr3e4] [operator] model_pairs=deeponet:fno
[worker2/operator_darcy_student_lift_v1] [operator_darcy_student_lift_v1/sample_ft_l010_w5_d20_70_lr3e4] [operator] dataset=darcy pair=deeponet:fno method=ssml seed=0
[worker2/operator_darcy_student_lift_v1] [operator_darcy_student_lift_v1/sample_ft_l010_w5_d20_70_lr3e4] [operator] loaded init_checkpoint=results/operator_ssml_tuned_v1/operator/darcy/deeponet_independent_mse_seed0/model.pt
[worker2/operator_darcy_student_lift_v1] [operator_darcy_student_lift_v1/sample_ft_l010_w5_d20_70_lr3e4] [operator] loaded peer_init_checkpoint=results/operator_ssml_tuned_v1/operator/darcy/fno_independent_mse_seed0/model.pt
[worker2/operator_darcy_student_lift_v1] [operator_darcy_student_lift_v1/sample_ft_l010_w5_d20_70_lr3e4] [operator] run_dir=results/operator_darcy_student_lift_v1/sample_ft_l010_w5_d20_70_lr3e4/operator/darcy/deeponet__fno_ssml_mse_seed0
[worker2/operator_darcy_student_lift_v1] [operator_darcy_student_lift_v1/sample_ft_l010_w5_d20_70_lr3e4] [operator] params=592000
[worker2/operator_darcy_student_lift_v1] [operator_darcy_student_lift_v1/sample_ft_l010_w5_d20_70_lr3e4] [operator] granularity=sample student_only=True freeze_peer=True peer_updates_disabled=True
[worker2/operator_darcy_student_lift_v1] [operator_darcy_student_lift_v1/sample_ft_l010_w5_d20_70_lr3e4] [operator][epoch 001] lambda=0.0000 train_mse=0.02841123 val_mse=0.01988857 val_mae=0.10547042 | peer_val_mse=0.00368145 peer_val_mae=0.03564186
[worker2/operator_darcy_student_lift_v1] [operator_darcy_student_lift_v1/sample_ft_l010_w5_d20_70_lr3e4] [operator][epoch 002] lambda=0.0000 train_mse=0.01218158 val_mse=0.01861051 val_mae=0.10232443 | peer_val_mse=0.00368145 peer_val_mae=0.03564186
[worker2/operator_darcy_student_lift_v1] [operator_darcy_student_lift_v1/sample_ft_l010_w5_d20_70_lr3e4] [operator][epoch 003] lambda=0.0000 train_mse=0.01215873 val_mse=0.01923035 val_mae=0.10424296 | peer_val_mse=0.00368145 peer_val_mae=0.03564186
[worker2/operator_darcy_student_lift_v1] [operator_darcy_student_lift_v1/sample_ft_l010_w5_d20_70_lr3e4] [operator][epoch 004] lambda=0.0000 train_mse=0.01151187 val_mse=0.01799074 val_mae=0.10023926 | peer_val_mse=0.00368145 peer_val_mae=0.03564186
[worker2/operator_darcy_student_lift_v1] [operator_darcy_student_lift_v1/sample_ft_l010_w5_d20_70_lr3e4] [operator][epoch 005] lambda=0.0000 train_mse=0.01138276 val_mse=0.01778286 val_mae=0.09990732 | peer_val_mse=0.00368145 peer_val_mae=0.03564186
[worker2/operator_darcy_student_lift_v1] [operator_darcy_student_lift_v1/sample_ft_l010_w5_d20_70_lr3e4] [operator][epoch 006] lambda=0.1000 train_mse=0.01274166 val_mse=0.01753552 val_mae=0.09965155 | peer_val_mse=0.00368145 peer_val_mae=0.03564186
[worker2/operator_darcy_student_lift_v1] [operator_darcy_student_lift_v1/sample_ft_l010_w5_d20_70_lr3e4] [operator][epoch 007] lambda=0.1000 train_mse=0.01346180 val_mse=0.01955690 val_mae=0.10516481 | peer_val_mse=0.00368145 peer_val_mae=0.03564186
[worker2/operator_darcy_student_lift_v1] [operator_darcy_student_lift_v1/sample_ft_l010_w5_d20_70_lr3e4] [operator][epoch 008] lambda=0.1000 train_mse=0.01400643 val_mse=0.01945433 val_mae=0.10473521 | peer_val_mse=0.00368145 peer_val_mae=0.03564186
[worker2/operator_darcy_student_lift_v1] [operator_darcy_student_lift_v1/sample_ft_l010_w5_d20_70_lr3e4] [operator][epoch 009] lambda=0.1000 train_mse=0.01273914 val_mse=0.01932295 val_mae=0.10366243 | peer_val_mse=0.00368145 peer_val_mae=0.03564186
[worker2/operator_darcy_student_lift_v1] [operator_darcy_student_lift_v1/sample_ft_l010_w5_d20_70_lr3e4] [operator][epoch 010] lambda=0.1000 train_mse=0.01347175 val_mse=0.01901895 val_mae=0.10335439 | peer_val_mse=0.00368145 peer_val_mae=0.03564186
[worker2/operator_darcy_student_lift_v1] [operator_darcy_student_lift_v1/sample_ft_l010_w5_d20_70_lr3e4] [operator][epoch 011] lambda=0.1000 train_mse=0.01395847 val_mse=0.01819541 val_mae=0.10199750 | peer_val_mse=0.00368145 peer_val_mae=0.03564186
[worker2/operator_darcy_student_lift_v1] [operator_darcy_student_lift_v1/sample_ft_l010_w5_d20_70_lr3e4] [operator][epoch 012] lambda=0.1000 train_mse=0.01258783 val_mse=0.01782386 val_mae=0.10047968 | peer_val_mse=0.00368145 peer_val_mae=0.03564186
[worker2/operator_darcy_student_lift_v1] [operator_darcy_student_lift_v1/sample_ft_l010_w5_d20_70_lr3e4] [operator][epoch 013] lambda=0.1000 train_mse=0.01260968 val_mse=0.01875980 val_mae=0.10232864 | peer_val_mse=0.00368145 peer_val_mae=0.03564186
[worker2/operator_darcy_student_lift_v1] [operator_darcy_student_lift_v1/sample_ft_l010_w5_d20_70_lr3e4] [operator][epoch 014] lambda=0.1000 train_mse=0.01426960 val_mse=0.01781440 val_mae=0.10060761 | peer_val_mse=0.00368145 peer_val_mae=0.03564186
[worker2/operator_darcy_student_lift_v1] [operator_darcy_student_lift_v1/sample_ft_l010_w5_d20_70_lr3e4] [operator][epoch 015] lambda=0.1000 train_mse=0.01242857 val_mse=0.01741072 val_mae=0.09869561 | peer_val_mse=0.00368145 peer_val_mae=0.03564186
[worker2/operator_darcy_student_lift_v1] [operator_darcy_student_lift_v1/sample_ft_l010_w5_d20_70_lr3e4] [operator][epoch 016] lambda=0.1000 train_mse=0.01122417 val_mse=0.01668836 val_mae=0.09693251 | peer_val_mse=0.00368145 peer_val_mae=0.03564186
[worker2/operator_darcy_student_lift_v1] [operator_darcy_student_lift_v1/sample_ft_l010_w5_d20_70_lr3e4] [operator][epoch 017] lambda=0.1000 train_mse=0.01125476 val_mse=0.01877186 val_mae=0.10288102 | peer_val_mse=0.00368145 peer_val_mae=0.03564186
[worker2/operator_darcy_student_lift_v1] [operator_darcy_student_lift_v1/sample_ft_l010_w5_d20_70_lr3e4] [operator][epoch 018] lambda=0.1000 train_mse=0.01131541 val_mse=0.01904430 val_mae=0.10413319 | peer_val_mse=0.00368145 peer_val_mae=0.03564186
[worker2/operator_darcy_student_lift_v1] [operator_darcy_student_lift_v1/sample_ft_l010_w5_d20_70_lr3e4] [operator][epoch 019] lambda=0.1000 train_mse=0.01112459 val_mse=0.01664776 val_mae=0.09681618 | peer_val_mse=0.00368145 peer_val_mae=0.03564186
[worker2/operator_darcy_student_lift_v1] [operator_darcy_student_lift_v1/sample_ft_l010_w5_d20_70_lr3e4] [operator][epoch 020] lambda=0.1000 train_mse=0.01095444 val_mse=0.01840160 val_mae=0.10328272 | peer_val_mse=0.00368145 peer_val_mae=0.03564186
[worker2/operator_darcy_student_lift_v1] [operator_darcy_student_lift_v1/sample_ft_l010_w5_d20_70_lr3e4] [operator][epoch 020] updated live plot
[worker2/operator_darcy_student_lift_v1] [operator_darcy_student_lift_v1/sample_ft_l010_w5_d20_70_lr3e4] [operator][epoch 021] lambda=0.0982 train_mse=0.01662126 val_mse=0.02312854 val_mae=0.11590796 | peer_val_mse=0.00368145 peer_val_mae=0.03564186
[worker2/operator_darcy_student_lift_v1] [operator_darcy_student_lift_v1/sample_ft_l010_w5_d20_70_lr3e4] [operator][epoch 022] lambda=0.0964 train_mse=0.01358723 val_mse=0.01826612 val_mae=0.10075058 | peer_val_mse=0.00368145 peer_val_mae=0.03564186
[worker2/operator_darcy_student_lift_v1] [operator_darcy_student_lift_v1/sample_ft_l010_w5_d20_70_lr3e4] [operator][epoch 023] lambda=0.0946 train_mse=0.01180264 val_mse=0.01785931 val_mae=0.10042704 | peer_val_mse=0.00368145 peer_val_mae=0.03564186
[worker2/operator_darcy_student_lift_v1] [operator_darcy_student_lift_v1/sample_ft_l010_w5_d20_70_lr3e4] [operator][epoch 024] lambda=0.0928 train_mse=0.01066307 val_mse=0.01702737 val_mae=0.09705629 | peer_val_mse=0.00368145 peer_val_mae=0.03564186
[worker2/operator_darcy_student_lift_v1] [operator_darcy_student_lift_v1/sample_ft_l010_w5_d20_70_lr3e4] [operator][epoch 025] lambda=0.0910 train_mse=0.01042335 val_mse=0.01764253 val_mae=0.09919474 | peer_val_mse=0.00368145 peer_val_mae=0.03564186
[worker2/operator_darcy_student_lift_v1] [operator_darcy_student_lift_v1/sample_ft_l010_w5_d20_70_lr3e4] [operator][epoch 026] lambda=0.0892 train_mse=0.00986804 val_mse=0.01587466 val_mae=0.09396203 | peer_val_mse=0.00368145 peer_val_mae=0.03564186
[worker2/operator_darcy_student_lift_v1] [operator_darcy_student_lift_v1/sample_ft_l010_w5_d20_70_lr3e4] [operator][epoch 027] lambda=0.0874 train_mse=0.00998787 val_mse=0.01629560 val_mae=0.09523917 | peer_val_mse=0.00368145 peer_val_mae=0.03564186
[worker2/operator_darcy_student_lift_v1] [operator_darcy_student_lift_v1/sample_ft_l010_w5_d20_70_lr3e4] [operator][epoch 028] lambda=0.0856 train_mse=0.01001410 val_mse=0.01613718 val_mae=0.09416531 | peer_val_mse=0.00368145 peer_val_mae=0.03564186
[worker2/operator_darcy_student_lift_v1] [operator_darcy_student_lift_v1/sample_ft_l010_w5_d20_70_lr3e4] [operator][epoch 029] lambda=0.0838 train_mse=0.01014900 val_mse=0.01571939 val_mae=0.09348837 | peer_val_mse=0.00368145 peer_val_mae=0.03564186
[worker2/operator_darcy_student_lift_v1] [operator_darcy_student_lift_v1/sample_ft_l010_w5_d20_70_lr3e4] [operator][epoch 030] lambda=0.0820 train_mse=0.01389224 val_mse=0.02351477 val_mae=0.11656139 | peer_val_mse=0.00368145 peer_val_mae=0.03564186
[worker2/operator_darcy_student_lift_v1] [operator_darcy_student_lift_v1/sample_ft_l010_w5_d20_70_lr3e4] [operator][epoch 031] lambda=0.0802 train_mse=0.01213471 val_mse=0.01662075 val_mae=0.09614533 | peer_val_mse=0.00368145 peer_val_mae=0.03564186
[worker2/operator_darcy_student_lift_v1] [operator_darcy_student_lift_v1/sample_ft_l010_w5_d20_70_lr3e4] [operator][epoch 032] lambda=0.0784 train_mse=0.01020788 val_mse=0.01637688 val_mae=0.09460412 | peer_val_mse=0.00368145 peer_val_mae=0.03564186
[worker2/operator_darcy_student_lift_v1] [operator_darcy_student_lift_v1/sample_ft_l010_w5_d20_70_lr3e4] [operator][epoch 033] lambda=0.0766 train_mse=0.00963147 val_mse=0.01585412 val_mae=0.09340321 | peer_val_mse=0.00368145 peer_val_mae=0.03564186
[worker2/operator_darcy_student_lift_v1] [operator_darcy_student_lift_v1/sample_ft_l010_w5_d20_70_lr3e4] [operator][epoch 034] lambda=0.0748 train_mse=0.00924889 val_mse=0.01597610 val_mae=0.09406781 | peer_val_mse=0.00368145 peer_val_mae=0.03564186
[worker2/operator_darcy_student_lift_v1] [operator_darcy_student_lift_v1/sample_ft_l010_w5_d20_70_lr3e4] [operator][epoch 035] lambda=0.0730 train_mse=0.00943355 val_mse=0.01652911 val_mae=0.09563501 | peer_val_mse=0.00368145 peer_val_mae=0.03564186
[worker2/operator_darcy_student_lift_v1] [operator_darcy_student_lift_v1/sample_ft_l010_w5_d20_70_lr3e4] [operator][epoch 036] lambda=0.0712 train_mse=0.01039270 val_mse=0.01640260 val_mae=0.09609370 | peer_val_mse=0.00368145 peer_val_mae=0.03564186
[worker2/operator_darcy_student_lift_v1] [operator_darcy_student_lift_v1/sample_ft_l010_w5_d20_70_lr3e4] [operator][epoch 037] lambda=0.0694 train_mse=0.00980526 val_mse=0.01586729 val_mae=0.09416525 | peer_val_mse=0.00368145 peer_val_mae=0.03564186
[worker2/operator_darcy_student_lift_v1] [operator_darcy_student_lift_v1/sample_ft_l010_w5_d20_70_lr3e4] [operator][epoch 038] lambda=0.0676 train_mse=0.00883436 val_mse=0.01530754 val_mae=0.09149976 | peer_val_mse=0.00368145 peer_val_mae=0.03564186
[worker2/operator_darcy_student_lift_v1] [operator_darcy_student_lift_v1/sample_ft_l010_w5_d20_70_lr3e4] [operator][epoch 039] lambda=0.0658 train_mse=0.00859185 val_mse=0.01509813 val_mae=0.09095817 | peer_val_mse=0.00368145 peer_val_mae=0.03564186
[worker2/operator_darcy_student_lift_v1] [operator_darcy_student_lift_v1/sample_ft_l010_w5_d20_70_lr3e4] [operator][epoch 040] lambda=0.0640 train_mse=0.00837738 val_mse=0.01500683 val_mae=0.09111828 | peer_val_mse=0.00368145 peer_val_mae=0.03564186
[worker2/operator_darcy_student_lift_v1] [operator_darcy_student_lift_v1/sample_ft_l010_w5_d20_70_lr3e4] [operator][epoch 040] updated live plot
[worker2/operator_darcy_student_lift_v1] [operator_darcy_student_lift_v1/sample_ft_l010_w5_d20_70_lr3e4] [operator][epoch 041] lambda=0.0622 train_mse=0.00853837 val_mse=0.01529134 val_mae=0.09165800 | peer_val_mse=0.00368145 peer_val_mae=0.03564186
[worker2/operator_darcy_student_lift_v1] [operator_darcy_student_lift_v1/sample_ft_l010_w5_d20_70_lr3e4] [operator][epoch 042] lambda=0.0604 train_mse=0.00919236 val_mse=0.02059511 val_mae=0.10895821 | peer_val_mse=0.00368145 peer_val_mae=0.03564186
[worker2/operator_darcy_student_lift_v1] [operator_darcy_student_lift_v1/sample_ft_l010_w5_d20_70_lr3e4] [operator][epoch 043] lambda=0.0586 train_mse=0.01484985 val_mse=0.01702925 val_mae=0.09904500 | peer_val_mse=0.00368145 peer_val_mae=0.03564186
[worker2/operator_darcy_student_lift_v1] [operator_darcy_student_lift_v1/sample_ft_l010_w5_d20_70_lr3e4] [operator][epoch 044] lambda=0.0568 train_mse=0.01238973 val_mse=0.01577138 val_mae=0.09339083 | peer_val_mse=0.00368145 peer_val_mae=0.03564186
[worker2/operator_darcy_student_lift_v1] [operator_darcy_student_lift_v1/sample_ft_l010_w5_d20_70_lr3e4] [operator][epoch 045] lambda=0.0550 train_mse=0.00919736 val_mse=0.01489486 val_mae=0.09052146 | peer_val_mse=0.00368145 peer_val_mae=0.03564186
[worker2/operator_darcy_student_lift_v1] [operator_darcy_student_lift_v1/sample_ft_l010_w5_d20_70_lr3e4] [operator][epoch 046] lambda=0.0532 train_mse=0.00828143 val_mse=0.01469185 val_mae=0.08998007 | peer_val_mse=0.00368145 peer_val_mae=0.03564186
[worker2/operator_darcy_student_lift_v1] [operator_darcy_student_lift_v1/sample_ft_l010_w5_d20_70_lr3e4] [operator][epoch 047] lambda=0.0514 train_mse=0.00810011 val_mse=0.01440537 val_mae=0.08922224 | peer_val_mse=0.00368145 peer_val_mae=0.03564186
[worker2/operator_darcy_student_lift_v1] [operator_darcy_student_lift_v1/sample_ft_l010_w5_d20_70_lr3e4] [operator][epoch 048] lambda=0.0496 train_mse=0.00859178 val_mse=0.01561142 val_mae=0.09261792 | peer_val_mse=0.00368145 peer_val_mae=0.03564186
[worker2/operator_darcy_student_lift_v1] [operator_darcy_student_lift_v1/sample_ft_l010_w5_d20_70_lr3e4] [operator][epoch 049] lambda=0.0478 train_mse=0.00860700 val_mse=0.01467758 val_mae=0.08907318 | peer_val_mse=0.00368145 peer_val_mae=0.03564186
[worker2/operator_darcy_student_lift_v1] [operator_darcy_student_lift_v1/sample_ft_l010_w5_d20_70_lr3e4] [operator][epoch 050] lambda=0.0460 train_mse=0.00777689 val_mse=0.01506826 val_mae=0.09097254 | peer_val_mse=0.00368145 peer_val_mae=0.03564186
[worker2/operator_darcy_student_lift_v1] [operator_darcy_student_lift_v1/sample_ft_l010_w5_d20_70_lr3e4] [operator][epoch 051] lambda=0.0442 train_mse=0.00756977 val_mse=0.01507097 val_mae=0.09025252 | peer_val_mse=0.00368145 peer_val_mae=0.03564186
[worker2/operator_darcy_student_lift_v1] [operator_darcy_student_lift_v1/sample_ft_l010_w5_d20_70_lr3e4] [operator][epoch 052] lambda=0.0424 train_mse=0.00755507 val_mse=0.01467377 val_mae=0.08954710 | peer_val_mse=0.00368145 peer_val_mae=0.03564186
[worker2/operator_darcy_student_lift_v1] [operator_darcy_student_lift_v1/sample_ft_l010_w5_d20_70_lr3e4] [operator][epoch 053] lambda=0.0406 train_mse=0.00746865 val_mse=0.01440106 val_mae=0.08833920 | peer_val_mse=0.00368145 peer_val_mae=0.03564186
[worker2/operator_darcy_student_lift_v1] [operator_darcy_student_lift_v1/sample_ft_l010_w5_d20_70_lr3e4] [operator][epoch 054] lambda=0.0388 train_mse=0.00749375 val_mse=0.01443817 val_mae=0.08917587 | peer_val_mse=0.00368145 peer_val_mae=0.03564186
[worker2/operator_darcy_student_lift_v1] [operator_darcy_student_lift_v1/sample_ft_l010_w5_d20_70_lr3e4] [operator][epoch 055] lambda=0.0370 train_mse=0.00762999 val_mse=0.01528381 val_mae=0.09176558 | peer_val_mse=0.00368145 peer_val_mae=0.03564186
[worker2/operator_darcy_student_lift_v1] [operator_darcy_student_lift_v1/sample_ft_l010_w5_d20_70_lr3e4] [operator][epoch 056] lambda=0.0352 train_mse=0.00967090 val_mse=0.01703727 val_mae=0.09597955 | peer_val_mse=0.00368145 peer_val_mae=0.03564186
[worker2/operator_darcy_student_lift_v1] [operator_darcy_student_lift_v1/sample_ft_l010_w5_d20_70_lr3e4] [operator][epoch 057] lambda=0.0334 train_mse=0.01024329 val_mse=0.01555165 val_mae=0.09320212 | peer_val_mse=0.00368145 peer_val_mae=0.03564186
[worker2/operator_darcy_student_lift_v1] [operator_darcy_student_lift_v1/sample_ft_l010_w5_d20_70_lr3e4] [operator][epoch 058] lambda=0.0316 train_mse=0.00818394 val_mse=0.01478390 val_mae=0.09082085 | peer_val_mse=0.00368145 peer_val_mae=0.03564186
[worker2/operator_darcy_student_lift_v1] [operator_darcy_student_lift_v1/sample_ft_l010_w5_d20_70_lr3e4] [operator][epoch 059] lambda=0.0298 train_mse=0.00825303 val_mse=0.01445117 val_mae=0.08885129 | peer_val_mse=0.00368145 peer_val_mae=0.03564186
[worker2/operator_darcy_student_lift_v1] [operator_darcy_student_lift_v1/sample_ft_l010_w5_d20_70_lr3e4] [operator][epoch 060] lambda=0.0280 train_mse=0.00731726 val_mse=0.01585465 val_mae=0.09358835 | peer_val_mse=0.00368145 peer_val_mae=0.03564186
[worker2/operator_darcy_student_lift_v1] [operator_darcy_student_lift_v1/sample_ft_l010_w5_d20_70_lr3e4] [operator][epoch 060] updated live plot
[worker2/operator_darcy_student_lift_v1] [operator_darcy_student_lift_v1/sample_ft_l010_w5_d20_70_lr3e4] [operator][epoch 061] lambda=0.0262 train_mse=0.00732238 val_mse=0.01457861 val_mae=0.08946254 | peer_val_mse=0.00368145 peer_val_mae=0.03564186
[worker2/operator_darcy_student_lift_v1] [operator_darcy_student_lift_v1/sample_ft_l010_w5_d20_70_lr3e4] [operator][epoch 062] lambda=0.0244 train_mse=0.00700406 val_mse=0.01395121 val_mae=0.08703150 | peer_val_mse=0.00368145 peer_val_mae=0.03564186
[worker2/operator_darcy_student_lift_v1] [operator_darcy_student_lift_v1/sample_ft_l010_w5_d20_70_lr3e4] [operator][epoch 063] lambda=0.0226 train_mse=0.00693080 val_mse=0.01418516 val_mae=0.08676903 | peer_val_mse=0.00368145 peer_val_mae=0.03564186
[worker2/operator_darcy_student_lift_v1] [operator_darcy_student_lift_v1/sample_ft_l010_w5_d20_70_lr3e4] [operator][epoch 064] lambda=0.0208 train_mse=0.00700502 val_mse=0.01419551 val_mae=0.08677687 | peer_val_mse=0.00368145 peer_val_mae=0.03564186
[worker2/operator_darcy_student_lift_v1] [operator_darcy_student_lift_v1/sample_ft_l010_w5_d20_70_lr3e4] [operator][epoch 065] lambda=0.0190 train_mse=0.00681837 val_mse=0.01423693 val_mae=0.08756069 | peer_val_mse=0.00368145 peer_val_mae=0.03564186
[worker2/operator_darcy_student_lift_v1] [operator_darcy_student_lift_v1/sample_ft_l010_w5_d20_70_lr3e4] [operator][epoch 066] lambda=0.0172 train_mse=0.00673964 val_mse=0.01383374 val_mae=0.08606597 | peer_val_mse=0.00368145 peer_val_mae=0.03564186
[worker2/operator_darcy_student_lift_v1] [operator_darcy_student_lift_v1/sample_ft_l010_w5_d20_70_lr3e4] [operator][epoch 067] lambda=0.0154 train_mse=0.00679145 val_mse=0.01574157 val_mae=0.09308271 | peer_val_mse=0.00368145 peer_val_mae=0.03564186
[worker2/operator_darcy_student_lift_v1] [operator_darcy_student_lift_v1/sample_ft_l010_w5_d20_70_lr3e4] [operator][epoch 068] lambda=0.0136 train_mse=0.00845737 val_mse=0.01426489 val_mae=0.08883318 | peer_val_mse=0.00368145 peer_val_mae=0.03564186
[worker2/operator_darcy_student_lift_v1] [operator_darcy_student_lift_v1/sample_ft_l010_w5_d20_70_lr3e4] [operator][epoch 069] lambda=0.0118 train_mse=0.00781538 val_mse=0.01602573 val_mae=0.09419031 | peer_val_mse=0.00368145 peer_val_mae=0.03564186
[worker2/operator_darcy_student_lift_v1] [operator_darcy_student_lift_v1/sample_ft_l010_w5_d20_70_lr3e4] [operator][epoch 070] lambda=0.0100 train_mse=0.00787665 val_mse=0.01544700 val_mae=0.09202027 | peer_val_mse=0.00368145 peer_val_mae=0.03564186
[worker2/operator_darcy_student_lift_v1] [operator_darcy_student_lift_v1/sample_ft_l010_w5_d20_70_lr3e4] [operator][epoch 071] lambda=0.0100 train_mse=0.00737360 val_mse=0.01423096 val_mae=0.08735334 | peer_val_mse=0.00368145 peer_val_mae=0.03564186
[worker2/operator_darcy_student_lift_v1] [operator_darcy_student_lift_v1/sample_ft_l010_w5_d20_70_lr3e4] [operator][epoch 072] lambda=0.0100 train_mse=0.00671757 val_mse=0.01379873 val_mae=0.08624869 | peer_val_mse=0.00368145 peer_val_mae=0.03564186
[worker2/operator_darcy_student_lift_v1] [operator_darcy_student_lift_v1/sample_ft_l010_w5_d20_70_lr3e4] [operator][epoch 073] lambda=0.0100 train_mse=0.00669080 val_mse=0.01345593 val_mae=0.08537435 | peer_val_mse=0.00368145 peer_val_mae=0.03564186
[worker2/operator_darcy_student_lift_v1] [operator_darcy_student_lift_v1/sample_ft_l010_w5_d20_70_lr3e4] [operator][epoch 074] lambda=0.0100 train_mse=0.00622649 val_mse=0.01326202 val_mae=0.08417612 | peer_val_mse=0.00368145 peer_val_mae=0.03564186
[worker2/operator_darcy_student_lift_v1] [operator_darcy_student_lift_v1/sample_ft_l010_w5_d20_70_lr3e4] [operator][epoch 075] lambda=0.0100 train_mse=0.00647850 val_mse=0.01372307 val_mae=0.08680398 | peer_val_mse=0.00368145 peer_val_mae=0.03564186
[worker2/operator_darcy_student_lift_v1] [operator_darcy_student_lift_v1/sample_ft_l010_w5_d20_70_lr3e4] [operator][epoch 076] lambda=0.0100 train_mse=0.00803832 val_mse=0.01506466 val_mae=0.09092660 | peer_val_mse=0.00368145 peer_val_mae=0.03564186
[worker2/operator_darcy_student_lift_v1] [operator_darcy_student_lift_v1/sample_ft_l010_w5_d20_70_lr3e4] [operator][epoch 077] lambda=0.0100 train_mse=0.00764614 val_mse=0.01557161 val_mae=0.09292325 | peer_val_mse=0.00368145 peer_val_mae=0.03564186
[worker2/operator_darcy_student_lift_v1] [operator_darcy_student_lift_v1/sample_ft_l010_w5_d20_70_lr3e4] [operator][epoch 078] lambda=0.0100 train_mse=0.00726070 val_mse=0.01364792 val_mae=0.08558184 | peer_val_mse=0.00368145 peer_val_mae=0.03564186
[worker2/operator_darcy_student_lift_v1] [operator_darcy_student_lift_v1/sample_ft_l010_w5_d20_70_lr3e4] [operator][epoch 079] lambda=0.0100 train_mse=0.00623319 val_mse=0.01462274 val_mae=0.08993690 | peer_val_mse=0.00368145 peer_val_mae=0.03564186
[worker2/operator_darcy_student_lift_v1] [operator_darcy_student_lift_v1/sample_ft_l010_w5_d20_70_lr3e4] [operator][epoch 080] lambda=0.0100 train_mse=0.00644925 val_mse=0.01336657 val_mae=0.08461602 | peer_val_mse=0.00368145 peer_val_mae=0.03564186
[worker2/operator_darcy_student_lift_v1] [operator_darcy_student_lift_v1/sample_ft_l010_w5_d20_70_lr3e4] [operator][epoch 080] updated live plot
[worker2/operator_darcy_student_lift_v1] [operator_darcy_student_lift_v1/sample_ft_l010_w5_d20_70_lr3e4] [operator][epoch 081] lambda=0.0100 train_mse=0.00652822 val_mse=0.01365612 val_mae=0.08559410 | peer_val_mse=0.00368145 peer_val_mae=0.03564186
[worker2/operator_darcy_student_lift_v1] [operator_darcy_student_lift_v1/sample_ft_l010_w5_d20_70_lr3e4] [operator][epoch 082] lambda=0.0100 train_mse=0.00616057 val_mse=0.01336307 val_mae=0.08453928 | peer_val_mse=0.00368145 peer_val_mae=0.03564186
[worker2/operator_darcy_student_lift_v1] [operator_darcy_student_lift_v1/sample_ft_l010_w5_d20_70_lr3e4] [operator][epoch 083] lambda=0.0100 train_mse=0.00607124 val_mse=0.01433828 val_mae=0.08810903 | peer_val_mse=0.00368145 peer_val_mae=0.03564186
[worker2/operator_darcy_student_lift_v1] [operator_darcy_student_lift_v1/sample_ft_l010_w5_d20_70_lr3e4] [operator][epoch 084] lambda=0.0100 train_mse=0.00670985 val_mse=0.01387408 val_mae=0.08694444 | peer_val_mse=0.00368145 peer_val_mae=0.03564186
[worker2/operator_darcy_student_lift_v1] [operator_darcy_student_lift_v1/sample_ft_l010_w5_d20_70_lr3e4] [operator][epoch 085] lambda=0.0100 train_mse=0.00624800 val_mse=0.01350476 val_mae=0.08481838 | peer_val_mse=0.00368145 peer_val_mae=0.03564186
[worker2/operator_darcy_student_lift_v1] [operator_darcy_student_lift_v1/sample_ft_l010_w5_d20_70_lr3e4] [operator][epoch 086] lambda=0.0100 train_mse=0.00607049 val_mse=0.01507068 val_mae=0.08933340 | peer_val_mse=0.00368145 peer_val_mae=0.03564186
[worker2/operator_darcy_student_lift_v1] [operator_darcy_student_lift_v1/sample_ft_l010_w5_d20_70_lr3e4] [operator][epoch 087] lambda=0.0100 train_mse=0.00650806 val_mse=0.01361786 val_mae=0.08560055 | peer_val_mse=0.00368145 peer_val_mae=0.03564186
[worker2/operator_darcy_student_lift_v1] [operator_darcy_student_lift_v1/sample_ft_l010_w5_d20_70_lr3e4] [operator][epoch 088] lambda=0.0100 train_mse=0.00611202 val_mse=0.01428012 val_mae=0.08827085 | peer_val_mse=0.00368145 peer_val_mae=0.03564186
[worker2/operator_darcy_student_lift_v1] [operator_darcy_student_lift_v1/sample_ft_l010_w5_d20_70_lr3e4] [operator][epoch 089] lambda=0.0100 train_mse=0.00673461 val_mse=0.01377673 val_mae=0.08616185 | peer_val_mse=0.00368145 peer_val_mae=0.03564186
[worker2/operator_darcy_student_lift_v1] [operator_darcy_student_lift_v1/sample_ft_l010_w5_d20_70_lr3e4] [operator][epoch 090] lambda=0.0100 train_mse=0.00640222 val_mse=0.01351500 val_mae=0.08495140 | peer_val_mse=0.00368145 peer_val_mae=0.03564186
[worker2/operator_darcy_student_lift_v1] [operator_darcy_student_lift_v1/sample_ft_l010_w5_d20_70_lr3e4] [operator][epoch 090] updated live plot
[worker2/operator_darcy_student_lift_v1] [operator_darcy_student_lift_v1/sample_ft_l010_w5_d20_70_lr3e4] [operator] done
[worker2/operator_darcy_student_lift_v1] [operator_darcy_student_lift_v1/sample_ft_l010_w5_d20_70_lr3e4] [operator] dataset=darcy pair=deeponet:fno method=ssml seed=1
[worker2/operator_darcy_student_lift_v1] [operator_darcy_student_lift_v1/sample_ft_l010_w5_d20_70_lr3e4] [operator] loaded init_checkpoint=results/operator_ssml_tuned_v1/operator/darcy/deeponet_independent_mse_seed1/model.pt
[worker2/operator_darcy_student_lift_v1] [operator_darcy_student_lift_v1/sample_ft_l010_w5_d20_70_lr3e4] [operator] loaded peer_init_checkpoint=results/operator_ssml_tuned_v1/operator/darcy/fno_independent_mse_seed1/model.pt
[worker2/operator_darcy_student_lift_v1] [operator_darcy_student_lift_v1/sample_ft_l010_w5_d20_70_lr3e4] [operator] run_dir=results/operator_darcy_student_lift_v1/sample_ft_l010_w5_d20_70_lr3e4/operator/darcy/deeponet__fno_ssml_mse_seed1
[worker2/operator_darcy_student_lift_v1] [operator_darcy_student_lift_v1/sample_ft_l010_w5_d20_70_lr3e4] [operator] params=592000
[worker2/operator_darcy_student_lift_v1] [operator_darcy_student_lift_v1/sample_ft_l010_w5_d20_70_lr3e4] [operator] granularity=sample student_only=True freeze_peer=True peer_updates_disabled=True
[worker2/operator_darcy_student_lift_v1] [operator_darcy_student_lift_v1/sample_ft_l010_w5_d20_70_lr3e4] [operator][epoch 001] lambda=0.0000 train_mse=0.03325168 val_mse=0.01878899 val_mae=0.10419083 | peer_val_mse=0.00281669 peer_val_mae=0.03477113
[worker2/operator_darcy_student_lift_v1] [operator_darcy_student_lift_v1/sample_ft_l010_w5_d20_70_lr3e4] [operator][epoch 002] lambda=0.0000 train_mse=0.01223417 val_mse=0.01809317 val_mae=0.10142577 | peer_val_mse=0.00281669 peer_val_mae=0.03477113
[worker2/operator_darcy_student_lift_v1] [operator_darcy_student_lift_v1/sample_ft_l010_w5_d20_70_lr3e4] [operator][epoch 003] lambda=0.0000 train_mse=0.01199145 val_mse=0.01830339 val_mae=0.10255849 | peer_val_mse=0.00281669 peer_val_mae=0.03477113
[worker2/operator_darcy_student_lift_v1] [operator_darcy_student_lift_v1/sample_ft_l010_w5_d20_70_lr3e4] [operator][epoch 004] lambda=0.0000 train_mse=0.01163641 val_mse=0.01821190 val_mae=0.10253867 | peer_val_mse=0.00281669 peer_val_mae=0.03477113
[worker2/operator_darcy_student_lift_v1] [operator_darcy_student_lift_v1/sample_ft_l010_w5_d20_70_lr3e4] [operator][epoch 005] lambda=0.0000 train_mse=0.01186515 val_mse=0.02014358 val_mae=0.10853577 | peer_val_mse=0.00281669 peer_val_mae=0.03477113
[worker2/operator_darcy_student_lift_v1] [operator_darcy_student_lift_v1/sample_ft_l010_w5_d20_70_lr3e4] [operator][epoch 006] lambda=0.1000 train_mse=0.01507921 val_mse=0.01808256 val_mae=0.10174250 | peer_val_mse=0.00281669 peer_val_mae=0.03477113
[worker2/operator_darcy_student_lift_v1] [operator_darcy_student_lift_v1/sample_ft_l010_w5_d20_70_lr3e4] [operator][epoch 007] lambda=0.1000 train_mse=0.01291534 val_mse=0.01920632 val_mae=0.10413121 | peer_val_mse=0.00281669 peer_val_mae=0.03477113
[worker2/operator_darcy_student_lift_v1] [operator_darcy_student_lift_v1/sample_ft_l010_w5_d20_70_lr3e4] [operator][epoch 008] lambda=0.1000 train_mse=0.01480529 val_mse=0.02046574 val_mae=0.10935160 | peer_val_mse=0.00281669 peer_val_mae=0.03477113
[worker2/operator_darcy_student_lift_v1] [operator_darcy_student_lift_v1/sample_ft_l010_w5_d20_70_lr3e4] [operator][epoch 009] lambda=0.1000 train_mse=0.01281661 val_mse=0.01771421 val_mae=0.10070643 | peer_val_mse=0.00281669 peer_val_mae=0.03477113
[worker2/operator_darcy_student_lift_v1] [operator_darcy_student_lift_v1/sample_ft_l010_w5_d20_70_lr3e4] [operator][epoch 010] lambda=0.1000 train_mse=0.01281623 val_mse=0.01795434 val_mae=0.10153806 | peer_val_mse=0.00281669 peer_val_mae=0.03477113
[worker2/operator_darcy_student_lift_v1] [operator_darcy_student_lift_v1/sample_ft_l010_w5_d20_70_lr3e4] [operator][epoch 011] lambda=0.1000 train_mse=0.01287684 val_mse=0.01766275 val_mae=0.10026816 | peer_val_mse=0.00281669 peer_val_mae=0.03477113
[worker2/operator_darcy_student_lift_v1] [operator_darcy_student_lift_v1/sample_ft_l010_w5_d20_70_lr3e4] [operator][epoch 012] lambda=0.1000 train_mse=0.01407700 val_mse=0.01856561 val_mae=0.10287536 | peer_val_mse=0.00281669 peer_val_mae=0.03477113
[worker2/operator_darcy_student_lift_v1] [operator_darcy_student_lift_v1/sample_ft_l010_w5_d20_70_lr3e4] [operator][epoch 013] lambda=0.1000 train_mse=0.01365380 val_mse=0.01774261 val_mae=0.10043653 | peer_val_mse=0.00281669 peer_val_mae=0.03477113
[worker2/operator_darcy_student_lift_v1] [operator_darcy_student_lift_v1/sample_ft_l010_w5_d20_70_lr3e4] [operator][epoch 014] lambda=0.1000 train_mse=0.01270897 val_mse=0.01885798 val_mae=0.10405578 | peer_val_mse=0.00281669 peer_val_mae=0.03477113
[worker2/operator_darcy_student_lift_v1] [operator_darcy_student_lift_v1/sample_ft_l010_w5_d20_70_lr3e4] [operator][epoch 015] lambda=0.1000 train_mse=0.01271491 val_mse=0.01691614 val_mae=0.09829823 | peer_val_mse=0.00281669 peer_val_mae=0.03477113
[worker2/operator_darcy_student_lift_v1] [operator_darcy_student_lift_v1/sample_ft_l010_w5_d20_70_lr3e4] [operator][epoch 016] lambda=0.1000 train_mse=0.01272414 val_mse=0.01849314 val_mae=0.10350934 | peer_val_mse=0.00281669 peer_val_mae=0.03477113
[worker2/operator_darcy_student_lift_v1] [operator_darcy_student_lift_v1/sample_ft_l010_w5_d20_70_lr3e4] [operator][epoch 017] lambda=0.1000 train_mse=0.01354003 val_mse=0.01818198 val_mae=0.10138781 | peer_val_mse=0.00281669 peer_val_mae=0.03477113
[worker2/operator_darcy_student_lift_v1] [operator_darcy_student_lift_v1/sample_ft_l010_w5_d20_70_lr3e4] [operator][epoch 018] lambda=0.1000 train_mse=0.01194557 val_mse=0.01698801 val_mae=0.09870610 | peer_val_mse=0.00281669 peer_val_mae=0.03477113
[worker2/operator_darcy_student_lift_v1] [operator_darcy_student_lift_v1/sample_ft_l010_w5_d20_70_lr3e4] [operator][epoch 019] lambda=0.1000 train_mse=0.01302916 val_mse=0.01851437 val_mae=0.10343827 | peer_val_mse=0.00281669 peer_val_mae=0.03477113
[worker2/operator_darcy_student_lift_v1] [operator_darcy_student_lift_v1/sample_ft_l010_w5_d20_70_lr3e4] [operator][epoch 020] lambda=0.1000 train_mse=0.01244298 val_mse=0.01664518 val_mae=0.09699405 | peer_val_mse=0.00281669 peer_val_mae=0.03477113
[worker2/operator_darcy_student_lift_v1] [operator_darcy_student_lift_v1/sample_ft_l010_w5_d20_70_lr3e4] [operator][epoch 020] updated live plot
[worker2/operator_darcy_student_lift_v1] [operator_darcy_student_lift_v1/sample_ft_l010_w5_d20_70_lr3e4] [operator][epoch 021] lambda=0.0982 train_mse=0.01181173 val_mse=0.01676810 val_mae=0.09734579 | peer_val_mse=0.00281669 peer_val_mae=0.03477113
[worker2/operator_darcy_student_lift_v1] [operator_darcy_student_lift_v1/sample_ft_l010_w5_d20_70_lr3e4] [operator][epoch 022] lambda=0.0964 train_mse=0.01246240 val_mse=0.01808527 val_mae=0.10245279 | peer_val_mse=0.00281669 peer_val_mae=0.03477113
[worker2/operator_darcy_student_lift_v1] [operator_darcy_student_lift_v1/sample_ft_l010_w5_d20_70_lr3e4] [operator][epoch 023] lambda=0.0946 train_mse=0.01269239 val_mse=0.01805484 val_mae=0.10161730 | peer_val_mse=0.00281669 peer_val_mae=0.03477113
[worker2/operator_darcy_student_lift_v1] [operator_darcy_student_lift_v1/sample_ft_l010_w5_d20_70_lr3e4] [operator][epoch 024] lambda=0.0928 train_mse=0.01359463 val_mse=0.01939242 val_mae=0.10561291 | peer_val_mse=0.00281669 peer_val_mae=0.03477113
[worker2/operator_darcy_student_lift_v1] [operator_darcy_student_lift_v1/sample_ft_l010_w5_d20_70_lr3e4] [operator][epoch 025] lambda=0.0910 train_mse=0.01260935 val_mse=0.01744888 val_mae=0.10057616 | peer_val_mse=0.00281669 peer_val_mae=0.03477113
[worker2/operator_darcy_student_lift_v1] [operator_darcy_student_lift_v1/sample_ft_l010_w5_d20_70_lr3e4] [operator][epoch 026] lambda=0.0892 train_mse=0.01130097 val_mse=0.01605059 val_mae=0.09522514 | peer_val_mse=0.00281669 peer_val_mae=0.03477113
[worker2/operator_darcy_student_lift_v1] [operator_darcy_student_lift_v1/sample_ft_l010_w5_d20_70_lr3e4] [operator][epoch 027] lambda=0.0874 train_mse=0.01099832 val_mse=0.01807572 val_mae=0.10182921 | peer_val_mse=0.00281669 peer_val_mae=0.03477113
[worker2/operator_darcy_student_lift_v1] [operator_darcy_student_lift_v1/sample_ft_l010_w5_d20_70_lr3e4] [operator][epoch 028] lambda=0.0856 train_mse=0.01043771 val_mse=0.01687999 val_mae=0.09752466 | peer_val_mse=0.00281669 peer_val_mae=0.03477113
[worker2/operator_darcy_student_lift_v1] [operator_darcy_student_lift_v1/sample_ft_l010_w5_d20_70_lr3e4] [operator][epoch 029] lambda=0.0838 train_mse=0.01140375 val_mse=0.01867485 val_mae=0.10362187 | peer_val_mse=0.00281669 peer_val_mae=0.03477113
[worker2/operator_darcy_student_lift_v1] [operator_darcy_student_lift_v1/sample_ft_l010_w5_d20_70_lr3e4] [operator][epoch 030] lambda=0.0820 train_mse=0.01075136 val_mse=0.01693467 val_mae=0.09801603 | peer_val_mse=0.00281669 peer_val_mae=0.03477113
[worker2/operator_darcy_student_lift_v1] [operator_darcy_student_lift_v1/sample_ft_l010_w5_d20_70_lr3e4] [operator][epoch 031] lambda=0.0802 train_mse=0.00983446 val_mse=0.01715287 val_mae=0.09855256 | peer_val_mse=0.00281669 peer_val_mae=0.03477113
[worker2/operator_darcy_student_lift_v1] [operator_darcy_student_lift_v1/sample_ft_l010_w5_d20_70_lr3e4] [operator][epoch 032] lambda=0.0784 train_mse=0.01048545 val_mse=0.01698177 val_mae=0.09816067 | peer_val_mse=0.00281669 peer_val_mae=0.03477113
[worker2/operator_darcy_student_lift_v1] [operator_darcy_student_lift_v1/sample_ft_l010_w5_d20_70_lr3e4] [operator][epoch 033] lambda=0.0766 train_mse=0.01126379 val_mse=0.01615917 val_mae=0.09641731 | peer_val_mse=0.00281669 peer_val_mae=0.03477113
[worker2/operator_darcy_student_lift_v1] [operator_darcy_student_lift_v1/sample_ft_l010_w5_d20_70_lr3e4] [operator][epoch 034] lambda=0.0748 train_mse=0.01148793 val_mse=0.01522347 val_mae=0.09337075 | peer_val_mse=0.00281669 peer_val_mae=0.03477113
[worker2/operator_darcy_student_lift_v1] [operator_darcy_student_lift_v1/sample_ft_l010_w5_d20_70_lr3e4] [operator][epoch 035] lambda=0.0730 train_mse=0.01074428 val_mse=0.01624857 val_mae=0.09546421 | peer_val_mse=0.00281669 peer_val_mae=0.03477113
[worker2/operator_darcy_student_lift_v1] [operator_darcy_student_lift_v1/sample_ft_l010_w5_d20_70_lr3e4] [operator][epoch 036] lambda=0.0712 train_mse=0.01015263 val_mse=0.01755361 val_mae=0.09953258 | peer_val_mse=0.00281669 peer_val_mae=0.03477113
[worker2/operator_darcy_student_lift_v1] [operator_darcy_student_lift_v1/sample_ft_l010_w5_d20_70_lr3e4] [operator][epoch 037] lambda=0.0694 train_mse=0.00951452 val_mse=0.01633475 val_mae=0.09585726 | peer_val_mse=0.00281669 peer_val_mae=0.03477113
[worker2/operator_darcy_student_lift_v1] [operator_darcy_student_lift_v1/sample_ft_l010_w5_d20_70_lr3e4] [operator][epoch 038] lambda=0.0676 train_mse=0.01051241 val_mse=0.01748633 val_mae=0.09861645 | peer_val_mse=0.00281669 peer_val_mae=0.03477113
[worker2/operator_darcy_student_lift_v1] [operator_darcy_student_lift_v1/sample_ft_l010_w5_d20_70_lr3e4] [operator][epoch 039] lambda=0.0658 train_mse=0.01311075 val_mse=0.01821556 val_mae=0.10175064 | peer_val_mse=0.00281669 peer_val_mae=0.03477113
[worker2/operator_darcy_student_lift_v1] [operator_darcy_student_lift_v1/sample_ft_l010_w5_d20_70_lr3e4] [operator][epoch 040] lambda=0.0640 train_mse=0.01060444 val_mse=0.01565643 val_mae=0.09373407 | peer_val_mse=0.00281669 peer_val_mae=0.03477113
[worker2/operator_darcy_student_lift_v1] [operator_darcy_student_lift_v1/sample_ft_l010_w5_d20_70_lr3e4] [operator][epoch 040] updated live plot
[worker2/operator_darcy_student_lift_v1] [operator_darcy_student_lift_v1/sample_ft_l010_w5_d20_70_lr3e4] [operator][epoch 041] lambda=0.0622 train_mse=0.01048923 val_mse=0.01699191 val_mae=0.09846683 | peer_val_mse=0.00281669 peer_val_mae=0.03477113
[worker2/operator_darcy_student_lift_v1] [operator_darcy_student_lift_v1/sample_ft_l010_w5_d20_70_lr3e4] [operator][epoch 042] lambda=0.0604 train_mse=0.00963555 val_mse=0.01701373 val_mae=0.09765077 | peer_val_mse=0.00281669 peer_val_mae=0.03477113
[worker2/operator_darcy_student_lift_v1] [operator_darcy_student_lift_v1/sample_ft_l010_w5_d20_70_lr3e4] [operator][epoch 043] lambda=0.0586 train_mse=0.00928322 val_mse=0.01599530 val_mae=0.09522660 | peer_val_mse=0.00281669 peer_val_mae=0.03477113
[worker2/operator_darcy_student_lift_v1] [operator_darcy_student_lift_v1/sample_ft_l010_w5_d20_70_lr3e4] [operator][epoch 044] lambda=0.0568 train_mse=0.00960657 val_mse=0.01552396 val_mae=0.09292235 | peer_val_mse=0.00281669 peer_val_mae=0.03477113
[worker2/operator_darcy_student_lift_v1] [operator_darcy_student_lift_v1/sample_ft_l010_w5_d20_70_lr3e4] [operator][epoch 045] lambda=0.0550 train_mse=0.00912794 val_mse=0.01570318 val_mae=0.09330562 | peer_val_mse=0.00281669 peer_val_mae=0.03477113
[worker2/operator_darcy_student_lift_v1] [operator_darcy_student_lift_v1/sample_ft_l010_w5_d20_70_lr3e4] [operator][epoch 046] lambda=0.0532 train_mse=0.01040445 val_mse=0.01782635 val_mae=0.10116827 | peer_val_mse=0.00281669 peer_val_mae=0.03477113
[worker2/operator_darcy_student_lift_v1] [operator_darcy_student_lift_v1/sample_ft_l010_w5_d20_70_lr3e4] [operator][epoch 047] lambda=0.0514 train_mse=0.01505447 val_mse=0.01823399 val_mae=0.10264867 | peer_val_mse=0.00281669 peer_val_mae=0.03477113
[worker2/operator_darcy_student_lift_v1] [operator_darcy_student_lift_v1/sample_ft_l010_w5_d20_70_lr3e4] [operator][epoch 048] lambda=0.0496 train_mse=0.01204706 val_mse=0.01643731 val_mae=0.09562650 | peer_val_mse=0.00281669 peer_val_mae=0.03477113
[worker2/operator_darcy_student_lift_v1] [operator_darcy_student_lift_v1/sample_ft_l010_w5_d20_70_lr3e4] [operator][epoch 049] lambda=0.0478 train_mse=0.00918363 val_mse=0.01527823 val_mae=0.09288200 | peer_val_mse=0.00281669 peer_val_mae=0.03477113
[worker2/operator_darcy_student_lift_v1] [operator_darcy_student_lift_v1/sample_ft_l010_w5_d20_70_lr3e4] [operator][epoch 050] lambda=0.0460 train_mse=0.00855332 val_mse=0.01517793 val_mae=0.09167945 | peer_val_mse=0.00281669 peer_val_mae=0.03477113
[worker2/operator_darcy_student_lift_v1] [operator_darcy_student_lift_v1/sample_ft_l010_w5_d20_70_lr3e4] [operator][epoch 051] lambda=0.0442 train_mse=0.00852200 val_mse=0.01503737 val_mae=0.09197097 | peer_val_mse=0.00281669 peer_val_mae=0.03477113
[worker2/operator_darcy_student_lift_v1] [operator_darcy_student_lift_v1/sample_ft_l010_w5_d20_70_lr3e4] [operator][epoch 052] lambda=0.0424 train_mse=0.00900176 val_mse=0.01701098 val_mae=0.09738921 | peer_val_mse=0.00281669 peer_val_mae=0.03477113
[worker2/operator_darcy_student_lift_v1] [operator_darcy_student_lift_v1/sample_ft_l010_w5_d20_70_lr3e4] [operator][epoch 053] lambda=0.0406 train_mse=0.00866539 val_mse=0.01531151 val_mae=0.09245107 | peer_val_mse=0.00281669 peer_val_mae=0.03477113
[worker2/operator_darcy_student_lift_v1] [operator_darcy_student_lift_v1/sample_ft_l010_w5_d20_70_lr3e4] [operator][epoch 054] lambda=0.0388 train_mse=0.00815508 val_mse=0.01497483 val_mae=0.09106664 | peer_val_mse=0.00281669 peer_val_mae=0.03477113
[worker2/operator_darcy_student_lift_v1] [operator_darcy_student_lift_v1/sample_ft_l010_w5_d20_70_lr3e4] [operator][epoch 055] lambda=0.0370 train_mse=0.00858367 val_mse=0.01499848 val_mae=0.09120788 | peer_val_mse=0.00281669 peer_val_mae=0.03477113
[worker2/operator_darcy_student_lift_v1] [operator_darcy_student_lift_v1/sample_ft_l010_w5_d20_70_lr3e4] [operator][epoch 056] lambda=0.0352 train_mse=0.00849544 val_mse=0.01574728 val_mae=0.09468325 | peer_val_mse=0.00281669 peer_val_mae=0.03477113
[worker2/operator_darcy_student_lift_v1] [operator_darcy_student_lift_v1/sample_ft_l010_w5_d20_70_lr3e4] [operator][epoch 057] lambda=0.0334 train_mse=0.00834651 val_mse=0.01540185 val_mae=0.09308772 | peer_val_mse=0.00281669 peer_val_mae=0.03477113
[worker2/operator_darcy_student_lift_v1] [operator_darcy_student_lift_v1/sample_ft_l010_w5_d20_70_lr3e4] [operator][epoch 058] lambda=0.0316 train_mse=0.00792046 val_mse=0.01486368 val_mae=0.09086422 | peer_val_mse=0.00281669 peer_val_mae=0.03477113
[worker2/operator_darcy_student_lift_v1] [operator_darcy_student_lift_v1/sample_ft_l010_w5_d20_70_lr3e4] [operator][epoch 059] lambda=0.0298 train_mse=0.00897518 val_mse=0.01815878 val_mae=0.10180309 | peer_val_mse=0.00281669 peer_val_mae=0.03477113
[worker2/operator_darcy_student_lift_v1] [operator_darcy_student_lift_v1/sample_ft_l010_w5_d20_70_lr3e4] [operator][epoch 060] lambda=0.0280 train_mse=0.00947081 val_mse=0.01584365 val_mae=0.09418916 | peer_val_mse=0.00281669 peer_val_mae=0.03477113
[worker2/operator_darcy_student_lift_v1] [operator_darcy_student_lift_v1/sample_ft_l010_w5_d20_70_lr3e4] [operator][epoch 060] updated live plot
[worker2/operator_darcy_student_lift_v1] [operator_darcy_student_lift_v1/sample_ft_l010_w5_d20_70_lr3e4] [operator][epoch 061] lambda=0.0262 train_mse=0.00868443 val_mse=0.01430969 val_mae=0.08865249 | peer_val_mse=0.00281669 peer_val_mae=0.03477113
[worker2/operator_darcy_student_lift_v1] [operator_darcy_student_lift_v1/sample_ft_l010_w5_d20_70_lr3e4] [operator][epoch 062] lambda=0.0244 train_mse=0.00779534 val_mse=0.01644801 val_mae=0.09517347 | peer_val_mse=0.00281669 peer_val_mae=0.03477113
[worker2/operator_darcy_student_lift_v1] [operator_darcy_student_lift_v1/sample_ft_l010_w5_d20_70_lr3e4] [operator][epoch 063] lambda=0.0226 train_mse=0.00824528 val_mse=0.01493756 val_mae=0.09077227 | peer_val_mse=0.00281669 peer_val_mae=0.03477113
[worker2/operator_darcy_student_lift_v1] [operator_darcy_student_lift_v1/sample_ft_l010_w5_d20_70_lr3e4] [operator][epoch 064] lambda=0.0208 train_mse=0.00756057 val_mse=0.01492147 val_mae=0.09017911 | peer_val_mse=0.00281669 peer_val_mae=0.03477113
[worker2/operator_darcy_student_lift_v1] [operator_darcy_student_lift_v1/sample_ft_l010_w5_d20_70_lr3e4] [operator][epoch 065] lambda=0.0190 train_mse=0.00727050 val_mse=0.01455497 val_mae=0.08928372 | peer_val_mse=0.00281669 peer_val_mae=0.03477113
[worker2/operator_darcy_student_lift_v1] [operator_darcy_student_lift_v1/sample_ft_l010_w5_d20_70_lr3e4] [operator][epoch 066] lambda=0.0172 train_mse=0.00817511 val_mse=0.01547156 val_mae=0.09299189 | peer_val_mse=0.00281669 peer_val_mae=0.03477113
[worker2/operator_darcy_student_lift_v1] [operator_darcy_student_lift_v1/sample_ft_l010_w5_d20_70_lr3e4] [operator][epoch 067] lambda=0.0154 train_mse=0.00870462 val_mse=0.01617638 val_mae=0.09500172 | peer_val_mse=0.00281669 peer_val_mae=0.03477113
[worker2/operator_darcy_student_lift_v1] [operator_darcy_student_lift_v1/sample_ft_l010_w5_d20_70_lr3e4] [operator][epoch 068] lambda=0.0136 train_mse=0.01046638 val_mse=0.01723446 val_mae=0.09838053 | peer_val_mse=0.00281669 peer_val_mae=0.03477113
[worker2/operator_darcy_student_lift_v1] [operator_darcy_student_lift_v1/sample_ft_l010_w5_d20_70_lr3e4] [operator][epoch 069] lambda=0.0118 train_mse=0.00916019 val_mse=0.01633519 val_mae=0.09607236 | peer_val_mse=0.00281669 peer_val_mae=0.03477113
[worker2/operator_darcy_student_lift_v1] [operator_darcy_student_lift_v1/sample_ft_l010_w5_d20_70_lr3e4] [operator][epoch 070] lambda=0.0100 train_mse=0.00762664 val_mse=0.01491476 val_mae=0.09016854 | peer_val_mse=0.00281669 peer_val_mae=0.03477113
[worker2/operator_darcy_student_lift_v1] [operator_darcy_student_lift_v1/sample_ft_l010_w5_d20_70_lr3e4] [operator][epoch 071] lambda=0.0100 train_mse=0.00721244 val_mse=0.01412812 val_mae=0.08797690 | peer_val_mse=0.00281669 peer_val_mae=0.03477113
[worker2/operator_darcy_student_lift_v1] [operator_darcy_student_lift_v1/sample_ft_l010_w5_d20_70_lr3e4] [operator][epoch 072] lambda=0.0100 train_mse=0.00748840 val_mse=0.01530098 val_mae=0.09160865 | peer_val_mse=0.00281669 peer_val_mae=0.03477113
[worker2/operator_darcy_student_lift_v1] [operator_darcy_student_lift_v1/sample_ft_l010_w5_d20_70_lr3e4] [operator][epoch 073] lambda=0.0100 train_mse=0.00830486 val_mse=0.01503658 val_mae=0.09099998 | peer_val_mse=0.00281669 peer_val_mae=0.03477113
[worker2/operator_darcy_student_lift_v1] [operator_darcy_student_lift_v1/sample_ft_l010_w5_d20_70_lr3e4] [operator][epoch 074] lambda=0.0100 train_mse=0.00789198 val_mse=0.01439876 val_mae=0.08961704 | peer_val_mse=0.00281669 peer_val_mae=0.03477113
[worker2/operator_darcy_student_lift_v1] [operator_darcy_student_lift_v1/sample_ft_l010_w5_d20_70_lr3e4] [operator][epoch 075] lambda=0.0100 train_mse=0.01003592 val_mse=0.01892399 val_mae=0.10359619 | peer_val_mse=0.00281669 peer_val_mae=0.03477113
[worker2/operator_darcy_student_lift_v1] [operator_darcy_student_lift_v1/sample_ft_l010_w5_d20_70_lr3e4] [operator][epoch 076] lambda=0.0100 train_mse=0.00854302 val_mse=0.01450080 val_mae=0.08902458 | peer_val_mse=0.00281669 peer_val_mae=0.03477113
[worker2/operator_darcy_student_lift_v1] [operator_darcy_student_lift_v1/sample_ft_l010_w5_d20_70_lr3e4] [operator][epoch 077] lambda=0.0100 train_mse=0.00797701 val_mse=0.01489895 val_mae=0.09163757 | peer_val_mse=0.00281669 peer_val_mae=0.03477113
[worker2/operator_darcy_student_lift_v1] [operator_darcy_student_lift_v1/sample_ft_l010_w5_d20_70_lr3e4] [operator][epoch 078] lambda=0.0100 train_mse=0.00767439 val_mse=0.01507495 val_mae=0.09128015 | peer_val_mse=0.00281669 peer_val_mae=0.03477113
[worker2/operator_darcy_student_lift_v1] [operator_darcy_student_lift_v1/sample_ft_l010_w5_d20_70_lr3e4] [operator][epoch 079] lambda=0.0100 train_mse=0.00687337 val_mse=0.01411162 val_mae=0.08745107 | peer_val_mse=0.00281669 peer_val_mae=0.03477113
[worker2/operator_darcy_student_lift_v1] [operator_darcy_student_lift_v1/sample_ft_l010_w5_d20_70_lr3e4] [operator][epoch 080] lambda=0.0100 train_mse=0.00678974 val_mse=0.01440817 val_mae=0.08855264 | peer_val_mse=0.00281669 peer_val_mae=0.03477113
[worker2/operator_darcy_student_lift_v1] [operator_darcy_student_lift_v1/sample_ft_l010_w5_d20_70_lr3e4] [operator][epoch 080] updated live plot
[worker2/operator_darcy_student_lift_v1] [operator_darcy_student_lift_v1/sample_ft_l010_w5_d20_70_lr3e4] [operator][epoch 081] lambda=0.0100 train_mse=0.00682343 val_mse=0.01382402 val_mae=0.08719104 | peer_val_mse=0.00281669 peer_val_mae=0.03477113
[worker2/operator_darcy_student_lift_v1] [operator_darcy_student_lift_v1/sample_ft_l010_w5_d20_70_lr3e4] [operator][epoch 082] lambda=0.0100 train_mse=0.00674137 val_mse=0.01362750 val_mae=0.08631113 | peer_val_mse=0.00281669 peer_val_mae=0.03477113
[worker2/operator_darcy_student_lift_v1] [operator_darcy_student_lift_v1/sample_ft_l010_w5_d20_70_lr3e4] [operator][epoch 083] lambda=0.0100 train_mse=0.00664055 val_mse=0.01410526 val_mae=0.08835906 | peer_val_mse=0.00281669 peer_val_mae=0.03477113
[worker2/operator_darcy_student_lift_v1] [operator_darcy_student_lift_v1/sample_ft_l010_w5_d20_70_lr3e4] [operator][epoch 084] lambda=0.0100 train_mse=0.00667827 val_mse=0.01401755 val_mae=0.08786434 | peer_val_mse=0.00281669 peer_val_mae=0.03477113
[worker2/operator_darcy_student_lift_v1] [operator_darcy_student_lift_v1/sample_ft_l010_w5_d20_70_lr3e4] [operator][epoch 085] lambda=0.0100 train_mse=0.00736379 val_mse=0.01563766 val_mae=0.09336885 | peer_val_mse=0.00281669 peer_val_mae=0.03477113
[worker2/operator_darcy_student_lift_v1] [operator_darcy_student_lift_v1/sample_ft_l010_w5_d20_70_lr3e4] [operator][epoch 086] lambda=0.0100 train_mse=0.00888917 val_mse=0.01542877 val_mae=0.09244006 | peer_val_mse=0.00281669 peer_val_mae=0.03477113
[worker2/operator_darcy_student_lift_v1] [operator_darcy_student_lift_v1/sample_ft_l010_w5_d20_70_lr3e4] [operator][epoch 087] lambda=0.0100 train_mse=0.00734963 val_mse=0.01397424 val_mae=0.08757980 | peer_val_mse=0.00281669 peer_val_mae=0.03477113
[worker2/operator_darcy_student_lift_v1] [operator_darcy_student_lift_v1/sample_ft_l010_w5_d20_70_lr3e4] [operator][epoch 088] lambda=0.0100 train_mse=0.00709777 val_mse=0.01462260 val_mae=0.08955464 | peer_val_mse=0.00281669 peer_val_mae=0.03477113
[worker2/operator_darcy_student_lift_v1] [operator_darcy_student_lift_v1/sample_ft_l010_w5_d20_70_lr3e4] [operator][epoch 089] lambda=0.0100 train_mse=0.00675280 val_mse=0.01361828 val_mae=0.08627856 | peer_val_mse=0.00281669 peer_val_mae=0.03477113
[worker2/operator_darcy_student_lift_v1] [operator_darcy_student_lift_v1/sample_ft_l010_w5_d20_70_lr3e4] [operator][epoch 090] lambda=0.0100 train_mse=0.00717471 val_mse=0.01444527 val_mae=0.08980465 | peer_val_mse=0.00281669 peer_val_mae=0.03477113
[worker2/operator_darcy_student_lift_v1] [operator_darcy_student_lift_v1/sample_ft_l010_w5_d20_70_lr3e4] [operator][epoch 090] updated live plot
[worker2/operator_darcy_student_lift_v1] [operator_darcy_student_lift_v1/sample_ft_l010_w5_d20_70_lr3e4] [operator] done
[worker2/operator_darcy_student_lift_v1] [operator_darcy_student_lift_v1/sample_ft_l010_w5_d20_70_lr3e4] [operator] dataset=darcy pair=deeponet:fno method=ssml seed=2
[worker2/operator_darcy_student_lift_v1] [operator_darcy_student_lift_v1/sample_ft_l010_w5_d20_70_lr3e4] [operator] loaded init_checkpoint=results/operator_ssml_tuned_v1/operator/darcy/deeponet_independent_mse_seed2/model.pt
[worker2/operator_darcy_student_lift_v1] [operator_darcy_student_lift_v1/sample_ft_l010_w5_d20_70_lr3e4] [operator] loaded peer_init_checkpoint=results/operator_ssml_tuned_v1/operator/darcy/fno_independent_mse_seed2/model.pt
[worker2/operator_darcy_student_lift_v1] [operator_darcy_student_lift_v1/sample_ft_l010_w5_d20_70_lr3e4] [operator] run_dir=results/operator_darcy_student_lift_v1/sample_ft_l010_w5_d20_70_lr3e4/operator/darcy/deeponet__fno_ssml_mse_seed2
[worker2/operator_darcy_student_lift_v1] [operator_darcy_student_lift_v1/sample_ft_l010_w5_d20_70_lr3e4] [operator] params=592000
[worker2/operator_darcy_student_lift_v1] [operator_darcy_student_lift_v1/sample_ft_l010_w5_d20_70_lr3e4] [operator] granularity=sample student_only=True freeze_peer=True peer_updates_disabled=True
[worker2/operator_darcy_student_lift_v1] [operator_darcy_student_lift_v1/sample_ft_l010_w5_d20_70_lr3e4] [operator][epoch 001] lambda=0.0000 train_mse=0.03112375 val_mse=0.02069976 val_mae=0.10778355 | peer_val_mse=0.00362230 peer_val_mae=0.03567774
[worker2/operator_darcy_student_lift_v1] [operator_darcy_student_lift_v1/sample_ft_l010_w5_d20_70_lr3e4] [operator][epoch 002] lambda=0.0000 train_mse=0.01217212 val_mse=0.01873670 val_mae=0.10153723 | peer_val_mse=0.00362230 peer_val_mae=0.03567774
[worker2/operator_darcy_student_lift_v1] [operator_darcy_student_lift_v1/sample_ft_l010_w5_d20_70_lr3e4] [operator][epoch 003] lambda=0.0000 train_mse=0.01111811 val_mse=0.01808778 val_mae=0.09989829 | peer_val_mse=0.00362230 peer_val_mae=0.03567774
[worker2/operator_darcy_student_lift_v1] [operator_darcy_student_lift_v1/sample_ft_l010_w5_d20_70_lr3e4] [operator][epoch 004] lambda=0.0000 train_mse=0.01106437 val_mse=0.01936803 val_mae=0.10368289 | peer_val_mse=0.00362230 peer_val_mae=0.03567774
[worker2/operator_darcy_student_lift_v1] [operator_darcy_student_lift_v1/sample_ft_l010_w5_d20_70_lr3e4] [operator][epoch 005] lambda=0.0000 train_mse=0.01105304 val_mse=0.01828558 val_mae=0.10121752 | peer_val_mse=0.00362230 peer_val_mae=0.03567774
[worker2/operator_darcy_student_lift_v1] [operator_darcy_student_lift_v1/sample_ft_l010_w5_d20_70_lr3e4] [operator][epoch 006] lambda=0.1000 train_mse=0.01305918 val_mse=0.02096600 val_mae=0.10808726 | peer_val_mse=0.00362230 peer_val_mae=0.03567774
[worker2/operator_darcy_student_lift_v1] [operator_darcy_student_lift_v1/sample_ft_l010_w5_d20_70_lr3e4] [operator][epoch 007] lambda=0.1000 train_mse=0.01452084 val_mse=0.01833586 val_mae=0.10035619 | peer_val_mse=0.00362230 peer_val_mae=0.03567774
[worker2/operator_darcy_student_lift_v1] [operator_darcy_student_lift_v1/sample_ft_l010_w5_d20_70_lr3e4] [operator][epoch 008] lambda=0.1000 train_mse=0.01366924 val_mse=0.01903944 val_mae=0.10292132 | peer_val_mse=0.00362230 peer_val_mae=0.03567774
[worker2/operator_darcy_student_lift_v1] [operator_darcy_student_lift_v1/sample_ft_l010_w5_d20_70_lr3e4] [operator][epoch 009] lambda=0.1000 train_mse=0.01449791 val_mse=0.01866004 val_mae=0.10219486 | peer_val_mse=0.00362230 peer_val_mae=0.03567774
[worker2/operator_darcy_student_lift_v1] [operator_darcy_student_lift_v1/sample_ft_l010_w5_d20_70_lr3e4] [operator][epoch 010] lambda=0.1000 train_mse=0.01278017 val_mse=0.01817555 val_mae=0.10062023 | peer_val_mse=0.00362230 peer_val_mae=0.03567774
[worker2/operator_darcy_student_lift_v1] [operator_darcy_student_lift_v1/sample_ft_l010_w5_d20_70_lr3e4] [operator][epoch 011] lambda=0.1000 train_mse=0.01205904 val_mse=0.01828079 val_mae=0.10029983 | peer_val_mse=0.00362230 peer_val_mae=0.03567774
[worker2/operator_darcy_student_lift_v1] [operator_darcy_student_lift_v1/sample_ft_l010_w5_d20_70_lr3e4] [operator][epoch 012] lambda=0.1000 train_mse=0.01183390 val_mse=0.01859539 val_mae=0.10117272 | peer_val_mse=0.00362230 peer_val_mae=0.03567774
[worker2/operator_darcy_student_lift_v1] [operator_darcy_student_lift_v1/sample_ft_l010_w5_d20_70_lr3e4] [operator][epoch 013] lambda=0.1000 train_mse=0.01250898 val_mse=0.01828878 val_mae=0.10031324 | peer_val_mse=0.00362230 peer_val_mae=0.03567774
[worker2/operator_darcy_student_lift_v1] [operator_darcy_student_lift_v1/sample_ft_l010_w5_d20_70_lr3e4] [operator][epoch 014] lambda=0.1000 train_mse=0.01274726 val_mse=0.01809560 val_mae=0.10006495 | peer_val_mse=0.00362230 peer_val_mae=0.03567774
[worker2/operator_darcy_student_lift_v1] [operator_darcy_student_lift_v1/sample_ft_l010_w5_d20_70_lr3e4] [operator][epoch 015] lambda=0.1000 train_mse=0.01211212 val_mse=0.01942814 val_mae=0.10339302 | peer_val_mse=0.00362230 peer_val_mae=0.03567774
[worker2/operator_darcy_student_lift_v1] [operator_darcy_student_lift_v1/sample_ft_l010_w5_d20_70_lr3e4] [operator][epoch 016] lambda=0.1000 train_mse=0.01289996 val_mse=0.01847758 val_mae=0.10077102 | peer_val_mse=0.00362230 peer_val_mae=0.03567774
[worker2/operator_darcy_student_lift_v1] [operator_darcy_student_lift_v1/sample_ft_l010_w5_d20_70_lr3e4] [operator][epoch 017] lambda=0.1000 train_mse=0.01135923 val_mse=0.01787595 val_mae=0.09838836 | peer_val_mse=0.00362230 peer_val_mae=0.03567774
[worker2/operator_darcy_student_lift_v1] [operator_darcy_student_lift_v1/sample_ft_l010_w5_d20_70_lr3e4] [operator][epoch 018] lambda=0.1000 train_mse=0.01243230 val_mse=0.01910327 val_mae=0.10241154 | peer_val_mse=0.00362230 peer_val_mae=0.03567774
[worker2/operator_darcy_student_lift_v1] [operator_darcy_student_lift_v1/sample_ft_l010_w5_d20_70_lr3e4] [operator][epoch 019] lambda=0.1000 train_mse=0.01164118 val_mse=0.01915191 val_mae=0.10171685 | peer_val_mse=0.00362230 peer_val_mae=0.03567774
[worker2/operator_darcy_student_lift_v1] [operator_darcy_student_lift_v1/sample_ft_l010_w5_d20_70_lr3e4] [operator][epoch 020] lambda=0.1000 train_mse=0.01404798 val_mse=0.01850578 val_mae=0.10157240 | peer_val_mse=0.00362230 peer_val_mae=0.03567774
[worker2/operator_darcy_student_lift_v1] [operator_darcy_student_lift_v1/sample_ft_l010_w5_d20_70_lr3e4] [operator][epoch 020] updated live plot
[worker2/operator_darcy_student_lift_v1] [operator_darcy_student_lift_v1/sample_ft_l010_w5_d20_70_lr3e4] [operator][epoch 021] lambda=0.0982 train_mse=0.01225850 val_mse=0.01791426 val_mae=0.09896830 | peer_val_mse=0.00362230 peer_val_mae=0.03567774
[worker2/operator_darcy_student_lift_v1] [operator_darcy_student_lift_v1/sample_ft_l010_w5_d20_70_lr3e4] [operator][epoch 022] lambda=0.0964 train_mse=0.01080297 val_mse=0.01918577 val_mae=0.10223807 | peer_val_mse=0.00362230 peer_val_mae=0.03567774
[worker2/operator_darcy_student_lift_v1] [operator_darcy_student_lift_v1/sample_ft_l010_w5_d20_70_lr3e4] [operator][epoch 023] lambda=0.0946 train_mse=0.01047324 val_mse=0.01714399 val_mae=0.09613989 | peer_val_mse=0.00362230 peer_val_mae=0.03567774
[worker2/operator_darcy_student_lift_v1] [operator_darcy_student_lift_v1/sample_ft_l010_w5_d20_70_lr3e4] [operator][epoch 024] lambda=0.0928 train_mse=0.01047126 val_mse=0.01688333 val_mae=0.09626880 | peer_val_mse=0.00362230 peer_val_mae=0.03567774
[worker2/operator_darcy_student_lift_v1] [operator_darcy_student_lift_v1/sample_ft_l010_w5_d20_70_lr3e4] [operator][epoch 025] lambda=0.0910 train_mse=0.01014239 val_mse=0.01792211 val_mae=0.09851998 | peer_val_mse=0.00362230 peer_val_mae=0.03567774
[worker2/operator_darcy_student_lift_v1] [operator_darcy_student_lift_v1/sample_ft_l010_w5_d20_70_lr3e4] [operator][epoch 026] lambda=0.0892 train_mse=0.00990388 val_mse=0.01662284 val_mae=0.09471777 | peer_val_mse=0.00362230 peer_val_mae=0.03567774
[worker2/operator_darcy_student_lift_v1] [operator_darcy_student_lift_v1/sample_ft_l010_w5_d20_70_lr3e4] [operator][epoch 027] lambda=0.0874 train_mse=0.00979475 val_mse=0.01779020 val_mae=0.09962295 | peer_val_mse=0.00362230 peer_val_mae=0.03567774
[worker2/operator_darcy_student_lift_v1] [operator_darcy_student_lift_v1/sample_ft_l010_w5_d20_70_lr3e4] [operator][epoch 028] lambda=0.0856 train_mse=0.01166694 val_mse=0.01792008 val_mae=0.09907830 | peer_val_mse=0.00362230 peer_val_mae=0.03567774
[worker2/operator_darcy_student_lift_v1] [operator_darcy_student_lift_v1/sample_ft_l010_w5_d20_70_lr3e4] [operator][epoch 029] lambda=0.0838 train_mse=0.01190420 val_mse=0.01768843 val_mae=0.09975240 | peer_val_mse=0.00362230 peer_val_mae=0.03567774
[worker2/operator_darcy_student_lift_v1] [operator_darcy_student_lift_v1/sample_ft_l010_w5_d20_70_lr3e4] [operator][epoch 030] lambda=0.0820 train_mse=0.01032020 val_mse=0.01909659 val_mae=0.10203918 | peer_val_mse=0.00362230 peer_val_mae=0.03567774
[worker2/operator_darcy_student_lift_v1] [operator_darcy_student_lift_v1/sample_ft_l010_w5_d20_70_lr3e4] [operator][epoch 031] lambda=0.0802 train_mse=0.01057924 val_mse=0.01799137 val_mae=0.09934822 | peer_val_mse=0.00362230 peer_val_mae=0.03567774
[worker2/operator_darcy_student_lift_v1] [operator_darcy_student_lift_v1/sample_ft_l010_w5_d20_70_lr3e4] [operator][epoch 032] lambda=0.0784 train_mse=0.01109173 val_mse=0.01940995 val_mae=0.10405428 | peer_val_mse=0.00362230 peer_val_mae=0.03567774
[worker2/operator_darcy_student_lift_v1] [operator_darcy_student_lift_v1/sample_ft_l010_w5_d20_70_lr3e4] [operator][epoch 033] lambda=0.0766 train_mse=0.01173571 val_mse=0.01748157 val_mae=0.09882451 | peer_val_mse=0.00362230 peer_val_mae=0.03567774
[worker2/operator_darcy_student_lift_v1] [operator_darcy_student_lift_v1/sample_ft_l010_w5_d20_70_lr3e4] [operator][epoch 034] lambda=0.0748 train_mse=0.00996850 val_mse=0.01805808 val_mae=0.09863168 | peer_val_mse=0.00362230 peer_val_mae=0.03567774
[worker2/operator_darcy_student_lift_v1] [operator_darcy_student_lift_v1/sample_ft_l010_w5_d20_70_lr3e4] [operator][epoch 035] lambda=0.0730 train_mse=0.00875809 val_mse=0.01657977 val_mae=0.09418236 | peer_val_mse=0.00362230 peer_val_mae=0.03567774
[worker2/operator_darcy_student_lift_v1] [operator_darcy_student_lift_v1/sample_ft_l010_w5_d20_70_lr3e4] [operator][epoch 036] lambda=0.0712 train_mse=0.00929989 val_mse=0.01757133 val_mae=0.09836174 | peer_val_mse=0.00362230 peer_val_mae=0.03567774
[worker2/operator_darcy_student_lift_v1] [operator_darcy_student_lift_v1/sample_ft_l010_w5_d20_70_lr3e4] [operator][epoch 037] lambda=0.0694 train_mse=0.00985524 val_mse=0.01721532 val_mae=0.09634655 | peer_val_mse=0.00362230 peer_val_mae=0.03567774
[worker2/operator_darcy_student_lift_v1] [operator_darcy_student_lift_v1/sample_ft_l010_w5_d20_70_lr3e4] [operator][epoch 038] lambda=0.0676 train_mse=0.00894101 val_mse=0.01660146 val_mae=0.09468845 | peer_val_mse=0.00362230 peer_val_mae=0.03567774
[worker2/operator_darcy_student_lift_v1] [operator_darcy_student_lift_v1/sample_ft_l010_w5_d20_70_lr3e4] [operator][epoch 039] lambda=0.0658 train_mse=0.00859683 val_mse=0.01645172 val_mae=0.09390959 | peer_val_mse=0.00362230 peer_val_mae=0.03567774
[worker2/operator_darcy_student_lift_v1] [operator_darcy_student_lift_v1/sample_ft_l010_w5_d20_70_lr3e4] [operator][epoch 040] lambda=0.0640 train_mse=0.00906941 val_mse=0.01732410 val_mae=0.09717156 | peer_val_mse=0.00362230 peer_val_mae=0.03567774
[worker2/operator_darcy_student_lift_v1] [operator_darcy_student_lift_v1/sample_ft_l010_w5_d20_70_lr3e4] [operator][epoch 040] updated live plot
[worker2/operator_darcy_student_lift_v1] [operator_darcy_student_lift_v1/sample_ft_l010_w5_d20_70_lr3e4] [operator][epoch 041] lambda=0.0622 train_mse=0.01042594 val_mse=0.02061059 val_mae=0.10666403 | peer_val_mse=0.00362230 peer_val_mae=0.03567774
[worker2/operator_darcy_student_lift_v1] [operator_darcy_student_lift_v1/sample_ft_l010_w5_d20_70_lr3e4] [operator][epoch 042] lambda=0.0604 train_mse=0.01059331 val_mse=0.01684645 val_mae=0.09520720 | peer_val_mse=0.00362230 peer_val_mae=0.03567774
[worker2/operator_darcy_student_lift_v1] [operator_darcy_student_lift_v1/sample_ft_l010_w5_d20_70_lr3e4] [operator][epoch 043] lambda=0.0586 train_mse=0.00967817 val_mse=0.01728940 val_mae=0.09696737 | peer_val_mse=0.00362230 peer_val_mae=0.03567774
[worker2/operator_darcy_student_lift_v1] [operator_darcy_student_lift_v1/sample_ft_l010_w5_d20_70_lr3e4] [operator][epoch 044] lambda=0.0568 train_mse=0.00903374 val_mse=0.01609455 val_mae=0.09303338 | peer_val_mse=0.00362230 peer_val_mae=0.03567774
[worker2/operator_darcy_student_lift_v1] [operator_darcy_student_lift_v1/sample_ft_l010_w5_d20_70_lr3e4] [operator][epoch 045] lambda=0.0550 train_mse=0.00839442 val_mse=0.01623762 val_mae=0.09343163 | peer_val_mse=0.00362230 peer_val_mae=0.03567774
[worker2/operator_darcy_student_lift_v1] [operator_darcy_student_lift_v1/sample_ft_l010_w5_d20_70_lr3e4] [operator][epoch 046] lambda=0.0532 train_mse=0.00831985 val_mse=0.01645245 val_mae=0.09393397 | peer_val_mse=0.00362230 peer_val_mae=0.03567774
[worker2/operator_darcy_student_lift_v1] [operator_darcy_student_lift_v1/sample_ft_l010_w5_d20_70_lr3e4] [operator][epoch 047] lambda=0.0514 train_mse=0.01066163 val_mse=0.01721510 val_mae=0.09572880 | peer_val_mse=0.00362230 peer_val_mae=0.03567774
[worker2/operator_darcy_student_lift_v1] [operator_darcy_student_lift_v1/sample_ft_l010_w5_d20_70_lr3e4] [operator][epoch 048] lambda=0.0496 train_mse=0.00869450 val_mse=0.01626771 val_mae=0.09332299 | peer_val_mse=0.00362230 peer_val_mae=0.03567774
[worker2/operator_darcy_student_lift_v1] [operator_darcy_student_lift_v1/sample_ft_l010_w5_d20_70_lr3e4] [operator][epoch 049] lambda=0.0478 train_mse=0.00830247 val_mse=0.01611086 val_mae=0.09289393 | peer_val_mse=0.00362230 peer_val_mae=0.03567774
[worker2/operator_darcy_student_lift_v1] [operator_darcy_student_lift_v1/sample_ft_l010_w5_d20_70_lr3e4] [operator][epoch 050] lambda=0.0460 train_mse=0.00785683 val_mse=0.01622526 val_mae=0.09341134 | peer_val_mse=0.00362230 peer_val_mae=0.03567774
[worker2/operator_darcy_student_lift_v1] [operator_darcy_student_lift_v1/sample_ft_l010_w5_d20_70_lr3e4] [operator][epoch 051] lambda=0.0442 train_mse=0.00788631 val_mse=0.01588335 val_mae=0.09130866 | peer_val_mse=0.00362230 peer_val_mae=0.03567774
[worker2/operator_darcy_student_lift_v1] [operator_darcy_student_lift_v1/sample_ft_l010_w5_d20_70_lr3e4] [operator][epoch 052] lambda=0.0424 train_mse=0.00851637 val_mse=0.01651856 val_mae=0.09514116 | peer_val_mse=0.00362230 peer_val_mae=0.03567774
[worker2/operator_darcy_student_lift_v1] [operator_darcy_student_lift_v1/sample_ft_l010_w5_d20_70_lr3e4] [operator][epoch 053] lambda=0.0406 train_mse=0.00775977 val_mse=0.01584926 val_mae=0.09237506 | peer_val_mse=0.00362230 peer_val_mae=0.03567774
[worker2/operator_darcy_student_lift_v1] [operator_darcy_student_lift_v1/sample_ft_l010_w5_d20_70_lr3e4] [operator][epoch 054] lambda=0.0388 train_mse=0.00830969 val_mse=0.01612512 val_mae=0.09325668 | peer_val_mse=0.00362230 peer_val_mae=0.03567774
[worker2/operator_darcy_student_lift_v1] [operator_darcy_student_lift_v1/sample_ft_l010_w5_d20_70_lr3e4] [operator][epoch 055] lambda=0.0370 train_mse=0.00905180 val_mse=0.01759342 val_mae=0.09880218 | peer_val_mse=0.00362230 peer_val_mae=0.03567774
[worker2/operator_darcy_student_lift_v1] [operator_darcy_student_lift_v1/sample_ft_l010_w5_d20_70_lr3e4] [operator][epoch 056] lambda=0.0352 train_mse=0.00944453 val_mse=0.01753752 val_mae=0.09740813 | peer_val_mse=0.00362230 peer_val_mae=0.03567774
[worker2/operator_darcy_student_lift_v1] [operator_darcy_student_lift_v1/sample_ft_l010_w5_d20_70_lr3e4] [operator][epoch 057] lambda=0.0334 train_mse=0.00973987 val_mse=0.01787189 val_mae=0.09811211 | peer_val_mse=0.00362230 peer_val_mae=0.03567774
[worker2/operator_darcy_student_lift_v1] [operator_darcy_student_lift_v1/sample_ft_l010_w5_d20_70_lr3e4] [operator][epoch 058] lambda=0.0316 train_mse=0.00812965 val_mse=0.01614370 val_mae=0.09327901 | peer_val_mse=0.00362230 peer_val_mae=0.03567774
[worker2/operator_darcy_student_lift_v1] [operator_darcy_student_lift_v1/sample_ft_l010_w5_d20_70_lr3e4] [operator][epoch 059] lambda=0.0298 train_mse=0.00750111 val_mse=0.01539881 val_mae=0.09052142 | peer_val_mse=0.00362230 peer_val_mae=0.03567774
[worker2/operator_darcy_student_lift_v1] [operator_darcy_student_lift_v1/sample_ft_l010_w5_d20_70_lr3e4] [operator][epoch 060] lambda=0.0280 train_mse=0.00704734 val_mse=0.01528301 val_mae=0.09048847 | peer_val_mse=0.00362230 peer_val_mae=0.03567774
[worker2/operator_darcy_student_lift_v1] [operator_darcy_student_lift_v1/sample_ft_l010_w5_d20_70_lr3e4] [operator][epoch 060] updated live plot
[worker2/operator_darcy_student_lift_v1] [operator_darcy_student_lift_v1/sample_ft_l010_w5_d20_70_lr3e4] [operator][epoch 061] lambda=0.0262 train_mse=0.00774263 val_mse=0.01564978 val_mae=0.09196119 | peer_val_mse=0.00362230 peer_val_mae=0.03567774
[worker2/operator_darcy_student_lift_v1] [operator_darcy_student_lift_v1/sample_ft_l010_w5_d20_70_lr3e4] [operator][epoch 062] lambda=0.0244 train_mse=0.00774277 val_mse=0.01665333 val_mae=0.09430954 | peer_val_mse=0.00362230 peer_val_mae=0.03567774
[worker2/operator_darcy_student_lift_v1] [operator_darcy_student_lift_v1/sample_ft_l010_w5_d20_70_lr3e4] [operator][epoch 063] lambda=0.0226 train_mse=0.00776564 val_mse=0.01575019 val_mae=0.09237411 | peer_val_mse=0.00362230 peer_val_mae=0.03567774
[worker2/operator_darcy_student_lift_v1] [operator_darcy_student_lift_v1/sample_ft_l010_w5_d20_70_lr3e4] [operator][epoch 064] lambda=0.0208 train_mse=0.00716562 val_mse=0.01606958 val_mae=0.09124324 | peer_val_mse=0.00362230 peer_val_mae=0.03567774
[worker2/operator_darcy_student_lift_v1] [operator_darcy_student_lift_v1/sample_ft_l010_w5_d20_70_lr3e4] [operator][epoch 065] lambda=0.0190 train_mse=0.00714485 val_mse=0.01637399 val_mae=0.09369374 | peer_val_mse=0.00362230 peer_val_mae=0.03567774
[worker2/operator_darcy_student_lift_v1] [operator_darcy_student_lift_v1/sample_ft_l010_w5_d20_70_lr3e4] [operator][epoch 066] lambda=0.0172 train_mse=0.00779038 val_mse=0.01571765 val_mae=0.09170121 | peer_val_mse=0.00362230 peer_val_mae=0.03567774
[worker2/operator_darcy_student_lift_v1] [operator_darcy_student_lift_v1/sample_ft_l010_w5_d20_70_lr3e4] [operator][epoch 067] lambda=0.0154 train_mse=0.00799652 val_mse=0.01653614 val_mae=0.09499372 | peer_val_mse=0.00362230 peer_val_mae=0.03567774
[worker2/operator_darcy_student_lift_v1] [operator_darcy_student_lift_v1/sample_ft_l010_w5_d20_70_lr3e4] [operator][epoch 068] lambda=0.0136 train_mse=0.00859812 val_mse=0.01597021 val_mae=0.09328058 | peer_val_mse=0.00362230 peer_val_mae=0.03567774
[worker2/operator_darcy_student_lift_v1] [operator_darcy_student_lift_v1/sample_ft_l010_w5_d20_70_lr3e4] [operator][epoch 069] lambda=0.0118 train_mse=0.00705385 val_mse=0.01529616 val_mae=0.09023679 | peer_val_mse=0.00362230 peer_val_mae=0.03567774
[worker2/operator_darcy_student_lift_v1] [operator_darcy_student_lift_v1/sample_ft_l010_w5_d20_70_lr3e4] [operator][epoch 070] lambda=0.0100 train_mse=0.00665340 val_mse=0.01468835 val_mae=0.08834514 | peer_val_mse=0.00362230 peer_val_mae=0.03567774
[worker2/operator_darcy_student_lift_v1] [operator_darcy_student_lift_v1/sample_ft_l010_w5_d20_70_lr3e4] [operator][epoch 071] lambda=0.0100 train_mse=0.00659419 val_mse=0.01671850 val_mae=0.09338323 | peer_val_mse=0.00362230 peer_val_mae=0.03567774
[worker2/operator_darcy_student_lift_v1] [operator_darcy_student_lift_v1/sample_ft_l010_w5_d20_70_lr3e4] [operator][epoch 072] lambda=0.0100 train_mse=0.00675907 val_mse=0.01589662 val_mae=0.09137711 | peer_val_mse=0.00362230 peer_val_mae=0.03567774
[worker2/operator_darcy_student_lift_v1] [operator_darcy_student_lift_v1/sample_ft_l010_w5_d20_70_lr3e4] [operator][epoch 073] lambda=0.0100 train_mse=0.00703251 val_mse=0.01518804 val_mae=0.08977009 | peer_val_mse=0.00362230 peer_val_mae=0.03567774
[worker2/operator_darcy_student_lift_v1] [operator_darcy_student_lift_v1/sample_ft_l010_w5_d20_70_lr3e4] [operator][epoch 074] lambda=0.0100 train_mse=0.00627030 val_mse=0.01563825 val_mae=0.09050144 | peer_val_mse=0.00362230 peer_val_mae=0.03567774
[worker2/operator_darcy_student_lift_v1] [operator_darcy_student_lift_v1/sample_ft_l010_w5_d20_70_lr3e4] [operator][epoch 075] lambda=0.0100 train_mse=0.00665194 val_mse=0.01510872 val_mae=0.08921180 | peer_val_mse=0.00362230 peer_val_mae=0.03567774
[worker2/operator_darcy_student_lift_v1] [operator_darcy_student_lift_v1/sample_ft_l010_w5_d20_70_lr3e4] [operator][epoch 076] lambda=0.0100 train_mse=0.00647923 val_mse=0.01528125 val_mae=0.08977605 | peer_val_mse=0.00362230 peer_val_mae=0.03567774
[worker2/operator_darcy_student_lift_v1] [operator_darcy_student_lift_v1/sample_ft_l010_w5_d20_70_lr3e4] [operator][epoch 077] lambda=0.0100 train_mse=0.00633908 val_mse=0.01474406 val_mae=0.08824935 | peer_val_mse=0.00362230 peer_val_mae=0.03567774
[worker2/operator_darcy_student_lift_v1] [operator_darcy_student_lift_v1/sample_ft_l010_w5_d20_70_lr3e4] [operator][epoch 078] lambda=0.0100 train_mse=0.00603198 val_mse=0.01508836 val_mae=0.08893237 | peer_val_mse=0.00362230 peer_val_mae=0.03567774
[worker2/operator_darcy_student_lift_v1] [operator_darcy_student_lift_v1/sample_ft_l010_w5_d20_70_lr3e4] [operator][epoch 079] lambda=0.0100 train_mse=0.00661091 val_mse=0.01504649 val_mae=0.08913688 | peer_val_mse=0.00362230 peer_val_mae=0.03567774
[worker2/operator_darcy_student_lift_v1] [operator_darcy_student_lift_v1/sample_ft_l010_w5_d20_70_lr3e4] [operator][epoch 080] lambda=0.0100 train_mse=0.00675107 val_mse=0.01855719 val_mae=0.09917076 | peer_val_mse=0.00362230 peer_val_mae=0.03567774
[worker2/operator_darcy_student_lift_v1] [operator_darcy_student_lift_v1/sample_ft_l010_w5_d20_70_lr3e4] [operator][epoch 080] updated live plot
[worker2/operator_darcy_student_lift_v1] [operator_darcy_student_lift_v1/sample_ft_l010_w5_d20_70_lr3e4] [operator][epoch 081] lambda=0.0100 train_mse=0.00808392 val_mse=0.01711883 val_mae=0.09801060 | peer_val_mse=0.00362230 peer_val_mae=0.03567774
[worker2/operator_darcy_student_lift_v1] [operator_darcy_student_lift_v1/sample_ft_l010_w5_d20_70_lr3e4] [operator][epoch 082] lambda=0.0100 train_mse=0.00927029 val_mse=0.01789273 val_mae=0.09874850 | peer_val_mse=0.00362230 peer_val_mae=0.03567774
[worker2/operator_darcy_student_lift_v1] [operator_darcy_student_lift_v1/sample_ft_l010_w5_d20_70_lr3e4] [operator][epoch 083] lambda=0.0100 train_mse=0.01025571 val_mse=0.01578712 val_mae=0.09296043 | peer_val_mse=0.00362230 peer_val_mae=0.03567774
[worker2/operator_darcy_student_lift_v1] [operator_darcy_student_lift_v1/sample_ft_l010_w5_d20_70_lr3e4] [operator][epoch 084] lambda=0.0100 train_mse=0.00686750 val_mse=0.01449350 val_mae=0.08770765 | peer_val_mse=0.00362230 peer_val_mae=0.03567774
[worker2/operator_darcy_student_lift_v1] [operator_darcy_student_lift_v1/sample_ft_l010_w5_d20_70_lr3e4] [operator][epoch 085] lambda=0.0100 train_mse=0.00618533 val_mse=0.01450212 val_mae=0.08692005 | peer_val_mse=0.00362230 peer_val_mae=0.03567774
[worker2/operator_darcy_student_lift_v1] [operator_darcy_student_lift_v1/sample_ft_l010_w5_d20_70_lr3e4] [operator][epoch 086] lambda=0.0100 train_mse=0.00611531 val_mse=0.01492604 val_mae=0.08867445 | peer_val_mse=0.00362230 peer_val_mae=0.03567774
[worker2/operator_darcy_student_lift_v1] [operator_darcy_student_lift_v1/sample_ft_l010_w5_d20_70_lr3e4] [operator][epoch 087] lambda=0.0100 train_mse=0.00610429 val_mse=0.01491889 val_mae=0.08877212 | peer_val_mse=0.00362230 peer_val_mae=0.03567774
[worker2/operator_darcy_student_lift_v1] [operator_darcy_student_lift_v1/sample_ft_l010_w5_d20_70_lr3e4] [operator][epoch 088] lambda=0.0100 train_mse=0.00596970 val_mse=0.01442470 val_mae=0.08677960 | peer_val_mse=0.00362230 peer_val_mae=0.03567774
[worker2/operator_darcy_student_lift_v1] [operator_darcy_student_lift_v1/sample_ft_l010_w5_d20_70_lr3e4] [operator][epoch 089] lambda=0.0100 train_mse=0.00582217 val_mse=0.01452039 val_mae=0.08742819 | peer_val_mse=0.00362230 peer_val_mae=0.03567774
[worker2/operator_darcy_student_lift_v1] [operator_darcy_student_lift_v1/sample_ft_l010_w5_d20_70_lr3e4] [operator][epoch 090] lambda=0.0100 train_mse=0.00618961 val_mse=0.01552772 val_mae=0.09037470 | peer_val_mse=0.00362230 peer_val_mae=0.03567774
[worker2/operator_darcy_student_lift_v1] [operator_darcy_student_lift_v1/sample_ft_l010_w5_d20_70_lr3e4] [operator][epoch 090] updated live plot
[worker2/operator_darcy_student_lift_v1] [operator_darcy_student_lift_v1/sample_ft_l010_w5_d20_70_lr3e4] [operator] done
[worker2/operator_darcy_student_lift_v1] [operator_darcy_student_lift_v1/elem_ft_l010_w5_d20_70_lr3e4] lock -> /home/namkyeong/ssmo/results/.locks/operator_darcy_student_lift_v1_elem_ft_l010_w5_d20_70_lr3e4.lock
[worker2/operator_darcy_student_lift_v1] [operator_darcy_student_lift_v1/elem_ft_l010_w5_d20_70_lr3e4] log -> results/logs/operator_darcy_student_lift_v1/elem_ft_l010_w5_d20_70_lr3e4.log
[worker2/operator_darcy_student_lift_v1] [operator_darcy_student_lift_v1/elem_ft_l010_w5_d20_70_lr3e4] [operator] output_dir=results/operator_darcy_student_lift_v1/elem_ft_l010_w5_d20_70_lr3e4
[worker2/operator_darcy_student_lift_v1] [operator_darcy_student_lift_v1/elem_ft_l010_w5_d20_70_lr3e4] [operator] methods=ssml
[worker2/operator_darcy_student_lift_v1] [operator_darcy_student_lift_v1/elem_ft_l010_w5_d20_70_lr3e4] [operator] model_pairs=deeponet:fno
[worker2/operator_darcy_student_lift_v1] [operator_darcy_student_lift_v1/elem_ft_l010_w5_d20_70_lr3e4] [operator] dataset=darcy pair=deeponet:fno method=ssml seed=0
[worker2/operator_darcy_student_lift_v1] [operator_darcy_student_lift_v1/elem_ft_l010_w5_d20_70_lr3e4] [operator] loaded init_checkpoint=results/operator_ssml_tuned_v1/operator/darcy/deeponet_independent_mse_seed0/model.pt
[worker2/operator_darcy_student_lift_v1] [operator_darcy_student_lift_v1/elem_ft_l010_w5_d20_70_lr3e4] [operator] loaded peer_init_checkpoint=results/operator_ssml_tuned_v1/operator/darcy/fno_independent_mse_seed0/model.pt
[worker2/operator_darcy_student_lift_v1] [operator_darcy_student_lift_v1/elem_ft_l010_w5_d20_70_lr3e4] [operator] run_dir=results/operator_darcy_student_lift_v1/elem_ft_l010_w5_d20_70_lr3e4/operator/darcy/deeponet__fno_ssml_mse_seed0
[worker2/operator_darcy_student_lift_v1] [operator_darcy_student_lift_v1/elem_ft_l010_w5_d20_70_lr3e4] [operator] params=592000
[worker2/operator_darcy_student_lift_v1] [operator_darcy_student_lift_v1/elem_ft_l010_w5_d20_70_lr3e4] [operator] granularity=element student_only=True freeze_peer=True peer_updates_disabled=True
[worker2/operator_darcy_student_lift_v1] [operator_darcy_student_lift_v1/elem_ft_l010_w5_d20_70_lr3e4] [operator][epoch 001] lambda=0.0000 train_mse=0.02841123 val_mse=0.01988857 val_mae=0.10547042 | peer_val_mse=0.00368145 peer_val_mae=0.03564186
[worker2/operator_darcy_student_lift_v1] [operator_darcy_student_lift_v1/elem_ft_l010_w5_d20_70_lr3e4] [operator][epoch 002] lambda=0.0000 train_mse=0.01218158 val_mse=0.01861051 val_mae=0.10232443 | peer_val_mse=0.00368145 peer_val_mae=0.03564186
[worker2/operator_darcy_student_lift_v1] [operator_darcy_student_lift_v1/elem_ft_l010_w5_d20_70_lr3e4] [operator][epoch 003] lambda=0.0000 train_mse=0.01215873 val_mse=0.01923035 val_mae=0.10424296 | peer_val_mse=0.00368145 peer_val_mae=0.03564186
[worker2/operator_darcy_student_lift_v1] [operator_darcy_student_lift_v1/elem_ft_l010_w5_d20_70_lr3e4] [operator][epoch 004] lambda=0.0000 train_mse=0.01151187 val_mse=0.01799074 val_mae=0.10023926 | peer_val_mse=0.00368145 peer_val_mae=0.03564186
[worker2/operator_darcy_student_lift_v1] [operator_darcy_student_lift_v1/elem_ft_l010_w5_d20_70_lr3e4] [operator][epoch 005] lambda=0.0000 train_mse=0.01138276 val_mse=0.01778286 val_mae=0.09990732 | peer_val_mse=0.00368145 peer_val_mae=0.03564186
[worker2/operator_darcy_student_lift_v1] [operator_darcy_student_lift_v1/elem_ft_l010_w5_d20_70_lr3e4] [operator][epoch 006] lambda=0.1000 train_mse=0.01284207 val_mse=0.01754192 val_mae=0.09970212 | peer_val_mse=0.00368145 peer_val_mae=0.03564186
[worker2/operator_darcy_student_lift_v1] [operator_darcy_student_lift_v1/elem_ft_l010_w5_d20_70_lr3e4] [operator][epoch 007] lambda=0.1000 train_mse=0.01351919 val_mse=0.01957411 val_mae=0.10523037 | peer_val_mse=0.00368145 peer_val_mae=0.03564186
[worker2/operator_darcy_student_lift_v1] [operator_darcy_student_lift_v1/elem_ft_l010_w5_d20_70_lr3e4] [operator][epoch 008] lambda=0.1000 train_mse=0.01410004 val_mse=0.01943365 val_mae=0.10475364 | peer_val_mse=0.00368145 peer_val_mae=0.03564186
[worker2/operator_darcy_student_lift_v1] [operator_darcy_student_lift_v1/elem_ft_l010_w5_d20_70_lr3e4] [operator][epoch 009] lambda=0.1000 train_mse=0.01276736 val_mse=0.01936717 val_mae=0.10367038 | peer_val_mse=0.00368145 peer_val_mae=0.03564186
[worker2/operator_darcy_student_lift_v1] [operator_darcy_student_lift_v1/elem_ft_l010_w5_d20_70_lr3e4] [operator][epoch 010] lambda=0.1000 train_mse=0.01365488 val_mse=0.01915554 val_mae=0.10381643 | peer_val_mse=0.00368145 peer_val_mae=0.03564186
[worker2/operator_darcy_student_lift_v1] [operator_darcy_student_lift_v1/elem_ft_l010_w5_d20_70_lr3e4] [operator][epoch 011] lambda=0.1000 train_mse=0.01406330 val_mse=0.01801701 val_mae=0.10149720 | peer_val_mse=0.00368145 peer_val_mae=0.03564186
[worker2/operator_darcy_student_lift_v1] [operator_darcy_student_lift_v1/elem_ft_l010_w5_d20_70_lr3e4] [operator][epoch 012] lambda=0.1000 train_mse=0.01265887 val_mse=0.01784105 val_mae=0.10054035 | peer_val_mse=0.00368145 peer_val_mae=0.03564186
[worker2/operator_darcy_student_lift_v1] [operator_darcy_student_lift_v1/elem_ft_l010_w5_d20_70_lr3e4] [operator][epoch 013] lambda=0.1000 train_mse=0.01280742 val_mse=0.01884893 val_mae=0.10249572 | peer_val_mse=0.00368145 peer_val_mae=0.03564186
[worker2/operator_darcy_student_lift_v1] [operator_darcy_student_lift_v1/elem_ft_l010_w5_d20_70_lr3e4] [operator][epoch 014] lambda=0.1000 train_mse=0.01428365 val_mse=0.01796630 val_mae=0.10095628 | peer_val_mse=0.00368145 peer_val_mae=0.03564186
[worker2/operator_darcy_student_lift_v1] [operator_darcy_student_lift_v1/elem_ft_l010_w5_d20_70_lr3e4] [operator][epoch 015] lambda=0.1000 train_mse=0.01265196 val_mse=0.01735806 val_mae=0.09854082 | peer_val_mse=0.00368145 peer_val_mae=0.03564186
[worker2/operator_darcy_student_lift_v1] [operator_darcy_student_lift_v1/elem_ft_l010_w5_d20_70_lr3e4] [operator][epoch 016] lambda=0.1000 train_mse=0.01136868 val_mse=0.01672651 val_mae=0.09714669 | peer_val_mse=0.00368145 peer_val_mae=0.03564186
[worker2/operator_darcy_student_lift_v1] [operator_darcy_student_lift_v1/elem_ft_l010_w5_d20_70_lr3e4] [operator][epoch 017] lambda=0.1000 train_mse=0.01152102 val_mse=0.01918729 val_mae=0.10380492 | peer_val_mse=0.00368145 peer_val_mae=0.03564186
[worker2/operator_darcy_student_lift_v1] [operator_darcy_student_lift_v1/elem_ft_l010_w5_d20_70_lr3e4] [operator][epoch 018] lambda=0.1000 train_mse=0.01144751 val_mse=0.01906952 val_mae=0.10420298 | peer_val_mse=0.00368145 peer_val_mae=0.03564186
[worker2/operator_darcy_student_lift_v1] [operator_darcy_student_lift_v1/elem_ft_l010_w5_d20_70_lr3e4] [operator][epoch 019] lambda=0.1000 train_mse=0.01154767 val_mse=0.01660344 val_mae=0.09677065 | peer_val_mse=0.00368145 peer_val_mae=0.03564186
[worker2/operator_darcy_student_lift_v1] [operator_darcy_student_lift_v1/elem_ft_l010_w5_d20_70_lr3e4] [operator][epoch 020] lambda=0.1000 train_mse=0.01096266 val_mse=0.01777862 val_mae=0.10104422 | peer_val_mse=0.00368145 peer_val_mae=0.03564186
[worker2/operator_darcy_student_lift_v1] [operator_darcy_student_lift_v1/elem_ft_l010_w5_d20_70_lr3e4] [operator][epoch 020] updated live plot
[worker2/operator_darcy_student_lift_v1] [operator_darcy_student_lift_v1/elem_ft_l010_w5_d20_70_lr3e4] [operator][epoch 021] lambda=0.0982 train_mse=0.01484706 val_mse=0.01922702 val_mae=0.10485906 | peer_val_mse=0.00368145 peer_val_mae=0.03564186
[worker2/operator_darcy_student_lift_v1] [operator_darcy_student_lift_v1/elem_ft_l010_w5_d20_70_lr3e4] [operator][epoch 022] lambda=0.0964 train_mse=0.01226424 val_mse=0.01754589 val_mae=0.09923389 | peer_val_mse=0.00368145 peer_val_mae=0.03564186
[worker2/operator_darcy_student_lift_v1] [operator_darcy_student_lift_v1/elem_ft_l010_w5_d20_70_lr3e4] [operator][epoch 023] lambda=0.0946 train_mse=0.01433608 val_mse=0.01917218 val_mae=0.10392508 | peer_val_mse=0.00368145 peer_val_mae=0.03564186
[worker2/operator_darcy_student_lift_v1] [operator_darcy_student_lift_v1/elem_ft_l010_w5_d20_70_lr3e4] [operator][epoch 024] lambda=0.0928 train_mse=0.01181053 val_mse=0.01744185 val_mae=0.09875323 | peer_val_mse=0.00368145 peer_val_mae=0.03564186
[worker2/operator_darcy_student_lift_v1] [operator_darcy_student_lift_v1/elem_ft_l010_w5_d20_70_lr3e4] [operator][epoch 025] lambda=0.0910 train_mse=0.01045739 val_mse=0.01855748 val_mae=0.10189881 | peer_val_mse=0.00368145 peer_val_mae=0.03564186
[worker2/operator_darcy_student_lift_v1] [operator_darcy_student_lift_v1/elem_ft_l010_w5_d20_70_lr3e4] [operator][epoch 026] lambda=0.0892 train_mse=0.01052580 val_mse=0.01621798 val_mae=0.09538019 | peer_val_mse=0.00368145 peer_val_mae=0.03564186
[worker2/operator_darcy_student_lift_v1] [operator_darcy_student_lift_v1/elem_ft_l010_w5_d20_70_lr3e4] [operator][epoch 027] lambda=0.0874 train_mse=0.00998405 val_mse=0.01638518 val_mae=0.09543744 | peer_val_mse=0.00368145 peer_val_mae=0.03564186
[worker2/operator_darcy_student_lift_v1] [operator_darcy_student_lift_v1/elem_ft_l010_w5_d20_70_lr3e4] [operator][epoch 028] lambda=0.0856 train_mse=0.00969913 val_mse=0.01623216 val_mae=0.09419069 | peer_val_mse=0.00368145 peer_val_mae=0.03564186
[worker2/operator_darcy_student_lift_v1] [operator_darcy_student_lift_v1/elem_ft_l010_w5_d20_70_lr3e4] [operator][epoch 029] lambda=0.0838 train_mse=0.01017352 val_mse=0.01605649 val_mae=0.09491126 | peer_val_mse=0.00368145 peer_val_mae=0.03564186
[worker2/operator_darcy_student_lift_v1] [operator_darcy_student_lift_v1/elem_ft_l010_w5_d20_70_lr3e4] [operator][epoch 030] lambda=0.0820 train_mse=0.01245189 val_mse=0.02352573 val_mae=0.11666512 | peer_val_mse=0.00368145 peer_val_mae=0.03564186
[worker2/operator_darcy_student_lift_v1] [operator_darcy_student_lift_v1/elem_ft_l010_w5_d20_70_lr3e4] [operator][epoch 031] lambda=0.0802 train_mse=0.01383392 val_mse=0.01800413 val_mae=0.10004430 | peer_val_mse=0.00368145 peer_val_mae=0.03564186
[worker2/operator_darcy_student_lift_v1] [operator_darcy_student_lift_v1/elem_ft_l010_w5_d20_70_lr3e4] [operator][epoch 032] lambda=0.0784 train_mse=0.01072250 val_mse=0.01601133 val_mae=0.09444209 | peer_val_mse=0.00368145 peer_val_mae=0.03564186
[worker2/operator_darcy_student_lift_v1] [operator_darcy_student_lift_v1/elem_ft_l010_w5_d20_70_lr3e4] [operator][epoch 033] lambda=0.0766 train_mse=0.00953523 val_mse=0.01564110 val_mae=0.09272857 | peer_val_mse=0.00368145 peer_val_mae=0.03564186
[worker2/operator_darcy_student_lift_v1] [operator_darcy_student_lift_v1/elem_ft_l010_w5_d20_70_lr3e4] [operator][epoch 034] lambda=0.0748 train_mse=0.00895723 val_mse=0.01564621 val_mae=0.09285293 | peer_val_mse=0.00368145 peer_val_mae=0.03564186
[worker2/operator_darcy_student_lift_v1] [operator_darcy_student_lift_v1/elem_ft_l010_w5_d20_70_lr3e4] [operator][epoch 035] lambda=0.0730 train_mse=0.00957205 val_mse=0.01740853 val_mae=0.09850876 | peer_val_mse=0.00368145 peer_val_mae=0.03564186
[worker2/operator_darcy_student_lift_v1] [operator_darcy_student_lift_v1/elem_ft_l010_w5_d20_70_lr3e4] [operator][epoch 036] lambda=0.0712 train_mse=0.01079345 val_mse=0.01708872 val_mae=0.09761645 | peer_val_mse=0.00368145 peer_val_mae=0.03564186
[worker2/operator_darcy_student_lift_v1] [operator_darcy_student_lift_v1/elem_ft_l010_w5_d20_70_lr3e4] [operator][epoch 037] lambda=0.0694 train_mse=0.00959440 val_mse=0.01554424 val_mae=0.09275174 | peer_val_mse=0.00368145 peer_val_mae=0.03564186
[worker2/operator_darcy_student_lift_v1] [operator_darcy_student_lift_v1/elem_ft_l010_w5_d20_70_lr3e4] [operator][epoch 038] lambda=0.0676 train_mse=0.00904294 val_mse=0.01568159 val_mae=0.09249365 | peer_val_mse=0.00368145 peer_val_mae=0.03564186
[worker2/operator_darcy_student_lift_v1] [operator_darcy_student_lift_v1/elem_ft_l010_w5_d20_70_lr3e4] [operator][epoch 039] lambda=0.0658 train_mse=0.00868354 val_mse=0.01509616 val_mae=0.09115773 | peer_val_mse=0.00368145 peer_val_mae=0.03564186
[worker2/operator_darcy_student_lift_v1] [operator_darcy_student_lift_v1/elem_ft_l010_w5_d20_70_lr3e4] [operator][epoch 040] lambda=0.0640 train_mse=0.00852003 val_mse=0.01543025 val_mae=0.09256351 | peer_val_mse=0.00368145 peer_val_mae=0.03564186
[worker2/operator_darcy_student_lift_v1] [operator_darcy_student_lift_v1/elem_ft_l010_w5_d20_70_lr3e4] [operator][epoch 040] updated live plot
[worker2/operator_darcy_student_lift_v1] [operator_darcy_student_lift_v1/elem_ft_l010_w5_d20_70_lr3e4] [operator][epoch 041] lambda=0.0622 train_mse=0.00908165 val_mse=0.01618485 val_mae=0.09433798 | peer_val_mse=0.00368145 peer_val_mae=0.03564186
[worker2/operator_darcy_student_lift_v1] [operator_darcy_student_lift_v1/elem_ft_l010_w5_d20_70_lr3e4] [operator][epoch 042] lambda=0.0604 train_mse=0.00886330 val_mse=0.01497979 val_mae=0.09088986 | peer_val_mse=0.00368145 peer_val_mae=0.03564186
[worker2/operator_darcy_student_lift_v1] [operator_darcy_student_lift_v1/elem_ft_l010_w5_d20_70_lr3e4] [operator][epoch 043] lambda=0.0586 train_mse=0.00865896 val_mse=0.01545284 val_mae=0.09214108 | peer_val_mse=0.00368145 peer_val_mae=0.03564186
[worker2/operator_darcy_student_lift_v1] [operator_darcy_student_lift_v1/elem_ft_l010_w5_d20_70_lr3e4] [operator][epoch 044] lambda=0.0568 train_mse=0.00865110 val_mse=0.01492897 val_mae=0.09086454 | peer_val_mse=0.00368145 peer_val_mae=0.03564186
[worker2/operator_darcy_student_lift_v1] [operator_darcy_student_lift_v1/elem_ft_l010_w5_d20_70_lr3e4] [operator][epoch 045] lambda=0.0550 train_mse=0.00882513 val_mse=0.01518944 val_mae=0.09148504 | peer_val_mse=0.00368145 peer_val_mae=0.03564186
[worker2/operator_darcy_student_lift_v1] [operator_darcy_student_lift_v1/elem_ft_l010_w5_d20_70_lr3e4] [operator][epoch 046] lambda=0.0532 train_mse=0.00991289 val_mse=0.01619590 val_mae=0.09492533 | peer_val_mse=0.00368145 peer_val_mae=0.03564186
[worker2/operator_darcy_student_lift_v1] [operator_darcy_student_lift_v1/elem_ft_l010_w5_d20_70_lr3e4] [operator][epoch 047] lambda=0.0514 train_mse=0.01043618 val_mse=0.01521348 val_mae=0.09279758 | peer_val_mse=0.00368145 peer_val_mae=0.03564186
[worker2/operator_darcy_student_lift_v1] [operator_darcy_student_lift_v1/elem_ft_l010_w5_d20_70_lr3e4] [operator][epoch 048] lambda=0.0496 train_mse=0.00890417 val_mse=0.01720443 val_mae=0.09936191 | peer_val_mse=0.00368145 peer_val_mae=0.03564186
[worker2/operator_darcy_student_lift_v1] [operator_darcy_student_lift_v1/elem_ft_l010_w5_d20_70_lr3e4] [operator][epoch 049] lambda=0.0478 train_mse=0.00970230 val_mse=0.01478692 val_mae=0.08976746 | peer_val_mse=0.00368145 peer_val_mae=0.03564186
[worker2/operator_darcy_student_lift_v1] [operator_darcy_student_lift_v1/elem_ft_l010_w5_d20_70_lr3e4] [operator][epoch 050] lambda=0.0460 train_mse=0.00807012 val_mse=0.01505949 val_mae=0.09015136 | peer_val_mse=0.00368145 peer_val_mae=0.03564186
[worker2/operator_darcy_student_lift_v1] [operator_darcy_student_lift_v1/elem_ft_l010_w5_d20_70_lr3e4] [operator][epoch 051] lambda=0.0442 train_mse=0.00746361 val_mse=0.01455414 val_mae=0.08909349 | peer_val_mse=0.00368145 peer_val_mae=0.03564186
[worker2/operator_darcy_student_lift_v1] [operator_darcy_student_lift_v1/elem_ft_l010_w5_d20_70_lr3e4] [operator][epoch 052] lambda=0.0424 train_mse=0.00751912 val_mse=0.01429727 val_mae=0.08848512 | peer_val_mse=0.00368145 peer_val_mae=0.03564186
[worker2/operator_darcy_student_lift_v1] [operator_darcy_student_lift_v1/elem_ft_l010_w5_d20_70_lr3e4] [operator][epoch 053] lambda=0.0406 train_mse=0.00768764 val_mse=0.01479790 val_mae=0.08991734 | peer_val_mse=0.00368145 peer_val_mae=0.03564186
[worker2/operator_darcy_student_lift_v1] [operator_darcy_student_lift_v1/elem_ft_l010_w5_d20_70_lr3e4] [operator][epoch 054] lambda=0.0388 train_mse=0.00781979 val_mse=0.01396337 val_mae=0.08764153 | peer_val_mse=0.00368145 peer_val_mae=0.03564186
[worker2/operator_darcy_student_lift_v1] [operator_darcy_student_lift_v1/elem_ft_l010_w5_d20_70_lr3e4] [operator][epoch 055] lambda=0.0370 train_mse=0.00740958 val_mse=0.01422615 val_mae=0.08828153 | peer_val_mse=0.00368145 peer_val_mae=0.03564186
[worker2/operator_darcy_student_lift_v1] [operator_darcy_student_lift_v1/elem_ft_l010_w5_d20_70_lr3e4] [operator][epoch 056] lambda=0.0352 train_mse=0.00772560 val_mse=0.01483447 val_mae=0.08944575 | peer_val_mse=0.00368145 peer_val_mae=0.03564186
[worker2/operator_darcy_student_lift_v1] [operator_darcy_student_lift_v1/elem_ft_l010_w5_d20_70_lr3e4] [operator][epoch 057] lambda=0.0334 train_mse=0.00760156 val_mse=0.01498497 val_mae=0.09022833 | peer_val_mse=0.00368145 peer_val_mae=0.03564186
[worker2/operator_darcy_student_lift_v1] [operator_darcy_student_lift_v1/elem_ft_l010_w5_d20_70_lr3e4] [operator][epoch 058] lambda=0.0316 train_mse=0.00737796 val_mse=0.01393709 val_mae=0.08779970 | peer_val_mse=0.00368145 peer_val_mae=0.03564186
[worker2/operator_darcy_student_lift_v1] [operator_darcy_student_lift_v1/elem_ft_l010_w5_d20_70_lr3e4] [operator][epoch 059] lambda=0.0298 train_mse=0.00818001 val_mse=0.01474946 val_mae=0.09042826 | peer_val_mse=0.00368145 peer_val_mae=0.03564186
[worker2/operator_darcy_student_lift_v1] [operator_darcy_student_lift_v1/elem_ft_l010_w5_d20_70_lr3e4] [operator][epoch 060] lambda=0.0280 train_mse=0.00771926 val_mse=0.01456761 val_mae=0.08927071 | peer_val_mse=0.00368145 peer_val_mae=0.03564186
[worker2/operator_darcy_student_lift_v1] [operator_darcy_student_lift_v1/elem_ft_l010_w5_d20_70_lr3e4] [operator][epoch 060] updated live plot
[worker2/operator_darcy_student_lift_v1] [operator_darcy_student_lift_v1/elem_ft_l010_w5_d20_70_lr3e4] [operator][epoch 061] lambda=0.0262 train_mse=0.00728800 val_mse=0.01403076 val_mae=0.08731632 | peer_val_mse=0.00368145 peer_val_mae=0.03564186
[worker2/operator_darcy_student_lift_v1] [operator_darcy_student_lift_v1/elem_ft_l010_w5_d20_70_lr3e4] [operator][epoch 062] lambda=0.0244 train_mse=0.00690367 val_mse=0.01381075 val_mae=0.08665884 | peer_val_mse=0.00368145 peer_val_mae=0.03564186
[worker2/operator_darcy_student_lift_v1] [operator_darcy_student_lift_v1/elem_ft_l010_w5_d20_70_lr3e4] [operator][epoch 063] lambda=0.0226 train_mse=0.00691054 val_mse=0.01471613 val_mae=0.08902149 | peer_val_mse=0.00368145 peer_val_mae=0.03564186
[worker2/operator_darcy_student_lift_v1] [operator_darcy_student_lift_v1/elem_ft_l010_w5_d20_70_lr3e4] [operator][epoch 064] lambda=0.0208 train_mse=0.00820202 val_mse=0.01502171 val_mae=0.08986981 | peer_val_mse=0.00368145 peer_val_mae=0.03564186
[worker2/operator_darcy_student_lift_v1] [operator_darcy_student_lift_v1/elem_ft_l010_w5_d20_70_lr3e4] [operator][epoch 065] lambda=0.0190 train_mse=0.00803918 val_mse=0.01413481 val_mae=0.08810250 | peer_val_mse=0.00368145 peer_val_mae=0.03564186
[worker2/operator_darcy_student_lift_v1] [operator_darcy_student_lift_v1/elem_ft_l010_w5_d20_70_lr3e4] [operator][epoch 066] lambda=0.0172 train_mse=0.00822503 val_mse=0.01430105 val_mae=0.08857147 | peer_val_mse=0.00368145 peer_val_mae=0.03564186
[worker2/operator_darcy_student_lift_v1] [operator_darcy_student_lift_v1/elem_ft_l010_w5_d20_70_lr3e4] [operator][epoch 067] lambda=0.0154 train_mse=0.00718709 val_mse=0.01473538 val_mae=0.08891951 | peer_val_mse=0.00368145 peer_val_mae=0.03564186
[worker2/operator_darcy_student_lift_v1] [operator_darcy_student_lift_v1/elem_ft_l010_w5_d20_70_lr3e4] [operator][epoch 068] lambda=0.0136 train_mse=0.00706286 val_mse=0.01483644 val_mae=0.09062405 | peer_val_mse=0.00368145 peer_val_mae=0.03564186
[worker2/operator_darcy_student_lift_v1] [operator_darcy_student_lift_v1/elem_ft_l010_w5_d20_70_lr3e4] [operator][epoch 069] lambda=0.0118 train_mse=0.00775654 val_mse=0.01561832 val_mae=0.09250228 | peer_val_mse=0.00368145 peer_val_mae=0.03564186
[worker2/operator_darcy_student_lift_v1] [operator_darcy_student_lift_v1/elem_ft_l010_w5_d20_70_lr3e4] [operator][epoch 070] lambda=0.0100 train_mse=0.00706826 val_mse=0.01396592 val_mae=0.08671178 | peer_val_mse=0.00368145 peer_val_mae=0.03564186
[worker2/operator_darcy_student_lift_v1] [operator_darcy_student_lift_v1/elem_ft_l010_w5_d20_70_lr3e4] [operator][epoch 071] lambda=0.0100 train_mse=0.00709897 val_mse=0.01501025 val_mae=0.08978885 | peer_val_mse=0.00368145 peer_val_mae=0.03564186
[worker2/operator_darcy_student_lift_v1] [operator_darcy_student_lift_v1/elem_ft_l010_w5_d20_70_lr3e4] [operator][epoch 072] lambda=0.0100 train_mse=0.00659382 val_mse=0.01454180 val_mae=0.08799962 | peer_val_mse=0.00368145 peer_val_mae=0.03564186
[worker2/operator_darcy_student_lift_v1] [operator_darcy_student_lift_v1/elem_ft_l010_w5_d20_70_lr3e4] [operator][epoch 073] lambda=0.0100 train_mse=0.00699644 val_mse=0.01366406 val_mae=0.08635109 | peer_val_mse=0.00368145 peer_val_mae=0.03564186
[worker2/operator_darcy_student_lift_v1] [operator_darcy_student_lift_v1/elem_ft_l010_w5_d20_70_lr3e4] [operator][epoch 074] lambda=0.0100 train_mse=0.00661056 val_mse=0.01372773 val_mae=0.08586702 | peer_val_mse=0.00368145 peer_val_mae=0.03564186
[worker2/operator_darcy_student_lift_v1] [operator_darcy_student_lift_v1/elem_ft_l010_w5_d20_70_lr3e4] [operator][epoch 075] lambda=0.0100 train_mse=0.00638561 val_mse=0.01328618 val_mae=0.08421208 | peer_val_mse=0.00368145 peer_val_mae=0.03564186
[worker2/operator_darcy_student_lift_v1] [operator_darcy_student_lift_v1/elem_ft_l010_w5_d20_70_lr3e4] [operator][epoch 076] lambda=0.0100 train_mse=0.00679168 val_mse=0.01442626 val_mae=0.08827798 | peer_val_mse=0.00368145 peer_val_mae=0.03564186
[worker2/operator_darcy_student_lift_v1] [operator_darcy_student_lift_v1/elem_ft_l010_w5_d20_70_lr3e4] [operator][epoch 077] lambda=0.0100 train_mse=0.00659480 val_mse=0.01398585 val_mae=0.08721453 | peer_val_mse=0.00368145 peer_val_mae=0.03564186
[worker2/operator_darcy_student_lift_v1] [operator_darcy_student_lift_v1/elem_ft_l010_w5_d20_70_lr3e4] [operator][epoch 078] lambda=0.0100 train_mse=0.00673833 val_mse=0.01393168 val_mae=0.08658189 | peer_val_mse=0.00368145 peer_val_mae=0.03564186
[worker2/operator_darcy_student_lift_v1] [operator_darcy_student_lift_v1/elem_ft_l010_w5_d20_70_lr3e4] [operator][epoch 079] lambda=0.0100 train_mse=0.00690845 val_mse=0.01353745 val_mae=0.08495414 | peer_val_mse=0.00368145 peer_val_mae=0.03564186
[worker2/operator_darcy_student_lift_v1] [operator_darcy_student_lift_v1/elem_ft_l010_w5_d20_70_lr3e4] [operator][epoch 080] lambda=0.0100 train_mse=0.00742661 val_mse=0.01459450 val_mae=0.08854422 | peer_val_mse=0.00368145 peer_val_mae=0.03564186
[worker2/operator_darcy_student_lift_v1] [operator_darcy_student_lift_v1/elem_ft_l010_w5_d20_70_lr3e4] [operator][epoch 080] updated live plot
[worker2/operator_darcy_student_lift_v1] [operator_darcy_student_lift_v1/elem_ft_l010_w5_d20_70_lr3e4] [operator][epoch 081] lambda=0.0100 train_mse=0.00700645 val_mse=0.01478202 val_mae=0.08986928 | peer_val_mse=0.00368145 peer_val_mae=0.03564186
[worker2/operator_darcy_student_lift_v1] [operator_darcy_student_lift_v1/elem_ft_l010_w5_d20_70_lr3e4] [operator][epoch 082] lambda=0.0100 train_mse=0.00629494 val_mse=0.01347853 val_mae=0.08456336 | peer_val_mse=0.00368145 peer_val_mae=0.03564186
[worker2/operator_darcy_student_lift_v1] [operator_darcy_student_lift_v1/elem_ft_l010_w5_d20_70_lr3e4] [operator][epoch 083] lambda=0.0100 train_mse=0.00585014 val_mse=0.01375374 val_mae=0.08556009 | peer_val_mse=0.00368145 peer_val_mae=0.03564186
[worker2/operator_darcy_student_lift_v1] [operator_darcy_student_lift_v1/elem_ft_l010_w5_d20_70_lr3e4] [operator][epoch 084] lambda=0.0100 train_mse=0.00608692 val_mse=0.01380301 val_mae=0.08707982 | peer_val_mse=0.00368145 peer_val_mae=0.03564186
[worker2/operator_darcy_student_lift_v1] [operator_darcy_student_lift_v1/elem_ft_l010_w5_d20_70_lr3e4] [operator][epoch 085] lambda=0.0100 train_mse=0.00601542 val_mse=0.01352770 val_mae=0.08452092 | peer_val_mse=0.00368145 peer_val_mae=0.03564186
[worker2/operator_darcy_student_lift_v1] [operator_darcy_student_lift_v1/elem_ft_l010_w5_d20_70_lr3e4] [operator][epoch 086] lambda=0.0100 train_mse=0.00598079 val_mse=0.01465547 val_mae=0.08810130 | peer_val_mse=0.00368145 peer_val_mae=0.03564186
[worker2/operator_darcy_student_lift_v1] [operator_darcy_student_lift_v1/elem_ft_l010_w5_d20_70_lr3e4] [operator][epoch 087] lambda=0.0100 train_mse=0.00619090 val_mse=0.01337768 val_mae=0.08460043 | peer_val_mse=0.00368145 peer_val_mae=0.03564186
[worker2/operator_darcy_student_lift_v1] [operator_darcy_student_lift_v1/elem_ft_l010_w5_d20_70_lr3e4] [operator][epoch 088] lambda=0.0100 train_mse=0.00609192 val_mse=0.01381814 val_mae=0.08640751 | peer_val_mse=0.00368145 peer_val_mae=0.03564186
[worker2/operator_darcy_student_lift_v1] [operator_darcy_student_lift_v1/elem_ft_l010_w5_d20_70_lr3e4] [operator][epoch 089] lambda=0.0100 train_mse=0.00651151 val_mse=0.01395447 val_mae=0.08689747 | peer_val_mse=0.00368145 peer_val_mae=0.03564186
[worker2/operator_darcy_student_lift_v1] [operator_darcy_student_lift_v1/elem_ft_l010_w5_d20_70_lr3e4] [operator][epoch 090] lambda=0.0100 train_mse=0.00769507 val_mse=0.01482088 val_mae=0.08930670 | peer_val_mse=0.00368145 peer_val_mae=0.03564186
[worker2/operator_darcy_student_lift_v1] [operator_darcy_student_lift_v1/elem_ft_l010_w5_d20_70_lr3e4] [operator][epoch 090] updated live plot
[worker2/operator_darcy_student_lift_v1] [operator_darcy_student_lift_v1/elem_ft_l010_w5_d20_70_lr3e4] [operator] done
[worker2/operator_darcy_student_lift_v1] [operator_darcy_student_lift_v1/elem_ft_l010_w5_d20_70_lr3e4] [operator] dataset=darcy pair=deeponet:fno method=ssml seed=1
[worker2/operator_darcy_student_lift_v1] [operator_darcy_student_lift_v1/elem_ft_l010_w5_d20_70_lr3e4] [operator] loaded init_checkpoint=results/operator_ssml_tuned_v1/operator/darcy/deeponet_independent_mse_seed1/model.pt
[worker2/operator_darcy_student_lift_v1] [operator_darcy_student_lift_v1/elem_ft_l010_w5_d20_70_lr3e4] [operator] loaded peer_init_checkpoint=results/operator_ssml_tuned_v1/operator/darcy/fno_independent_mse_seed1/model.pt
[worker2/operator_darcy_student_lift_v1] [operator_darcy_student_lift_v1/elem_ft_l010_w5_d20_70_lr3e4] [operator] run_dir=results/operator_darcy_student_lift_v1/elem_ft_l010_w5_d20_70_lr3e4/operator/darcy/deeponet__fno_ssml_mse_seed1
[worker2/operator_darcy_student_lift_v1] [operator_darcy_student_lift_v1/elem_ft_l010_w5_d20_70_lr3e4] [operator] params=592000
[worker2/operator_darcy_student_lift_v1] [operator_darcy_student_lift_v1/elem_ft_l010_w5_d20_70_lr3e4] [operator] granularity=element student_only=True freeze_peer=True peer_updates_disabled=True
[worker2/operator_darcy_student_lift_v1] [operator_darcy_student_lift_v1/elem_ft_l010_w5_d20_70_lr3e4] [operator][epoch 001] lambda=0.0000 train_mse=0.03325168 val_mse=0.01878899 val_mae=0.10419083 | peer_val_mse=0.00281669 peer_val_mae=0.03477113
[worker2/operator_darcy_student_lift_v1] [operator_darcy_student_lift_v1/elem_ft_l010_w5_d20_70_lr3e4] [operator][epoch 002] lambda=0.0000 train_mse=0.01223417 val_mse=0.01809317 val_mae=0.10142577 | peer_val_mse=0.00281669 peer_val_mae=0.03477113
[worker2/operator_darcy_student_lift_v1] [operator_darcy_student_lift_v1/elem_ft_l010_w5_d20_70_lr3e4] [operator][epoch 003] lambda=0.0000 train_mse=0.01199145 val_mse=0.01830339 val_mae=0.10255849 | peer_val_mse=0.00281669 peer_val_mae=0.03477113
[worker2/operator_darcy_student_lift_v1] [operator_darcy_student_lift_v1/elem_ft_l010_w5_d20_70_lr3e4] [operator][epoch 004] lambda=0.0000 train_mse=0.01163641 val_mse=0.01821190 val_mae=0.10253867 | peer_val_mse=0.00281669 peer_val_mae=0.03477113
[worker2/operator_darcy_student_lift_v1] [operator_darcy_student_lift_v1/elem_ft_l010_w5_d20_70_lr3e4] [operator][epoch 005] lambda=0.0000 train_mse=0.01186515 val_mse=0.02014358 val_mae=0.10853577 | peer_val_mse=0.00281669 peer_val_mae=0.03477113
[worker2/operator_darcy_student_lift_v1] [operator_darcy_student_lift_v1/elem_ft_l010_w5_d20_70_lr3e4] [operator][epoch 006] lambda=0.1000 train_mse=0.01512311 val_mse=0.01808440 val_mae=0.10184750 | peer_val_mse=0.00281669 peer_val_mae=0.03477113
[worker2/operator_darcy_student_lift_v1] [operator_darcy_student_lift_v1/elem_ft_l010_w5_d20_70_lr3e4] [operator][epoch 007] lambda=0.1000 train_mse=0.01319497 val_mse=0.01967249 val_mae=0.10543985 | peer_val_mse=0.00281669 peer_val_mae=0.03477113
[worker2/operator_darcy_student_lift_v1] [operator_darcy_student_lift_v1/elem_ft_l010_w5_d20_70_lr3e4] [operator][epoch 008] lambda=0.1000 train_mse=0.01537561 val_mse=0.02065470 val_mae=0.10960717 | peer_val_mse=0.00281669 peer_val_mae=0.03477113
[worker2/operator_darcy_student_lift_v1] [operator_darcy_student_lift_v1/elem_ft_l010_w5_d20_70_lr3e4] [operator][epoch 009] lambda=0.1000 train_mse=0.01331205 val_mse=0.01805210 val_mae=0.10157048 | peer_val_mse=0.00281669 peer_val_mae=0.03477113
[worker2/operator_darcy_student_lift_v1] [operator_darcy_student_lift_v1/elem_ft_l010_w5_d20_70_lr3e4] [operator][epoch 010] lambda=0.1000 train_mse=0.01285079 val_mse=0.01796380 val_mae=0.10141363 | peer_val_mse=0.00281669 peer_val_mae=0.03477113
[worker2/operator_darcy_student_lift_v1] [operator_darcy_student_lift_v1/elem_ft_l010_w5_d20_70_lr3e4] [operator][epoch 011] lambda=0.1000 train_mse=0.01286613 val_mse=0.01766648 val_mae=0.10014181 | peer_val_mse=0.00281669 peer_val_mae=0.03477113
[worker2/operator_darcy_student_lift_v1] [operator_darcy_student_lift_v1/elem_ft_l010_w5_d20_70_lr3e4] [operator][epoch 012] lambda=0.1000 train_mse=0.01425099 val_mse=0.01840089 val_mae=0.10255942 | peer_val_mse=0.00281669 peer_val_mae=0.03477113
[worker2/operator_darcy_student_lift_v1] [operator_darcy_student_lift_v1/elem_ft_l010_w5_d20_70_lr3e4] [operator][epoch 013] lambda=0.1000 train_mse=0.01282724 val_mse=0.01721136 val_mae=0.09917255 | peer_val_mse=0.00281669 peer_val_mae=0.03477113
[worker2/operator_darcy_student_lift_v1] [operator_darcy_student_lift_v1/elem_ft_l010_w5_d20_70_lr3e4] [operator][epoch 014] lambda=0.1000 train_mse=0.01231930 val_mse=0.01927758 val_mae=0.10477492 | peer_val_mse=0.00281669 peer_val_mae=0.03477113
[worker2/operator_darcy_student_lift_v1] [operator_darcy_student_lift_v1/elem_ft_l010_w5_d20_70_lr3e4] [operator][epoch 015] lambda=0.1000 train_mse=0.01285129 val_mse=0.01662520 val_mae=0.09742218 | peer_val_mse=0.00281669 peer_val_mae=0.03477113
[worker2/operator_darcy_student_lift_v1] [operator_darcy_student_lift_v1/elem_ft_l010_w5_d20_70_lr3e4] [operator][epoch 016] lambda=0.1000 train_mse=0.01299699 val_mse=0.01787099 val_mae=0.10137927 | peer_val_mse=0.00281669 peer_val_mae=0.03477113
[worker2/operator_darcy_student_lift_v1] [operator_darcy_student_lift_v1/elem_ft_l010_w5_d20_70_lr3e4] [operator][epoch 017] lambda=0.1000 train_mse=0.01329525 val_mse=0.01903277 val_mae=0.10414627 | peer_val_mse=0.00281669 peer_val_mae=0.03477113
[worker2/operator_darcy_student_lift_v1] [operator_darcy_student_lift_v1/elem_ft_l010_w5_d20_70_lr3e4] [operator][epoch 018] lambda=0.1000 train_mse=0.01197615 val_mse=0.01703445 val_mae=0.09855600 | peer_val_mse=0.00281669 peer_val_mae=0.03477113
[worker2/operator_darcy_student_lift_v1] [operator_darcy_student_lift_v1/elem_ft_l010_w5_d20_70_lr3e4] [operator][epoch 019] lambda=0.1000 train_mse=0.01402532 val_mse=0.01981143 val_mae=0.10769777 | peer_val_mse=0.00281669 peer_val_mae=0.03477113
[worker2/operator_darcy_student_lift_v1] [operator_darcy_student_lift_v1/elem_ft_l010_w5_d20_70_lr3e4] [operator][epoch 020] lambda=0.1000 train_mse=0.01634631 val_mse=0.01917151 val_mae=0.10577402 | peer_val_mse=0.00281669 peer_val_mae=0.03477113
[worker2/operator_darcy_student_lift_v1] [operator_darcy_student_lift_v1/elem_ft_l010_w5_d20_70_lr3e4] [operator][epoch 020] updated live plot
[worker2/operator_darcy_student_lift_v1] [operator_darcy_student_lift_v1/elem_ft_l010_w5_d20_70_lr3e4] [operator][epoch 021] lambda=0.0982 train_mse=0.01262363 val_mse=0.01688004 val_mae=0.09711554 | peer_val_mse=0.00281669 peer_val_mae=0.03477113
[worker2/operator_darcy_student_lift_v1] [operator_darcy_student_lift_v1/elem_ft_l010_w5_d20_70_lr3e4] [operator][epoch 022] lambda=0.0964 train_mse=0.01225541 val_mse=0.01760120 val_mae=0.10082322 | peer_val_mse=0.00281669 peer_val_mae=0.03477113
[worker2/operator_darcy_student_lift_v1] [operator_darcy_student_lift_v1/elem_ft_l010_w5_d20_70_lr3e4] [operator][epoch 023] lambda=0.0946 train_mse=0.01181094 val_mse=0.01781712 val_mae=0.10166190 | peer_val_mse=0.00281669 peer_val_mae=0.03477113
[worker2/operator_darcy_student_lift_v1] [operator_darcy_student_lift_v1/elem_ft_l010_w5_d20_70_lr3e4] [operator][epoch 024] lambda=0.0928 train_mse=0.01198195 val_mse=0.01661452 val_mae=0.09737103 | peer_val_mse=0.00281669 peer_val_mae=0.03477113
[worker2/operator_darcy_student_lift_v1] [operator_darcy_student_lift_v1/elem_ft_l010_w5_d20_70_lr3e4] [operator][epoch 025] lambda=0.0910 train_mse=0.01276923 val_mse=0.01795288 val_mae=0.10183597 | peer_val_mse=0.00281669 peer_val_mae=0.03477113
[worker2/operator_darcy_student_lift_v1] [operator_darcy_student_lift_v1/elem_ft_l010_w5_d20_70_lr3e4] [operator][epoch 026] lambda=0.0892 train_mse=0.01169876 val_mse=0.01664460 val_mae=0.09705998 | peer_val_mse=0.00281669 peer_val_mae=0.03477113
[worker2/operator_darcy_student_lift_v1] [operator_darcy_student_lift_v1/elem_ft_l010_w5_d20_70_lr3e4] [operator][epoch 027] lambda=0.0874 train_mse=0.01076068 val_mse=0.01623107 val_mae=0.09578981 | peer_val_mse=0.00281669 peer_val_mae=0.03477113
[worker2/operator_darcy_student_lift_v1] [operator_darcy_student_lift_v1/elem_ft_l010_w5_d20_70_lr3e4] [operator][epoch 028] lambda=0.0856 train_mse=0.01037671 val_mse=0.01666660 val_mae=0.09681043 | peer_val_mse=0.00281669 peer_val_mae=0.03477113
[worker2/operator_darcy_student_lift_v1] [operator_darcy_student_lift_v1/elem_ft_l010_w5_d20_70_lr3e4] [operator][epoch 029] lambda=0.0838 train_mse=0.01169510 val_mse=0.01863167 val_mae=0.10327449 | peer_val_mse=0.00281669 peer_val_mae=0.03477113
[worker2/operator_darcy_student_lift_v1] [operator_darcy_student_lift_v1/elem_ft_l010_w5_d20_70_lr3e4] [operator][epoch 030] lambda=0.0820 train_mse=0.01087208 val_mse=0.01700127 val_mae=0.09796823 | peer_val_mse=0.00281669 peer_val_mae=0.03477113
[worker2/operator_darcy_student_lift_v1] [operator_darcy_student_lift_v1/elem_ft_l010_w5_d20_70_lr3e4] [operator][epoch 031] lambda=0.0802 train_mse=0.01011949 val_mse=0.01796275 val_mae=0.10172424 | peer_val_mse=0.00281669 peer_val_mae=0.03477113
[worker2/operator_darcy_student_lift_v1] [operator_darcy_student_lift_v1/elem_ft_l010_w5_d20_70_lr3e4] [operator][epoch 032] lambda=0.0784 train_mse=0.00992227 val_mse=0.01595083 val_mae=0.09463658 | peer_val_mse=0.00281669 peer_val_mae=0.03477113
[worker2/operator_darcy_student_lift_v1] [operator_darcy_student_lift_v1/elem_ft_l010_w5_d20_70_lr3e4] [operator][epoch 033] lambda=0.0766 train_mse=0.01063241 val_mse=0.01605568 val_mae=0.09547938 | peer_val_mse=0.00281669 peer_val_mae=0.03477113
[worker2/operator_darcy_student_lift_v1] [operator_darcy_student_lift_v1/elem_ft_l010_w5_d20_70_lr3e4] [operator][epoch 034] lambda=0.0748 train_mse=0.01011458 val_mse=0.01593054 val_mae=0.09536127 | peer_val_mse=0.00281669 peer_val_mae=0.03477113
[worker2/operator_darcy_student_lift_v1] [operator_darcy_student_lift_v1/elem_ft_l010_w5_d20_70_lr3e4] [operator][epoch 035] lambda=0.0730 train_mse=0.01389138 val_mse=0.01623375 val_mae=0.09572456 | peer_val_mse=0.00281669 peer_val_mae=0.03477113
[worker2/operator_darcy_student_lift_v1] [operator_darcy_student_lift_v1/elem_ft_l010_w5_d20_70_lr3e4] [operator][epoch 036] lambda=0.0712 train_mse=0.01154347 val_mse=0.01771527 val_mae=0.10009648 | peer_val_mse=0.00281669 peer_val_mae=0.03477113
[worker2/operator_darcy_student_lift_v1] [operator_darcy_student_lift_v1/elem_ft_l010_w5_d20_70_lr3e4] [operator][epoch 037] lambda=0.0694 train_mse=0.01006905 val_mse=0.01644529 val_mae=0.09581111 | peer_val_mse=0.00281669 peer_val_mae=0.03477113
[worker2/operator_darcy_student_lift_v1] [operator_darcy_student_lift_v1/elem_ft_l010_w5_d20_70_lr3e4] [operator][epoch 038] lambda=0.0676 train_mse=0.00991703 val_mse=0.01628179 val_mae=0.09617928 | peer_val_mse=0.00281669 peer_val_mae=0.03477113
[worker2/operator_darcy_student_lift_v1] [operator_darcy_student_lift_v1/elem_ft_l010_w5_d20_70_lr3e4] [operator][epoch 039] lambda=0.0658 train_mse=0.01065863 val_mse=0.01647845 val_mae=0.09693695 | peer_val_mse=0.00281669 peer_val_mae=0.03477113
[worker2/operator_darcy_student_lift_v1] [operator_darcy_student_lift_v1/elem_ft_l010_w5_d20_70_lr3e4] [operator][epoch 040] lambda=0.0640 train_mse=0.01130514 val_mse=0.01708284 val_mae=0.09844396 | peer_val_mse=0.00281669 peer_val_mae=0.03477113
[worker2/operator_darcy_student_lift_v1] [operator_darcy_student_lift_v1/elem_ft_l010_w5_d20_70_lr3e4] [operator][epoch 040] updated live plot
[worker2/operator_darcy_student_lift_v1] [operator_darcy_student_lift_v1/elem_ft_l010_w5_d20_70_lr3e4] [operator][epoch 041] lambda=0.0622 train_mse=0.01091526 val_mse=0.01612368 val_mae=0.09504167 | peer_val_mse=0.00281669 peer_val_mae=0.03477113
[worker2/operator_darcy_student_lift_v1] [operator_darcy_student_lift_v1/elem_ft_l010_w5_d20_70_lr3e4] [operator][epoch 042] lambda=0.0604 train_mse=0.00986643 val_mse=0.01746425 val_mae=0.10152846 | peer_val_mse=0.00281669 peer_val_mae=0.03477113
[worker2/operator_darcy_student_lift_v1] [operator_darcy_student_lift_v1/elem_ft_l010_w5_d20_70_lr3e4] [operator][epoch 043] lambda=0.0586 train_mse=0.01030180 val_mse=0.01584250 val_mae=0.09384869 | peer_val_mse=0.00281669 peer_val_mae=0.03477113
[worker2/operator_darcy_student_lift_v1] [operator_darcy_student_lift_v1/elem_ft_l010_w5_d20_70_lr3e4] [operator][epoch 044] lambda=0.0568 train_mse=0.01070876 val_mse=0.01623376 val_mae=0.09480811 | peer_val_mse=0.00281669 peer_val_mae=0.03477113
[worker2/operator_darcy_student_lift_v1] [operator_darcy_student_lift_v1/elem_ft_l010_w5_d20_70_lr3e4] [operator][epoch 045] lambda=0.0550 train_mse=0.00982630 val_mse=0.01753567 val_mae=0.10065018 | peer_val_mse=0.00281669 peer_val_mae=0.03477113
[worker2/operator_darcy_student_lift_v1] [operator_darcy_student_lift_v1/elem_ft_l010_w5_d20_70_lr3e4] [operator][epoch 046] lambda=0.0532 train_mse=0.01063338 val_mse=0.01846182 val_mae=0.10040503 | peer_val_mse=0.00281669 peer_val_mae=0.03477113
[worker2/operator_darcy_student_lift_v1] [operator_darcy_student_lift_v1/elem_ft_l010_w5_d20_70_lr3e4] [operator][epoch 047] lambda=0.0514 train_mse=0.01142144 val_mse=0.01628845 val_mae=0.09594260 | peer_val_mse=0.00281669 peer_val_mae=0.03477113
[worker2/operator_darcy_student_lift_v1] [operator_darcy_student_lift_v1/elem_ft_l010_w5_d20_70_lr3e4] [operator][epoch 048] lambda=0.0496 train_mse=0.00938938 val_mse=0.01555382 val_mae=0.09324939 | peer_val_mse=0.00281669 peer_val_mae=0.03477113
[worker2/operator_darcy_student_lift_v1] [operator_darcy_student_lift_v1/elem_ft_l010_w5_d20_70_lr3e4] [operator][epoch 049] lambda=0.0478 train_mse=0.00909192 val_mse=0.01598269 val_mae=0.09597007 | peer_val_mse=0.00281669 peer_val_mae=0.03477113
[worker2/operator_darcy_student_lift_v1] [operator_darcy_student_lift_v1/elem_ft_l010_w5_d20_70_lr3e4] [operator][epoch 050] lambda=0.0460 train_mse=0.00897878 val_mse=0.01536169 val_mae=0.09247825 | peer_val_mse=0.00281669 peer_val_mae=0.03477113
[worker2/operator_darcy_student_lift_v1] [operator_darcy_student_lift_v1/elem_ft_l010_w5_d20_70_lr3e4] [operator][epoch 051] lambda=0.0442 train_mse=0.00905721 val_mse=0.01587830 val_mae=0.09392233 | peer_val_mse=0.00281669 peer_val_mae=0.03477113
[worker2/operator_darcy_student_lift_v1] [operator_darcy_student_lift_v1/elem_ft_l010_w5_d20_70_lr3e4] [operator][epoch 052] lambda=0.0424 train_mse=0.00870928 val_mse=0.01545931 val_mae=0.09273273 | peer_val_mse=0.00281669 peer_val_mae=0.03477113
[worker2/operator_darcy_student_lift_v1] [operator_darcy_student_lift_v1/elem_ft_l010_w5_d20_70_lr3e4] [operator][epoch 053] lambda=0.0406 train_mse=0.00833198 val_mse=0.01550712 val_mae=0.09336324 | peer_val_mse=0.00281669 peer_val_mae=0.03477113
[worker2/operator_darcy_student_lift_v1] [operator_darcy_student_lift_v1/elem_ft_l010_w5_d20_70_lr3e4] [operator][epoch 054] lambda=0.0388 train_mse=0.00854886 val_mse=0.01530042 val_mae=0.09267350 | peer_val_mse=0.00281669 peer_val_mae=0.03477113
[worker2/operator_darcy_student_lift_v1] [operator_darcy_student_lift_v1/elem_ft_l010_w5_d20_70_lr3e4] [operator][epoch 055] lambda=0.0370 train_mse=0.00852625 val_mse=0.01581551 val_mae=0.09391558 | peer_val_mse=0.00281669 peer_val_mae=0.03477113
[worker2/operator_darcy_student_lift_v1] [operator_darcy_student_lift_v1/elem_ft_l010_w5_d20_70_lr3e4] [operator][epoch 056] lambda=0.0352 train_mse=0.00904317 val_mse=0.01517907 val_mae=0.09215257 | peer_val_mse=0.00281669 peer_val_mae=0.03477113
[worker2/operator_darcy_student_lift_v1] [operator_darcy_student_lift_v1/elem_ft_l010_w5_d20_70_lr3e4] [operator][epoch 057] lambda=0.0334 train_mse=0.00838635 val_mse=0.01547463 val_mae=0.09294797 | peer_val_mse=0.00281669 peer_val_mae=0.03477113
[worker2/operator_darcy_student_lift_v1] [operator_darcy_student_lift_v1/elem_ft_l010_w5_d20_70_lr3e4] [operator][epoch 058] lambda=0.0316 train_mse=0.00838039 val_mse=0.01495270 val_mae=0.09142739 | peer_val_mse=0.00281669 peer_val_mae=0.03477113
[worker2/operator_darcy_student_lift_v1] [operator_darcy_student_lift_v1/elem_ft_l010_w5_d20_70_lr3e4] [operator][epoch 059] lambda=0.0298 train_mse=0.00815758 val_mse=0.01585975 val_mae=0.09416828 | peer_val_mse=0.00281669 peer_val_mae=0.03477113
[worker2/operator_darcy_student_lift_v1] [operator_darcy_student_lift_v1/elem_ft_l010_w5_d20_70_lr3e4] [operator][epoch 060] lambda=0.0280 train_mse=0.00814251 val_mse=0.01481813 val_mae=0.09050769 | peer_val_mse=0.00281669 peer_val_mae=0.03477113
[worker2/operator_darcy_student_lift_v1] [operator_darcy_student_lift_v1/elem_ft_l010_w5_d20_70_lr3e4] [operator][epoch 060] updated live plot
[worker2/operator_darcy_student_lift_v1] [operator_darcy_student_lift_v1/elem_ft_l010_w5_d20_70_lr3e4] [operator][epoch 061] lambda=0.0262 train_mse=0.00823381 val_mse=0.01721423 val_mae=0.09841651 | peer_val_mse=0.00281669 peer_val_mae=0.03477113
[worker2/operator_darcy_student_lift_v1] [operator_darcy_student_lift_v1/elem_ft_l010_w5_d20_70_lr3e4] [operator][epoch 062] lambda=0.0244 train_mse=0.00872075 val_mse=0.01686682 val_mae=0.09793375 | peer_val_mse=0.00281669 peer_val_mae=0.03477113
[worker2/operator_darcy_student_lift_v1] [operator_darcy_student_lift_v1/elem_ft_l010_w5_d20_70_lr3e4] [operator][epoch 063] lambda=0.0226 train_mse=0.00898609 val_mse=0.01512192 val_mae=0.09141960 | peer_val_mse=0.00281669 peer_val_mae=0.03477113
[worker2/operator_darcy_student_lift_v1] [operator_darcy_student_lift_v1/elem_ft_l010_w5_d20_70_lr3e4] [operator][epoch 064] lambda=0.0208 train_mse=0.00777482 val_mse=0.01456018 val_mae=0.08954388 | peer_val_mse=0.00281669 peer_val_mae=0.03477113
[worker2/operator_darcy_student_lift_v1] [operator_darcy_student_lift_v1/elem_ft_l010_w5_d20_70_lr3e4] [operator][epoch 065] lambda=0.0190 train_mse=0.00790947 val_mse=0.01521945 val_mae=0.09205356 | peer_val_mse=0.00281669 peer_val_mae=0.03477113
[worker2/operator_darcy_student_lift_v1] [operator_darcy_student_lift_v1/elem_ft_l010_w5_d20_70_lr3e4] [operator][epoch 066] lambda=0.0172 train_mse=0.01005949 val_mse=0.01866549 val_mae=0.10330019 | peer_val_mse=0.00281669 peer_val_mae=0.03477113
[worker2/operator_darcy_student_lift_v1] [operator_darcy_student_lift_v1/elem_ft_l010_w5_d20_70_lr3e4] [operator][epoch 067] lambda=0.0154 train_mse=0.01012470 val_mse=0.01500755 val_mae=0.09070314 | peer_val_mse=0.00281669 peer_val_mae=0.03477113
[worker2/operator_darcy_student_lift_v1] [operator_darcy_student_lift_v1/elem_ft_l010_w5_d20_70_lr3e4] [operator][epoch 068] lambda=0.0136 train_mse=0.00756363 val_mse=0.01451782 val_mae=0.08872948 | peer_val_mse=0.00281669 peer_val_mae=0.03477113
[worker2/operator_darcy_student_lift_v1] [operator_darcy_student_lift_v1/elem_ft_l010_w5_d20_70_lr3e4] [operator][epoch 069] lambda=0.0118 train_mse=0.00733262 val_mse=0.01516659 val_mae=0.09147975 | peer_val_mse=0.00281669 peer_val_mae=0.03477113
[worker2/operator_darcy_student_lift_v1] [operator_darcy_student_lift_v1/elem_ft_l010_w5_d20_70_lr3e4] [operator][epoch 070] lambda=0.0100 train_mse=0.00758485 val_mse=0.01494967 val_mae=0.09052860 | peer_val_mse=0.00281669 peer_val_mae=0.03477113
[worker2/operator_darcy_student_lift_v1] [operator_darcy_student_lift_v1/elem_ft_l010_w5_d20_70_lr3e4] [operator][epoch 071] lambda=0.0100 train_mse=0.00713754 val_mse=0.01412835 val_mae=0.08764773 | peer_val_mse=0.00281669 peer_val_mae=0.03477113
[worker2/operator_darcy_student_lift_v1] [operator_darcy_student_lift_v1/elem_ft_l010_w5_d20_70_lr3e4] [operator][epoch 072] lambda=0.0100 train_mse=0.00717729 val_mse=0.01517511 val_mae=0.09106988 | peer_val_mse=0.00281669 peer_val_mae=0.03477113
[worker2/operator_darcy_student_lift_v1] [operator_darcy_student_lift_v1/elem_ft_l010_w5_d20_70_lr3e4] [operator][epoch 073] lambda=0.0100 train_mse=0.00963535 val_mse=0.01544473 val_mae=0.09289473 | peer_val_mse=0.00281669 peer_val_mae=0.03477113
[worker2/operator_darcy_student_lift_v1] [operator_darcy_student_lift_v1/elem_ft_l010_w5_d20_70_lr3e4] [operator][epoch 074] lambda=0.0100 train_mse=0.00906146 val_mse=0.01480680 val_mae=0.08983984 | peer_val_mse=0.00281669 peer_val_mae=0.03477113
[worker2/operator_darcy_student_lift_v1] [operator_darcy_student_lift_v1/elem_ft_l010_w5_d20_70_lr3e4] [operator][epoch 075] lambda=0.0100 train_mse=0.00961512 val_mse=0.01576848 val_mae=0.09357904 | peer_val_mse=0.00281669 peer_val_mae=0.03477113
[worker2/operator_darcy_student_lift_v1] [operator_darcy_student_lift_v1/elem_ft_l010_w5_d20_70_lr3e4] [operator][epoch 076] lambda=0.0100 train_mse=0.00807369 val_mse=0.01455392 val_mae=0.08986538 | peer_val_mse=0.00281669 peer_val_mae=0.03477113
[worker2/operator_darcy_student_lift_v1] [operator_darcy_student_lift_v1/elem_ft_l010_w5_d20_70_lr3e4] [operator][epoch 077] lambda=0.0100 train_mse=0.00717773 val_mse=0.01451789 val_mae=0.08949337 | peer_val_mse=0.00281669 peer_val_mae=0.03477113
[worker2/operator_darcy_student_lift_v1] [operator_darcy_student_lift_v1/elem_ft_l010_w5_d20_70_lr3e4] [operator][epoch 078] lambda=0.0100 train_mse=0.00760125 val_mse=0.01511993 val_mae=0.09116313 | peer_val_mse=0.00281669 peer_val_mae=0.03477113
[worker2/operator_darcy_student_lift_v1] [operator_darcy_student_lift_v1/elem_ft_l010_w5_d20_70_lr3e4] [operator][epoch 079] lambda=0.0100 train_mse=0.00699288 val_mse=0.01402582 val_mae=0.08704079 | peer_val_mse=0.00281669 peer_val_mae=0.03477113
[worker2/operator_darcy_student_lift_v1] [operator_darcy_student_lift_v1/elem_ft_l010_w5_d20_70_lr3e4] [operator][epoch 080] lambda=0.0100 train_mse=0.00685723 val_mse=0.01475885 val_mae=0.09014420 | peer_val_mse=0.00281669 peer_val_mae=0.03477113
[worker2/operator_darcy_student_lift_v1] [operator_darcy_student_lift_v1/elem_ft_l010_w5_d20_70_lr3e4] [operator][epoch 080] updated live plot
[worker2/operator_darcy_student_lift_v1] [operator_darcy_student_lift_v1/elem_ft_l010_w5_d20_70_lr3e4] [operator][epoch 081] lambda=0.0100 train_mse=0.00719953 val_mse=0.01414841 val_mae=0.08845150 | peer_val_mse=0.00281669 peer_val_mae=0.03477113
[worker2/operator_darcy_student_lift_v1] [operator_darcy_student_lift_v1/elem_ft_l010_w5_d20_70_lr3e4] [operator][epoch 082] lambda=0.0100 train_mse=0.00753941 val_mse=0.01464000 val_mae=0.09008676 | peer_val_mse=0.00281669 peer_val_mae=0.03477113
[worker2/operator_darcy_student_lift_v1] [operator_darcy_student_lift_v1/elem_ft_l010_w5_d20_70_lr3e4] [operator][epoch 083] lambda=0.0100 train_mse=0.00749487 val_mse=0.01426706 val_mae=0.08833770 | peer_val_mse=0.00281669 peer_val_mae=0.03477113
[worker2/operator_darcy_student_lift_v1] [operator_darcy_student_lift_v1/elem_ft_l010_w5_d20_70_lr3e4] [operator][epoch 084] lambda=0.0100 train_mse=0.00686082 val_mse=0.01414392 val_mae=0.08789984 | peer_val_mse=0.00281669 peer_val_mae=0.03477113
[worker2/operator_darcy_student_lift_v1] [operator_darcy_student_lift_v1/elem_ft_l010_w5_d20_70_lr3e4] [operator][epoch 085] lambda=0.0100 train_mse=0.00698262 val_mse=0.01436346 val_mae=0.08811426 | peer_val_mse=0.00281669 peer_val_mae=0.03477113
[worker2/operator_darcy_student_lift_v1] [operator_darcy_student_lift_v1/elem_ft_l010_w5_d20_70_lr3e4] [operator][epoch 086] lambda=0.0100 train_mse=0.00794716 val_mse=0.01529967 val_mae=0.09257162 | peer_val_mse=0.00281669 peer_val_mae=0.03477113
[worker2/operator_darcy_student_lift_v1] [operator_darcy_student_lift_v1/elem_ft_l010_w5_d20_70_lr3e4] [operator][epoch 087] lambda=0.0100 train_mse=0.00701244 val_mse=0.01377110 val_mae=0.08679705 | peer_val_mse=0.00281669 peer_val_mae=0.03477113
[worker2/operator_darcy_student_lift_v1] [operator_darcy_student_lift_v1/elem_ft_l010_w5_d20_70_lr3e4] [operator][epoch 088] lambda=0.0100 train_mse=0.00770596 val_mse=0.01646080 val_mae=0.09602030 | peer_val_mse=0.00281669 peer_val_mae=0.03477113
[worker2/operator_darcy_student_lift_v1] [operator_darcy_student_lift_v1/elem_ft_l010_w5_d20_70_lr3e4] [operator][epoch 089] lambda=0.0100 train_mse=0.00991274 val_mse=0.01705239 val_mae=0.09784750 | peer_val_mse=0.00281669 peer_val_mae=0.03477113
[worker2/operator_darcy_student_lift_v1] [operator_darcy_student_lift_v1/elem_ft_l010_w5_d20_70_lr3e4] [operator][epoch 090] lambda=0.0100 train_mse=0.00802253 val_mse=0.01406189 val_mae=0.08843541 | peer_val_mse=0.00281669 peer_val_mae=0.03477113
[worker2/operator_darcy_student_lift_v1] [operator_darcy_student_lift_v1/elem_ft_l010_w5_d20_70_lr3e4] [operator][epoch 090] updated live plot
[worker2/operator_darcy_student_lift_v1] [operator_darcy_student_lift_v1/elem_ft_l010_w5_d20_70_lr3e4] [operator] done
[worker2/operator_darcy_student_lift_v1] [operator_darcy_student_lift_v1/elem_ft_l010_w5_d20_70_lr3e4] [operator] dataset=darcy pair=deeponet:fno method=ssml seed=2
[worker2/operator_darcy_student_lift_v1] [operator_darcy_student_lift_v1/elem_ft_l010_w5_d20_70_lr3e4] [operator] loaded init_checkpoint=results/operator_ssml_tuned_v1/operator/darcy/deeponet_independent_mse_seed2/model.pt
[worker2/operator_darcy_student_lift_v1] [operator_darcy_student_lift_v1/elem_ft_l010_w5_d20_70_lr3e4] [operator] loaded peer_init_checkpoint=results/operator_ssml_tuned_v1/operator/darcy/fno_independent_mse_seed2/model.pt
[worker2/operator_darcy_student_lift_v1] [operator_darcy_student_lift_v1/elem_ft_l010_w5_d20_70_lr3e4] [operator] run_dir=results/operator_darcy_student_lift_v1/elem_ft_l010_w5_d20_70_lr3e4/operator/darcy/deeponet__fno_ssml_mse_seed2
[worker2/operator_darcy_student_lift_v1] [operator_darcy_student_lift_v1/elem_ft_l010_w5_d20_70_lr3e4] [operator] params=592000
[worker2/operator_darcy_student_lift_v1] [operator_darcy_student_lift_v1/elem_ft_l010_w5_d20_70_lr3e4] [operator] granularity=element student_only=True freeze_peer=True peer_updates_disabled=True
[worker2/operator_darcy_student_lift_v1] [operator_darcy_student_lift_v1/elem_ft_l010_w5_d20_70_lr3e4] [operator][epoch 001] lambda=0.0000 train_mse=0.03112375 val_mse=0.02069976 val_mae=0.10778355 | peer_val_mse=0.00362230 peer_val_mae=0.03567774
[worker2/operator_darcy_student_lift_v1] [operator_darcy_student_lift_v1/elem_ft_l010_w5_d20_70_lr3e4] [operator][epoch 002] lambda=0.0000 train_mse=0.01217212 val_mse=0.01873670 val_mae=0.10153723 | peer_val_mse=0.00362230 peer_val_mae=0.03567774
[worker2/operator_darcy_student_lift_v1] [operator_darcy_student_lift_v1/elem_ft_l010_w5_d20_70_lr3e4] [operator][epoch 003] lambda=0.0000 train_mse=0.01111811 val_mse=0.01808778 val_mae=0.09989829 | peer_val_mse=0.00362230 peer_val_mae=0.03567774
[worker2/operator_darcy_student_lift_v1] [operator_darcy_student_lift_v1/elem_ft_l010_w5_d20_70_lr3e4] [operator][epoch 004] lambda=0.0000 train_mse=0.01106437 val_mse=0.01936803 val_mae=0.10368289 | peer_val_mse=0.00362230 peer_val_mae=0.03567774
[worker2/operator_darcy_student_lift_v1] [operator_darcy_student_lift_v1/elem_ft_l010_w5_d20_70_lr3e4] [operator][epoch 005] lambda=0.0000 train_mse=0.01105304 val_mse=0.01828558 val_mae=0.10121752 | peer_val_mse=0.00362230 peer_val_mae=0.03567774
[worker2/operator_darcy_student_lift_v1] [operator_darcy_student_lift_v1/elem_ft_l010_w5_d20_70_lr3e4] [operator][epoch 006] lambda=0.1000 train_mse=0.01321823 val_mse=0.02127553 val_mae=0.10888589 | peer_val_mse=0.00362230 peer_val_mae=0.03567774
[worker2/operator_darcy_student_lift_v1] [operator_darcy_student_lift_v1/elem_ft_l010_w5_d20_70_lr3e4] [operator][epoch 007] lambda=0.1000 train_mse=0.01477902 val_mse=0.01843128 val_mae=0.10060360 | peer_val_mse=0.00362230 peer_val_mae=0.03567774
[worker2/operator_darcy_student_lift_v1] [operator_darcy_student_lift_v1/elem_ft_l010_w5_d20_70_lr3e4] [operator][epoch 008] lambda=0.1000 train_mse=0.01389293 val_mse=0.01903686 val_mae=0.10301654 | peer_val_mse=0.00362230 peer_val_mae=0.03567774
[worker2/operator_darcy_student_lift_v1] [operator_darcy_student_lift_v1/elem_ft_l010_w5_d20_70_lr3e4] [operator][epoch 009] lambda=0.1000 train_mse=0.01447159 val_mse=0.01843163 val_mae=0.10156941 | peer_val_mse=0.00362230 peer_val_mae=0.03567774
[worker2/operator_darcy_student_lift_v1] [operator_darcy_student_lift_v1/elem_ft_l010_w5_d20_70_lr3e4] [operator][epoch 010] lambda=0.1000 train_mse=0.01265575 val_mse=0.01816232 val_mae=0.10061885 | peer_val_mse=0.00362230 peer_val_mae=0.03567774
[worker2/operator_darcy_student_lift_v1] [operator_darcy_student_lift_v1/elem_ft_l010_w5_d20_70_lr3e4] [operator][epoch 011] lambda=0.1000 train_mse=0.01217003 val_mse=0.01845231 val_mae=0.10062771 | peer_val_mse=0.00362230 peer_val_mae=0.03567774
[worker2/operator_darcy_student_lift_v1] [operator_darcy_student_lift_v1/elem_ft_l010_w5_d20_70_lr3e4] [operator][epoch 012] lambda=0.1000 train_mse=0.01208112 val_mse=0.01877256 val_mae=0.10182528 | peer_val_mse=0.00362230 peer_val_mae=0.03567774
[worker2/operator_darcy_student_lift_v1] [operator_darcy_student_lift_v1/elem_ft_l010_w5_d20_70_lr3e4] [operator][epoch 013] lambda=0.1000 train_mse=0.01267589 val_mse=0.01843571 val_mae=0.10051827 | peer_val_mse=0.00362230 peer_val_mae=0.03567774
[worker2/operator_darcy_student_lift_v1] [operator_darcy_student_lift_v1/elem_ft_l010_w5_d20_70_lr3e4] [operator][epoch 014] lambda=0.1000 train_mse=0.01299133 val_mse=0.01821604 val_mae=0.10036711 | peer_val_mse=0.00362230 peer_val_mae=0.03567774
[worker2/operator_darcy_student_lift_v1] [operator_darcy_student_lift_v1/elem_ft_l010_w5_d20_70_lr3e4] [operator][epoch 015] lambda=0.1000 train_mse=0.01216201 val_mse=0.01934417 val_mae=0.10302293 | peer_val_mse=0.00362230 peer_val_mae=0.03567774
[worker2/operator_darcy_student_lift_v1] [operator_darcy_student_lift_v1/elem_ft_l010_w5_d20_70_lr3e4] [operator][epoch 016] lambda=0.1000 train_mse=0.01308300 val_mse=0.01802840 val_mae=0.09950733 | peer_val_mse=0.00362230 peer_val_mae=0.03567774
[worker2/operator_darcy_student_lift_v1] [operator_darcy_student_lift_v1/elem_ft_l010_w5_d20_70_lr3e4] [operator][epoch 017] lambda=0.1000 train_mse=0.01170031 val_mse=0.01782016 val_mae=0.09812640 | peer_val_mse=0.00362230 peer_val_mae=0.03567774
[worker2/operator_darcy_student_lift_v1] [operator_darcy_student_lift_v1/elem_ft_l010_w5_d20_70_lr3e4] [operator][epoch 018] lambda=0.1000 train_mse=0.01324422 val_mse=0.01934390 val_mae=0.10322527 | peer_val_mse=0.00362230 peer_val_mae=0.03567774
[worker2/operator_darcy_student_lift_v1] [operator_darcy_student_lift_v1/elem_ft_l010_w5_d20_70_lr3e4] [operator][epoch 019] lambda=0.1000 train_mse=0.01214736 val_mse=0.01939311 val_mae=0.10251647 | peer_val_mse=0.00362230 peer_val_mae=0.03567774
[worker2/operator_darcy_student_lift_v1] [operator_darcy_student_lift_v1/elem_ft_l010_w5_d20_70_lr3e4] [operator][epoch 020] lambda=0.1000 train_mse=0.01280006 val_mse=0.01849888 val_mae=0.10145289 | peer_val_mse=0.00362230 peer_val_mae=0.03567774
[worker2/operator_darcy_student_lift_v1] [operator_darcy_student_lift_v1/elem_ft_l010_w5_d20_70_lr3e4] [operator][epoch 020] updated live plot
[worker2/operator_darcy_student_lift_v1] [operator_darcy_student_lift_v1/elem_ft_l010_w5_d20_70_lr3e4] [operator][epoch 021] lambda=0.0982 train_mse=0.01255918 val_mse=0.01836145 val_mae=0.09991140 | peer_val_mse=0.00362230 peer_val_mae=0.03567774
[worker2/operator_darcy_student_lift_v1] [operator_darcy_student_lift_v1/elem_ft_l010_w5_d20_70_lr3e4] [operator][epoch 022] lambda=0.0964 train_mse=0.01108118 val_mse=0.01950283 val_mae=0.10308578 | peer_val_mse=0.00362230 peer_val_mae=0.03567774
[worker2/operator_darcy_student_lift_v1] [operator_darcy_student_lift_v1/elem_ft_l010_w5_d20_70_lr3e4] [operator][epoch 023] lambda=0.0946 train_mse=0.01088133 val_mse=0.01744710 val_mae=0.09698948 | peer_val_mse=0.00362230 peer_val_mae=0.03567774
[worker2/operator_darcy_student_lift_v1] [operator_darcy_student_lift_v1/elem_ft_l010_w5_d20_70_lr3e4] [operator][epoch 024] lambda=0.0928 train_mse=0.01067607 val_mse=0.01690649 val_mae=0.09641071 | peer_val_mse=0.00362230 peer_val_mae=0.03567774
[worker2/operator_darcy_student_lift_v1] [operator_darcy_student_lift_v1/elem_ft_l010_w5_d20_70_lr3e4] [operator][epoch 025] lambda=0.0910 train_mse=0.01026379 val_mse=0.01824938 val_mae=0.09966867 | peer_val_mse=0.00362230 peer_val_mae=0.03567774
[worker2/operator_darcy_student_lift_v1] [operator_darcy_student_lift_v1/elem_ft_l010_w5_d20_70_lr3e4] [operator][epoch 026] lambda=0.0892 train_mse=0.00992953 val_mse=0.01684321 val_mae=0.09502100 | peer_val_mse=0.00362230 peer_val_mae=0.03567774
[worker2/operator_darcy_student_lift_v1] [operator_darcy_student_lift_v1/elem_ft_l010_w5_d20_70_lr3e4] [operator][epoch 027] lambda=0.0874 train_mse=0.00979072 val_mse=0.01731428 val_mae=0.09834464 | peer_val_mse=0.00362230 peer_val_mae=0.03567774
[worker2/operator_darcy_student_lift_v1] [operator_darcy_student_lift_v1/elem_ft_l010_w5_d20_70_lr3e4] [operator][epoch 028] lambda=0.0856 train_mse=0.01143927 val_mse=0.01757953 val_mae=0.09849531 | peer_val_mse=0.00362230 peer_val_mae=0.03567774
[worker2/operator_darcy_student_lift_v1] [operator_darcy_student_lift_v1/elem_ft_l010_w5_d20_70_lr3e4] [operator][epoch 029] lambda=0.0838 train_mse=0.01185922 val_mse=0.01862447 val_mae=0.10119387 | peer_val_mse=0.00362230 peer_val_mae=0.03567774
[worker2/operator_darcy_student_lift_v1] [operator_darcy_student_lift_v1/elem_ft_l010_w5_d20_70_lr3e4] [operator][epoch 030] lambda=0.0820 train_mse=0.01113432 val_mse=0.02399455 val_mae=0.11686268 | peer_val_mse=0.00362230 peer_val_mae=0.03567774
[worker2/operator_darcy_student_lift_v1] [operator_darcy_student_lift_v1/elem_ft_l010_w5_d20_70_lr3e4] [operator][epoch 031] lambda=0.0802 train_mse=0.01380425 val_mse=0.01766849 val_mae=0.09751697 | peer_val_mse=0.00362230 peer_val_mae=0.03567774
[worker2/operator_darcy_student_lift_v1] [operator_darcy_student_lift_v1/elem_ft_l010_w5_d20_70_lr3e4] [operator][epoch 032] lambda=0.0784 train_mse=0.01047309 val_mse=0.01709096 val_mae=0.09629391 | peer_val_mse=0.00362230 peer_val_mae=0.03567774
[worker2/operator_darcy_student_lift_v1] [operator_darcy_student_lift_v1/elem_ft_l010_w5_d20_70_lr3e4] [operator][epoch 033] lambda=0.0766 train_mse=0.01019112 val_mse=0.01716883 val_mae=0.09678113 | peer_val_mse=0.00362230 peer_val_mae=0.03567774
[worker2/operator_darcy_student_lift_v1] [operator_darcy_student_lift_v1/elem_ft_l010_w5_d20_70_lr3e4] [operator][epoch 034] lambda=0.0748 train_mse=0.00909341 val_mse=0.01644988 val_mae=0.09364844 | peer_val_mse=0.00362230 peer_val_mae=0.03567774
[worker2/operator_darcy_student_lift_v1] [operator_darcy_student_lift_v1/elem_ft_l010_w5_d20_70_lr3e4] [operator][epoch 035] lambda=0.0730 train_mse=0.00869866 val_mse=0.01681830 val_mae=0.09479291 | peer_val_mse=0.00362230 peer_val_mae=0.03567774
[worker2/operator_darcy_student_lift_v1] [operator_darcy_student_lift_v1/elem_ft_l010_w5_d20_70_lr3e4] [operator][epoch 036] lambda=0.0712 train_mse=0.00883885 val_mse=0.01677540 val_mae=0.09506867 | peer_val_mse=0.00362230 peer_val_mae=0.03567774
[worker2/operator_darcy_student_lift_v1] [operator_darcy_student_lift_v1/elem_ft_l010_w5_d20_70_lr3e4] [operator][epoch 037] lambda=0.0694 train_mse=0.00917312 val_mse=0.01684033 val_mae=0.09561990 | peer_val_mse=0.00362230 peer_val_mae=0.03567774
[worker2/operator_darcy_student_lift_v1] [operator_darcy_student_lift_v1/elem_ft_l010_w5_d20_70_lr3e4] [operator][epoch 038] lambda=0.0676 train_mse=0.00879154 val_mse=0.01729220 val_mae=0.09664099 | peer_val_mse=0.00362230 peer_val_mae=0.03567774
[worker2/operator_darcy_student_lift_v1] [operator_darcy_student_lift_v1/elem_ft_l010_w5_d20_70_lr3e4] [operator][epoch 039] lambda=0.0658 train_mse=0.00867187 val_mse=0.01736793 val_mae=0.09667342 | peer_val_mse=0.00362230 peer_val_mae=0.03567774
[worker2/operator_darcy_student_lift_v1] [operator_darcy_student_lift_v1/elem_ft_l010_w5_d20_70_lr3e4] [operator][epoch 040] lambda=0.0640 train_mse=0.00923267 val_mse=0.01978601 val_mae=0.10625974 | peer_val_mse=0.00362230 peer_val_mae=0.03567774
[worker2/operator_darcy_student_lift_v1] [operator_darcy_student_lift_v1/elem_ft_l010_w5_d20_70_lr3e4] [operator][epoch 040] updated live plot
[worker2/operator_darcy_student_lift_v1] [operator_darcy_student_lift_v1/elem_ft_l010_w5_d20_70_lr3e4] [operator][epoch 041] lambda=0.0622 train_mse=0.01173769 val_mse=0.01956624 val_mae=0.10410603 | peer_val_mse=0.00362230 peer_val_mae=0.03567774
[worker2/operator_darcy_student_lift_v1] [operator_darcy_student_lift_v1/elem_ft_l010_w5_d20_70_lr3e4] [operator][epoch 042] lambda=0.0604 train_mse=0.01193549 val_mse=0.01843398 val_mae=0.10155845 | peer_val_mse=0.00362230 peer_val_mae=0.03567774
[worker2/operator_darcy_student_lift_v1] [operator_darcy_student_lift_v1/elem_ft_l010_w5_d20_70_lr3e4] [operator][epoch 043] lambda=0.0586 train_mse=0.01000423 val_mse=0.01740546 val_mae=0.09683456 | peer_val_mse=0.00362230 peer_val_mae=0.03567774
[worker2/operator_darcy_student_lift_v1] [operator_darcy_student_lift_v1/elem_ft_l010_w5_d20_70_lr3e4] [operator][epoch 044] lambda=0.0568 train_mse=0.01011679 val_mse=0.01660197 val_mae=0.09472835 | peer_val_mse=0.00362230 peer_val_mae=0.03567774
[worker2/operator_darcy_student_lift_v1] [operator_darcy_student_lift_v1/elem_ft_l010_w5_d20_70_lr3e4] [operator][epoch 045] lambda=0.0550 train_mse=0.01099092 val_mse=0.01680798 val_mae=0.09599684 | peer_val_mse=0.00362230 peer_val_mae=0.03567774
[worker2/operator_darcy_student_lift_v1] [operator_darcy_student_lift_v1/elem_ft_l010_w5_d20_70_lr3e4] [operator][epoch 046] lambda=0.0532 train_mse=0.00940308 val_mse=0.01623097 val_mae=0.09328601 | peer_val_mse=0.00362230 peer_val_mae=0.03567774
[worker2/operator_darcy_student_lift_v1] [operator_darcy_student_lift_v1/elem_ft_l010_w5_d20_70_lr3e4] [operator][epoch 047] lambda=0.0514 train_mse=0.00870786 val_mse=0.01604904 val_mae=0.09306421 | peer_val_mse=0.00362230 peer_val_mae=0.03567774
[worker2/operator_darcy_student_lift_v1] [operator_darcy_student_lift_v1/elem_ft_l010_w5_d20_70_lr3e4] [operator][epoch 048] lambda=0.0496 train_mse=0.00798832 val_mse=0.01592924 val_mae=0.09203916 | peer_val_mse=0.00362230 peer_val_mae=0.03567774
[worker2/operator_darcy_student_lift_v1] [operator_darcy_student_lift_v1/elem_ft_l010_w5_d20_70_lr3e4] [operator][epoch 049] lambda=0.0478 train_mse=0.00797979 val_mse=0.01570871 val_mae=0.09166301 | peer_val_mse=0.00362230 peer_val_mae=0.03567774
[worker2/operator_darcy_student_lift_v1] [operator_darcy_student_lift_v1/elem_ft_l010_w5_d20_70_lr3e4] [operator][epoch 050] lambda=0.0460 train_mse=0.00829209 val_mse=0.01619913 val_mae=0.09259523 | peer_val_mse=0.00362230 peer_val_mae=0.03567774
[worker2/operator_darcy_student_lift_v1] [operator_darcy_student_lift_v1/elem_ft_l010_w5_d20_70_lr3e4] [operator][epoch 051] lambda=0.0442 train_mse=0.00784896 val_mse=0.01618183 val_mae=0.09258104 | peer_val_mse=0.00362230 peer_val_mae=0.03567774
[worker2/operator_darcy_student_lift_v1] [operator_darcy_student_lift_v1/elem_ft_l010_w5_d20_70_lr3e4] [operator][epoch 052] lambda=0.0424 train_mse=0.00769605 val_mse=0.01581362 val_mae=0.09172670 | peer_val_mse=0.00362230 peer_val_mae=0.03567774
[worker2/operator_darcy_student_lift_v1] [operator_darcy_student_lift_v1/elem_ft_l010_w5_d20_70_lr3e4] [operator][epoch 053] lambda=0.0406 train_mse=0.00756220 val_mse=0.01580200 val_mae=0.09189768 | peer_val_mse=0.00362230 peer_val_mae=0.03567774
[worker2/operator_darcy_student_lift_v1] [operator_darcy_student_lift_v1/elem_ft_l010_w5_d20_70_lr3e4] [operator][epoch 054] lambda=0.0388 train_mse=0.00831246 val_mse=0.01745065 val_mae=0.09713536 | peer_val_mse=0.00362230 peer_val_mae=0.03567774
[worker2/operator_darcy_student_lift_v1] [operator_darcy_student_lift_v1/elem_ft_l010_w5_d20_70_lr3e4] [operator][epoch 055] lambda=0.0370 train_mse=0.00878618 val_mse=0.01614141 val_mae=0.09237051 | peer_val_mse=0.00362230 peer_val_mae=0.03567774
[worker2/operator_darcy_student_lift_v1] [operator_darcy_student_lift_v1/elem_ft_l010_w5_d20_70_lr3e4] [operator][epoch 056] lambda=0.0352 train_mse=0.00800082 val_mse=0.01632320 val_mae=0.09335049 | peer_val_mse=0.00362230 peer_val_mae=0.03567774
[worker2/operator_darcy_student_lift_v1] [operator_darcy_student_lift_v1/elem_ft_l010_w5_d20_70_lr3e4] [operator][epoch 057] lambda=0.0334 train_mse=0.00775342 val_mse=0.01594495 val_mae=0.09201508 | peer_val_mse=0.00362230 peer_val_mae=0.03567774
[worker2/operator_darcy_student_lift_v1] [operator_darcy_student_lift_v1/elem_ft_l010_w5_d20_70_lr3e4] [operator][epoch 058] lambda=0.0316 train_mse=0.00752766 val_mse=0.01579339 val_mae=0.09159483 | peer_val_mse=0.00362230 peer_val_mae=0.03567774
[worker2/operator_darcy_student_lift_v1] [operator_darcy_student_lift_v1/elem_ft_l010_w5_d20_70_lr3e4] [operator][epoch 059] lambda=0.0298 train_mse=0.00705413 val_mse=0.01566318 val_mae=0.09121152 | peer_val_mse=0.00362230 peer_val_mae=0.03567774
[worker2/operator_darcy_student_lift_v1] [operator_darcy_student_lift_v1/elem_ft_l010_w5_d20_70_lr3e4] [operator][epoch 060] lambda=0.0280 train_mse=0.00747663 val_mse=0.01599481 val_mae=0.09305970 | peer_val_mse=0.00362230 peer_val_mae=0.03567774
[worker2/operator_darcy_student_lift_v1] [operator_darcy_student_lift_v1/elem_ft_l010_w5_d20_70_lr3e4] [operator][epoch 060] updated live plot
[worker2/operator_darcy_student_lift_v1] [operator_darcy_student_lift_v1/elem_ft_l010_w5_d20_70_lr3e4] [operator][epoch 061] lambda=0.0262 train_mse=0.00776165 val_mse=0.01540014 val_mae=0.09068400 | peer_val_mse=0.00362230 peer_val_mae=0.03567774
[worker2/operator_darcy_student_lift_v1] [operator_darcy_student_lift_v1/elem_ft_l010_w5_d20_70_lr3e4] [operator][epoch 062] lambda=0.0244 train_mse=0.00769722 val_mse=0.01583584 val_mae=0.09236719 | peer_val_mse=0.00362230 peer_val_mae=0.03567774
[worker2/operator_darcy_student_lift_v1] [operator_darcy_student_lift_v1/elem_ft_l010_w5_d20_70_lr3e4] [operator][epoch 063] lambda=0.0226 train_mse=0.00822425 val_mse=0.01568914 val_mae=0.09175869 | peer_val_mse=0.00362230 peer_val_mae=0.03567774
[worker2/operator_darcy_student_lift_v1] [operator_darcy_student_lift_v1/elem_ft_l010_w5_d20_70_lr3e4] [operator][epoch 064] lambda=0.0208 train_mse=0.00765029 val_mse=0.01651150 val_mae=0.09384786 | peer_val_mse=0.00362230 peer_val_mae=0.03567774
[worker2/operator_darcy_student_lift_v1] [operator_darcy_student_lift_v1/elem_ft_l010_w5_d20_70_lr3e4] [operator][epoch 065] lambda=0.0190 train_mse=0.00890198 val_mse=0.01733953 val_mae=0.09673473 | peer_val_mse=0.00362230 peer_val_mae=0.03567774
[worker2/operator_darcy_student_lift_v1] [operator_darcy_student_lift_v1/elem_ft_l010_w5_d20_70_lr3e4] [operator][epoch 066] lambda=0.0172 train_mse=0.00894570 val_mse=0.01507126 val_mae=0.09024547 | peer_val_mse=0.00362230 peer_val_mae=0.03567774
[worker2/operator_darcy_student_lift_v1] [operator_darcy_student_lift_v1/elem_ft_l010_w5_d20_70_lr3e4] [operator][epoch 067] lambda=0.0154 train_mse=0.00762258 val_mse=0.01542192 val_mae=0.09131635 | peer_val_mse=0.00362230 peer_val_mae=0.03567774
[worker2/operator_darcy_student_lift_v1] [operator_darcy_student_lift_v1/elem_ft_l010_w5_d20_70_lr3e4] [operator][epoch 068] lambda=0.0136 train_mse=0.00724971 val_mse=0.01551239 val_mae=0.09116187 | peer_val_mse=0.00362230 peer_val_mae=0.03567774
[worker2/operator_darcy_student_lift_v1] [operator_darcy_student_lift_v1/elem_ft_l010_w5_d20_70_lr3e4] [operator][epoch 069] lambda=0.0118 train_mse=0.00717873 val_mse=0.01596183 val_mae=0.09226544 | peer_val_mse=0.00362230 peer_val_mae=0.03567774
[worker2/operator_darcy_student_lift_v1] [operator_darcy_student_lift_v1/elem_ft_l010_w5_d20_70_lr3e4] [operator][epoch 070] lambda=0.0100 train_mse=0.00672943 val_mse=0.01547613 val_mae=0.09059317 | peer_val_mse=0.00362230 peer_val_mae=0.03567774
[worker2/operator_darcy_student_lift_v1] [operator_darcy_student_lift_v1/elem_ft_l010_w5_d20_70_lr3e4] [operator][epoch 071] lambda=0.0100 train_mse=0.00653754 val_mse=0.01549241 val_mae=0.09071771 | peer_val_mse=0.00362230 peer_val_mae=0.03567774
[worker2/operator_darcy_student_lift_v1] [operator_darcy_student_lift_v1/elem_ft_l010_w5_d20_70_lr3e4] [operator][epoch 072] lambda=0.0100 train_mse=0.00631197 val_mse=0.01484450 val_mae=0.08876446 | peer_val_mse=0.00362230 peer_val_mae=0.03567774
[worker2/operator_darcy_student_lift_v1] [operator_darcy_student_lift_v1/elem_ft_l010_w5_d20_70_lr3e4] [operator][epoch 073] lambda=0.0100 train_mse=0.00702080 val_mse=0.01999783 val_mae=0.10283777 | peer_val_mse=0.00362230 peer_val_mae=0.03567774
[worker2/operator_darcy_student_lift_v1] [operator_darcy_student_lift_v1/elem_ft_l010_w5_d20_70_lr3e4] [operator][epoch 074] lambda=0.0100 train_mse=0.00860024 val_mse=0.01704963 val_mae=0.09673105 | peer_val_mse=0.00362230 peer_val_mae=0.03567774
[worker2/operator_darcy_student_lift_v1] [operator_darcy_student_lift_v1/elem_ft_l010_w5_d20_70_lr3e4] [operator][epoch 075] lambda=0.0100 train_mse=0.00787061 val_mse=0.01504678 val_mae=0.08994567 | peer_val_mse=0.00362230 peer_val_mae=0.03567774
[worker2/operator_darcy_student_lift_v1] [operator_darcy_student_lift_v1/elem_ft_l010_w5_d20_70_lr3e4] [operator][epoch 076] lambda=0.0100 train_mse=0.00724721 val_mse=0.01524209 val_mae=0.09035717 | peer_val_mse=0.00362230 peer_val_mae=0.03567774
[worker2/operator_darcy_student_lift_v1] [operator_darcy_student_lift_v1/elem_ft_l010_w5_d20_70_lr3e4] [operator][epoch 077] lambda=0.0100 train_mse=0.00639712 val_mse=0.01526244 val_mae=0.08920050 | peer_val_mse=0.00362230 peer_val_mae=0.03567774
[worker2/operator_darcy_student_lift_v1] [operator_darcy_student_lift_v1/elem_ft_l010_w5_d20_70_lr3e4] [operator][epoch 078] lambda=0.0100 train_mse=0.00639582 val_mse=0.01525920 val_mae=0.08962985 | peer_val_mse=0.00362230 peer_val_mae=0.03567774
[worker2/operator_darcy_student_lift_v1] [operator_darcy_student_lift_v1/elem_ft_l010_w5_d20_70_lr3e4] [operator][epoch 079] lambda=0.0100 train_mse=0.00648919 val_mse=0.01496984 val_mae=0.08846676 | peer_val_mse=0.00362230 peer_val_mae=0.03567774
[worker2/operator_darcy_student_lift_v1] [operator_darcy_student_lift_v1/elem_ft_l010_w5_d20_70_lr3e4] [operator][epoch 080] lambda=0.0100 train_mse=0.00637755 val_mse=0.01614790 val_mae=0.09145620 | peer_val_mse=0.00362230 peer_val_mae=0.03567774
[worker2/operator_darcy_student_lift_v1] [operator_darcy_student_lift_v1/elem_ft_l010_w5_d20_70_lr3e4] [operator][epoch 080] updated live plot
[worker2/operator_darcy_student_lift_v1] [operator_darcy_student_lift_v1/elem_ft_l010_w5_d20_70_lr3e4] [operator][epoch 081] lambda=0.0100 train_mse=0.00613802 val_mse=0.01491408 val_mae=0.08891625 | peer_val_mse=0.00362230 peer_val_mae=0.03567774
[worker2/operator_darcy_student_lift_v1] [operator_darcy_student_lift_v1/elem_ft_l010_w5_d20_70_lr3e4] [operator][epoch 082] lambda=0.0100 train_mse=0.00613270 val_mse=0.01477889 val_mae=0.08764160 | peer_val_mse=0.00362230 peer_val_mae=0.03567774
[worker2/operator_darcy_student_lift_v1] [operator_darcy_student_lift_v1/elem_ft_l010_w5_d20_70_lr3e4] [operator][epoch 083] lambda=0.0100 train_mse=0.00646470 val_mse=0.01514321 val_mae=0.08894944 | peer_val_mse=0.00362230 peer_val_mae=0.03567774
[worker2/operator_darcy_student_lift_v1] [operator_darcy_student_lift_v1/elem_ft_l010_w5_d20_70_lr3e4] [operator][epoch 084] lambda=0.0100 train_mse=0.00631842 val_mse=0.01452314 val_mae=0.08780241 | peer_val_mse=0.00362230 peer_val_mae=0.03567774
[worker2/operator_darcy_student_lift_v1] [operator_darcy_student_lift_v1/elem_ft_l010_w5_d20_70_lr3e4] [operator][epoch 085] lambda=0.0100 train_mse=0.00772789 val_mse=0.01839839 val_mae=0.10097196 | peer_val_mse=0.00362230 peer_val_mae=0.03567774
[worker2/operator_darcy_student_lift_v1] [operator_darcy_student_lift_v1/elem_ft_l010_w5_d20_70_lr3e4] [operator][epoch 086] lambda=0.0100 train_mse=0.00768945 val_mse=0.01617625 val_mae=0.09251061 | peer_val_mse=0.00362230 peer_val_mae=0.03567774
[worker2/operator_darcy_student_lift_v1] [operator_darcy_student_lift_v1/elem_ft_l010_w5_d20_70_lr3e4] [operator][epoch 087] lambda=0.0100 train_mse=0.00724451 val_mse=0.01578012 val_mae=0.09283267 | peer_val_mse=0.00362230 peer_val_mae=0.03567774
[worker2/operator_darcy_student_lift_v1] [operator_darcy_student_lift_v1/elem_ft_l010_w5_d20_70_lr3e4] [operator][epoch 088] lambda=0.0100 train_mse=0.00698757 val_mse=0.01492275 val_mae=0.08930468 | peer_val_mse=0.00362230 peer_val_mae=0.03567774
[worker2/operator_darcy_student_lift_v1] [operator_darcy_student_lift_v1/elem_ft_l010_w5_d20_70_lr3e4] [operator][epoch 089] lambda=0.0100 train_mse=0.00664831 val_mse=0.01517524 val_mae=0.08973421 | peer_val_mse=0.00362230 peer_val_mae=0.03567774
[worker2/operator_darcy_student_lift_v1] [operator_darcy_student_lift_v1/elem_ft_l010_w5_d20_70_lr3e4] [operator][epoch 090] lambda=0.0100 train_mse=0.00653429 val_mse=0.01460935 val_mae=0.08775085 | peer_val_mse=0.00362230 peer_val_mae=0.03567774
[worker2/operator_darcy_student_lift_v1] [operator_darcy_student_lift_v1/elem_ft_l010_w5_d20_70_lr3e4] [operator][epoch 090] updated live plot
[worker2/operator_darcy_student_lift_v1] [operator_darcy_student_lift_v1/elem_ft_l010_w5_d20_70_lr3e4] [operator] done
[worker2/operator_darcy_student_lift_v1] [operator_darcy_student_lift_v1/elem_ft_huber_l006_w10_d30_80_lr2e4] lock -> /home/namkyeong/ssmo/results/.locks/operator_darcy_student_lift_v1_elem_ft_huber_l006_w10_d30_80_lr2e4.lock
[worker2/operator_darcy_student_lift_v1] [operator_darcy_student_lift_v1/elem_ft_huber_l006_w10_d30_80_lr2e4] log -> results/logs/operator_darcy_student_lift_v1/elem_ft_huber_l006_w10_d30_80_lr2e4.log
[worker2/operator_darcy_student_lift_v1] [operator_darcy_student_lift_v1/elem_ft_huber_l006_w10_d30_80_lr2e4] [operator] output_dir=results/operator_darcy_student_lift_v1/elem_ft_huber_l006_w10_d30_80_lr2e4
[worker2/operator_darcy_student_lift_v1] [operator_darcy_student_lift_v1/elem_ft_huber_l006_w10_d30_80_lr2e4] [operator] methods=ssml
[worker2/operator_darcy_student_lift_v1] [operator_darcy_student_lift_v1/elem_ft_huber_l006_w10_d30_80_lr2e4] [operator] model_pairs=deeponet:fno
[worker2/operator_darcy_student_lift_v1] [operator_darcy_student_lift_v1/elem_ft_huber_l006_w10_d30_80_lr2e4] [operator] dataset=darcy pair=deeponet:fno method=ssml seed=0
[worker2/operator_darcy_student_lift_v1] [operator_darcy_student_lift_v1/elem_ft_huber_l006_w10_d30_80_lr2e4] [operator] loaded init_checkpoint=results/operator_ssml_tuned_v1/operator/darcy/deeponet_independent_mse_seed0/model.pt
[worker2/operator_darcy_student_lift_v1] [operator_darcy_student_lift_v1/elem_ft_huber_l006_w10_d30_80_lr2e4] [operator] loaded peer_init_checkpoint=results/operator_ssml_tuned_v1/operator/darcy/fno_independent_mse_seed0/model.pt
[worker2/operator_darcy_student_lift_v1] [operator_darcy_student_lift_v1/elem_ft_huber_l006_w10_d30_80_lr2e4] [operator] run_dir=results/operator_darcy_student_lift_v1/elem_ft_huber_l006_w10_d30_80_lr2e4/operator/darcy/deeponet__fno_ssml_huber_seed0
[worker2/operator_darcy_student_lift_v1] [operator_darcy_student_lift_v1/elem_ft_huber_l006_w10_d30_80_lr2e4] [operator] params=592000
[worker2/operator_darcy_student_lift_v1] [operator_darcy_student_lift_v1/elem_ft_huber_l006_w10_d30_80_lr2e4] [operator] granularity=element student_only=True freeze_peer=True peer_updates_disabled=True
[worker2/operator_darcy_student_lift_v1] [operator_darcy_student_lift_v1/elem_ft_huber_l006_w10_d30_80_lr2e4] [operator][epoch 001] lambda=0.0000 train_mse=0.01942866 val_mse=0.01829572 val_mae=0.10147176 | peer_val_mse=0.00368145 peer_val_mae=0.03564186
[worker2/operator_darcy_student_lift_v1] [operator_darcy_student_lift_v1/elem_ft_huber_l006_w10_d30_80_lr2e4] [operator][epoch 002] lambda=0.0000 train_mse=0.01156678 val_mse=0.01840869 val_mae=0.10162142 | peer_val_mse=0.00368145 peer_val_mae=0.03564186
[worker2/operator_darcy_student_lift_v1] [operator_darcy_student_lift_v1/elem_ft_huber_l006_w10_d30_80_lr2e4] [operator][epoch 003] lambda=0.0000 train_mse=0.01162680 val_mse=0.01830811 val_mae=0.10135855 | peer_val_mse=0.00368145 peer_val_mae=0.03564186
[worker2/operator_darcy_student_lift_v1] [operator_darcy_student_lift_v1/elem_ft_huber_l006_w10_d30_80_lr2e4] [operator][epoch 004] lambda=0.0000 train_mse=0.01116610 val_mse=0.01788169 val_mae=0.09961312 | peer_val_mse=0.00368145 peer_val_mae=0.03564186
[worker2/operator_darcy_student_lift_v1] [operator_darcy_student_lift_v1/elem_ft_huber_l006_w10_d30_80_lr2e4] [operator][epoch 005] lambda=0.0000 train_mse=0.01080858 val_mse=0.01768184 val_mae=0.09939103 | peer_val_mse=0.00368145 peer_val_mae=0.03564186
[worker2/operator_darcy_student_lift_v1] [operator_darcy_student_lift_v1/elem_ft_huber_l006_w10_d30_80_lr2e4] [operator][epoch 006] lambda=0.0000 train_mse=0.01099988 val_mse=0.01936704 val_mae=0.10418072 | peer_val_mse=0.00368145 peer_val_mae=0.03564186
[worker2/operator_darcy_student_lift_v1] [operator_darcy_student_lift_v1/elem_ft_huber_l006_w10_d30_80_lr2e4] [operator][epoch 007] lambda=0.0000 train_mse=0.01164013 val_mse=0.01808853 val_mae=0.10087813 | peer_val_mse=0.00368145 peer_val_mae=0.03564186
[worker2/operator_darcy_student_lift_v1] [operator_darcy_student_lift_v1/elem_ft_huber_l006_w10_d30_80_lr2e4] [operator][epoch 008] lambda=0.0000 train_mse=0.01182132 val_mse=0.01832247 val_mae=0.10114551 | peer_val_mse=0.00368145 peer_val_mae=0.03564186
[worker2/operator_darcy_student_lift_v1] [operator_darcy_student_lift_v1/elem_ft_huber_l006_w10_d30_80_lr2e4] [operator][epoch 009] lambda=0.0000 train_mse=0.01070455 val_mse=0.01700588 val_mae=0.09756044 | peer_val_mse=0.00368145 peer_val_mae=0.03564186
[worker2/operator_darcy_student_lift_v1] [operator_darcy_student_lift_v1/elem_ft_huber_l006_w10_d30_80_lr2e4] [operator][epoch 010] lambda=0.0000 train_mse=0.01055158 val_mse=0.01774059 val_mae=0.09977353 | peer_val_mse=0.00368145 peer_val_mae=0.03564186
[worker2/operator_darcy_student_lift_v1] [operator_darcy_student_lift_v1/elem_ft_huber_l006_w10_d30_80_lr2e4] [operator][epoch 011] lambda=0.0600 train_mse=0.01218631 val_mse=0.01919734 val_mae=0.10412916 | peer_val_mse=0.00368145 peer_val_mae=0.03564186
[worker2/operator_darcy_student_lift_v1] [operator_darcy_student_lift_v1/elem_ft_huber_l006_w10_d30_80_lr2e4] [operator][epoch 012] lambda=0.0600 train_mse=0.01193091 val_mse=0.01804029 val_mae=0.10075942 | peer_val_mse=0.00368145 peer_val_mae=0.03564186
[worker2/operator_darcy_student_lift_v1] [operator_darcy_student_lift_v1/elem_ft_huber_l006_w10_d30_80_lr2e4] [operator][epoch 013] lambda=0.0600 train_mse=0.01093872 val_mse=0.01815504 val_mae=0.10055426 | peer_val_mse=0.00368145 peer_val_mae=0.03564186
[worker2/operator_darcy_student_lift_v1] [operator_darcy_student_lift_v1/elem_ft_huber_l006_w10_d30_80_lr2e4] [operator][epoch 014] lambda=0.0600 train_mse=0.01042589 val_mse=0.01682074 val_mae=0.09697691 | peer_val_mse=0.00368145 peer_val_mae=0.03564186
[worker2/operator_darcy_student_lift_v1] [operator_darcy_student_lift_v1/elem_ft_huber_l006_w10_d30_80_lr2e4] [operator][epoch 015] lambda=0.0600 train_mse=0.01053363 val_mse=0.01735199 val_mae=0.09841301 | peer_val_mse=0.00368145 peer_val_mae=0.03564186
[worker2/operator_darcy_student_lift_v1] [operator_darcy_student_lift_v1/elem_ft_huber_l006_w10_d30_80_lr2e4] [operator][epoch 016] lambda=0.0600 train_mse=0.01040040 val_mse=0.01707582 val_mae=0.09753313 | peer_val_mse=0.00368145 peer_val_mae=0.03564186
[worker2/operator_darcy_student_lift_v1] [operator_darcy_student_lift_v1/elem_ft_huber_l006_w10_d30_80_lr2e4] [operator][epoch 017] lambda=0.0600 train_mse=0.01133973 val_mse=0.01859381 val_mae=0.10236899 | peer_val_mse=0.00368145 peer_val_mae=0.03564186
[worker2/operator_darcy_student_lift_v1] [operator_darcy_student_lift_v1/elem_ft_huber_l006_w10_d30_80_lr2e4] [operator][epoch 018] lambda=0.0600 train_mse=0.01076677 val_mse=0.01723919 val_mae=0.09802234 | peer_val_mse=0.00368145 peer_val_mae=0.03564186
[worker2/operator_darcy_student_lift_v1] [operator_darcy_student_lift_v1/elem_ft_huber_l006_w10_d30_80_lr2e4] [operator][epoch 019] lambda=0.0600 train_mse=0.01010127 val_mse=0.01654799 val_mae=0.09588338 | peer_val_mse=0.00368145 peer_val_mae=0.03564186
[worker2/operator_darcy_student_lift_v1] [operator_darcy_student_lift_v1/elem_ft_huber_l006_w10_d30_80_lr2e4] [operator][epoch 020] lambda=0.0600 train_mse=0.00992642 val_mse=0.01824575 val_mae=0.10093453 | peer_val_mse=0.00368145 peer_val_mae=0.03564186
[worker2/operator_darcy_student_lift_v1] [operator_darcy_student_lift_v1/elem_ft_huber_l006_w10_d30_80_lr2e4] [operator][epoch 020] updated live plot
[worker2/operator_darcy_student_lift_v1] [operator_darcy_student_lift_v1/elem_ft_huber_l006_w10_d30_80_lr2e4] [operator][epoch 021] lambda=0.0600 train_mse=0.01007970 val_mse=0.01690508 val_mae=0.09728694 | peer_val_mse=0.00368145 peer_val_mae=0.03564186
[worker2/operator_darcy_student_lift_v1] [operator_darcy_student_lift_v1/elem_ft_huber_l006_w10_d30_80_lr2e4] [operator][epoch 022] lambda=0.0600 train_mse=0.01022787 val_mse=0.01673031 val_mae=0.09683292 | peer_val_mse=0.00368145 peer_val_mae=0.03564186
[worker2/operator_darcy_student_lift_v1] [operator_darcy_student_lift_v1/elem_ft_huber_l006_w10_d30_80_lr2e4] [operator][epoch 023] lambda=0.0600 train_mse=0.01015072 val_mse=0.01696331 val_mae=0.09723286 | peer_val_mse=0.00368145 peer_val_mae=0.03564186
[worker2/operator_darcy_student_lift_v1] [operator_darcy_student_lift_v1/elem_ft_huber_l006_w10_d30_80_lr2e4] [operator][epoch 024] lambda=0.0600 train_mse=0.00953495 val_mse=0.01698886 val_mae=0.09690551 | peer_val_mse=0.00368145 peer_val_mae=0.03564186
[worker2/operator_darcy_student_lift_v1] [operator_darcy_student_lift_v1/elem_ft_huber_l006_w10_d30_80_lr2e4] [operator][epoch 025] lambda=0.0600 train_mse=0.00975525 val_mse=0.01688841 val_mae=0.09723378 | peer_val_mse=0.00368145 peer_val_mae=0.03564186
[worker2/operator_darcy_student_lift_v1] [operator_darcy_student_lift_v1/elem_ft_huber_l006_w10_d30_80_lr2e4] [operator][epoch 026] lambda=0.0600 train_mse=0.00948469 val_mse=0.01590129 val_mae=0.09419010 | peer_val_mse=0.00368145 peer_val_mae=0.03564186
[worker2/operator_darcy_student_lift_v1] [operator_darcy_student_lift_v1/elem_ft_huber_l006_w10_d30_80_lr2e4] [operator][epoch 027] lambda=0.0600 train_mse=0.00983899 val_mse=0.01705409 val_mae=0.09785685 | peer_val_mse=0.00368145 peer_val_mae=0.03564186
[worker2/operator_darcy_student_lift_v1] [operator_darcy_student_lift_v1/elem_ft_huber_l006_w10_d30_80_lr2e4] [operator][epoch 028] lambda=0.0600 train_mse=0.01106318 val_mse=0.01947775 val_mae=0.10462688 | peer_val_mse=0.00368145 peer_val_mae=0.03564186
[worker2/operator_darcy_student_lift_v1] [operator_darcy_student_lift_v1/elem_ft_huber_l006_w10_d30_80_lr2e4] [operator][epoch 029] lambda=0.0600 train_mse=0.00993336 val_mse=0.01687502 val_mae=0.09686759 | peer_val_mse=0.00368145 peer_val_mae=0.03564186
[worker2/operator_darcy_student_lift_v1] [operator_darcy_student_lift_v1/elem_ft_huber_l006_w10_d30_80_lr2e4] [operator][epoch 030] lambda=0.0600 train_mse=0.01006029 val_mse=0.01672753 val_mae=0.09596722 | peer_val_mse=0.00368145 peer_val_mae=0.03564186
[worker2/operator_darcy_student_lift_v1] [operator_darcy_student_lift_v1/elem_ft_huber_l006_w10_d30_80_lr2e4] [operator][epoch 031] lambda=0.0589 train_mse=0.00935773 val_mse=0.01654355 val_mae=0.09508558 | peer_val_mse=0.00368145 peer_val_mae=0.03564186
[worker2/operator_darcy_student_lift_v1] [operator_darcy_student_lift_v1/elem_ft_huber_l006_w10_d30_80_lr2e4] [operator][epoch 032] lambda=0.0578 train_mse=0.00987823 val_mse=0.01685629 val_mae=0.09679303 | peer_val_mse=0.00368145 peer_val_mae=0.03564186
[worker2/operator_darcy_student_lift_v1] [operator_darcy_student_lift_v1/elem_ft_huber_l006_w10_d30_80_lr2e4] [operator][epoch 033] lambda=0.0568 train_mse=0.00928108 val_mse=0.01621218 val_mae=0.09463951 | peer_val_mse=0.00368145 peer_val_mae=0.03564186
[worker2/operator_darcy_student_lift_v1] [operator_darcy_student_lift_v1/elem_ft_huber_l006_w10_d30_80_lr2e4] [operator][epoch 034] lambda=0.0557 train_mse=0.00868125 val_mse=0.01560131 val_mae=0.09259933 | peer_val_mse=0.00368145 peer_val_mae=0.03564186
[worker2/operator_darcy_student_lift_v1] [operator_darcy_student_lift_v1/elem_ft_huber_l006_w10_d30_80_lr2e4] [operator][epoch 035] lambda=0.0546 train_mse=0.00903308 val_mse=0.01608094 val_mae=0.09394440 | peer_val_mse=0.00368145 peer_val_mae=0.03564186
[worker2/operator_darcy_student_lift_v1] [operator_darcy_student_lift_v1/elem_ft_huber_l006_w10_d30_80_lr2e4] [operator][epoch 036] lambda=0.0535 train_mse=0.00991008 val_mse=0.01614513 val_mae=0.09487640 | peer_val_mse=0.00368145 peer_val_mae=0.03564186
[worker2/operator_darcy_student_lift_v1] [operator_darcy_student_lift_v1/elem_ft_huber_l006_w10_d30_80_lr2e4] [operator][epoch 037] lambda=0.0524 train_mse=0.00898287 val_mse=0.01615114 val_mae=0.09520202 | peer_val_mse=0.00368145 peer_val_mae=0.03564186
[worker2/operator_darcy_student_lift_v1] [operator_darcy_student_lift_v1/elem_ft_huber_l006_w10_d30_80_lr2e4] [operator][epoch 038] lambda=0.0514 train_mse=0.00851354 val_mse=0.01585462 val_mae=0.09354168 | peer_val_mse=0.00368145 peer_val_mae=0.03564186
[worker2/operator_darcy_student_lift_v1] [operator_darcy_student_lift_v1/elem_ft_huber_l006_w10_d30_80_lr2e4] [operator][epoch 039] lambda=0.0503 train_mse=0.00850968 val_mse=0.01564808 val_mae=0.09289659 | peer_val_mse=0.00368145 peer_val_mae=0.03564186
[worker2/operator_darcy_student_lift_v1] [operator_darcy_student_lift_v1/elem_ft_huber_l006_w10_d30_80_lr2e4] [operator][epoch 040] lambda=0.0492 train_mse=0.00815614 val_mse=0.01562120 val_mae=0.09286071 | peer_val_mse=0.00368145 peer_val_mae=0.03564186
[worker2/operator_darcy_student_lift_v1] [operator_darcy_student_lift_v1/elem_ft_huber_l006_w10_d30_80_lr2e4] [operator][epoch 040] updated live plot
[worker2/operator_darcy_student_lift_v1] [operator_darcy_student_lift_v1/elem_ft_huber_l006_w10_d30_80_lr2e4] [operator][epoch 041] lambda=0.0481 train_mse=0.00850574 val_mse=0.01674374 val_mae=0.09622313 | peer_val_mse=0.00368145 peer_val_mae=0.03564186
[worker2/operator_darcy_student_lift_v1] [operator_darcy_student_lift_v1/elem_ft_huber_l006_w10_d30_80_lr2e4] [operator][epoch 042] lambda=0.0470 train_mse=0.00904363 val_mse=0.01625429 val_mae=0.09465942 | peer_val_mse=0.00368145 peer_val_mae=0.03564186
[worker2/operator_darcy_student_lift_v1] [operator_darcy_student_lift_v1/elem_ft_huber_l006_w10_d30_80_lr2e4] [operator][epoch 043] lambda=0.0460 train_mse=0.00849836 val_mse=0.01597007 val_mae=0.09424238 | peer_val_mse=0.00368145 peer_val_mae=0.03564186
[worker2/operator_darcy_student_lift_v1] [operator_darcy_student_lift_v1/elem_ft_huber_l006_w10_d30_80_lr2e4] [operator][epoch 044] lambda=0.0449 train_mse=0.00868760 val_mse=0.01634707 val_mae=0.09530963 | peer_val_mse=0.00368145 peer_val_mae=0.03564186
[worker2/operator_darcy_student_lift_v1] [operator_darcy_student_lift_v1/elem_ft_huber_l006_w10_d30_80_lr2e4] [operator][epoch 045] lambda=0.0438 train_mse=0.00848930 val_mse=0.01623336 val_mae=0.09607549 | peer_val_mse=0.00368145 peer_val_mae=0.03564186
[worker2/operator_darcy_student_lift_v1] [operator_darcy_student_lift_v1/elem_ft_huber_l006_w10_d30_80_lr2e4] [operator][epoch 046] lambda=0.0427 train_mse=0.00829542 val_mse=0.01586432 val_mae=0.09303388 | peer_val_mse=0.00368145 peer_val_mae=0.03564186
[worker2/operator_darcy_student_lift_v1] [operator_darcy_student_lift_v1/elem_ft_huber_l006_w10_d30_80_lr2e4] [operator][epoch 047] lambda=0.0416 train_mse=0.00878951 val_mse=0.01529378 val_mae=0.09195545 | peer_val_mse=0.00368145 peer_val_mae=0.03564186
[worker2/operator_darcy_student_lift_v1] [operator_darcy_student_lift_v1/elem_ft_huber_l006_w10_d30_80_lr2e4] [operator][epoch 048] lambda=0.0406 train_mse=0.00838118 val_mse=0.01474442 val_mae=0.09049404 | peer_val_mse=0.00368145 peer_val_mae=0.03564186
[worker2/operator_darcy_student_lift_v1] [operator_darcy_student_lift_v1/elem_ft_huber_l006_w10_d30_80_lr2e4] [operator][epoch 049] lambda=0.0395 train_mse=0.00783801 val_mse=0.01516887 val_mae=0.09094810 | peer_val_mse=0.00368145 peer_val_mae=0.03564186
[worker2/operator_darcy_student_lift_v1] [operator_darcy_student_lift_v1/elem_ft_huber_l006_w10_d30_80_lr2e4] [operator][epoch 050] lambda=0.0384 train_mse=0.00759163 val_mse=0.01508420 val_mae=0.09056262 | peer_val_mse=0.00368145 peer_val_mae=0.03564186
[worker2/operator_darcy_student_lift_v1] [operator_darcy_student_lift_v1/elem_ft_huber_l006_w10_d30_80_lr2e4] [operator][epoch 051] lambda=0.0373 train_mse=0.00745338 val_mse=0.01526295 val_mae=0.09159120 | peer_val_mse=0.00368145 peer_val_mae=0.03564186
[worker2/operator_darcy_student_lift_v1] [operator_darcy_student_lift_v1/elem_ft_huber_l006_w10_d30_80_lr2e4] [operator][epoch 052] lambda=0.0362 train_mse=0.00760866 val_mse=0.01485002 val_mae=0.09054344 | peer_val_mse=0.00368145 peer_val_mae=0.03564186
[worker2/operator_darcy_student_lift_v1] [operator_darcy_student_lift_v1/elem_ft_huber_l006_w10_d30_80_lr2e4] [operator][epoch 053] lambda=0.0352 train_mse=0.00825967 val_mse=0.01547974 val_mae=0.09267556 | peer_val_mse=0.00368145 peer_val_mae=0.03564186
[worker2/operator_darcy_student_lift_v1] [operator_darcy_student_lift_v1/elem_ft_huber_l006_w10_d30_80_lr2e4] [operator][epoch 054] lambda=0.0341 train_mse=0.00818602 val_mse=0.01619812 val_mae=0.09416789 | peer_val_mse=0.00368145 peer_val_mae=0.03564186
[worker2/operator_darcy_student_lift_v1] [operator_darcy_student_lift_v1/elem_ft_huber_l006_w10_d30_80_lr2e4] [operator][epoch 055] lambda=0.0330 train_mse=0.00827561 val_mse=0.01629557 val_mae=0.09401040 | peer_val_mse=0.00368145 peer_val_mae=0.03564186
[worker2/operator_darcy_student_lift_v1] [operator_darcy_student_lift_v1/elem_ft_huber_l006_w10_d30_80_lr2e4] [operator][epoch 056] lambda=0.0319 train_mse=0.00912142 val_mse=0.01803913 val_mae=0.09966171 | peer_val_mse=0.00368145 peer_val_mae=0.03564186
[worker2/operator_darcy_student_lift_v1] [operator_darcy_student_lift_v1/elem_ft_huber_l006_w10_d30_80_lr2e4] [operator][epoch 057] lambda=0.0308 train_mse=0.00838219 val_mse=0.01566036 val_mae=0.09315355 | peer_val_mse=0.00368145 peer_val_mae=0.03564186
[worker2/operator_darcy_student_lift_v1] [operator_darcy_student_lift_v1/elem_ft_huber_l006_w10_d30_80_lr2e4] [operator][epoch 058] lambda=0.0298 train_mse=0.00796586 val_mse=0.01541214 val_mae=0.09245467 | peer_val_mse=0.00368145 peer_val_mae=0.03564186
[worker2/operator_darcy_student_lift_v1] [operator_darcy_student_lift_v1/elem_ft_huber_l006_w10_d30_80_lr2e4] [operator][epoch 059] lambda=0.0287 train_mse=0.00878224 val_mse=0.01501558 val_mae=0.09085549 | peer_val_mse=0.00368145 peer_val_mae=0.03564186
[worker2/operator_darcy_student_lift_v1] [operator_darcy_student_lift_v1/elem_ft_huber_l006_w10_d30_80_lr2e4] [operator][epoch 060] lambda=0.0276 train_mse=0.00741669 val_mse=0.01499673 val_mae=0.09068780 | peer_val_mse=0.00368145 peer_val_mae=0.03564186
[worker2/operator_darcy_student_lift_v1] [operator_darcy_student_lift_v1/elem_ft_huber_l006_w10_d30_80_lr2e4] [operator][epoch 060] updated live plot
[worker2/operator_darcy_student_lift_v1] [operator_darcy_student_lift_v1/elem_ft_huber_l006_w10_d30_80_lr2e4] [operator][epoch 061] lambda=0.0265 train_mse=0.00771976 val_mse=0.01602005 val_mae=0.09454036 | peer_val_mse=0.00368145 peer_val_mae=0.03564186
[worker2/operator_darcy_student_lift_v1] [operator_darcy_student_lift_v1/elem_ft_huber_l006_w10_d30_80_lr2e4] [operator][epoch 062] lambda=0.0254 train_mse=0.00755421 val_mse=0.01477196 val_mae=0.08964999 | peer_val_mse=0.00368145 peer_val_mae=0.03564186
[worker2/operator_darcy_student_lift_v1] [operator_darcy_student_lift_v1/elem_ft_huber_l006_w10_d30_80_lr2e4] [operator][epoch 063] lambda=0.0244 train_mse=0.00696606 val_mse=0.01428259 val_mae=0.08794927 | peer_val_mse=0.00368145 peer_val_mae=0.03564186
[worker2/operator_darcy_student_lift_v1] [operator_darcy_student_lift_v1/elem_ft_huber_l006_w10_d30_80_lr2e4] [operator][epoch 064] lambda=0.0233 train_mse=0.00690297 val_mse=0.01442577 val_mae=0.08847669 | peer_val_mse=0.00368145 peer_val_mae=0.03564186
[worker2/operator_darcy_student_lift_v1] [operator_darcy_student_lift_v1/elem_ft_huber_l006_w10_d30_80_lr2e4] [operator][epoch 065] lambda=0.0222 train_mse=0.00704995 val_mse=0.01482800 val_mae=0.08952919 | peer_val_mse=0.00368145 peer_val_mae=0.03564186
[worker2/operator_darcy_student_lift_v1] [operator_darcy_student_lift_v1/elem_ft_huber_l006_w10_d30_80_lr2e4] [operator][epoch 066] lambda=0.0211 train_mse=0.00711250 val_mse=0.01446132 val_mae=0.08870947 | peer_val_mse=0.00368145 peer_val_mae=0.03564186
[worker2/operator_darcy_student_lift_v1] [operator_darcy_student_lift_v1/elem_ft_huber_l006_w10_d30_80_lr2e4] [operator][epoch 067] lambda=0.0200 train_mse=0.00682390 val_mse=0.01429412 val_mae=0.08858460 | peer_val_mse=0.00368145 peer_val_mae=0.03564186
[worker2/operator_darcy_student_lift_v1] [operator_darcy_student_lift_v1/elem_ft_huber_l006_w10_d30_80_lr2e4] [operator][epoch 068] lambda=0.0190 train_mse=0.00796598 val_mse=0.01517793 val_mae=0.09246732 | peer_val_mse=0.00368145 peer_val_mae=0.03564186
[worker2/operator_darcy_student_lift_v1] [operator_darcy_student_lift_v1/elem_ft_huber_l006_w10_d30_80_lr2e4] [operator][epoch 069] lambda=0.0179 train_mse=0.00792396 val_mse=0.01470189 val_mae=0.08945099 | peer_val_mse=0.00368145 peer_val_mae=0.03564186
[worker2/operator_darcy_student_lift_v1] [operator_darcy_student_lift_v1/elem_ft_huber_l006_w10_d30_80_lr2e4] [operator][epoch 070] lambda=0.0168 train_mse=0.00776960 val_mse=0.01456668 val_mae=0.08873109 | peer_val_mse=0.00368145 peer_val_mae=0.03564186
[worker2/operator_darcy_student_lift_v1] [operator_darcy_student_lift_v1/elem_ft_huber_l006_w10_d30_80_lr2e4] [operator][epoch 071] lambda=0.0157 train_mse=0.00678298 val_mse=0.01430694 val_mae=0.08807050 | peer_val_mse=0.00368145 peer_val_mae=0.03564186
[worker2/operator_darcy_student_lift_v1] [operator_darcy_student_lift_v1/elem_ft_huber_l006_w10_d30_80_lr2e4] [operator][epoch 072] lambda=0.0146 train_mse=0.00661312 val_mse=0.01445978 val_mae=0.08801938 | peer_val_mse=0.00368145 peer_val_mae=0.03564186
[worker2/operator_darcy_student_lift_v1] [operator_darcy_student_lift_v1/elem_ft_huber_l006_w10_d30_80_lr2e4] [operator][epoch 073] lambda=0.0136 train_mse=0.00715845 val_mse=0.01439291 val_mae=0.08891679 | peer_val_mse=0.00368145 peer_val_mae=0.03564186
[worker2/operator_darcy_student_lift_v1] [operator_darcy_student_lift_v1/elem_ft_huber_l006_w10_d30_80_lr2e4] [operator][epoch 074] lambda=0.0125 train_mse=0.00671356 val_mse=0.01423480 val_mae=0.08751243 | peer_val_mse=0.00368145 peer_val_mae=0.03564186
[worker2/operator_darcy_student_lift_v1] [operator_darcy_student_lift_v1/elem_ft_huber_l006_w10_d30_80_lr2e4] [operator][epoch 075] lambda=0.0114 train_mse=0.00685432 val_mse=0.01404076 val_mae=0.08741917 | peer_val_mse=0.00368145 peer_val_mae=0.03564186
[worker2/operator_darcy_student_lift_v1] [operator_darcy_student_lift_v1/elem_ft_huber_l006_w10_d30_80_lr2e4] [operator][epoch 076] lambda=0.0103 train_mse=0.00637921 val_mse=0.01388395 val_mae=0.08681233 | peer_val_mse=0.00368145 peer_val_mae=0.03564186
[worker2/operator_darcy_student_lift_v1] [operator_darcy_student_lift_v1/elem_ft_huber_l006_w10_d30_80_lr2e4] [operator][epoch 077] lambda=0.0092 train_mse=0.00604917 val_mse=0.01374651 val_mae=0.08568908 | peer_val_mse=0.00368145 peer_val_mae=0.03564186
[worker2/operator_darcy_student_lift_v1] [operator_darcy_student_lift_v1/elem_ft_huber_l006_w10_d30_80_lr2e4] [operator][epoch 078] lambda=0.0082 train_mse=0.00614557 val_mse=0.01416897 val_mae=0.08704881 | peer_val_mse=0.00368145 peer_val_mae=0.03564186
[worker2/operator_darcy_student_lift_v1] [operator_darcy_student_lift_v1/elem_ft_huber_l006_w10_d30_80_lr2e4] [operator][epoch 079] lambda=0.0071 train_mse=0.00630591 val_mse=0.01444737 val_mae=0.08884721 | peer_val_mse=0.00368145 peer_val_mae=0.03564186
[worker2/operator_darcy_student_lift_v1] [operator_darcy_student_lift_v1/elem_ft_huber_l006_w10_d30_80_lr2e4] [operator][epoch 080] lambda=0.0060 train_mse=0.00657381 val_mse=0.01428385 val_mae=0.08763254 | peer_val_mse=0.00368145 peer_val_mae=0.03564186
[worker2/operator_darcy_student_lift_v1] [operator_darcy_student_lift_v1/elem_ft_huber_l006_w10_d30_80_lr2e4] [operator][epoch 080] updated live plot
[worker2/operator_darcy_student_lift_v1] [operator_darcy_student_lift_v1/elem_ft_huber_l006_w10_d30_80_lr2e4] [operator][epoch 081] lambda=0.0060 train_mse=0.00632674 val_mse=0.01421910 val_mae=0.08754931 | peer_val_mse=0.00368145 peer_val_mae=0.03564186
[worker2/operator_darcy_student_lift_v1] [operator_darcy_student_lift_v1/elem_ft_huber_l006_w10_d30_80_lr2e4] [operator][epoch 082] lambda=0.0060 train_mse=0.00620035 val_mse=0.01366637 val_mae=0.08613243 | peer_val_mse=0.00368145 peer_val_mae=0.03564186
[worker2/operator_darcy_student_lift_v1] [operator_darcy_student_lift_v1/elem_ft_huber_l006_w10_d30_80_lr2e4] [operator][epoch 083] lambda=0.0060 train_mse=0.00603110 val_mse=0.01479744 val_mae=0.09002107 | peer_val_mse=0.00368145 peer_val_mae=0.03564186
[worker2/operator_darcy_student_lift_v1] [operator_darcy_student_lift_v1/elem_ft_huber_l006_w10_d30_80_lr2e4] [operator][epoch 084] lambda=0.0060 train_mse=0.00660231 val_mse=0.01430693 val_mae=0.08794423 | peer_val_mse=0.00368145 peer_val_mae=0.03564186
[worker2/operator_darcy_student_lift_v1] [operator_darcy_student_lift_v1/elem_ft_huber_l006_w10_d30_80_lr2e4] [operator][epoch 085] lambda=0.0060 train_mse=0.00659742 val_mse=0.01386954 val_mae=0.08668235 | peer_val_mse=0.00368145 peer_val_mae=0.03564186
[worker2/operator_darcy_student_lift_v1] [operator_darcy_student_lift_v1/elem_ft_huber_l006_w10_d30_80_lr2e4] [operator][epoch 086] lambda=0.0060 train_mse=0.00610600 val_mse=0.01387625 val_mae=0.08651215 | peer_val_mse=0.00368145 peer_val_mae=0.03564186
[worker2/operator_darcy_student_lift_v1] [operator_darcy_student_lift_v1/elem_ft_huber_l006_w10_d30_80_lr2e4] [operator][epoch 087] lambda=0.0060 train_mse=0.00613425 val_mse=0.01409460 val_mae=0.08797969 | peer_val_mse=0.00368145 peer_val_mae=0.03564186
[worker2/operator_darcy_student_lift_v1] [operator_darcy_student_lift_v1/elem_ft_huber_l006_w10_d30_80_lr2e4] [operator][epoch 088] lambda=0.0060 train_mse=0.00594668 val_mse=0.01408141 val_mae=0.08741834 | peer_val_mse=0.00368145 peer_val_mae=0.03564186
[worker2/operator_darcy_student_lift_v1] [operator_darcy_student_lift_v1/elem_ft_huber_l006_w10_d30_80_lr2e4] [operator][epoch 089] lambda=0.0060 train_mse=0.00626704 val_mse=0.01475439 val_mae=0.08940030 | peer_val_mse=0.00368145 peer_val_mae=0.03564186
[worker2/operator_darcy_student_lift_v1] [operator_darcy_student_lift_v1/elem_ft_huber_l006_w10_d30_80_lr2e4] [operator][epoch 090] lambda=0.0060 train_mse=0.00663949 val_mse=0.01497155 val_mae=0.09057840 | peer_val_mse=0.00368145 peer_val_mae=0.03564186
[worker2/operator_darcy_student_lift_v1] [operator_darcy_student_lift_v1/elem_ft_huber_l006_w10_d30_80_lr2e4] [operator][epoch 090] updated live plot
[worker2/operator_darcy_student_lift_v1] [operator_darcy_student_lift_v1/elem_ft_huber_l006_w10_d30_80_lr2e4] [operator] done
[worker2/operator_darcy_student_lift_v1] [operator_darcy_student_lift_v1/elem_ft_huber_l006_w10_d30_80_lr2e4] [operator] dataset=darcy pair=deeponet:fno method=ssml seed=1
[worker2/operator_darcy_student_lift_v1] [operator_darcy_student_lift_v1/elem_ft_huber_l006_w10_d30_80_lr2e4] [operator] loaded init_checkpoint=results/operator_ssml_tuned_v1/operator/darcy/deeponet_independent_mse_seed1/model.pt
[worker2/operator_darcy_student_lift_v1] [operator_darcy_student_lift_v1/elem_ft_huber_l006_w10_d30_80_lr2e4] [operator] loaded peer_init_checkpoint=results/operator_ssml_tuned_v1/operator/darcy/fno_independent_mse_seed1/model.pt
[worker2/operator_darcy_student_lift_v1] [operator_darcy_student_lift_v1/elem_ft_huber_l006_w10_d30_80_lr2e4] [operator] run_dir=results/operator_darcy_student_lift_v1/elem_ft_huber_l006_w10_d30_80_lr2e4/operator/darcy/deeponet__fno_ssml_huber_seed1
[worker2/operator_darcy_student_lift_v1] [operator_darcy_student_lift_v1/elem_ft_huber_l006_w10_d30_80_lr2e4] [operator] params=592000
[worker2/operator_darcy_student_lift_v1] [operator_darcy_student_lift_v1/elem_ft_huber_l006_w10_d30_80_lr2e4] [operator] granularity=element student_only=True freeze_peer=True peer_updates_disabled=True
[worker2/operator_darcy_student_lift_v1] [operator_darcy_student_lift_v1/elem_ft_huber_l006_w10_d30_80_lr2e4] [operator][epoch 001] lambda=0.0000 train_mse=0.02073363 val_mse=0.01797848 val_mae=0.10192208 | peer_val_mse=0.00281669 peer_val_mae=0.03477113
[worker2/operator_darcy_student_lift_v1] [operator_darcy_student_lift_v1/elem_ft_huber_l006_w10_d30_80_lr2e4] [operator][epoch 002] lambda=0.0000 train_mse=0.01165745 val_mse=0.01786135 val_mae=0.10096129 | peer_val_mse=0.00281669 peer_val_mae=0.03477113
[worker2/operator_darcy_student_lift_v1] [operator_darcy_student_lift_v1/elem_ft_huber_l006_w10_d30_80_lr2e4] [operator][epoch 003] lambda=0.0000 train_mse=0.01136704 val_mse=0.01756263 val_mae=0.10009831 | peer_val_mse=0.00281669 peer_val_mae=0.03477113
[worker2/operator_darcy_student_lift_v1] [operator_darcy_student_lift_v1/elem_ft_huber_l006_w10_d30_80_lr2e4] [operator][epoch 004] lambda=0.0000 train_mse=0.01140692 val_mse=0.01810123 val_mae=0.10215299 | peer_val_mse=0.00281669 peer_val_mae=0.03477113
[worker2/operator_darcy_student_lift_v1] [operator_darcy_student_lift_v1/elem_ft_huber_l006_w10_d30_80_lr2e4] [operator][epoch 005] lambda=0.0000 train_mse=0.01205374 val_mse=0.02159136 val_mae=0.11339635 | peer_val_mse=0.00281669 peer_val_mae=0.03477113
[worker2/operator_darcy_student_lift_v1] [operator_darcy_student_lift_v1/elem_ft_huber_l006_w10_d30_80_lr2e4] [operator][epoch 006] lambda=0.0000 train_mse=0.01441033 val_mse=0.01951297 val_mae=0.10676401 | peer_val_mse=0.00281669 peer_val_mae=0.03477113
[worker2/operator_darcy_student_lift_v1] [operator_darcy_student_lift_v1/elem_ft_huber_l006_w10_d30_80_lr2e4] [operator][epoch 007] lambda=0.0000 train_mse=0.01172212 val_mse=0.01804453 val_mae=0.10121189 | peer_val_mse=0.00281669 peer_val_mae=0.03477113
[worker2/operator_darcy_student_lift_v1] [operator_darcy_student_lift_v1/elem_ft_huber_l006_w10_d30_80_lr2e4] [operator][epoch 008] lambda=0.0000 train_mse=0.01161229 val_mse=0.01792073 val_mae=0.10174764 | peer_val_mse=0.00281669 peer_val_mae=0.03477113
[worker2/operator_darcy_student_lift_v1] [operator_darcy_student_lift_v1/elem_ft_huber_l006_w10_d30_80_lr2e4] [operator][epoch 009] lambda=0.0000 train_mse=0.01093403 val_mse=0.01744795 val_mae=0.09965701 | peer_val_mse=0.00281669 peer_val_mae=0.03477113
[worker2/operator_darcy_student_lift_v1] [operator_darcy_student_lift_v1/elem_ft_huber_l006_w10_d30_80_lr2e4] [operator][epoch 010] lambda=0.0000 train_mse=0.01057295 val_mse=0.01744776 val_mae=0.10004501 | peer_val_mse=0.00281669 peer_val_mae=0.03477113
[worker2/operator_darcy_student_lift_v1] [operator_darcy_student_lift_v1/elem_ft_huber_l006_w10_d30_80_lr2e4] [operator][epoch 011] lambda=0.0600 train_mse=0.01113023 val_mse=0.01827420 val_mae=0.10144297 | peer_val_mse=0.00281669 peer_val_mae=0.03477113
[worker2/operator_darcy_student_lift_v1] [operator_darcy_student_lift_v1/elem_ft_huber_l006_w10_d30_80_lr2e4] [operator][epoch 012] lambda=0.0600 train_mse=0.01169447 val_mse=0.01744117 val_mae=0.09943520 | peer_val_mse=0.00281669 peer_val_mae=0.03477113
[worker2/operator_darcy_student_lift_v1] [operator_darcy_student_lift_v1/elem_ft_huber_l006_w10_d30_80_lr2e4] [operator][epoch 013] lambda=0.0600 train_mse=0.01094130 val_mse=0.01739389 val_mae=0.09924897 | peer_val_mse=0.00281669 peer_val_mae=0.03477113
[worker2/operator_darcy_student_lift_v1] [operator_darcy_student_lift_v1/elem_ft_huber_l006_w10_d30_80_lr2e4] [operator][epoch 014] lambda=0.0600 train_mse=0.01079654 val_mse=0.01827923 val_mae=0.10217717 | peer_val_mse=0.00281669 peer_val_mae=0.03477113
[worker2/operator_darcy_student_lift_v1] [operator_darcy_student_lift_v1/elem_ft_huber_l006_w10_d30_80_lr2e4] [operator][epoch 015] lambda=0.0600 train_mse=0.01113810 val_mse=0.01663239 val_mae=0.09718690 | peer_val_mse=0.00281669 peer_val_mae=0.03477113
[worker2/operator_darcy_student_lift_v1] [operator_darcy_student_lift_v1/elem_ft_huber_l006_w10_d30_80_lr2e4] [operator][epoch 016] lambda=0.0600 train_mse=0.01202266 val_mse=0.01825553 val_mae=0.10286709 | peer_val_mse=0.00281669 peer_val_mae=0.03477113
[worker2/operator_darcy_student_lift_v1] [operator_darcy_student_lift_v1/elem_ft_huber_l006_w10_d30_80_lr2e4] [operator][epoch 017] lambda=0.0600 train_mse=0.01181732 val_mse=0.01814726 val_mae=0.10170487 | peer_val_mse=0.00281669 peer_val_mae=0.03477113
[worker2/operator_darcy_student_lift_v1] [operator_darcy_student_lift_v1/elem_ft_huber_l006_w10_d30_80_lr2e4] [operator][epoch 018] lambda=0.0600 train_mse=0.01094939 val_mse=0.01671532 val_mae=0.09759839 | peer_val_mse=0.00281669 peer_val_mae=0.03477113
[worker2/operator_darcy_student_lift_v1] [operator_darcy_student_lift_v1/elem_ft_huber_l006_w10_d30_80_lr2e4] [operator][epoch 019] lambda=0.0600 train_mse=0.01138092 val_mse=0.01775142 val_mae=0.10060364 | peer_val_mse=0.00281669 peer_val_mae=0.03477113
[worker2/operator_darcy_student_lift_v1] [operator_darcy_student_lift_v1/elem_ft_huber_l006_w10_d30_80_lr2e4] [operator][epoch 020] lambda=0.0600 train_mse=0.01059429 val_mse=0.01655008 val_mae=0.09682121 | peer_val_mse=0.00281669 peer_val_mae=0.03477113
[worker2/operator_darcy_student_lift_v1] [operator_darcy_student_lift_v1/elem_ft_huber_l006_w10_d30_80_lr2e4] [operator][epoch 020] updated live plot
[worker2/operator_darcy_student_lift_v1] [operator_darcy_student_lift_v1/elem_ft_huber_l006_w10_d30_80_lr2e4] [operator][epoch 021] lambda=0.0600 train_mse=0.01030444 val_mse=0.01642842 val_mae=0.09587653 | peer_val_mse=0.00281669 peer_val_mae=0.03477113
[worker2/operator_darcy_student_lift_v1] [operator_darcy_student_lift_v1/elem_ft_huber_l006_w10_d30_80_lr2e4] [operator][epoch 022] lambda=0.0600 train_mse=0.01029902 val_mse=0.01721015 val_mae=0.09978260 | peer_val_mse=0.00281669 peer_val_mae=0.03477113
[worker2/operator_darcy_student_lift_v1] [operator_darcy_student_lift_v1/elem_ft_huber_l006_w10_d30_80_lr2e4] [operator][epoch 023] lambda=0.0600 train_mse=0.01062783 val_mse=0.01772538 val_mae=0.10051818 | peer_val_mse=0.00281669 peer_val_mae=0.03477113
[worker2/operator_darcy_student_lift_v1] [operator_darcy_student_lift_v1/elem_ft_huber_l006_w10_d30_80_lr2e4] [operator][epoch 024] lambda=0.0600 train_mse=0.01079697 val_mse=0.01686298 val_mae=0.09826698 | peer_val_mse=0.00281669 peer_val_mae=0.03477113
[worker2/operator_darcy_student_lift_v1] [operator_darcy_student_lift_v1/elem_ft_huber_l006_w10_d30_80_lr2e4] [operator][epoch 025] lambda=0.0600 train_mse=0.00987407 val_mse=0.01716162 val_mae=0.09909637 | peer_val_mse=0.00281669 peer_val_mae=0.03477113
[worker2/operator_darcy_student_lift_v1] [operator_darcy_student_lift_v1/elem_ft_huber_l006_w10_d30_80_lr2e4] [operator][epoch 026] lambda=0.0600 train_mse=0.01025892 val_mse=0.01762159 val_mae=0.10040767 | peer_val_mse=0.00281669 peer_val_mae=0.03477113
[worker2/operator_darcy_student_lift_v1] [operator_darcy_student_lift_v1/elem_ft_huber_l006_w10_d30_80_lr2e4] [operator][epoch 027] lambda=0.0600 train_mse=0.01107302 val_mse=0.01781242 val_mae=0.10096338 | peer_val_mse=0.00281669 peer_val_mae=0.03477113
[worker2/operator_darcy_student_lift_v1] [operator_darcy_student_lift_v1/elem_ft_huber_l006_w10_d30_80_lr2e4] [operator][epoch 028] lambda=0.0600 train_mse=0.01018985 val_mse=0.01756624 val_mae=0.09989319 | peer_val_mse=0.00281669 peer_val_mae=0.03477113
[worker2/operator_darcy_student_lift_v1] [operator_darcy_student_lift_v1/elem_ft_huber_l006_w10_d30_80_lr2e4] [operator][epoch 029] lambda=0.0600 train_mse=0.00982070 val_mse=0.01648292 val_mae=0.09673142 | peer_val_mse=0.00281669 peer_val_mae=0.03477113
[worker2/operator_darcy_student_lift_v1] [operator_darcy_student_lift_v1/elem_ft_huber_l006_w10_d30_80_lr2e4] [operator][epoch 030] lambda=0.0600 train_mse=0.00922457 val_mse=0.01633073 val_mae=0.09600823 | peer_val_mse=0.00281669 peer_val_mae=0.03477113
[worker2/operator_darcy_student_lift_v1] [operator_darcy_student_lift_v1/elem_ft_huber_l006_w10_d30_80_lr2e4] [operator][epoch 031] lambda=0.0589 train_mse=0.00935997 val_mse=0.01611350 val_mae=0.09534546 | peer_val_mse=0.00281669 peer_val_mae=0.03477113
[worker2/operator_darcy_student_lift_v1] [operator_darcy_student_lift_v1/elem_ft_huber_l006_w10_d30_80_lr2e4] [operator][epoch 032] lambda=0.0578 train_mse=0.00950168 val_mse=0.01581461 val_mae=0.09432812 | peer_val_mse=0.00281669 peer_val_mae=0.03477113
[worker2/operator_darcy_student_lift_v1] [operator_darcy_student_lift_v1/elem_ft_huber_l006_w10_d30_80_lr2e4] [operator][epoch 033] lambda=0.0568 train_mse=0.01033515 val_mse=0.01715066 val_mae=0.09847429 | peer_val_mse=0.00281669 peer_val_mae=0.03477113
[worker2/operator_darcy_student_lift_v1] [operator_darcy_student_lift_v1/elem_ft_huber_l006_w10_d30_80_lr2e4] [operator][epoch 034] lambda=0.0557 train_mse=0.01039577 val_mse=0.01652483 val_mae=0.09684403 | peer_val_mse=0.00281669 peer_val_mae=0.03477113
[worker2/operator_darcy_student_lift_v1] [operator_darcy_student_lift_v1/elem_ft_huber_l006_w10_d30_80_lr2e4] [operator][epoch 035] lambda=0.0546 train_mse=0.01039226 val_mse=0.01588187 val_mae=0.09421054 | peer_val_mse=0.00281669 peer_val_mae=0.03477113
[worker2/operator_darcy_student_lift_v1] [operator_darcy_student_lift_v1/elem_ft_huber_l006_w10_d30_80_lr2e4] [operator][epoch 036] lambda=0.0535 train_mse=0.00908395 val_mse=0.01768419 val_mae=0.10000856 | peer_val_mse=0.00281669 peer_val_mae=0.03477113
[worker2/operator_darcy_student_lift_v1] [operator_darcy_student_lift_v1/elem_ft_huber_l006_w10_d30_80_lr2e4] [operator][epoch 037] lambda=0.0524 train_mse=0.00902009 val_mse=0.01662763 val_mae=0.09653690 | peer_val_mse=0.00281669 peer_val_mae=0.03477113
[worker2/operator_darcy_student_lift_v1] [operator_darcy_student_lift_v1/elem_ft_huber_l006_w10_d30_80_lr2e4] [operator][epoch 038] lambda=0.0514 train_mse=0.00975323 val_mse=0.01845157 val_mae=0.10062510 | peer_val_mse=0.00281669 peer_val_mae=0.03477113
[worker2/operator_darcy_student_lift_v1] [operator_darcy_student_lift_v1/elem_ft_huber_l006_w10_d30_80_lr2e4] [operator][epoch 039] lambda=0.0503 train_mse=0.01138214 val_mse=0.01741943 val_mae=0.09864268 | peer_val_mse=0.00281669 peer_val_mae=0.03477113
[worker2/operator_darcy_student_lift_v1] [operator_darcy_student_lift_v1/elem_ft_huber_l006_w10_d30_80_lr2e4] [operator][epoch 040] lambda=0.0492 train_mse=0.00960503 val_mse=0.01663021 val_mae=0.09756183 | peer_val_mse=0.00281669 peer_val_mae=0.03477113
[worker2/operator_darcy_student_lift_v1] [operator_darcy_student_lift_v1/elem_ft_huber_l006_w10_d30_80_lr2e4] [operator][epoch 040] updated live plot
[worker2/operator_darcy_student_lift_v1] [operator_darcy_student_lift_v1/elem_ft_huber_l006_w10_d30_80_lr2e4] [operator][epoch 041] lambda=0.0481 train_mse=0.00895446 val_mse=0.01556346 val_mae=0.09334844 | peer_val_mse=0.00281669 peer_val_mae=0.03477113
[worker2/operator_darcy_student_lift_v1] [operator_darcy_student_lift_v1/elem_ft_huber_l006_w10_d30_80_lr2e4] [operator][epoch 042] lambda=0.0470 train_mse=0.00887112 val_mse=0.01529073 val_mae=0.09280646 | peer_val_mse=0.00281669 peer_val_mae=0.03477113
[worker2/operator_darcy_student_lift_v1] [operator_darcy_student_lift_v1/elem_ft_huber_l006_w10_d30_80_lr2e4] [operator][epoch 043] lambda=0.0460 train_mse=0.00837176 val_mse=0.01560097 val_mae=0.09319568 | peer_val_mse=0.00281669 peer_val_mae=0.03477113
[worker2/operator_darcy_student_lift_v1] [operator_darcy_student_lift_v1/elem_ft_huber_l006_w10_d30_80_lr2e4] [operator][epoch 044] lambda=0.0449 train_mse=0.00851129 val_mse=0.01559442 val_mae=0.09334504 | peer_val_mse=0.00281669 peer_val_mae=0.03477113
[worker2/operator_darcy_student_lift_v1] [operator_darcy_student_lift_v1/elem_ft_huber_l006_w10_d30_80_lr2e4] [operator][epoch 045] lambda=0.0438 train_mse=0.00820671 val_mse=0.01584486 val_mae=0.09398663 | peer_val_mse=0.00281669 peer_val_mae=0.03477113
[worker2/operator_darcy_student_lift_v1] [operator_darcy_student_lift_v1/elem_ft_huber_l006_w10_d30_80_lr2e4] [operator][epoch 046] lambda=0.0427 train_mse=0.00983381 val_mse=0.01778950 val_mae=0.10030211 | peer_val_mse=0.00281669 peer_val_mae=0.03477113
[worker2/operator_darcy_student_lift_v1] [operator_darcy_student_lift_v1/elem_ft_huber_l006_w10_d30_80_lr2e4] [operator][epoch 047] lambda=0.0416 train_mse=0.01734098 val_mse=0.01887623 val_mae=0.10298267 | peer_val_mse=0.00281669 peer_val_mae=0.03477113
[worker2/operator_darcy_student_lift_v1] [operator_darcy_student_lift_v1/elem_ft_huber_l006_w10_d30_80_lr2e4] [operator][epoch 048] lambda=0.0406 train_mse=0.01128690 val_mse=0.01614183 val_mae=0.09513774 | peer_val_mse=0.00281669 peer_val_mae=0.03477113
[worker2/operator_darcy_student_lift_v1] [operator_darcy_student_lift_v1/elem_ft_huber_l006_w10_d30_80_lr2e4] [operator][epoch 049] lambda=0.0395 train_mse=0.00883586 val_mse=0.01527356 val_mae=0.09256364 | peer_val_mse=0.00281669 peer_val_mae=0.03477113
[worker2/operator_darcy_student_lift_v1] [operator_darcy_student_lift_v1/elem_ft_huber_l006_w10_d30_80_lr2e4] [operator][epoch 050] lambda=0.0384 train_mse=0.00816128 val_mse=0.01548925 val_mae=0.09260489 | peer_val_mse=0.00281669 peer_val_mae=0.03477113
[worker2/operator_darcy_student_lift_v1] [operator_darcy_student_lift_v1/elem_ft_huber_l006_w10_d30_80_lr2e4] [operator][epoch 051] lambda=0.0373 train_mse=0.00825978 val_mse=0.01527125 val_mae=0.09238604 | peer_val_mse=0.00281669 peer_val_mae=0.03477113
[worker2/operator_darcy_student_lift_v1] [operator_darcy_student_lift_v1/elem_ft_huber_l006_w10_d30_80_lr2e4] [operator][epoch 052] lambda=0.0362 train_mse=0.00857967 val_mse=0.01629044 val_mae=0.09514757 | peer_val_mse=0.00281669 peer_val_mae=0.03477113
[worker2/operator_darcy_student_lift_v1] [operator_darcy_student_lift_v1/elem_ft_huber_l006_w10_d30_80_lr2e4] [operator][epoch 053] lambda=0.0352 train_mse=0.00828594 val_mse=0.01568567 val_mae=0.09337706 | peer_val_mse=0.00281669 peer_val_mae=0.03477113
[worker2/operator_darcy_student_lift_v1] [operator_darcy_student_lift_v1/elem_ft_huber_l006_w10_d30_80_lr2e4] [operator][epoch 054] lambda=0.0341 train_mse=0.00786221 val_mse=0.01526308 val_mae=0.09188487 | peer_val_mse=0.00281669 peer_val_mae=0.03477113
[worker2/operator_darcy_student_lift_v1] [operator_darcy_student_lift_v1/elem_ft_huber_l006_w10_d30_80_lr2e4] [operator][epoch 055] lambda=0.0330 train_mse=0.00771395 val_mse=0.01512859 val_mae=0.09151489 | peer_val_mse=0.00281669 peer_val_mae=0.03477113
[worker2/operator_darcy_student_lift_v1] [operator_darcy_student_lift_v1/elem_ft_huber_l006_w10_d30_80_lr2e4] [operator][epoch 056] lambda=0.0319 train_mse=0.00772141 val_mse=0.01574296 val_mae=0.09386078 | peer_val_mse=0.00281669 peer_val_mae=0.03477113
[worker2/operator_darcy_student_lift_v1] [operator_darcy_student_lift_v1/elem_ft_huber_l006_w10_d30_80_lr2e4] [operator][epoch 057] lambda=0.0308 train_mse=0.00775465 val_mse=0.01579681 val_mae=0.09387794 | peer_val_mse=0.00281669 peer_val_mae=0.03477113
[worker2/operator_darcy_student_lift_v1] [operator_darcy_student_lift_v1/elem_ft_huber_l006_w10_d30_80_lr2e4] [operator][epoch 058] lambda=0.0298 train_mse=0.00775655 val_mse=0.01549337 val_mae=0.09271145 | peer_val_mse=0.00281669 peer_val_mae=0.03477113
[worker2/operator_darcy_student_lift_v1] [operator_darcy_student_lift_v1/elem_ft_huber_l006_w10_d30_80_lr2e4] [operator][epoch 059] lambda=0.0287 train_mse=0.00796470 val_mse=0.01583365 val_mae=0.09392048 | peer_val_mse=0.00281669 peer_val_mae=0.03477113
[worker2/operator_darcy_student_lift_v1] [operator_darcy_student_lift_v1/elem_ft_huber_l006_w10_d30_80_lr2e4] [operator][epoch 060] lambda=0.0276 train_mse=0.00900039 val_mse=0.01518846 val_mae=0.09171283 | peer_val_mse=0.00281669 peer_val_mae=0.03477113
[worker2/operator_darcy_student_lift_v1] [operator_darcy_student_lift_v1/elem_ft_huber_l006_w10_d30_80_lr2e4] [operator][epoch 060] updated live plot
[worker2/operator_darcy_student_lift_v1] [operator_darcy_student_lift_v1/elem_ft_huber_l006_w10_d30_80_lr2e4] [operator][epoch 061] lambda=0.0265 train_mse=0.00832731 val_mse=0.01545244 val_mae=0.09286506 | peer_val_mse=0.00281669 peer_val_mae=0.03477113
[worker2/operator_darcy_student_lift_v1] [operator_darcy_student_lift_v1/elem_ft_huber_l006_w10_d30_80_lr2e4] [operator][epoch 062] lambda=0.0254 train_mse=0.00899243 val_mse=0.01715007 val_mae=0.09805642 | peer_val_mse=0.00281669 peer_val_mae=0.03477113
[worker2/operator_darcy_student_lift_v1] [operator_darcy_student_lift_v1/elem_ft_huber_l006_w10_d30_80_lr2e4] [operator][epoch 063] lambda=0.0244 train_mse=0.00903159 val_mse=0.01629022 val_mae=0.09514115 | peer_val_mse=0.00281669 peer_val_mae=0.03477113
[worker2/operator_darcy_student_lift_v1] [operator_darcy_student_lift_v1/elem_ft_huber_l006_w10_d30_80_lr2e4] [operator][epoch 064] lambda=0.0233 train_mse=0.00806704 val_mse=0.01587810 val_mae=0.09385920 | peer_val_mse=0.00281669 peer_val_mae=0.03477113
[worker2/operator_darcy_student_lift_v1] [operator_darcy_student_lift_v1/elem_ft_huber_l006_w10_d30_80_lr2e4] [operator][epoch 065] lambda=0.0222 train_mse=0.00751812 val_mse=0.01505604 val_mae=0.09150299 | peer_val_mse=0.00281669 peer_val_mae=0.03477113
[worker2/operator_darcy_student_lift_v1] [operator_darcy_student_lift_v1/elem_ft_huber_l006_w10_d30_80_lr2e4] [operator][epoch 066] lambda=0.0211 train_mse=0.00809211 val_mse=0.01509106 val_mae=0.09199373 | peer_val_mse=0.00281669 peer_val_mae=0.03477113
[worker2/operator_darcy_student_lift_v1] [operator_darcy_student_lift_v1/elem_ft_huber_l006_w10_d30_80_lr2e4] [operator][epoch 067] lambda=0.0200 train_mse=0.00774622 val_mse=0.01507849 val_mae=0.09124006 | peer_val_mse=0.00281669 peer_val_mae=0.03477113
[worker2/operator_darcy_student_lift_v1] [operator_darcy_student_lift_v1/elem_ft_huber_l006_w10_d30_80_lr2e4] [operator][epoch 068] lambda=0.0190 train_mse=0.00798765 val_mse=0.01503086 val_mae=0.09151062 | peer_val_mse=0.00281669 peer_val_mae=0.03477113
[worker2/operator_darcy_student_lift_v1] [operator_darcy_student_lift_v1/elem_ft_huber_l006_w10_d30_80_lr2e4] [operator][epoch 069] lambda=0.0179 train_mse=0.00871667 val_mse=0.01721212 val_mae=0.09857236 | peer_val_mse=0.00281669 peer_val_mae=0.03477113
[worker2/operator_darcy_student_lift_v1] [operator_darcy_student_lift_v1/elem_ft_huber_l006_w10_d30_80_lr2e4] [operator][epoch 070] lambda=0.0168 train_mse=0.00850569 val_mse=0.01510224 val_mae=0.09124428 | peer_val_mse=0.00281669 peer_val_mae=0.03477113
[worker2/operator_darcy_student_lift_v1] [operator_darcy_student_lift_v1/elem_ft_huber_l006_w10_d30_80_lr2e4] [operator][epoch 071] lambda=0.0157 train_mse=0.00740989 val_mse=0.01502887 val_mae=0.09121063 | peer_val_mse=0.00281669 peer_val_mae=0.03477113
[worker2/operator_darcy_student_lift_v1] [operator_darcy_student_lift_v1/elem_ft_huber_l006_w10_d30_80_lr2e4] [operator][epoch 072] lambda=0.0146 train_mse=0.00732120 val_mse=0.01531606 val_mae=0.09297297 | peer_val_mse=0.00281669 peer_val_mae=0.03477113
[worker2/operator_darcy_student_lift_v1] [operator_darcy_student_lift_v1/elem_ft_huber_l006_w10_d30_80_lr2e4] [operator][epoch 073] lambda=0.0136 train_mse=0.00733601 val_mse=0.01493729 val_mae=0.09101412 | peer_val_mse=0.00281669 peer_val_mae=0.03477113
[worker2/operator_darcy_student_lift_v1] [operator_darcy_student_lift_v1/elem_ft_huber_l006_w10_d30_80_lr2e4] [operator][epoch 074] lambda=0.0125 train_mse=0.00692859 val_mse=0.01492770 val_mae=0.09049861 | peer_val_mse=0.00281669 peer_val_mae=0.03477113
[worker2/operator_darcy_student_lift_v1] [operator_darcy_student_lift_v1/elem_ft_huber_l006_w10_d30_80_lr2e4] [operator][epoch 075] lambda=0.0114 train_mse=0.00741298 val_mse=0.01513794 val_mae=0.09184474 | peer_val_mse=0.00281669 peer_val_mae=0.03477113
[worker2/operator_darcy_student_lift_v1] [operator_darcy_student_lift_v1/elem_ft_huber_l006_w10_d30_80_lr2e4] [operator][epoch 076] lambda=0.0103 train_mse=0.00769574 val_mse=0.01600204 val_mae=0.09348956 | peer_val_mse=0.00281669 peer_val_mae=0.03477113
[worker2/operator_darcy_student_lift_v1] [operator_darcy_student_lift_v1/elem_ft_huber_l006_w10_d30_80_lr2e4] [operator][epoch 077] lambda=0.0092 train_mse=0.00685171 val_mse=0.01447114 val_mae=0.08889143 | peer_val_mse=0.00281669 peer_val_mae=0.03477113
[worker2/operator_darcy_student_lift_v1] [operator_darcy_student_lift_v1/elem_ft_huber_l006_w10_d30_80_lr2e4] [operator][epoch 078] lambda=0.0082 train_mse=0.00719781 val_mse=0.01502276 val_mae=0.09157271 | peer_val_mse=0.00281669 peer_val_mae=0.03477113
[worker2/operator_darcy_student_lift_v1] [operator_darcy_student_lift_v1/elem_ft_huber_l006_w10_d30_80_lr2e4] [operator][epoch 079] lambda=0.0071 train_mse=0.00762512 val_mse=0.01475296 val_mae=0.09000543 | peer_val_mse=0.00281669 peer_val_mae=0.03477113
[worker2/operator_darcy_student_lift_v1] [operator_darcy_student_lift_v1/elem_ft_huber_l006_w10_d30_80_lr2e4] [operator][epoch 080] lambda=0.0060 train_mse=0.00701362 val_mse=0.01475554 val_mae=0.08997973 | peer_val_mse=0.00281669 peer_val_mae=0.03477113
[worker2/operator_darcy_student_lift_v1] [operator_darcy_student_lift_v1/elem_ft_huber_l006_w10_d30_80_lr2e4] [operator][epoch 080] updated live plot
[worker2/operator_darcy_student_lift_v1] [operator_darcy_student_lift_v1/elem_ft_huber_l006_w10_d30_80_lr2e4] [operator][epoch 081] lambda=0.0060 train_mse=0.00686533 val_mse=0.01482038 val_mae=0.08999483 | peer_val_mse=0.00281669 peer_val_mae=0.03477113
[worker2/operator_darcy_student_lift_v1] [operator_darcy_student_lift_v1/elem_ft_huber_l006_w10_d30_80_lr2e4] [operator][epoch 082] lambda=0.0060 train_mse=0.00696642 val_mse=0.01524513 val_mae=0.09221610 | peer_val_mse=0.00281669 peer_val_mae=0.03477113
[worker2/operator_darcy_student_lift_v1] [operator_darcy_student_lift_v1/elem_ft_huber_l006_w10_d30_80_lr2e4] [operator][epoch 083] lambda=0.0060 train_mse=0.00855691 val_mse=0.01688107 val_mae=0.09805734 | peer_val_mse=0.00281669 peer_val_mae=0.03477113
[worker2/operator_darcy_student_lift_v1] [operator_darcy_student_lift_v1/elem_ft_huber_l006_w10_d30_80_lr2e4] [operator][epoch 084] lambda=0.0060 train_mse=0.00749426 val_mse=0.01497060 val_mae=0.09041943 | peer_val_mse=0.00281669 peer_val_mae=0.03477113
[worker2/operator_darcy_student_lift_v1] [operator_darcy_student_lift_v1/elem_ft_huber_l006_w10_d30_80_lr2e4] [operator][epoch 085] lambda=0.0060 train_mse=0.00829629 val_mse=0.01562586 val_mae=0.09406396 | peer_val_mse=0.00281669 peer_val_mae=0.03477113
[worker2/operator_darcy_student_lift_v1] [operator_darcy_student_lift_v1/elem_ft_huber_l006_w10_d30_80_lr2e4] [operator][epoch 086] lambda=0.0060 train_mse=0.00722413 val_mse=0.01466694 val_mae=0.09016614 | peer_val_mse=0.00281669 peer_val_mae=0.03477113
[worker2/operator_darcy_student_lift_v1] [operator_darcy_student_lift_v1/elem_ft_huber_l006_w10_d30_80_lr2e4] [operator][epoch 087] lambda=0.0060 train_mse=0.00705224 val_mse=0.01492052 val_mae=0.09017479 | peer_val_mse=0.00281669 peer_val_mae=0.03477113
[worker2/operator_darcy_student_lift_v1] [operator_darcy_student_lift_v1/elem_ft_huber_l006_w10_d30_80_lr2e4] [operator][epoch 088] lambda=0.0060 train_mse=0.00668081 val_mse=0.01451081 val_mae=0.08871312 | peer_val_mse=0.00281669 peer_val_mae=0.03477113
[worker2/operator_darcy_student_lift_v1] [operator_darcy_student_lift_v1/elem_ft_huber_l006_w10_d30_80_lr2e4] [operator][epoch 089] lambda=0.0060 train_mse=0.00661221 val_mse=0.01466802 val_mae=0.08980562 | peer_val_mse=0.00281669 peer_val_mae=0.03477113
[worker2/operator_darcy_student_lift_v1] [operator_darcy_student_lift_v1/elem_ft_huber_l006_w10_d30_80_lr2e4] [operator][epoch 090] lambda=0.0060 train_mse=0.00661951 val_mse=0.01406862 val_mae=0.08775727 | peer_val_mse=0.00281669 peer_val_mae=0.03477113
[worker2/operator_darcy_student_lift_v1] [operator_darcy_student_lift_v1/elem_ft_huber_l006_w10_d30_80_lr2e4] [operator][epoch 090] updated live plot
[worker2/operator_darcy_student_lift_v1] [operator_darcy_student_lift_v1/elem_ft_huber_l006_w10_d30_80_lr2e4] [operator] done
[worker2/operator_darcy_student_lift_v1] [operator_darcy_student_lift_v1/elem_ft_huber_l006_w10_d30_80_lr2e4] [operator] dataset=darcy pair=deeponet:fno method=ssml seed=2
[worker2/operator_darcy_student_lift_v1] [operator_darcy_student_lift_v1/elem_ft_huber_l006_w10_d30_80_lr2e4] [operator] loaded init_checkpoint=results/operator_ssml_tuned_v1/operator/darcy/deeponet_independent_mse_seed2/model.pt
[worker2/operator_darcy_student_lift_v1] [operator_darcy_student_lift_v1/elem_ft_huber_l006_w10_d30_80_lr2e4] [operator] loaded peer_init_checkpoint=results/operator_ssml_tuned_v1/operator/darcy/fno_independent_mse_seed2/model.pt
[worker2/operator_darcy_student_lift_v1] [operator_darcy_student_lift_v1/elem_ft_huber_l006_w10_d30_80_lr2e4] [operator] run_dir=results/operator_darcy_student_lift_v1/elem_ft_huber_l006_w10_d30_80_lr2e4/operator/darcy/deeponet__fno_ssml_huber_seed2
[worker2/operator_darcy_student_lift_v1] [operator_darcy_student_lift_v1/elem_ft_huber_l006_w10_d30_80_lr2e4] [operator] params=592000
[worker2/operator_darcy_student_lift_v1] [operator_darcy_student_lift_v1/elem_ft_huber_l006_w10_d30_80_lr2e4] [operator] granularity=element student_only=True freeze_peer=True peer_updates_disabled=True
[worker2/operator_darcy_student_lift_v1] [operator_darcy_student_lift_v1/elem_ft_huber_l006_w10_d30_80_lr2e4] [operator][epoch 001] lambda=0.0000 train_mse=0.01990771 val_mse=0.01913795 val_mae=0.10356169 | peer_val_mse=0.00362230 peer_val_mae=0.03567774
[worker2/operator_darcy_student_lift_v1] [operator_darcy_student_lift_v1/elem_ft_huber_l006_w10_d30_80_lr2e4] [operator][epoch 002] lambda=0.0000 train_mse=0.01137353 val_mse=0.01873426 val_mae=0.10156488 | peer_val_mse=0.00362230 peer_val_mae=0.03567774
[worker2/operator_darcy_student_lift_v1] [operator_darcy_student_lift_v1/elem_ft_huber_l006_w10_d30_80_lr2e4] [operator][epoch 003] lambda=0.0000 train_mse=0.01107099 val_mse=0.01830377 val_mae=0.10055377 | peer_val_mse=0.00362230 peer_val_mae=0.03567774
[worker2/operator_darcy_student_lift_v1] [operator_darcy_student_lift_v1/elem_ft_huber_l006_w10_d30_80_lr2e4] [operator][epoch 004] lambda=0.0000 train_mse=0.01118250 val_mse=0.01879475 val_mae=0.10215636 | peer_val_mse=0.00362230 peer_val_mae=0.03567774
[worker2/operator_darcy_student_lift_v1] [operator_darcy_student_lift_v1/elem_ft_huber_l006_w10_d30_80_lr2e4] [operator][epoch 005] lambda=0.0000 train_mse=0.01085910 val_mse=0.01823965 val_mae=0.10062527 | peer_val_mse=0.00362230 peer_val_mae=0.03567774
[worker2/operator_darcy_student_lift_v1] [operator_darcy_student_lift_v1/elem_ft_huber_l006_w10_d30_80_lr2e4] [operator][epoch 006] lambda=0.0000 train_mse=0.01112041 val_mse=0.01836130 val_mae=0.10135196 | peer_val_mse=0.00362230 peer_val_mae=0.03567774
[worker2/operator_darcy_student_lift_v1] [operator_darcy_student_lift_v1/elem_ft_huber_l006_w10_d30_80_lr2e4] [operator][epoch 007] lambda=0.0000 train_mse=0.01117825 val_mse=0.01814101 val_mae=0.09979216 | peer_val_mse=0.00362230 peer_val_mae=0.03567774
[worker2/operator_darcy_student_lift_v1] [operator_darcy_student_lift_v1/elem_ft_huber_l006_w10_d30_80_lr2e4] [operator][epoch 008] lambda=0.0000 train_mse=0.01102349 val_mse=0.01854973 val_mae=0.10113445 | peer_val_mse=0.00362230 peer_val_mae=0.03567774
[worker2/operator_darcy_student_lift_v1] [operator_darcy_student_lift_v1/elem_ft_huber_l006_w10_d30_80_lr2e4] [operator][epoch 009] lambda=0.0000 train_mse=0.01299718 val_mse=0.01879168 val_mae=0.10272112 | peer_val_mse=0.00362230 peer_val_mae=0.03567774
[worker2/operator_darcy_student_lift_v1] [operator_darcy_student_lift_v1/elem_ft_huber_l006_w10_d30_80_lr2e4] [operator][epoch 010] lambda=0.0000 train_mse=0.01145807 val_mse=0.01822205 val_mae=0.10063951 | peer_val_mse=0.00362230 peer_val_mae=0.03567774
[worker2/operator_darcy_student_lift_v1] [operator_darcy_student_lift_v1/elem_ft_huber_l006_w10_d30_80_lr2e4] [operator][epoch 011] lambda=0.0600 train_mse=0.01113133 val_mse=0.01875027 val_mae=0.10200125 | peer_val_mse=0.00362230 peer_val_mae=0.03567774
[worker2/operator_darcy_student_lift_v1] [operator_darcy_student_lift_v1/elem_ft_huber_l006_w10_d30_80_lr2e4] [operator][epoch 012] lambda=0.0600 train_mse=0.01079949 val_mse=0.01822124 val_mae=0.09978962 | peer_val_mse=0.00362230 peer_val_mae=0.03567774
[worker2/operator_darcy_student_lift_v1] [operator_darcy_student_lift_v1/elem_ft_huber_l006_w10_d30_80_lr2e4] [operator][epoch 013] lambda=0.0600 train_mse=0.01033053 val_mse=0.01765769 val_mae=0.09861779 | peer_val_mse=0.00362230 peer_val_mae=0.03567774
[worker2/operator_darcy_student_lift_v1] [operator_darcy_student_lift_v1/elem_ft_huber_l006_w10_d30_80_lr2e4] [operator][epoch 014] lambda=0.0600 train_mse=0.01099081 val_mse=0.01772101 val_mae=0.09878997 | peer_val_mse=0.00362230 peer_val_mae=0.03567774
[worker2/operator_darcy_student_lift_v1] [operator_darcy_student_lift_v1/elem_ft_huber_l006_w10_d30_80_lr2e4] [operator][epoch 015] lambda=0.0600 train_mse=0.01043013 val_mse=0.01851212 val_mae=0.10077458 | peer_val_mse=0.00362230 peer_val_mae=0.03567774
[worker2/operator_darcy_student_lift_v1] [operator_darcy_student_lift_v1/elem_ft_huber_l006_w10_d30_80_lr2e4] [operator][epoch 016] lambda=0.0600 train_mse=0.01172265 val_mse=0.01901122 val_mae=0.10138843 | peer_val_mse=0.00362230 peer_val_mae=0.03567774
[worker2/operator_darcy_student_lift_v1] [operator_darcy_student_lift_v1/elem_ft_huber_l006_w10_d30_80_lr2e4] [operator][epoch 017] lambda=0.0600 train_mse=0.01055836 val_mse=0.01790397 val_mae=0.09809286 | peer_val_mse=0.00362230 peer_val_mae=0.03567774
[worker2/operator_darcy_student_lift_v1] [operator_darcy_student_lift_v1/elem_ft_huber_l006_w10_d30_80_lr2e4] [operator][epoch 018] lambda=0.0600 train_mse=0.01030874 val_mse=0.01903560 val_mae=0.10175127 | peer_val_mse=0.00362230 peer_val_mae=0.03567774
[worker2/operator_darcy_student_lift_v1] [operator_darcy_student_lift_v1/elem_ft_huber_l006_w10_d30_80_lr2e4] [operator][epoch 019] lambda=0.0600 train_mse=0.01061615 val_mse=0.02064332 val_mae=0.10580361 | peer_val_mse=0.00362230 peer_val_mae=0.03567774
[worker2/operator_darcy_student_lift_v1] [operator_darcy_student_lift_v1/elem_ft_huber_l006_w10_d30_80_lr2e4] [operator][epoch 020] lambda=0.0600 train_mse=0.01120865 val_mse=0.01909274 val_mae=0.10348286 | peer_val_mse=0.00362230 peer_val_mae=0.03567774
[worker2/operator_darcy_student_lift_v1] [operator_darcy_student_lift_v1/elem_ft_huber_l006_w10_d30_80_lr2e4] [operator][epoch 020] updated live plot
[worker2/operator_darcy_student_lift_v1] [operator_darcy_student_lift_v1/elem_ft_huber_l006_w10_d30_80_lr2e4] [operator][epoch 021] lambda=0.0600 train_mse=0.01058705 val_mse=0.01763817 val_mae=0.09787597 | peer_val_mse=0.00362230 peer_val_mae=0.03567774
[worker2/operator_darcy_student_lift_v1] [operator_darcy_student_lift_v1/elem_ft_huber_l006_w10_d30_80_lr2e4] [operator][epoch 022] lambda=0.0600 train_mse=0.00963412 val_mse=0.01908005 val_mae=0.10225395 | peer_val_mse=0.00362230 peer_val_mae=0.03567774
[worker2/operator_darcy_student_lift_v1] [operator_darcy_student_lift_v1/elem_ft_huber_l006_w10_d30_80_lr2e4] [operator][epoch 023] lambda=0.0600 train_mse=0.00969443 val_mse=0.01731841 val_mae=0.09693240 | peer_val_mse=0.00362230 peer_val_mae=0.03567774
[worker2/operator_darcy_student_lift_v1] [operator_darcy_student_lift_v1/elem_ft_huber_l006_w10_d30_80_lr2e4] [operator][epoch 024] lambda=0.0600 train_mse=0.00945927 val_mse=0.01744241 val_mae=0.09807957 | peer_val_mse=0.00362230 peer_val_mae=0.03567774
[worker2/operator_darcy_student_lift_v1] [operator_darcy_student_lift_v1/elem_ft_huber_l006_w10_d30_80_lr2e4] [operator][epoch 025] lambda=0.0600 train_mse=0.00942895 val_mse=0.01751824 val_mae=0.09738555 | peer_val_mse=0.00362230 peer_val_mae=0.03567774
[worker2/operator_darcy_student_lift_v1] [operator_darcy_student_lift_v1/elem_ft_huber_l006_w10_d30_80_lr2e4] [operator][epoch 026] lambda=0.0600 train_mse=0.00932878 val_mse=0.01703644 val_mae=0.09582854 | peer_val_mse=0.00362230 peer_val_mae=0.03567774
[worker2/operator_darcy_student_lift_v1] [operator_darcy_student_lift_v1/elem_ft_huber_l006_w10_d30_80_lr2e4] [operator][epoch 027] lambda=0.0600 train_mse=0.00910497 val_mse=0.01701659 val_mae=0.09662430 | peer_val_mse=0.00362230 peer_val_mae=0.03567774
[worker2/operator_darcy_student_lift_v1] [operator_darcy_student_lift_v1/elem_ft_huber_l006_w10_d30_80_lr2e4] [operator][epoch 028] lambda=0.0600 train_mse=0.01113196 val_mse=0.01773586 val_mae=0.09900061 | peer_val_mse=0.00362230 peer_val_mae=0.03567774
[worker2/operator_darcy_student_lift_v1] [operator_darcy_student_lift_v1/elem_ft_huber_l006_w10_d30_80_lr2e4] [operator][epoch 029] lambda=0.0600 train_mse=0.01050050 val_mse=0.01732844 val_mae=0.09723155 | peer_val_mse=0.00362230 peer_val_mae=0.03567774
[worker2/operator_darcy_student_lift_v1] [operator_darcy_student_lift_v1/elem_ft_huber_l006_w10_d30_80_lr2e4] [operator][epoch 030] lambda=0.0600 train_mse=0.00938584 val_mse=0.01790999 val_mae=0.09884528 | peer_val_mse=0.00362230 peer_val_mae=0.03567774
[worker2/operator_darcy_student_lift_v1] [operator_darcy_student_lift_v1/elem_ft_huber_l006_w10_d30_80_lr2e4] [operator][epoch 031] lambda=0.0589 train_mse=0.00963741 val_mse=0.01637632 val_mae=0.09495807 | peer_val_mse=0.00362230 peer_val_mae=0.03567774
[worker2/operator_darcy_student_lift_v1] [operator_darcy_student_lift_v1/elem_ft_huber_l006_w10_d30_80_lr2e4] [operator][epoch 032] lambda=0.0578 train_mse=0.00983212 val_mse=0.01791356 val_mae=0.09903838 | peer_val_mse=0.00362230 peer_val_mae=0.03567774
[worker2/operator_darcy_student_lift_v1] [operator_darcy_student_lift_v1/elem_ft_huber_l006_w10_d30_80_lr2e4] [operator][epoch 033] lambda=0.0568 train_mse=0.00948734 val_mse=0.01692976 val_mae=0.09550514 | peer_val_mse=0.00362230 peer_val_mae=0.03567774
[worker2/operator_darcy_student_lift_v1] [operator_darcy_student_lift_v1/elem_ft_huber_l006_w10_d30_80_lr2e4] [operator][epoch 034] lambda=0.0557 train_mse=0.00860192 val_mse=0.01700004 val_mae=0.09531406 | peer_val_mse=0.00362230 peer_val_mae=0.03567774
[worker2/operator_darcy_student_lift_v1] [operator_darcy_student_lift_v1/elem_ft_huber_l006_w10_d30_80_lr2e4] [operator][epoch 035] lambda=0.0546 train_mse=0.00831947 val_mse=0.01755978 val_mae=0.09725310 | peer_val_mse=0.00362230 peer_val_mae=0.03567774
[worker2/operator_darcy_student_lift_v1] [operator_darcy_student_lift_v1/elem_ft_huber_l006_w10_d30_80_lr2e4] [operator][epoch 036] lambda=0.0535 train_mse=0.00908170 val_mse=0.01740068 val_mae=0.09732941 | peer_val_mse=0.00362230 peer_val_mae=0.03567774
[worker2/operator_darcy_student_lift_v1] [operator_darcy_student_lift_v1/elem_ft_huber_l006_w10_d30_80_lr2e4] [operator][epoch 037] lambda=0.0524 train_mse=0.00875883 val_mse=0.01667663 val_mae=0.09483152 | peer_val_mse=0.00362230 peer_val_mae=0.03567774
[worker2/operator_darcy_student_lift_v1] [operator_darcy_student_lift_v1/elem_ft_huber_l006_w10_d30_80_lr2e4] [operator][epoch 038] lambda=0.0514 train_mse=0.00832160 val_mse=0.01885668 val_mae=0.10056785 | peer_val_mse=0.00362230 peer_val_mae=0.03567774
[worker2/operator_darcy_student_lift_v1] [operator_darcy_student_lift_v1/elem_ft_huber_l006_w10_d30_80_lr2e4] [operator][epoch 039] lambda=0.0503 train_mse=0.00840830 val_mse=0.01729336 val_mae=0.09685167 | peer_val_mse=0.00362230 peer_val_mae=0.03567774
[worker2/operator_darcy_student_lift_v1] [operator_darcy_student_lift_v1/elem_ft_huber_l006_w10_d30_80_lr2e4] [operator][epoch 040] lambda=0.0492 train_mse=0.00827048 val_mse=0.01647212 val_mae=0.09440779 | peer_val_mse=0.00362230 peer_val_mae=0.03567774
[worker2/operator_darcy_student_lift_v1] [operator_darcy_student_lift_v1/elem_ft_huber_l006_w10_d30_80_lr2e4] [operator][epoch 040] updated live plot
[worker2/operator_darcy_student_lift_v1] [operator_darcy_student_lift_v1/elem_ft_huber_l006_w10_d30_80_lr2e4] [operator][epoch 041] lambda=0.0481 train_mse=0.00838411 val_mse=0.01676588 val_mae=0.09490689 | peer_val_mse=0.00362230 peer_val_mae=0.03567774
[worker2/operator_darcy_student_lift_v1] [operator_darcy_student_lift_v1/elem_ft_huber_l006_w10_d30_80_lr2e4] [operator][epoch 042] lambda=0.0470 train_mse=0.00821289 val_mse=0.01705777 val_mae=0.09570657 | peer_val_mse=0.00362230 peer_val_mae=0.03567774
[worker2/operator_darcy_student_lift_v1] [operator_darcy_student_lift_v1/elem_ft_huber_l006_w10_d30_80_lr2e4] [operator][epoch 043] lambda=0.0460 train_mse=0.00807982 val_mse=0.01604381 val_mae=0.09284565 | peer_val_mse=0.00362230 peer_val_mae=0.03567774
[worker2/operator_darcy_student_lift_v1] [operator_darcy_student_lift_v1/elem_ft_huber_l006_w10_d30_80_lr2e4] [operator][epoch 044] lambda=0.0449 train_mse=0.00825072 val_mse=0.01642533 val_mae=0.09391266 | peer_val_mse=0.00362230 peer_val_mae=0.03567774
[worker2/operator_darcy_student_lift_v1] [operator_darcy_student_lift_v1/elem_ft_huber_l006_w10_d30_80_lr2e4] [operator][epoch 045] lambda=0.0438 train_mse=0.00790967 val_mse=0.01636683 val_mae=0.09418391 | peer_val_mse=0.00362230 peer_val_mae=0.03567774
[worker2/operator_darcy_student_lift_v1] [operator_darcy_student_lift_v1/elem_ft_huber_l006_w10_d30_80_lr2e4] [operator][epoch 046] lambda=0.0427 train_mse=0.00830179 val_mse=0.01718357 val_mae=0.09625624 | peer_val_mse=0.00362230 peer_val_mae=0.03567774
[worker2/operator_darcy_student_lift_v1] [operator_darcy_student_lift_v1/elem_ft_huber_l006_w10_d30_80_lr2e4] [operator][epoch 047] lambda=0.0416 train_mse=0.00976560 val_mse=0.02153820 val_mae=0.10979697 | peer_val_mse=0.00362230 peer_val_mae=0.03567774
[worker2/operator_darcy_student_lift_v1] [operator_darcy_student_lift_v1/elem_ft_huber_l006_w10_d30_80_lr2e4] [operator][epoch 048] lambda=0.0406 train_mse=0.01165839 val_mse=0.01835615 val_mae=0.10229952 | peer_val_mse=0.00362230 peer_val_mae=0.03567774
[worker2/operator_darcy_student_lift_v1] [operator_darcy_student_lift_v1/elem_ft_huber_l006_w10_d30_80_lr2e4] [operator][epoch 049] lambda=0.0395 train_mse=0.00905733 val_mse=0.01634069 val_mae=0.09365205 | peer_val_mse=0.00362230 peer_val_mae=0.03567774
[worker2/operator_darcy_student_lift_v1] [operator_darcy_student_lift_v1/elem_ft_huber_l006_w10_d30_80_lr2e4] [operator][epoch 050] lambda=0.0384 train_mse=0.00811137 val_mse=0.01661232 val_mae=0.09358439 | peer_val_mse=0.00362230 peer_val_mae=0.03567774
[worker2/operator_darcy_student_lift_v1] [operator_darcy_student_lift_v1/elem_ft_huber_l006_w10_d30_80_lr2e4] [operator][epoch 051] lambda=0.0373 train_mse=0.00786517 val_mse=0.01632844 val_mae=0.09338942 | peer_val_mse=0.00362230 peer_val_mae=0.03567774
[worker2/operator_darcy_student_lift_v1] [operator_darcy_student_lift_v1/elem_ft_huber_l006_w10_d30_80_lr2e4] [operator][epoch 052] lambda=0.0362 train_mse=0.00749412 val_mse=0.01648964 val_mae=0.09368855 | peer_val_mse=0.00362230 peer_val_mae=0.03567774
[worker2/operator_darcy_student_lift_v1] [operator_darcy_student_lift_v1/elem_ft_huber_l006_w10_d30_80_lr2e4] [operator][epoch 053] lambda=0.0352 train_mse=0.00725694 val_mse=0.01590364 val_mae=0.09214950 | peer_val_mse=0.00362230 peer_val_mae=0.03567774
[worker2/operator_darcy_student_lift_v1] [operator_darcy_student_lift_v1/elem_ft_huber_l006_w10_d30_80_lr2e4] [operator][epoch 054] lambda=0.0341 train_mse=0.00711872 val_mse=0.01566623 val_mae=0.09141269 | peer_val_mse=0.00362230 peer_val_mae=0.03567774
[worker2/operator_darcy_student_lift_v1] [operator_darcy_student_lift_v1/elem_ft_huber_l006_w10_d30_80_lr2e4] [operator][epoch 055] lambda=0.0330 train_mse=0.00705447 val_mse=0.01577690 val_mae=0.09159843 | peer_val_mse=0.00362230 peer_val_mae=0.03567774
[worker2/operator_darcy_student_lift_v1] [operator_darcy_student_lift_v1/elem_ft_huber_l006_w10_d30_80_lr2e4] [operator][epoch 056] lambda=0.0319 train_mse=0.00722874 val_mse=0.01728576 val_mae=0.09553121 | peer_val_mse=0.00362230 peer_val_mae=0.03567774
[worker2/operator_darcy_student_lift_v1] [operator_darcy_student_lift_v1/elem_ft_huber_l006_w10_d30_80_lr2e4] [operator][epoch 057] lambda=0.0308 train_mse=0.00743308 val_mse=0.01593651 val_mae=0.09223256 | peer_val_mse=0.00362230 peer_val_mae=0.03567774
[worker2/operator_darcy_student_lift_v1] [operator_darcy_student_lift_v1/elem_ft_huber_l006_w10_d30_80_lr2e4] [operator][epoch 058] lambda=0.0298 train_mse=0.00732544 val_mse=0.01675950 val_mae=0.09495610 | peer_val_mse=0.00362230 peer_val_mae=0.03567774
[worker2/operator_darcy_student_lift_v1] [operator_darcy_student_lift_v1/elem_ft_huber_l006_w10_d30_80_lr2e4] [operator][epoch 059] lambda=0.0287 train_mse=0.00753214 val_mse=0.01621408 val_mae=0.09284706 | peer_val_mse=0.00362230 peer_val_mae=0.03567774
[worker2/operator_darcy_student_lift_v1] [operator_darcy_student_lift_v1/elem_ft_huber_l006_w10_d30_80_lr2e4] [operator][epoch 060] lambda=0.0276 train_mse=0.00847704 val_mse=0.01746327 val_mae=0.09724827 | peer_val_mse=0.00362230 peer_val_mae=0.03567774
[worker2/operator_darcy_student_lift_v1] [operator_darcy_student_lift_v1/elem_ft_huber_l006_w10_d30_80_lr2e4] [operator][epoch 060] updated live plot
[worker2/operator_darcy_student_lift_v1] [operator_darcy_student_lift_v1/elem_ft_huber_l006_w10_d30_80_lr2e4] [operator][epoch 061] lambda=0.0265 train_mse=0.00769738 val_mse=0.01533189 val_mae=0.09035928 | peer_val_mse=0.00362230 peer_val_mae=0.03567774
[worker2/operator_darcy_student_lift_v1] [operator_darcy_student_lift_v1/elem_ft_huber_l006_w10_d30_80_lr2e4] [operator][epoch 062] lambda=0.0254 train_mse=0.00763544 val_mse=0.01750903 val_mae=0.09615496 | peer_val_mse=0.00362230 peer_val_mae=0.03567774
[worker2/operator_darcy_student_lift_v1] [operator_darcy_student_lift_v1/elem_ft_huber_l006_w10_d30_80_lr2e4] [operator][epoch 063] lambda=0.0244 train_mse=0.00742169 val_mse=0.01592624 val_mae=0.09293346 | peer_val_mse=0.00362230 peer_val_mae=0.03567774
[worker2/operator_darcy_student_lift_v1] [operator_darcy_student_lift_v1/elem_ft_huber_l006_w10_d30_80_lr2e4] [operator][epoch 064] lambda=0.0233 train_mse=0.00716059 val_mse=0.01572231 val_mae=0.09183511 | peer_val_mse=0.00362230 peer_val_mae=0.03567774
[worker2/operator_darcy_student_lift_v1] [operator_darcy_student_lift_v1/elem_ft_huber_l006_w10_d30_80_lr2e4] [operator][epoch 065] lambda=0.0222 train_mse=0.00697688 val_mse=0.01641801 val_mae=0.09332172 | peer_val_mse=0.00362230 peer_val_mae=0.03567774
[worker2/operator_darcy_student_lift_v1] [operator_darcy_student_lift_v1/elem_ft_huber_l006_w10_d30_80_lr2e4] [operator][epoch 066] lambda=0.0211 train_mse=0.00699752 val_mse=0.01526941 val_mae=0.09016220 | peer_val_mse=0.00362230 peer_val_mae=0.03567774
[worker2/operator_darcy_student_lift_v1] [operator_darcy_student_lift_v1/elem_ft_huber_l006_w10_d30_80_lr2e4] [operator][epoch 067] lambda=0.0200 train_mse=0.00695670 val_mse=0.01618322 val_mae=0.09278343 | peer_val_mse=0.00362230 peer_val_mae=0.03567774
[worker2/operator_darcy_student_lift_v1] [operator_darcy_student_lift_v1/elem_ft_huber_l006_w10_d30_80_lr2e4] [operator][epoch 068] lambda=0.0190 train_mse=0.00687135 val_mse=0.01523685 val_mae=0.09007519 | peer_val_mse=0.00362230 peer_val_mae=0.03567774
[worker2/operator_darcy_student_lift_v1] [operator_darcy_student_lift_v1/elem_ft_huber_l006_w10_d30_80_lr2e4] [operator][epoch 069] lambda=0.0179 train_mse=0.00682875 val_mse=0.01589098 val_mae=0.09171535 | peer_val_mse=0.00362230 peer_val_mae=0.03567774
[worker2/operator_darcy_student_lift_v1] [operator_darcy_student_lift_v1/elem_ft_huber_l006_w10_d30_80_lr2e4] [operator][epoch 070] lambda=0.0168 train_mse=0.00698380 val_mse=0.01671934 val_mae=0.09435331 | peer_val_mse=0.00362230 peer_val_mae=0.03567774
[worker2/operator_darcy_student_lift_v1] [operator_darcy_student_lift_v1/elem_ft_huber_l006_w10_d30_80_lr2e4] [operator][epoch 071] lambda=0.0157 train_mse=0.00673553 val_mse=0.01505245 val_mae=0.08913863 | peer_val_mse=0.00362230 peer_val_mae=0.03567774
[worker2/operator_darcy_student_lift_v1] [operator_darcy_student_lift_v1/elem_ft_huber_l006_w10_d30_80_lr2e4] [operator][epoch 072] lambda=0.0146 train_mse=0.00747274 val_mse=0.01754944 val_mae=0.09808856 | peer_val_mse=0.00362230 peer_val_mae=0.03567774
[worker2/operator_darcy_student_lift_v1] [operator_darcy_student_lift_v1/elem_ft_huber_l006_w10_d30_80_lr2e4] [operator][epoch 073] lambda=0.0136 train_mse=0.00926589 val_mse=0.01860820 val_mae=0.10076127 | peer_val_mse=0.00362230 peer_val_mae=0.03567774
[worker2/operator_darcy_student_lift_v1] [operator_darcy_student_lift_v1/elem_ft_huber_l006_w10_d30_80_lr2e4] [operator][epoch 074] lambda=0.0125 train_mse=0.00765574 val_mse=0.01531692 val_mae=0.09076896 | peer_val_mse=0.00362230 peer_val_mae=0.03567774
[worker2/operator_darcy_student_lift_v1] [operator_darcy_student_lift_v1/elem_ft_huber_l006_w10_d30_80_lr2e4] [operator][epoch 075] lambda=0.0114 train_mse=0.00709064 val_mse=0.01544104 val_mae=0.09054945 | peer_val_mse=0.00362230 peer_val_mae=0.03567774
[worker2/operator_darcy_student_lift_v1] [operator_darcy_student_lift_v1/elem_ft_huber_l006_w10_d30_80_lr2e4] [operator][epoch 076] lambda=0.0103 train_mse=0.00700104 val_mse=0.01560307 val_mae=0.09174847 | peer_val_mse=0.00362230 peer_val_mae=0.03567774
[worker2/operator_darcy_student_lift_v1] [operator_darcy_student_lift_v1/elem_ft_huber_l006_w10_d30_80_lr2e4] [operator][epoch 077] lambda=0.0092 train_mse=0.00679377 val_mse=0.01553397 val_mae=0.09053693 | peer_val_mse=0.00362230 peer_val_mae=0.03567774
[worker2/operator_darcy_student_lift_v1] [operator_darcy_student_lift_v1/elem_ft_huber_l006_w10_d30_80_lr2e4] [operator][epoch 078] lambda=0.0082 train_mse=0.00637762 val_mse=0.01593617 val_mae=0.09203053 | peer_val_mse=0.00362230 peer_val_mae=0.03567774
[worker2/operator_darcy_student_lift_v1] [operator_darcy_student_lift_v1/elem_ft_huber_l006_w10_d30_80_lr2e4] [operator][epoch 079] lambda=0.0071 train_mse=0.00646532 val_mse=0.01594877 val_mae=0.09189109 | peer_val_mse=0.00362230 peer_val_mae=0.03567774
[worker2/operator_darcy_student_lift_v1] [operator_darcy_student_lift_v1/elem_ft_huber_l006_w10_d30_80_lr2e4] [operator][epoch 080] lambda=0.0060 train_mse=0.00617343 val_mse=0.01485280 val_mae=0.08911910 | peer_val_mse=0.00362230 peer_val_mae=0.03567774
[worker2/operator_darcy_student_lift_v1] [operator_darcy_student_lift_v1/elem_ft_huber_l006_w10_d30_80_lr2e4] [operator][epoch 080] updated live plot
[worker2/operator_darcy_student_lift_v1] [operator_darcy_student_lift_v1/elem_ft_huber_l006_w10_d30_80_lr2e4] [operator][epoch 081] lambda=0.0060 train_mse=0.00641566 val_mse=0.01589260 val_mae=0.09233981 | peer_val_mse=0.00362230 peer_val_mae=0.03567774
[worker2/operator_darcy_student_lift_v1] [operator_darcy_student_lift_v1/elem_ft_huber_l006_w10_d30_80_lr2e4] [operator][epoch 082] lambda=0.0060 train_mse=0.00616136 val_mse=0.01540606 val_mae=0.09012630 | peer_val_mse=0.00362230 peer_val_mae=0.03567774
[worker2/operator_darcy_student_lift_v1] [operator_darcy_student_lift_v1/elem_ft_huber_l006_w10_d30_80_lr2e4] [operator][epoch 083] lambda=0.0060 train_mse=0.00613037 val_mse=0.01488658 val_mae=0.08864135 | peer_val_mse=0.00362230 peer_val_mae=0.03567774
[worker2/operator_darcy_student_lift_v1] [operator_darcy_student_lift_v1/elem_ft_huber_l006_w10_d30_80_lr2e4] [operator][epoch 084] lambda=0.0060 train_mse=0.00630923 val_mse=0.01497551 val_mae=0.08946805 | peer_val_mse=0.00362230 peer_val_mae=0.03567774
[worker2/operator_darcy_student_lift_v1] [operator_darcy_student_lift_v1/elem_ft_huber_l006_w10_d30_80_lr2e4] [operator][epoch 085] lambda=0.0060 train_mse=0.00651465 val_mse=0.01495539 val_mae=0.08876139 | peer_val_mse=0.00362230 peer_val_mae=0.03567774
[worker2/operator_darcy_student_lift_v1] [operator_darcy_student_lift_v1/elem_ft_huber_l006_w10_d30_80_lr2e4] [operator][epoch 086] lambda=0.0060 train_mse=0.00647723 val_mse=0.01515089 val_mae=0.08965652 | peer_val_mse=0.00362230 peer_val_mae=0.03567774
[worker2/operator_darcy_student_lift_v1] [operator_darcy_student_lift_v1/elem_ft_huber_l006_w10_d30_80_lr2e4] [operator][epoch 087] lambda=0.0060 train_mse=0.00630851 val_mse=0.01544495 val_mae=0.09076329 | peer_val_mse=0.00362230 peer_val_mae=0.03567774
[worker2/operator_darcy_student_lift_v1] [operator_darcy_student_lift_v1/elem_ft_huber_l006_w10_d30_80_lr2e4] [operator][epoch 088] lambda=0.0060 train_mse=0.00611026 val_mse=0.01492239 val_mae=0.08866950 | peer_val_mse=0.00362230 peer_val_mae=0.03567774
[worker2/operator_darcy_student_lift_v1] [operator_darcy_student_lift_v1/elem_ft_huber_l006_w10_d30_80_lr2e4] [operator][epoch 089] lambda=0.0060 train_mse=0.00641756 val_mse=0.01494024 val_mae=0.08903277 | peer_val_mse=0.00362230 peer_val_mae=0.03567774
[worker2/operator_darcy_student_lift_v1] [operator_darcy_student_lift_v1/elem_ft_huber_l006_w10_d30_80_lr2e4] [operator][epoch 090] lambda=0.0060 train_mse=0.00657683 val_mse=0.01619923 val_mae=0.09236507 | peer_val_mse=0.00362230 peer_val_mae=0.03567774
[worker2/operator_darcy_student_lift_v1] [operator_darcy_student_lift_v1/elem_ft_huber_l006_w10_d30_80_lr2e4] [operator][epoch 090] updated live plot
[worker2/operator_darcy_student_lift_v1] [operator_darcy_student_lift_v1/elem_ft_huber_l006_w10_d30_80_lr2e4] [operator] done
[worker2/operator_darcy_student_lift_v1] [operator_darcy_student_lift_v1] done
[worker2_darcy_student_lift_wait_v1] job finished
