[time_series_etth1_early_best_v2] output_root=results/time_series_etth1_early_best_v2_worker1_gpu1
[time_series_etth1_early_best_v2] gpu=1 seeds=3 4 5
[time_series_etth1_early_best_v2] model_pairs=transformer:dlinear
[time_series_etth1_early_best_v2] epochs=12 live_plot_interval=2
[time_series_etth1_early_best_v2] warmup=1 decay=2->6 min_scale=0.0
[time_series_etth1_early_best_v2] case_specs=a010_cautious:0.10:0.0005:0.010:0.010 a015_cautious:0.15:0.0005:0.010:0.010 a015_topk2:0.15:0.0005:0.010:0.020 a020_mid:0.20:0.0007:0.010:0.010
[etth1_early_best_v2/a010_cautious] log -> results/logs/non_operator_remaining/worker1_gpu1_etth1_early_best_v2_queue/a010_cautious.log
[etth1_early_best_v2/a010_cautious] [time_series] output_dir=results/time_series_etth1_early_best_v2_worker1_gpu1/a010_cautious
[etth1_early_best_v2/a010_cautious] [time_series] methods=ssml
[etth1_early_best_v2/a010_cautious] [time_series] model_pairs=transformer:dlinear
[etth1_early_best_v2/a010_cautious] [time_series] ssml_topk_ratio=0.010
[etth1_early_best_v2/a010_cautious] [time_series] ssml_topk_scope=total
[etth1_early_best_v2/a010_cautious] [time_series] ssml_max_selected_ratio=1.0
[etth1_early_best_v2/a010_cautious] [time_series] ssml_adaptive_dense_threshold=1.1
[etth1_early_best_v2/a010_cautious] [time_series] ssml_adaptive_dense_topk_ratio=1.0
[etth1_early_best_v2/a010_cautious] [time_series] ssml_adaptive_dense_topk_scope=positive
[etth1_early_best_v2/a010_cautious] [time_series] ssml_adaptive_dense_max_selected_ratio=1.0
[etth1_early_best_v2/a010_cautious] [time_series] ssml_adaptive_dense_score_smoothing_kernel=-1
[etth1_early_best_v2/a010_cautious] [time_series] ssml_adaptive_dense_window_expand_kernel=-1
[etth1_early_best_v2/a010_cautious] [time_series] ssml_supervised_hotspot_alpha=0.10
[etth1_early_best_v2/a010_cautious] [time_series] ssml_supervised_weight_mode=score
[etth1_early_best_v2/a010_cautious] [time_series] ssml_gate_score_mode=peer_better_student_error
[etth1_early_best_v2/a010_cautious] [time_series] ssml_score_transform=none
[etth1_early_best_v2/a010_cautious] [time_series] ssml_positive_upper_quantile=1.0
[etth1_early_best_v2/a010_cautious] [time_series] ssml_guidance_mode=reweight_only
[etth1_early_best_v2/a010_cautious] [time_series] ssml_score_smoothing_kernel=1
[etth1_early_best_v2/a010_cautious] [time_series] ssml_window_score_kernel=1
[etth1_early_best_v2/a010_cautious] [time_series] ssml_window_expand_kernel=1
[etth1_early_best_v2/a010_cautious] [time_series] ssml_tail_start_ratio=0.0
[etth1_early_best_v2/a010_cautious] [time_series] ssml_residual_beta=1.0
[etth1_early_best_v2/a010_cautious] [time_series] ssml_ema_decay=0.0
[etth1_early_best_v2/a010_cautious] [time_series] ssml_imitation_space=raw
[etth1_early_best_v2/a010_cautious] [time_series] ssml_residual_space_kernel=9
[etth1_early_best_v2/a010_cautious] [time_series] ssml_conflict_aware_projection=0
[etth1_early_best_v2/a010_cautious] [time_series] ssml_freeze_peer=0
[etth1_early_best_v2/a010_cautious] [time_series] ssml_worse_only_update=0
[etth1_early_best_v2/a010_cautious] [time_series] ssml_anchor_weight=0.0
[etth1_early_best_v2/a010_cautious] [time_series] init_checkpoint_template=
[etth1_early_best_v2/a010_cautious] [time_series] peer_init_checkpoint_template=
[etth1_early_best_v2/a010_cautious] [time_series] early_stop_patience=0 early_stop_min_epochs=0 early_stop_min_delta=0.0
[etth1_early_best_v2/a010_cautious] [time_series] live_plot_interval=2
[etth1_early_best_v2/a010_cautious] [time_series] dataset=etth1 pair=transformer:dlinear method=ssml seed=3 pred_len=24
[etth1_early_best_v2/a010_cautious] [time_series] run_dir=results/time_series_etth1_early_best_v2_worker1_gpu1/a010_cautious/time_series/etth1/transformer__dlinear_ssml_huber_seed3
[etth1_early_best_v2/a010_cautious] [time_series] params=419240
[etth1_early_best_v2/a010_cautious] [time_series][epoch 001] lambda=0.0000 g_scale=0.000 train_total=0.36783429 train_sup=0.36783429 train_imit=0.00000000 mean_w=0.0000 active=0.0000 s_dense=0.00 s_pos=0.4555 s_sel=0.0000 s_sel_pos=0.0000 s_hot_err=0.000000 s_bg_err=0.367834 s_gap=0.000000 conf_cos=0.0000 conf_proj=0.00 val_mse=0.34442568 val_mae=0.41553825 | p_pos=0.4415 p_dense=0.00 p_sel=0.0000 p_sel_pos=0.0000 p_hot_err=0.000000 p_bg_err=0.397486 p_gap=0.000000 peer_val_mse=0.32263154 peer_val_mae=0.38546588
[etth1_early_best_v2/a010_cautious] [time_series][epoch 002] lambda=0.0005 g_scale=1.000 train_total=0.25695566 train_sup=0.25695566 train_imit=0.00000000 mean_w=2.3515 active=0.0119 s_dense=0.00 s_pos=0.4320 s_sel=0.0119 s_sel_pos=0.0276 s_hot_err=2.351537 s_bg_err=0.229109 s_gap=0.948501 conf_cos=0.0000 conf_proj=0.00 val_mse=0.32510668 val_mae=0.39330616 | p_pos=0.4291 p_dense=0.00 p_sel=0.0119 p_sel_pos=0.0278 p_hot_err=2.838470 p_bg_err=0.252114 p_gap=1.293680 peer_val_mse=0.29838445 peer_val_mae=0.36796138
[etth1_early_best_v2/a010_cautious] [time_series][epoch 002] updated live plot
[etth1_early_best_v2/a010_cautious] [time_series][epoch 003] lambda=0.0004 g_scale=0.750 train_total=0.23526912 train_sup=0.23526912 train_imit=0.00000000 mean_w=2.1245 active=0.0119 s_dense=0.00 s_pos=0.4232 s_sel=0.0119 s_sel_pos=0.0282 s_hot_err=2.124468 s_bg_err=0.210739 s_gap=0.858475 conf_cos=0.0000 conf_proj=0.00 val_mse=0.35026348 val_mae=0.41063771 | p_pos=0.4276 p_dense=0.00 p_sel=0.0119 p_sel_pos=0.0279 p_hot_err=2.711651 p_bg_err=0.240980 p_gap=1.240517 peer_val_mse=0.28736562 peer_val_mae=0.35689546
[etth1_early_best_v2/a010_cautious] [time_series][epoch 004] lambda=0.0003 g_scale=0.500 train_total=0.21777302 train_sup=0.21777302 train_imit=0.00000000 mean_w=1.9744 active=0.0119 s_dense=0.00 s_pos=0.4151 s_sel=0.0119 s_sel_pos=0.0287 s_hot_err=1.974448 s_bg_err=0.195513 s_gap=0.836804 conf_cos=0.0000 conf_proj=0.00 val_mse=0.33983390 val_mae=0.40221012 | p_pos=0.4309 p_dense=0.00 p_sel=0.0119 p_sel_pos=0.0277 p_hot_err=2.661291 p_bg_err=0.235747 p_gap=1.299452 peer_val_mse=0.28520581 peer_val_mae=0.35611551
[etth1_early_best_v2/a010_cautious] [time_series][epoch 004] updated live plot
[etth1_early_best_v2/a010_cautious] [time_series][epoch 005] lambda=0.0001 g_scale=0.250 train_total=0.20461186 train_sup=0.20461186 train_imit=0.00000000 mean_w=1.8771 active=0.0119 s_dense=0.00 s_pos=0.4082 s_sel=0.0119 s_sel_pos=0.0292 s_hot_err=1.877091 s_bg_err=0.183939 s_gap=0.824639 conf_cos=0.0000 conf_proj=0.00 val_mse=0.34558142 val_mae=0.40797704 | p_pos=0.4346 p_dense=0.00 p_sel=0.0119 p_sel_pos=0.0274 p_hot_err=2.637560 p_bg_err=0.232942 p_gap=1.376800 peer_val_mse=0.28141708 peer_val_mae=0.35102390
[etth1_early_best_v2/a010_cautious] [time_series][epoch 006] lambda=0.0000 g_scale=0.000 train_total=0.19127635 train_sup=0.19127635 train_imit=0.00000000 mean_w=0.0000 active=0.0000 s_dense=0.00 s_pos=0.3994 s_sel=0.0000 s_sel_pos=0.0000 s_hot_err=0.000000 s_bg_err=0.191276 s_gap=0.000000 conf_cos=0.0000 conf_proj=0.00 val_mse=0.35912902 val_mae=0.41372626 | p_pos=0.4405 p_dense=0.00 p_sel=0.0000 p_sel_pos=0.0000 p_hot_err=0.000000 p_bg_err=0.259423 p_gap=0.000000 peer_val_mse=0.28257413 peer_val_mae=0.35550370
[etth1_early_best_v2/a010_cautious] [time_series][epoch 006] updated live plot
[etth1_early_best_v2/a010_cautious] [time_series][epoch 007] lambda=0.0000 g_scale=0.000 train_total=0.18121995 train_sup=0.18121995 train_imit=0.00000000 mean_w=0.0000 active=0.0000 s_dense=0.00 s_pos=0.3929 s_sel=0.0000 s_sel_pos=0.0000 s_hot_err=0.000000 s_bg_err=0.181220 s_gap=0.000000 conf_cos=0.0000 conf_proj=0.00 val_mse=0.36656461 val_mae=0.41363992 | p_pos=0.4458 p_dense=0.00 p_sel=0.0000 p_sel_pos=0.0000 p_hot_err=0.000000 p_bg_err=0.258028 p_gap=0.000000 peer_val_mse=0.27994144 peer_val_mae=0.34797576
[etth1_early_best_v2/a010_cautious] [time_series][epoch 008] lambda=0.0000 g_scale=0.000 train_total=0.16799799 train_sup=0.16799799 train_imit=0.00000000 mean_w=0.0000 active=0.0000 s_dense=0.00 s_pos=0.3823 s_sel=0.0000 s_sel_pos=0.0000 s_hot_err=0.000000 s_bg_err=0.167998 s_gap=0.000000 conf_cos=0.0000 conf_proj=0.00 val_mse=0.39039777 val_mae=0.43752060 | p_pos=0.4537 p_dense=0.00 p_sel=0.0000 p_sel_pos=0.0000 p_hot_err=0.000000 p_bg_err=0.257270 p_gap=0.000000 peer_val_mse=0.27947617 peer_val_mae=0.35153462
[etth1_early_best_v2/a010_cautious] [time_series][epoch 008] updated live plot
[etth1_early_best_v2/a010_cautious] [time_series][epoch 009] lambda=0.0000 g_scale=0.000 train_total=0.16076888 train_sup=0.16076888 train_imit=0.00000000 mean_w=0.0000 active=0.0000 s_dense=0.00 s_pos=0.3772 s_sel=0.0000 s_sel_pos=0.0000 s_hot_err=0.000000 s_bg_err=0.160769 s_gap=0.000000 conf_cos=0.0000 conf_proj=0.00 val_mse=0.36759891 val_mae=0.41809978 | p_pos=0.4579 p_dense=0.00 p_sel=0.0000 p_sel_pos=0.0000 p_hot_err=0.000000 p_bg_err=0.256719 p_gap=0.000000 peer_val_mse=0.27650261 peer_val_mae=0.34545911
[etth1_early_best_v2/a010_cautious] [time_series][epoch 010] lambda=0.0000 g_scale=0.000 train_total=0.15147869 train_sup=0.15147869 train_imit=0.00000000 mean_w=0.0000 active=0.0000 s_dense=0.00 s_pos=0.3695 s_sel=0.0000 s_sel_pos=0.0000 s_hot_err=0.000000 s_bg_err=0.151479 s_gap=0.000000 conf_cos=0.0000 conf_proj=0.00 val_mse=0.35782867 val_mae=0.40585559 | p_pos=0.4646 p_dense=0.00 p_sel=0.0000 p_sel_pos=0.0000 p_hot_err=0.000000 p_bg_err=0.256275 p_gap=0.000000 peer_val_mse=0.27906663 peer_val_mae=0.35136651
[etth1_early_best_v2/a010_cautious] [time_series][epoch 010] updated live plot
[etth1_early_best_v2/a010_cautious] [time_series][epoch 011] lambda=0.0000 g_scale=0.000 train_total=0.14438190 train_sup=0.14438190 train_imit=0.00000000 mean_w=0.0000 active=0.0000 s_dense=0.00 s_pos=0.3622 s_sel=0.0000 s_sel_pos=0.0000 s_hot_err=0.000000 s_bg_err=0.144382 s_gap=0.000000 conf_cos=0.0000 conf_proj=0.00 val_mse=0.38061398 val_mae=0.42522920 | p_pos=0.4710 p_dense=0.00 p_sel=0.0000 p_sel_pos=0.0000 p_hot_err=0.000000 p_bg_err=0.255907 p_gap=0.000000 peer_val_mse=0.27684919 peer_val_mae=0.34838849
[etth1_early_best_v2/a010_cautious] [time_series][epoch 012] lambda=0.0000 g_scale=0.000 train_total=0.13872887 train_sup=0.13872887 train_imit=0.00000000 mean_w=0.0000 active=0.0000 s_dense=0.00 s_pos=0.3572 s_sel=0.0000 s_sel_pos=0.0000 s_hot_err=0.000000 s_bg_err=0.138729 s_gap=0.000000 conf_cos=0.0000 conf_proj=0.00 val_mse=0.36365531 val_mae=0.41180643 | p_pos=0.4752 p_dense=0.00 p_sel=0.0000 p_sel_pos=0.0000 p_hot_err=0.000000 p_bg_err=0.255648 p_gap=0.000000 peer_val_mse=0.27598133 peer_val_mae=0.34437331
[etth1_early_best_v2/a010_cautious] [time_series][epoch 012] updated live plot
[etth1_early_best_v2/a010_cautious] [time_series][ssml_diag] gate_mode=peer_better_student_error score_transform=none window_score_k=1 smooth_k=1 expand_k=1 tail_start=0.00 residual_beta=1.000 ema_decay=0.000 weight_mode=score freeze_peer=False worse_only=False anchor_w=0.00000 imit_space=raw residual_space_k=9 conflict_proj=0 topk_scope=total max_sel=1.000 adaptive_dense_thr=1.100 positive_upper_q=1.000 guidance_schedule=warmup_then_decay first_active_epoch=2 best_before_active=0.34442568@1 best_after_active=0.32510668@2
[etth1_early_best_v2/a010_cautious] [time_series] done
[etth1_early_best_v2/a010_cautious] [time_series] dataset=etth1 pair=transformer:dlinear method=ssml seed=4 pred_len=24
[etth1_early_best_v2/a010_cautious] [time_series] run_dir=results/time_series_etth1_early_best_v2_worker1_gpu1/a010_cautious/time_series/etth1/transformer__dlinear_ssml_huber_seed4
[etth1_early_best_v2/a010_cautious] [time_series] params=419240
[etth1_early_best_v2/a010_cautious] [time_series][epoch 001] lambda=0.0000 g_scale=0.000 train_total=0.36261261 train_sup=0.36261261 train_imit=0.00000000 mean_w=0.0000 active=0.0000 s_dense=0.00 s_pos=0.4497 s_sel=0.0000 s_sel_pos=0.0000 s_hot_err=0.000000 s_bg_err=0.362613 s_gap=0.000000 conf_cos=0.0000 conf_proj=0.00 val_mse=0.32974235 val_mae=0.39866524 | p_pos=0.4469 p_dense=0.00 p_sel=0.0000 p_sel_pos=0.0000 p_hot_err=0.000000 p_bg_err=0.406948 p_gap=0.000000 peer_val_mse=0.32135233 peer_val_mae=0.38614531
[etth1_early_best_v2/a010_cautious] [time_series][epoch 002] lambda=0.0005 g_scale=1.000 train_total=0.25537682 train_sup=0.25537682 train_imit=0.00000000 mean_w=2.3208 active=0.0119 s_dense=0.00 s_pos=0.4313 s_sel=0.0119 s_sel_pos=0.0276 s_hot_err=2.320808 s_bg_err=0.227917 s_gap=0.935834 conf_cos=0.0000 conf_proj=0.00 val_mse=0.35557636 val_mae=0.41736578 | p_pos=0.4311 p_dense=0.00 p_sel=0.0119 p_sel_pos=0.0276 p_hot_err=2.857899 p_bg_err=0.253007 p_gap=1.326438 peer_val_mse=0.29966171 peer_val_mae=0.36737508
[etth1_early_best_v2/a010_cautious] [time_series][epoch 002] updated live plot
[etth1_early_best_v2/a010_cautious] [time_series][epoch 003] lambda=0.0004 g_scale=0.750 train_total=0.23587370 train_sup=0.23587370 train_imit=0.00000000 mean_w=2.1130 active=0.0119 s_dense=0.00 s_pos=0.4252 s_sel=0.0119 s_sel_pos=0.0280 s_hot_err=2.112994 s_bg_err=0.211501 s_gap=0.871589 conf_cos=0.0000 conf_proj=0.00 val_mse=0.36374931 val_mae=0.42705573 | p_pos=0.4278 p_dense=0.00 p_sel=0.0119 p_sel_pos=0.0279 p_hot_err=2.732040 p_bg_err=0.242197 p_gap=1.283146 peer_val_mse=0.28919782 peer_val_mae=0.35725601
[etth1_early_best_v2/a010_cautious] [time_series][epoch 004] lambda=0.0003 g_scale=0.500 train_total=0.21749206 train_sup=0.21749206 train_imit=0.00000000 mean_w=1.9602 active=0.0119 s_dense=0.00 s_pos=0.4159 s_sel=0.0119 s_sel_pos=0.0286 s_hot_err=1.960217 s_bg_err=0.195409 s_gap=0.844455 conf_cos=0.0000 conf_proj=0.00 val_mse=0.34629697 val_mae=0.40242436 | p_pos=0.4317 p_dense=0.00 p_sel=0.0119 p_sel_pos=0.0276 p_hot_err=2.681108 p_bg_err=0.236924 p_gap=1.337451 peer_val_mse=0.28677923 peer_val_mae=0.35742100
[etth1_early_best_v2/a010_cautious] [time_series][epoch 004] updated live plot
[etth1_early_best_v2/a010_cautious] [time_series][epoch 005] lambda=0.0001 g_scale=0.250 train_total=0.20438482 train_sup=0.20438482 train_imit=0.00000000 mean_w=1.8490 active=0.0119 s_dense=0.00 s_pos=0.4089 s_sel=0.0119 s_sel_pos=0.0291 s_hot_err=1.848990 s_bg_err=0.184057 s_gap=0.820339 conf_cos=0.0000 conf_proj=0.00 val_mse=0.33450036 val_mae=0.39849658 | p_pos=0.4350 p_dense=0.00 p_sel=0.0119 p_sel_pos=0.0274 p_hot_err=2.665748 p_bg_err=0.233379 p_gap=1.401549 peer_val_mse=0.28108440 peer_val_mae=0.34962833
[etth1_early_best_v2/a010_cautious] [time_series][epoch 006] lambda=0.0000 g_scale=0.000 train_total=0.19056196 train_sup=0.19056196 train_imit=0.00000000 mean_w=0.0000 active=0.0000 s_dense=0.00 s_pos=0.4008 s_sel=0.0000 s_sel_pos=0.0000 s_hot_err=0.000000 s_bg_err=0.190562 s_gap=0.000000 conf_cos=0.0000 conf_proj=0.00 val_mse=0.33221810 val_mae=0.39689504 | p_pos=0.4404 p_dense=0.00 p_sel=0.0000 p_sel_pos=0.0000 p_hot_err=0.000000 p_bg_err=0.260034 p_gap=0.000000 peer_val_mse=0.27896396 peer_val_mae=0.34858243
[etth1_early_best_v2/a010_cautious] [time_series][epoch 006] updated live plot
[etth1_early_best_v2/a010_cautious] [time_series][epoch 007] lambda=0.0000 g_scale=0.000 train_total=0.18004430 train_sup=0.18004430 train_imit=0.00000000 mean_w=0.0000 active=0.0000 s_dense=0.00 s_pos=0.3919 s_sel=0.0000 s_sel_pos=0.0000 s_hot_err=0.000000 s_bg_err=0.180044 s_gap=0.000000 conf_cos=0.0000 conf_proj=0.00 val_mse=0.32910848 val_mae=0.40105260 | p_pos=0.4468 p_dense=0.00 p_sel=0.0000 p_sel_pos=0.0000 p_hot_err=0.000000 p_bg_err=0.258519 p_gap=0.000000 peer_val_mse=0.27686496 peer_val_mae=0.34506086
[etth1_early_best_v2/a010_cautious] [time_series][epoch 008] lambda=0.0000 g_scale=0.000 train_total=0.16799605 train_sup=0.16799605 train_imit=0.00000000 mean_w=0.0000 active=0.0000 s_dense=0.00 s_pos=0.3834 s_sel=0.0000 s_sel_pos=0.0000 s_hot_err=0.000000 s_bg_err=0.167996 s_gap=0.000000 conf_cos=0.0000 conf_proj=0.00 val_mse=0.34581769 val_mae=0.41018746 | p_pos=0.4538 p_dense=0.00 p_sel=0.0000 p_sel_pos=0.0000 p_hot_err=0.000000 p_bg_err=0.257501 p_gap=0.000000 peer_val_mse=0.27524031 peer_val_mae=0.34318975
[etth1_early_best_v2/a010_cautious] [time_series][epoch 008] updated live plot
[etth1_early_best_v2/a010_cautious] [time_series][epoch 009] lambda=0.0000 g_scale=0.000 train_total=0.16120430 train_sup=0.16120430 train_imit=0.00000000 mean_w=0.0000 active=0.0000 s_dense=0.00 s_pos=0.3781 s_sel=0.0000 s_sel_pos=0.0000 s_hot_err=0.000000 s_bg_err=0.161204 s_gap=0.000000 conf_cos=0.0000 conf_proj=0.00 val_mse=0.34681756 val_mae=0.41225340 | p_pos=0.4577 p_dense=0.00 p_sel=0.0000 p_sel_pos=0.0000 p_hot_err=0.000000 p_bg_err=0.256813 p_gap=0.000000 peer_val_mse=0.27450004 peer_val_mae=0.34297964
[etth1_early_best_v2/a010_cautious] [time_series][epoch 010] lambda=0.0000 g_scale=0.000 train_total=0.15132530 train_sup=0.15132530 train_imit=0.00000000 mean_w=0.0000 active=0.0000 s_dense=0.00 s_pos=0.3709 s_sel=0.0000 s_sel_pos=0.0000 s_hot_err=0.000000 s_bg_err=0.151325 s_gap=0.000000 conf_cos=0.0000 conf_proj=0.00 val_mse=0.38563943 val_mae=0.43824821 | p_pos=0.4634 p_dense=0.00 p_sel=0.0000 p_sel_pos=0.0000 p_hot_err=0.000000 p_bg_err=0.255998 p_gap=0.000000 peer_val_mse=0.27681907 peer_val_mae=0.34502905
[etth1_early_best_v2/a010_cautious] [time_series][epoch 010] updated live plot
[etth1_early_best_v2/a010_cautious] [time_series][epoch 011] lambda=0.0000 g_scale=0.000 train_total=0.14447485 train_sup=0.14447485 train_imit=0.00000000 mean_w=0.0000 active=0.0000 s_dense=0.00 s_pos=0.3648 s_sel=0.0000 s_sel_pos=0.0000 s_hot_err=0.000000 s_bg_err=0.144475 s_gap=0.000000 conf_cos=0.0000 conf_proj=0.00 val_mse=0.35957271 val_mae=0.41442608 | p_pos=0.4685 p_dense=0.00 p_sel=0.0000 p_sel_pos=0.0000 p_hot_err=0.000000 p_bg_err=0.255864 p_gap=0.000000 peer_val_mse=0.27514604 peer_val_mae=0.34265422
[etth1_early_best_v2/a010_cautious] [time_series][epoch 012] lambda=0.0000 g_scale=0.000 train_total=0.13937425 train_sup=0.13937425 train_imit=0.00000000 mean_w=0.0000 active=0.0000 s_dense=0.00 s_pos=0.3595 s_sel=0.0000 s_sel_pos=0.0000 s_hot_err=0.000000 s_bg_err=0.139374 s_gap=0.000000 conf_cos=0.0000 conf_proj=0.00 val_mse=0.40183637 val_mae=0.45812673 | p_pos=0.4730 p_dense=0.00 p_sel=0.0000 p_sel_pos=0.0000 p_hot_err=0.000000 p_bg_err=0.255521 p_gap=0.000000 peer_val_mse=0.27575508 peer_val_mae=0.34724311
[etth1_early_best_v2/a010_cautious] [time_series][epoch 012] updated live plot
[etth1_early_best_v2/a010_cautious] [time_series][ssml_diag] gate_mode=peer_better_student_error score_transform=none window_score_k=1 smooth_k=1 expand_k=1 tail_start=0.00 residual_beta=1.000 ema_decay=0.000 weight_mode=score freeze_peer=False worse_only=False anchor_w=0.00000 imit_space=raw residual_space_k=9 conflict_proj=0 topk_scope=total max_sel=1.000 adaptive_dense_thr=1.100 positive_upper_q=1.000 guidance_schedule=warmup_then_decay first_active_epoch=2 best_before_active=0.32974235@1 best_after_active=0.32910848@7
[etth1_early_best_v2/a010_cautious] [time_series] done
[etth1_early_best_v2/a010_cautious] [time_series] dataset=etth1 pair=transformer:dlinear method=ssml seed=5 pred_len=24
[etth1_early_best_v2/a010_cautious] [time_series] run_dir=results/time_series_etth1_early_best_v2_worker1_gpu1/a010_cautious/time_series/etth1/transformer__dlinear_ssml_huber_seed5
[etth1_early_best_v2/a010_cautious] [time_series] params=419240
[etth1_early_best_v2/a010_cautious] [time_series][epoch 001] lambda=0.0000 g_scale=0.000 train_total=0.36394438 train_sup=0.36394438 train_imit=0.00000000 mean_w=0.0000 active=0.0000 s_dense=0.00 s_pos=0.4510 s_sel=0.0000 s_sel_pos=0.0000 s_hot_err=0.000000 s_bg_err=0.363944 s_gap=0.000000 conf_cos=0.0000 conf_proj=0.00 val_mse=0.34022130 val_mae=0.40666646 | p_pos=0.4439 p_dense=0.00 p_sel=0.0000 p_sel_pos=0.0000 p_hot_err=0.000000 p_bg_err=0.395333 p_gap=0.000000 peer_val_mse=0.31941682 peer_val_mae=0.38461431
[etth1_early_best_v2/a010_cautious] [time_series][epoch 002] lambda=0.0005 g_scale=1.000 train_total=0.25722594 train_sup=0.25722594 train_imit=0.00000000 mean_w=2.3335 active=0.0119 s_dense=0.00 s_pos=0.4331 s_sel=0.0119 s_sel_pos=0.0275 s_hot_err=2.333456 s_bg_err=0.229625 s_gap=0.935833 conf_cos=0.0000 conf_proj=0.00 val_mse=0.35334398 val_mae=0.41230026 | p_pos=0.4278 p_dense=0.00 p_sel=0.0119 p_sel_pos=0.0279 p_hot_err=2.837071 p_bg_err=0.252552 p_gap=1.290833 peer_val_mse=0.29719573 peer_val_mae=0.36629475
[etth1_early_best_v2/a010_cautious] [time_series][epoch 002] updated live plot
[etth1_early_best_v2/a010_cautious] [time_series][epoch 003] lambda=0.0004 g_scale=0.750 train_total=0.23512384 train_sup=0.23512384 train_imit=0.00000000 mean_w=2.1027 active=0.0119 s_dense=0.00 s_pos=0.4255 s_sel=0.0119 s_sel_pos=0.0280 s_hot_err=2.102693 s_bg_err=0.210877 s_gap=0.856663 conf_cos=0.0000 conf_proj=0.00 val_mse=0.33436334 val_mae=0.39782489 | p_pos=0.4255 p_dense=0.00 p_sel=0.0119 p_sel_pos=0.0280 p_hot_err=2.719020 p_bg_err=0.241158 p_gap=1.265309 peer_val_mse=0.28691477 peer_val_mae=0.35485011
[etth1_early_best_v2/a010_cautious] [time_series][epoch 004] lambda=0.0003 g_scale=0.500 train_total=0.21740172 train_sup=0.21740172 train_imit=0.00000000 mean_w=1.9722 active=0.0119 s_dense=0.00 s_pos=0.4161 s_sel=0.0119 s_sel_pos=0.0286 s_hot_err=1.972218 s_bg_err=0.195164 s_gap=0.836509 conf_cos=0.0000 conf_proj=0.00 val_mse=0.38438689 val_mae=0.42980752 | p_pos=0.4289 p_dense=0.00 p_sel=0.0119 p_sel_pos=0.0278 p_hot_err=2.670686 p_bg_err=0.236018 p_gap=1.318764 peer_val_mse=0.28426918 peer_val_mae=0.35365955
[etth1_early_best_v2/a010_cautious] [time_series][epoch 004] updated live plot
[etth1_early_best_v2/a010_cautious] [time_series][epoch 005] lambda=0.0001 g_scale=0.250 train_total=0.20295910 train_sup=0.20295910 train_imit=0.00000000 mean_w=1.8649 active=0.0119 s_dense=0.00 s_pos=0.4061 s_sel=0.0119 s_sel_pos=0.0293 s_hot_err=1.864865 s_bg_err=0.182417 s_gap=0.827185 conf_cos=0.0000 conf_proj=0.00 val_mse=0.35294925 val_mae=0.41024223 | p_pos=0.4351 p_dense=0.00 p_sel=0.0119 p_sel_pos=0.0274 p_hot_err=2.646977 p_bg_err=0.232846 p_gap=1.399982 peer_val_mse=0.27939550 peer_val_mae=0.34722094
[etth1_early_best_v2/a010_cautious] [time_series][epoch 006] lambda=0.0000 g_scale=0.000 train_total=0.19113364 train_sup=0.19113364 train_imit=0.00000000 mean_w=0.0000 active=0.0000 s_dense=0.00 s_pos=0.3986 s_sel=0.0000 s_sel_pos=0.0000 s_hot_err=0.000000 s_bg_err=0.191134 s_gap=0.000000 conf_cos=0.0000 conf_proj=0.00 val_mse=0.32959095 val_mae=0.39386857 | p_pos=0.4406 p_dense=0.00 p_sel=0.0000 p_sel_pos=0.0000 p_hot_err=0.000000 p_bg_err=0.259663 p_gap=0.000000 peer_val_mse=0.27937478 peer_val_mae=0.34950885
[etth1_early_best_v2/a010_cautious] [time_series][epoch 006] updated live plot
[etth1_early_best_v2/a010_cautious] [time_series][epoch 007] lambda=0.0000 g_scale=0.000 train_total=0.18118963 train_sup=0.18118963 train_imit=0.00000000 mean_w=0.0000 active=0.0000 s_dense=0.00 s_pos=0.3909 s_sel=0.0000 s_sel_pos=0.0000 s_hot_err=0.000000 s_bg_err=0.181190 s_gap=0.000000 conf_cos=0.0000 conf_proj=0.00 val_mse=0.33269920 val_mae=0.40162683 | p_pos=0.4456 p_dense=0.00 p_sel=0.0000 p_sel_pos=0.0000 p_hot_err=0.000000 p_bg_err=0.258172 p_gap=0.000000 peer_val_mse=0.28012546 peer_val_mae=0.34967065
[etth1_early_best_v2/a010_cautious] [time_series][epoch 008] lambda=0.0000 g_scale=0.000 train_total=0.17239930 train_sup=0.17239930 train_imit=0.00000000 mean_w=0.0000 active=0.0000 s_dense=0.00 s_pos=0.3860 s_sel=0.0000 s_sel_pos=0.0000 s_hot_err=0.000000 s_bg_err=0.172399 s_gap=0.000000 conf_cos=0.0000 conf_proj=0.00 val_mse=0.32696203 val_mae=0.39239542 | p_pos=0.4489 p_dense=0.00 p_sel=0.0000 p_sel_pos=0.0000 p_hot_err=0.000000 p_bg_err=0.256997 p_gap=0.000000 peer_val_mse=0.27814101 peer_val_mae=0.34908809
[etth1_early_best_v2/a010_cautious] [time_series][epoch 008] updated live plot
[etth1_early_best_v2/a010_cautious] [time_series][epoch 009] lambda=0.0000 g_scale=0.000 train_total=0.16375442 train_sup=0.16375442 train_imit=0.00000000 mean_w=0.0000 active=0.0000 s_dense=0.00 s_pos=0.3777 s_sel=0.0000 s_sel_pos=0.0000 s_hot_err=0.000000 s_bg_err=0.163754 s_gap=0.000000 conf_cos=0.0000 conf_proj=0.00 val_mse=0.37080939 val_mae=0.42274386 | p_pos=0.4564 p_dense=0.00 p_sel=0.0000 p_sel_pos=0.0000 p_hot_err=0.000000 p_bg_err=0.256482 p_gap=0.000000 peer_val_mse=0.27660717 peer_val_mae=0.34716905
[etth1_early_best_v2/a010_cautious] [time_series][epoch 010] lambda=0.0000 g_scale=0.000 train_total=0.15675951 train_sup=0.15675951 train_imit=0.00000000 mean_w=0.0000 active=0.0000 s_dense=0.00 s_pos=0.3725 s_sel=0.0000 s_sel_pos=0.0000 s_hot_err=0.000000 s_bg_err=0.156760 s_gap=0.000000 conf_cos=0.0000 conf_proj=0.00 val_mse=0.41243222 val_mae=0.44958067 | p_pos=0.4609 p_dense=0.00 p_sel=0.0000 p_sel_pos=0.0000 p_hot_err=0.000000 p_bg_err=0.256455 p_gap=0.000000 peer_val_mse=0.27425238 peer_val_mae=0.34273995
[etth1_early_best_v2/a010_cautious] [time_series][epoch 010] updated live plot
[etth1_early_best_v2/a010_cautious] [time_series][epoch 011] lambda=0.0000 g_scale=0.000 train_total=0.14972417 train_sup=0.14972417 train_imit=0.00000000 mean_w=0.0000 active=0.0000 s_dense=0.00 s_pos=0.3661 s_sel=0.0000 s_sel_pos=0.0000 s_hot_err=0.000000 s_bg_err=0.149724 s_gap=0.000000 conf_cos=0.0000 conf_proj=0.00 val_mse=0.37875547 val_mae=0.42680036 | p_pos=0.4664 p_dense=0.00 p_sel=0.0000 p_sel_pos=0.0000 p_hot_err=0.000000 p_bg_err=0.255664 p_gap=0.000000 peer_val_mse=0.27584099 peer_val_mae=0.34401614
[etth1_early_best_v2/a010_cautious] [time_series][epoch 012] lambda=0.0000 g_scale=0.000 train_total=0.14375926 train_sup=0.14375926 train_imit=0.00000000 mean_w=0.0000 active=0.0000 s_dense=0.00 s_pos=0.3612 s_sel=0.0000 s_sel_pos=0.0000 s_hot_err=0.000000 s_bg_err=0.143759 s_gap=0.000000 conf_cos=0.0000 conf_proj=0.00 val_mse=0.41763442 val_mae=0.45830883 | p_pos=0.4708 p_dense=0.00 p_sel=0.0000 p_sel_pos=0.0000 p_hot_err=0.000000 p_bg_err=0.255444 p_gap=0.000000 peer_val_mse=0.27465693 peer_val_mae=0.34411637
[etth1_early_best_v2/a010_cautious] [time_series][epoch 012] updated live plot
[etth1_early_best_v2/a010_cautious] [time_series][ssml_diag] gate_mode=peer_better_student_error score_transform=none window_score_k=1 smooth_k=1 expand_k=1 tail_start=0.00 residual_beta=1.000 ema_decay=0.000 weight_mode=score freeze_peer=False worse_only=False anchor_w=0.00000 imit_space=raw residual_space_k=9 conflict_proj=0 topk_scope=total max_sel=1.000 adaptive_dense_thr=1.100 positive_upper_q=1.000 guidance_schedule=warmup_then_decay first_active_epoch=2 best_before_active=0.34022130@1 best_after_active=0.32696203@8
[etth1_early_best_v2/a010_cautious] [time_series] done
[etth1_early_best_v2/a015_cautious] log -> results/logs/non_operator_remaining/worker1_gpu1_etth1_early_best_v2_queue/a015_cautious.log
[etth1_early_best_v2/a015_cautious] [time_series] output_dir=results/time_series_etth1_early_best_v2_worker1_gpu1/a015_cautious
[etth1_early_best_v2/a015_cautious] [time_series] methods=ssml
[etth1_early_best_v2/a015_cautious] [time_series] model_pairs=transformer:dlinear
[etth1_early_best_v2/a015_cautious] [time_series] ssml_topk_ratio=0.010
[etth1_early_best_v2/a015_cautious] [time_series] ssml_topk_scope=total
[etth1_early_best_v2/a015_cautious] [time_series] ssml_max_selected_ratio=1.0
[etth1_early_best_v2/a015_cautious] [time_series] ssml_adaptive_dense_threshold=1.1
[etth1_early_best_v2/a015_cautious] [time_series] ssml_adaptive_dense_topk_ratio=1.0
[etth1_early_best_v2/a015_cautious] [time_series] ssml_adaptive_dense_topk_scope=positive
[etth1_early_best_v2/a015_cautious] [time_series] ssml_adaptive_dense_max_selected_ratio=1.0
[etth1_early_best_v2/a015_cautious] [time_series] ssml_adaptive_dense_score_smoothing_kernel=-1
[etth1_early_best_v2/a015_cautious] [time_series] ssml_adaptive_dense_window_expand_kernel=-1
[etth1_early_best_v2/a015_cautious] [time_series] ssml_supervised_hotspot_alpha=0.15
[etth1_early_best_v2/a015_cautious] [time_series] ssml_supervised_weight_mode=score
[etth1_early_best_v2/a015_cautious] [time_series] ssml_gate_score_mode=peer_better_student_error
[etth1_early_best_v2/a015_cautious] [time_series] ssml_score_transform=none
[etth1_early_best_v2/a015_cautious] [time_series] ssml_positive_upper_quantile=1.0
[etth1_early_best_v2/a015_cautious] [time_series] ssml_guidance_mode=reweight_only
[etth1_early_best_v2/a015_cautious] [time_series] ssml_score_smoothing_kernel=1
[etth1_early_best_v2/a015_cautious] [time_series] ssml_window_score_kernel=1
[etth1_early_best_v2/a015_cautious] [time_series] ssml_window_expand_kernel=1
[etth1_early_best_v2/a015_cautious] [time_series] ssml_tail_start_ratio=0.0
[etth1_early_best_v2/a015_cautious] [time_series] ssml_residual_beta=1.0
[etth1_early_best_v2/a015_cautious] [time_series] ssml_ema_decay=0.0
[etth1_early_best_v2/a015_cautious] [time_series] ssml_imitation_space=raw
[etth1_early_best_v2/a015_cautious] [time_series] ssml_residual_space_kernel=9
[etth1_early_best_v2/a015_cautious] [time_series] ssml_conflict_aware_projection=0
[etth1_early_best_v2/a015_cautious] [time_series] ssml_freeze_peer=0
[etth1_early_best_v2/a015_cautious] [time_series] ssml_worse_only_update=0
[etth1_early_best_v2/a015_cautious] [time_series] ssml_anchor_weight=0.0
[etth1_early_best_v2/a015_cautious] [time_series] init_checkpoint_template=
[etth1_early_best_v2/a015_cautious] [time_series] peer_init_checkpoint_template=
[etth1_early_best_v2/a015_cautious] [time_series] early_stop_patience=0 early_stop_min_epochs=0 early_stop_min_delta=0.0
[etth1_early_best_v2/a015_cautious] [time_series] live_plot_interval=2
[etth1_early_best_v2/a015_cautious] [time_series] dataset=etth1 pair=transformer:dlinear method=ssml seed=3 pred_len=24
[etth1_early_best_v2/a015_cautious] [time_series] run_dir=results/time_series_etth1_early_best_v2_worker1_gpu1/a015_cautious/time_series/etth1/transformer__dlinear_ssml_huber_seed3
[etth1_early_best_v2/a015_cautious] [time_series] params=419240
[etth1_early_best_v2/a015_cautious] [time_series][epoch 001] lambda=0.0000 g_scale=0.000 train_total=0.36783429 train_sup=0.36783429 train_imit=0.00000000 mean_w=0.0000 active=0.0000 s_dense=0.00 s_pos=0.4555 s_sel=0.0000 s_sel_pos=0.0000 s_hot_err=0.000000 s_bg_err=0.367834 s_gap=0.000000 conf_cos=0.0000 conf_proj=0.00 val_mse=0.34442568 val_mae=0.41553825 | p_pos=0.4415 p_dense=0.00 p_sel=0.0000 p_sel_pos=0.0000 p_hot_err=0.000000 p_bg_err=0.397486 p_gap=0.000000 peer_val_mse=0.32263154 peer_val_mae=0.38546588
[etth1_early_best_v2/a015_cautious] [time_series][epoch 002] lambda=0.0005 g_scale=1.000 train_total=0.25821842 train_sup=0.25821842 train_imit=0.00000000 mean_w=2.3469 active=0.0119 s_dense=0.00 s_pos=0.4319 s_sel=0.0119 s_sel_pos=0.0276 s_hot_err=2.346908 s_bg_err=0.229149 s_gap=0.946481 conf_cos=0.0000 conf_proj=0.00 val_mse=0.32432560 val_mae=0.39229087 | p_pos=0.4290 p_dense=0.00 p_sel=0.0119 p_sel_pos=0.0278 p_hot_err=2.837094 p_bg_err=0.252094 p_gap=1.291948 peer_val_mse=0.29833411 peer_val_mae=0.36794938
[etth1_early_best_v2/a015_cautious] [time_series][epoch 002] updated live plot
[etth1_early_best_v2/a015_cautious] [time_series][epoch 003] lambda=0.0004 g_scale=0.750 train_total=0.23609231 train_sup=0.23609231 train_imit=0.00000000 mean_w=2.1181 active=0.0119 s_dense=0.00 s_pos=0.4234 s_sel=0.0119 s_sel_pos=0.0281 s_hot_err=2.118097 s_bg_err=0.210776 s_gap=0.855578 conf_cos=0.0000 conf_proj=0.00 val_mse=0.34435949 val_mae=0.40590551 | p_pos=0.4276 p_dense=0.00 p_sel=0.0119 p_sel_pos=0.0279 p_hot_err=2.709523 p_bg_err=0.240957 p_gap=1.238659 peer_val_mse=0.28734396 peer_val_mae=0.35690048
[etth1_early_best_v2/a015_cautious] [time_series][epoch 004] lambda=0.0003 g_scale=0.500 train_total=0.21808262 train_sup=0.21808262 train_imit=0.00000000 mean_w=1.9698 active=0.0119 s_dense=0.00 s_pos=0.4145 s_sel=0.0119 s_sel_pos=0.0288 s_hot_err=1.969753 s_bg_err=0.195340 s_gap=0.834544 conf_cos=0.0000 conf_proj=0.00 val_mse=0.34697895 val_mae=0.40817577 | p_pos=0.4312 p_dense=0.00 p_sel=0.0119 p_sel_pos=0.0276 p_hot_err=2.658688 p_bg_err=0.235743 p_gap=1.300195 peer_val_mse=0.28520140 peer_val_mae=0.35612875
[etth1_early_best_v2/a015_cautious] [time_series][epoch 004] updated live plot
[etth1_early_best_v2/a015_cautious] [time_series][epoch 005] lambda=0.0001 g_scale=0.250 train_total=0.20463787 train_sup=0.20463787 train_imit=0.00000000 mean_w=1.8709 active=0.0119 s_dense=0.00 s_pos=0.4082 s_sel=0.0119 s_sel_pos=0.0292 s_hot_err=1.870865 s_bg_err=0.183782 s_gap=0.819884 conf_cos=0.0000 conf_proj=0.00 val_mse=0.35235075 val_mae=0.41217685 | p_pos=0.4347 p_dense=0.00 p_sel=0.0119 p_sel_pos=0.0274 p_hot_err=2.640662 p_bg_err=0.232881 p_gap=1.374921 peer_val_mse=0.28141403 peer_val_mae=0.35103066
[etth1_early_best_v2/a015_cautious] [time_series][epoch 006] lambda=0.0000 g_scale=0.000 train_total=0.19055733 train_sup=0.19055733 train_imit=0.00000000 mean_w=0.0000 active=0.0000 s_dense=0.00 s_pos=0.3989 s_sel=0.0000 s_sel_pos=0.0000 s_hot_err=0.000000 s_bg_err=0.190557 s_gap=0.000000 conf_cos=0.0000 conf_proj=0.00 val_mse=0.35036971 val_mae=0.40472002 | p_pos=0.4404 p_dense=0.00 p_sel=0.0000 p_sel_pos=0.0000 p_hot_err=0.000000 p_bg_err=0.259407 p_gap=0.000000 peer_val_mse=0.28256492 peer_val_mae=0.35549399
[etth1_early_best_v2/a015_cautious] [time_series][epoch 006] updated live plot
[etth1_early_best_v2/a015_cautious] [time_series][epoch 007] lambda=0.0000 g_scale=0.000 train_total=0.18059661 train_sup=0.18059661 train_imit=0.00000000 mean_w=0.0000 active=0.0000 s_dense=0.00 s_pos=0.3921 s_sel=0.0000 s_sel_pos=0.0000 s_hot_err=0.000000 s_bg_err=0.180597 s_gap=0.000000 conf_cos=0.0000 conf_proj=0.00 val_mse=0.36628132 val_mae=0.41266971 | p_pos=0.4460 p_dense=0.00 p_sel=0.0000 p_sel_pos=0.0000 p_hot_err=0.000000 p_bg_err=0.258018 p_gap=0.000000 peer_val_mse=0.27993491 peer_val_mae=0.34797080
[etth1_early_best_v2/a015_cautious] [time_series][epoch 008] lambda=0.0000 g_scale=0.000 train_total=0.16776535 train_sup=0.16776535 train_imit=0.00000000 mean_w=0.0000 active=0.0000 s_dense=0.00 s_pos=0.3825 s_sel=0.0000 s_sel_pos=0.0000 s_hot_err=0.000000 s_bg_err=0.167765 s_gap=0.000000 conf_cos=0.0000 conf_proj=0.00 val_mse=0.38541410 val_mae=0.43382745 | p_pos=0.4534 p_dense=0.00 p_sel=0.0000 p_sel_pos=0.0000 p_hot_err=0.000000 p_bg_err=0.257264 p_gap=0.000000 peer_val_mse=0.27946733 peer_val_mae=0.35152144
[etth1_early_best_v2/a015_cautious] [time_series][epoch 008] updated live plot
[etth1_early_best_v2/a015_cautious] [time_series][epoch 009] lambda=0.0000 g_scale=0.000 train_total=0.16047593 train_sup=0.16047593 train_imit=0.00000000 mean_w=0.0000 active=0.0000 s_dense=0.00 s_pos=0.3770 s_sel=0.0000 s_sel_pos=0.0000 s_hot_err=0.000000 s_bg_err=0.160476 s_gap=0.000000 conf_cos=0.0000 conf_proj=0.00 val_mse=0.36309089 val_mae=0.41459820 | p_pos=0.4583 p_dense=0.00 p_sel=0.0000 p_sel_pos=0.0000 p_hot_err=0.000000 p_bg_err=0.256715 p_gap=0.000000 peer_val_mse=0.27650172 peer_val_mae=0.34546090
[etth1_early_best_v2/a015_cautious] [time_series][epoch 010] lambda=0.0000 g_scale=0.000 train_total=0.15102775 train_sup=0.15102775 train_imit=0.00000000 mean_w=0.0000 active=0.0000 s_dense=0.00 s_pos=0.3686 s_sel=0.0000 s_sel_pos=0.0000 s_hot_err=0.000000 s_bg_err=0.151028 s_gap=0.000000 conf_cos=0.0000 conf_proj=0.00 val_mse=0.36503996 val_mae=0.41138645 | p_pos=0.4652 p_dense=0.00 p_sel=0.0000 p_sel_pos=0.0000 p_hot_err=0.000000 p_bg_err=0.256272 p_gap=0.000000 peer_val_mse=0.27906440 peer_val_mae=0.35136449
[etth1_early_best_v2/a015_cautious] [time_series][epoch 010] updated live plot
[etth1_early_best_v2/a015_cautious] [time_series][epoch 011] lambda=0.0000 g_scale=0.000 train_total=0.14378964 train_sup=0.14378964 train_imit=0.00000000 mean_w=0.0000 active=0.0000 s_dense=0.00 s_pos=0.3615 s_sel=0.0000 s_sel_pos=0.0000 s_hot_err=0.000000 s_bg_err=0.143790 s_gap=0.000000 conf_cos=0.0000 conf_proj=0.00 val_mse=0.40059619 val_mae=0.43977699 | p_pos=0.4714 p_dense=0.00 p_sel=0.0000 p_sel_pos=0.0000 p_hot_err=0.000000 p_bg_err=0.255905 p_gap=0.000000 peer_val_mse=0.27684388 peer_val_mae=0.34837881
[etth1_early_best_v2/a015_cautious] [time_series][epoch 012] lambda=0.0000 g_scale=0.000 train_total=0.13859729 train_sup=0.13859729 train_imit=0.00000000 mean_w=0.0000 active=0.0000 s_dense=0.00 s_pos=0.3569 s_sel=0.0000 s_sel_pos=0.0000 s_hot_err=0.000000 s_bg_err=0.138597 s_gap=0.000000 conf_cos=0.0000 conf_proj=0.00 val_mse=0.37822385 val_mae=0.42442500 | p_pos=0.4750 p_dense=0.00 p_sel=0.0000 p_sel_pos=0.0000 p_hot_err=0.000000 p_bg_err=0.255646 p_gap=0.000000 peer_val_mse=0.27598045 peer_val_mae=0.34437250
[etth1_early_best_v2/a015_cautious] [time_series][epoch 012] updated live plot
[etth1_early_best_v2/a015_cautious] [time_series][ssml_diag] gate_mode=peer_better_student_error score_transform=none window_score_k=1 smooth_k=1 expand_k=1 tail_start=0.00 residual_beta=1.000 ema_decay=0.000 weight_mode=score freeze_peer=False worse_only=False anchor_w=0.00000 imit_space=raw residual_space_k=9 conflict_proj=0 topk_scope=total max_sel=1.000 adaptive_dense_thr=1.100 positive_upper_q=1.000 guidance_schedule=warmup_then_decay first_active_epoch=2 best_before_active=0.34442568@1 best_after_active=0.32432560@2
[etth1_early_best_v2/a015_cautious] [time_series] done
[etth1_early_best_v2/a015_cautious] [time_series] dataset=etth1 pair=transformer:dlinear method=ssml seed=4 pred_len=24
[etth1_early_best_v2/a015_cautious] [time_series] run_dir=results/time_series_etth1_early_best_v2_worker1_gpu1/a015_cautious/time_series/etth1/transformer__dlinear_ssml_huber_seed4
[etth1_early_best_v2/a015_cautious] [time_series] params=419240
[etth1_early_best_v2/a015_cautious] [time_series][epoch 001] lambda=0.0000 g_scale=0.000 train_total=0.36261261 train_sup=0.36261261 train_imit=0.00000000 mean_w=0.0000 active=0.0000 s_dense=0.00 s_pos=0.4497 s_sel=0.0000 s_sel_pos=0.0000 s_hot_err=0.000000 s_bg_err=0.362613 s_gap=0.000000 conf_cos=0.0000 conf_proj=0.00 val_mse=0.32974235 val_mae=0.39866524 | p_pos=0.4469 p_dense=0.00 p_sel=0.0000 p_sel_pos=0.0000 p_hot_err=0.000000 p_bg_err=0.406948 p_gap=0.000000 peer_val_mse=0.32135233 peer_val_mae=0.38614531
[etth1_early_best_v2/a015_cautious] [time_series][epoch 002] lambda=0.0005 g_scale=1.000 train_total=0.25662988 train_sup=0.25662988 train_imit=0.00000000 mean_w=2.3164 active=0.0119 s_dense=0.00 s_pos=0.4312 s_sel=0.0119 s_sel_pos=0.0276 s_hot_err=2.316449 s_bg_err=0.227961 s_gap=0.933130 conf_cos=0.0000 conf_proj=0.00 val_mse=0.35583992 val_mae=0.41651537 | p_pos=0.4311 p_dense=0.00 p_sel=0.0119 p_sel_pos=0.0276 p_hot_err=2.856869 p_bg_err=0.252987 p_gap=1.325163 peer_val_mse=0.29961812 peer_val_mae=0.36736114
[etth1_early_best_v2/a015_cautious] [time_series][epoch 002] updated live plot
[etth1_early_best_v2/a015_cautious] [time_series][epoch 003] lambda=0.0004 g_scale=0.750 train_total=0.23662577 train_sup=0.23662577 train_imit=0.00000000 mean_w=2.1083 active=0.0119 s_dense=0.00 s_pos=0.4254 s_sel=0.0119 s_sel_pos=0.0280 s_hot_err=2.108325 s_bg_err=0.211448 s_gap=0.866264 conf_cos=0.0000 conf_proj=0.00 val_mse=0.36482265 val_mae=0.42625492 | p_pos=0.4276 p_dense=0.00 p_sel=0.0119 p_sel_pos=0.0279 p_hot_err=2.730473 p_bg_err=0.242167 p_gap=1.282324 peer_val_mse=0.28918066 peer_val_mae=0.35726392
[etth1_early_best_v2/a015_cautious] [time_series][epoch 004] lambda=0.0003 g_scale=0.500 train_total=0.21805384 train_sup=0.21805384 train_imit=0.00000000 mean_w=1.9574 active=0.0119 s_dense=0.00 s_pos=0.4159 s_sel=0.0119 s_sel_pos=0.0287 s_hot_err=1.957395 s_bg_err=0.195471 s_gap=0.842400 conf_cos=0.0000 conf_proj=0.00 val_mse=0.34523566 val_mae=0.40298367 | p_pos=0.4316 p_dense=0.00 p_sel=0.0119 p_sel_pos=0.0276 p_hot_err=2.679547 p_bg_err=0.236906 p_gap=1.334666 peer_val_mse=0.28677454 peer_val_mae=0.35743015
[etth1_early_best_v2/a015_cautious] [time_series][epoch 004] updated live plot
[etth1_early_best_v2/a015_cautious] [time_series][epoch 005] lambda=0.0001 g_scale=0.250 train_total=0.20440902 train_sup=0.20440902 train_imit=0.00000000 mean_w=1.8440 active=0.0119 s_dense=0.00 s_pos=0.4085 s_sel=0.0119 s_sel_pos=0.0292 s_hot_err=1.844050 s_bg_err=0.183888 s_gap=0.817024 conf_cos=0.0000 conf_proj=0.00 val_mse=0.33477568 val_mae=0.39801695 | p_pos=0.4350 p_dense=0.00 p_sel=0.0119 p_sel_pos=0.0274 p_hot_err=2.668726 p_bg_err=0.233317 p_gap=1.400100 peer_val_mse=0.28107828 peer_val_mae=0.34962646
[etth1_early_best_v2/a015_cautious] [time_series][epoch 006] lambda=0.0000 g_scale=0.000 train_total=0.19053896 train_sup=0.19053896 train_imit=0.00000000 mean_w=0.0000 active=0.0000 s_dense=0.00 s_pos=0.4009 s_sel=0.0000 s_sel_pos=0.0000 s_hot_err=0.000000 s_bg_err=0.190539 s_gap=0.000000 conf_cos=0.0000 conf_proj=0.00 val_mse=0.33972910 val_mae=0.40415482 | p_pos=0.4402 p_dense=0.00 p_sel=0.0000 p_sel_pos=0.0000 p_hot_err=0.000000 p_bg_err=0.260017 p_gap=0.000000 peer_val_mse=0.27895156 peer_val_mae=0.34856695
[etth1_early_best_v2/a015_cautious] [time_series][epoch 006] updated live plot
[etth1_early_best_v2/a015_cautious] [time_series][epoch 007] lambda=0.0000 g_scale=0.000 train_total=0.18007670 train_sup=0.18007670 train_imit=0.00000000 mean_w=0.0000 active=0.0000 s_dense=0.00 s_pos=0.3918 s_sel=0.0000 s_sel_pos=0.0000 s_hot_err=0.000000 s_bg_err=0.180077 s_gap=0.000000 conf_cos=0.0000 conf_proj=0.00 val_mse=0.32500504 val_mae=0.39757823 | p_pos=0.4467 p_dense=0.00 p_sel=0.0000 p_sel_pos=0.0000 p_hot_err=0.000000 p_bg_err=0.258508 p_gap=0.000000 peer_val_mse=0.27686011 peer_val_mae=0.34505750
[etth1_early_best_v2/a015_cautious] [time_series][epoch 008] lambda=0.0000 g_scale=0.000 train_total=0.16787669 train_sup=0.16787669 train_imit=0.00000000 mean_w=0.0000 active=0.0000 s_dense=0.00 s_pos=0.3833 s_sel=0.0000 s_sel_pos=0.0000 s_hot_err=0.000000 s_bg_err=0.167877 s_gap=0.000000 conf_cos=0.0000 conf_proj=0.00 val_mse=0.34330586 val_mae=0.40761821 | p_pos=0.4541 p_dense=0.00 p_sel=0.0000 p_sel_pos=0.0000 p_hot_err=0.000000 p_bg_err=0.257495 p_gap=0.000000 peer_val_mse=0.27523662 peer_val_mae=0.34318526
[etth1_early_best_v2/a015_cautious] [time_series][epoch 008] updated live plot
[etth1_early_best_v2/a015_cautious] [time_series][epoch 009] lambda=0.0000 g_scale=0.000 train_total=0.16187189 train_sup=0.16187189 train_imit=0.00000000 mean_w=0.0000 active=0.0000 s_dense=0.00 s_pos=0.3782 s_sel=0.0000 s_sel_pos=0.0000 s_hot_err=0.000000 s_bg_err=0.161872 s_gap=0.000000 conf_cos=0.0000 conf_proj=0.00 val_mse=0.35428003 val_mae=0.41891822 | p_pos=0.4572 p_dense=0.00 p_sel=0.0000 p_sel_pos=0.0000 p_hot_err=0.000000 p_bg_err=0.256809 p_gap=0.000000 peer_val_mse=0.27449900 peer_val_mae=0.34297830
[etth1_early_best_v2/a015_cautious] [time_series][epoch 010] lambda=0.0000 g_scale=0.000 train_total=0.15220824 train_sup=0.15220824 train_imit=0.00000000 mean_w=0.0000 active=0.0000 s_dense=0.00 s_pos=0.3714 s_sel=0.0000 s_sel_pos=0.0000 s_hot_err=0.000000 s_bg_err=0.152208 s_gap=0.000000 conf_cos=0.0000 conf_proj=0.00 val_mse=0.40099954 val_mae=0.45196659 | p_pos=0.4629 p_dense=0.00 p_sel=0.0000 p_sel_pos=0.0000 p_hot_err=0.000000 p_bg_err=0.255995 p_gap=0.000000 peer_val_mse=0.27681826 peer_val_mae=0.34502917
[etth1_early_best_v2/a015_cautious] [time_series][epoch 010] updated live plot
[etth1_early_best_v2/a015_cautious] [time_series][epoch 011] lambda=0.0000 g_scale=0.000 train_total=0.14507190 train_sup=0.14507190 train_imit=0.00000000 mean_w=0.0000 active=0.0000 s_dense=0.00 s_pos=0.3651 s_sel=0.0000 s_sel_pos=0.0000 s_hot_err=0.000000 s_bg_err=0.145072 s_gap=0.000000 conf_cos=0.0000 conf_proj=0.00 val_mse=0.37235485 val_mae=0.42409201 | p_pos=0.4681 p_dense=0.00 p_sel=0.0000 p_sel_pos=0.0000 p_hot_err=0.000000 p_bg_err=0.255862 p_gap=0.000000 peer_val_mse=0.27514493 peer_val_mae=0.34265318
[etth1_early_best_v2/a015_cautious] [time_series][epoch 012] lambda=0.0000 g_scale=0.000 train_total=0.14029208 train_sup=0.14029208 train_imit=0.00000000 mean_w=0.0000 active=0.0000 s_dense=0.00 s_pos=0.3600 s_sel=0.0000 s_sel_pos=0.0000 s_hot_err=0.000000 s_bg_err=0.140292 s_gap=0.000000 conf_cos=0.0000 conf_proj=0.00 val_mse=0.41640485 val_mae=0.46916987 | p_pos=0.4723 p_dense=0.00 p_sel=0.0000 p_sel_pos=0.0000 p_hot_err=0.000000 p_bg_err=0.255519 p_gap=0.000000 peer_val_mse=0.27575412 peer_val_mae=0.34724151
[etth1_early_best_v2/a015_cautious] [time_series][epoch 012] updated live plot
[etth1_early_best_v2/a015_cautious] [time_series][ssml_diag] gate_mode=peer_better_student_error score_transform=none window_score_k=1 smooth_k=1 expand_k=1 tail_start=0.00 residual_beta=1.000 ema_decay=0.000 weight_mode=score freeze_peer=False worse_only=False anchor_w=0.00000 imit_space=raw residual_space_k=9 conflict_proj=0 topk_scope=total max_sel=1.000 adaptive_dense_thr=1.100 positive_upper_q=1.000 guidance_schedule=warmup_then_decay first_active_epoch=2 best_before_active=0.32974235@1 best_after_active=0.32500504@7
[etth1_early_best_v2/a015_cautious] [time_series] done
[etth1_early_best_v2/a015_cautious] [time_series] dataset=etth1 pair=transformer:dlinear method=ssml seed=5 pred_len=24
[etth1_early_best_v2/a015_cautious] [time_series] run_dir=results/time_series_etth1_early_best_v2_worker1_gpu1/a015_cautious/time_series/etth1/transformer__dlinear_ssml_huber_seed5
[etth1_early_best_v2/a015_cautious] [time_series] params=419240
[etth1_early_best_v2/a015_cautious] [time_series][epoch 001] lambda=0.0000 g_scale=0.000 train_total=0.36394438 train_sup=0.36394438 train_imit=0.00000000 mean_w=0.0000 active=0.0000 s_dense=0.00 s_pos=0.4510 s_sel=0.0000 s_sel_pos=0.0000 s_hot_err=0.000000 s_bg_err=0.363944 s_gap=0.000000 conf_cos=0.0000 conf_proj=0.00 val_mse=0.34022130 val_mae=0.40666646 | p_pos=0.4439 p_dense=0.00 p_sel=0.0000 p_sel_pos=0.0000 p_hot_err=0.000000 p_bg_err=0.395333 p_gap=0.000000 peer_val_mse=0.31941682 peer_val_mae=0.38461431
[etth1_early_best_v2/a015_cautious] [time_series][epoch 002] lambda=0.0005 g_scale=1.000 train_total=0.25851192 train_sup=0.25851192 train_imit=0.00000000 mean_w=2.3308 active=0.0119 s_dense=0.00 s_pos=0.4333 s_sel=0.0119 s_sel_pos=0.0275 s_hot_err=2.330751 s_bg_err=0.229673 s_gap=0.932172 conf_cos=0.0000 conf_proj=0.00 val_mse=0.35214864 val_mae=0.41201001 | p_pos=0.4279 p_dense=0.00 p_sel=0.0119 p_sel_pos=0.0278 p_hot_err=2.834725 p_bg_err=0.252549 p_gap=1.289024 peer_val_mse=0.29716474 peer_val_mae=0.36629331
[etth1_early_best_v2/a015_cautious] [time_series][epoch 002] updated live plot
[etth1_early_best_v2/a015_cautious] [time_series][epoch 003] lambda=0.0004 g_scale=0.750 train_total=0.23582486 train_sup=0.23582486 train_imit=0.00000000 mean_w=2.1001 active=0.0119 s_dense=0.00 s_pos=0.4255 s_sel=0.0119 s_sel_pos=0.0280 s_hot_err=2.100121 s_bg_err=0.210751 s_gap=0.853167 conf_cos=0.0000 conf_proj=0.00 val_mse=0.33629561 val_mae=0.39947340 | p_pos=0.4256 p_dense=0.00 p_sel=0.0119 p_sel_pos=0.0280 p_hot_err=2.718087 p_bg_err=0.241123 p_gap=1.262603 peer_val_mse=0.28689837 peer_val_mae=0.35485177
[etth1_early_best_v2/a015_cautious] [time_series][epoch 004] lambda=0.0003 g_scale=0.500 train_total=0.21765173 train_sup=0.21765173 train_imit=0.00000000 mean_w=1.9671 active=0.0119 s_dense=0.00 s_pos=0.4159 s_sel=0.0119 s_sel_pos=0.0287 s_hot_err=1.967074 s_bg_err=0.194937 s_gap=0.832477 conf_cos=0.0000 conf_proj=0.00 val_mse=0.39422681 val_mae=0.43602936 | p_pos=0.4292 p_dense=0.00 p_sel=0.0119 p_sel_pos=0.0278 p_hot_err=2.668808 p_bg_err=0.236007 p_gap=1.319115 peer_val_mse=0.28427074 peer_val_mae=0.35367746
[etth1_early_best_v2/a015_cautious] [time_series][epoch 004] updated live plot
[etth1_early_best_v2/a015_cautious] [time_series][epoch 005] lambda=0.0001 g_scale=0.250 train_total=0.20291515 train_sup=0.20291515 train_imit=0.00000000 mean_w=1.8578 active=0.0119 s_dense=0.00 s_pos=0.4057 s_sel=0.0119 s_sel_pos=0.0294 s_hot_err=1.857828 s_bg_err=0.182202 s_gap=0.827462 conf_cos=0.0000 conf_proj=0.00 val_mse=0.35512057 val_mae=0.41217151 | p_pos=0.4358 p_dense=0.00 p_sel=0.0119 p_sel_pos=0.0273 p_hot_err=2.648514 p_bg_err=0.232804 p_gap=1.400052 peer_val_mse=0.27939517 peer_val_mae=0.34722925
[etth1_early_best_v2/a015_cautious] [time_series][epoch 006] lambda=0.0000 g_scale=0.000 train_total=0.19052880 train_sup=0.19052880 train_imit=0.00000000 mean_w=0.0000 active=0.0000 s_dense=0.00 s_pos=0.3979 s_sel=0.0000 s_sel_pos=0.0000 s_hot_err=0.000000 s_bg_err=0.190529 s_gap=0.000000 conf_cos=0.0000 conf_proj=0.00 val_mse=0.32442855 val_mae=0.39204341 | p_pos=0.4408 p_dense=0.00 p_sel=0.0000 p_sel_pos=0.0000 p_hot_err=0.000000 p_bg_err=0.259647 p_gap=0.000000 peer_val_mse=0.27936473 peer_val_mae=0.34949554
[etth1_early_best_v2/a015_cautious] [time_series][epoch 006] updated live plot
[etth1_early_best_v2/a015_cautious] [time_series][epoch 007] lambda=0.0000 g_scale=0.000 train_total=0.18092477 train_sup=0.18092477 train_imit=0.00000000 mean_w=0.0000 active=0.0000 s_dense=0.00 s_pos=0.3906 s_sel=0.0000 s_sel_pos=0.0000 s_hot_err=0.000000 s_bg_err=0.180925 s_gap=0.000000 conf_cos=0.0000 conf_proj=0.00 val_mse=0.33529533 val_mae=0.40481659 | p_pos=0.4457 p_dense=0.00 p_sel=0.0000 p_sel_pos=0.0000 p_hot_err=0.000000 p_bg_err=0.258162 p_gap=0.000000 peer_val_mse=0.28012131 peer_val_mae=0.34966812
[etth1_early_best_v2/a015_cautious] [time_series][epoch 008] lambda=0.0000 g_scale=0.000 train_total=0.17240685 train_sup=0.17240685 train_imit=0.00000000 mean_w=0.0000 active=0.0000 s_dense=0.00 s_pos=0.3865 s_sel=0.0000 s_sel_pos=0.0000 s_hot_err=0.000000 s_bg_err=0.172407 s_gap=0.000000 conf_cos=0.0000 conf_proj=0.00 val_mse=0.33464202 val_mae=0.39681731 | p_pos=0.4486 p_dense=0.00 p_sel=0.0000 p_sel_pos=0.0000 p_hot_err=0.000000 p_bg_err=0.256991 p_gap=0.000000 peer_val_mse=0.27813706 peer_val_mae=0.34908200
[etth1_early_best_v2/a015_cautious] [time_series][epoch 008] updated live plot
[etth1_early_best_v2/a015_cautious] [time_series][epoch 009] lambda=0.0000 g_scale=0.000 train_total=0.16448927 train_sup=0.16448927 train_imit=0.00000000 mean_w=0.0000 active=0.0000 s_dense=0.00 s_pos=0.3782 s_sel=0.0000 s_sel_pos=0.0000 s_hot_err=0.000000 s_bg_err=0.164489 s_gap=0.000000 conf_cos=0.0000 conf_proj=0.00 val_mse=0.37130132 val_mae=0.42663712 | p_pos=0.4557 p_dense=0.00 p_sel=0.0000 p_sel_pos=0.0000 p_hot_err=0.000000 p_bg_err=0.256478 p_gap=0.000000 peer_val_mse=0.27660860 peer_val_mae=0.34717326
[etth1_early_best_v2/a015_cautious] [time_series][epoch 010] lambda=0.0000 g_scale=0.000 train_total=0.15636588 train_sup=0.15636588 train_imit=0.00000000 mean_w=0.0000 active=0.0000 s_dense=0.00 s_pos=0.3714 s_sel=0.0000 s_sel_pos=0.0000 s_hot_err=0.000000 s_bg_err=0.156366 s_gap=0.000000 conf_cos=0.0000 conf_proj=0.00 val_mse=0.41776004 val_mae=0.45210956 | p_pos=0.4620 p_dense=0.00 p_sel=0.0000 p_sel_pos=0.0000 p_hot_err=0.000000 p_bg_err=0.256453 p_gap=0.000000 peer_val_mse=0.27425055 peer_val_mae=0.34273704
[etth1_early_best_v2/a015_cautious] [time_series][epoch 010] updated live plot
[etth1_early_best_v2/a015_cautious] [time_series][epoch 011] lambda=0.0000 g_scale=0.000 train_total=0.14991502 train_sup=0.14991502 train_imit=0.00000000 mean_w=0.0000 active=0.0000 s_dense=0.00 s_pos=0.3667 s_sel=0.0000 s_sel_pos=0.0000 s_hot_err=0.000000 s_bg_err=0.149915 s_gap=0.000000 conf_cos=0.0000 conf_proj=0.00 val_mse=0.39575718 val_mae=0.43873477 | p_pos=0.4659 p_dense=0.00 p_sel=0.0000 p_sel_pos=0.0000 p_hot_err=0.000000 p_bg_err=0.255662 p_gap=0.000000 peer_val_mse=0.27583936 peer_val_mae=0.34401477
[etth1_early_best_v2/a015_cautious] [time_series][epoch 012] lambda=0.0000 g_scale=0.000 train_total=0.14316899 train_sup=0.14316899 train_imit=0.00000000 mean_w=0.0000 active=0.0000 s_dense=0.00 s_pos=0.3611 s_sel=0.0000 s_sel_pos=0.0000 s_hot_err=0.000000 s_bg_err=0.143169 s_gap=0.000000 conf_cos=0.0000 conf_proj=0.00 val_mse=0.41922293 val_mae=0.45853930 | p_pos=0.4713 p_dense=0.00 p_sel=0.0000 p_sel_pos=0.0000 p_hot_err=0.000000 p_bg_err=0.255443 p_gap=0.000000 peer_val_mse=0.27465603 peer_val_mae=0.34411437
[etth1_early_best_v2/a015_cautious] [time_series][epoch 012] updated live plot
[etth1_early_best_v2/a015_cautious] [time_series][ssml_diag] gate_mode=peer_better_student_error score_transform=none window_score_k=1 smooth_k=1 expand_k=1 tail_start=0.00 residual_beta=1.000 ema_decay=0.000 weight_mode=score freeze_peer=False worse_only=False anchor_w=0.00000 imit_space=raw residual_space_k=9 conflict_proj=0 topk_scope=total max_sel=1.000 adaptive_dense_thr=1.100 positive_upper_q=1.000 guidance_schedule=warmup_then_decay first_active_epoch=2 best_before_active=0.34022130@1 best_after_active=0.32442855@6
[etth1_early_best_v2/a015_cautious] [time_series] done
[etth1_early_best_v2/a015_topk2] log -> results/logs/non_operator_remaining/worker1_gpu1_etth1_early_best_v2_queue/a015_topk2.log
[etth1_early_best_v2/a015_topk2] [time_series] output_dir=results/time_series_etth1_early_best_v2_worker1_gpu1/a015_topk2
[etth1_early_best_v2/a015_topk2] [time_series] methods=ssml
[etth1_early_best_v2/a015_topk2] [time_series] model_pairs=transformer:dlinear
[etth1_early_best_v2/a015_topk2] [time_series] ssml_topk_ratio=0.020
[etth1_early_best_v2/a015_topk2] [time_series] ssml_topk_scope=total
[etth1_early_best_v2/a015_topk2] [time_series] ssml_max_selected_ratio=1.0
[etth1_early_best_v2/a015_topk2] [time_series] ssml_adaptive_dense_threshold=1.1
[etth1_early_best_v2/a015_topk2] [time_series] ssml_adaptive_dense_topk_ratio=1.0
[etth1_early_best_v2/a015_topk2] [time_series] ssml_adaptive_dense_topk_scope=positive
[etth1_early_best_v2/a015_topk2] [time_series] ssml_adaptive_dense_max_selected_ratio=1.0
[etth1_early_best_v2/a015_topk2] [time_series] ssml_adaptive_dense_score_smoothing_kernel=-1
[etth1_early_best_v2/a015_topk2] [time_series] ssml_adaptive_dense_window_expand_kernel=-1
[etth1_early_best_v2/a015_topk2] [time_series] ssml_supervised_hotspot_alpha=0.15
[etth1_early_best_v2/a015_topk2] [time_series] ssml_supervised_weight_mode=score
[etth1_early_best_v2/a015_topk2] [time_series] ssml_gate_score_mode=peer_better_student_error
[etth1_early_best_v2/a015_topk2] [time_series] ssml_score_transform=none
[etth1_early_best_v2/a015_topk2] [time_series] ssml_positive_upper_quantile=1.0
[etth1_early_best_v2/a015_topk2] [time_series] ssml_guidance_mode=reweight_only
[etth1_early_best_v2/a015_topk2] [time_series] ssml_score_smoothing_kernel=1
[etth1_early_best_v2/a015_topk2] [time_series] ssml_window_score_kernel=1
[etth1_early_best_v2/a015_topk2] [time_series] ssml_window_expand_kernel=1
[etth1_early_best_v2/a015_topk2] [time_series] ssml_tail_start_ratio=0.0
[etth1_early_best_v2/a015_topk2] [time_series] ssml_residual_beta=1.0
[etth1_early_best_v2/a015_topk2] [time_series] ssml_ema_decay=0.0
[etth1_early_best_v2/a015_topk2] [time_series] ssml_imitation_space=raw
[etth1_early_best_v2/a015_topk2] [time_series] ssml_residual_space_kernel=9
[etth1_early_best_v2/a015_topk2] [time_series] ssml_conflict_aware_projection=0
[etth1_early_best_v2/a015_topk2] [time_series] ssml_freeze_peer=0
[etth1_early_best_v2/a015_topk2] [time_series] ssml_worse_only_update=0
[etth1_early_best_v2/a015_topk2] [time_series] ssml_anchor_weight=0.0
[etth1_early_best_v2/a015_topk2] [time_series] init_checkpoint_template=
[etth1_early_best_v2/a015_topk2] [time_series] peer_init_checkpoint_template=
[etth1_early_best_v2/a015_topk2] [time_series] early_stop_patience=0 early_stop_min_epochs=0 early_stop_min_delta=0.0
[etth1_early_best_v2/a015_topk2] [time_series] live_plot_interval=2
[etth1_early_best_v2/a015_topk2] [time_series] dataset=etth1 pair=transformer:dlinear method=ssml seed=3 pred_len=24
[etth1_early_best_v2/a015_topk2] [time_series] run_dir=results/time_series_etth1_early_best_v2_worker1_gpu1/a015_topk2/time_series/etth1/transformer__dlinear_ssml_huber_seed3
[etth1_early_best_v2/a015_topk2] [time_series] params=419240
[etth1_early_best_v2/a015_topk2] [time_series][epoch 001] lambda=0.0000 g_scale=0.000 train_total=0.36783429 train_sup=0.36783429 train_imit=0.00000000 mean_w=0.0000 active=0.0000 s_dense=0.00 s_pos=0.4555 s_sel=0.0000 s_sel_pos=0.0000 s_hot_err=0.000000 s_bg_err=0.367834 s_gap=0.000000 conf_cos=0.0000 conf_proj=0.00 val_mse=0.34442568 val_mae=0.41553825 | p_pos=0.4415 p_dense=0.00 p_sel=0.0000 p_sel_pos=0.0000 p_hot_err=0.000000 p_bg_err=0.397486 p_gap=0.000000 peer_val_mse=0.32263154 peer_val_mae=0.38546588
[etth1_early_best_v2/a015_topk2] [time_series][epoch 002] lambda=0.0005 g_scale=1.000 train_total=0.26120027 train_sup=0.26120027 train_imit=0.00000000 mean_w=1.9489 active=0.0238 s_dense=0.00 s_pos=0.4322 s_sel=0.0238 s_sel_pos=0.0551 s_hot_err=1.948863 s_bg_err=0.213197 s_gap=0.823894 conf_cos=0.0000 conf_proj=0.00 val_mse=0.32405727 val_mae=0.39216567 | p_pos=0.4288 p_dense=0.00 p_sel=0.0238 p_sel_pos=0.0556 p_hot_err=2.432430 p_bg_err=0.230380 p_gap=1.135728 peer_val_mse=0.29825393 peer_val_mae=0.36792519
[etth1_early_best_v2/a015_topk2] [time_series][epoch 002] updated live plot
[etth1_early_best_v2/a015_topk2] [time_series][epoch 003] lambda=0.0004 g_scale=0.750 train_total=0.23788626 train_sup=0.23788626 train_imit=0.00000000 mean_w=1.7509 active=0.0238 s_dense=0.00 s_pos=0.4231 s_sel=0.0238 s_sel_pos=0.0563 s_hot_err=1.750890 s_bg_err=0.196372 s_gap=0.741672 conf_cos=0.0000 conf_proj=0.00 val_mse=0.34816220 val_mae=0.40943177 | p_pos=0.4277 p_dense=0.00 p_sel=0.0238 p_sel_pos=0.0557 p_hot_err=2.346971 p_bg_err=0.219621 p_gap=1.111402 peer_val_mse=0.28732845 peer_val_mae=0.35694470
[etth1_early_best_v2/a015_topk2] [time_series][epoch 004] lambda=0.0003 g_scale=0.500 train_total=0.21922039 train_sup=0.21922039 train_imit=0.00000000 mean_w=1.6269 active=0.0238 s_dense=0.00 s_pos=0.4148 s_sel=0.0238 s_sel_pos=0.0575 s_hot_err=1.626897 s_bg_err=0.182016 s_gap=0.717689 conf_cos=0.0000 conf_proj=0.00 val_mse=0.34883371 val_mae=0.40858966 | p_pos=0.4310 p_dense=0.00 p_sel=0.0238 p_sel_pos=0.0553 p_hot_err=2.319164 p_bg_err=0.214425 p_gap=1.176743 peer_val_mse=0.28521639 peer_val_mae=0.35618134
[etth1_early_best_v2/a015_topk2] [time_series][epoch 004] updated live plot
[etth1_early_best_v2/a015_topk2] [time_series][epoch 005] lambda=0.0001 g_scale=0.250 train_total=0.20501659 train_sup=0.20501659 train_imit=0.00000000 mean_w=1.5367 active=0.0238 s_dense=0.00 s_pos=0.4078 s_sel=0.0238 s_sel_pos=0.0585 s_hot_err=1.536736 s_bg_err=0.171172 s_gap=0.705890 conf_cos=0.0000 conf_proj=0.00 val_mse=0.34743930 val_mae=0.40823291 | p_pos=0.4347 p_dense=0.00 p_sel=0.0238 p_sel_pos=0.0549 p_hot_err=2.317625 p_bg_err=0.211361 p_gap=1.255593 peer_val_mse=0.28142515 peer_val_mae=0.35106385
[etth1_early_best_v2/a015_topk2] [time_series][epoch 006] lambda=0.0000 g_scale=0.000 train_total=0.19051872 train_sup=0.19051872 train_imit=0.00000000 mean_w=0.0000 active=0.0000 s_dense=0.00 s_pos=0.3991 s_sel=0.0000 s_sel_pos=0.0000 s_hot_err=0.000000 s_bg_err=0.190519 s_gap=0.000000 conf_cos=0.0000 conf_proj=0.00 val_mse=0.35395743 val_mae=0.40958274 | p_pos=0.4408 p_dense=0.00 p_sel=0.0000 p_sel_pos=0.0000 p_hot_err=0.000000 p_bg_err=0.259383 p_gap=0.000000 peer_val_mse=0.28255270 peer_val_mae=0.35547885
[etth1_early_best_v2/a015_topk2] [time_series][epoch 006] updated live plot
[etth1_early_best_v2/a015_topk2] [time_series][epoch 007] lambda=0.0000 g_scale=0.000 train_total=0.18074293 train_sup=0.18074293 train_imit=0.00000000 mean_w=0.0000 active=0.0000 s_dense=0.00 s_pos=0.3926 s_sel=0.0000 s_sel_pos=0.0000 s_hot_err=0.000000 s_bg_err=0.180743 s_gap=0.000000 conf_cos=0.0000 conf_proj=0.00 val_mse=0.36836277 val_mae=0.41512406 | p_pos=0.4460 p_dense=0.00 p_sel=0.0000 p_sel_pos=0.0000 p_hot_err=0.000000 p_bg_err=0.258004 p_gap=0.000000 peer_val_mse=0.27992573 peer_val_mae=0.34796505
[etth1_early_best_v2/a015_topk2] [time_series][epoch 008] lambda=0.0000 g_scale=0.000 train_total=0.16793810 train_sup=0.16793810 train_imit=0.00000000 mean_w=0.0000 active=0.0000 s_dense=0.00 s_pos=0.3825 s_sel=0.0000 s_sel_pos=0.0000 s_hot_err=0.000000 s_bg_err=0.167938 s_gap=0.000000 conf_cos=0.0000 conf_proj=0.00 val_mse=0.38576120 val_mae=0.43230316 | p_pos=0.4538 p_dense=0.00 p_sel=0.0000 p_sel_pos=0.0000 p_hot_err=0.000000 p_bg_err=0.257255 p_gap=0.000000 peer_val_mse=0.27945018 peer_val_mae=0.35149383
[etth1_early_best_v2/a015_topk2] [time_series][epoch 008] updated live plot
[etth1_early_best_v2/a015_topk2] [time_series][epoch 009] lambda=0.0000 g_scale=0.000 train_total=0.16070448 train_sup=0.16070448 train_imit=0.00000000 mean_w=0.0000 active=0.0000 s_dense=0.00 s_pos=0.3775 s_sel=0.0000 s_sel_pos=0.0000 s_hot_err=0.000000 s_bg_err=0.160704 s_gap=0.000000 conf_cos=0.0000 conf_proj=0.00 val_mse=0.37239979 val_mae=0.41932534 | p_pos=0.4582 p_dense=0.00 p_sel=0.0000 p_sel_pos=0.0000 p_hot_err=0.000000 p_bg_err=0.256710 p_gap=0.000000 peer_val_mse=0.27650262 peer_val_mae=0.34546850
[etth1_early_best_v2/a015_topk2] [time_series][epoch 010] lambda=0.0000 g_scale=0.000 train_total=0.15172990 train_sup=0.15172990 train_imit=0.00000000 mean_w=0.0000 active=0.0000 s_dense=0.00 s_pos=0.3695 s_sel=0.0000 s_sel_pos=0.0000 s_hot_err=0.000000 s_bg_err=0.151730 s_gap=0.000000 conf_cos=0.0000 conf_proj=0.00 val_mse=0.36238202 val_mae=0.40749362 | p_pos=0.4646 p_dense=0.00 p_sel=0.0000 p_sel_pos=0.0000 p_hot_err=0.000000 p_bg_err=0.256267 p_gap=0.000000 peer_val_mse=0.27906095 peer_val_mae=0.35136159
[etth1_early_best_v2/a015_topk2] [time_series][epoch 010] updated live plot
[etth1_early_best_v2/a015_topk2] [time_series][epoch 011] lambda=0.0000 g_scale=0.000 train_total=0.14362289 train_sup=0.14362289 train_imit=0.00000000 mean_w=0.0000 active=0.0000 s_dense=0.00 s_pos=0.3613 s_sel=0.0000 s_sel_pos=0.0000 s_hot_err=0.000000 s_bg_err=0.143623 s_gap=0.000000 conf_cos=0.0000 conf_proj=0.00 val_mse=0.42851912 val_mae=0.45573524 | p_pos=0.4718 p_dense=0.00 p_sel=0.0000 p_sel_pos=0.0000 p_hot_err=0.000000 p_bg_err=0.255903 p_gap=0.000000 peer_val_mse=0.27683266 peer_val_mae=0.34835723
[etth1_early_best_v2/a015_topk2] [time_series][epoch 012] lambda=0.0000 g_scale=0.000 train_total=0.13923954 train_sup=0.13923954 train_imit=0.00000000 mean_w=0.0000 active=0.0000 s_dense=0.00 s_pos=0.3579 s_sel=0.0000 s_sel_pos=0.0000 s_hot_err=0.000000 s_bg_err=0.139240 s_gap=0.000000 conf_cos=0.0000 conf_proj=0.00 val_mse=0.39062834 val_mae=0.43190573 | p_pos=0.4744 p_dense=0.00 p_sel=0.0000 p_sel_pos=0.0000 p_hot_err=0.000000 p_bg_err=0.255644 p_gap=0.000000 peer_val_mse=0.27597941 peer_val_mae=0.34437172
[etth1_early_best_v2/a015_topk2] [time_series][epoch 012] updated live plot
[etth1_early_best_v2/a015_topk2] [time_series][ssml_diag] gate_mode=peer_better_student_error score_transform=none window_score_k=1 smooth_k=1 expand_k=1 tail_start=0.00 residual_beta=1.000 ema_decay=0.000 weight_mode=score freeze_peer=False worse_only=False anchor_w=0.00000 imit_space=raw residual_space_k=9 conflict_proj=0 topk_scope=total max_sel=1.000 adaptive_dense_thr=1.100 positive_upper_q=1.000 guidance_schedule=warmup_then_decay first_active_epoch=2 best_before_active=0.34442568@1 best_after_active=0.32405727@2
[etth1_early_best_v2/a015_topk2] [time_series] done
[etth1_early_best_v2/a015_topk2] [time_series] dataset=etth1 pair=transformer:dlinear method=ssml seed=4 pred_len=24
[etth1_early_best_v2/a015_topk2] [time_series] run_dir=results/time_series_etth1_early_best_v2_worker1_gpu1/a015_topk2/time_series/etth1/transformer__dlinear_ssml_huber_seed4
[etth1_early_best_v2/a015_topk2] [time_series] params=419240
[etth1_early_best_v2/a015_topk2] [time_series][epoch 001] lambda=0.0000 g_scale=0.000 train_total=0.36261261 train_sup=0.36261261 train_imit=0.00000000 mean_w=0.0000 active=0.0000 s_dense=0.00 s_pos=0.4497 s_sel=0.0000 s_sel_pos=0.0000 s_hot_err=0.000000 s_bg_err=0.362613 s_gap=0.000000 conf_cos=0.0000 conf_proj=0.00 val_mse=0.32974235 val_mae=0.39866524 | p_pos=0.4469 p_dense=0.00 p_sel=0.0000 p_sel_pos=0.0000 p_hot_err=0.000000 p_bg_err=0.406948 p_gap=0.000000 peer_val_mse=0.32135233 peer_val_mae=0.38614531
[etth1_early_best_v2/a015_topk2] [time_series][epoch 002] lambda=0.0005 g_scale=1.000 train_total=0.25951067 train_sup=0.25951067 train_imit=0.00000000 mean_w=1.9246 active=0.0238 s_dense=0.00 s_pos=0.4315 s_sel=0.0238 s_sel_pos=0.0552 s_hot_err=1.924638 s_bg_err=0.212153 s_gap=0.816448 conf_cos=0.0000 conf_proj=0.00 val_mse=0.35465271 val_mae=0.41657651 | p_pos=0.4308 p_dense=0.00 p_sel=0.0238 p_sel_pos=0.0553 p_hot_err=2.453440 p_bg_err=0.231017 p_gap=1.159769 peer_val_mse=0.29956651 peer_val_mae=0.36736589
[etth1_early_best_v2/a015_topk2] [time_series][epoch 002] updated live plot
[etth1_early_best_v2/a015_topk2] [time_series][epoch 003] lambda=0.0004 g_scale=0.750 train_total=0.23850748 train_sup=0.23850748 train_imit=0.00000000 mean_w=1.7496 active=0.0238 s_dense=0.00 s_pos=0.4251 s_sel=0.0238 s_sel_pos=0.0561 s_hot_err=1.749597 s_bg_err=0.197050 s_gap=0.755847 conf_cos=0.0000 conf_proj=0.00 val_mse=0.36622288 val_mae=0.42776510 | p_pos=0.4276 p_dense=0.00 p_sel=0.0238 p_sel_pos=0.0557 p_hot_err=2.368172 p_bg_err=0.220578 p_gap=1.147079 peer_val_mse=0.28917492 peer_val_mae=0.35730020
[etth1_early_best_v2/a015_topk2] [time_series][epoch 004] lambda=0.0003 g_scale=0.500 train_total=0.21930161 train_sup=0.21930161 train_imit=0.00000000 mean_w=1.6185 active=0.0238 s_dense=0.00 s_pos=0.4159 s_sel=0.0238 s_sel_pos=0.0573 s_hot_err=1.618467 s_bg_err=0.182332 s_gap=0.728467 conf_cos=0.0000 conf_proj=0.00 val_mse=0.34444005 val_mae=0.40203085 | p_pos=0.4314 p_dense=0.00 p_sel=0.0238 p_sel_pos=0.0553 p_hot_err=2.341208 p_bg_err=0.215312 p_gap=1.211366 peer_val_mse=0.28679725 peer_val_mae=0.35748647
[etth1_early_best_v2/a015_topk2] [time_series][epoch 004] updated live plot
[etth1_early_best_v2/a015_topk2] [time_series][epoch 005] lambda=0.0001 g_scale=0.250 train_total=0.20491488 train_sup=0.20491488 train_imit=0.00000000 mean_w=1.5179 active=0.0238 s_dense=0.00 s_pos=0.4087 s_sel=0.0238 s_sel_pos=0.0583 s_hot_err=1.517856 s_bg_err=0.171555 s_gap=0.705308 conf_cos=0.0000 conf_proj=0.00 val_mse=0.33508561 val_mae=0.39636648 | p_pos=0.4349 p_dense=0.00 p_sel=0.0238 p_sel_pos=0.0548 p_hot_err=2.336347 p_bg_err=0.211682 p_gap=1.278454 peer_val_mse=0.28108251 peer_val_mae=0.34963848
[etth1_early_best_v2/a015_topk2] [time_series][epoch 006] lambda=0.0000 g_scale=0.000 train_total=0.19037933 train_sup=0.19037933 train_imit=0.00000000 mean_w=0.0000 active=0.0000 s_dense=0.00 s_pos=0.4007 s_sel=0.0000 s_sel_pos=0.0000 s_hot_err=0.000000 s_bg_err=0.190379 s_gap=0.000000 conf_cos=0.0000 conf_proj=0.00 val_mse=0.33678571 val_mae=0.40150814 | p_pos=0.4404 p_dense=0.00 p_sel=0.0000 p_sel_pos=0.0000 p_hot_err=0.000000 p_bg_err=0.259989 p_gap=0.000000 peer_val_mse=0.27893154 peer_val_mae=0.34853880
[etth1_early_best_v2/a015_topk2] [time_series][epoch 006] updated live plot
[etth1_early_best_v2/a015_topk2] [time_series][epoch 007] lambda=0.0000 g_scale=0.000 train_total=0.17994044 train_sup=0.17994044 train_imit=0.00000000 mean_w=0.0000 active=0.0000 s_dense=0.00 s_pos=0.3919 s_sel=0.0000 s_sel_pos=0.0000 s_hot_err=0.000000 s_bg_err=0.179940 s_gap=0.000000 conf_cos=0.0000 conf_proj=0.00 val_mse=0.33286161 val_mae=0.40268841 | p_pos=0.4465 p_dense=0.00 p_sel=0.0000 p_sel_pos=0.0000 p_hot_err=0.000000 p_bg_err=0.258491 p_gap=0.000000 peer_val_mse=0.27685363 peer_val_mae=0.34505429
[etth1_early_best_v2/a015_topk2] [time_series][epoch 008] lambda=0.0000 g_scale=0.000 train_total=0.16729832 train_sup=0.16729832 train_imit=0.00000000 mean_w=0.0000 active=0.0000 s_dense=0.00 s_pos=0.3825 s_sel=0.0000 s_sel_pos=0.0000 s_hot_err=0.000000 s_bg_err=0.167298 s_gap=0.000000 conf_cos=0.0000 conf_proj=0.00 val_mse=0.35009721 val_mae=0.41175551 | p_pos=0.4543 p_dense=0.00 p_sel=0.0000 p_sel_pos=0.0000 p_hot_err=0.000000 p_bg_err=0.257484 p_gap=0.000000 peer_val_mse=0.27523171 peer_val_mae=0.34317892
[etth1_early_best_v2/a015_topk2] [time_series][epoch 008] updated live plot
[etth1_early_best_v2/a015_topk2] [time_series][epoch 009] lambda=0.0000 g_scale=0.000 train_total=0.16051446 train_sup=0.16051446 train_imit=0.00000000 mean_w=0.0000 active=0.0000 s_dense=0.00 s_pos=0.3769 s_sel=0.0000 s_sel_pos=0.0000 s_hot_err=0.000000 s_bg_err=0.160514 s_gap=0.000000 conf_cos=0.0000 conf_proj=0.00 val_mse=0.35138570 val_mae=0.41743034 | p_pos=0.4583 p_dense=0.00 p_sel=0.0000 p_sel_pos=0.0000 p_hot_err=0.000000 p_bg_err=0.256802 p_gap=0.000000 peer_val_mse=0.27449919 peer_val_mae=0.34297812
[etth1_early_best_v2/a015_topk2] [time_series][epoch 010] lambda=0.0000 g_scale=0.000 train_total=0.15104045 train_sup=0.15104045 train_imit=0.00000000 mean_w=0.0000 active=0.0000 s_dense=0.00 s_pos=0.3706 s_sel=0.0000 s_sel_pos=0.0000 s_hot_err=0.000000 s_bg_err=0.151040 s_gap=0.000000 conf_cos=0.0000 conf_proj=0.00 val_mse=0.37364511 val_mae=0.43305115 | p_pos=0.4636 p_dense=0.00 p_sel=0.0000 p_sel_pos=0.0000 p_hot_err=0.000000 p_bg_err=0.255991 p_gap=0.000000 peer_val_mse=0.27681802 peer_val_mae=0.34503094
[etth1_early_best_v2/a015_topk2] [time_series][epoch 010] updated live plot
[etth1_early_best_v2/a015_topk2] [time_series][epoch 011] lambda=0.0000 g_scale=0.000 train_total=0.14473433 train_sup=0.14473433 train_imit=0.00000000 mean_w=0.0000 active=0.0000 s_dense=0.00 s_pos=0.3642 s_sel=0.0000 s_sel_pos=0.0000 s_hot_err=0.000000 s_bg_err=0.144734 s_gap=0.000000 conf_cos=0.0000 conf_proj=0.00 val_mse=0.39310759 val_mae=0.43950625 | p_pos=0.4685 p_dense=0.00 p_sel=0.0000 p_sel_pos=0.0000 p_hot_err=0.000000 p_bg_err=0.255859 p_gap=0.000000 peer_val_mse=0.27514357 peer_val_mae=0.34265213
[etth1_early_best_v2/a015_topk2] [time_series][epoch 012] lambda=0.0000 g_scale=0.000 train_total=0.13945480 train_sup=0.13945480 train_imit=0.00000000 mean_w=0.0000 active=0.0000 s_dense=0.00 s_pos=0.3596 s_sel=0.0000 s_sel_pos=0.0000 s_hot_err=0.000000 s_bg_err=0.139455 s_gap=0.000000 conf_cos=0.0000 conf_proj=0.00 val_mse=0.39423328 val_mae=0.45206527 | p_pos=0.4729 p_dense=0.00 p_sel=0.0000 p_sel_pos=0.0000 p_hot_err=0.000000 p_bg_err=0.255517 p_gap=0.000000 peer_val_mse=0.27575274 peer_val_mae=0.34723867
[etth1_early_best_v2/a015_topk2] [time_series][epoch 012] updated live plot
[etth1_early_best_v2/a015_topk2] [time_series][ssml_diag] gate_mode=peer_better_student_error score_transform=none window_score_k=1 smooth_k=1 expand_k=1 tail_start=0.00 residual_beta=1.000 ema_decay=0.000 weight_mode=score freeze_peer=False worse_only=False anchor_w=0.00000 imit_space=raw residual_space_k=9 conflict_proj=0 topk_scope=total max_sel=1.000 adaptive_dense_thr=1.100 positive_upper_q=1.000 guidance_schedule=warmup_then_decay first_active_epoch=2 best_before_active=0.32974235@1 best_after_active=0.33286161@7
[etth1_early_best_v2/a015_topk2] [time_series] done
[etth1_early_best_v2/a015_topk2] [time_series] dataset=etth1 pair=transformer:dlinear method=ssml seed=5 pred_len=24
[etth1_early_best_v2/a015_topk2] [time_series] run_dir=results/time_series_etth1_early_best_v2_worker1_gpu1/a015_topk2/time_series/etth1/transformer__dlinear_ssml_huber_seed5
[etth1_early_best_v2/a015_topk2] [time_series] params=419240
[etth1_early_best_v2/a015_topk2] [time_series][epoch 001] lambda=0.0000 g_scale=0.000 train_total=0.36394438 train_sup=0.36394438 train_imit=0.00000000 mean_w=0.0000 active=0.0000 s_dense=0.00 s_pos=0.4510 s_sel=0.0000 s_sel_pos=0.0000 s_hot_err=0.000000 s_bg_err=0.363944 s_gap=0.000000 conf_cos=0.0000 conf_proj=0.00 val_mse=0.34022130 val_mae=0.40666646 | p_pos=0.4439 p_dense=0.00 p_sel=0.0000 p_sel_pos=0.0000 p_hot_err=0.000000 p_bg_err=0.395333 p_gap=0.000000 peer_val_mse=0.31941682 peer_val_mae=0.38461431
[etth1_early_best_v2/a015_topk2] [time_series][epoch 002] lambda=0.0005 g_scale=1.000 train_total=0.26132769 train_sup=0.26132769 train_imit=0.00000000 mean_w=1.9387 active=0.0238 s_dense=0.00 s_pos=0.4332 s_sel=0.0238 s_sel_pos=0.0550 s_hot_err=1.938693 s_bg_err=0.213629 s_gap=0.813267 conf_cos=0.0000 conf_proj=0.00 val_mse=0.35001899 val_mae=0.41071111 | p_pos=0.4278 p_dense=0.00 p_sel=0.0238 p_sel_pos=0.0557 p_hot_err=2.435931 p_bg_err=0.230733 p_gap=1.143561 peer_val_mse=0.29710943 peer_val_mae=0.36629351
[etth1_early_best_v2/a015_topk2] [time_series][epoch 002] updated live plot
[etth1_early_best_v2/a015_topk2] [time_series][epoch 003] lambda=0.0004 g_scale=0.750 train_total=0.23779401 train_sup=0.23779401 train_imit=0.00000000 mean_w=1.7440 active=0.0238 s_dense=0.00 s_pos=0.4256 s_sel=0.0238 s_sel_pos=0.0560 s_hot_err=1.743978 s_bg_err=0.196479 s_gap=0.741904 conf_cos=0.0000 conf_proj=0.00 val_mse=0.33693676 val_mae=0.40030497 | p_pos=0.4255 p_dense=0.00 p_sel=0.0238 p_sel_pos=0.0560 p_hot_err=2.356657 p_bg_err=0.219655 p_gap=1.135328 peer_val_mse=0.28688878 peer_val_mae=0.35487453
[etth1_early_best_v2/a015_topk2] [time_series][epoch 004] lambda=0.0003 g_scale=0.500 train_total=0.21881779 train_sup=0.21881779 train_imit=0.00000000 mean_w=1.6260 active=0.0238 s_dense=0.00 s_pos=0.4157 s_sel=0.0238 s_sel_pos=0.0573 s_hot_err=1.625973 s_bg_err=0.181633 s_gap=0.718725 conf_cos=0.0000 conf_proj=0.00 val_mse=0.38383453 val_mae=0.42967998 | p_pos=0.4291 p_dense=0.00 p_sel=0.0238 p_sel_pos=0.0556 p_hot_err=2.330403 p_bg_err=0.214538 p_gap=1.199348 peer_val_mse=0.28429332 peer_val_mae=0.35372547
[etth1_early_best_v2/a015_topk2] [time_series][epoch 004] updated live plot
[etth1_early_best_v2/a015_topk2] [time_series][epoch 005] lambda=0.0001 g_scale=0.250 train_total=0.20350269 train_sup=0.20350269 train_imit=0.00000000 mean_w=1.5341 active=0.0238 s_dense=0.00 s_pos=0.4058 s_sel=0.0238 s_sel_pos=0.0587 s_hot_err=1.534138 s_bg_err=0.169691 s_gap=0.710148 conf_cos=0.0000 conf_proj=0.00 val_mse=0.35504706 val_mae=0.41349200 | p_pos=0.4356 p_dense=0.00 p_sel=0.0238 p_sel_pos=0.0547 p_hot_err=2.320827 p_bg_err=0.211301 p_gap=1.277736 peer_val_mse=0.27940917 peer_val_mae=0.34725911
[etth1_early_best_v2/a015_topk2] [time_series][epoch 006] lambda=0.0000 g_scale=0.000 train_total=0.19069856 train_sup=0.19069856 train_imit=0.00000000 mean_w=0.0000 active=0.0000 s_dense=0.00 s_pos=0.3981 s_sel=0.0000 s_sel_pos=0.0000 s_hot_err=0.000000 s_bg_err=0.190699 s_gap=0.000000 conf_cos=0.0000 conf_proj=0.00 val_mse=0.33168642 val_mae=0.39598559 | p_pos=0.4409 p_dense=0.00 p_sel=0.0000 p_sel_pos=0.0000 p_hot_err=0.000000 p_bg_err=0.259621 p_gap=0.000000 peer_val_mse=0.27934874 peer_val_mae=0.34947121
[etth1_early_best_v2/a015_topk2] [time_series][epoch 006] updated live plot
[etth1_early_best_v2/a015_topk2] [time_series][epoch 007] lambda=0.0000 g_scale=0.000 train_total=0.18083252 train_sup=0.18083252 train_imit=0.00000000 mean_w=0.0000 active=0.0000 s_dense=0.00 s_pos=0.3904 s_sel=0.0000 s_sel_pos=0.0000 s_hot_err=0.000000 s_bg_err=0.180833 s_gap=0.000000 conf_cos=0.0000 conf_proj=0.00 val_mse=0.33942575 val_mae=0.40565030 | p_pos=0.4458 p_dense=0.00 p_sel=0.0000 p_sel_pos=0.0000 p_hot_err=0.000000 p_bg_err=0.258148 p_gap=0.000000 peer_val_mse=0.28011709 peer_val_mae=0.34966803
[etth1_early_best_v2/a015_topk2] [time_series][epoch 008] lambda=0.0000 g_scale=0.000 train_total=0.17200435 train_sup=0.17200435 train_imit=0.00000000 mean_w=0.0000 active=0.0000 s_dense=0.00 s_pos=0.3859 s_sel=0.0000 s_sel_pos=0.0000 s_hot_err=0.000000 s_bg_err=0.172004 s_gap=0.000000 conf_cos=0.0000 conf_proj=0.00 val_mse=0.32688256 val_mae=0.39060090 | p_pos=0.4495 p_dense=0.00 p_sel=0.0000 p_sel_pos=0.0000 p_hot_err=0.000000 p_bg_err=0.256983 p_gap=0.000000 peer_val_mse=0.27813075 peer_val_mae=0.34907028
[etth1_early_best_v2/a015_topk2] [time_series][epoch 008] updated live plot
[etth1_early_best_v2/a015_topk2] [time_series][epoch 009] lambda=0.0000 g_scale=0.000 train_total=0.16411973 train_sup=0.16411973 train_imit=0.00000000 mean_w=0.0000 active=0.0000 s_dense=0.00 s_pos=0.3781 s_sel=0.0000 s_sel_pos=0.0000 s_hot_err=0.000000 s_bg_err=0.164120 s_gap=0.000000 conf_cos=0.0000 conf_proj=0.00 val_mse=0.36237710 val_mae=0.41863984 | p_pos=0.4554 p_dense=0.00 p_sel=0.0000 p_sel_pos=0.0000 p_hot_err=0.000000 p_bg_err=0.256473 p_gap=0.000000 peer_val_mse=0.27661435 peer_val_mae=0.34718543
[etth1_early_best_v2/a015_topk2] [time_series][epoch 010] lambda=0.0000 g_scale=0.000 train_total=0.15632925 train_sup=0.15632925 train_imit=0.00000000 mean_w=0.0000 active=0.0000 s_dense=0.00 s_pos=0.3714 s_sel=0.0000 s_sel_pos=0.0000 s_hot_err=0.000000 s_bg_err=0.156329 s_gap=0.000000 conf_cos=0.0000 conf_proj=0.00 val_mse=0.39296722 val_mae=0.43544956 | p_pos=0.4616 p_dense=0.00 p_sel=0.0000 p_sel_pos=0.0000 p_hot_err=0.000000 p_bg_err=0.256450 p_gap=0.000000 peer_val_mse=0.27424828 peer_val_mae=0.34273210
[etth1_early_best_v2/a015_topk2] [time_series][epoch 010] updated live plot
[etth1_early_best_v2/a015_topk2] [time_series][epoch 011] lambda=0.0000 g_scale=0.000 train_total=0.14947046 train_sup=0.14947046 train_imit=0.00000000 mean_w=0.0000 active=0.0000 s_dense=0.00 s_pos=0.3661 s_sel=0.0000 s_sel_pos=0.0000 s_hot_err=0.000000 s_bg_err=0.149470 s_gap=0.000000 conf_cos=0.0000 conf_proj=0.00 val_mse=0.37698685 val_mae=0.42701560 | p_pos=0.4661 p_dense=0.00 p_sel=0.0000 p_sel_pos=0.0000 p_hot_err=0.000000 p_bg_err=0.255660 p_gap=0.000000 peer_val_mse=0.27583711 peer_val_mae=0.34401328
[etth1_early_best_v2/a015_topk2] [time_series][epoch 012] lambda=0.0000 g_scale=0.000 train_total=0.14229220 train_sup=0.14229220 train_imit=0.00000000 mean_w=0.0000 active=0.0000 s_dense=0.00 s_pos=0.3594 s_sel=0.0000 s_sel_pos=0.0000 s_hot_err=0.000000 s_bg_err=0.142292 s_gap=0.000000 conf_cos=0.0000 conf_proj=0.00 val_mse=0.42019894 val_mae=0.45552614 | p_pos=0.4719 p_dense=0.00 p_sel=0.0000 p_sel_pos=0.0000 p_hot_err=0.000000 p_bg_err=0.255442 p_gap=0.000000 peer_val_mse=0.27465493 peer_val_mae=0.34411057
[etth1_early_best_v2/a015_topk2] [time_series][epoch 012] updated live plot
[etth1_early_best_v2/a015_topk2] [time_series][ssml_diag] gate_mode=peer_better_student_error score_transform=none window_score_k=1 smooth_k=1 expand_k=1 tail_start=0.00 residual_beta=1.000 ema_decay=0.000 weight_mode=score freeze_peer=False worse_only=False anchor_w=0.00000 imit_space=raw residual_space_k=9 conflict_proj=0 topk_scope=total max_sel=1.000 adaptive_dense_thr=1.100 positive_upper_q=1.000 guidance_schedule=warmup_then_decay first_active_epoch=2 best_before_active=0.34022130@1 best_after_active=0.32688256@8
[etth1_early_best_v2/a015_topk2] [time_series] done
[etth1_early_best_v2/a020_mid] log -> results/logs/non_operator_remaining/worker1_gpu1_etth1_early_best_v2_queue/a020_mid.log
[etth1_early_best_v2/a020_mid] [time_series] output_dir=results/time_series_etth1_early_best_v2_worker1_gpu1/a020_mid
[etth1_early_best_v2/a020_mid] [time_series] methods=ssml
[etth1_early_best_v2/a020_mid] [time_series] model_pairs=transformer:dlinear
[etth1_early_best_v2/a020_mid] [time_series] ssml_topk_ratio=0.010
[etth1_early_best_v2/a020_mid] [time_series] ssml_topk_scope=total
[etth1_early_best_v2/a020_mid] [time_series] ssml_max_selected_ratio=1.0
[etth1_early_best_v2/a020_mid] [time_series] ssml_adaptive_dense_threshold=1.1
[etth1_early_best_v2/a020_mid] [time_series] ssml_adaptive_dense_topk_ratio=1.0
[etth1_early_best_v2/a020_mid] [time_series] ssml_adaptive_dense_topk_scope=positive
[etth1_early_best_v2/a020_mid] [time_series] ssml_adaptive_dense_max_selected_ratio=1.0
[etth1_early_best_v2/a020_mid] [time_series] ssml_adaptive_dense_score_smoothing_kernel=-1
[etth1_early_best_v2/a020_mid] [time_series] ssml_adaptive_dense_window_expand_kernel=-1
[etth1_early_best_v2/a020_mid] [time_series] ssml_supervised_hotspot_alpha=0.20
[etth1_early_best_v2/a020_mid] [time_series] ssml_supervised_weight_mode=score
[etth1_early_best_v2/a020_mid] [time_series] ssml_gate_score_mode=peer_better_student_error
[etth1_early_best_v2/a020_mid] [time_series] ssml_score_transform=none
[etth1_early_best_v2/a020_mid] [time_series] ssml_positive_upper_quantile=1.0
[etth1_early_best_v2/a020_mid] [time_series] ssml_guidance_mode=reweight_only
[etth1_early_best_v2/a020_mid] [time_series] ssml_score_smoothing_kernel=1
[etth1_early_best_v2/a020_mid] [time_series] ssml_window_score_kernel=1
[etth1_early_best_v2/a020_mid] [time_series] ssml_window_expand_kernel=1
[etth1_early_best_v2/a020_mid] [time_series] ssml_tail_start_ratio=0.0
[etth1_early_best_v2/a020_mid] [time_series] ssml_residual_beta=1.0
[etth1_early_best_v2/a020_mid] [time_series] ssml_ema_decay=0.0
[etth1_early_best_v2/a020_mid] [time_series] ssml_imitation_space=raw
[etth1_early_best_v2/a020_mid] [time_series] ssml_residual_space_kernel=9
[etth1_early_best_v2/a020_mid] [time_series] ssml_conflict_aware_projection=0
[etth1_early_best_v2/a020_mid] [time_series] ssml_freeze_peer=0
[etth1_early_best_v2/a020_mid] [time_series] ssml_worse_only_update=0
[etth1_early_best_v2/a020_mid] [time_series] ssml_anchor_weight=0.0
[etth1_early_best_v2/a020_mid] [time_series] init_checkpoint_template=
[etth1_early_best_v2/a020_mid] [time_series] peer_init_checkpoint_template=
[etth1_early_best_v2/a020_mid] [time_series] early_stop_patience=0 early_stop_min_epochs=0 early_stop_min_delta=0.0
[etth1_early_best_v2/a020_mid] [time_series] live_plot_interval=2
[etth1_early_best_v2/a020_mid] [time_series] dataset=etth1 pair=transformer:dlinear method=ssml seed=3 pred_len=24
[etth1_early_best_v2/a020_mid] [time_series] run_dir=results/time_series_etth1_early_best_v2_worker1_gpu1/a020_mid/time_series/etth1/transformer__dlinear_ssml_huber_seed3
[etth1_early_best_v2/a020_mid] [time_series] params=419240
[etth1_early_best_v2/a020_mid] [time_series][epoch 001] lambda=0.0000 g_scale=0.000 train_total=0.36783429 train_sup=0.36783429 train_imit=0.00000000 mean_w=0.0000 active=0.0000 s_dense=0.00 s_pos=0.4555 s_sel=0.0000 s_sel_pos=0.0000 s_hot_err=0.000000 s_bg_err=0.367834 s_gap=0.000000 conf_cos=0.0000 conf_proj=0.00 val_mse=0.34442568 val_mae=0.41553825 | p_pos=0.4415 p_dense=0.00 p_sel=0.0000 p_sel_pos=0.0000 p_hot_err=0.000000 p_bg_err=0.397486 p_gap=0.000000 peer_val_mse=0.32263154 peer_val_mae=0.38546588
[etth1_early_best_v2/a020_mid] [time_series][epoch 002] lambda=0.0007 g_scale=1.000 train_total=0.25959695 train_sup=0.25959695 train_imit=0.00000000 mean_w=2.3448 active=0.0119 s_dense=0.00 s_pos=0.4321 s_sel=0.0119 s_sel_pos=0.0276 s_hot_err=2.344751 s_bg_err=0.229277 s_gap=0.945246 conf_cos=0.0000 conf_proj=0.00 val_mse=0.32378272 val_mae=0.39215380 | p_pos=0.4289 p_dense=0.00 p_sel=0.0119 p_sel_pos=0.0278 p_hot_err=2.836297 p_bg_err=0.252069 p_gap=1.290022 peer_val_mse=0.29827505 peer_val_mae=0.36792163
[etth1_early_best_v2/a020_mid] [time_series][epoch 002] updated live plot
[etth1_early_best_v2/a020_mid] [time_series][epoch 003] lambda=0.0005 g_scale=0.750 train_total=0.23690343 train_sup=0.23690343 train_imit=0.00000000 mean_w=2.1136 active=0.0119 s_dense=0.00 s_pos=0.4235 s_sel=0.0119 s_sel_pos=0.0281 s_hot_err=2.113627 s_bg_err=0.210782 s_gap=0.852757 conf_cos=0.0000 conf_proj=0.00 val_mse=0.35077332 val_mae=0.41115359 | p_pos=0.4276 p_dense=0.00 p_sel=0.0119 p_sel_pos=0.0279 p_hot_err=2.710919 p_bg_err=0.240893 p_gap=1.235638 peer_val_mse=0.28732533 peer_val_mae=0.35691041
[etth1_early_best_v2/a020_mid] [time_series][epoch 004] lambda=0.0003 g_scale=0.500 train_total=0.21873491 train_sup=0.21873491 train_imit=0.00000000 mean_w=1.9694 active=0.0119 s_dense=0.00 s_pos=0.4147 s_sel=0.0119 s_sel_pos=0.0287 s_hot_err=1.969447 s_bg_err=0.195458 s_gap=0.831195 conf_cos=0.0000 conf_proj=0.00 val_mse=0.34670816 val_mae=0.40669253 | p_pos=0.4311 p_dense=0.00 p_sel=0.0119 p_sel_pos=0.0276 p_hot_err=2.657496 p_bg_err=0.235723 p_gap=1.297594 peer_val_mse=0.28519521 peer_val_mae=0.35613785
[etth1_early_best_v2/a020_mid] [time_series][epoch 004] updated live plot
[etth1_early_best_v2/a020_mid] [time_series][epoch 005] lambda=0.0002 g_scale=0.250 train_total=0.20479262 train_sup=0.20479262 train_imit=0.00000000 mean_w=1.8691 active=0.0119 s_dense=0.00 s_pos=0.4079 s_sel=0.0119 s_sel_pos=0.0292 s_hot_err=1.869146 s_bg_err=0.183700 s_gap=0.817216 conf_cos=0.0000 conf_proj=0.00 val_mse=0.34709885 val_mae=0.40835292 | p_pos=0.4348 p_dense=0.00 p_sel=0.0119 p_sel_pos=0.0274 p_hot_err=2.637637 p_bg_err=0.232893 p_gap=1.374723 peer_val_mse=0.28140953 peer_val_mae=0.35103542
[etth1_early_best_v2/a020_mid] [time_series][epoch 006] lambda=0.0000 g_scale=0.000 train_total=0.19133289 train_sup=0.19133289 train_imit=0.00000000 mean_w=0.0000 active=0.0000 s_dense=0.00 s_pos=0.3994 s_sel=0.0000 s_sel_pos=0.0000 s_hot_err=0.000000 s_bg_err=0.191333 s_gap=0.000000 conf_cos=0.0000 conf_proj=0.00 val_mse=0.34864328 val_mae=0.40586309 | p_pos=0.4401 p_dense=0.00 p_sel=0.0000 p_sel_pos=0.0000 p_hot_err=0.000000 p_bg_err=0.259391 p_gap=0.000000 peer_val_mse=0.28255618 peer_val_mae=0.35548452
[etth1_early_best_v2/a020_mid] [time_series][epoch 006] updated live plot
[etth1_early_best_v2/a020_mid] [time_series][epoch 007] lambda=0.0000 g_scale=0.000 train_total=0.18092690 train_sup=0.18092690 train_imit=0.00000000 mean_w=0.0000 active=0.0000 s_dense=0.00 s_pos=0.3923 s_sel=0.0000 s_sel_pos=0.0000 s_hot_err=0.000000 s_bg_err=0.180927 s_gap=0.000000 conf_cos=0.0000 conf_proj=0.00 val_mse=0.36229045 val_mae=0.40971507 | p_pos=0.4459 p_dense=0.00 p_sel=0.0000 p_sel_pos=0.0000 p_hot_err=0.000000 p_bg_err=0.258009 p_gap=0.000000 peer_val_mse=0.27992877 peer_val_mae=0.34796618
[etth1_early_best_v2/a020_mid] [time_series][epoch 008] lambda=0.0000 g_scale=0.000 train_total=0.16794215 train_sup=0.16794215 train_imit=0.00000000 mean_w=0.0000 active=0.0000 s_dense=0.00 s_pos=0.3825 s_sel=0.0000 s_sel_pos=0.0000 s_hot_err=0.000000 s_bg_err=0.167942 s_gap=0.000000 conf_cos=0.0000 conf_proj=0.00 val_mse=0.39087094 val_mae=0.43305454 | p_pos=0.4535 p_dense=0.00 p_sel=0.0000 p_sel_pos=0.0000 p_hot_err=0.000000 p_bg_err=0.257258 p_gap=0.000000 peer_val_mse=0.27945869 peer_val_mae=0.35150836
[etth1_early_best_v2/a020_mid] [time_series][epoch 008] updated live plot
[etth1_early_best_v2/a020_mid] [time_series][epoch 009] lambda=0.0000 g_scale=0.000 train_total=0.16057286 train_sup=0.16057286 train_imit=0.00000000 mean_w=0.0000 active=0.0000 s_dense=0.00 s_pos=0.3765 s_sel=0.0000 s_sel_pos=0.0000 s_hot_err=0.000000 s_bg_err=0.160573 s_gap=0.000000 conf_cos=0.0000 conf_proj=0.00 val_mse=0.37154408 val_mae=0.42123632 | p_pos=0.4584 p_dense=0.00 p_sel=0.0000 p_sel_pos=0.0000 p_hot_err=0.000000 p_bg_err=0.256711 p_gap=0.000000 peer_val_mse=0.27650106 peer_val_mae=0.34546299
[etth1_early_best_v2/a020_mid] [time_series][epoch 010] lambda=0.0000 g_scale=0.000 train_total=0.15165284 train_sup=0.15165284 train_imit=0.00000000 mean_w=0.0000 active=0.0000 s_dense=0.00 s_pos=0.3696 s_sel=0.0000 s_sel_pos=0.0000 s_hot_err=0.000000 s_bg_err=0.151653 s_gap=0.000000 conf_cos=0.0000 conf_proj=0.00 val_mse=0.35113406 val_mae=0.40356968 | p_pos=0.4649 p_dense=0.00 p_sel=0.0000 p_sel_pos=0.0000 p_hot_err=0.000000 p_bg_err=0.256269 p_gap=0.000000 peer_val_mse=0.27906232 peer_val_mae=0.35136264
[etth1_early_best_v2/a020_mid] [time_series][epoch 010] updated live plot
[etth1_early_best_v2/a020_mid] [time_series][epoch 011] lambda=0.0000 g_scale=0.000 train_total=0.14420417 train_sup=0.14420417 train_imit=0.00000000 mean_w=0.0000 active=0.0000 s_dense=0.00 s_pos=0.3625 s_sel=0.0000 s_sel_pos=0.0000 s_hot_err=0.000000 s_bg_err=0.144204 s_gap=0.000000 conf_cos=0.0000 conf_proj=0.00 val_mse=0.38321696 val_mae=0.42744729 | p_pos=0.4707 p_dense=0.00 p_sel=0.0000 p_sel_pos=0.0000 p_hot_err=0.000000 p_bg_err=0.255903 p_gap=0.000000 peer_val_mse=0.27683859 peer_val_mae=0.34836907
[etth1_early_best_v2/a020_mid] [time_series][epoch 012] lambda=0.0000 g_scale=0.000 train_total=0.13860267 train_sup=0.13860267 train_imit=0.00000000 mean_w=0.0000 active=0.0000 s_dense=0.00 s_pos=0.3568 s_sel=0.0000 s_sel_pos=0.0000 s_hot_err=0.000000 s_bg_err=0.138603 s_gap=0.000000 conf_cos=0.0000 conf_proj=0.00 val_mse=0.36267841 val_mae=0.41075911 | p_pos=0.4755 p_dense=0.00 p_sel=0.0000 p_sel_pos=0.0000 p_hot_err=0.000000 p_bg_err=0.255645 p_gap=0.000000 peer_val_mse=0.27597964 peer_val_mae=0.34437175
[etth1_early_best_v2/a020_mid] [time_series][epoch 012] updated live plot
[etth1_early_best_v2/a020_mid] [time_series][ssml_diag] gate_mode=peer_better_student_error score_transform=none window_score_k=1 smooth_k=1 expand_k=1 tail_start=0.00 residual_beta=1.000 ema_decay=0.000 weight_mode=score freeze_peer=False worse_only=False anchor_w=0.00000 imit_space=raw residual_space_k=9 conflict_proj=0 topk_scope=total max_sel=1.000 adaptive_dense_thr=1.100 positive_upper_q=1.000 guidance_schedule=warmup_then_decay first_active_epoch=2 best_before_active=0.34442568@1 best_after_active=0.32378272@2
[etth1_early_best_v2/a020_mid] [time_series] done
[etth1_early_best_v2/a020_mid] [time_series] dataset=etth1 pair=transformer:dlinear method=ssml seed=4 pred_len=24
[etth1_early_best_v2/a020_mid] [time_series] run_dir=results/time_series_etth1_early_best_v2_worker1_gpu1/a020_mid/time_series/etth1/transformer__dlinear_ssml_huber_seed4
[etth1_early_best_v2/a020_mid] [time_series] params=419240
[etth1_early_best_v2/a020_mid] [time_series][epoch 001] lambda=0.0000 g_scale=0.000 train_total=0.36261261 train_sup=0.36261261 train_imit=0.00000000 mean_w=0.0000 active=0.0000 s_dense=0.00 s_pos=0.4497 s_sel=0.0000 s_sel_pos=0.0000 s_hot_err=0.000000 s_bg_err=0.362613 s_gap=0.000000 conf_cos=0.0000 conf_proj=0.00 val_mse=0.32974235 val_mae=0.39866524 | p_pos=0.4469 p_dense=0.00 p_sel=0.0000 p_sel_pos=0.0000 p_hot_err=0.000000 p_bg_err=0.406948 p_gap=0.000000 peer_val_mse=0.32135233 peer_val_mae=0.38614531
[etth1_early_best_v2/a020_mid] [time_series][epoch 002] lambda=0.0007 g_scale=1.000 train_total=0.25795610 train_sup=0.25795610 train_imit=0.00000000 mean_w=2.3157 active=0.0119 s_dense=0.00 s_pos=0.4315 s_sel=0.0119 s_sel_pos=0.0276 s_hot_err=2.315743 s_bg_err=0.228032 s_gap=0.930895 conf_cos=0.0000 conf_proj=0.00 val_mse=0.35574620 val_mae=0.41671216 | p_pos=0.4310 p_dense=0.00 p_sel=0.0119 p_sel_pos=0.0277 p_hot_err=2.856365 p_bg_err=0.252961 p_gap=1.323091 peer_val_mse=0.29958124 peer_val_mae=0.36735305
[etth1_early_best_v2/a020_mid] [time_series][epoch 002] updated live plot
[etth1_early_best_v2/a020_mid] [time_series][epoch 003] lambda=0.0005 g_scale=0.750 train_total=0.23752295 train_sup=0.23752295 train_imit=0.00000000 mean_w=2.1038 active=0.0119 s_dense=0.00 s_pos=0.4255 s_sel=0.0119 s_sel_pos=0.0280 s_hot_err=2.103767 s_bg_err=0.211546 s_gap=0.863838 conf_cos=0.0000 conf_proj=0.00 val_mse=0.36489584 val_mae=0.42767352 | p_pos=0.4275 p_dense=0.00 p_sel=0.0119 p_sel_pos=0.0279 p_hot_err=2.728239 p_bg_err=0.242145 p_gap=1.278921 peer_val_mse=0.28916435 peer_val_mae=0.35726893
[etth1_early_best_v2/a020_mid] [time_series][epoch 004] lambda=0.0003 g_scale=0.500 train_total=0.21863011 train_sup=0.21863011 train_imit=0.00000000 mean_w=1.9525 active=0.0119 s_dense=0.00 s_pos=0.4159 s_sel=0.0119 s_sel_pos=0.0287 s_hot_err=1.952484 s_bg_err=0.195578 s_gap=0.841678 conf_cos=0.0000 conf_proj=0.00 val_mse=0.34463953 val_mae=0.40299738 | p_pos=0.4318 p_dense=0.00 p_sel=0.0119 p_sel_pos=0.0276 p_hot_err=2.680146 p_bg_err=0.236864 p_gap=1.330901 peer_val_mse=0.28677191 peer_val_mae=0.35744015
[etth1_early_best_v2/a020_mid] [time_series][epoch 004] updated live plot
[etth1_early_best_v2/a020_mid] [time_series][epoch 005] lambda=0.0002 g_scale=0.250 train_total=0.20489737 train_sup=0.20489737 train_imit=0.00000000 mean_w=1.8452 active=0.0119 s_dense=0.00 s_pos=0.4090 s_sel=0.0119 s_sel_pos=0.0291 s_hot_err=1.845184 s_bg_err=0.184111 s_gap=0.818260 conf_cos=0.0000 conf_proj=0.00 val_mse=0.33133870 val_mae=0.39603426 | p_pos=0.4349 p_dense=0.00 p_sel=0.0119 p_sel_pos=0.0274 p_hot_err=2.666649 p_bg_err=0.233317 p_gap=1.398390 peer_val_mse=0.28107410 peer_val_mae=0.34962447
[etth1_early_best_v2/a020_mid] [time_series][epoch 006] lambda=0.0000 g_scale=0.000 train_total=0.19044767 train_sup=0.19044767 train_imit=0.00000000 mean_w=0.0000 active=0.0000 s_dense=0.00 s_pos=0.4006 s_sel=0.0000 s_sel_pos=0.0000 s_hot_err=0.000000 s_bg_err=0.190448 s_gap=0.000000 conf_cos=0.0000 conf_proj=0.00 val_mse=0.33918776 val_mae=0.40374712 | p_pos=0.4400 p_dense=0.00 p_sel=0.0000 p_sel_pos=0.0000 p_hot_err=0.000000 p_bg_err=0.260000 p_gap=0.000000 peer_val_mse=0.27893939 peer_val_mae=0.34855149
[etth1_early_best_v2/a020_mid] [time_series][epoch 006] updated live plot
[etth1_early_best_v2/a020_mid] [time_series][epoch 007] lambda=0.0000 g_scale=0.000 train_total=0.17996572 train_sup=0.17996572 train_imit=0.00000000 mean_w=0.0000 active=0.0000 s_dense=0.00 s_pos=0.3922 s_sel=0.0000 s_sel_pos=0.0000 s_hot_err=0.000000 s_bg_err=0.179966 s_gap=0.000000 conf_cos=0.0000 conf_proj=0.00 val_mse=0.33168887 val_mae=0.40336079 | p_pos=0.4466 p_dense=0.00 p_sel=0.0000 p_sel_pos=0.0000 p_hot_err=0.000000 p_bg_err=0.258498 p_gap=0.000000 peer_val_mse=0.27685532 peer_val_mae=0.34505420
[etth1_early_best_v2/a020_mid] [time_series][epoch 008] lambda=0.0000 g_scale=0.000 train_total=0.16810577 train_sup=0.16810577 train_imit=0.00000000 mean_w=0.0000 active=0.0000 s_dense=0.00 s_pos=0.3840 s_sel=0.0000 s_sel_pos=0.0000 s_hot_err=0.000000 s_bg_err=0.168106 s_gap=0.000000 conf_cos=0.0000 conf_proj=0.00 val_mse=0.34233912 val_mae=0.40670148 | p_pos=0.4537 p_dense=0.00 p_sel=0.0000 p_sel_pos=0.0000 p_hot_err=0.000000 p_bg_err=0.257488 p_gap=0.000000 peer_val_mse=0.27523296 peer_val_mae=0.34318072
[etth1_early_best_v2/a020_mid] [time_series][epoch 008] updated live plot
[etth1_early_best_v2/a020_mid] [time_series][epoch 009] lambda=0.0000 g_scale=0.000 train_total=0.16028064 train_sup=0.16028064 train_imit=0.00000000 mean_w=0.0000 active=0.0000 s_dense=0.00 s_pos=0.3767 s_sel=0.0000 s_sel_pos=0.0000 s_hot_err=0.000000 s_bg_err=0.160281 s_gap=0.000000 conf_cos=0.0000 conf_proj=0.00 val_mse=0.34859069 val_mae=0.41436781 | p_pos=0.4584 p_dense=0.00 p_sel=0.0000 p_sel_pos=0.0000 p_hot_err=0.000000 p_bg_err=0.256805 p_gap=0.000000 peer_val_mse=0.27449805 peer_val_mae=0.34297705
[etth1_early_best_v2/a020_mid] [time_series][epoch 010] lambda=0.0000 g_scale=0.000 train_total=0.15092438 train_sup=0.15092438 train_imit=0.00000000 mean_w=0.0000 active=0.0000 s_dense=0.00 s_pos=0.3706 s_sel=0.0000 s_sel_pos=0.0000 s_hot_err=0.000000 s_bg_err=0.150924 s_gap=0.000000 conf_cos=0.0000 conf_proj=0.00 val_mse=0.38745040 val_mae=0.43780120 | p_pos=0.4636 p_dense=0.00 p_sel=0.0000 p_sel_pos=0.0000 p_hot_err=0.000000 p_bg_err=0.255992 p_gap=0.000000 peer_val_mse=0.27681751 peer_val_mae=0.34502936
[etth1_early_best_v2/a020_mid] [time_series][epoch 010] updated live plot
[etth1_early_best_v2/a020_mid] [time_series][epoch 011] lambda=0.0000 g_scale=0.000 train_total=0.14420326 train_sup=0.14420326 train_imit=0.00000000 mean_w=0.0000 active=0.0000 s_dense=0.00 s_pos=0.3641 s_sel=0.0000 s_sel_pos=0.0000 s_hot_err=0.000000 s_bg_err=0.144203 s_gap=0.000000 conf_cos=0.0000 conf_proj=0.00 val_mse=0.36882230 val_mae=0.42074854 | p_pos=0.4690 p_dense=0.00 p_sel=0.0000 p_sel_pos=0.0000 p_hot_err=0.000000 p_bg_err=0.255860 p_gap=0.000000 peer_val_mse=0.27514382 peer_val_mae=0.34265213
[etth1_early_best_v2/a020_mid] [time_series][epoch 012] lambda=0.0000 g_scale=0.000 train_total=0.13968565 train_sup=0.13968565 train_imit=0.00000000 mean_w=0.0000 active=0.0000 s_dense=0.00 s_pos=0.3593 s_sel=0.0000 s_sel_pos=0.0000 s_hot_err=0.000000 s_bg_err=0.139686 s_gap=0.000000 conf_cos=0.0000 conf_proj=0.00 val_mse=0.38462922 val_mae=0.44282948 | p_pos=0.4732 p_dense=0.00 p_sel=0.0000 p_sel_pos=0.0000 p_hot_err=0.000000 p_bg_err=0.255518 p_gap=0.000000 peer_val_mse=0.27575318 peer_val_mae=0.34723988
[etth1_early_best_v2/a020_mid] [time_series][epoch 012] updated live plot
[etth1_early_best_v2/a020_mid] [time_series][ssml_diag] gate_mode=peer_better_student_error score_transform=none window_score_k=1 smooth_k=1 expand_k=1 tail_start=0.00 residual_beta=1.000 ema_decay=0.000 weight_mode=score freeze_peer=False worse_only=False anchor_w=0.00000 imit_space=raw residual_space_k=9 conflict_proj=0 topk_scope=total max_sel=1.000 adaptive_dense_thr=1.100 positive_upper_q=1.000 guidance_schedule=warmup_then_decay first_active_epoch=2 best_before_active=0.32974235@1 best_after_active=0.33133870@5
[etth1_early_best_v2/a020_mid] [time_series] done
[etth1_early_best_v2/a020_mid] [time_series] dataset=etth1 pair=transformer:dlinear method=ssml seed=5 pred_len=24
[etth1_early_best_v2/a020_mid] [time_series] run_dir=results/time_series_etth1_early_best_v2_worker1_gpu1/a020_mid/time_series/etth1/transformer__dlinear_ssml_huber_seed5
[etth1_early_best_v2/a020_mid] [time_series] params=419240
[etth1_early_best_v2/a020_mid] [time_series][epoch 001] lambda=0.0000 g_scale=0.000 train_total=0.36394438 train_sup=0.36394438 train_imit=0.00000000 mean_w=0.0000 active=0.0000 s_dense=0.00 s_pos=0.4510 s_sel=0.0000 s_sel_pos=0.0000 s_hot_err=0.000000 s_bg_err=0.363944 s_gap=0.000000 conf_cos=0.0000 conf_proj=0.00 val_mse=0.34022130 val_mae=0.40666646 | p_pos=0.4439 p_dense=0.00 p_sel=0.0000 p_sel_pos=0.0000 p_hot_err=0.000000 p_bg_err=0.395333 p_gap=0.000000 peer_val_mse=0.31941682 peer_val_mae=0.38461431
[etth1_early_best_v2/a020_mid] [time_series][epoch 002] lambda=0.0007 g_scale=1.000 train_total=0.25972218 train_sup=0.25972218 train_imit=0.00000000 mean_w=2.3266 active=0.0119 s_dense=0.00 s_pos=0.4332 s_sel=0.0119 s_sel_pos=0.0275 s_hot_err=2.326611 s_bg_err=0.229671 s_gap=0.931318 conf_cos=0.0000 conf_proj=0.00 val_mse=0.35140335 val_mae=0.41209001 | p_pos=0.4278 p_dense=0.00 p_sel=0.0119 p_sel_pos=0.0279 p_hot_err=2.834210 p_bg_err=0.252523 p_gap=1.286793 peer_val_mse=0.29713103 peer_val_mae=0.36628488
[etth1_early_best_v2/a020_mid] [time_series][epoch 002] updated live plot
[etth1_early_best_v2/a020_mid] [time_series][epoch 003] lambda=0.0005 g_scale=0.750 train_total=0.23681109 train_sup=0.23681109 train_imit=0.00000000 mean_w=2.0948 active=0.0119 s_dense=0.00 s_pos=0.4255 s_sel=0.0119 s_sel_pos=0.0280 s_hot_err=2.094844 s_bg_err=0.210950 s_gap=0.851133 conf_cos=0.0000 conf_proj=0.00 val_mse=0.33364686 val_mae=0.39693737 | p_pos=0.4253 p_dense=0.00 p_sel=0.0119 p_sel_pos=0.0280 p_hot_err=2.716549 p_bg_err=0.241096 p_gap=1.258462 peer_val_mse=0.28688302 peer_val_mae=0.35485434
[etth1_early_best_v2/a020_mid] [time_series][epoch 004] lambda=0.0003 g_scale=0.500 train_total=0.21823798 train_sup=0.21823798 train_imit=0.00000000 mean_w=1.9643 active=0.0119 s_dense=0.00 s_pos=0.4157 s_sel=0.0119 s_sel_pos=0.0287 s_hot_err=1.964324 s_bg_err=0.195021 s_gap=0.830549 conf_cos=0.0000 conf_proj=0.00 val_mse=0.39798927 val_mae=0.43784689 | p_pos=0.4292 p_dense=0.00 p_sel=0.0119 p_sel_pos=0.0278 p_hot_err=2.668122 p_bg_err=0.235982 p_gap=1.312713 peer_val_mse=0.28426924 peer_val_mae=0.35368998
[etth1_early_best_v2/a020_mid] [time_series][epoch 004] updated live plot
[etth1_early_best_v2/a020_mid] [time_series][epoch 005] lambda=0.0002 g_scale=0.250 train_total=0.20343510 train_sup=0.20343510 train_imit=0.00000000 mean_w=1.8596 active=0.0119 s_dense=0.00 s_pos=0.4063 s_sel=0.0119 s_sel_pos=0.0293 s_hot_err=1.859557 s_bg_err=0.182449 s_gap=0.826603 conf_cos=0.0000 conf_proj=0.00 val_mse=0.35465434 val_mae=0.41104105 | p_pos=0.4352 p_dense=0.00 p_sel=0.0119 p_sel_pos=0.0274 p_hot_err=2.645130 p_bg_err=0.232823 p_gap=1.395261 peer_val_mse=0.27939658 peer_val_mae=0.34723864
[etth1_early_best_v2/a020_mid] [time_series][epoch 006] lambda=0.0000 g_scale=0.000 train_total=0.19081604 train_sup=0.19081604 train_imit=0.00000000 mean_w=0.0000 active=0.0000 s_dense=0.00 s_pos=0.3979 s_sel=0.0000 s_sel_pos=0.0000 s_hot_err=0.000000 s_bg_err=0.190816 s_gap=0.000000 conf_cos=0.0000 conf_proj=0.00 val_mse=0.32884599 val_mae=0.39394352 | p_pos=0.4408 p_dense=0.00 p_sel=0.0000 p_sel_pos=0.0000 p_hot_err=0.000000 p_bg_err=0.259631 p_gap=0.000000 peer_val_mse=0.27935491 peer_val_mae=0.34948226
[etth1_early_best_v2/a020_mid] [time_series][epoch 006] updated live plot
[etth1_early_best_v2/a020_mid] [time_series][epoch 007] lambda=0.0000 g_scale=0.000 train_total=0.18126925 train_sup=0.18126925 train_imit=0.00000000 mean_w=0.0000 active=0.0000 s_dense=0.00 s_pos=0.3908 s_sel=0.0000 s_sel_pos=0.0000 s_hot_err=0.000000 s_bg_err=0.181269 s_gap=0.000000 conf_cos=0.0000 conf_proj=0.00 val_mse=0.33257536 val_mae=0.39844603 | p_pos=0.4457 p_dense=0.00 p_sel=0.0000 p_sel_pos=0.0000 p_hot_err=0.000000 p_bg_err=0.258153 p_gap=0.000000 peer_val_mse=0.28011733 peer_val_mae=0.34966573
[etth1_early_best_v2/a020_mid] [time_series][epoch 008] lambda=0.0000 g_scale=0.000 train_total=0.17255460 train_sup=0.17255460 train_imit=0.00000000 mean_w=0.0000 active=0.0000 s_dense=0.00 s_pos=0.3866 s_sel=0.0000 s_sel_pos=0.0000 s_hot_err=0.000000 s_bg_err=0.172555 s_gap=0.000000 conf_cos=0.0000 conf_proj=0.00 val_mse=0.33724304 val_mae=0.39711478 | p_pos=0.4487 p_dense=0.00 p_sel=0.0000 p_sel_pos=0.0000 p_hot_err=0.000000 p_bg_err=0.256986 p_gap=0.000000 peer_val_mse=0.27813328 peer_val_mae=0.34907602
[etth1_early_best_v2/a020_mid] [time_series][epoch 008] updated live plot
[etth1_early_best_v2/a020_mid] [time_series][epoch 009] lambda=0.0000 g_scale=0.000 train_total=0.16459310 train_sup=0.16459310 train_imit=0.00000000 mean_w=0.0000 active=0.0000 s_dense=0.00 s_pos=0.3789 s_sel=0.0000 s_sel_pos=0.0000 s_hot_err=0.000000 s_bg_err=0.164593 s_gap=0.000000 conf_cos=0.0000 conf_proj=0.00 val_mse=0.36293755 val_mae=0.42260324 | p_pos=0.4552 p_dense=0.00 p_sel=0.0000 p_sel_pos=0.0000 p_hot_err=0.000000 p_bg_err=0.256475 p_gap=0.000000 peer_val_mse=0.27661028 peer_val_mae=0.34717773
[etth1_early_best_v2/a020_mid] [time_series][epoch 010] lambda=0.0000 g_scale=0.000 train_total=0.15664591 train_sup=0.15664591 train_imit=0.00000000 mean_w=0.0000 active=0.0000 s_dense=0.00 s_pos=0.3722 s_sel=0.0000 s_sel_pos=0.0000 s_hot_err=0.000000 s_bg_err=0.156646 s_gap=0.000000 conf_cos=0.0000 conf_proj=0.00 val_mse=0.40224621 val_mae=0.44732329 | p_pos=0.4614 p_dense=0.00 p_sel=0.0000 p_sel_pos=0.0000 p_hot_err=0.000000 p_bg_err=0.256451 p_gap=0.000000 peer_val_mse=0.27424885 peer_val_mae=0.34273421
[etth1_early_best_v2/a020_mid] [time_series][epoch 010] updated live plot
[etth1_early_best_v2/a020_mid] [time_series][epoch 011] lambda=0.0000 g_scale=0.000 train_total=0.15005478 train_sup=0.15005478 train_imit=0.00000000 mean_w=0.0000 active=0.0000 s_dense=0.00 s_pos=0.3663 s_sel=0.0000 s_sel_pos=0.0000 s_hot_err=0.000000 s_bg_err=0.150055 s_gap=0.000000 conf_cos=0.0000 conf_proj=0.00 val_mse=0.39588952 val_mae=0.44293505 | p_pos=0.4661 p_dense=0.00 p_sel=0.0000 p_sel_pos=0.0000 p_hot_err=0.000000 p_bg_err=0.255660 p_gap=0.000000 peer_val_mse=0.27583780 peer_val_mae=0.34401346
[etth1_early_best_v2/a020_mid] [time_series][epoch 012] lambda=0.0000 g_scale=0.000 train_total=0.14268611 train_sup=0.14268611 train_imit=0.00000000 mean_w=0.0000 active=0.0000 s_dense=0.00 s_pos=0.3597 s_sel=0.0000 s_sel_pos=0.0000 s_hot_err=0.000000 s_bg_err=0.142686 s_gap=0.000000 conf_cos=0.0000 conf_proj=0.00 val_mse=0.39622048 val_mae=0.44418112 | p_pos=0.4721 p_dense=0.00 p_sel=0.0000 p_sel_pos=0.0000 p_hot_err=0.000000 p_bg_err=0.255442 p_gap=0.000000 peer_val_mse=0.27465519 peer_val_mae=0.34411240
[etth1_early_best_v2/a020_mid] [time_series][epoch 012] updated live plot
[etth1_early_best_v2/a020_mid] [time_series][ssml_diag] gate_mode=peer_better_student_error score_transform=none window_score_k=1 smooth_k=1 expand_k=1 tail_start=0.00 residual_beta=1.000 ema_decay=0.000 weight_mode=score freeze_peer=False worse_only=False anchor_w=0.00000 imit_space=raw residual_space_k=9 conflict_proj=0 topk_scope=total max_sel=1.000 adaptive_dense_thr=1.100 positive_upper_q=1.000 guidance_schedule=warmup_then_decay first_active_epoch=2 best_before_active=0.34022130@1 best_after_active=0.32884599@6
[etth1_early_best_v2/a020_mid] [time_series] done
