[worker1_electricity_handoff_router_seeded_v1] started gpu0 pid=12647
[worker1_electricity_handoff_router_seeded_v1] started gpu1 pid=12648
[worker1/electricity_handoff_router_seeded_v1_gpu0] log -> results/logs/time_series_electricity_handoff_router_seeded_v1/worker1/time_series_gpu0_worker1_gpu0.log
[worker1/electricity_handoff_router_seeded_v1_gpu1] log -> results/logs/time_series_electricity_handoff_router_seeded_v1/worker1/time_series_gpu1_worker1_gpu1.log
[worker1/electricity_handoff_router_seeded_v1_gpu0] [time_series_electricity_handoff_router_seeded_v1] output_root=results/time_series_electricity_handoff_router_seeded_v1/worker1_gpu0
[worker1/electricity_handoff_router_seeded_v1_gpu0] [time_series_electricity_handoff_router_seeded_v1] gpu=0 seeds=0 1 2 epochs=70
[worker1/electricity_handoff_router_seeded_v1_gpu0] [time_series_electricity_handoff_router_seeded_v1] init_checkpoint_template=results/time_series_electricity_followup_v1/best_known/time_series/{dataset}/{model}_independent_{regression_imitation_loss}_seed{seed}/model.pt
[worker1/electricity_handoff_router_seeded_v1_gpu0] [time_series_electricity_handoff_router_seeded_v1] peer_init_checkpoint_template=results/time_series_electricity_followup_v1/best_known/time_series/{dataset}/{model}_independent_{regression_imitation_loss}_seed{seed}/model.pt
[worker1/electricity_handoff_router_seeded_v1_gpu0] [time_series_electricity_handoff_router_seeded_v1] case_specs=elec_handoff_q75_b18:0.10:0.0008:64:0.00:10:10:18:18:24:0.05:0.75:0.0005:3:0.18:12:18:0.0001:22:0.70:1.00:0.00 elec_handoff_q70_b20:0.12:0.0010:64:0.00:8:8:16:16:22:0.05:0.70:0.0003:3:0.20:12:18:0.0001:20:0.65:1.05:0.00
[worker1/electricity_handoff_router_seeded_v1_gpu0] [time_series_electricity_handoff_router_seeded_v1/elec_handoff_q75_b18] lock -> /home/namkyeong/ssmo/results/.locks/time_series_electricity_handoff_router_seeded_v1_elec_handoff_q75_b18.lock
[worker1/electricity_handoff_router_seeded_v1_gpu0] [time_series_electricity_handoff_router_seeded_v1/elec_handoff_q75_b18] log -> results/logs/time_series_electricity_handoff_router_seeded_v1/worker1/worker1_gpu0/elec_handoff_q75_b18.log
[worker1/electricity_handoff_router_seeded_v1_gpu0] [time_series_electricity_handoff_router_seeded_v1/elec_handoff_q75_b18] [time_series] output_dir=results/time_series_electricity_handoff_router_seeded_v1/worker1_gpu0/elec_handoff_q75_b18
[worker1/electricity_handoff_router_seeded_v1_gpu0] [time_series_electricity_handoff_router_seeded_v1/elec_handoff_q75_b18] [time_series] methods=ssml
[worker1/electricity_handoff_router_seeded_v1_gpu0] [time_series_electricity_handoff_router_seeded_v1/elec_handoff_q75_b18] [time_series] model_pairs=transformer:dlinear
[worker1/electricity_handoff_router_seeded_v1_gpu0] [time_series_electricity_handoff_router_seeded_v1/elec_handoff_q75_b18] [time_series] lr=1e-3 weight_decay=0.0
[worker1/electricity_handoff_router_seeded_v1_gpu0] [time_series_electricity_handoff_router_seeded_v1/elec_handoff_q75_b18] [time_series] ssml_topk_ratio=0.3
[worker1/electricity_handoff_router_seeded_v1_gpu0] [time_series_electricity_handoff_router_seeded_v1/elec_handoff_q75_b18] [time_series] ssml_topk_scope=total
[worker1/electricity_handoff_router_seeded_v1_gpu0] [time_series_electricity_handoff_router_seeded_v1/elec_handoff_q75_b18] [time_series] ssml_max_selected_ratio=1.0
[worker1/electricity_handoff_router_seeded_v1_gpu0] [time_series_electricity_handoff_router_seeded_v1/elec_handoff_q75_b18] [time_series] ssml_adaptive_dense_threshold=1.1
[worker1/electricity_handoff_router_seeded_v1_gpu0] [time_series_electricity_handoff_router_seeded_v1/elec_handoff_q75_b18] [time_series] ssml_adaptive_dense_topk_ratio=1.0
[worker1/electricity_handoff_router_seeded_v1_gpu0] [time_series_electricity_handoff_router_seeded_v1/elec_handoff_q75_b18] [time_series] ssml_adaptive_dense_topk_scope=positive
[worker1/electricity_handoff_router_seeded_v1_gpu0] [time_series_electricity_handoff_router_seeded_v1/elec_handoff_q75_b18] [time_series] ssml_adaptive_dense_max_selected_ratio=1.0
[worker1/electricity_handoff_router_seeded_v1_gpu0] [time_series_electricity_handoff_router_seeded_v1/elec_handoff_q75_b18] [time_series] ssml_adaptive_dense_score_smoothing_kernel=-1
[worker1/electricity_handoff_router_seeded_v1_gpu0] [time_series_electricity_handoff_router_seeded_v1/elec_handoff_q75_b18] [time_series] ssml_adaptive_dense_window_expand_kernel=-1
[worker1/electricity_handoff_router_seeded_v1_gpu0] [time_series_electricity_handoff_router_seeded_v1/elec_handoff_q75_b18] [time_series] ssml_supervised_hotspot_alpha=0.0
[worker1/electricity_handoff_router_seeded_v1_gpu0] [time_series_electricity_handoff_router_seeded_v1/elec_handoff_q75_b18] [time_series] ssml_supervised_weight_mode=score
[worker1/electricity_handoff_router_seeded_v1_gpu0] [time_series_electricity_handoff_router_seeded_v1/elec_handoff_q75_b18] [time_series] ssml_gate_score_mode=peer_better_student_error
[worker1/electricity_handoff_router_seeded_v1_gpu0] [time_series_electricity_handoff_router_seeded_v1/elec_handoff_q75_b18] [time_series] ssml_score_transform=none
[worker1/electricity_handoff_router_seeded_v1_gpu0] [time_series_electricity_handoff_router_seeded_v1/elec_handoff_q75_b18] [time_series] ssml_positive_upper_quantile=1.0
[worker1/electricity_handoff_router_seeded_v1_gpu0] [time_series_electricity_handoff_router_seeded_v1/elec_handoff_q75_b18] [time_series] ssml_guidance_mode=corrective
[worker1/electricity_handoff_router_seeded_v1_gpu0] [time_series_electricity_handoff_router_seeded_v1/elec_handoff_q75_b18] [time_series] ssml_correction_gate_hidden_dim=64
[worker1/electricity_handoff_router_seeded_v1_gpu0] [time_series_electricity_handoff_router_seeded_v1/elec_handoff_q75_b18] [time_series] ssml_correction_gate_dropout=0.00
[worker1/electricity_handoff_router_seeded_v1_gpu0] [time_series_electricity_handoff_router_seeded_v1/elec_handoff_q75_b18] [time_series] ssml_correction_init_bias=0.0
[worker1/electricity_handoff_router_seeded_v1_gpu0] [time_series_electricity_handoff_router_seeded_v1/elec_handoff_q75_b18] [time_series] ssml_correction_sparsity_weight=0.0008
[worker1/electricity_handoff_router_seeded_v1_gpu0] [time_series_electricity_handoff_router_seeded_v1/elec_handoff_q75_b18] [time_series] ssml_correction_threshold=0.5
[worker1/electricity_handoff_router_seeded_v1_gpu0] [time_series_electricity_handoff_router_seeded_v1/elec_handoff_q75_b18] [time_series] ssml_correction_ramp_start_epoch=10
[worker1/electricity_handoff_router_seeded_v1_gpu0] [time_series_electricity_handoff_router_seeded_v1/elec_handoff_q75_b18] [time_series] ssml_correction_ramp_end_epoch=18
[worker1/electricity_handoff_router_seeded_v1_gpu0] [time_series_electricity_handoff_router_seeded_v1/elec_handoff_q75_b18] [time_series] ssml_correction_freeze_student_epochs=0
[worker1/electricity_handoff_router_seeded_v1_gpu0] [time_series_electricity_handoff_router_seeded_v1/elec_handoff_q75_b18] [time_series] ssml_correction_only=1
[worker1/electricity_handoff_router_seeded_v1_gpu0] [time_series_electricity_handoff_router_seeded_v1/elec_handoff_q75_b18] [time_series] ssml_correction_tail_start_ratio=0.0
[worker1/electricity_handoff_router_seeded_v1_gpu0] [time_series_electricity_handoff_router_seeded_v1/elec_handoff_q75_b18] [time_series] ssml_correction_regime_focus_quantile=0.0
[worker1/electricity_handoff_router_seeded_v1_gpu0] [time_series_electricity_handoff_router_seeded_v1/elec_handoff_q75_b18] [time_series] ssml_correction_focus_loss_alpha=0.0
[worker1/electricity_handoff_router_seeded_v1_gpu0] [time_series_electricity_handoff_router_seeded_v1/elec_handoff_q75_b18] [time_series] ssml_correction_peer_advantage_quantile=0.75
[worker1/electricity_handoff_router_seeded_v1_gpu0] [time_series_electricity_handoff_router_seeded_v1/elec_handoff_q75_b18] [time_series] ssml_correction_peer_advantage_min=0.0005
[worker1/electricity_handoff_router_seeded_v1_gpu0] [time_series_electricity_handoff_router_seeded_v1/elec_handoff_q75_b18] [time_series] ssml_correction_peer_advantage_smoothing_kernel=3
[worker1/electricity_handoff_router_seeded_v1_gpu0] [time_series_electricity_handoff_router_seeded_v1/elec_handoff_q75_b18] [time_series] ssml_correction_budget_ratio=0.18
[worker1/electricity_handoff_router_seeded_v1_gpu0] [time_series_electricity_handoff_router_seeded_v1/elec_handoff_q75_b18] [time_series] ssml_handoff_end_epoch=22
[worker1/electricity_handoff_router_seeded_v1_gpu0] [time_series_electricity_handoff_router_seeded_v1/elec_handoff_q75_b18] [time_series] ssml_router_bin_endpoints=8,16,24
[worker1/electricity_handoff_router_seeded_v1_gpu0] [time_series_electricity_handoff_router_seeded_v1/elec_handoff_q75_b18] [time_series] ssml_router_ema_decay=0.70
[worker1/electricity_handoff_router_seeded_v1_gpu0] [time_series_electricity_handoff_router_seeded_v1/elec_handoff_q75_b18] [time_series] ssml_trend_only_teaching=1
[worker1/electricity_handoff_router_seeded_v1_gpu0] [time_series_electricity_handoff_router_seeded_v1/elec_handoff_q75_b18] [time_series] ssml_correction_feature_mode=trend_residual
[worker1/electricity_handoff_router_seeded_v1_gpu0] [time_series_electricity_handoff_router_seeded_v1/elec_handoff_q75_b18] [time_series] ssml_correction_use_regime_features=1
[worker1/electricity_handoff_router_seeded_v1_gpu0] [time_series_electricity_handoff_router_seeded_v1/elec_handoff_q75_b18] [time_series] ssml_correction_decomposition_kernel=9
[worker1/electricity_handoff_router_seeded_v1_gpu0] [time_series_electricity_handoff_router_seeded_v1/elec_handoff_q75_b18] [time_series] ssml_correction_trend_scale=1.00
[worker1/electricity_handoff_router_seeded_v1_gpu0] [time_series_electricity_handoff_router_seeded_v1/elec_handoff_q75_b18] [time_series] ssml_correction_residual_scale=0.00
[worker1/electricity_handoff_router_seeded_v1_gpu0] [time_series_electricity_handoff_router_seeded_v1/elec_handoff_q75_b18] [time_series] ssml_score_smoothing_kernel=1
[worker1/electricity_handoff_router_seeded_v1_gpu0] [time_series_electricity_handoff_router_seeded_v1/elec_handoff_q75_b18] [time_series] ssml_window_score_kernel=1
[worker1/electricity_handoff_router_seeded_v1_gpu0] [time_series_electricity_handoff_router_seeded_v1/elec_handoff_q75_b18] [time_series] ssml_window_expand_kernel=1
[worker1/electricity_handoff_router_seeded_v1_gpu0] [time_series_electricity_handoff_router_seeded_v1/elec_handoff_q75_b18] [time_series] ssml_tail_start_ratio=0.0
[worker1/electricity_handoff_router_seeded_v1_gpu0] [time_series_electricity_handoff_router_seeded_v1/elec_handoff_q75_b18] [time_series] ssml_residual_beta=1.0
[worker1/electricity_handoff_router_seeded_v1_gpu0] [time_series_electricity_handoff_router_seeded_v1/elec_handoff_q75_b18] [time_series] ssml_ema_decay=0.0
[worker1/electricity_handoff_router_seeded_v1_gpu0] [time_series_electricity_handoff_router_seeded_v1/elec_handoff_q75_b18] [time_series] ssml_imitation_space=raw
[worker1/electricity_handoff_router_seeded_v1_gpu0] [time_series_electricity_handoff_router_seeded_v1/elec_handoff_q75_b18] [time_series] ssml_residual_space_kernel=9
[worker1/electricity_handoff_router_seeded_v1_gpu0] [time_series_electricity_handoff_router_seeded_v1/elec_handoff_q75_b18] [time_series] ssml_conflict_aware_projection=0
[worker1/electricity_handoff_router_seeded_v1_gpu0] [time_series_electricity_handoff_router_seeded_v1/elec_handoff_q75_b18] [time_series] ssml_freeze_peer=1
[worker1/electricity_handoff_router_seeded_v1_gpu0] [time_series_electricity_handoff_router_seeded_v1/elec_handoff_q75_b18] [time_series] ssml_worse_only_update=0
[worker1/electricity_handoff_router_seeded_v1_gpu0] [time_series_electricity_handoff_router_seeded_v1/elec_handoff_q75_b18] [time_series] ssml_anchor_weight=0.0
[worker1/electricity_handoff_router_seeded_v1_gpu1] [time_series_electricity_handoff_router_seeded_v1] output_root=results/time_series_electricity_handoff_router_seeded_v1/worker1_gpu1
[worker1/electricity_handoff_router_seeded_v1_gpu1] [time_series_electricity_handoff_router_seeded_v1] gpu=1 seeds=0 1 2 epochs=70
[worker1/electricity_handoff_router_seeded_v1_gpu1] [time_series_electricity_handoff_router_seeded_v1] init_checkpoint_template=results/time_series_electricity_followup_v1/best_known/time_series/{dataset}/{model}_independent_{regression_imitation_loss}_seed{seed}/model.pt
[worker1/electricity_handoff_router_seeded_v1_gpu1] [time_series_electricity_handoff_router_seeded_v1] peer_init_checkpoint_template=results/time_series_electricity_followup_v1/best_known/time_series/{dataset}/{model}_independent_{regression_imitation_loss}_seed{seed}/model.pt
[worker1/electricity_handoff_router_seeded_v1_gpu1] [time_series_electricity_handoff_router_seeded_v1] case_specs=elec_handoff_q80_b15:0.08:0.0008:48:0.00:12:12:20:20:26:0.08:0.80:0.0008:5:0.15:12:20:0.0001:24:0.75:0.95:0.00
[worker1/electricity_handoff_router_seeded_v1_gpu1] [time_series_electricity_handoff_router_seeded_v1/elec_handoff_q80_b15] lock -> /home/namkyeong/ssmo/results/.locks/time_series_electricity_handoff_router_seeded_v1_elec_handoff_q80_b15.lock
[worker1/electricity_handoff_router_seeded_v1_gpu1] [time_series_electricity_handoff_router_seeded_v1/elec_handoff_q80_b15] log -> results/logs/time_series_electricity_handoff_router_seeded_v1/worker1/worker1_gpu1/elec_handoff_q80_b15.log
[worker1/electricity_handoff_router_seeded_v1_gpu1] [time_series_electricity_handoff_router_seeded_v1/elec_handoff_q80_b15] [time_series] output_dir=results/time_series_electricity_handoff_router_seeded_v1/worker1_gpu1/elec_handoff_q80_b15
[worker1/electricity_handoff_router_seeded_v1_gpu1] [time_series_electricity_handoff_router_seeded_v1/elec_handoff_q80_b15] [time_series] methods=ssml
[worker1/electricity_handoff_router_seeded_v1_gpu1] [time_series_electricity_handoff_router_seeded_v1/elec_handoff_q80_b15] [time_series] model_pairs=transformer:dlinear
[worker1/electricity_handoff_router_seeded_v1_gpu1] [time_series_electricity_handoff_router_seeded_v1/elec_handoff_q80_b15] [time_series] lr=1e-3 weight_decay=0.0
[worker1/electricity_handoff_router_seeded_v1_gpu1] [time_series_electricity_handoff_router_seeded_v1/elec_handoff_q80_b15] [time_series] ssml_topk_ratio=0.3
[worker1/electricity_handoff_router_seeded_v1_gpu1] [time_series_electricity_handoff_router_seeded_v1/elec_handoff_q80_b15] [time_series] ssml_topk_scope=total
[worker1/electricity_handoff_router_seeded_v1_gpu1] [time_series_electricity_handoff_router_seeded_v1/elec_handoff_q80_b15] [time_series] ssml_max_selected_ratio=1.0
[worker1/electricity_handoff_router_seeded_v1_gpu1] [time_series_electricity_handoff_router_seeded_v1/elec_handoff_q80_b15] [time_series] ssml_adaptive_dense_threshold=1.1
[worker1/electricity_handoff_router_seeded_v1_gpu1] [time_series_electricity_handoff_router_seeded_v1/elec_handoff_q80_b15] [time_series] ssml_adaptive_dense_topk_ratio=1.0
[worker1/electricity_handoff_router_seeded_v1_gpu1] [time_series_electricity_handoff_router_seeded_v1/elec_handoff_q80_b15] [time_series] ssml_adaptive_dense_topk_scope=positive
[worker1/electricity_handoff_router_seeded_v1_gpu1] [time_series_electricity_handoff_router_seeded_v1/elec_handoff_q80_b15] [time_series] ssml_adaptive_dense_max_selected_ratio=1.0
[worker1/electricity_handoff_router_seeded_v1_gpu1] [time_series_electricity_handoff_router_seeded_v1/elec_handoff_q80_b15] [time_series] ssml_adaptive_dense_score_smoothing_kernel=-1
[worker1/electricity_handoff_router_seeded_v1_gpu1] [time_series_electricity_handoff_router_seeded_v1/elec_handoff_q80_b15] [time_series] ssml_adaptive_dense_window_expand_kernel=-1
[worker1/electricity_handoff_router_seeded_v1_gpu1] [time_series_electricity_handoff_router_seeded_v1/elec_handoff_q80_b15] [time_series] ssml_supervised_hotspot_alpha=0.0
[worker1/electricity_handoff_router_seeded_v1_gpu1] [time_series_electricity_handoff_router_seeded_v1/elec_handoff_q80_b15] [time_series] ssml_supervised_weight_mode=score
[worker1/electricity_handoff_router_seeded_v1_gpu1] [time_series_electricity_handoff_router_seeded_v1/elec_handoff_q80_b15] [time_series] ssml_gate_score_mode=peer_better_student_error
[worker1/electricity_handoff_router_seeded_v1_gpu1] [time_series_electricity_handoff_router_seeded_v1/elec_handoff_q80_b15] [time_series] ssml_score_transform=none
[worker1/electricity_handoff_router_seeded_v1_gpu1] [time_series_electricity_handoff_router_seeded_v1/elec_handoff_q80_b15] [time_series] ssml_positive_upper_quantile=1.0
[worker1/electricity_handoff_router_seeded_v1_gpu1] [time_series_electricity_handoff_router_seeded_v1/elec_handoff_q80_b15] [time_series] ssml_guidance_mode=corrective
[worker1/electricity_handoff_router_seeded_v1_gpu1] [time_series_electricity_handoff_router_seeded_v1/elec_handoff_q80_b15] [time_series] ssml_correction_gate_hidden_dim=48
[worker1/electricity_handoff_router_seeded_v1_gpu1] [time_series_electricity_handoff_router_seeded_v1/elec_handoff_q80_b15] [time_series] ssml_correction_gate_dropout=0.00
[worker1/electricity_handoff_router_seeded_v1_gpu1] [time_series_electricity_handoff_router_seeded_v1/elec_handoff_q80_b15] [time_series] ssml_correction_init_bias=0.0
[worker1/electricity_handoff_router_seeded_v1_gpu1] [time_series_electricity_handoff_router_seeded_v1/elec_handoff_q80_b15] [time_series] ssml_correction_sparsity_weight=0.0008
[worker1/electricity_handoff_router_seeded_v1_gpu1] [time_series_electricity_handoff_router_seeded_v1/elec_handoff_q80_b15] [time_series] ssml_correction_threshold=0.5
[worker1/electricity_handoff_router_seeded_v1_gpu1] [time_series_electricity_handoff_router_seeded_v1/elec_handoff_q80_b15] [time_series] ssml_correction_ramp_start_epoch=12
[worker1/electricity_handoff_router_seeded_v1_gpu1] [time_series_electricity_handoff_router_seeded_v1/elec_handoff_q80_b15] [time_series] ssml_correction_ramp_end_epoch=20
[worker1/electricity_handoff_router_seeded_v1_gpu1] [time_series_electricity_handoff_router_seeded_v1/elec_handoff_q80_b15] [time_series] ssml_correction_freeze_student_epochs=0
[worker1/electricity_handoff_router_seeded_v1_gpu1] [time_series_electricity_handoff_router_seeded_v1/elec_handoff_q80_b15] [time_series] ssml_correction_only=1
[worker1/electricity_handoff_router_seeded_v1_gpu1] [time_series_electricity_handoff_router_seeded_v1/elec_handoff_q80_b15] [time_series] ssml_correction_tail_start_ratio=0.0
[worker1/electricity_handoff_router_seeded_v1_gpu1] [time_series_electricity_handoff_router_seeded_v1/elec_handoff_q80_b15] [time_series] ssml_correction_regime_focus_quantile=0.0
[worker1/electricity_handoff_router_seeded_v1_gpu1] [time_series_electricity_handoff_router_seeded_v1/elec_handoff_q80_b15] [time_series] ssml_correction_focus_loss_alpha=0.0
[worker1/electricity_handoff_router_seeded_v1_gpu1] [time_series_electricity_handoff_router_seeded_v1/elec_handoff_q80_b15] [time_series] ssml_correction_peer_advantage_quantile=0.80
[worker1/electricity_handoff_router_seeded_v1_gpu1] [time_series_electricity_handoff_router_seeded_v1/elec_handoff_q80_b15] [time_series] ssml_correction_peer_advantage_min=0.0008
[worker1/electricity_handoff_router_seeded_v1_gpu1] [time_series_electricity_handoff_router_seeded_v1/elec_handoff_q80_b15] [time_series] ssml_correction_peer_advantage_smoothing_kernel=5
[worker1/electricity_handoff_router_seeded_v1_gpu1] [time_series_electricity_handoff_router_seeded_v1/elec_handoff_q80_b15] [time_series] ssml_correction_budget_ratio=0.15
[worker1/electricity_handoff_router_seeded_v1_gpu1] [time_series_electricity_handoff_router_seeded_v1/elec_handoff_q80_b15] [time_series] ssml_handoff_end_epoch=24
[worker1/electricity_handoff_router_seeded_v1_gpu1] [time_series_electricity_handoff_router_seeded_v1/elec_handoff_q80_b15] [time_series] ssml_router_bin_endpoints=8,16,24
[worker1/electricity_handoff_router_seeded_v1_gpu1] [time_series_electricity_handoff_router_seeded_v1/elec_handoff_q80_b15] [time_series] ssml_router_ema_decay=0.75
[worker1/electricity_handoff_router_seeded_v1_gpu1] [time_series_electricity_handoff_router_seeded_v1/elec_handoff_q80_b15] [time_series] ssml_trend_only_teaching=1
[worker1/electricity_handoff_router_seeded_v1_gpu1] [time_series_electricity_handoff_router_seeded_v1/elec_handoff_q80_b15] [time_series] ssml_correction_feature_mode=trend_residual
[worker1/electricity_handoff_router_seeded_v1_gpu1] [time_series_electricity_handoff_router_seeded_v1/elec_handoff_q80_b15] [time_series] ssml_correction_use_regime_features=1
[worker1/electricity_handoff_router_seeded_v1_gpu1] [time_series_electricity_handoff_router_seeded_v1/elec_handoff_q80_b15] [time_series] ssml_correction_decomposition_kernel=9
[worker1/electricity_handoff_router_seeded_v1_gpu1] [time_series_electricity_handoff_router_seeded_v1/elec_handoff_q80_b15] [time_series] ssml_correction_trend_scale=0.95
[worker1/electricity_handoff_router_seeded_v1_gpu1] [time_series_electricity_handoff_router_seeded_v1/elec_handoff_q80_b15] [time_series] ssml_correction_residual_scale=0.00
[worker1/electricity_handoff_router_seeded_v1_gpu1] [time_series_electricity_handoff_router_seeded_v1/elec_handoff_q80_b15] [time_series] ssml_score_smoothing_kernel=1
[worker1/electricity_handoff_router_seeded_v1_gpu1] [time_series_electricity_handoff_router_seeded_v1/elec_handoff_q80_b15] [time_series] ssml_window_score_kernel=1
[worker1/electricity_handoff_router_seeded_v1_gpu1] [time_series_electricity_handoff_router_seeded_v1/elec_handoff_q80_b15] [time_series] ssml_window_expand_kernel=1
[worker1/electricity_handoff_router_seeded_v1_gpu1] [time_series_electricity_handoff_router_seeded_v1/elec_handoff_q80_b15] [time_series] ssml_tail_start_ratio=0.0
[worker1/electricity_handoff_router_seeded_v1_gpu1] [time_series_electricity_handoff_router_seeded_v1/elec_handoff_q80_b15] [time_series] ssml_residual_beta=1.0
[worker1/electricity_handoff_router_seeded_v1_gpu1] [time_series_electricity_handoff_router_seeded_v1/elec_handoff_q80_b15] [time_series] ssml_ema_decay=0.0
[worker1/electricity_handoff_router_seeded_v1_gpu1] [time_series_electricity_handoff_router_seeded_v1/elec_handoff_q80_b15] [time_series] ssml_imitation_space=raw
[worker1/electricity_handoff_router_seeded_v1_gpu1] [time_series_electricity_handoff_router_seeded_v1/elec_handoff_q80_b15] [time_series] ssml_residual_space_kernel=9
[worker1/electricity_handoff_router_seeded_v1_gpu1] [time_series_electricity_handoff_router_seeded_v1/elec_handoff_q80_b15] [time_series] ssml_conflict_aware_projection=0
[worker1/electricity_handoff_router_seeded_v1_gpu1] [time_series_electricity_handoff_router_seeded_v1/elec_handoff_q80_b15] [time_series] ssml_freeze_peer=1
[worker1/electricity_handoff_router_seeded_v1_gpu1] [time_series_electricity_handoff_router_seeded_v1/elec_handoff_q80_b15] [time_series] ssml_worse_only_update=0
[worker1/electricity_handoff_router_seeded_v1_gpu1] [time_series_electricity_handoff_router_seeded_v1/elec_handoff_q80_b15] [time_series] ssml_anchor_weight=0.0
[worker1/electricity_handoff_router_seeded_v1_gpu0] [time_series_electricity_handoff_router_seeded_v1/elec_handoff_q75_b18] [time_series] init_checkpoint_template=results/time_series_electricity_followup_v1/best_known/time_series/{dataset}/{model}_independent_{regression_imitation_loss}_seed{seed}/model.pt
[worker1/electricity_handoff_router_seeded_v1_gpu0] [time_series_electricity_handoff_router_seeded_v1/elec_handoff_q75_b18] [time_series] peer_init_checkpoint_template=results/time_series_electricity_followup_v1/best_known/time_series/{dataset}/{model}_independent_{regression_imitation_loss}_seed{seed}/model.pt
[worker1/electricity_handoff_router_seeded_v1_gpu0] [time_series_electricity_handoff_router_seeded_v1/elec_handoff_q75_b18] [time_series] early_stop_patience=12 early_stop_min_epochs=18 early_stop_min_delta=0.0001
[worker1/electricity_handoff_router_seeded_v1_gpu0] [time_series_electricity_handoff_router_seeded_v1/elec_handoff_q75_b18] [time_series] live_plot_interval=10
[worker1/electricity_handoff_router_seeded_v1_gpu0] [time_series_electricity_handoff_router_seeded_v1/elec_handoff_q75_b18] [time_series] dataset=electricity pair=transformer:dlinear method=ssml seed=0 pred_len=24
[worker1/electricity_handoff_router_seeded_v1_gpu0] [time_series_electricity_handoff_router_seeded_v1/elec_handoff_q75_b18] [time_series] loaded init_checkpoint=results/time_series_electricity_followup_v1/best_known/time_series/electricity/transformer_independent_mse_seed0/model.pt
[worker1/electricity_handoff_router_seeded_v1_gpu0] [time_series_electricity_handoff_router_seeded_v1/elec_handoff_q75_b18] [time_series] loaded peer_init_checkpoint=results/time_series_electricity_followup_v1/best_known/time_series/electricity/dlinear_independent_mse_seed0/model.pt
[worker1/electricity_handoff_router_seeded_v1_gpu0] [time_series_electricity_handoff_router_seeded_v1/elec_handoff_q75_b18] [time_series] run_dir=results/time_series_electricity_handoff_router_seeded_v1/worker1_gpu0/elec_handoff_q75_b18/time_series/electricity/transformer__dlinear_ssml_mse_seed0
[worker1/electricity_handoff_router_seeded_v1_gpu0] [time_series_electricity_handoff_router_seeded_v1/elec_handoff_q75_b18] [time_series] params=1090
[worker1/electricity_handoff_router_seeded_v1_gpu0] [time_series_electricity_handoff_router_seeded_v1/elec_handoff_q75_b18] [time_series] correction_gate_params=1090
[worker1/electricity_handoff_router_seeded_v1_gpu0] [time_series_electricity_handoff_router_seeded_v1/elec_handoff_q75_b18] [time_series][epoch 001] lambda=0.0000 g_scale=0.000 handoff=0 corr_scale=0.000 freeze_student=0 focus=0.1814 train_total=0.08650394 train_sup=0.08650128 train_imit=0.64078848 mean_w=0.0033 active=0.0000 s_dense=0.00 s_pos=0.1640 s_sel=0.0000 s_sel_pos=0.0000 s_hot_err=0.000000 s_bg_err=0.086501 s_gap=0.000000 conf_cos=0.0000 conf_proj=0.00 val_mse=0.17480778 val_mae=0.29172259 | p_pos=0.0000 p_dense=0.00 p_sel=0.0000 p_sel_pos=0.0000 p_hot_err=0.000000 p_bg_err=0.000000 p_gap=0.000000 peer_val_mse=0.15275371 peer_val_mae=0.23364596
[worker1/electricity_handoff_router_seeded_v1_gpu0] [time_series_electricity_handoff_router_seeded_v1/elec_handoff_q75_b18] [time_series][epoch 002] lambda=0.0000 g_scale=0.000 handoff=0 corr_scale=0.000 freeze_student=0 focus=0.1814 train_total=0.08650137 train_sup=0.08650128 train_imit=0.68425786 mean_w=0.0001 active=0.0000 s_dense=0.00 s_pos=0.1640 s_sel=0.0000 s_sel_pos=0.0000 s_hot_err=0.000000 s_bg_err=0.086501 s_gap=0.000000 conf_cos=0.0000 conf_proj=0.00 val_mse=0.17480778 val_mae=0.29172259 | p_pos=0.0000 p_dense=0.00 p_sel=0.0000 p_sel_pos=0.0000 p_hot_err=0.000000 p_bg_err=0.000000 p_gap=0.000000 peer_val_mse=0.15275371 peer_val_mae=0.23364596
[worker1/electricity_handoff_router_seeded_v1_gpu0] [time_series_electricity_handoff_router_seeded_v1/elec_handoff_q75_b18] [time_series][epoch 003] lambda=0.0000 g_scale=0.000 handoff=0 corr_scale=0.000 freeze_student=0 focus=0.1814 train_total=0.08650131 train_sup=0.08650128 train_imit=0.72431167 mean_w=0.0000 active=0.0000 s_dense=0.00 s_pos=0.1640 s_sel=0.0000 s_sel_pos=0.0000 s_hot_err=0.000000 s_bg_err=0.086501 s_gap=0.000000 conf_cos=0.0000 conf_proj=0.00 val_mse=0.17480778 val_mae=0.29172259 | p_pos=0.0000 p_dense=0.00 p_sel=0.0000 p_sel_pos=0.0000 p_hot_err=0.000000 p_bg_err=0.000000 p_gap=0.000000 peer_val_mse=0.15275371 peer_val_mae=0.23364596
[worker1/electricity_handoff_router_seeded_v1_gpu1] [time_series_electricity_handoff_router_seeded_v1/elec_handoff_q80_b15] [time_series] init_checkpoint_template=results/time_series_electricity_followup_v1/best_known/time_series/{dataset}/{model}_independent_{regression_imitation_loss}_seed{seed}/model.pt
[worker1/electricity_handoff_router_seeded_v1_gpu1] [time_series_electricity_handoff_router_seeded_v1/elec_handoff_q80_b15] [time_series] peer_init_checkpoint_template=results/time_series_electricity_followup_v1/best_known/time_series/{dataset}/{model}_independent_{regression_imitation_loss}_seed{seed}/model.pt
[worker1/electricity_handoff_router_seeded_v1_gpu1] [time_series_electricity_handoff_router_seeded_v1/elec_handoff_q80_b15] [time_series] early_stop_patience=12 early_stop_min_epochs=20 early_stop_min_delta=0.0001
[worker1/electricity_handoff_router_seeded_v1_gpu1] [time_series_electricity_handoff_router_seeded_v1/elec_handoff_q80_b15] [time_series] live_plot_interval=10
[worker1/electricity_handoff_router_seeded_v1_gpu1] [time_series_electricity_handoff_router_seeded_v1/elec_handoff_q80_b15] [time_series] dataset=electricity pair=transformer:dlinear method=ssml seed=0 pred_len=24
[worker1/electricity_handoff_router_seeded_v1_gpu1] [time_series_electricity_handoff_router_seeded_v1/elec_handoff_q80_b15] [time_series] loaded init_checkpoint=results/time_series_electricity_followup_v1/best_known/time_series/electricity/transformer_independent_mse_seed0/model.pt
[worker1/electricity_handoff_router_seeded_v1_gpu1] [time_series_electricity_handoff_router_seeded_v1/elec_handoff_q80_b15] [time_series] loaded peer_init_checkpoint=results/time_series_electricity_followup_v1/best_known/time_series/electricity/dlinear_independent_mse_seed0/model.pt
[worker1/electricity_handoff_router_seeded_v1_gpu1] [time_series_electricity_handoff_router_seeded_v1/elec_handoff_q80_b15] [time_series] run_dir=results/time_series_electricity_handoff_router_seeded_v1/worker1_gpu1/elec_handoff_q80_b15/time_series/electricity/transformer__dlinear_ssml_mse_seed0
[worker1/electricity_handoff_router_seeded_v1_gpu1] [time_series_electricity_handoff_router_seeded_v1/elec_handoff_q80_b15] [time_series] params=818
[worker1/electricity_handoff_router_seeded_v1_gpu1] [time_series_electricity_handoff_router_seeded_v1/elec_handoff_q80_b15] [time_series] correction_gate_params=818
[worker1/electricity_handoff_router_seeded_v1_gpu1] [time_series_electricity_handoff_router_seeded_v1/elec_handoff_q80_b15] [time_series][epoch 001] lambda=0.0000 g_scale=0.000 handoff=0 corr_scale=0.000 freeze_student=0 focus=0.1659 train_total=0.08650407 train_sup=0.08650128 train_imit=0.61164086 mean_w=0.0035 active=0.0000 s_dense=0.00 s_pos=0.1492 s_sel=0.0000 s_sel_pos=0.0000 s_hot_err=0.000000 s_bg_err=0.086501 s_gap=0.000000 conf_cos=0.0000 conf_proj=0.00 val_mse=0.17480778 val_mae=0.29172259 | p_pos=0.0000 p_dense=0.00 p_sel=0.0000 p_sel_pos=0.0000 p_hot_err=0.000000 p_bg_err=0.000000 p_gap=0.000000 peer_val_mse=0.15275371 peer_val_mae=0.23364596
[worker1/electricity_handoff_router_seeded_v1_gpu1] [time_series_electricity_handoff_router_seeded_v1/elec_handoff_q80_b15] [time_series][epoch 002] lambda=0.0000 g_scale=0.000 handoff=0 corr_scale=0.000 freeze_student=0 focus=0.1659 train_total=0.08650135 train_sup=0.08650128 train_imit=0.64603060 mean_w=0.0001 active=0.0000 s_dense=0.00 s_pos=0.1492 s_sel=0.0000 s_sel_pos=0.0000 s_hot_err=0.000000 s_bg_err=0.086501 s_gap=0.000000 conf_cos=0.0000 conf_proj=0.00 val_mse=0.17480778 val_mae=0.29172259 | p_pos=0.0000 p_dense=0.00 p_sel=0.0000 p_sel_pos=0.0000 p_hot_err=0.000000 p_bg_err=0.000000 p_gap=0.000000 peer_val_mse=0.15275371 peer_val_mae=0.23364596
[worker1/electricity_handoff_router_seeded_v1_gpu1] [time_series_electricity_handoff_router_seeded_v1/elec_handoff_q80_b15] [time_series][epoch 003] lambda=0.0000 g_scale=0.000 handoff=0 corr_scale=0.000 freeze_student=0 focus=0.1659 train_total=0.08650130 train_sup=0.08650128 train_imit=0.68043796 mean_w=0.0000 active=0.0000 s_dense=0.00 s_pos=0.1492 s_sel=0.0000 s_sel_pos=0.0000 s_hot_err=0.000000 s_bg_err=0.086501 s_gap=0.000000 conf_cos=0.0000 conf_proj=0.00 val_mse=0.17480778 val_mae=0.29172259 | p_pos=0.0000 p_dense=0.00 p_sel=0.0000 p_sel_pos=0.0000 p_hot_err=0.000000 p_bg_err=0.000000 p_gap=0.000000 peer_val_mse=0.15275371 peer_val_mae=0.23364596
[worker1/electricity_handoff_router_seeded_v1_gpu0] [time_series_electricity_handoff_router_seeded_v1/elec_handoff_q75_b18] [time_series][epoch 004] lambda=0.0000 g_scale=0.000 handoff=0 corr_scale=0.000 freeze_student=0 focus=0.1814 train_total=0.08650129 train_sup=0.08650128 train_imit=0.75257065 mean_w=0.0000 active=0.0000 s_dense=0.00 s_pos=0.1640 s_sel=0.0000 s_sel_pos=0.0000 s_hot_err=0.000000 s_bg_err=0.086501 s_gap=0.000000 conf_cos=0.0000 conf_proj=0.00 val_mse=0.17480778 val_mae=0.29172259 | p_pos=0.0000 p_dense=0.00 p_sel=0.0000 p_sel_pos=0.0000 p_hot_err=0.000000 p_bg_err=0.000000 p_gap=0.000000 peer_val_mse=0.15275371 peer_val_mae=0.23364596
[worker1/electricity_handoff_router_seeded_v1_gpu0] [time_series_electricity_handoff_router_seeded_v1/elec_handoff_q75_b18] [time_series][epoch 005] lambda=0.0000 g_scale=0.000 handoff=0 corr_scale=0.000 freeze_student=0 focus=0.1814 train_total=0.08650129 train_sup=0.08650128 train_imit=0.77490885 mean_w=0.0000 active=0.0000 s_dense=0.00 s_pos=0.1640 s_sel=0.0000 s_sel_pos=0.0000 s_hot_err=0.000000 s_bg_err=0.086501 s_gap=0.000000 conf_cos=0.0000 conf_proj=0.00 val_mse=0.17480778 val_mae=0.29172259 | p_pos=0.0000 p_dense=0.00 p_sel=0.0000 p_sel_pos=0.0000 p_hot_err=0.000000 p_bg_err=0.000000 p_gap=0.000000 peer_val_mse=0.15275371 peer_val_mae=0.23364596
[worker1/electricity_handoff_router_seeded_v1_gpu0] [time_series_electricity_handoff_router_seeded_v1/elec_handoff_q75_b18] [time_series][epoch 006] lambda=0.0000 g_scale=0.000 handoff=0 corr_scale=0.000 freeze_student=0 focus=0.1814 train_total=0.08650129 train_sup=0.08650128 train_imit=0.79335965 mean_w=0.0000 active=0.0000 s_dense=0.00 s_pos=0.1640 s_sel=0.0000 s_sel_pos=0.0000 s_hot_err=0.000000 s_bg_err=0.086501 s_gap=0.000000 conf_cos=0.0000 conf_proj=0.00 val_mse=0.17480778 val_mae=0.29172259 | p_pos=0.0000 p_dense=0.00 p_sel=0.0000 p_sel_pos=0.0000 p_hot_err=0.000000 p_bg_err=0.000000 p_gap=0.000000 peer_val_mse=0.15275371 peer_val_mae=0.23364596
[worker1/electricity_handoff_router_seeded_v1_gpu0] [time_series_electricity_handoff_router_seeded_v1/elec_handoff_q75_b18] [time_series][epoch 007] lambda=0.0000 g_scale=0.000 handoff=0 corr_scale=0.000 freeze_student=0 focus=0.1814 train_total=0.08650128 train_sup=0.08650128 train_imit=0.80937586 mean_w=0.0000 active=0.0000 s_dense=0.00 s_pos=0.1640 s_sel=0.0000 s_sel_pos=0.0000 s_hot_err=0.000000 s_bg_err=0.086501 s_gap=0.000000 conf_cos=0.0000 conf_proj=0.00 val_mse=0.17480778 val_mae=0.29172259 | p_pos=0.0000 p_dense=0.00 p_sel=0.0000 p_sel_pos=0.0000 p_hot_err=0.000000 p_bg_err=0.000000 p_gap=0.000000 peer_val_mse=0.15275371 peer_val_mae=0.23364596
[worker1/electricity_handoff_router_seeded_v1_gpu0] [time_series_electricity_handoff_router_seeded_v1/elec_handoff_q75_b18] [time_series][epoch 008] lambda=0.0000 g_scale=0.000 handoff=0 corr_scale=0.000 freeze_student=0 focus=0.1814 train_total=0.08650128 train_sup=0.08650128 train_imit=0.82359401 mean_w=0.0000 active=0.0000 s_dense=0.00 s_pos=0.1640 s_sel=0.0000 s_sel_pos=0.0000 s_hot_err=0.000000 s_bg_err=0.086501 s_gap=0.000000 conf_cos=0.0000 conf_proj=0.00 val_mse=0.17480778 val_mae=0.29172259 | p_pos=0.0000 p_dense=0.00 p_sel=0.0000 p_sel_pos=0.0000 p_hot_err=0.000000 p_bg_err=0.000000 p_gap=0.000000 peer_val_mse=0.15275371 peer_val_mae=0.23364596
[worker1/electricity_handoff_router_seeded_v1_gpu0] [time_series_electricity_handoff_router_seeded_v1/elec_handoff_q75_b18] [time_series][epoch 009] lambda=0.0000 g_scale=0.000 handoff=0 corr_scale=0.000 freeze_student=0 focus=0.1814 train_total=0.08650128 train_sup=0.08650128 train_imit=0.83673510 mean_w=0.0000 active=0.0000 s_dense=0.00 s_pos=0.1640 s_sel=0.0000 s_sel_pos=0.0000 s_hot_err=0.000000 s_bg_err=0.086501 s_gap=0.000000 conf_cos=0.0000 conf_proj=0.00 val_mse=0.17480778 val_mae=0.29172259 | p_pos=0.0000 p_dense=0.00 p_sel=0.0000 p_sel_pos=0.0000 p_hot_err=0.000000 p_bg_err=0.000000 p_gap=0.000000 peer_val_mse=0.15275371 peer_val_mae=0.23364596
[worker1/electricity_handoff_router_seeded_v1_gpu1] [time_series_electricity_handoff_router_seeded_v1/elec_handoff_q80_b15] [time_series][epoch 004] lambda=0.0000 g_scale=0.000 handoff=0 corr_scale=0.000 freeze_student=0 focus=0.1659 train_total=0.08650129 train_sup=0.08650128 train_imit=0.70391864 mean_w=0.0000 active=0.0000 s_dense=0.00 s_pos=0.1492 s_sel=0.0000 s_sel_pos=0.0000 s_hot_err=0.000000 s_bg_err=0.086501 s_gap=0.000000 conf_cos=0.0000 conf_proj=0.00 val_mse=0.17480778 val_mae=0.29172259 | p_pos=0.0000 p_dense=0.00 p_sel=0.0000 p_sel_pos=0.0000 p_hot_err=0.000000 p_bg_err=0.000000 p_gap=0.000000 peer_val_mse=0.15275371 peer_val_mae=0.23364596
[worker1/electricity_handoff_router_seeded_v1_gpu1] [time_series_electricity_handoff_router_seeded_v1/elec_handoff_q80_b15] [time_series][epoch 005] lambda=0.0000 g_scale=0.000 handoff=0 corr_scale=0.000 freeze_student=0 focus=0.1659 train_total=0.08650129 train_sup=0.08650128 train_imit=0.72181254 mean_w=0.0000 active=0.0000 s_dense=0.00 s_pos=0.1492 s_sel=0.0000 s_sel_pos=0.0000 s_hot_err=0.000000 s_bg_err=0.086501 s_gap=0.000000 conf_cos=0.0000 conf_proj=0.00 val_mse=0.17480778 val_mae=0.29172259 | p_pos=0.0000 p_dense=0.00 p_sel=0.0000 p_sel_pos=0.0000 p_hot_err=0.000000 p_bg_err=0.000000 p_gap=0.000000 peer_val_mse=0.15275371 peer_val_mae=0.23364596
[worker1/electricity_handoff_router_seeded_v1_gpu1] [time_series_electricity_handoff_router_seeded_v1/elec_handoff_q80_b15] [time_series][epoch 006] lambda=0.0000 g_scale=0.000 handoff=0 corr_scale=0.000 freeze_student=0 focus=0.1659 train_total=0.08650129 train_sup=0.08650128 train_imit=0.73634602 mean_w=0.0000 active=0.0000 s_dense=0.00 s_pos=0.1492 s_sel=0.0000 s_sel_pos=0.0000 s_hot_err=0.000000 s_bg_err=0.086501 s_gap=0.000000 conf_cos=0.0000 conf_proj=0.00 val_mse=0.17480778 val_mae=0.29172259 | p_pos=0.0000 p_dense=0.00 p_sel=0.0000 p_sel_pos=0.0000 p_hot_err=0.000000 p_bg_err=0.000000 p_gap=0.000000 peer_val_mse=0.15275371 peer_val_mae=0.23364596
[worker1/electricity_handoff_router_seeded_v1_gpu1] [time_series_electricity_handoff_router_seeded_v1/elec_handoff_q80_b15] [time_series][epoch 007] lambda=0.0000 g_scale=0.000 handoff=0 corr_scale=0.000 freeze_student=0 focus=0.1659 train_total=0.08650128 train_sup=0.08650128 train_imit=0.74874817 mean_w=0.0000 active=0.0000 s_dense=0.00 s_pos=0.1492 s_sel=0.0000 s_sel_pos=0.0000 s_hot_err=0.000000 s_bg_err=0.086501 s_gap=0.000000 conf_cos=0.0000 conf_proj=0.00 val_mse=0.17480778 val_mae=0.29172259 | p_pos=0.0000 p_dense=0.00 p_sel=0.0000 p_sel_pos=0.0000 p_hot_err=0.000000 p_bg_err=0.000000 p_gap=0.000000 peer_val_mse=0.15275371 peer_val_mae=0.23364596
[worker1/electricity_handoff_router_seeded_v1_gpu1] [time_series_electricity_handoff_router_seeded_v1/elec_handoff_q80_b15] [time_series][epoch 008] lambda=0.0000 g_scale=0.000 handoff=0 corr_scale=0.000 freeze_student=0 focus=0.1659 train_total=0.08650128 train_sup=0.08650128 train_imit=0.75952311 mean_w=0.0000 active=0.0000 s_dense=0.00 s_pos=0.1492 s_sel=0.0000 s_sel_pos=0.0000 s_hot_err=0.000000 s_bg_err=0.086501 s_gap=0.000000 conf_cos=0.0000 conf_proj=0.00 val_mse=0.17480778 val_mae=0.29172259 | p_pos=0.0000 p_dense=0.00 p_sel=0.0000 p_sel_pos=0.0000 p_hot_err=0.000000 p_bg_err=0.000000 p_gap=0.000000 peer_val_mse=0.15275371 peer_val_mae=0.23364596
[worker1/electricity_handoff_router_seeded_v1_gpu1] [time_series_electricity_handoff_router_seeded_v1/elec_handoff_q80_b15] [time_series][epoch 009] lambda=0.0000 g_scale=0.000 handoff=0 corr_scale=0.000 freeze_student=0 focus=0.1659 train_total=0.08650128 train_sup=0.08650128 train_imit=0.76911950 mean_w=0.0000 active=0.0000 s_dense=0.00 s_pos=0.1492 s_sel=0.0000 s_sel_pos=0.0000 s_hot_err=0.000000 s_bg_err=0.086501 s_gap=0.000000 conf_cos=0.0000 conf_proj=0.00 val_mse=0.17480778 val_mae=0.29172259 | p_pos=0.0000 p_dense=0.00 p_sel=0.0000 p_sel_pos=0.0000 p_hot_err=0.000000 p_bg_err=0.000000 p_gap=0.000000 peer_val_mse=0.15275371 peer_val_mae=0.23364596
[worker1/electricity_handoff_router_seeded_v1_gpu0] [time_series_electricity_handoff_router_seeded_v1/elec_handoff_q75_b18] [time_series][epoch 010] lambda=0.0000 g_scale=0.000 handoff=0 corr_scale=0.000 freeze_student=0 focus=0.1814 train_total=0.08650128 train_sup=0.08650128 train_imit=0.84874500 mean_w=0.0000 active=0.0000 s_dense=0.00 s_pos=0.1640 s_sel=0.0000 s_sel_pos=0.0000 s_hot_err=0.000000 s_bg_err=0.086501 s_gap=0.000000 conf_cos=0.0000 conf_proj=0.00 val_mse=0.17480778 val_mae=0.29172259 | p_pos=0.0000 p_dense=0.00 p_sel=0.0000 p_sel_pos=0.0000 p_hot_err=0.000000 p_bg_err=0.000000 p_gap=0.000000 peer_val_mse=0.15275371 peer_val_mae=0.23364596
[worker1/electricity_handoff_router_seeded_v1_gpu0] [time_series_electricity_handoff_router_seeded_v1/elec_handoff_q75_b18] [time_series][epoch 010] updated live plot
[worker1/electricity_handoff_router_seeded_v1_gpu0] [time_series_electricity_handoff_router_seeded_v1/elec_handoff_q75_b18] [time_series][epoch 011] lambda=0.1000 g_scale=1.000 handoff=0 corr_scale=0.125 freeze_student=0 focus=0.1814 train_total=0.12474775 train_sup=0.08616243 train_imit=0.38579083 mean_w=0.0078 active=0.0005 s_dense=0.00 s_pos=0.1640 s_sel=0.0005 s_sel_pos=0.0033 s_hot_err=2.381490 s_bg_err=0.085026 s_gap=0.941850 conf_cos=0.0000 conf_proj=0.00 val_mse=0.17264258 val_mae=0.29083579 | p_pos=0.0000 p_dense=0.00 p_sel=0.0000 p_sel_pos=0.0000 p_hot_err=0.000000 p_bg_err=0.000000 p_gap=0.000000 peer_val_mse=0.15275371 peer_val_mae=0.23364596
[worker1/electricity_handoff_router_seeded_v1_gpu0] [time_series_electricity_handoff_router_seeded_v1/elec_handoff_q75_b18] [time_series][epoch 012] lambda=0.1000 g_scale=1.000 handoff=0 corr_scale=0.250 freeze_student=0 focus=0.1814 train_total=0.12108383 train_sup=0.08533998 train_imit=0.35735173 mean_w=0.0108 active=0.0029 s_dense=0.00 s_pos=0.1640 s_sel=0.0029 s_sel_pos=0.0175 s_hot_err=1.066977 s_bg_err=0.082748 s_gap=0.533215 conf_cos=0.0000 conf_proj=0.00 val_mse=0.17019105 val_mae=0.28941447 | p_pos=0.0000 p_dense=0.00 p_sel=0.0000 p_sel_pos=0.0000 p_hot_err=0.000000 p_bg_err=0.000000 p_gap=0.000000 peer_val_mse=0.15275371 peer_val_mae=0.23364596
[worker1/electricity_handoff_router_seeded_v1_gpu0] [time_series_electricity_handoff_router_seeded_v1/elec_handoff_q75_b18] [time_series][epoch 013] lambda=0.1000 g_scale=1.000 handoff=0 corr_scale=0.375 freeze_student=0 focus=0.1814 train_total=0.11960927 train_sup=0.08447289 train_imit=0.35125392 mean_w=0.0137 active=0.0078 s_dense=0.00 s_pos=0.1640 s_sel=0.0078 s_sel_pos=0.0474 s_hot_err=0.536948 s_bg_err=0.080984 s_gap=0.346888 conf_cos=0.0000 conf_proj=0.00 val_mse=0.16815716 val_mae=0.28806131 | p_pos=0.0000 p_dense=0.00 p_sel=0.0000 p_sel_pos=0.0000 p_hot_err=0.000000 p_bg_err=0.000000 p_gap=0.000000 peer_val_mse=0.15275371 peer_val_mae=0.23364596
[worker1/electricity_handoff_router_seeded_v1_gpu0] [time_series_electricity_handoff_router_seeded_v1/elec_handoff_q75_b18] [time_series][epoch 014] lambda=0.1000 g_scale=1.000 handoff=0 corr_scale=0.500 freeze_student=0 focus=0.1814 train_total=0.11852636 train_sup=0.08372525 train_imit=0.34788651 mean_w=0.0156 active=0.0121 s_dense=0.00 s_pos=0.1640 s_sel=0.0121 s_sel_pos=0.0737 s_hot_err=0.414128 s_bg_err=0.079697 s_gap=0.311621 conf_cos=0.0000 conf_proj=0.00 val_mse=0.16631592 val_mae=0.28673579 | p_pos=0.0000 p_dense=0.00 p_sel=0.0000 p_sel_pos=0.0000 p_hot_err=0.000000 p_bg_err=0.000000 p_gap=0.000000 peer_val_mse=0.15275371 peer_val_mae=0.23364596
[worker1/electricity_handoff_router_seeded_v1_gpu0] [time_series_electricity_handoff_router_seeded_v1/elec_handoff_q75_b18] [time_series][epoch 015] lambda=0.1000 g_scale=1.000 handoff=0 corr_scale=0.625 freeze_student=0 focus=0.1814 train_total=0.11759607 train_sup=0.08309920 train_imit=0.34483417 mean_w=0.0168 active=0.0156 s_dense=0.00 s_pos=0.1640 s_sel=0.0156 s_sel_pos=0.0952 s_hot_err=0.349550 s_bg_err=0.078885 s_gap=0.294749 conf_cos=0.0000 conf_proj=0.00 val_mse=0.16528862 val_mae=0.28577264 | p_pos=0.0000 p_dense=0.00 p_sel=0.0000 p_sel_pos=0.0000 p_hot_err=0.000000 p_bg_err=0.000000 p_gap=0.000000 peer_val_mse=0.15275371 peer_val_mae=0.23364596
[worker1/electricity_handoff_router_seeded_v1_gpu1] [time_series_electricity_handoff_router_seeded_v1/elec_handoff_q80_b15] [time_series][epoch 010] lambda=0.0000 g_scale=0.000 handoff=0 corr_scale=0.000 freeze_student=0 focus=0.1659 train_total=0.08650128 train_sup=0.08650128 train_imit=0.77778794 mean_w=0.0000 active=0.0000 s_dense=0.00 s_pos=0.1492 s_sel=0.0000 s_sel_pos=0.0000 s_hot_err=0.000000 s_bg_err=0.086501 s_gap=0.000000 conf_cos=0.0000 conf_proj=0.00 val_mse=0.17480778 val_mae=0.29172259 | p_pos=0.0000 p_dense=0.00 p_sel=0.0000 p_sel_pos=0.0000 p_hot_err=0.000000 p_bg_err=0.000000 p_gap=0.000000 peer_val_mse=0.15275371 peer_val_mae=0.23364596
[worker1/electricity_handoff_router_seeded_v1_gpu1] [time_series_electricity_handoff_router_seeded_v1/elec_handoff_q80_b15] [time_series][epoch 010] updated live plot
[worker1/electricity_handoff_router_seeded_v1_gpu1] [time_series_electricity_handoff_router_seeded_v1/elec_handoff_q80_b15] [time_series][epoch 011] lambda=0.0000 g_scale=0.000 handoff=0 corr_scale=0.000 freeze_student=0 focus=0.1659 train_total=0.08650128 train_sup=0.08650128 train_imit=0.78575955 mean_w=0.0000 active=0.0000 s_dense=0.00 s_pos=0.1492 s_sel=0.0000 s_sel_pos=0.0000 s_hot_err=0.000000 s_bg_err=0.086501 s_gap=0.000000 conf_cos=0.0000 conf_proj=0.00 val_mse=0.17480778 val_mae=0.29172259 | p_pos=0.0000 p_dense=0.00 p_sel=0.0000 p_sel_pos=0.0000 p_hot_err=0.000000 p_bg_err=0.000000 p_gap=0.000000 peer_val_mse=0.15275371 peer_val_mae=0.23364596
[worker1/electricity_handoff_router_seeded_v1_gpu1] [time_series_electricity_handoff_router_seeded_v1/elec_handoff_q80_b15] [time_series][epoch 012] lambda=0.0000 g_scale=0.000 handoff=0 corr_scale=0.000 freeze_student=0 focus=0.1659 train_total=0.08650128 train_sup=0.08650128 train_imit=0.79313961 mean_w=0.0000 active=0.0000 s_dense=0.00 s_pos=0.1492 s_sel=0.0000 s_sel_pos=0.0000 s_hot_err=0.000000 s_bg_err=0.086501 s_gap=0.000000 conf_cos=0.0000 conf_proj=0.00 val_mse=0.17480778 val_mae=0.29172259 | p_pos=0.0000 p_dense=0.00 p_sel=0.0000 p_sel_pos=0.0000 p_hot_err=0.000000 p_bg_err=0.000000 p_gap=0.000000 peer_val_mse=0.15275371 peer_val_mae=0.23364596
[worker1/electricity_handoff_router_seeded_v1_gpu1] [time_series_electricity_handoff_router_seeded_v1/elec_handoff_q80_b15] [time_series][epoch 013] lambda=0.0800 g_scale=1.000 handoff=0 corr_scale=0.125 freeze_student=0 focus=0.1659 train_total=0.11516380 train_sup=0.08626186 train_imit=0.36121275 mean_w=0.0062 active=0.0005 s_dense=0.00 s_pos=0.1492 s_sel=0.0005 s_sel_pos=0.0034 s_hot_err=1.701480 s_bg_err=0.085288 s_gap=-0.382081 conf_cos=0.0000 conf_proj=0.00 val_mse=0.17313315 val_mae=0.29101067 | p_pos=0.0000 p_dense=0.00 p_sel=0.0000 p_sel_pos=0.0000 p_hot_err=0.000000 p_bg_err=0.000000 p_gap=0.000000 peer_val_mse=0.15275371 peer_val_mae=0.23364596
[worker1/electricity_handoff_router_seeded_v1_gpu1] [time_series_electricity_handoff_router_seeded_v1/elec_handoff_q80_b15] [time_series][epoch 014] lambda=0.0800 g_scale=1.000 handoff=0 corr_scale=0.250 freeze_student=0 focus=0.1659 train_total=0.11219906 train_sup=0.08564768 train_imit=0.33179947 mean_w=0.0093 active=0.0033 s_dense=0.00 s_pos=0.1492 s_sel=0.0033 s_sel_pos=0.0220 s_hot_err=1.037973 s_bg_err=0.082688 s_gap=0.225874 conf_cos=0.0000 conf_proj=0.00 val_mse=0.17119365 val_mae=0.28989048 | p_pos=0.0000 p_dense=0.00 p_sel=0.0000 p_sel_pos=0.0000 p_hot_err=0.000000 p_bg_err=0.000000 p_gap=0.000000 peer_val_mse=0.15275371 peer_val_mae=0.23364596
[worker1/electricity_handoff_router_seeded_v1_gpu1] [time_series_electricity_handoff_router_seeded_v1/elec_handoff_q80_b15] [time_series][epoch 015] lambda=0.0800 g_scale=1.000 handoff=0 corr_scale=0.375 freeze_student=0 focus=0.1659 train_total=0.11104094 train_sup=0.08497207 train_imit=0.32574740 mean_w=0.0113 active=0.0076 s_dense=0.00 s_pos=0.1492 s_sel=0.0076 s_sel_pos=0.0508 s_hot_err=0.567245 s_bg_err=0.081340 s_gap=0.220506 conf_cos=0.0000 conf_proj=0.00 val_mse=0.16956679 val_mae=0.28888150 | p_pos=0.0000 p_dense=0.00 p_sel=0.0000 p_sel_pos=0.0000 p_hot_err=0.000000 p_bg_err=0.000000 p_gap=0.000000 peer_val_mse=0.15275371 peer_val_mae=0.23364596
[worker1/electricity_handoff_router_seeded_v1_gpu0] [time_series_electricity_handoff_router_seeded_v1/elec_handoff_q75_b18] [time_series][epoch 016] lambda=0.1000 g_scale=1.000 handoff=0 corr_scale=0.750 freeze_student=0 focus=0.1814 train_total=0.11682159 train_sup=0.08260127 train_imit=0.34206230 mean_w=0.0176 active=0.0182 s_dense=0.00 s_pos=0.1640 s_sel=0.0182 s_sel_pos=0.1109 s_hot_err=0.305318 s_bg_err=0.078481 s_gap=0.283451 conf_cos=0.0000 conf_proj=0.00 val_mse=0.16418158 val_mae=0.28470511 | p_pos=0.0000 p_dense=0.00 p_sel=0.0000 p_sel_pos=0.0000 p_hot_err=0.000000 p_bg_err=0.000000 p_gap=0.000000 peer_val_mse=0.15275371 peer_val_mae=0.23364596
[worker1/electricity_handoff_router_seeded_v1_gpu0] [time_series_electricity_handoff_router_seeded_v1/elec_handoff_q75_b18] [time_series][epoch 017] lambda=0.1000 g_scale=1.000 handoff=0 corr_scale=0.875 freeze_student=0 focus=0.1814 train_total=0.11619036 train_sup=0.08218809 train_imit=0.33987782 mean_w=0.0181 active=0.0201 s_dense=0.00 s_pos=0.1640 s_sel=0.0201 s_sel_pos=0.1223 s_hot_err=0.272960 s_bg_err=0.078288 s_gap=0.274520 conf_cos=0.0000 conf_proj=0.00 val_mse=0.16321326 val_mae=0.28376892 | p_pos=0.0000 p_dense=0.00 p_sel=0.0000 p_sel_pos=0.0000 p_hot_err=0.000000 p_bg_err=0.000000 p_gap=0.000000 peer_val_mse=0.15275371 peer_val_mae=0.23364596
[worker1/electricity_handoff_router_seeded_v1_gpu0] [time_series_electricity_handoff_router_seeded_v1/elec_handoff_q75_b18] [time_series][epoch 018] lambda=0.1000 g_scale=1.000 handoff=0 corr_scale=1.000 freeze_student=0 focus=0.1814 train_total=0.11567452 train_sup=0.08184617 train_imit=0.33813656 mean_w=0.0184 active=0.0213 s_dense=0.00 s_pos=0.1640 s_sel=0.0213 s_sel_pos=0.1298 s_hot_err=0.250007 s_bg_err=0.078192 s_gap=0.268577 conf_cos=0.0000 conf_proj=0.00 val_mse=0.16274949 val_mae=0.28300815 | p_pos=0.0000 p_dense=0.00 p_sel=0.0000 p_sel_pos=0.0000 p_hot_err=0.000000 p_bg_err=0.000000 p_gap=0.000000 peer_val_mse=0.15275371 peer_val_mae=0.23364596
[worker1/electricity_handoff_router_seeded_v1_gpu0] [time_series_electricity_handoff_router_seeded_v1/elec_handoff_q75_b18] [time_series][epoch 019] lambda=0.0842 g_scale=0.842 handoff=0 corr_scale=1.000 freeze_student=0 focus=0.1814 train_total=0.11071990 train_sup=0.08226709 train_imit=0.33787261 mean_w=0.0190 active=0.0235 s_dense=0.00 s_pos=0.1640 s_sel=0.0235 s_sel_pos=0.1431 s_hot_err=0.257608 s_bg_err=0.078056 s_gap=0.260483 conf_cos=0.0000 conf_proj=0.00 val_mse=0.16374862 val_mae=0.28416414 | p_pos=0.0000 p_dense=0.00 p_sel=0.0000 p_sel_pos=0.0000 p_hot_err=0.000000 p_bg_err=0.000000 p_gap=0.000000 peer_val_mse=0.15275371 peer_val_mae=0.23364596
[worker1/electricity_handoff_router_seeded_v1_gpu0] [time_series_electricity_handoff_router_seeded_v1/elec_handoff_q75_b18] [time_series][epoch 020] lambda=0.0683 g_scale=0.683 handoff=0 corr_scale=1.000 freeze_student=0 focus=0.1814 train_total=0.10586829 train_sup=0.08273639 train_imit=0.33828597 mean_w=0.0196 active=0.0253 s_dense=0.00 s_pos=0.1640 s_sel=0.0253 s_sel_pos=0.1543 s_hot_err=0.270450 s_bg_err=0.077864 s_gap=0.254605 conf_cos=0.0000 conf_proj=0.00 val_mse=0.16473304 val_mae=0.28502700 | p_pos=0.0000 p_dense=0.00 p_sel=0.0000 p_sel_pos=0.0000 p_hot_err=0.000000 p_bg_err=0.000000 p_gap=0.000000 peer_val_mse=0.15275371 peer_val_mae=0.23364596
[worker1/electricity_handoff_router_seeded_v1_gpu0] [time_series_electricity_handoff_router_seeded_v1/elec_handoff_q75_b18] [time_series][epoch 020] updated live plot
[worker1/electricity_handoff_router_seeded_v1_gpu0] [time_series_electricity_handoff_router_seeded_v1/elec_handoff_q75_b18] [time_series][epoch 021] lambda=0.0525 g_scale=0.525 handoff=0 corr_scale=1.000 freeze_student=0 focus=0.1814 train_total=0.10113554 train_sup=0.08331024 train_imit=0.33922116 mean_w=0.0202 active=0.0270 s_dense=0.00 s_pos=0.1640 s_sel=0.0270 s_sel_pos=0.1644 s_hot_err=0.287036 s_bg_err=0.077667 s_gap=0.249342 conf_cos=0.0000 conf_proj=0.00 val_mse=0.16610897 val_mae=0.28619132 | p_pos=0.0000 p_dense=0.00 p_sel=0.0000 p_sel_pos=0.0000 p_hot_err=0.000000 p_bg_err=0.000000 p_gap=0.000000 peer_val_mse=0.15275371 peer_val_mae=0.23364596
[worker1/electricity_handoff_router_seeded_v1_gpu0] [time_series_electricity_handoff_router_seeded_v1/elec_handoff_q75_b18] [time_series][epoch 022] lambda=0.0367 g_scale=0.367 handoff=0 corr_scale=1.000 freeze_student=0 focus=0.1814 train_total=0.09653117 train_sup=0.08402602 train_imit=0.34059454 mean_w=0.0208 active=0.0282 s_dense=0.00 s_pos=0.1640 s_sel=0.0282 s_sel_pos=0.1722 s_hot_err=0.310522 s_bg_err=0.077447 s_gap=0.245739 conf_cos=0.0000 conf_proj=0.00 val_mse=0.16782391 val_mae=0.28742411 | p_pos=0.0000 p_dense=0.00 p_sel=0.0000 p_sel_pos=0.0000 p_hot_err=0.000000 p_bg_err=0.000000 p_gap=0.000000 peer_val_mse=0.15275371 peer_val_mae=0.23364596
[worker1/electricity_handoff_router_seeded_v1_gpu0] [time_series_electricity_handoff_router_seeded_v1/elec_handoff_q75_b18] [time_series][epoch 023] lambda=0.0000 g_scale=0.000 handoff=1 corr_scale=0.000 freeze_student=0 focus=0.1814 train_total=0.08651576 train_sup=0.08650128 train_imit=0.33811845 mean_w=0.0181 active=0.0000 s_dense=0.00 s_pos=0.1640 s_sel=0.0000 s_sel_pos=0.0000 s_hot_err=0.000000 s_bg_err=0.086501 s_gap=0.000000 conf_cos=0.0000 conf_proj=0.00 val_mse=0.17480778 val_mae=0.29172259 | p_pos=0.0000 p_dense=0.00 p_sel=0.0000 p_sel_pos=0.0000 p_hot_err=0.000000 p_bg_err=0.000000 p_gap=0.000000 peer_val_mse=0.15275371 peer_val_mae=0.23364596
[worker1/electricity_handoff_router_seeded_v1_gpu0] [time_series_electricity_handoff_router_seeded_v1/elec_handoff_q75_b18] [time_series][epoch 024] lambda=0.0000 g_scale=0.000 handoff=1 corr_scale=0.000 freeze_student=0 focus=0.1814 train_total=0.08651162 train_sup=0.08650128 train_imit=0.34463615 mean_w=0.0129 active=0.0000 s_dense=0.00 s_pos=0.1640 s_sel=0.0000 s_sel_pos=0.0000 s_hot_err=0.000000 s_bg_err=0.086501 s_gap=0.000000 conf_cos=0.0000 conf_proj=0.00 val_mse=0.17480778 val_mae=0.29172259 | p_pos=0.0000 p_dense=0.00 p_sel=0.0000 p_sel_pos=0.0000 p_hot_err=0.000000 p_bg_err=0.000000 p_gap=0.000000 peer_val_mse=0.15275371 peer_val_mae=0.23364596
[worker1/electricity_handoff_router_seeded_v1_gpu0] [time_series_electricity_handoff_router_seeded_v1/elec_handoff_q75_b18] [time_series][epoch 025] lambda=0.0000 g_scale=0.000 handoff=1 corr_scale=0.000 freeze_student=0 focus=0.1814 train_total=0.08650832 train_sup=0.08650128 train_imit=0.36130630 mean_w=0.0088 active=0.0000 s_dense=0.00 s_pos=0.1640 s_sel=0.0000 s_sel_pos=0.0000 s_hot_err=0.000000 s_bg_err=0.086501 s_gap=0.000000 conf_cos=0.0000 conf_proj=0.00 val_mse=0.17480778 val_mae=0.29172259 | p_pos=0.0000 p_dense=0.00 p_sel=0.0000 p_sel_pos=0.0000 p_hot_err=0.000000 p_bg_err=0.000000 p_gap=0.000000 peer_val_mse=0.15275371 peer_val_mae=0.23364596
[worker1/electricity_handoff_router_seeded_v1_gpu0] [time_series_electricity_handoff_router_seeded_v1/elec_handoff_q75_b18] [time_series][epoch 026] lambda=0.0000 g_scale=0.000 handoff=1 corr_scale=0.000 freeze_student=0 focus=0.1814 train_total=0.08650613 train_sup=0.08650128 train_imit=0.38131142 mean_w=0.0061 active=0.0000 s_dense=0.00 s_pos=0.1640 s_sel=0.0000 s_sel_pos=0.0000 s_hot_err=0.000000 s_bg_err=0.086501 s_gap=0.000000 conf_cos=0.0000 conf_proj=0.00 val_mse=0.17480778 val_mae=0.29172259 | p_pos=0.0000 p_dense=0.00 p_sel=0.0000 p_sel_pos=0.0000 p_hot_err=0.000000 p_bg_err=0.000000 p_gap=0.000000 peer_val_mse=0.15275371 peer_val_mae=0.23364596
[worker1/electricity_handoff_router_seeded_v1_gpu0] [time_series_electricity_handoff_router_seeded_v1/elec_handoff_q75_b18] [time_series][epoch 027] lambda=0.0000 g_scale=0.000 handoff=1 corr_scale=0.000 freeze_student=0 focus=0.1814 train_total=0.08650474 train_sup=0.08650128 train_imit=0.40173187 mean_w=0.0043 active=0.0000 s_dense=0.00 s_pos=0.1640 s_sel=0.0000 s_sel_pos=0.0000 s_hot_err=0.000000 s_bg_err=0.086501 s_gap=0.000000 conf_cos=0.0000 conf_proj=0.00 val_mse=0.17480778 val_mae=0.29172259 | p_pos=0.0000 p_dense=0.00 p_sel=0.0000 p_sel_pos=0.0000 p_hot_err=0.000000 p_bg_err=0.000000 p_gap=0.000000 peer_val_mse=0.15275371 peer_val_mae=0.23364596
[worker1/electricity_handoff_router_seeded_v1_gpu1] [time_series_electricity_handoff_router_seeded_v1/elec_handoff_q80_b15] [time_series][epoch 016] lambda=0.0800 g_scale=1.000 handoff=0 corr_scale=0.500 freeze_student=0 focus=0.1659 train_total=0.11027113 train_sup=0.08441100 train_imit=0.32312584 mean_w=0.0126 active=0.0110 s_dense=0.00 s_pos=0.1492 s_sel=0.0110 s_sel_pos=0.0736 s_hot_err=0.437023 s_bg_err=0.080511 s_gap=0.225269 conf_cos=0.0000 conf_proj=0.00 val_mse=0.16818702 val_mae=0.28794845 | p_pos=0.0000 p_dense=0.00 p_sel=0.0000 p_sel_pos=0.0000 p_hot_err=0.000000 p_bg_err=0.000000 p_gap=0.000000 peer_val_mse=0.15275371 peer_val_mae=0.23364596
[worker1/electricity_handoff_router_seeded_v1_gpu1] [time_series_electricity_handoff_router_seeded_v1/elec_handoff_q80_b15] [time_series][epoch 017] lambda=0.0800 g_scale=1.000 handoff=0 corr_scale=0.625 freeze_student=0 focus=0.1659 train_total=0.10967289 train_sup=0.08393982 train_imit=0.32153062 mean_w=0.0133 active=0.0132 s_dense=0.00 s_pos=0.1492 s_sel=0.0132 s_sel_pos=0.0881 s_hot_err=0.380164 s_bg_err=0.079995 s_gap=0.229971 conf_cos=0.0000 conf_proj=0.00 val_mse=0.16703131 val_mae=0.28708513 | p_pos=0.0000 p_dense=0.00 p_sel=0.0000 p_sel_pos=0.0000 p_hot_err=0.000000 p_bg_err=0.000000 p_gap=0.000000 peer_val_mse=0.15275371 peer_val_mae=0.23364596
[worker1/electricity_handoff_router_seeded_v1_gpu1] [time_series_electricity_handoff_router_seeded_v1/elec_handoff_q80_b15] [time_series][epoch 018] lambda=0.0800 g_scale=1.000 handoff=0 corr_scale=0.750 freeze_student=0 focus=0.1659 train_total=0.10918402 train_sup=0.08355125 train_imit=0.32027219 mean_w=0.0137 active=0.0147 s_dense=0.00 s_pos=0.1492 s_sel=0.0147 s_sel_pos=0.0985 s_hot_err=0.344499 s_bg_err=0.079663 s_gap=0.233873 conf_cos=0.0000 conf_proj=0.00 val_mse=0.16633004 val_mae=0.28647001 | p_pos=0.0000 p_dense=0.00 p_sel=0.0000 p_sel_pos=0.0000 p_hot_err=0.000000 p_bg_err=0.000000 p_gap=0.000000 peer_val_mse=0.15275371 peer_val_mae=0.23364596
[worker1/electricity_handoff_router_seeded_v1_gpu1] [time_series_electricity_handoff_router_seeded_v1/elec_handoff_q80_b15] [time_series][epoch 019] lambda=0.0800 g_scale=1.000 handoff=0 corr_scale=0.875 freeze_student=0 focus=0.1659 train_total=0.10879172 train_sup=0.08324593 train_imit=0.31918208 mean_w=0.0140 active=0.0158 s_dense=0.00 s_pos=0.1492 s_sel=0.0158 s_sel_pos=0.1057 s_hot_err=0.318075 s_bg_err=0.079485 s_gap=0.235186 conf_cos=0.0000 conf_proj=0.00 val_mse=0.16544022 val_mae=0.28569238 | p_pos=0.0000 p_dense=0.00 p_sel=0.0000 p_sel_pos=0.0000 p_hot_err=0.000000 p_bg_err=0.000000 p_gap=0.000000 peer_val_mse=0.15275371 peer_val_mae=0.23364596
[worker1/electricity_handoff_router_seeded_v1_gpu1] [time_series_electricity_handoff_router_seeded_v1/elec_handoff_q80_b15] [time_series][epoch 020] lambda=0.0800 g_scale=1.000 handoff=0 corr_scale=1.000 freeze_student=0 focus=0.1659 train_total=0.10846084 train_sup=0.08299012 train_imit=0.31824227 mean_w=0.0142 active=0.0164 s_dense=0.00 s_pos=0.1492 s_sel=0.0164 s_sel_pos=0.1102 s_hot_err=0.298121 s_bg_err=0.079396 s_gap=0.236132 conf_cos=0.0000 conf_proj=0.00 val_mse=0.16504128 val_mae=0.28526279 | p_pos=0.0000 p_dense=0.00 p_sel=0.0000 p_sel_pos=0.0000 p_hot_err=0.000000 p_bg_err=0.000000 p_gap=0.000000 peer_val_mse=0.15275371 peer_val_mae=0.23364596
[worker1/electricity_handoff_router_seeded_v1_gpu1] [time_series_electricity_handoff_router_seeded_v1/elec_handoff_q80_b15] [time_series][epoch 020] updated live plot
[worker1/electricity_handoff_router_seeded_v1_gpu1] [time_series_electricity_handoff_router_seeded_v1/elec_handoff_q80_b15] [time_series][epoch 021] lambda=0.0677 g_scale=0.847 handoff=0 corr_scale=1.000 freeze_student=0 focus=0.1659 train_total=0.10484925 train_sup=0.08325949 train_imit=0.31857276 mean_w=0.0147 active=0.0181 s_dense=0.00 s_pos=0.1492 s_sel=0.0181 s_sel_pos=0.1212 s_hot_err=0.304272 s_bg_err=0.079192 s_gap=0.231316 conf_cos=0.0000 conf_proj=0.00 val_mse=0.16607320 val_mae=0.28605787 | p_pos=0.0000 p_dense=0.00 p_sel=0.0000 p_sel_pos=0.0000 p_hot_err=0.000000 p_bg_err=0.000000 p_gap=0.000000 peer_val_mse=0.15275371 peer_val_mae=0.23364596
[worker1/electricity_handoff_router_seeded_v1_gpu1] [time_series_electricity_handoff_router_seeded_v1/elec_handoff_q80_b15] [time_series][epoch 022] lambda=0.0555 g_scale=0.693 handoff=0 corr_scale=1.000 freeze_student=0 focus=0.1659 train_total=0.10130031 train_sup=0.08357860 train_imit=0.31928203 mean_w=0.0152 active=0.0196 s_dense=0.00 s_pos=0.1492 s_sel=0.0196 s_sel_pos=0.1311 s_hot_err=0.313850 s_bg_err=0.078984 s_gap=0.225836 conf_cos=0.0000 conf_proj=0.00 val_mse=0.16659635 val_mae=0.28656954 | p_pos=0.0000 p_dense=0.00 p_sel=0.0000 p_sel_pos=0.0000 p_hot_err=0.000000 p_bg_err=0.000000 p_gap=0.000000 peer_val_mse=0.15275371 peer_val_mae=0.23364596
[worker1/electricity_handoff_router_seeded_v1_gpu1] [time_series_electricity_handoff_router_seeded_v1/elec_handoff_q80_b15] [time_series][epoch 023] lambda=0.0432 g_scale=0.540 handoff=0 corr_scale=1.000 freeze_student=0 focus=0.1659 train_total=0.09781848 train_sup=0.08396156 train_imit=0.32046901 mean_w=0.0158 active=0.0209 s_dense=0.00 s_pos=0.1492 s_sel=0.0209 s_sel_pos=0.1399 s_hot_err=0.328404 s_bg_err=0.078748 s_gap=0.220027 conf_cos=0.0000 conf_proj=0.00 val_mse=0.16760032 val_mae=0.28740560 | p_pos=0.0000 p_dense=0.00 p_sel=0.0000 p_sel_pos=0.0000 p_hot_err=0.000000 p_bg_err=0.000000 p_gap=0.000000 peer_val_mse=0.15275371 peer_val_mae=0.23364596
[worker1/electricity_handoff_router_seeded_v1_gpu1] [time_series_electricity_handoff_router_seeded_v1/elec_handoff_q80_b15] [time_series][epoch 024] lambda=0.0309 g_scale=0.387 handoff=0 corr_scale=1.000 freeze_student=0 focus=0.1659 train_total=0.09444253 train_sup=0.08447025 train_imit=0.32195683 mean_w=0.0164 active=0.0219 s_dense=0.00 s_pos=0.1492 s_sel=0.0219 s_sel_pos=0.1469 s_hot_err=0.349541 s_bg_err=0.078529 s_gap=0.214834 conf_cos=0.0000 conf_proj=0.00 val_mse=0.16899483 val_mae=0.28837982 | p_pos=0.0000 p_dense=0.00 p_sel=0.0000 p_sel_pos=0.0000 p_hot_err=0.000000 p_bg_err=0.000000 p_gap=0.000000 peer_val_mse=0.15275371 peer_val_mae=0.23364596
[worker1/electricity_handoff_router_seeded_v1_gpu1] [time_series_electricity_handoff_router_seeded_v1/elec_handoff_q80_b15] [time_series][epoch 025] lambda=0.0000 g_scale=0.000 handoff=1 corr_scale=0.000 freeze_student=0 focus=0.1659 train_total=0.08651340 train_sup=0.08650128 train_imit=0.31978783 mean_w=0.0152 active=0.0000 s_dense=0.00 s_pos=0.1492 s_sel=0.0000 s_sel_pos=0.0000 s_hot_err=0.000000 s_bg_err=0.086501 s_gap=0.000000 conf_cos=0.0000 conf_proj=0.00 val_mse=0.17480778 val_mae=0.29172259 | p_pos=0.0000 p_dense=0.00 p_sel=0.0000 p_sel_pos=0.0000 p_hot_err=0.000000 p_bg_err=0.000000 p_gap=0.000000 peer_val_mse=0.15275371 peer_val_mae=0.23364596
[worker1/electricity_handoff_router_seeded_v1_gpu1] [time_series_electricity_handoff_router_seeded_v1/elec_handoff_q80_b15] [time_series][epoch 026] lambda=0.0000 g_scale=0.000 handoff=1 corr_scale=0.000 freeze_student=0 focus=0.1659 train_total=0.08651127 train_sup=0.08650128 train_imit=0.32084035 mean_w=0.0125 active=0.0000 s_dense=0.00 s_pos=0.1492 s_sel=0.0000 s_sel_pos=0.0000 s_hot_err=0.000000 s_bg_err=0.086501 s_gap=0.000000 conf_cos=0.0000 conf_proj=0.00 val_mse=0.17480778 val_mae=0.29172259 | p_pos=0.0000 p_dense=0.00 p_sel=0.0000 p_sel_pos=0.0000 p_hot_err=0.000000 p_bg_err=0.000000 p_gap=0.000000 peer_val_mse=0.15275371 peer_val_mae=0.23364596
[worker1/electricity_handoff_router_seeded_v1_gpu1] [time_series_electricity_handoff_router_seeded_v1/elec_handoff_q80_b15] [time_series][epoch 027] lambda=0.0000 g_scale=0.000 handoff=1 corr_scale=0.000 freeze_student=0 focus=0.1659 train_total=0.08650886 train_sup=0.08650128 train_imit=0.32984458 mean_w=0.0095 active=0.0000 s_dense=0.00 s_pos=0.1492 s_sel=0.0000 s_sel_pos=0.0000 s_hot_err=0.000000 s_bg_err=0.086501 s_gap=0.000000 conf_cos=0.0000 conf_proj=0.00 val_mse=0.17480778 val_mae=0.29172259 | p_pos=0.0000 p_dense=0.00 p_sel=0.0000 p_sel_pos=0.0000 p_hot_err=0.000000 p_bg_err=0.000000 p_gap=0.000000 peer_val_mse=0.15275371 peer_val_mae=0.23364596
[worker1/electricity_handoff_router_seeded_v1_gpu0] [time_series_electricity_handoff_router_seeded_v1/elec_handoff_q75_b18] [time_series][epoch 028] lambda=0.0000 g_scale=0.000 handoff=1 corr_scale=0.000 freeze_student=0 focus=0.1814 train_total=0.08650383 train_sup=0.08650128 train_imit=0.42154138 mean_w=0.0032 active=0.0000 s_dense=0.00 s_pos=0.1640 s_sel=0.0000 s_sel_pos=0.0000 s_hot_err=0.000000 s_bg_err=0.086501 s_gap=0.000000 conf_cos=0.0000 conf_proj=0.00 val_mse=0.17480778 val_mae=0.29172259 | p_pos=0.0000 p_dense=0.00 p_sel=0.0000 p_sel_pos=0.0000 p_hot_err=0.000000 p_bg_err=0.000000 p_gap=0.000000 peer_val_mse=0.15275371 peer_val_mae=0.23364596
[worker1/electricity_handoff_router_seeded_v1_gpu0] [time_series_electricity_handoff_router_seeded_v1/elec_handoff_q75_b18] [time_series][epoch 029] lambda=0.0000 g_scale=0.000 handoff=1 corr_scale=0.000 freeze_student=0 focus=0.1814 train_total=0.08650322 train_sup=0.08650128 train_imit=0.44055507 mean_w=0.0024 active=0.0000 s_dense=0.00 s_pos=0.1640 s_sel=0.0000 s_sel_pos=0.0000 s_hot_err=0.000000 s_bg_err=0.086501 s_gap=0.000000 conf_cos=0.0000 conf_proj=0.00 val_mse=0.17480778 val_mae=0.29172259 | p_pos=0.0000 p_dense=0.00 p_sel=0.0000 p_sel_pos=0.0000 p_hot_err=0.000000 p_bg_err=0.000000 p_gap=0.000000 peer_val_mse=0.15275371 peer_val_mae=0.23364596
[worker1/electricity_handoff_router_seeded_v1_gpu0] [time_series_electricity_handoff_router_seeded_v1/elec_handoff_q75_b18] [time_series][epoch 030] lambda=0.0000 g_scale=0.000 handoff=1 corr_scale=0.000 freeze_student=0 focus=0.1814 train_total=0.08650279 train_sup=0.08650128 train_imit=0.45879581 mean_w=0.0019 active=0.0000 s_dense=0.00 s_pos=0.1640 s_sel=0.0000 s_sel_pos=0.0000 s_hot_err=0.000000 s_bg_err=0.086501 s_gap=0.000000 conf_cos=0.0000 conf_proj=0.00 val_mse=0.17480778 val_mae=0.29172259 | p_pos=0.0000 p_dense=0.00 p_sel=0.0000 p_sel_pos=0.0000 p_hot_err=0.000000 p_bg_err=0.000000 p_gap=0.000000 peer_val_mse=0.15275371 peer_val_mae=0.23364596
[worker1/electricity_handoff_router_seeded_v1_gpu0] [time_series_electricity_handoff_router_seeded_v1/elec_handoff_q75_b18] [time_series][epoch 030] early stop: no val_mse improvement greater than 0.0001 for 12 epoch(s)
[worker1/electricity_handoff_router_seeded_v1_gpu0] [time_series_electricity_handoff_router_seeded_v1/elec_handoff_q75_b18] [time_series][epoch 030] updated live plot
[worker1/electricity_handoff_router_seeded_v1_gpu0] [time_series_electricity_handoff_router_seeded_v1/elec_handoff_q75_b18] [time_series][ssml_diag] gate_mode=peer_better_student_error score_transform=none window_score_k=1 smooth_k=1 expand_k=1 tail_start=0.00 residual_beta=1.000 ema_decay=0.000 weight_mode=score freeze_peer=True worse_only=False anchor_w=0.00000 imit_space=raw residual_space_k=9 conflict_proj=0 topk_scope=total max_sel=1.000 adaptive_dense_thr=1.100 positive_upper_q=1.000 guidance_schedule=warmup_then_decay handoff_end=22 correction_init_bias=0.000 correction_ramp=10->18 correction_freeze_student_epochs=0 correction_only=1 correction_tail_start=0.00 correction_regime_q=0.00 correction_focus_alpha=0.00 correction_peer_adv_q=0.75 correction_peer_adv_min=0.0005 correction_peer_adv_k=3 correction_budget_ratio=0.180 router_bins=[8, 16, 24] router_ema=0.700 trend_only=1 correction_feature_mode=trend_residual correction_regime=1 correction_decomp_k=9 correction_trend_scale=1.000 correction_residual_scale=0.000 first_active_epoch=11 best_before_active=0.17480778@1 best_after_active=0.16274949@18
[worker1/electricity_handoff_router_seeded_v1_gpu0] [time_series_electricity_handoff_router_seeded_v1/elec_handoff_q75_b18] [time_series] done
[worker1/electricity_handoff_router_seeded_v1_gpu0] [time_series_electricity_handoff_router_seeded_v1/elec_handoff_q75_b18] [time_series] dataset=electricity pair=transformer:dlinear method=ssml seed=1 pred_len=24
[worker1/electricity_handoff_router_seeded_v1_gpu0] [time_series_electricity_handoff_router_seeded_v1/elec_handoff_q75_b18] [time_series] loaded init_checkpoint=results/time_series_electricity_followup_v1/best_known/time_series/electricity/transformer_independent_mse_seed1/model.pt
[worker1/electricity_handoff_router_seeded_v1_gpu0] [time_series_electricity_handoff_router_seeded_v1/elec_handoff_q75_b18] [time_series] loaded peer_init_checkpoint=results/time_series_electricity_followup_v1/best_known/time_series/electricity/dlinear_independent_mse_seed1/model.pt
[worker1/electricity_handoff_router_seeded_v1_gpu1] [time_series_electricity_handoff_router_seeded_v1/elec_handoff_q80_b15] [time_series][epoch 028] lambda=0.0000 g_scale=0.000 handoff=1 corr_scale=0.000 freeze_student=0 focus=0.1659 train_total=0.08650665 train_sup=0.08650128 train_imit=0.34537831 mean_w=0.0067 active=0.0000 s_dense=0.00 s_pos=0.1492 s_sel=0.0000 s_sel_pos=0.0000 s_hot_err=0.000000 s_bg_err=0.086501 s_gap=0.000000 conf_cos=0.0000 conf_proj=0.00 val_mse=0.17480778 val_mae=0.29172259 | p_pos=0.0000 p_dense=0.00 p_sel=0.0000 p_sel_pos=0.0000 p_hot_err=0.000000 p_bg_err=0.000000 p_gap=0.000000 peer_val_mse=0.15275371 peer_val_mae=0.23364596
[worker1/electricity_handoff_router_seeded_v1_gpu1] [time_series_electricity_handoff_router_seeded_v1/elec_handoff_q80_b15] [time_series][epoch 029] lambda=0.0000 g_scale=0.000 handoff=1 corr_scale=0.000 freeze_student=0 focus=0.1659 train_total=0.08650497 train_sup=0.08650128 train_imit=0.36432830 mean_w=0.0046 active=0.0000 s_dense=0.00 s_pos=0.1492 s_sel=0.0000 s_sel_pos=0.0000 s_hot_err=0.000000 s_bg_err=0.086501 s_gap=0.000000 conf_cos=0.0000 conf_proj=0.00 val_mse=0.17480778 val_mae=0.29172259 | p_pos=0.0000 p_dense=0.00 p_sel=0.0000 p_sel_pos=0.0000 p_hot_err=0.000000 p_bg_err=0.000000 p_gap=0.000000 peer_val_mse=0.15275371 peer_val_mae=0.23364596
[worker1/electricity_handoff_router_seeded_v1_gpu1] [time_series_electricity_handoff_router_seeded_v1/elec_handoff_q80_b15] [time_series][epoch 030] lambda=0.0000 g_scale=0.000 handoff=1 corr_scale=0.000 freeze_student=0 focus=0.1659 train_total=0.08650384 train_sup=0.08650128 train_imit=0.38398957 mean_w=0.0032 active=0.0000 s_dense=0.00 s_pos=0.1492 s_sel=0.0000 s_sel_pos=0.0000 s_hot_err=0.000000 s_bg_err=0.086501 s_gap=0.000000 conf_cos=0.0000 conf_proj=0.00 val_mse=0.17480778 val_mae=0.29172259 | p_pos=0.0000 p_dense=0.00 p_sel=0.0000 p_sel_pos=0.0000 p_hot_err=0.000000 p_bg_err=0.000000 p_gap=0.000000 peer_val_mse=0.15275371 peer_val_mae=0.23364596
[worker1/electricity_handoff_router_seeded_v1_gpu1] [time_series_electricity_handoff_router_seeded_v1/elec_handoff_q80_b15] [time_series][epoch 030] updated live plot
[worker1/electricity_handoff_router_seeded_v1_gpu1] [time_series_electricity_handoff_router_seeded_v1/elec_handoff_q80_b15] [time_series][epoch 031] lambda=0.0000 g_scale=0.000 handoff=1 corr_scale=0.000 freeze_student=0 focus=0.1659 train_total=0.08650312 train_sup=0.08650128 train_imit=0.40313392 mean_w=0.0023 active=0.0000 s_dense=0.00 s_pos=0.1492 s_sel=0.0000 s_sel_pos=0.0000 s_hot_err=0.000000 s_bg_err=0.086501 s_gap=0.000000 conf_cos=0.0000 conf_proj=0.00 val_mse=0.17480778 val_mae=0.29172259 | p_pos=0.0000 p_dense=0.00 p_sel=0.0000 p_sel_pos=0.0000 p_hot_err=0.000000 p_bg_err=0.000000 p_gap=0.000000 peer_val_mse=0.15275371 peer_val_mae=0.23364596
[worker1/electricity_handoff_router_seeded_v1_gpu1] [time_series_electricity_handoff_router_seeded_v1/elec_handoff_q80_b15] [time_series][epoch 032] lambda=0.0000 g_scale=0.000 handoff=1 corr_scale=0.000 freeze_student=0 focus=0.1659 train_total=0.08650265 train_sup=0.08650128 train_imit=0.42137977 mean_w=0.0017 active=0.0000 s_dense=0.00 s_pos=0.1492 s_sel=0.0000 s_sel_pos=0.0000 s_hot_err=0.000000 s_bg_err=0.086501 s_gap=0.000000 conf_cos=0.0000 conf_proj=0.00 val_mse=0.17480778 val_mae=0.29172259 | p_pos=0.0000 p_dense=0.00 p_sel=0.0000 p_sel_pos=0.0000 p_hot_err=0.000000 p_bg_err=0.000000 p_gap=0.000000 peer_val_mse=0.15275371 peer_val_mae=0.23364596
[worker1/electricity_handoff_router_seeded_v1_gpu1] [time_series_electricity_handoff_router_seeded_v1/elec_handoff_q80_b15] [time_series][epoch 032] early stop: no val_mse improvement greater than 0.0001 for 12 epoch(s)
[worker1/electricity_handoff_router_seeded_v1_gpu1] [time_series_electricity_handoff_router_seeded_v1/elec_handoff_q80_b15] [time_series][epoch 032] updated live plot
[worker1/electricity_handoff_router_seeded_v1_gpu0] [time_series_electricity_handoff_router_seeded_v1/elec_handoff_q75_b18] [time_series] run_dir=results/time_series_electricity_handoff_router_seeded_v1/worker1_gpu0/elec_handoff_q75_b18/time_series/electricity/transformer__dlinear_ssml_mse_seed1
[worker1/electricity_handoff_router_seeded_v1_gpu0] [time_series_electricity_handoff_router_seeded_v1/elec_handoff_q75_b18] [time_series] params=1090
[worker1/electricity_handoff_router_seeded_v1_gpu0] [time_series_electricity_handoff_router_seeded_v1/elec_handoff_q75_b18] [time_series] correction_gate_params=1090
[worker1/electricity_handoff_router_seeded_v1_gpu0] [time_series_electricity_handoff_router_seeded_v1/elec_handoff_q75_b18] [time_series][epoch 001] lambda=0.0000 g_scale=0.000 handoff=0 corr_scale=0.000 freeze_student=0 focus=0.1817 train_total=0.08658441 train_sup=0.08658194 train_imit=0.62553894 mean_w=0.0031 active=0.0000 s_dense=0.00 s_pos=0.1642 s_sel=0.0000 s_sel_pos=0.0000 s_hot_err=0.000000 s_bg_err=0.086582 s_gap=0.000000 conf_cos=0.0000 conf_proj=0.00 val_mse=0.17482597 val_mae=0.29085631 | p_pos=0.0000 p_dense=0.00 p_sel=0.0000 p_sel_pos=0.0000 p_hot_err=0.000000 p_bg_err=0.000000 p_gap=0.000000 peer_val_mse=0.15275041 peer_val_mae=0.23311068
[worker1/electricity_handoff_router_seeded_v1_gpu0] [time_series_electricity_handoff_router_seeded_v1/elec_handoff_q75_b18] [time_series][epoch 002] lambda=0.0000 g_scale=0.000 handoff=0 corr_scale=0.000 freeze_student=0 focus=0.1817 train_total=0.08658205 train_sup=0.08658194 train_imit=0.67873091 mean_w=0.0001 active=0.0000 s_dense=0.00 s_pos=0.1642 s_sel=0.0000 s_sel_pos=0.0000 s_hot_err=0.000000 s_bg_err=0.086582 s_gap=0.000000 conf_cos=0.0000 conf_proj=0.00 val_mse=0.17482597 val_mae=0.29085631 | p_pos=0.0000 p_dense=0.00 p_sel=0.0000 p_sel_pos=0.0000 p_hot_err=0.000000 p_bg_err=0.000000 p_gap=0.000000 peer_val_mse=0.15275041 peer_val_mae=0.23311068
[worker1/electricity_handoff_router_seeded_v1_gpu0] [time_series_electricity_handoff_router_seeded_v1/elec_handoff_q75_b18] [time_series][epoch 003] lambda=0.0000 g_scale=0.000 handoff=0 corr_scale=0.000 freeze_student=0 focus=0.1817 train_total=0.08658198 train_sup=0.08658194 train_imit=0.73133380 mean_w=0.0001 active=0.0000 s_dense=0.00 s_pos=0.1642 s_sel=0.0000 s_sel_pos=0.0000 s_hot_err=0.000000 s_bg_err=0.086582 s_gap=0.000000 conf_cos=0.0000 conf_proj=0.00 val_mse=0.17482597 val_mae=0.29085631 | p_pos=0.0000 p_dense=0.00 p_sel=0.0000 p_sel_pos=0.0000 p_hot_err=0.000000 p_bg_err=0.000000 p_gap=0.000000 peer_val_mse=0.15275041 peer_val_mae=0.23311068
[worker1/electricity_handoff_router_seeded_v1_gpu0] [time_series_electricity_handoff_router_seeded_v1/elec_handoff_q75_b18] [time_series][epoch 004] lambda=0.0000 g_scale=0.000 handoff=0 corr_scale=0.000 freeze_student=0 focus=0.1817 train_total=0.08658196 train_sup=0.08658194 train_imit=0.77253701 mean_w=0.0000 active=0.0000 s_dense=0.00 s_pos=0.1642 s_sel=0.0000 s_sel_pos=0.0000 s_hot_err=0.000000 s_bg_err=0.086582 s_gap=0.000000 conf_cos=0.0000 conf_proj=0.00 val_mse=0.17482597 val_mae=0.29085631 | p_pos=0.0000 p_dense=0.00 p_sel=0.0000 p_sel_pos=0.0000 p_hot_err=0.000000 p_bg_err=0.000000 p_gap=0.000000 peer_val_mse=0.15275041 peer_val_mae=0.23311068
[worker1/electricity_handoff_router_seeded_v1_gpu0] [time_series_electricity_handoff_router_seeded_v1/elec_handoff_q75_b18] [time_series][epoch 005] lambda=0.0000 g_scale=0.000 handoff=0 corr_scale=0.000 freeze_student=0 focus=0.1817 train_total=0.08658195 train_sup=0.08658194 train_imit=0.80733831 mean_w=0.0000 active=0.0000 s_dense=0.00 s_pos=0.1642 s_sel=0.0000 s_sel_pos=0.0000 s_hot_err=0.000000 s_bg_err=0.086582 s_gap=0.000000 conf_cos=0.0000 conf_proj=0.00 val_mse=0.17482597 val_mae=0.29085631 | p_pos=0.0000 p_dense=0.00 p_sel=0.0000 p_sel_pos=0.0000 p_hot_err=0.000000 p_bg_err=0.000000 p_gap=0.000000 peer_val_mse=0.15275041 peer_val_mae=0.23311068
[worker1/electricity_handoff_router_seeded_v1_gpu1] [time_series_electricity_handoff_router_seeded_v1/elec_handoff_q80_b15] [time_series][ssml_diag] gate_mode=peer_better_student_error score_transform=none window_score_k=1 smooth_k=1 expand_k=1 tail_start=0.00 residual_beta=1.000 ema_decay=0.000 weight_mode=score freeze_peer=True worse_only=False anchor_w=0.00000 imit_space=raw residual_space_k=9 conflict_proj=0 topk_scope=total max_sel=1.000 adaptive_dense_thr=1.100 positive_upper_q=1.000 guidance_schedule=warmup_then_decay handoff_end=24 correction_init_bias=0.000 correction_ramp=12->20 correction_freeze_student_epochs=0 correction_only=1 correction_tail_start=0.00 correction_regime_q=0.00 correction_focus_alpha=0.00 correction_peer_adv_q=0.80 correction_peer_adv_min=0.0008 correction_peer_adv_k=5 correction_budget_ratio=0.150 router_bins=[8, 16, 24] router_ema=0.750 trend_only=1 correction_feature_mode=trend_residual correction_regime=1 correction_decomp_k=9 correction_trend_scale=0.950 correction_residual_scale=0.000 first_active_epoch=13 best_before_active=0.17480778@1 best_after_active=0.16504128@20
[worker1/electricity_handoff_router_seeded_v1_gpu1] [time_series_electricity_handoff_router_seeded_v1/elec_handoff_q80_b15] [time_series] done
[worker1/electricity_handoff_router_seeded_v1_gpu1] [time_series_electricity_handoff_router_seeded_v1/elec_handoff_q80_b15] [time_series] dataset=electricity pair=transformer:dlinear method=ssml seed=1 pred_len=24
[worker1/electricity_handoff_router_seeded_v1_gpu1] [time_series_electricity_handoff_router_seeded_v1/elec_handoff_q80_b15] [time_series] loaded init_checkpoint=results/time_series_electricity_followup_v1/best_known/time_series/electricity/transformer_independent_mse_seed1/model.pt
[worker1/electricity_handoff_router_seeded_v1_gpu1] [time_series_electricity_handoff_router_seeded_v1/elec_handoff_q80_b15] [time_series] loaded peer_init_checkpoint=results/time_series_electricity_followup_v1/best_known/time_series/electricity/dlinear_independent_mse_seed1/model.pt
[worker1/electricity_handoff_router_seeded_v1_gpu1] [time_series_electricity_handoff_router_seeded_v1/elec_handoff_q80_b15] [time_series] run_dir=results/time_series_electricity_handoff_router_seeded_v1/worker1_gpu1/elec_handoff_q80_b15/time_series/electricity/transformer__dlinear_ssml_mse_seed1
[worker1/electricity_handoff_router_seeded_v1_gpu1] [time_series_electricity_handoff_router_seeded_v1/elec_handoff_q80_b15] [time_series] params=818
[worker1/electricity_handoff_router_seeded_v1_gpu1] [time_series_electricity_handoff_router_seeded_v1/elec_handoff_q80_b15] [time_series] correction_gate_params=818
[worker1/electricity_handoff_router_seeded_v1_gpu1] [time_series_electricity_handoff_router_seeded_v1/elec_handoff_q80_b15] [time_series][epoch 001] lambda=0.0000 g_scale=0.000 handoff=0 corr_scale=0.000 freeze_student=0 focus=0.1660 train_total=0.08658469 train_sup=0.08658194 train_imit=0.60169336 mean_w=0.0034 active=0.0000 s_dense=0.00 s_pos=0.1494 s_sel=0.0000 s_sel_pos=0.0000 s_hot_err=0.000000 s_bg_err=0.086582 s_gap=0.000000 conf_cos=0.0000 conf_proj=0.00 val_mse=0.17482597 val_mae=0.29085631 | p_pos=0.0000 p_dense=0.00 p_sel=0.0000 p_sel_pos=0.0000 p_hot_err=0.000000 p_bg_err=0.000000 p_gap=0.000000 peer_val_mse=0.15275041 peer_val_mae=0.23311068
[worker1/electricity_handoff_router_seeded_v1_gpu1] [time_series_electricity_handoff_router_seeded_v1/elec_handoff_q80_b15] [time_series][epoch 002] lambda=0.0000 g_scale=0.000 handoff=0 corr_scale=0.000 freeze_student=0 focus=0.1660 train_total=0.08658205 train_sup=0.08658194 train_imit=0.63490044 mean_w=0.0001 active=0.0000 s_dense=0.00 s_pos=0.1494 s_sel=0.0000 s_sel_pos=0.0000 s_hot_err=0.000000 s_bg_err=0.086582 s_gap=0.000000 conf_cos=0.0000 conf_proj=0.00 val_mse=0.17482597 val_mae=0.29085631 | p_pos=0.0000 p_dense=0.00 p_sel=0.0000 p_sel_pos=0.0000 p_hot_err=0.000000 p_bg_err=0.000000 p_gap=0.000000 peer_val_mse=0.15275041 peer_val_mae=0.23311068
[worker1/electricity_handoff_router_seeded_v1_gpu1] [time_series_electricity_handoff_router_seeded_v1/elec_handoff_q80_b15] [time_series][epoch 003] lambda=0.0000 g_scale=0.000 handoff=0 corr_scale=0.000 freeze_student=0 focus=0.1660 train_total=0.08658198 train_sup=0.08658194 train_imit=0.69091436 mean_w=0.0001 active=0.0000 s_dense=0.00 s_pos=0.1494 s_sel=0.0000 s_sel_pos=0.0000 s_hot_err=0.000000 s_bg_err=0.086582 s_gap=0.000000 conf_cos=0.0000 conf_proj=0.00 val_mse=0.17482597 val_mae=0.29085631 | p_pos=0.0000 p_dense=0.00 p_sel=0.0000 p_sel_pos=0.0000 p_hot_err=0.000000 p_bg_err=0.000000 p_gap=0.000000 peer_val_mse=0.15275041 peer_val_mae=0.23311068
[worker1/electricity_handoff_router_seeded_v1_gpu0] [time_series_electricity_handoff_router_seeded_v1/elec_handoff_q75_b18] [time_series][epoch 006] lambda=0.0000 g_scale=0.000 handoff=0 corr_scale=0.000 freeze_student=0 focus=0.1817 train_total=0.08658195 train_sup=0.08658194 train_imit=0.83766356 mean_w=0.0000 active=0.0000 s_dense=0.00 s_pos=0.1642 s_sel=0.0000 s_sel_pos=0.0000 s_hot_err=0.000000 s_bg_err=0.086582 s_gap=0.000000 conf_cos=0.0000 conf_proj=0.00 val_mse=0.17482597 val_mae=0.29085631 | p_pos=0.0000 p_dense=0.00 p_sel=0.0000 p_sel_pos=0.0000 p_hot_err=0.000000 p_bg_err=0.000000 p_gap=0.000000 peer_val_mse=0.15275041 peer_val_mae=0.23311068
[worker1/electricity_handoff_router_seeded_v1_gpu0] [time_series_electricity_handoff_router_seeded_v1/elec_handoff_q75_b18] [time_series][epoch 007] lambda=0.0000 g_scale=0.000 handoff=0 corr_scale=0.000 freeze_student=0 focus=0.1817 train_total=0.08658194 train_sup=0.08658194 train_imit=0.86427742 mean_w=0.0000 active=0.0000 s_dense=0.00 s_pos=0.1642 s_sel=0.0000 s_sel_pos=0.0000 s_hot_err=0.000000 s_bg_err=0.086582 s_gap=0.000000 conf_cos=0.0000 conf_proj=0.00 val_mse=0.17482597 val_mae=0.29085631 | p_pos=0.0000 p_dense=0.00 p_sel=0.0000 p_sel_pos=0.0000 p_hot_err=0.000000 p_bg_err=0.000000 p_gap=0.000000 peer_val_mse=0.15275041 peer_val_mae=0.23311068
[worker1/electricity_handoff_router_seeded_v1_gpu0] [time_series_electricity_handoff_router_seeded_v1/elec_handoff_q75_b18] [time_series][epoch 008] lambda=0.0000 g_scale=0.000 handoff=0 corr_scale=0.000 freeze_student=0 focus=0.1817 train_total=0.08658194 train_sup=0.08658194 train_imit=0.88823627 mean_w=0.0000 active=0.0000 s_dense=0.00 s_pos=0.1642 s_sel=0.0000 s_sel_pos=0.0000 s_hot_err=0.000000 s_bg_err=0.086582 s_gap=0.000000 conf_cos=0.0000 conf_proj=0.00 val_mse=0.17482597 val_mae=0.29085631 | p_pos=0.0000 p_dense=0.00 p_sel=0.0000 p_sel_pos=0.0000 p_hot_err=0.000000 p_bg_err=0.000000 p_gap=0.000000 peer_val_mse=0.15275041 peer_val_mae=0.23311068
[worker1/electricity_handoff_router_seeded_v1_gpu0] [time_series_electricity_handoff_router_seeded_v1/elec_handoff_q75_b18] [time_series][epoch 009] lambda=0.0000 g_scale=0.000 handoff=0 corr_scale=0.000 freeze_student=0 focus=0.1817 train_total=0.08658194 train_sup=0.08658194 train_imit=0.90984216 mean_w=0.0000 active=0.0000 s_dense=0.00 s_pos=0.1642 s_sel=0.0000 s_sel_pos=0.0000 s_hot_err=0.000000 s_bg_err=0.086582 s_gap=0.000000 conf_cos=0.0000 conf_proj=0.00 val_mse=0.17482597 val_mae=0.29085631 | p_pos=0.0000 p_dense=0.00 p_sel=0.0000 p_sel_pos=0.0000 p_hot_err=0.000000 p_bg_err=0.000000 p_gap=0.000000 peer_val_mse=0.15275041 peer_val_mae=0.23311068
[worker1/electricity_handoff_router_seeded_v1_gpu0] [time_series_electricity_handoff_router_seeded_v1/elec_handoff_q75_b18] [time_series][epoch 010] lambda=0.0000 g_scale=0.000 handoff=0 corr_scale=0.000 freeze_student=0 focus=0.1817 train_total=0.08658194 train_sup=0.08658194 train_imit=0.92937629 mean_w=0.0000 active=0.0000 s_dense=0.00 s_pos=0.1642 s_sel=0.0000 s_sel_pos=0.0000 s_hot_err=0.000000 s_bg_err=0.086582 s_gap=0.000000 conf_cos=0.0000 conf_proj=0.00 val_mse=0.17482597 val_mae=0.29085631 | p_pos=0.0000 p_dense=0.00 p_sel=0.0000 p_sel_pos=0.0000 p_hot_err=0.000000 p_bg_err=0.000000 p_gap=0.000000 peer_val_mse=0.15275041 peer_val_mae=0.23311068
[worker1/electricity_handoff_router_seeded_v1_gpu0] [time_series_electricity_handoff_router_seeded_v1/elec_handoff_q75_b18] [time_series][epoch 010] updated live plot
[worker1/electricity_handoff_router_seeded_v1_gpu0] [time_series_electricity_handoff_router_seeded_v1/elec_handoff_q75_b18] [time_series][epoch 011] lambda=0.1000 g_scale=1.000 handoff=0 corr_scale=0.125 freeze_student=0 focus=0.1817 train_total=0.12550649 train_sup=0.08628048 train_imit=0.39220019 mean_w=0.0075 active=0.0006 s_dense=0.00 s_pos=0.1642 s_sel=0.0006 s_sel_pos=0.0039 s_hot_err=2.631019 s_bg_err=0.085202 s_gap=1.281845 conf_cos=0.0000 conf_proj=0.00 val_mse=0.17285106 val_mae=0.29007307 | p_pos=0.0000 p_dense=0.00 p_sel=0.0000 p_sel_pos=0.0000 p_hot_err=0.000000 p_bg_err=0.000000 p_gap=0.000000 peer_val_mse=0.15275041 peer_val_mae=0.23311068
[worker1/electricity_handoff_router_seeded_v1_gpu1] [time_series_electricity_handoff_router_seeded_v1/elec_handoff_q80_b15] [time_series][epoch 004] lambda=0.0000 g_scale=0.000 handoff=0 corr_scale=0.000 freeze_student=0 focus=0.1660 train_total=0.08658196 train_sup=0.08658194 train_imit=0.73789038 mean_w=0.0000 active=0.0000 s_dense=0.00 s_pos=0.1494 s_sel=0.0000 s_sel_pos=0.0000 s_hot_err=0.000000 s_bg_err=0.086582 s_gap=0.000000 conf_cos=0.0000 conf_proj=0.00 val_mse=0.17482597 val_mae=0.29085631 | p_pos=0.0000 p_dense=0.00 p_sel=0.0000 p_sel_pos=0.0000 p_hot_err=0.000000 p_bg_err=0.000000 p_gap=0.000000 peer_val_mse=0.15275041 peer_val_mae=0.23311068
[worker1/electricity_handoff_router_seeded_v1_gpu1] [time_series_electricity_handoff_router_seeded_v1/elec_handoff_q80_b15] [time_series][epoch 005] lambda=0.0000 g_scale=0.000 handoff=0 corr_scale=0.000 freeze_student=0 focus=0.1660 train_total=0.08658196 train_sup=0.08658194 train_imit=0.77955915 mean_w=0.0000 active=0.0000 s_dense=0.00 s_pos=0.1494 s_sel=0.0000 s_sel_pos=0.0000 s_hot_err=0.000000 s_bg_err=0.086582 s_gap=0.000000 conf_cos=0.0000 conf_proj=0.00 val_mse=0.17482597 val_mae=0.29085631 | p_pos=0.0000 p_dense=0.00 p_sel=0.0000 p_sel_pos=0.0000 p_hot_err=0.000000 p_bg_err=0.000000 p_gap=0.000000 peer_val_mse=0.15275041 peer_val_mae=0.23311068
[worker1/electricity_handoff_router_seeded_v1_gpu1] [time_series_electricity_handoff_router_seeded_v1/elec_handoff_q80_b15] [time_series][epoch 006] lambda=0.0000 g_scale=0.000 handoff=0 corr_scale=0.000 freeze_student=0 focus=0.1660 train_total=0.08658195 train_sup=0.08658194 train_imit=0.81683172 mean_w=0.0000 active=0.0000 s_dense=0.00 s_pos=0.1494 s_sel=0.0000 s_sel_pos=0.0000 s_hot_err=0.000000 s_bg_err=0.086582 s_gap=0.000000 conf_cos=0.0000 conf_proj=0.00 val_mse=0.17482597 val_mae=0.29085631 | p_pos=0.0000 p_dense=0.00 p_sel=0.0000 p_sel_pos=0.0000 p_hot_err=0.000000 p_bg_err=0.000000 p_gap=0.000000 peer_val_mse=0.15275041 peer_val_mae=0.23311068
[worker1/electricity_handoff_router_seeded_v1_gpu1] [time_series_electricity_handoff_router_seeded_v1/elec_handoff_q80_b15] [time_series][epoch 007] lambda=0.0000 g_scale=0.000 handoff=0 corr_scale=0.000 freeze_student=0 focus=0.1660 train_total=0.08658194 train_sup=0.08658194 train_imit=0.85058710 mean_w=0.0000 active=0.0000 s_dense=0.00 s_pos=0.1494 s_sel=0.0000 s_sel_pos=0.0000 s_hot_err=0.000000 s_bg_err=0.086582 s_gap=0.000000 conf_cos=0.0000 conf_proj=0.00 val_mse=0.17482597 val_mae=0.29085631 | p_pos=0.0000 p_dense=0.00 p_sel=0.0000 p_sel_pos=0.0000 p_hot_err=0.000000 p_bg_err=0.000000 p_gap=0.000000 peer_val_mse=0.15275041 peer_val_mae=0.23311068
[worker1/electricity_handoff_router_seeded_v1_gpu1] [time_series_electricity_handoff_router_seeded_v1/elec_handoff_q80_b15] [time_series][epoch 008] lambda=0.0000 g_scale=0.000 handoff=0 corr_scale=0.000 freeze_student=0 focus=0.1660 train_total=0.08658194 train_sup=0.08658194 train_imit=0.88131756 mean_w=0.0000 active=0.0000 s_dense=0.00 s_pos=0.1494 s_sel=0.0000 s_sel_pos=0.0000 s_hot_err=0.000000 s_bg_err=0.086582 s_gap=0.000000 conf_cos=0.0000 conf_proj=0.00 val_mse=0.17482597 val_mae=0.29085631 | p_pos=0.0000 p_dense=0.00 p_sel=0.0000 p_sel_pos=0.0000 p_hot_err=0.000000 p_bg_err=0.000000 p_gap=0.000000 peer_val_mse=0.15275041 peer_val_mae=0.23311068
[worker1/electricity_handoff_router_seeded_v1_gpu1] [time_series_electricity_handoff_router_seeded_v1/elec_handoff_q80_b15] [time_series][epoch 009] lambda=0.0000 g_scale=0.000 handoff=0 corr_scale=0.000 freeze_student=0 focus=0.1660 train_total=0.08658194 train_sup=0.08658194 train_imit=0.90962085 mean_w=0.0000 active=0.0000 s_dense=0.00 s_pos=0.1494 s_sel=0.0000 s_sel_pos=0.0000 s_hot_err=0.000000 s_bg_err=0.086582 s_gap=0.000000 conf_cos=0.0000 conf_proj=0.00 val_mse=0.17482597 val_mae=0.29085631 | p_pos=0.0000 p_dense=0.00 p_sel=0.0000 p_sel_pos=0.0000 p_hot_err=0.000000 p_bg_err=0.000000 p_gap=0.000000 peer_val_mse=0.15275041 peer_val_mae=0.23311068
[worker1/electricity_handoff_router_seeded_v1_gpu0] [time_series_electricity_handoff_router_seeded_v1/elec_handoff_q75_b18] [time_series][epoch 012] lambda=0.1000 g_scale=1.000 handoff=0 corr_scale=0.250 freeze_student=0 focus=0.1817 train_total=0.12139964 train_sup=0.08548200 train_imit=0.35909096 mean_w=0.0107 active=0.0028 s_dense=0.00 s_pos=0.1642 s_sel=0.0028 s_sel_pos=0.0168 s_hot_err=1.091751 s_bg_err=0.082914 s_gap=0.545825 conf_cos=0.0000 conf_proj=0.00 val_mse=0.17010459 val_mae=0.28852250 | p_pos=0.0000 p_dense=0.00 p_sel=0.0000 p_sel_pos=0.0000 p_hot_err=0.000000 p_bg_err=0.000000 p_gap=0.000000 peer_val_mse=0.15275041 peer_val_mae=0.23311068
[worker1/electricity_handoff_router_seeded_v1_gpu0] [time_series_electricity_handoff_router_seeded_v1/elec_handoff_q75_b18] [time_series][epoch 013] lambda=0.1000 g_scale=1.000 handoff=0 corr_scale=0.375 freeze_student=0 focus=0.1817 train_total=0.11986732 train_sup=0.08456040 train_imit=0.35296144 mean_w=0.0135 active=0.0072 s_dense=0.00 s_pos=0.1642 s_sel=0.0072 s_sel_pos=0.0439 s_hot_err=0.563191 s_bg_err=0.081138 s_gap=0.348801 conf_cos=0.0000 conf_proj=0.00 val_mse=0.16790127 val_mae=0.28705055 | p_pos=0.0000 p_dense=0.00 p_sel=0.0000 p_sel_pos=0.0000 p_hot_err=0.000000 p_bg_err=0.000000 p_gap=0.000000 peer_val_mse=0.15275041 peer_val_mae=0.23311068
[worker1/electricity_handoff_router_seeded_v1_gpu0] [time_series_electricity_handoff_router_seeded_v1/elec_handoff_q75_b18] [time_series][epoch 014] lambda=0.1000 g_scale=1.000 handoff=0 corr_scale=0.500 freeze_student=0 focus=0.1817 train_total=0.11873474 train_sup=0.08380755 train_imit=0.34914939 mean_w=0.0153 active=0.0113 s_dense=0.00 s_pos=0.1642 s_sel=0.0113 s_sel_pos=0.0691 s_hot_err=0.423740 s_bg_err=0.079925 s_gap=0.313514 conf_cos=0.0000 conf_proj=0.00 val_mse=0.16626921 val_mae=0.28580710 | p_pos=0.0000 p_dense=0.00 p_sel=0.0000 p_sel_pos=0.0000 p_hot_err=0.000000 p_bg_err=0.000000 p_gap=0.000000 peer_val_mse=0.15275041 peer_val_mae=0.23311068
[worker1/electricity_handoff_router_seeded_v1_gpu0] [time_series_electricity_handoff_router_seeded_v1/elec_handoff_q75_b18] [time_series][epoch 015] lambda=0.1000 g_scale=1.000 handoff=0 corr_scale=0.625 freeze_student=0 focus=0.1817 train_total=0.11779691 train_sup=0.08317620 train_imit=0.34607415 mean_w=0.0166 active=0.0149 s_dense=0.00 s_pos=0.1642 s_sel=0.0149 s_sel_pos=0.0905 s_hot_err=0.353468 s_bg_err=0.079108 s_gap=0.295328 conf_cos=0.0000 conf_proj=0.00 val_mse=0.16506778 val_mae=0.28471028 | p_pos=0.0000 p_dense=0.00 p_sel=0.0000 p_sel_pos=0.0000 p_hot_err=0.000000 p_bg_err=0.000000 p_gap=0.000000 peer_val_mse=0.15275041 peer_val_mae=0.23311068
[worker1/electricity_handoff_router_seeded_v1_gpu0] [time_series_electricity_handoff_router_seeded_v1/elec_handoff_q75_b18] [time_series][epoch 016] lambda=0.1000 g_scale=1.000 handoff=0 corr_scale=0.750 freeze_student=0 focus=0.1817 train_total=0.11704879 train_sup=0.08266872 train_imit=0.34366116 mean_w=0.0174 active=0.0174 s_dense=0.00 s_pos=0.1642 s_sel=0.0174 s_sel_pos=0.1062 s_hot_err=0.310892 s_bg_err=0.078625 s_gap=0.284475 conf_cos=0.0000 conf_proj=0.00 val_mse=0.16396205 val_mae=0.28378188 | p_pos=0.0000 p_dense=0.00 p_sel=0.0000 p_sel_pos=0.0000 p_hot_err=0.000000 p_bg_err=0.000000 p_gap=0.000000 peer_val_mse=0.15275041 peer_val_mae=0.23311068
[worker1/electricity_handoff_router_seeded_v1_gpu0] [time_series_electricity_handoff_router_seeded_v1/elec_handoff_q75_b18] [time_series][epoch 017] lambda=0.1000 g_scale=1.000 handoff=0 corr_scale=0.875 freeze_student=0 focus=0.1817 train_total=0.11644127 train_sup=0.08224794 train_imit=0.34178991 mean_w=0.0179 active=0.0191 s_dense=0.00 s_pos=0.1642 s_sel=0.0191 s_sel_pos=0.1165 s_hot_err=0.281442 s_bg_err=0.078365 s_gap=0.277410 conf_cos=0.0000 conf_proj=0.00 val_mse=0.16304613 val_mae=0.28280119 | p_pos=0.0000 p_dense=0.00 p_sel=0.0000 p_sel_pos=0.0000 p_hot_err=0.000000 p_bg_err=0.000000 p_gap=0.000000 peer_val_mse=0.15275041 peer_val_mae=0.23311068
[worker1/electricity_handoff_router_seeded_v1_gpu1] [time_series_electricity_handoff_router_seeded_v1/elec_handoff_q80_b15] [time_series][epoch 010] lambda=0.0000 g_scale=0.000 handoff=0 corr_scale=0.000 freeze_student=0 focus=0.1660 train_total=0.08658194 train_sup=0.08658194 train_imit=0.93559315 mean_w=0.0000 active=0.0000 s_dense=0.00 s_pos=0.1494 s_sel=0.0000 s_sel_pos=0.0000 s_hot_err=0.000000 s_bg_err=0.086582 s_gap=0.000000 conf_cos=0.0000 conf_proj=0.00 val_mse=0.17482597 val_mae=0.29085631 | p_pos=0.0000 p_dense=0.00 p_sel=0.0000 p_sel_pos=0.0000 p_hot_err=0.000000 p_bg_err=0.000000 p_gap=0.000000 peer_val_mse=0.15275041 peer_val_mae=0.23311068
[worker1/electricity_handoff_router_seeded_v1_gpu1] [time_series_electricity_handoff_router_seeded_v1/elec_handoff_q80_b15] [time_series][epoch 010] updated live plot
[worker1/electricity_handoff_router_seeded_v1_gpu1] [time_series_electricity_handoff_router_seeded_v1/elec_handoff_q80_b15] [time_series][epoch 011] lambda=0.0000 g_scale=0.000 handoff=0 corr_scale=0.000 freeze_student=0 focus=0.1660 train_total=0.08658194 train_sup=0.08658194 train_imit=0.95935008 mean_w=0.0000 active=0.0000 s_dense=0.00 s_pos=0.1494 s_sel=0.0000 s_sel_pos=0.0000 s_hot_err=0.000000 s_bg_err=0.086582 s_gap=0.000000 conf_cos=0.0000 conf_proj=0.00 val_mse=0.17482597 val_mae=0.29085631 | p_pos=0.0000 p_dense=0.00 p_sel=0.0000 p_sel_pos=0.0000 p_hot_err=0.000000 p_bg_err=0.000000 p_gap=0.000000 peer_val_mse=0.15275041 peer_val_mae=0.23311068
[worker1/electricity_handoff_router_seeded_v1_gpu1] [time_series_electricity_handoff_router_seeded_v1/elec_handoff_q80_b15] [time_series][epoch 012] lambda=0.0000 g_scale=0.000 handoff=0 corr_scale=0.000 freeze_student=0 focus=0.1660 train_total=0.08658194 train_sup=0.08658194 train_imit=0.98113489 mean_w=0.0000 active=0.0000 s_dense=0.00 s_pos=0.1494 s_sel=0.0000 s_sel_pos=0.0000 s_hot_err=0.000000 s_bg_err=0.086582 s_gap=0.000000 conf_cos=0.0000 conf_proj=0.00 val_mse=0.17482597 val_mae=0.29085631 | p_pos=0.0000 p_dense=0.00 p_sel=0.0000 p_sel_pos=0.0000 p_hot_err=0.000000 p_bg_err=0.000000 p_gap=0.000000 peer_val_mse=0.15275041 peer_val_mae=0.23311068
[worker1/electricity_handoff_router_seeded_v1_gpu1] [time_series_electricity_handoff_router_seeded_v1/elec_handoff_q80_b15] [time_series][epoch 013] lambda=0.0800 g_scale=1.000 handoff=0 corr_scale=0.125 freeze_student=0 focus=0.1660 train_total=0.11676564 train_sup=0.08635223 train_imit=0.38010913 mean_w=0.0059 active=0.0006 s_dense=0.00 s_pos=0.1494 s_sel=0.0006 s_sel_pos=0.0042 s_hot_err=2.582703 s_bg_err=0.085148 s_gap=-0.419771 conf_cos=0.0000 conf_proj=0.00 val_mse=0.17286403 val_mae=0.29013571 | p_pos=0.0000 p_dense=0.00 p_sel=0.0000 p_sel_pos=0.0000 p_hot_err=0.000000 p_bg_err=0.000000 p_gap=0.000000 peer_val_mse=0.15275041 peer_val_mae=0.23311068
[worker1/electricity_handoff_router_seeded_v1_gpu1] [time_series_electricity_handoff_router_seeded_v1/elec_handoff_q80_b15] [time_series][epoch 014] lambda=0.0800 g_scale=1.000 handoff=0 corr_scale=0.250 freeze_student=0 focus=0.1660 train_total=0.11299463 train_sup=0.08580768 train_imit=0.33975403 mean_w=0.0083 active=0.0023 s_dense=0.00 s_pos=0.1494 s_sel=0.0023 s_sel_pos=0.0152 s_hot_err=1.359742 s_bg_err=0.082964 s_gap=0.179601 conf_cos=0.0000 conf_proj=0.00 val_mse=0.17038767 val_mae=0.28899317 | p_pos=0.0000 p_dense=0.00 p_sel=0.0000 p_sel_pos=0.0000 p_hot_err=0.000000 p_bg_err=0.000000 p_gap=0.000000 peer_val_mse=0.15275041 peer_val_mae=0.23311068
[worker1/electricity_handoff_router_seeded_v1_gpu1] [time_series_electricity_handoff_router_seeded_v1/elec_handoff_q80_b15] [time_series][epoch 015] lambda=0.0800 g_scale=1.000 handoff=0 corr_scale=0.375 freeze_student=0 focus=0.1660 train_total=0.11189691 train_sup=0.08518040 train_imit=0.33385707 mean_w=0.0099 active=0.0047 s_dense=0.00 s_pos=0.1494 s_sel=0.0047 s_sel_pos=0.0315 s_hot_err=0.843671 s_bg_err=0.081653 s_gap=0.180979 conf_cos=0.0000 conf_proj=0.00 val_mse=0.16892838 val_mae=0.28800075 | p_pos=0.0000 p_dense=0.00 p_sel=0.0000 p_sel_pos=0.0000 p_hot_err=0.000000 p_bg_err=0.000000 p_gap=0.000000 peer_val_mse=0.15275041 peer_val_mae=0.23311068
[worker1/electricity_handoff_router_seeded_v1_gpu0] [time_series_electricity_handoff_router_seeded_v1/elec_handoff_q75_b18] [time_series][epoch 018] lambda=0.1000 g_scale=1.000 handoff=0 corr_scale=1.000 freeze_student=0 focus=0.1817 train_total=0.11595311 train_sup=0.08191886 train_imit=0.34019724 mean_w=0.0181 active=0.0201 s_dense=0.00 s_pos=0.1642 s_sel=0.0201 s_sel_pos=0.1226 s_hot_err=0.259864 s_bg_err=0.078263 s_gap=0.272890 conf_cos=0.0000 conf_proj=0.00 val_mse=0.16218115 val_mae=0.28196604 | p_pos=0.0000 p_dense=0.00 p_sel=0.0000 p_sel_pos=0.0000 p_hot_err=0.000000 p_bg_err=0.000000 p_gap=0.000000 peer_val_mse=0.15275041 peer_val_mae=0.23311068
[worker1/electricity_handoff_router_seeded_v1_gpu0] [time_series_electricity_handoff_router_seeded_v1/elec_handoff_q75_b18] [time_series][epoch 019] lambda=0.0842 g_scale=0.842 handoff=0 corr_scale=1.000 freeze_student=0 focus=0.1817 train_total=0.11096792 train_sup=0.08233358 train_imit=0.34003196 mean_w=0.0187 active=0.0221 s_dense=0.00 s_pos=0.1642 s_sel=0.0221 s_sel_pos=0.1343 s_hot_err=0.268018 s_bg_err=0.078147 s_gap=0.265725 conf_cos=0.0000 conf_proj=0.00 val_mse=0.16311526 val_mae=0.28298841 | p_pos=0.0000 p_dense=0.00 p_sel=0.0000 p_sel_pos=0.0000 p_hot_err=0.000000 p_bg_err=0.000000 p_gap=0.000000 peer_val_mse=0.15275041 peer_val_mae=0.23311068
[worker1/electricity_handoff_router_seeded_v1_gpu0] [time_series_electricity_handoff_router_seeded_v1/elec_handoff_q75_b18] [time_series][epoch 020] lambda=0.0683 g_scale=0.683 handoff=0 corr_scale=1.000 freeze_student=0 focus=0.1817 train_total=0.10609124 train_sup=0.08281410 train_imit=0.34041493 mean_w=0.0193 active=0.0238 s_dense=0.00 s_pos=0.1642 s_sel=0.0238 s_sel_pos=0.1450 s_hot_err=0.280557 s_bg_err=0.077993 s_gap=0.259456 conf_cos=0.0000 conf_proj=0.00 val_mse=0.16413376 val_mae=0.28398020 | p_pos=0.0000 p_dense=0.00 p_sel=0.0000 p_sel_pos=0.0000 p_hot_err=0.000000 p_bg_err=0.000000 p_gap=0.000000 peer_val_mse=0.15275041 peer_val_mae=0.23311068
[worker1/electricity_handoff_router_seeded_v1_gpu0] [time_series_electricity_handoff_router_seeded_v1/elec_handoff_q75_b18] [time_series][epoch 020] updated live plot
[worker1/electricity_handoff_router_seeded_v1_gpu0] [time_series_electricity_handoff_router_seeded_v1/elec_handoff_q75_b18] [time_series][epoch 021] lambda=0.0525 g_scale=0.525 handoff=0 corr_scale=1.000 freeze_student=0 focus=0.1817 train_total=0.10132482 train_sup=0.08338871 train_imit=0.34133668 mean_w=0.0199 active=0.0254 s_dense=0.00 s_pos=0.1642 s_sel=0.0254 s_sel_pos=0.1549 s_hot_err=0.297682 s_bg_err=0.077796 s_gap=0.254040 conf_cos=0.0000 conf_proj=0.00 val_mse=0.16543628 val_mae=0.28503870 | p_pos=0.0000 p_dense=0.00 p_sel=0.0000 p_sel_pos=0.0000 p_hot_err=0.000000 p_bg_err=0.000000 p_gap=0.000000 peer_val_mse=0.15275041 peer_val_mae=0.23311068
[worker1/electricity_handoff_router_seeded_v1_gpu0] [time_series_electricity_handoff_router_seeded_v1/elec_handoff_q75_b18] [time_series][epoch 022] lambda=0.0367 g_scale=0.367 handoff=0 corr_scale=1.000 freeze_student=0 focus=0.1817 train_total=0.09669171 train_sup=0.08411152 train_imit=0.34264809 mean_w=0.0205 active=0.0269 s_dense=0.00 s_pos=0.1642 s_sel=0.0269 s_sel_pos=0.1636 s_hot_err=0.320072 s_bg_err=0.077598 s_gap=0.249297 conf_cos=0.0000 conf_proj=0.00 val_mse=0.16737495 val_mae=0.28639200 | p_pos=0.0000 p_dense=0.00 p_sel=0.0000 p_sel_pos=0.0000 p_hot_err=0.000000 p_bg_err=0.000000 p_gap=0.000000 peer_val_mse=0.15275041 peer_val_mae=0.23311068
[worker1/electricity_handoff_router_seeded_v1_gpu0] [time_series_electricity_handoff_router_seeded_v1/elec_handoff_q75_b18] [time_series][epoch 023] lambda=0.0000 g_scale=0.000 handoff=1 corr_scale=0.000 freeze_student=0 focus=0.1817 train_total=0.08659672 train_sup=0.08658194 train_imit=0.34033547 mean_w=0.0185 active=0.0000 s_dense=0.00 s_pos=0.1642 s_sel=0.0000 s_sel_pos=0.0000 s_hot_err=0.000000 s_bg_err=0.086582 s_gap=0.000000 conf_cos=0.0000 conf_proj=0.00 val_mse=0.17482597 val_mae=0.29085631 | p_pos=0.0000 p_dense=0.00 p_sel=0.0000 p_sel_pos=0.0000 p_hot_err=0.000000 p_bg_err=0.000000 p_gap=0.000000 peer_val_mse=0.15275041 peer_val_mae=0.23311068
[worker1/electricity_handoff_router_seeded_v1_gpu0] [time_series_electricity_handoff_router_seeded_v1/elec_handoff_q75_b18] [time_series][epoch 024] lambda=0.0000 g_scale=0.000 handoff=1 corr_scale=0.000 freeze_student=0 focus=0.1817 train_total=0.08659266 train_sup=0.08658194 train_imit=0.34521854 mean_w=0.0134 active=0.0000 s_dense=0.00 s_pos=0.1642 s_sel=0.0000 s_sel_pos=0.0000 s_hot_err=0.000000 s_bg_err=0.086582 s_gap=0.000000 conf_cos=0.0000 conf_proj=0.00 val_mse=0.17482597 val_mae=0.29085631 | p_pos=0.0000 p_dense=0.00 p_sel=0.0000 p_sel_pos=0.0000 p_hot_err=0.000000 p_bg_err=0.000000 p_gap=0.000000 peer_val_mse=0.15275041 peer_val_mae=0.23311068
[worker1/electricity_handoff_router_seeded_v1_gpu0] [time_series_electricity_handoff_router_seeded_v1/elec_handoff_q75_b18] [time_series][epoch 025] lambda=0.0000 g_scale=0.000 handoff=1 corr_scale=0.000 freeze_student=0 focus=0.1817 train_total=0.08658921 train_sup=0.08658194 train_imit=0.36216442 mean_w=0.0091 active=0.0000 s_dense=0.00 s_pos=0.1642 s_sel=0.0000 s_sel_pos=0.0000 s_hot_err=0.000000 s_bg_err=0.086582 s_gap=0.000000 conf_cos=0.0000 conf_proj=0.00 val_mse=0.17482597 val_mae=0.29085631 | p_pos=0.0000 p_dense=0.00 p_sel=0.0000 p_sel_pos=0.0000 p_hot_err=0.000000 p_bg_err=0.000000 p_gap=0.000000 peer_val_mse=0.15275041 peer_val_mae=0.23311068
[worker1/electricity_handoff_router_seeded_v1_gpu0] [time_series_electricity_handoff_router_seeded_v1/elec_handoff_q75_b18] [time_series][epoch 026] lambda=0.0000 g_scale=0.000 handoff=1 corr_scale=0.000 freeze_student=0 focus=0.1817 train_total=0.08658689 train_sup=0.08658194 train_imit=0.38326245 mean_w=0.0062 active=0.0000 s_dense=0.00 s_pos=0.1642 s_sel=0.0000 s_sel_pos=0.0000 s_hot_err=0.000000 s_bg_err=0.086582 s_gap=0.000000 conf_cos=0.0000 conf_proj=0.00 val_mse=0.17482597 val_mae=0.29085631 | p_pos=0.0000 p_dense=0.00 p_sel=0.0000 p_sel_pos=0.0000 p_hot_err=0.000000 p_bg_err=0.000000 p_gap=0.000000 peer_val_mse=0.15275041 peer_val_mae=0.23311068
[worker1/electricity_handoff_router_seeded_v1_gpu0] [time_series_electricity_handoff_router_seeded_v1/elec_handoff_q75_b18] [time_series][epoch 027] lambda=0.0000 g_scale=0.000 handoff=1 corr_scale=0.000 freeze_student=0 focus=0.1817 train_total=0.08658542 train_sup=0.08658194 train_imit=0.40475279 mean_w=0.0043 active=0.0000 s_dense=0.00 s_pos=0.1642 s_sel=0.0000 s_sel_pos=0.0000 s_hot_err=0.000000 s_bg_err=0.086582 s_gap=0.000000 conf_cos=0.0000 conf_proj=0.00 val_mse=0.17482597 val_mae=0.29085631 | p_pos=0.0000 p_dense=0.00 p_sel=0.0000 p_sel_pos=0.0000 p_hot_err=0.000000 p_bg_err=0.000000 p_gap=0.000000 peer_val_mse=0.15275041 peer_val_mae=0.23311068
[worker1/electricity_handoff_router_seeded_v1_gpu0] [time_series_electricity_handoff_router_seeded_v1/elec_handoff_q75_b18] [time_series][epoch 028] lambda=0.0000 g_scale=0.000 handoff=1 corr_scale=0.000 freeze_student=0 focus=0.1817 train_total=0.08658448 train_sup=0.08658194 train_imit=0.42553167 mean_w=0.0032 active=0.0000 s_dense=0.00 s_pos=0.1642 s_sel=0.0000 s_sel_pos=0.0000 s_hot_err=0.000000 s_bg_err=0.086582 s_gap=0.000000 conf_cos=0.0000 conf_proj=0.00 val_mse=0.17482597 val_mae=0.29085631 | p_pos=0.0000 p_dense=0.00 p_sel=0.0000 p_sel_pos=0.0000 p_hot_err=0.000000 p_bg_err=0.000000 p_gap=0.000000 peer_val_mse=0.15275041 peer_val_mae=0.23311068
[worker1/electricity_handoff_router_seeded_v1_gpu0] [time_series_electricity_handoff_router_seeded_v1/elec_handoff_q75_b18] [time_series][epoch 029] lambda=0.0000 g_scale=0.000 handoff=1 corr_scale=0.000 freeze_student=0 focus=0.1817 train_total=0.08658385 train_sup=0.08658194 train_imit=0.44536215 mean_w=0.0024 active=0.0000 s_dense=0.00 s_pos=0.1642 s_sel=0.0000 s_sel_pos=0.0000 s_hot_err=0.000000 s_bg_err=0.086582 s_gap=0.000000 conf_cos=0.0000 conf_proj=0.00 val_mse=0.17482597 val_mae=0.29085631 | p_pos=0.0000 p_dense=0.00 p_sel=0.0000 p_sel_pos=0.0000 p_hot_err=0.000000 p_bg_err=0.000000 p_gap=0.000000 peer_val_mse=0.15275041 peer_val_mae=0.23311068
[worker1/electricity_handoff_router_seeded_v1_gpu0] [time_series_electricity_handoff_router_seeded_v1/elec_handoff_q75_b18] [time_series][epoch 030] lambda=0.0000 g_scale=0.000 handoff=1 corr_scale=0.000 freeze_student=0 focus=0.1817 train_total=0.08658341 train_sup=0.08658194 train_imit=0.46427643 mean_w=0.0018 active=0.0000 s_dense=0.00 s_pos=0.1642 s_sel=0.0000 s_sel_pos=0.0000 s_hot_err=0.000000 s_bg_err=0.086582 s_gap=0.000000 conf_cos=0.0000 conf_proj=0.00 val_mse=0.17482597 val_mae=0.29085631 | p_pos=0.0000 p_dense=0.00 p_sel=0.0000 p_sel_pos=0.0000 p_hot_err=0.000000 p_bg_err=0.000000 p_gap=0.000000 peer_val_mse=0.15275041 peer_val_mae=0.23311068
[worker1/electricity_handoff_router_seeded_v1_gpu0] [time_series_electricity_handoff_router_seeded_v1/elec_handoff_q75_b18] [time_series][epoch 030] early stop: no val_mse improvement greater than 0.0001 for 12 epoch(s)
[worker1/electricity_handoff_router_seeded_v1_gpu0] [time_series_electricity_handoff_router_seeded_v1/elec_handoff_q75_b18] [time_series][epoch 030] updated live plot
[worker1/electricity_handoff_router_seeded_v1_gpu0] [time_series_electricity_handoff_router_seeded_v1/elec_handoff_q75_b18] [time_series][ssml_diag] gate_mode=peer_better_student_error score_transform=none window_score_k=1 smooth_k=1 expand_k=1 tail_start=0.00 residual_beta=1.000 ema_decay=0.000 weight_mode=score freeze_peer=True worse_only=False anchor_w=0.00000 imit_space=raw residual_space_k=9 conflict_proj=0 topk_scope=total max_sel=1.000 adaptive_dense_thr=1.100 positive_upper_q=1.000 guidance_schedule=warmup_then_decay handoff_end=22 correction_init_bias=0.000 correction_ramp=10->18 correction_freeze_student_epochs=0 correction_only=1 correction_tail_start=0.00 correction_regime_q=0.00 correction_focus_alpha=0.00 correction_peer_adv_q=0.75 correction_peer_adv_min=0.0005 correction_peer_adv_k=3 correction_budget_ratio=0.180 router_bins=[8, 16, 24] router_ema=0.700 trend_only=1 correction_feature_mode=trend_residual correction_regime=1 correction_decomp_k=9 correction_trend_scale=1.000 correction_residual_scale=0.000 first_active_epoch=11 best_before_active=0.17482597@1 best_after_active=0.16218115@18
[worker1/electricity_handoff_router_seeded_v1_gpu0] [time_series_electricity_handoff_router_seeded_v1/elec_handoff_q75_b18] [time_series] done
[worker1/electricity_handoff_router_seeded_v1_gpu0] [time_series_electricity_handoff_router_seeded_v1/elec_handoff_q75_b18] [time_series] dataset=electricity pair=transformer:dlinear method=ssml seed=2 pred_len=24
[worker1/electricity_handoff_router_seeded_v1_gpu0] [time_series_electricity_handoff_router_seeded_v1/elec_handoff_q75_b18] [time_series] loaded init_checkpoint=results/time_series_electricity_followup_v1/best_known/time_series/electricity/transformer_independent_mse_seed2/model.pt
[worker1/electricity_handoff_router_seeded_v1_gpu0] [time_series_electricity_handoff_router_seeded_v1/elec_handoff_q75_b18] [time_series] loaded peer_init_checkpoint=results/time_series_electricity_followup_v1/best_known/time_series/electricity/dlinear_independent_mse_seed2/model.pt
[worker1/electricity_handoff_router_seeded_v1_gpu0] [time_series_electricity_handoff_router_seeded_v1/elec_handoff_q75_b18] [time_series] run_dir=results/time_series_electricity_handoff_router_seeded_v1/worker1_gpu0/elec_handoff_q75_b18/time_series/electricity/transformer__dlinear_ssml_mse_seed2
[worker1/electricity_handoff_router_seeded_v1_gpu0] [time_series_electricity_handoff_router_seeded_v1/elec_handoff_q75_b18] [time_series] params=1090
[worker1/electricity_handoff_router_seeded_v1_gpu0] [time_series_electricity_handoff_router_seeded_v1/elec_handoff_q75_b18] [time_series] correction_gate_params=1090
[worker1/electricity_handoff_router_seeded_v1_gpu0] [time_series_electricity_handoff_router_seeded_v1/elec_handoff_q75_b18] [time_series][epoch 001] lambda=0.0000 g_scale=0.000 handoff=0 corr_scale=0.000 freeze_student=0 focus=0.1808 train_total=0.08672977 train_sup=0.08672585 train_imit=0.59855632 mean_w=0.0049 active=0.0000 s_dense=0.00 s_pos=0.1634 s_sel=0.0000 s_sel_pos=0.0000 s_hot_err=0.000000 s_bg_err=0.086726 s_gap=0.000000 conf_cos=0.0000 conf_proj=0.00 val_mse=0.17238484 val_mae=0.29125488 | p_pos=0.0000 p_dense=0.00 p_sel=0.0000 p_sel_pos=0.0000 p_hot_err=0.000000 p_bg_err=0.000000 p_gap=0.000000 peer_val_mse=0.15251986 peer_val_mae=0.23465736
[worker1/electricity_handoff_router_seeded_v1_gpu1] [time_series_electricity_handoff_router_seeded_v1/elec_handoff_q80_b15] [time_series][epoch 016] lambda=0.0800 g_scale=1.000 handoff=0 corr_scale=0.500 freeze_student=0 focus=0.1660 train_total=0.11097266 train_sup=0.08457786 train_imit=0.32982192 mean_w=0.0113 active=0.0076 s_dense=0.00 s_pos=0.1494 s_sel=0.0076 s_sel_pos=0.0507 s_hot_err=0.591893 s_bg_err=0.080742 s_gap=0.194466 conf_cos=0.0000 conf_proj=0.00 val_mse=0.16728654 val_mae=0.28686989 | p_pos=0.0000 p_dense=0.00 p_sel=0.0000 p_sel_pos=0.0000 p_hot_err=0.000000 p_bg_err=0.000000 p_gap=0.000000 peer_val_mse=0.15275041 peer_val_mae=0.23311068
[worker1/electricity_handoff_router_seeded_v1_gpu1] [time_series_electricity_handoff_router_seeded_v1/elec_handoff_q80_b15] [time_series][epoch 017] lambda=0.0800 g_scale=1.000 handoff=0 corr_scale=0.625 freeze_student=0 focus=0.1660 train_total=0.11022858 train_sup=0.08405915 train_imit=0.32699460 mean_w=0.0123 active=0.0102 s_dense=0.00 s_pos=0.1494 s_sel=0.0102 s_sel_pos=0.0681 s_hot_err=0.476299 s_bg_err=0.080044 s_gap=0.212505 conf_cos=0.0000 conf_proj=0.00 val_mse=0.16615377 val_mae=0.28607991 | p_pos=0.0000 p_dense=0.00 p_sel=0.0000 p_sel_pos=0.0000 p_hot_err=0.000000 p_bg_err=0.000000 p_gap=0.000000 peer_val_mse=0.15275041 peer_val_mae=0.23311068
[worker1/electricity_handoff_router_seeded_v1_gpu1] [time_series_electricity_handoff_router_seeded_v1/elec_handoff_q80_b15] [time_series][epoch 018] lambda=0.0800 g_scale=1.000 handoff=0 corr_scale=0.750 freeze_student=0 focus=0.1660 train_total=0.10961528 train_sup=0.08364424 train_imit=0.32450781 mean_w=0.0130 active=0.0122 s_dense=0.00 s_pos=0.1494 s_sel=0.0122 s_sel_pos=0.0815 s_hot_err=0.410523 s_bg_err=0.079624 s_gap=0.228598 conf_cos=0.0000 conf_proj=0.00 val_mse=0.16565341 val_mae=0.28554379 | p_pos=0.0000 p_dense=0.00 p_sel=0.0000 p_sel_pos=0.0000 p_hot_err=0.000000 p_bg_err=0.000000 p_gap=0.000000 peer_val_mse=0.15275041 peer_val_mae=0.23311068
[worker1/electricity_handoff_router_seeded_v1_gpu1] [time_series_electricity_handoff_router_seeded_v1/elec_handoff_q80_b15] [time_series][epoch 019] lambda=0.0800 g_scale=1.000 handoff=0 corr_scale=0.875 freeze_student=0 focus=0.1660 train_total=0.10911395 train_sup=0.08331611 train_imit=0.32233797 mean_w=0.0135 active=0.0138 s_dense=0.00 s_pos=0.1494 s_sel=0.0138 s_sel_pos=0.0926 s_hot_err=0.366707 s_bg_err=0.079346 s_gap=0.237504 conf_cos=0.0000 conf_proj=0.00 val_mse=0.16504344 val_mae=0.28487133 | p_pos=0.0000 p_dense=0.00 p_sel=0.0000 p_sel_pos=0.0000 p_hot_err=0.000000 p_bg_err=0.000000 p_gap=0.000000 peer_val_mse=0.15275041 peer_val_mae=0.23311068
[worker1/electricity_handoff_router_seeded_v1_gpu1] [time_series_electricity_handoff_router_seeded_v1/elec_handoff_q80_b15] [time_series][epoch 020] lambda=0.0800 g_scale=1.000 handoff=0 corr_scale=1.000 freeze_student=0 focus=0.1660 train_total=0.10872244 train_sup=0.08306263 train_imit=0.32060926 mean_w=0.0138 active=0.0151 s_dense=0.00 s_pos=0.1494 s_sel=0.0151 s_sel_pos=0.1008 s_hot_err=0.335331 s_bg_err=0.079210 s_gap=0.243284 conf_cos=0.0000 conf_proj=0.00 val_mse=0.16465484 val_mae=0.28442466 | p_pos=0.0000 p_dense=0.00 p_sel=0.0000 p_sel_pos=0.0000 p_hot_err=0.000000 p_bg_err=0.000000 p_gap=0.000000 peer_val_mse=0.15275041 peer_val_mae=0.23311068
[worker1/electricity_handoff_router_seeded_v1_gpu1] [time_series_electricity_handoff_router_seeded_v1/elec_handoff_q80_b15] [time_series][epoch 020] updated live plot
[worker1/electricity_handoff_router_seeded_v1_gpu1] [time_series_electricity_handoff_router_seeded_v1/elec_handoff_q80_b15] [time_series][epoch 021] lambda=0.0677 g_scale=0.847 handoff=0 corr_scale=1.000 freeze_student=0 focus=0.1660 train_total=0.10506222 train_sup=0.08334374 train_imit=0.32047548 mean_w=0.0145 active=0.0172 s_dense=0.00 s_pos=0.1494 s_sel=0.0172 s_sel_pos=0.1150 s_hot_err=0.332612 s_bg_err=0.078988 s_gap=0.238003 conf_cos=0.0000 conf_proj=0.00 val_mse=0.16559333 val_mae=0.28512779 | p_pos=0.0000 p_dense=0.00 p_sel=0.0000 p_sel_pos=0.0000 p_hot_err=0.000000 p_bg_err=0.000000 p_gap=0.000000 peer_val_mse=0.15275041 peer_val_mae=0.23311068
[worker1/electricity_handoff_router_seeded_v1_gpu1] [time_series_electricity_handoff_router_seeded_v1/elec_handoff_q80_b15] [time_series][epoch 022] lambda=0.0555 g_scale=0.693 handoff=0 corr_scale=1.000 freeze_student=0 focus=0.1660 train_total=0.10149631 train_sup=0.08368543 train_imit=0.32089213 mean_w=0.0151 active=0.0188 s_dense=0.00 s_pos=0.1494 s_sel=0.0188 s_sel_pos=0.1260 s_hot_err=0.338875 s_bg_err=0.078790 s_gap=0.232423 conf_cos=0.0000 conf_proj=0.00 val_mse=0.16669007 val_mae=0.28578569 | p_pos=0.0000 p_dense=0.00 p_sel=0.0000 p_sel_pos=0.0000 p_hot_err=0.000000 p_bg_err=0.000000 p_gap=0.000000 peer_val_mse=0.15275041 peer_val_mae=0.23311068
[worker1/electricity_handoff_router_seeded_v1_gpu1] [time_series_electricity_handoff_router_seeded_v1/elec_handoff_q80_b15] [time_series][epoch 023] lambda=0.0432 g_scale=0.540 handoff=0 corr_scale=1.000 freeze_student=0 focus=0.1660 train_total=0.09800840 train_sup=0.08409898 train_imit=0.32168779 mean_w=0.0156 active=0.0202 s_dense=0.00 s_pos=0.1494 s_sel=0.0202 s_sel_pos=0.1353 s_hot_err=0.349454 s_bg_err=0.078623 s_gap=0.226680 conf_cos=0.0000 conf_proj=0.00 val_mse=0.16789496 val_mae=0.28670922 | p_pos=0.0000 p_dense=0.00 p_sel=0.0000 p_sel_pos=0.0000 p_hot_err=0.000000 p_bg_err=0.000000 p_gap=0.000000 peer_val_mse=0.15275041 peer_val_mae=0.23311068
[worker1/electricity_handoff_router_seeded_v1_gpu1] [time_series_electricity_handoff_router_seeded_v1/elec_handoff_q80_b15] [time_series][epoch 024] lambda=0.0309 g_scale=0.387 handoff=0 corr_scale=1.000 freeze_student=0 focus=0.1660 train_total=0.09461531 train_sup=0.08461722 train_imit=0.32279691 mean_w=0.0161 active=0.0213 s_dense=0.00 s_pos=0.1494 s_sel=0.0213 s_sel_pos=0.1423 s_hot_err=0.367596 s_bg_err=0.078470 s_gap=0.221395 conf_cos=0.0000 conf_proj=0.00 val_mse=0.16912415 val_mae=0.28759358 | p_pos=0.0000 p_dense=0.00 p_sel=0.0000 p_sel_pos=0.0000 p_hot_err=0.000000 p_bg_err=0.000000 p_gap=0.000000 peer_val_mse=0.15275041 peer_val_mae=0.23311068
[worker1/electricity_handoff_router_seeded_v1_gpu1] [time_series_electricity_handoff_router_seeded_v1/elec_handoff_q80_b15] [time_series][epoch 025] lambda=0.0000 g_scale=0.000 handoff=1 corr_scale=0.000 freeze_student=0 focus=0.1660 train_total=0.08659356 train_sup=0.08658194 train_imit=0.32051673 mean_w=0.0145 active=0.0000 s_dense=0.00 s_pos=0.1494 s_sel=0.0000 s_sel_pos=0.0000 s_hot_err=0.000000 s_bg_err=0.086582 s_gap=0.000000 conf_cos=0.0000 conf_proj=0.00 val_mse=0.17482597 val_mae=0.29085631 | p_pos=0.0000 p_dense=0.00 p_sel=0.0000 p_sel_pos=0.0000 p_hot_err=0.000000 p_bg_err=0.000000 p_gap=0.000000 peer_val_mse=0.15275041 peer_val_mae=0.23311068
[worker1/electricity_handoff_router_seeded_v1_gpu1] [time_series_electricity_handoff_router_seeded_v1/elec_handoff_q80_b15] [time_series][epoch 026] lambda=0.0000 g_scale=0.000 handoff=1 corr_scale=0.000 freeze_student=0 focus=0.1660 train_total=0.08659082 train_sup=0.08658194 train_imit=0.32388042 mean_w=0.0111 active=0.0000 s_dense=0.00 s_pos=0.1494 s_sel=0.0000 s_sel_pos=0.0000 s_hot_err=0.000000 s_bg_err=0.086582 s_gap=0.000000 conf_cos=0.0000 conf_proj=0.00 val_mse=0.17482597 val_mae=0.29085631 | p_pos=0.0000 p_dense=0.00 p_sel=0.0000 p_sel_pos=0.0000 p_hot_err=0.000000 p_bg_err=0.000000 p_gap=0.000000 peer_val_mse=0.15275041 peer_val_mae=0.23311068
[worker1/electricity_handoff_router_seeded_v1_gpu1] [time_series_electricity_handoff_router_seeded_v1/elec_handoff_q80_b15] [time_series][epoch 027] lambda=0.0000 g_scale=0.000 handoff=1 corr_scale=0.000 freeze_student=0 focus=0.1660 train_total=0.08658823 train_sup=0.08658194 train_imit=0.33667149 mean_w=0.0079 active=0.0000 s_dense=0.00 s_pos=0.1494 s_sel=0.0000 s_sel_pos=0.0000 s_hot_err=0.000000 s_bg_err=0.086582 s_gap=0.000000 conf_cos=0.0000 conf_proj=0.00 val_mse=0.17482597 val_mae=0.29085631 | p_pos=0.0000 p_dense=0.00 p_sel=0.0000 p_sel_pos=0.0000 p_hot_err=0.000000 p_bg_err=0.000000 p_gap=0.000000 peer_val_mse=0.15275041 peer_val_mae=0.23311068
[worker1/electricity_handoff_router_seeded_v1_gpu1] [time_series_electricity_handoff_router_seeded_v1/elec_handoff_q80_b15] [time_series][epoch 028] lambda=0.0000 g_scale=0.000 handoff=1 corr_scale=0.000 freeze_student=0 focus=0.1660 train_total=0.08658629 train_sup=0.08658194 train_imit=0.35384133 mean_w=0.0054 active=0.0000 s_dense=0.00 s_pos=0.1494 s_sel=0.0000 s_sel_pos=0.0000 s_hot_err=0.000000 s_bg_err=0.086582 s_gap=0.000000 conf_cos=0.0000 conf_proj=0.00 val_mse=0.17482597 val_mae=0.29085631 | p_pos=0.0000 p_dense=0.00 p_sel=0.0000 p_sel_pos=0.0000 p_hot_err=0.000000 p_bg_err=0.000000 p_gap=0.000000 peer_val_mse=0.15275041 peer_val_mae=0.23311068
[worker1/electricity_handoff_router_seeded_v1_gpu1] [time_series_electricity_handoff_router_seeded_v1/elec_handoff_q80_b15] [time_series][epoch 029] lambda=0.0000 g_scale=0.000 handoff=1 corr_scale=0.000 freeze_student=0 focus=0.1660 train_total=0.08658499 train_sup=0.08658194 train_imit=0.37197439 mean_w=0.0038 active=0.0000 s_dense=0.00 s_pos=0.1494 s_sel=0.0000 s_sel_pos=0.0000 s_hot_err=0.000000 s_bg_err=0.086582 s_gap=0.000000 conf_cos=0.0000 conf_proj=0.00 val_mse=0.17482597 val_mae=0.29085631 | p_pos=0.0000 p_dense=0.00 p_sel=0.0000 p_sel_pos=0.0000 p_hot_err=0.000000 p_bg_err=0.000000 p_gap=0.000000 peer_val_mse=0.15275041 peer_val_mae=0.23311068
[worker1/electricity_handoff_router_seeded_v1_gpu1] [time_series_electricity_handoff_router_seeded_v1/elec_handoff_q80_b15] [time_series][epoch 030] lambda=0.0000 g_scale=0.000 handoff=1 corr_scale=0.000 freeze_student=0 focus=0.1660 train_total=0.08658414 train_sup=0.08658194 train_imit=0.38972128 mean_w=0.0027 active=0.0000 s_dense=0.00 s_pos=0.1494 s_sel=0.0000 s_sel_pos=0.0000 s_hot_err=0.000000 s_bg_err=0.086582 s_gap=0.000000 conf_cos=0.0000 conf_proj=0.00 val_mse=0.17482597 val_mae=0.29085631 | p_pos=0.0000 p_dense=0.00 p_sel=0.0000 p_sel_pos=0.0000 p_hot_err=0.000000 p_bg_err=0.000000 p_gap=0.000000 peer_val_mse=0.15275041 peer_val_mae=0.23311068
[worker1/electricity_handoff_router_seeded_v1_gpu1] [time_series_electricity_handoff_router_seeded_v1/elec_handoff_q80_b15] [time_series][epoch 030] updated live plot
[worker1/electricity_handoff_router_seeded_v1_gpu1] [time_series_electricity_handoff_router_seeded_v1/elec_handoff_q80_b15] [time_series][epoch 031] lambda=0.0000 g_scale=0.000 handoff=1 corr_scale=0.000 freeze_student=0 focus=0.1660 train_total=0.08658357 train_sup=0.08658194 train_imit=0.40668347 mean_w=0.0020 active=0.0000 s_dense=0.00 s_pos=0.1494 s_sel=0.0000 s_sel_pos=0.0000 s_hot_err=0.000000 s_bg_err=0.086582 s_gap=0.000000 conf_cos=0.0000 conf_proj=0.00 val_mse=0.17482597 val_mae=0.29085631 | p_pos=0.0000 p_dense=0.00 p_sel=0.0000 p_sel_pos=0.0000 p_hot_err=0.000000 p_bg_err=0.000000 p_gap=0.000000 peer_val_mse=0.15275041 peer_val_mae=0.23311068
[worker1/electricity_handoff_router_seeded_v1_gpu1] [time_series_electricity_handoff_router_seeded_v1/elec_handoff_q80_b15] [time_series][epoch 032] lambda=0.0000 g_scale=0.000 handoff=1 corr_scale=0.000 freeze_student=0 focus=0.1660 train_total=0.08658318 train_sup=0.08658194 train_imit=0.42284026 mean_w=0.0016 active=0.0000 s_dense=0.00 s_pos=0.1494 s_sel=0.0000 s_sel_pos=0.0000 s_hot_err=0.000000 s_bg_err=0.086582 s_gap=0.000000 conf_cos=0.0000 conf_proj=0.00 val_mse=0.17482597 val_mae=0.29085631 | p_pos=0.0000 p_dense=0.00 p_sel=0.0000 p_sel_pos=0.0000 p_hot_err=0.000000 p_bg_err=0.000000 p_gap=0.000000 peer_val_mse=0.15275041 peer_val_mae=0.23311068
[worker1/electricity_handoff_router_seeded_v1_gpu1] [time_series_electricity_handoff_router_seeded_v1/elec_handoff_q80_b15] [time_series][epoch 032] early stop: no val_mse improvement greater than 0.0001 for 12 epoch(s)
[worker1/electricity_handoff_router_seeded_v1_gpu1] [time_series_electricity_handoff_router_seeded_v1/elec_handoff_q80_b15] [time_series][epoch 032] updated live plot
[worker1/electricity_handoff_router_seeded_v1_gpu0] [time_series_electricity_handoff_router_seeded_v1/elec_handoff_q75_b18] [time_series][epoch 002] lambda=0.0000 g_scale=0.000 handoff=0 corr_scale=0.000 freeze_student=0 focus=0.1808 train_total=0.08672609 train_sup=0.08672585 train_imit=0.72239409 mean_w=0.0003 active=0.0000 s_dense=0.00 s_pos=0.1634 s_sel=0.0000 s_sel_pos=0.0000 s_hot_err=0.000000 s_bg_err=0.086726 s_gap=0.000000 conf_cos=0.0000 conf_proj=0.00 val_mse=0.17238484 val_mae=0.29125488 | p_pos=0.0000 p_dense=0.00 p_sel=0.0000 p_sel_pos=0.0000 p_hot_err=0.000000 p_bg_err=0.000000 p_gap=0.000000 peer_val_mse=0.15251986 peer_val_mae=0.23465736
[worker1/electricity_handoff_router_seeded_v1_gpu0] [time_series_electricity_handoff_router_seeded_v1/elec_handoff_q75_b18] [time_series][epoch 003] lambda=0.0000 g_scale=0.000 handoff=0 corr_scale=0.000 freeze_student=0 focus=0.1808 train_total=0.08672592 train_sup=0.08672585 train_imit=0.81763327 mean_w=0.0001 active=0.0000 s_dense=0.00 s_pos=0.1634 s_sel=0.0000 s_sel_pos=0.0000 s_hot_err=0.000000 s_bg_err=0.086726 s_gap=0.000000 conf_cos=0.0000 conf_proj=0.00 val_mse=0.17238484 val_mae=0.29125488 | p_pos=0.0000 p_dense=0.00 p_sel=0.0000 p_sel_pos=0.0000 p_hot_err=0.000000 p_bg_err=0.000000 p_gap=0.000000 peer_val_mse=0.15251986 peer_val_mae=0.23465736
[worker1/electricity_handoff_router_seeded_v1_gpu0] [time_series_electricity_handoff_router_seeded_v1/elec_handoff_q75_b18] [time_series][epoch 004] lambda=0.0000 g_scale=0.000 handoff=0 corr_scale=0.000 freeze_student=0 focus=0.1808 train_total=0.08672588 train_sup=0.08672585 train_imit=0.87657519 mean_w=0.0000 active=0.0000 s_dense=0.00 s_pos=0.1634 s_sel=0.0000 s_sel_pos=0.0000 s_hot_err=0.000000 s_bg_err=0.086726 s_gap=0.000000 conf_cos=0.0000 conf_proj=0.00 val_mse=0.17238484 val_mae=0.29125488 | p_pos=0.0000 p_dense=0.00 p_sel=0.0000 p_sel_pos=0.0000 p_hot_err=0.000000 p_bg_err=0.000000 p_gap=0.000000 peer_val_mse=0.15251986 peer_val_mae=0.23465736
[worker1/electricity_handoff_router_seeded_v1_gpu0] [time_series_electricity_handoff_router_seeded_v1/elec_handoff_q75_b18] [time_series][epoch 005] lambda=0.0000 g_scale=0.000 handoff=0 corr_scale=0.000 freeze_student=0 focus=0.1808 train_total=0.08672587 train_sup=0.08672585 train_imit=0.91971763 mean_w=0.0000 active=0.0000 s_dense=0.00 s_pos=0.1634 s_sel=0.0000 s_sel_pos=0.0000 s_hot_err=0.000000 s_bg_err=0.086726 s_gap=0.000000 conf_cos=0.0000 conf_proj=0.00 val_mse=0.17238484 val_mae=0.29125488 | p_pos=0.0000 p_dense=0.00 p_sel=0.0000 p_sel_pos=0.0000 p_hot_err=0.000000 p_bg_err=0.000000 p_gap=0.000000 peer_val_mse=0.15251986 peer_val_mae=0.23465736
[worker1/electricity_handoff_router_seeded_v1_gpu0] [time_series_electricity_handoff_router_seeded_v1/elec_handoff_q75_b18] [time_series][epoch 006] lambda=0.0000 g_scale=0.000 handoff=0 corr_scale=0.000 freeze_student=0 focus=0.1808 train_total=0.08672586 train_sup=0.08672585 train_imit=0.95403223 mean_w=0.0000 active=0.0000 s_dense=0.00 s_pos=0.1634 s_sel=0.0000 s_sel_pos=0.0000 s_hot_err=0.000000 s_bg_err=0.086726 s_gap=0.000000 conf_cos=0.0000 conf_proj=0.00 val_mse=0.17238484 val_mae=0.29125488 | p_pos=0.0000 p_dense=0.00 p_sel=0.0000 p_sel_pos=0.0000 p_hot_err=0.000000 p_bg_err=0.000000 p_gap=0.000000 peer_val_mse=0.15251986 peer_val_mae=0.23465736
[worker1/electricity_handoff_router_seeded_v1_gpu0] [time_series_electricity_handoff_router_seeded_v1/elec_handoff_q75_b18] [time_series][epoch 007] lambda=0.0000 g_scale=0.000 handoff=0 corr_scale=0.000 freeze_student=0 focus=0.1808 train_total=0.08672586 train_sup=0.08672585 train_imit=0.98295031 mean_w=0.0000 active=0.0000 s_dense=0.00 s_pos=0.1634 s_sel=0.0000 s_sel_pos=0.0000 s_hot_err=0.000000 s_bg_err=0.086726 s_gap=0.000000 conf_cos=0.0000 conf_proj=0.00 val_mse=0.17238484 val_mae=0.29125488 | p_pos=0.0000 p_dense=0.00 p_sel=0.0000 p_sel_pos=0.0000 p_hot_err=0.000000 p_bg_err=0.000000 p_gap=0.000000 peer_val_mse=0.15251986 peer_val_mae=0.23465736
[worker1/electricity_handoff_router_seeded_v1_gpu1] [time_series_electricity_handoff_router_seeded_v1/elec_handoff_q80_b15] [time_series][ssml_diag] gate_mode=peer_better_student_error score_transform=none window_score_k=1 smooth_k=1 expand_k=1 tail_start=0.00 residual_beta=1.000 ema_decay=0.000 weight_mode=score freeze_peer=True worse_only=False anchor_w=0.00000 imit_space=raw residual_space_k=9 conflict_proj=0 topk_scope=total max_sel=1.000 adaptive_dense_thr=1.100 positive_upper_q=1.000 guidance_schedule=warmup_then_decay handoff_end=24 correction_init_bias=0.000 correction_ramp=12->20 correction_freeze_student_epochs=0 correction_only=1 correction_tail_start=0.00 correction_regime_q=0.00 correction_focus_alpha=0.00 correction_peer_adv_q=0.80 correction_peer_adv_min=0.0008 correction_peer_adv_k=5 correction_budget_ratio=0.150 router_bins=[8, 16, 24] router_ema=0.750 trend_only=1 correction_feature_mode=trend_residual correction_regime=1 correction_decomp_k=9 correction_trend_scale=0.950 correction_residual_scale=0.000 first_active_epoch=13 best_before_active=0.17482597@1 best_after_active=0.16465484@20
[worker1/electricity_handoff_router_seeded_v1_gpu1] [time_series_electricity_handoff_router_seeded_v1/elec_handoff_q80_b15] [time_series] done
[worker1/electricity_handoff_router_seeded_v1_gpu1] [time_series_electricity_handoff_router_seeded_v1/elec_handoff_q80_b15] [time_series] dataset=electricity pair=transformer:dlinear method=ssml seed=2 pred_len=24
[worker1/electricity_handoff_router_seeded_v1_gpu1] [time_series_electricity_handoff_router_seeded_v1/elec_handoff_q80_b15] [time_series] loaded init_checkpoint=results/time_series_electricity_followup_v1/best_known/time_series/electricity/transformer_independent_mse_seed2/model.pt
[worker1/electricity_handoff_router_seeded_v1_gpu1] [time_series_electricity_handoff_router_seeded_v1/elec_handoff_q80_b15] [time_series] loaded peer_init_checkpoint=results/time_series_electricity_followup_v1/best_known/time_series/electricity/dlinear_independent_mse_seed2/model.pt
[worker1/electricity_handoff_router_seeded_v1_gpu1] [time_series_electricity_handoff_router_seeded_v1/elec_handoff_q80_b15] [time_series] run_dir=results/time_series_electricity_handoff_router_seeded_v1/worker1_gpu1/elec_handoff_q80_b15/time_series/electricity/transformer__dlinear_ssml_mse_seed2
[worker1/electricity_handoff_router_seeded_v1_gpu1] [time_series_electricity_handoff_router_seeded_v1/elec_handoff_q80_b15] [time_series] params=818
[worker1/electricity_handoff_router_seeded_v1_gpu1] [time_series_electricity_handoff_router_seeded_v1/elec_handoff_q80_b15] [time_series] correction_gate_params=818
[worker1/electricity_handoff_router_seeded_v1_gpu1] [time_series_electricity_handoff_router_seeded_v1/elec_handoff_q80_b15] [time_series][epoch 001] lambda=0.0000 g_scale=0.000 handoff=0 corr_scale=0.000 freeze_student=0 focus=0.1654 train_total=0.08672845 train_sup=0.08672585 train_imit=0.62626973 mean_w=0.0032 active=0.0000 s_dense=0.00 s_pos=0.1489 s_sel=0.0000 s_sel_pos=0.0000 s_hot_err=0.000000 s_bg_err=0.086726 s_gap=0.000000 conf_cos=0.0000 conf_proj=0.00 val_mse=0.17238484 val_mae=0.29125488 | p_pos=0.0000 p_dense=0.00 p_sel=0.0000 p_sel_pos=0.0000 p_hot_err=0.000000 p_bg_err=0.000000 p_gap=0.000000 peer_val_mse=0.15251986 peer_val_mae=0.23465736
[worker1/electricity_handoff_router_seeded_v1_gpu1] [time_series_electricity_handoff_router_seeded_v1/elec_handoff_q80_b15] [time_series][epoch 002] lambda=0.0000 g_scale=0.000 handoff=0 corr_scale=0.000 freeze_student=0 focus=0.1654 train_total=0.08672595 train_sup=0.08672585 train_imit=0.65397839 mean_w=0.0001 active=0.0000 s_dense=0.00 s_pos=0.1489 s_sel=0.0000 s_sel_pos=0.0000 s_hot_err=0.000000 s_bg_err=0.086726 s_gap=0.000000 conf_cos=0.0000 conf_proj=0.00 val_mse=0.17238484 val_mae=0.29125488 | p_pos=0.0000 p_dense=0.00 p_sel=0.0000 p_sel_pos=0.0000 p_hot_err=0.000000 p_bg_err=0.000000 p_gap=0.000000 peer_val_mse=0.15251986 peer_val_mae=0.23465736
[worker1/electricity_handoff_router_seeded_v1_gpu1] [time_series_electricity_handoff_router_seeded_v1/elec_handoff_q80_b15] [time_series][epoch 003] lambda=0.0000 g_scale=0.000 handoff=0 corr_scale=0.000 freeze_student=0 focus=0.1654 train_total=0.08672588 train_sup=0.08672585 train_imit=0.68779249 mean_w=0.0000 active=0.0000 s_dense=0.00 s_pos=0.1489 s_sel=0.0000 s_sel_pos=0.0000 s_hot_err=0.000000 s_bg_err=0.086726 s_gap=0.000000 conf_cos=0.0000 conf_proj=0.00 val_mse=0.17238484 val_mae=0.29125488 | p_pos=0.0000 p_dense=0.00 p_sel=0.0000 p_sel_pos=0.0000 p_hot_err=0.000000 p_bg_err=0.000000 p_gap=0.000000 peer_val_mse=0.15251986 peer_val_mae=0.23465736
[worker1/electricity_handoff_router_seeded_v1_gpu0] [time_series_electricity_handoff_router_seeded_v1/elec_handoff_q75_b18] [time_series][epoch 008] lambda=0.0000 g_scale=0.000 handoff=0 corr_scale=0.000 freeze_student=0 focus=0.1808 train_total=0.08672586 train_sup=0.08672585 train_imit=1.00791399 mean_w=0.0000 active=0.0000 s_dense=0.00 s_pos=0.1634 s_sel=0.0000 s_sel_pos=0.0000 s_hot_err=0.000000 s_bg_err=0.086726 s_gap=0.000000 conf_cos=0.0000 conf_proj=0.00 val_mse=0.17238484 val_mae=0.29125488 | p_pos=0.0000 p_dense=0.00 p_sel=0.0000 p_sel_pos=0.0000 p_hot_err=0.000000 p_bg_err=0.000000 p_gap=0.000000 peer_val_mse=0.15251986 peer_val_mae=0.23465736
[worker1/electricity_handoff_router_seeded_v1_gpu0] [time_series_electricity_handoff_router_seeded_v1/elec_handoff_q75_b18] [time_series][epoch 009] lambda=0.0000 g_scale=0.000 handoff=0 corr_scale=0.000 freeze_student=0 focus=0.1808 train_total=0.08672586 train_sup=0.08672585 train_imit=1.03010911 mean_w=0.0000 active=0.0000 s_dense=0.00 s_pos=0.1634 s_sel=0.0000 s_sel_pos=0.0000 s_hot_err=0.000000 s_bg_err=0.086726 s_gap=0.000000 conf_cos=0.0000 conf_proj=0.00 val_mse=0.17238484 val_mae=0.29125488 | p_pos=0.0000 p_dense=0.00 p_sel=0.0000 p_sel_pos=0.0000 p_hot_err=0.000000 p_bg_err=0.000000 p_gap=0.000000 peer_val_mse=0.15251986 peer_val_mae=0.23465736
[worker1/electricity_handoff_router_seeded_v1_gpu0] [time_series_electricity_handoff_router_seeded_v1/elec_handoff_q75_b18] [time_series][epoch 010] lambda=0.0000 g_scale=0.000 handoff=0 corr_scale=0.000 freeze_student=0 focus=0.1808 train_total=0.08672585 train_sup=0.08672585 train_imit=1.05016282 mean_w=0.0000 active=0.0000 s_dense=0.00 s_pos=0.1634 s_sel=0.0000 s_sel_pos=0.0000 s_hot_err=0.000000 s_bg_err=0.086726 s_gap=0.000000 conf_cos=0.0000 conf_proj=0.00 val_mse=0.17238484 val_mae=0.29125488 | p_pos=0.0000 p_dense=0.00 p_sel=0.0000 p_sel_pos=0.0000 p_hot_err=0.000000 p_bg_err=0.000000 p_gap=0.000000 peer_val_mse=0.15251986 peer_val_mae=0.23465736
[worker1/electricity_handoff_router_seeded_v1_gpu0] [time_series_electricity_handoff_router_seeded_v1/elec_handoff_q75_b18] [time_series][epoch 010] updated live plot
[worker1/electricity_handoff_router_seeded_v1_gpu0] [time_series_electricity_handoff_router_seeded_v1/elec_handoff_q75_b18] [time_series][epoch 011] lambda=0.1000 g_scale=1.000 handoff=0 corr_scale=0.125 freeze_student=0 focus=0.1808 train_total=0.12645124 train_sup=0.08639946 train_imit=0.40046164 mean_w=0.0070 active=0.0005 s_dense=0.00 s_pos=0.1634 s_sel=0.0005 s_sel_pos=0.0030 s_hot_err=2.242064 s_bg_err=0.085364 s_gap=0.940255 conf_cos=0.0000 conf_proj=0.00 val_mse=0.17029990 val_mae=0.29039009 | p_pos=0.0000 p_dense=0.00 p_sel=0.0000 p_sel_pos=0.0000 p_hot_err=0.000000 p_bg_err=0.000000 p_gap=0.000000 peer_val_mse=0.15251986 peer_val_mae=0.23465736
[worker1/electricity_handoff_router_seeded_v1_gpu0] [time_series_electricity_handoff_router_seeded_v1/elec_handoff_q75_b18] [time_series][epoch 012] lambda=0.1000 g_scale=1.000 handoff=0 corr_scale=0.250 freeze_student=0 focus=0.1808 train_total=0.12151496 train_sup=0.08554515 train_imit=0.35961476 mean_w=0.0104 active=0.0025 s_dense=0.00 s_pos=0.1634 s_sel=0.0025 s_sel_pos=0.0153 s_hot_err=1.198687 s_bg_err=0.082899 s_gap=0.551084 conf_cos=0.0000 conf_proj=0.00 val_mse=0.16769031 val_mae=0.28895502 | p_pos=0.0000 p_dense=0.00 p_sel=0.0000 p_sel_pos=0.0000 p_hot_err=0.000000 p_bg_err=0.000000 p_gap=0.000000 peer_val_mse=0.15251986 peer_val_mae=0.23465736
[worker1/electricity_handoff_router_seeded_v1_gpu0] [time_series_electricity_handoff_router_seeded_v1/elec_handoff_q75_b18] [time_series][epoch 013] lambda=0.1000 g_scale=1.000 handoff=0 corr_scale=0.375 freeze_student=0 focus=0.1808 train_total=0.11988845 train_sup=0.08464272 train_imit=0.35235197 mean_w=0.0132 active=0.0067 s_dense=0.00 s_pos=0.1634 s_sel=0.0067 s_sel_pos=0.0407 s_hot_err=0.591734 s_bg_err=0.081314 s_gap=0.358386 conf_cos=0.0000 conf_proj=0.00 val_mse=0.16539667 val_mae=0.28742297 | p_pos=0.0000 p_dense=0.00 p_sel=0.0000 p_sel_pos=0.0000 p_hot_err=0.000000 p_bg_err=0.000000 p_gap=0.000000 peer_val_mse=0.15251986 peer_val_mae=0.23465736
[worker1/electricity_handoff_router_seeded_v1_gpu1] [time_series_electricity_handoff_router_seeded_v1/elec_handoff_q80_b15] [time_series][epoch 004] lambda=0.0000 g_scale=0.000 handoff=0 corr_scale=0.000 freeze_student=0 focus=0.1654 train_total=0.08672587 train_sup=0.08672585 train_imit=0.71168197 mean_w=0.0000 active=0.0000 s_dense=0.00 s_pos=0.1489 s_sel=0.0000 s_sel_pos=0.0000 s_hot_err=0.000000 s_bg_err=0.086726 s_gap=0.000000 conf_cos=0.0000 conf_proj=0.00 val_mse=0.17238484 val_mae=0.29125488 | p_pos=0.0000 p_dense=0.00 p_sel=0.0000 p_sel_pos=0.0000 p_hot_err=0.000000 p_bg_err=0.000000 p_gap=0.000000 peer_val_mse=0.15251986 peer_val_mae=0.23465736
[worker1/electricity_handoff_router_seeded_v1_gpu1] [time_series_electricity_handoff_router_seeded_v1/elec_handoff_q80_b15] [time_series][epoch 005] lambda=0.0000 g_scale=0.000 handoff=0 corr_scale=0.000 freeze_student=0 focus=0.1654 train_total=0.08672586 train_sup=0.08672585 train_imit=0.73059919 mean_w=0.0000 active=0.0000 s_dense=0.00 s_pos=0.1489 s_sel=0.0000 s_sel_pos=0.0000 s_hot_err=0.000000 s_bg_err=0.086726 s_gap=0.000000 conf_cos=0.0000 conf_proj=0.00 val_mse=0.17238484 val_mae=0.29125488 | p_pos=0.0000 p_dense=0.00 p_sel=0.0000 p_sel_pos=0.0000 p_hot_err=0.000000 p_bg_err=0.000000 p_gap=0.000000 peer_val_mse=0.15251986 peer_val_mae=0.23465736
[worker1/electricity_handoff_router_seeded_v1_gpu1] [time_series_electricity_handoff_router_seeded_v1/elec_handoff_q80_b15] [time_series][epoch 006] lambda=0.0000 g_scale=0.000 handoff=0 corr_scale=0.000 freeze_student=0 focus=0.1654 train_total=0.08672586 train_sup=0.08672585 train_imit=0.74640522 mean_w=0.0000 active=0.0000 s_dense=0.00 s_pos=0.1489 s_sel=0.0000 s_sel_pos=0.0000 s_hot_err=0.000000 s_bg_err=0.086726 s_gap=0.000000 conf_cos=0.0000 conf_proj=0.00 val_mse=0.17238484 val_mae=0.29125488 | p_pos=0.0000 p_dense=0.00 p_sel=0.0000 p_sel_pos=0.0000 p_hot_err=0.000000 p_bg_err=0.000000 p_gap=0.000000 peer_val_mse=0.15251986 peer_val_mae=0.23465736
[worker1/electricity_handoff_router_seeded_v1_gpu1] [time_series_electricity_handoff_router_seeded_v1/elec_handoff_q80_b15] [time_series][epoch 007] lambda=0.0000 g_scale=0.000 handoff=0 corr_scale=0.000 freeze_student=0 focus=0.1654 train_total=0.08672585 train_sup=0.08672585 train_imit=0.76017013 mean_w=0.0000 active=0.0000 s_dense=0.00 s_pos=0.1489 s_sel=0.0000 s_sel_pos=0.0000 s_hot_err=0.000000 s_bg_err=0.086726 s_gap=0.000000 conf_cos=0.0000 conf_proj=0.00 val_mse=0.17238484 val_mae=0.29125488 | p_pos=0.0000 p_dense=0.00 p_sel=0.0000 p_sel_pos=0.0000 p_hot_err=0.000000 p_bg_err=0.000000 p_gap=0.000000 peer_val_mse=0.15251986 peer_val_mae=0.23465736
[worker1/electricity_handoff_router_seeded_v1_gpu1] [time_series_electricity_handoff_router_seeded_v1/elec_handoff_q80_b15] [time_series][epoch 008] lambda=0.0000 g_scale=0.000 handoff=0 corr_scale=0.000 freeze_student=0 focus=0.1654 train_total=0.08672585 train_sup=0.08672585 train_imit=0.77230819 mean_w=0.0000 active=0.0000 s_dense=0.00 s_pos=0.1489 s_sel=0.0000 s_sel_pos=0.0000 s_hot_err=0.000000 s_bg_err=0.086726 s_gap=0.000000 conf_cos=0.0000 conf_proj=0.00 val_mse=0.17238484 val_mae=0.29125488 | p_pos=0.0000 p_dense=0.00 p_sel=0.0000 p_sel_pos=0.0000 p_hot_err=0.000000 p_bg_err=0.000000 p_gap=0.000000 peer_val_mse=0.15251986 peer_val_mae=0.23465736
[worker1/electricity_handoff_router_seeded_v1_gpu1] [time_series_electricity_handoff_router_seeded_v1/elec_handoff_q80_b15] [time_series][epoch 009] lambda=0.0000 g_scale=0.000 handoff=0 corr_scale=0.000 freeze_student=0 focus=0.1654 train_total=0.08672585 train_sup=0.08672585 train_imit=0.78327623 mean_w=0.0000 active=0.0000 s_dense=0.00 s_pos=0.1489 s_sel=0.0000 s_sel_pos=0.0000 s_hot_err=0.000000 s_bg_err=0.086726 s_gap=0.000000 conf_cos=0.0000 conf_proj=0.00 val_mse=0.17238484 val_mae=0.29125488 | p_pos=0.0000 p_dense=0.00 p_sel=0.0000 p_sel_pos=0.0000 p_hot_err=0.000000 p_bg_err=0.000000 p_gap=0.000000 peer_val_mse=0.15251986 peer_val_mae=0.23465736
[worker1/electricity_handoff_router_seeded_v1_gpu0] [time_series_electricity_handoff_router_seeded_v1/elec_handoff_q75_b18] [time_series][epoch 014] lambda=0.1000 g_scale=1.000 handoff=0 corr_scale=0.500 freeze_student=0 focus=0.1808 train_total=0.11867886 train_sup=0.08388162 train_imit=0.34785071 mean_w=0.0152 active=0.0112 s_dense=0.00 s_pos=0.1634 s_sel=0.0112 s_sel_pos=0.0686 s_hot_err=0.418133 s_bg_err=0.080110 s_gap=0.311214 conf_cos=0.0000 conf_proj=0.00 val_mse=0.16396700 val_mae=0.28632461 | p_pos=0.0000 p_dense=0.00 p_sel=0.0000 p_sel_pos=0.0000 p_hot_err=0.000000 p_bg_err=0.000000 p_gap=0.000000 peer_val_mse=0.15251986 peer_val_mae=0.23465736
[worker1/electricity_handoff_router_seeded_v1_gpu0] [time_series_electricity_handoff_router_seeded_v1/elec_handoff_q75_b18] [time_series][epoch 015] lambda=0.1000 g_scale=1.000 handoff=0 corr_scale=0.625 freeze_student=0 focus=0.1808 train_total=0.11769694 train_sup=0.08325598 train_imit=0.34427724 mean_w=0.0165 active=0.0150 s_dense=0.00 s_pos=0.1634 s_sel=0.0150 s_sel_pos=0.0916 s_hot_err=0.349937 s_bg_err=0.079208 s_gap=0.293495 conf_cos=0.0000 conf_proj=0.00 val_mse=0.16239392 val_mae=0.28503813 | p_pos=0.0000 p_dense=0.00 p_sel=0.0000 p_sel_pos=0.0000 p_hot_err=0.000000 p_bg_err=0.000000 p_gap=0.000000 peer_val_mse=0.15251986 peer_val_mae=0.23465736
[worker1/electricity_handoff_router_seeded_v1_gpu0] [time_series_electricity_handoff_router_seeded_v1/elec_handoff_q75_b18] [time_series][epoch 016] lambda=0.1000 g_scale=1.000 handoff=0 corr_scale=0.750 freeze_student=0 focus=0.1808 train_total=0.11688541 train_sup=0.08273735 train_imit=0.34134115 mean_w=0.0174 active=0.0180 s_dense=0.00 s_pos=0.1634 s_sel=0.0180 s_sel_pos=0.1101 s_hot_err=0.307718 s_bg_err=0.078619 s_gap=0.282062 conf_cos=0.0000 conf_proj=0.00 val_mse=0.16165319 val_mae=0.28415876 | p_pos=0.0000 p_dense=0.00 p_sel=0.0000 p_sel_pos=0.0000 p_hot_err=0.000000 p_bg_err=0.000000 p_gap=0.000000 peer_val_mse=0.15251986 peer_val_mae=0.23465736
[worker1/electricity_handoff_router_seeded_v1_gpu0] [time_series_electricity_handoff_router_seeded_v1/elec_handoff_q75_b18] [time_series][epoch 017] lambda=0.1000 g_scale=1.000 handoff=0 corr_scale=0.875 freeze_student=0 focus=0.1808 train_total=0.11623942 train_sup=0.08233030 train_imit=0.33894751 mean_w=0.0180 active=0.0201 s_dense=0.00 s_pos=0.1634 s_sel=0.0201 s_sel_pos=0.1232 s_hot_err=0.278961 s_bg_err=0.078294 s_gap=0.275423 conf_cos=0.0000 conf_proj=0.00 val_mse=0.16141656 val_mae=0.28355956 | p_pos=0.0000 p_dense=0.00 p_sel=0.0000 p_sel_pos=0.0000 p_hot_err=0.000000 p_bg_err=0.000000 p_gap=0.000000 peer_val_mse=0.15251986 peer_val_mae=0.23465736
[worker1/electricity_handoff_router_seeded_v1_gpu0] [time_series_electricity_handoff_router_seeded_v1/elec_handoff_q75_b18] [time_series][epoch 018] lambda=0.1000 g_scale=1.000 handoff=0 corr_scale=1.000 freeze_student=0 focus=0.1808 train_total=0.11573060 train_sup=0.08200960 train_imit=0.33706428 mean_w=0.0182 active=0.0214 s_dense=0.00 s_pos=0.1634 s_sel=0.0214 s_sel_pos=0.1307 s_hot_err=0.256765 s_bg_err=0.078198 s_gap=0.270850 conf_cos=0.0000 conf_proj=0.00 val_mse=0.16067715 val_mae=0.28284150 | p_pos=0.0000 p_dense=0.00 p_sel=0.0000 p_sel_pos=0.0000 p_hot_err=0.000000 p_bg_err=0.000000 p_gap=0.000000 peer_val_mse=0.15251986 peer_val_mae=0.23465736
[worker1/electricity_handoff_router_seeded_v1_gpu0] [time_series_electricity_handoff_router_seeded_v1/elec_handoff_q75_b18] [time_series][epoch 019] lambda=0.0842 g_scale=0.842 handoff=0 corr_scale=1.000 freeze_student=0 focus=0.1808 train_total=0.11080739 train_sup=0.08243599 train_imit=0.33690663 mean_w=0.0189 active=0.0237 s_dense=0.00 s_pos=0.1634 s_sel=0.0237 s_sel_pos=0.1447 s_hot_err=0.262760 s_bg_err=0.078069 s_gap=0.262078 conf_cos=0.0000 conf_proj=0.00 val_mse=0.16160875 val_mae=0.28369746 | p_pos=0.0000 p_dense=0.00 p_sel=0.0000 p_sel_pos=0.0000 p_hot_err=0.000000 p_bg_err=0.000000 p_gap=0.000000 peer_val_mse=0.15251986 peer_val_mae=0.23465736
[worker1/electricity_handoff_router_seeded_v1_gpu0] [time_series_electricity_handoff_router_seeded_v1/elec_handoff_q75_b18] [time_series][epoch 020] lambda=0.0683 g_scale=0.683 handoff=0 corr_scale=1.000 freeze_student=0 focus=0.1808 train_total=0.10597425 train_sup=0.08290292 train_imit=0.33740066 mean_w=0.0195 active=0.0256 s_dense=0.00 s_pos=0.1634 s_sel=0.0256 s_sel_pos=0.1566 s_hot_err=0.274055 s_bg_err=0.077884 s_gap=0.255724 conf_cos=0.0000 conf_proj=0.00 val_mse=0.16260514 val_mae=0.28465838 | p_pos=0.0000 p_dense=0.00 p_sel=0.0000 p_sel_pos=0.0000 p_hot_err=0.000000 p_bg_err=0.000000 p_gap=0.000000 peer_val_mse=0.15251986 peer_val_mae=0.23465736
[worker1/electricity_handoff_router_seeded_v1_gpu0] [time_series_electricity_handoff_router_seeded_v1/elec_handoff_q75_b18] [time_series][epoch 020] updated live plot
[worker1/electricity_handoff_router_seeded_v1_gpu0] [time_series_electricity_handoff_router_seeded_v1/elec_handoff_q75_b18] [time_series][epoch 021] lambda=0.0525 g_scale=0.525 handoff=0 corr_scale=1.000 freeze_student=0 focus=0.1808 train_total=0.10125619 train_sup=0.08347014 train_imit=0.33847426 mean_w=0.0202 active=0.0272 s_dense=0.00 s_pos=0.1634 s_sel=0.0272 s_sel_pos=0.1665 s_hot_err=0.290599 s_bg_err=0.077677 s_gap=0.250661 conf_cos=0.0000 conf_proj=0.00 val_mse=0.16376319 val_mae=0.28563077 | p_pos=0.0000 p_dense=0.00 p_sel=0.0000 p_sel_pos=0.0000 p_hot_err=0.000000 p_bg_err=0.000000 p_gap=0.000000 peer_val_mse=0.15251986 peer_val_mae=0.23465736
[worker1/electricity_handoff_router_seeded_v1_gpu0] [time_series_electricity_handoff_router_seeded_v1/elec_handoff_q75_b18] [time_series][epoch 022] lambda=0.0367 g_scale=0.367 handoff=0 corr_scale=1.000 freeze_student=0 focus=0.1808 train_total=0.09667324 train_sup=0.08418794 train_imit=0.34005328 mean_w=0.0208 active=0.0284 s_dense=0.00 s_pos=0.1634 s_sel=0.0284 s_sel_pos=0.1739 s_hot_err=0.313609 s_bg_err=0.077479 s_gap=0.246734 conf_cos=0.0000 conf_proj=0.00 val_mse=0.16554036 val_mae=0.28695383 | p_pos=0.0000 p_dense=0.00 p_sel=0.0000 p_sel_pos=0.0000 p_hot_err=0.000000 p_bg_err=0.000000 p_gap=0.000000 peer_val_mse=0.15251986 peer_val_mae=0.23465736
[worker1/electricity_handoff_router_seeded_v1_gpu0] [time_series_electricity_handoff_router_seeded_v1/elec_handoff_q75_b18] [time_series][epoch 023] lambda=0.0000 g_scale=0.000 handoff=1 corr_scale=0.000 freeze_student=0 focus=0.1808 train_total=0.08674174 train_sup=0.08672585 train_imit=0.33871066 mean_w=0.0199 active=0.0000 s_dense=0.00 s_pos=0.1634 s_sel=0.0000 s_sel_pos=0.0000 s_hot_err=0.000000 s_bg_err=0.086726 s_gap=0.000000 conf_cos=0.0000 conf_proj=0.00 val_mse=0.17238484 val_mae=0.29125488 | p_pos=0.0000 p_dense=0.00 p_sel=0.0000 p_sel_pos=0.0000 p_hot_err=0.000000 p_bg_err=0.000000 p_gap=0.000000 peer_val_mse=0.15251986 peer_val_mae=0.23465736
[worker1/electricity_handoff_router_seeded_v1_gpu0] [time_series_electricity_handoff_router_seeded_v1/elec_handoff_q75_b18] [time_series][epoch 024] lambda=0.0000 g_scale=0.000 handoff=1 corr_scale=0.000 freeze_student=0 focus=0.1808 train_total=0.08673719 train_sup=0.08672585 train_imit=0.33801703 mean_w=0.0142 active=0.0000 s_dense=0.00 s_pos=0.1634 s_sel=0.0000 s_sel_pos=0.0000 s_hot_err=0.000000 s_bg_err=0.086726 s_gap=0.000000 conf_cos=0.0000 conf_proj=0.00 val_mse=0.17238484 val_mae=0.29125488 | p_pos=0.0000 p_dense=0.00 p_sel=0.0000 p_sel_pos=0.0000 p_hot_err=0.000000 p_bg_err=0.000000 p_gap=0.000000 peer_val_mse=0.15251986 peer_val_mae=0.23465736
[worker1/electricity_handoff_router_seeded_v1_gpu0] [time_series_electricity_handoff_router_seeded_v1/elec_handoff_q75_b18] [time_series][epoch 025] lambda=0.0000 g_scale=0.000 handoff=1 corr_scale=0.000 freeze_student=0 focus=0.1808 train_total=0.08673314 train_sup=0.08672585 train_imit=0.35211182 mean_w=0.0091 active=0.0000 s_dense=0.00 s_pos=0.1634 s_sel=0.0000 s_sel_pos=0.0000 s_hot_err=0.000000 s_bg_err=0.086726 s_gap=0.000000 conf_cos=0.0000 conf_proj=0.00 val_mse=0.17238484 val_mae=0.29125488 | p_pos=0.0000 p_dense=0.00 p_sel=0.0000 p_sel_pos=0.0000 p_hot_err=0.000000 p_bg_err=0.000000 p_gap=0.000000 peer_val_mse=0.15251986 peer_val_mae=0.23465736
[worker1/electricity_handoff_router_seeded_v1_gpu0] [time_series_electricity_handoff_router_seeded_v1/elec_handoff_q75_b18] [time_series][epoch 026] lambda=0.0000 g_scale=0.000 handoff=1 corr_scale=0.000 freeze_student=0 focus=0.1808 train_total=0.08673061 train_sup=0.08672585 train_imit=0.37178939 mean_w=0.0059 active=0.0000 s_dense=0.00 s_pos=0.1634 s_sel=0.0000 s_sel_pos=0.0000 s_hot_err=0.000000 s_bg_err=0.086726 s_gap=0.000000 conf_cos=0.0000 conf_proj=0.00 val_mse=0.17238484 val_mae=0.29125488 | p_pos=0.0000 p_dense=0.00 p_sel=0.0000 p_sel_pos=0.0000 p_hot_err=0.000000 p_bg_err=0.000000 p_gap=0.000000 peer_val_mse=0.15251986 peer_val_mae=0.23465736
[worker1/electricity_handoff_router_seeded_v1_gpu0] [time_series_electricity_handoff_router_seeded_v1/elec_handoff_q75_b18] [time_series][epoch 027] lambda=0.0000 g_scale=0.000 handoff=1 corr_scale=0.000 freeze_student=0 focus=0.1808 train_total=0.08672913 train_sup=0.08672585 train_imit=0.39206337 mean_w=0.0041 active=0.0000 s_dense=0.00 s_pos=0.1634 s_sel=0.0000 s_sel_pos=0.0000 s_hot_err=0.000000 s_bg_err=0.086726 s_gap=0.000000 conf_cos=0.0000 conf_proj=0.00 val_mse=0.17238484 val_mae=0.29125488 | p_pos=0.0000 p_dense=0.00 p_sel=0.0000 p_sel_pos=0.0000 p_hot_err=0.000000 p_bg_err=0.000000 p_gap=0.000000 peer_val_mse=0.15251986 peer_val_mae=0.23465736
[worker1/electricity_handoff_router_seeded_v1_gpu0] [time_series_electricity_handoff_router_seeded_v1/elec_handoff_q75_b18] [time_series][epoch 028] lambda=0.0000 g_scale=0.000 handoff=1 corr_scale=0.000 freeze_student=0 focus=0.1808 train_total=0.08672822 train_sup=0.08672585 train_imit=0.41163233 mean_w=0.0030 active=0.0000 s_dense=0.00 s_pos=0.1634 s_sel=0.0000 s_sel_pos=0.0000 s_hot_err=0.000000 s_bg_err=0.086726 s_gap=0.000000 conf_cos=0.0000 conf_proj=0.00 val_mse=0.17238484 val_mae=0.29125488 | p_pos=0.0000 p_dense=0.00 p_sel=0.0000 p_sel_pos=0.0000 p_hot_err=0.000000 p_bg_err=0.000000 p_gap=0.000000 peer_val_mse=0.15251986 peer_val_mae=0.23465736
[worker1/electricity_handoff_router_seeded_v1_gpu0] [time_series_electricity_handoff_router_seeded_v1/elec_handoff_q75_b18] [time_series][epoch 029] lambda=0.0000 g_scale=0.000 handoff=1 corr_scale=0.000 freeze_student=0 focus=0.1808 train_total=0.08672763 train_sup=0.08672585 train_imit=0.43031461 mean_w=0.0022 active=0.0000 s_dense=0.00 s_pos=0.1634 s_sel=0.0000 s_sel_pos=0.0000 s_hot_err=0.000000 s_bg_err=0.086726 s_gap=0.000000 conf_cos=0.0000 conf_proj=0.00 val_mse=0.17238484 val_mae=0.29125488 | p_pos=0.0000 p_dense=0.00 p_sel=0.0000 p_sel_pos=0.0000 p_hot_err=0.000000 p_bg_err=0.000000 p_gap=0.000000 peer_val_mse=0.15251986 peer_val_mae=0.23465736
[worker1/electricity_handoff_router_seeded_v1_gpu0] [time_series_electricity_handoff_router_seeded_v1/elec_handoff_q75_b18] [time_series][epoch 030] lambda=0.0000 g_scale=0.000 handoff=1 corr_scale=0.000 freeze_student=0 focus=0.1808 train_total=0.08672722 train_sup=0.08672585 train_imit=0.44812787 mean_w=0.0017 active=0.0000 s_dense=0.00 s_pos=0.1634 s_sel=0.0000 s_sel_pos=0.0000 s_hot_err=0.000000 s_bg_err=0.086726 s_gap=0.000000 conf_cos=0.0000 conf_proj=0.00 val_mse=0.17238484 val_mae=0.29125488 | p_pos=0.0000 p_dense=0.00 p_sel=0.0000 p_sel_pos=0.0000 p_hot_err=0.000000 p_bg_err=0.000000 p_gap=0.000000 peer_val_mse=0.15251986 peer_val_mae=0.23465736
[worker1/electricity_handoff_router_seeded_v1_gpu0] [time_series_electricity_handoff_router_seeded_v1/elec_handoff_q75_b18] [time_series][epoch 030] early stop: no val_mse improvement greater than 0.0001 for 12 epoch(s)
[worker1/electricity_handoff_router_seeded_v1_gpu0] [time_series_electricity_handoff_router_seeded_v1/elec_handoff_q75_b18] [time_series][epoch 030] updated live plot
[worker1/electricity_handoff_router_seeded_v1_gpu1] [time_series_electricity_handoff_router_seeded_v1/elec_handoff_q80_b15] [time_series][epoch 010] lambda=0.0000 g_scale=0.000 handoff=0 corr_scale=0.000 freeze_student=0 focus=0.1654 train_total=0.08672585 train_sup=0.08672585 train_imit=0.79350225 mean_w=0.0000 active=0.0000 s_dense=0.00 s_pos=0.1489 s_sel=0.0000 s_sel_pos=0.0000 s_hot_err=0.000000 s_bg_err=0.086726 s_gap=0.000000 conf_cos=0.0000 conf_proj=0.00 val_mse=0.17238484 val_mae=0.29125488 | p_pos=0.0000 p_dense=0.00 p_sel=0.0000 p_sel_pos=0.0000 p_hot_err=0.000000 p_bg_err=0.000000 p_gap=0.000000 peer_val_mse=0.15251986 peer_val_mae=0.23465736
[worker1/electricity_handoff_router_seeded_v1_gpu1] [time_series_electricity_handoff_router_seeded_v1/elec_handoff_q80_b15] [time_series][epoch 010] updated live plot
[worker1/electricity_handoff_router_seeded_v1_gpu1] [time_series_electricity_handoff_router_seeded_v1/elec_handoff_q80_b15] [time_series][epoch 011] lambda=0.0000 g_scale=0.000 handoff=0 corr_scale=0.000 freeze_student=0 focus=0.1654 train_total=0.08672585 train_sup=0.08672585 train_imit=0.80297498 mean_w=0.0000 active=0.0000 s_dense=0.00 s_pos=0.1489 s_sel=0.0000 s_sel_pos=0.0000 s_hot_err=0.000000 s_bg_err=0.086726 s_gap=0.000000 conf_cos=0.0000 conf_proj=0.00 val_mse=0.17238484 val_mae=0.29125488 | p_pos=0.0000 p_dense=0.00 p_sel=0.0000 p_sel_pos=0.0000 p_hot_err=0.000000 p_bg_err=0.000000 p_gap=0.000000 peer_val_mse=0.15251986 peer_val_mae=0.23465736
[worker1/electricity_handoff_router_seeded_v1_gpu1] [time_series_electricity_handoff_router_seeded_v1/elec_handoff_q80_b15] [time_series][epoch 012] lambda=0.0000 g_scale=0.000 handoff=0 corr_scale=0.000 freeze_student=0 focus=0.1654 train_total=0.08672585 train_sup=0.08672585 train_imit=0.81181747 mean_w=0.0000 active=0.0000 s_dense=0.00 s_pos=0.1489 s_sel=0.0000 s_sel_pos=0.0000 s_hot_err=0.000000 s_bg_err=0.086726 s_gap=0.000000 conf_cos=0.0000 conf_proj=0.00 val_mse=0.17238484 val_mae=0.29125488 | p_pos=0.0000 p_dense=0.00 p_sel=0.0000 p_sel_pos=0.0000 p_hot_err=0.000000 p_bg_err=0.000000 p_gap=0.000000 peer_val_mse=0.15251986 peer_val_mae=0.23465736
[worker1/electricity_handoff_router_seeded_v1_gpu1] [time_series_electricity_handoff_router_seeded_v1/elec_handoff_q80_b15] [time_series][epoch 013] lambda=0.0800 g_scale=1.000 handoff=0 corr_scale=0.125 freeze_student=0 focus=0.1654 train_total=0.11547455 train_sup=0.08644138 train_imit=0.36284969 mean_w=0.0065 active=0.0006 s_dense=0.00 s_pos=0.1489 s_sel=0.0006 s_sel_pos=0.0043 s_hot_err=1.976920 s_bg_err=0.085274 s_gap=0.044957 conf_cos=0.0000 conf_proj=0.00 val_mse=0.17078235 val_mae=0.29060891 | p_pos=0.0000 p_dense=0.00 p_sel=0.0000 p_sel_pos=0.0000 p_hot_err=0.000000 p_bg_err=0.000000 p_gap=0.000000 peer_val_mse=0.15251986 peer_val_mae=0.23465736
[worker1/electricity_handoff_router_seeded_v1_gpu1] [time_series_electricity_handoff_router_seeded_v1/elec_handoff_q80_b15] [time_series][epoch 014] lambda=0.0800 g_scale=1.000 handoff=0 corr_scale=0.250 freeze_student=0 focus=0.1654 train_total=0.11247488 train_sup=0.08587781 train_imit=0.33237440 mean_w=0.0089 active=0.0027 s_dense=0.00 s_pos=0.1489 s_sel=0.0027 s_sel_pos=0.0179 s_hot_err=1.044859 s_bg_err=0.083458 s_gap=0.196153 conf_cos=0.0000 conf_proj=0.00 val_mse=0.16879523 val_mae=0.28959915 | p_pos=0.0000 p_dense=0.00 p_sel=0.0000 p_sel_pos=0.0000 p_hot_err=0.000000 p_bg_err=0.000000 p_gap=0.000000 peer_val_mse=0.15251986 peer_val_mae=0.23465736
[worker1/electricity_handoff_router_seeded_v1_gpu1] [time_series_electricity_handoff_router_seeded_v1/elec_handoff_q80_b15] [time_series][epoch 015] lambda=0.0800 g_scale=1.000 handoff=0 corr_scale=0.375 freeze_student=0 focus=0.1654 train_total=0.11139663 train_sup=0.08521428 train_imit=0.32716952 mean_w=0.0110 active=0.0068 s_dense=0.00 s_pos=0.1489 s_sel=0.0068 s_sel_pos=0.0454 s_hot_err=0.599093 s_bg_err=0.081781 s_gap=0.210603 conf_cos=0.0000 conf_proj=0.00 val_mse=0.16740151 val_mae=0.28862243 | p_pos=0.0000 p_dense=0.00 p_sel=0.0000 p_sel_pos=0.0000 p_hot_err=0.000000 p_bg_err=0.000000 p_gap=0.000000 peer_val_mse=0.15251986 peer_val_mae=0.23465736
[worker1/electricity_handoff_router_seeded_v1_gpu0] [time_series_electricity_handoff_router_seeded_v1/elec_handoff_q75_b18] [time_series][ssml_diag] gate_mode=peer_better_student_error score_transform=none window_score_k=1 smooth_k=1 expand_k=1 tail_start=0.00 residual_beta=1.000 ema_decay=0.000 weight_mode=score freeze_peer=True worse_only=False anchor_w=0.00000 imit_space=raw residual_space_k=9 conflict_proj=0 topk_scope=total max_sel=1.000 adaptive_dense_thr=1.100 positive_upper_q=1.000 guidance_schedule=warmup_then_decay handoff_end=22 correction_init_bias=0.000 correction_ramp=10->18 correction_freeze_student_epochs=0 correction_only=1 correction_tail_start=0.00 correction_regime_q=0.00 correction_focus_alpha=0.00 correction_peer_adv_q=0.75 correction_peer_adv_min=0.0005 correction_peer_adv_k=3 correction_budget_ratio=0.180 router_bins=[8, 16, 24] router_ema=0.700 trend_only=1 correction_feature_mode=trend_residual correction_regime=1 correction_decomp_k=9 correction_trend_scale=1.000 correction_residual_scale=0.000 first_active_epoch=11 best_before_active=0.17238484@1 best_after_active=0.16067715@18
[worker1/electricity_handoff_router_seeded_v1_gpu0] [time_series_electricity_handoff_router_seeded_v1/elec_handoff_q75_b18] [time_series] done
[worker1/electricity_handoff_router_seeded_v1_gpu0] [time_series_electricity_handoff_router_seeded_v1/elec_handoff_q70_b20] lock -> /home/namkyeong/ssmo/results/.locks/time_series_electricity_handoff_router_seeded_v1_elec_handoff_q70_b20.lock
[worker1/electricity_handoff_router_seeded_v1_gpu0] [time_series_electricity_handoff_router_seeded_v1/elec_handoff_q70_b20] log -> results/logs/time_series_electricity_handoff_router_seeded_v1/worker1/worker1_gpu0/elec_handoff_q70_b20.log
[worker1/electricity_handoff_router_seeded_v1_gpu0] [time_series_electricity_handoff_router_seeded_v1/elec_handoff_q70_b20] [time_series] output_dir=results/time_series_electricity_handoff_router_seeded_v1/worker1_gpu0/elec_handoff_q70_b20
[worker1/electricity_handoff_router_seeded_v1_gpu0] [time_series_electricity_handoff_router_seeded_v1/elec_handoff_q70_b20] [time_series] methods=ssml
[worker1/electricity_handoff_router_seeded_v1_gpu0] [time_series_electricity_handoff_router_seeded_v1/elec_handoff_q70_b20] [time_series] model_pairs=transformer:dlinear
[worker1/electricity_handoff_router_seeded_v1_gpu0] [time_series_electricity_handoff_router_seeded_v1/elec_handoff_q70_b20] [time_series] lr=1e-3 weight_decay=0.0
[worker1/electricity_handoff_router_seeded_v1_gpu0] [time_series_electricity_handoff_router_seeded_v1/elec_handoff_q70_b20] [time_series] ssml_topk_ratio=0.3
[worker1/electricity_handoff_router_seeded_v1_gpu0] [time_series_electricity_handoff_router_seeded_v1/elec_handoff_q70_b20] [time_series] ssml_topk_scope=total
[worker1/electricity_handoff_router_seeded_v1_gpu0] [time_series_electricity_handoff_router_seeded_v1/elec_handoff_q70_b20] [time_series] ssml_max_selected_ratio=1.0
[worker1/electricity_handoff_router_seeded_v1_gpu0] [time_series_electricity_handoff_router_seeded_v1/elec_handoff_q70_b20] [time_series] ssml_adaptive_dense_threshold=1.1
[worker1/electricity_handoff_router_seeded_v1_gpu0] [time_series_electricity_handoff_router_seeded_v1/elec_handoff_q70_b20] [time_series] ssml_adaptive_dense_topk_ratio=1.0
[worker1/electricity_handoff_router_seeded_v1_gpu0] [time_series_electricity_handoff_router_seeded_v1/elec_handoff_q70_b20] [time_series] ssml_adaptive_dense_topk_scope=positive
[worker1/electricity_handoff_router_seeded_v1_gpu0] [time_series_electricity_handoff_router_seeded_v1/elec_handoff_q70_b20] [time_series] ssml_adaptive_dense_max_selected_ratio=1.0
[worker1/electricity_handoff_router_seeded_v1_gpu0] [time_series_electricity_handoff_router_seeded_v1/elec_handoff_q70_b20] [time_series] ssml_adaptive_dense_score_smoothing_kernel=-1
[worker1/electricity_handoff_router_seeded_v1_gpu0] [time_series_electricity_handoff_router_seeded_v1/elec_handoff_q70_b20] [time_series] ssml_adaptive_dense_window_expand_kernel=-1
[worker1/electricity_handoff_router_seeded_v1_gpu0] [time_series_electricity_handoff_router_seeded_v1/elec_handoff_q70_b20] [time_series] ssml_supervised_hotspot_alpha=0.0
[worker1/electricity_handoff_router_seeded_v1_gpu0] [time_series_electricity_handoff_router_seeded_v1/elec_handoff_q70_b20] [time_series] ssml_supervised_weight_mode=score
[worker1/electricity_handoff_router_seeded_v1_gpu0] [time_series_electricity_handoff_router_seeded_v1/elec_handoff_q70_b20] [time_series] ssml_gate_score_mode=peer_better_student_error
[worker1/electricity_handoff_router_seeded_v1_gpu0] [time_series_electricity_handoff_router_seeded_v1/elec_handoff_q70_b20] [time_series] ssml_score_transform=none
[worker1/electricity_handoff_router_seeded_v1_gpu0] [time_series_electricity_handoff_router_seeded_v1/elec_handoff_q70_b20] [time_series] ssml_positive_upper_quantile=1.0
[worker1/electricity_handoff_router_seeded_v1_gpu0] [time_series_electricity_handoff_router_seeded_v1/elec_handoff_q70_b20] [time_series] ssml_guidance_mode=corrective
[worker1/electricity_handoff_router_seeded_v1_gpu0] [time_series_electricity_handoff_router_seeded_v1/elec_handoff_q70_b20] [time_series] ssml_correction_gate_hidden_dim=64
[worker1/electricity_handoff_router_seeded_v1_gpu0] [time_series_electricity_handoff_router_seeded_v1/elec_handoff_q70_b20] [time_series] ssml_correction_gate_dropout=0.00
[worker1/electricity_handoff_router_seeded_v1_gpu0] [time_series_electricity_handoff_router_seeded_v1/elec_handoff_q70_b20] [time_series] ssml_correction_init_bias=0.0
[worker1/electricity_handoff_router_seeded_v1_gpu0] [time_series_electricity_handoff_router_seeded_v1/elec_handoff_q70_b20] [time_series] ssml_correction_sparsity_weight=0.0010
[worker1/electricity_handoff_router_seeded_v1_gpu0] [time_series_electricity_handoff_router_seeded_v1/elec_handoff_q70_b20] [time_series] ssml_correction_threshold=0.5
[worker1/electricity_handoff_router_seeded_v1_gpu0] [time_series_electricity_handoff_router_seeded_v1/elec_handoff_q70_b20] [time_series] ssml_correction_ramp_start_epoch=8
[worker1/electricity_handoff_router_seeded_v1_gpu0] [time_series_electricity_handoff_router_seeded_v1/elec_handoff_q70_b20] [time_series] ssml_correction_ramp_end_epoch=16
[worker1/electricity_handoff_router_seeded_v1_gpu0] [time_series_electricity_handoff_router_seeded_v1/elec_handoff_q70_b20] [time_series] ssml_correction_freeze_student_epochs=0
[worker1/electricity_handoff_router_seeded_v1_gpu0] [time_series_electricity_handoff_router_seeded_v1/elec_handoff_q70_b20] [time_series] ssml_correction_only=1
[worker1/electricity_handoff_router_seeded_v1_gpu0] [time_series_electricity_handoff_router_seeded_v1/elec_handoff_q70_b20] [time_series] ssml_correction_tail_start_ratio=0.0
[worker1/electricity_handoff_router_seeded_v1_gpu0] [time_series_electricity_handoff_router_seeded_v1/elec_handoff_q70_b20] [time_series] ssml_correction_regime_focus_quantile=0.0
[worker1/electricity_handoff_router_seeded_v1_gpu0] [time_series_electricity_handoff_router_seeded_v1/elec_handoff_q70_b20] [time_series] ssml_correction_focus_loss_alpha=0.0
[worker1/electricity_handoff_router_seeded_v1_gpu0] [time_series_electricity_handoff_router_seeded_v1/elec_handoff_q70_b20] [time_series] ssml_correction_peer_advantage_quantile=0.70
[worker1/electricity_handoff_router_seeded_v1_gpu0] [time_series_electricity_handoff_router_seeded_v1/elec_handoff_q70_b20] [time_series] ssml_correction_peer_advantage_min=0.0003
[worker1/electricity_handoff_router_seeded_v1_gpu0] [time_series_electricity_handoff_router_seeded_v1/elec_handoff_q70_b20] [time_series] ssml_correction_peer_advantage_smoothing_kernel=3
[worker1/electricity_handoff_router_seeded_v1_gpu0] [time_series_electricity_handoff_router_seeded_v1/elec_handoff_q70_b20] [time_series] ssml_correction_budget_ratio=0.20
[worker1/electricity_handoff_router_seeded_v1_gpu0] [time_series_electricity_handoff_router_seeded_v1/elec_handoff_q70_b20] [time_series] ssml_handoff_end_epoch=20
[worker1/electricity_handoff_router_seeded_v1_gpu0] [time_series_electricity_handoff_router_seeded_v1/elec_handoff_q70_b20] [time_series] ssml_router_bin_endpoints=8,16,24
[worker1/electricity_handoff_router_seeded_v1_gpu0] [time_series_electricity_handoff_router_seeded_v1/elec_handoff_q70_b20] [time_series] ssml_router_ema_decay=0.65
[worker1/electricity_handoff_router_seeded_v1_gpu0] [time_series_electricity_handoff_router_seeded_v1/elec_handoff_q70_b20] [time_series] ssml_trend_only_teaching=1
[worker1/electricity_handoff_router_seeded_v1_gpu0] [time_series_electricity_handoff_router_seeded_v1/elec_handoff_q70_b20] [time_series] ssml_correction_feature_mode=trend_residual
[worker1/electricity_handoff_router_seeded_v1_gpu0] [time_series_electricity_handoff_router_seeded_v1/elec_handoff_q70_b20] [time_series] ssml_correction_use_regime_features=1
[worker1/electricity_handoff_router_seeded_v1_gpu0] [time_series_electricity_handoff_router_seeded_v1/elec_handoff_q70_b20] [time_series] ssml_correction_decomposition_kernel=9
[worker1/electricity_handoff_router_seeded_v1_gpu0] [time_series_electricity_handoff_router_seeded_v1/elec_handoff_q70_b20] [time_series] ssml_correction_trend_scale=1.05
[worker1/electricity_handoff_router_seeded_v1_gpu0] [time_series_electricity_handoff_router_seeded_v1/elec_handoff_q70_b20] [time_series] ssml_correction_residual_scale=0.00
[worker1/electricity_handoff_router_seeded_v1_gpu0] [time_series_electricity_handoff_router_seeded_v1/elec_handoff_q70_b20] [time_series] ssml_score_smoothing_kernel=1
[worker1/electricity_handoff_router_seeded_v1_gpu0] [time_series_electricity_handoff_router_seeded_v1/elec_handoff_q70_b20] [time_series] ssml_window_score_kernel=1
[worker1/electricity_handoff_router_seeded_v1_gpu0] [time_series_electricity_handoff_router_seeded_v1/elec_handoff_q70_b20] [time_series] ssml_window_expand_kernel=1
[worker1/electricity_handoff_router_seeded_v1_gpu0] [time_series_electricity_handoff_router_seeded_v1/elec_handoff_q70_b20] [time_series] ssml_tail_start_ratio=0.0
[worker1/electricity_handoff_router_seeded_v1_gpu0] [time_series_electricity_handoff_router_seeded_v1/elec_handoff_q70_b20] [time_series] ssml_residual_beta=1.0
[worker1/electricity_handoff_router_seeded_v1_gpu0] [time_series_electricity_handoff_router_seeded_v1/elec_handoff_q70_b20] [time_series] ssml_ema_decay=0.0
[worker1/electricity_handoff_router_seeded_v1_gpu0] [time_series_electricity_handoff_router_seeded_v1/elec_handoff_q70_b20] [time_series] ssml_imitation_space=raw
[worker1/electricity_handoff_router_seeded_v1_gpu0] [time_series_electricity_handoff_router_seeded_v1/elec_handoff_q70_b20] [time_series] ssml_residual_space_kernel=9
[worker1/electricity_handoff_router_seeded_v1_gpu0] [time_series_electricity_handoff_router_seeded_v1/elec_handoff_q70_b20] [time_series] ssml_conflict_aware_projection=0
[worker1/electricity_handoff_router_seeded_v1_gpu0] [time_series_electricity_handoff_router_seeded_v1/elec_handoff_q70_b20] [time_series] ssml_freeze_peer=1
[worker1/electricity_handoff_router_seeded_v1_gpu0] [time_series_electricity_handoff_router_seeded_v1/elec_handoff_q70_b20] [time_series] ssml_worse_only_update=0
[worker1/electricity_handoff_router_seeded_v1_gpu0] [time_series_electricity_handoff_router_seeded_v1/elec_handoff_q70_b20] [time_series] ssml_anchor_weight=0.0
[worker1/electricity_handoff_router_seeded_v1_gpu0] [time_series_electricity_handoff_router_seeded_v1/elec_handoff_q70_b20] [time_series] init_checkpoint_template=results/time_series_electricity_followup_v1/best_known/time_series/{dataset}/{model}_independent_{regression_imitation_loss}_seed{seed}/model.pt
[worker1/electricity_handoff_router_seeded_v1_gpu0] [time_series_electricity_handoff_router_seeded_v1/elec_handoff_q70_b20] [time_series] peer_init_checkpoint_template=results/time_series_electricity_followup_v1/best_known/time_series/{dataset}/{model}_independent_{regression_imitation_loss}_seed{seed}/model.pt
[worker1/electricity_handoff_router_seeded_v1_gpu0] [time_series_electricity_handoff_router_seeded_v1/elec_handoff_q70_b20] [time_series] early_stop_patience=12 early_stop_min_epochs=18 early_stop_min_delta=0.0001
[worker1/electricity_handoff_router_seeded_v1_gpu0] [time_series_electricity_handoff_router_seeded_v1/elec_handoff_q70_b20] [time_series] live_plot_interval=10
[worker1/electricity_handoff_router_seeded_v1_gpu0] [time_series_electricity_handoff_router_seeded_v1/elec_handoff_q70_b20] [time_series] dataset=electricity pair=transformer:dlinear method=ssml seed=0 pred_len=24
[worker1/electricity_handoff_router_seeded_v1_gpu0] [time_series_electricity_handoff_router_seeded_v1/elec_handoff_q70_b20] [time_series] loaded init_checkpoint=results/time_series_electricity_followup_v1/best_known/time_series/electricity/transformer_independent_mse_seed0/model.pt
[worker1/electricity_handoff_router_seeded_v1_gpu0] [time_series_electricity_handoff_router_seeded_v1/elec_handoff_q70_b20] [time_series] loaded peer_init_checkpoint=results/time_series_electricity_followup_v1/best_known/time_series/electricity/dlinear_independent_mse_seed0/model.pt
[worker1/electricity_handoff_router_seeded_v1_gpu0] [time_series_electricity_handoff_router_seeded_v1/elec_handoff_q70_b20] [time_series] run_dir=results/time_series_electricity_handoff_router_seeded_v1/worker1_gpu0/elec_handoff_q70_b20/time_series/electricity/transformer__dlinear_ssml_mse_seed0
[worker1/electricity_handoff_router_seeded_v1_gpu0] [time_series_electricity_handoff_router_seeded_v1/elec_handoff_q70_b20] [time_series] params=1090
[worker1/electricity_handoff_router_seeded_v1_gpu0] [time_series_electricity_handoff_router_seeded_v1/elec_handoff_q70_b20] [time_series] correction_gate_params=1090
[worker1/electricity_handoff_router_seeded_v1_gpu0] [time_series_electricity_handoff_router_seeded_v1/elec_handoff_q70_b20] [time_series][epoch 001] lambda=0.0000 g_scale=0.000 handoff=0 corr_scale=0.000 freeze_student=0 focus=0.2189 train_total=0.08650577 train_sup=0.08650128 train_imit=0.66206476 mean_w=0.0045 active=0.0000 s_dense=0.00 s_pos=0.1963 s_sel=0.0000 s_sel_pos=0.0000 s_hot_err=0.000000 s_bg_err=0.086501 s_gap=0.000000 conf_cos=0.0000 conf_proj=0.00 val_mse=0.17480778 val_mae=0.29172259 | p_pos=0.0000 p_dense=0.00 p_sel=0.0000 p_sel_pos=0.0000 p_hot_err=0.000000 p_bg_err=0.000000 p_gap=0.000000 peer_val_mse=0.15275371 peer_val_mae=0.23364596
[worker1/electricity_handoff_router_seeded_v1_gpu0] [time_series_electricity_handoff_router_seeded_v1/elec_handoff_q70_b20] [time_series][epoch 002] lambda=0.0000 g_scale=0.000 handoff=0 corr_scale=0.000 freeze_student=0 focus=0.2189 train_total=0.08650145 train_sup=0.08650128 train_imit=0.73243550 mean_w=0.0002 active=0.0000 s_dense=0.00 s_pos=0.1963 s_sel=0.0000 s_sel_pos=0.0000 s_hot_err=0.000000 s_bg_err=0.086501 s_gap=0.000000 conf_cos=0.0000 conf_proj=0.00 val_mse=0.17480778 val_mae=0.29172259 | p_pos=0.0000 p_dense=0.00 p_sel=0.0000 p_sel_pos=0.0000 p_hot_err=0.000000 p_bg_err=0.000000 p_gap=0.000000 peer_val_mse=0.15275371 peer_val_mae=0.23364596
[worker1/electricity_handoff_router_seeded_v1_gpu0] [time_series_electricity_handoff_router_seeded_v1/elec_handoff_q70_b20] [time_series][epoch 003] lambda=0.0000 g_scale=0.000 handoff=0 corr_scale=0.000 freeze_student=0 focus=0.2189 train_total=0.08650134 train_sup=0.08650128 train_imit=0.78449513 mean_w=0.0001 active=0.0000 s_dense=0.00 s_pos=0.1963 s_sel=0.0000 s_sel_pos=0.0000 s_hot_err=0.000000 s_bg_err=0.086501 s_gap=0.000000 conf_cos=0.0000 conf_proj=0.00 val_mse=0.17480778 val_mae=0.29172259 | p_pos=0.0000 p_dense=0.00 p_sel=0.0000 p_sel_pos=0.0000 p_hot_err=0.000000 p_bg_err=0.000000 p_gap=0.000000 peer_val_mse=0.15275371 peer_val_mae=0.23364596
[worker1/electricity_handoff_router_seeded_v1_gpu1] [time_series_electricity_handoff_router_seeded_v1/elec_handoff_q80_b15] [time_series][epoch 016] lambda=0.0800 g_scale=1.000 handoff=0 corr_scale=0.500 freeze_student=0 focus=0.1654 train_total=0.11060749 train_sup=0.08463010 train_imit=0.32459303 mean_w=0.0124 active=0.0106 s_dense=0.00 s_pos=0.1489 s_sel=0.0106 s_sel_pos=0.0712 s_hot_err=0.452218 s_bg_err=0.080705 s_gap=0.222800 conf_cos=0.0000 conf_proj=0.00 val_mse=0.16597079 val_mae=0.28764925 | p_pos=0.0000 p_dense=0.00 p_sel=0.0000 p_sel_pos=0.0000 p_hot_err=0.000000 p_bg_err=0.000000 p_gap=0.000000 peer_val_mse=0.15251986 peer_val_mae=0.23465736
[worker1/electricity_handoff_router_seeded_v1_gpu1] [time_series_electricity_handoff_router_seeded_v1/elec_handoff_q80_b15] [time_series][epoch 017] lambda=0.0800 g_scale=1.000 handoff=0 corr_scale=0.625 freeze_student=0 focus=0.1654 train_total=0.11000701 train_sup=0.08415543 train_imit=0.32301242 mean_w=0.0132 active=0.0131 s_dense=0.00 s_pos=0.1489 s_sel=0.0131 s_sel_pos=0.0876 s_hot_err=0.386208 s_bg_err=0.080166 s_gap=0.225940 conf_cos=0.0000 conf_proj=0.00 val_mse=0.16466938 val_mae=0.28679362 | p_pos=0.0000 p_dense=0.00 p_sel=0.0000 p_sel_pos=0.0000 p_hot_err=0.000000 p_bg_err=0.000000 p_gap=0.000000 peer_val_mse=0.15251986 peer_val_mae=0.23465736
[worker1/electricity_handoff_router_seeded_v1_gpu1] [time_series_electricity_handoff_router_seeded_v1/elec_handoff_q80_b15] [time_series][epoch 018] lambda=0.0800 g_scale=1.000 handoff=0 corr_scale=0.750 freeze_student=0 focus=0.1654 train_total=0.10951477 train_sup=0.08375731 train_imit=0.32183132 mean_w=0.0137 active=0.0146 s_dense=0.00 s_pos=0.1489 s_sel=0.0146 s_sel_pos=0.0981 s_hot_err=0.348033 s_bg_err=0.079842 s_gap=0.227062 conf_cos=0.0000 conf_proj=0.00 val_mse=0.16359356 val_mae=0.28602412 | p_pos=0.0000 p_dense=0.00 p_sel=0.0000 p_sel_pos=0.0000 p_hot_err=0.000000 p_bg_err=0.000000 p_gap=0.000000 peer_val_mse=0.15251986 peer_val_mae=0.23465736
[worker1/electricity_handoff_router_seeded_v1_gpu1] [time_series_electricity_handoff_router_seeded_v1/elec_handoff_q80_b15] [time_series][epoch 019] lambda=0.0800 g_scale=1.000 handoff=0 corr_scale=0.875 freeze_student=0 focus=0.1654 train_total=0.10910701 train_sup=0.08342552 train_imit=0.32087879 mean_w=0.0140 active=0.0157 s_dense=0.00 s_pos=0.1489 s_sel=0.0157 s_sel_pos=0.1051 s_hot_err=0.320415 s_bg_err=0.079657 s_gap=0.228694 conf_cos=0.0000 conf_proj=0.00 val_mse=0.16289713 val_mae=0.28540975 | p_pos=0.0000 p_dense=0.00 p_sel=0.0000 p_sel_pos=0.0000 p_hot_err=0.000000 p_bg_err=0.000000 p_gap=0.000000 peer_val_mse=0.15251986 peer_val_mae=0.23465736
[worker1/electricity_handoff_router_seeded_v1_gpu1] [time_series_electricity_handoff_router_seeded_v1/elec_handoff_q80_b15] [time_series][epoch 020] lambda=0.0800 g_scale=1.000 handoff=0 corr_scale=1.000 freeze_student=0 focus=0.1654 train_total=0.10876098 train_sup=0.08314841 train_imit=0.32001610 mean_w=0.0141 active=0.0163 s_dense=0.00 s_pos=0.1489 s_sel=0.0163 s_sel_pos=0.1097 s_hot_err=0.299580 s_bg_err=0.079554 s_gap=0.230861 conf_cos=0.0000 conf_proj=0.00 val_mse=0.16233092 val_mae=0.28488803 | p_pos=0.0000 p_dense=0.00 p_sel=0.0000 p_sel_pos=0.0000 p_hot_err=0.000000 p_bg_err=0.000000 p_gap=0.000000 peer_val_mse=0.15251986 peer_val_mae=0.23465736
[worker1/electricity_handoff_router_seeded_v1_gpu1] [time_series_electricity_handoff_router_seeded_v1/elec_handoff_q80_b15] [time_series][epoch 020] updated live plot
[worker1/electricity_handoff_router_seeded_v1_gpu1] [time_series_electricity_handoff_router_seeded_v1/elec_handoff_q80_b15] [time_series][epoch 021] lambda=0.0677 g_scale=0.847 handoff=0 corr_scale=1.000 freeze_student=0 focus=0.1654 train_total=0.10513526 train_sup=0.08341883 train_imit=0.32044297 mean_w=0.0147 active=0.0181 s_dense=0.00 s_pos=0.1489 s_sel=0.0181 s_sel_pos=0.1213 s_hot_err=0.306105 s_bg_err=0.079327 s_gap=0.225544 conf_cos=0.0000 conf_proj=0.00 val_mse=0.16312473 val_mae=0.28549755 | p_pos=0.0000 p_dense=0.00 p_sel=0.0000 p_sel_pos=0.0000 p_hot_err=0.000000 p_bg_err=0.000000 p_gap=0.000000 peer_val_mse=0.15251986 peer_val_mae=0.23465736
[worker1/electricity_handoff_router_seeded_v1_gpu1] [time_series_electricity_handoff_router_seeded_v1/elec_handoff_q80_b15] [time_series][epoch 022] lambda=0.0555 g_scale=0.693 handoff=0 corr_scale=1.000 freeze_student=0 focus=0.1654 train_total=0.10158188 train_sup=0.08375246 train_imit=0.32122422 mean_w=0.0152 active=0.0195 s_dense=0.00 s_pos=0.1489 s_sel=0.0195 s_sel_pos=0.1310 s_hot_err=0.317490 s_bg_err=0.079102 s_gap=0.219688 conf_cos=0.0000 conf_proj=0.00 val_mse=0.16410664 val_mae=0.28627098 | p_pos=0.0000 p_dense=0.00 p_sel=0.0000 p_sel_pos=0.0000 p_hot_err=0.000000 p_bg_err=0.000000 p_gap=0.000000 peer_val_mse=0.15251986 peer_val_mae=0.23465736
[worker1/electricity_handoff_router_seeded_v1_gpu1] [time_series_electricity_handoff_router_seeded_v1/elec_handoff_q80_b15] [time_series][epoch 023] lambda=0.0432 g_scale=0.540 handoff=0 corr_scale=1.000 freeze_student=0 focus=0.1654 train_total=0.09810094 train_sup=0.08416185 train_imit=0.32237207 mean_w=0.0158 active=0.0208 s_dense=0.00 s_pos=0.1489 s_sel=0.0208 s_sel_pos=0.1396 s_hot_err=0.333246 s_bg_err=0.078875 s_gap=0.213882 conf_cos=0.0000 conf_proj=0.00 val_mse=0.16507028 val_mae=0.28705431 | p_pos=0.0000 p_dense=0.00 p_sel=0.0000 p_sel_pos=0.0000 p_hot_err=0.000000 p_bg_err=0.000000 p_gap=0.000000 peer_val_mse=0.15251986 peer_val_mae=0.23465736
[worker1/electricity_handoff_router_seeded_v1_gpu1] [time_series_electricity_handoff_router_seeded_v1/elec_handoff_q80_b15] [time_series][epoch 024] lambda=0.0309 g_scale=0.387 handoff=0 corr_scale=1.000 freeze_student=0 focus=0.1654 train_total=0.09471151 train_sup=0.08467987 train_imit=0.32387701 mean_w=0.0163 active=0.0218 s_dense=0.00 s_pos=0.1489 s_sel=0.0218 s_sel_pos=0.1467 s_hot_err=0.355055 s_bg_err=0.078640 s_gap=0.207914 conf_cos=0.0000 conf_proj=0.00 val_mse=0.16651221 val_mae=0.28797348 | p_pos=0.0000 p_dense=0.00 p_sel=0.0000 p_sel_pos=0.0000 p_hot_err=0.000000 p_bg_err=0.000000 p_gap=0.000000 peer_val_mse=0.15251986 peer_val_mae=0.23465736
[worker1/electricity_handoff_router_seeded_v1_gpu1] [time_series_electricity_handoff_router_seeded_v1/elec_handoff_q80_b15] [time_series][epoch 025] lambda=0.0000 g_scale=0.000 handoff=1 corr_scale=0.000 freeze_student=0 focus=0.1654 train_total=0.08673802 train_sup=0.08672585 train_imit=0.32213134 mean_w=0.0152 active=0.0000 s_dense=0.00 s_pos=0.1489 s_sel=0.0000 s_sel_pos=0.0000 s_hot_err=0.000000 s_bg_err=0.086726 s_gap=0.000000 conf_cos=0.0000 conf_proj=0.00 val_mse=0.17238484 val_mae=0.29125488 | p_pos=0.0000 p_dense=0.00 p_sel=0.0000 p_sel_pos=0.0000 p_hot_err=0.000000 p_bg_err=0.000000 p_gap=0.000000 peer_val_mse=0.15251986 peer_val_mae=0.23465736
[worker1/electricity_handoff_router_seeded_v1_gpu1] [time_series_electricity_handoff_router_seeded_v1/elec_handoff_q80_b15] [time_series][epoch 026] lambda=0.0000 g_scale=0.000 handoff=1 corr_scale=0.000 freeze_student=0 focus=0.1654 train_total=0.08673555 train_sup=0.08672585 train_imit=0.32327870 mean_w=0.0121 active=0.0000 s_dense=0.00 s_pos=0.1489 s_sel=0.0000 s_sel_pos=0.0000 s_hot_err=0.000000 s_bg_err=0.086726 s_gap=0.000000 conf_cos=0.0000 conf_proj=0.00 val_mse=0.17238484 val_mae=0.29125488 | p_pos=0.0000 p_dense=0.00 p_sel=0.0000 p_sel_pos=0.0000 p_hot_err=0.000000 p_bg_err=0.000000 p_gap=0.000000 peer_val_mse=0.15251986 peer_val_mae=0.23465736
[worker1/electricity_handoff_router_seeded_v1_gpu1] [time_series_electricity_handoff_router_seeded_v1/elec_handoff_q80_b15] [time_series][epoch 027] lambda=0.0000 g_scale=0.000 handoff=1 corr_scale=0.000 freeze_student=0 focus=0.1654 train_total=0.08673298 train_sup=0.08672585 train_imit=0.33342517 mean_w=0.0089 active=0.0000 s_dense=0.00 s_pos=0.1489 s_sel=0.0000 s_sel_pos=0.0000 s_hot_err=0.000000 s_bg_err=0.086726 s_gap=0.000000 conf_cos=0.0000 conf_proj=0.00 val_mse=0.17238484 val_mae=0.29125488 | p_pos=0.0000 p_dense=0.00 p_sel=0.0000 p_sel_pos=0.0000 p_hot_err=0.000000 p_bg_err=0.000000 p_gap=0.000000 peer_val_mse=0.15251986 peer_val_mae=0.23465736
[worker1/electricity_handoff_router_seeded_v1_gpu1] [time_series_electricity_handoff_router_seeded_v1/elec_handoff_q80_b15] [time_series][epoch 028] lambda=0.0000 g_scale=0.000 handoff=1 corr_scale=0.000 freeze_student=0 focus=0.1654 train_total=0.08673091 train_sup=0.08672585 train_imit=0.34891023 mean_w=0.0063 active=0.0000 s_dense=0.00 s_pos=0.1489 s_sel=0.0000 s_sel_pos=0.0000 s_hot_err=0.000000 s_bg_err=0.086726 s_gap=0.000000 conf_cos=0.0000 conf_proj=0.00 val_mse=0.17238484 val_mae=0.29125488 | p_pos=0.0000 p_dense=0.00 p_sel=0.0000 p_sel_pos=0.0000 p_hot_err=0.000000 p_bg_err=0.000000 p_gap=0.000000 peer_val_mse=0.15251986 peer_val_mae=0.23465736
[worker1/electricity_handoff_router_seeded_v1_gpu1] [time_series_electricity_handoff_router_seeded_v1/elec_handoff_q80_b15] [time_series][epoch 029] lambda=0.0000 g_scale=0.000 handoff=1 corr_scale=0.000 freeze_student=0 focus=0.1654 train_total=0.08672948 train_sup=0.08672585 train_imit=0.36610586 mean_w=0.0045 active=0.0000 s_dense=0.00 s_pos=0.1489 s_sel=0.0000 s_sel_pos=0.0000 s_hot_err=0.000000 s_bg_err=0.086726 s_gap=0.000000 conf_cos=0.0000 conf_proj=0.00 val_mse=0.17238484 val_mae=0.29125488 | p_pos=0.0000 p_dense=0.00 p_sel=0.0000 p_sel_pos=0.0000 p_hot_err=0.000000 p_bg_err=0.000000 p_gap=0.000000 peer_val_mse=0.15251986 peer_val_mae=0.23465736
[worker1/electricity_handoff_router_seeded_v1_gpu1] [time_series_electricity_handoff_router_seeded_v1/elec_handoff_q80_b15] [time_series][epoch 030] lambda=0.0000 g_scale=0.000 handoff=1 corr_scale=0.000 freeze_student=0 focus=0.1654 train_total=0.08672851 train_sup=0.08672585 train_imit=0.38348462 mean_w=0.0033 active=0.0000 s_dense=0.00 s_pos=0.1489 s_sel=0.0000 s_sel_pos=0.0000 s_hot_err=0.000000 s_bg_err=0.086726 s_gap=0.000000 conf_cos=0.0000 conf_proj=0.00 val_mse=0.17238484 val_mae=0.29125488 | p_pos=0.0000 p_dense=0.00 p_sel=0.0000 p_sel_pos=0.0000 p_hot_err=0.000000 p_bg_err=0.000000 p_gap=0.000000 peer_val_mse=0.15251986 peer_val_mae=0.23465736
[worker1/electricity_handoff_router_seeded_v1_gpu1] [time_series_electricity_handoff_router_seeded_v1/elec_handoff_q80_b15] [time_series][epoch 030] updated live plot
[worker1/electricity_handoff_router_seeded_v1_gpu1] [time_series_electricity_handoff_router_seeded_v1/elec_handoff_q80_b15] [time_series][epoch 031] lambda=0.0000 g_scale=0.000 handoff=1 corr_scale=0.000 freeze_student=0 focus=0.1654 train_total=0.08672786 train_sup=0.08672585 train_imit=0.40058155 mean_w=0.0025 active=0.0000 s_dense=0.00 s_pos=0.1489 s_sel=0.0000 s_sel_pos=0.0000 s_hot_err=0.000000 s_bg_err=0.086726 s_gap=0.000000 conf_cos=0.0000 conf_proj=0.00 val_mse=0.17238484 val_mae=0.29125488 | p_pos=0.0000 p_dense=0.00 p_sel=0.0000 p_sel_pos=0.0000 p_hot_err=0.000000 p_bg_err=0.000000 p_gap=0.000000 peer_val_mse=0.15251986 peer_val_mae=0.23465736
[worker1/electricity_handoff_router_seeded_v1_gpu1] [time_series_electricity_handoff_router_seeded_v1/elec_handoff_q80_b15] [time_series][epoch 032] lambda=0.0000 g_scale=0.000 handoff=1 corr_scale=0.000 freeze_student=0 focus=0.1654 train_total=0.08672740 train_sup=0.08672585 train_imit=0.41730392 mean_w=0.0019 active=0.0000 s_dense=0.00 s_pos=0.1489 s_sel=0.0000 s_sel_pos=0.0000 s_hot_err=0.000000 s_bg_err=0.086726 s_gap=0.000000 conf_cos=0.0000 conf_proj=0.00 val_mse=0.17238484 val_mae=0.29125488 | p_pos=0.0000 p_dense=0.00 p_sel=0.0000 p_sel_pos=0.0000 p_hot_err=0.000000 p_bg_err=0.000000 p_gap=0.000000 peer_val_mse=0.15251986 peer_val_mae=0.23465736
[worker1/electricity_handoff_router_seeded_v1_gpu1] [time_series_electricity_handoff_router_seeded_v1/elec_handoff_q80_b15] [time_series][epoch 032] early stop: no val_mse improvement greater than 0.0001 for 12 epoch(s)
[worker1/electricity_handoff_router_seeded_v1_gpu1] [time_series_electricity_handoff_router_seeded_v1/elec_handoff_q80_b15] [time_series][epoch 032] updated live plot
[worker1/electricity_handoff_router_seeded_v1_gpu1] [time_series_electricity_handoff_router_seeded_v1/elec_handoff_q80_b15] [time_series][ssml_diag] gate_mode=peer_better_student_error score_transform=none window_score_k=1 smooth_k=1 expand_k=1 tail_start=0.00 residual_beta=1.000 ema_decay=0.000 weight_mode=score freeze_peer=True worse_only=False anchor_w=0.00000 imit_space=raw residual_space_k=9 conflict_proj=0 topk_scope=total max_sel=1.000 adaptive_dense_thr=1.100 positive_upper_q=1.000 guidance_schedule=warmup_then_decay handoff_end=24 correction_init_bias=0.000 correction_ramp=12->20 correction_freeze_student_epochs=0 correction_only=1 correction_tail_start=0.00 correction_regime_q=0.00 correction_focus_alpha=0.00 correction_peer_adv_q=0.80 correction_peer_adv_min=0.0008 correction_peer_adv_k=5 correction_budget_ratio=0.150 router_bins=[8, 16, 24] router_ema=0.750 trend_only=1 correction_feature_mode=trend_residual correction_regime=1 correction_decomp_k=9 correction_trend_scale=0.950 correction_residual_scale=0.000 first_active_epoch=13 best_before_active=0.17238484@1 best_after_active=0.16233092@20
[worker1/electricity_handoff_router_seeded_v1_gpu1] [time_series_electricity_handoff_router_seeded_v1/elec_handoff_q80_b15] [time_series] done
[worker1/electricity_handoff_router_seeded_v1_gpu1] [time_series_electricity_handoff_router_seeded_v1] done
[worker1/electricity_handoff_router_seeded_v1_gpu0] [time_series_electricity_handoff_router_seeded_v1/elec_handoff_q70_b20] [time_series][epoch 004] lambda=0.0000 g_scale=0.000 handoff=0 corr_scale=0.000 freeze_student=0 focus=0.2189 train_total=0.08650131 train_sup=0.08650128 train_imit=0.82094227 mean_w=0.0000 active=0.0000 s_dense=0.00 s_pos=0.1963 s_sel=0.0000 s_sel_pos=0.0000 s_hot_err=0.000000 s_bg_err=0.086501 s_gap=0.000000 conf_cos=0.0000 conf_proj=0.00 val_mse=0.17480778 val_mae=0.29172259 | p_pos=0.0000 p_dense=0.00 p_sel=0.0000 p_sel_pos=0.0000 p_hot_err=0.000000 p_bg_err=0.000000 p_gap=0.000000 peer_val_mse=0.15275371 peer_val_mae=0.23364596
[worker1/electricity_handoff_router_seeded_v1_gpu0] [time_series_electricity_handoff_router_seeded_v1/elec_handoff_q70_b20] [time_series][epoch 005] lambda=0.0000 g_scale=0.000 handoff=0 corr_scale=0.000 freeze_student=0 focus=0.2189 train_total=0.08650130 train_sup=0.08650128 train_imit=0.84942094 mean_w=0.0000 active=0.0000 s_dense=0.00 s_pos=0.1963 s_sel=0.0000 s_sel_pos=0.0000 s_hot_err=0.000000 s_bg_err=0.086501 s_gap=0.000000 conf_cos=0.0000 conf_proj=0.00 val_mse=0.17480778 val_mae=0.29172259 | p_pos=0.0000 p_dense=0.00 p_sel=0.0000 p_sel_pos=0.0000 p_hot_err=0.000000 p_bg_err=0.000000 p_gap=0.000000 peer_val_mse=0.15275371 peer_val_mae=0.23364596
[worker1/electricity_handoff_router_seeded_v1_gpu0] [time_series_electricity_handoff_router_seeded_v1/elec_handoff_q70_b20] [time_series][epoch 006] lambda=0.0000 g_scale=0.000 handoff=0 corr_scale=0.000 freeze_student=0 focus=0.2189 train_total=0.08650129 train_sup=0.08650128 train_imit=0.87286731 mean_w=0.0000 active=0.0000 s_dense=0.00 s_pos=0.1963 s_sel=0.0000 s_sel_pos=0.0000 s_hot_err=0.000000 s_bg_err=0.086501 s_gap=0.000000 conf_cos=0.0000 conf_proj=0.00 val_mse=0.17480778 val_mae=0.29172259 | p_pos=0.0000 p_dense=0.00 p_sel=0.0000 p_sel_pos=0.0000 p_hot_err=0.000000 p_bg_err=0.000000 p_gap=0.000000 peer_val_mse=0.15275371 peer_val_mae=0.23364596
[worker1/electricity_handoff_router_seeded_v1_gpu0] [time_series_electricity_handoff_router_seeded_v1/elec_handoff_q70_b20] [time_series][epoch 007] lambda=0.0000 g_scale=0.000 handoff=0 corr_scale=0.000 freeze_student=0 focus=0.2189 train_total=0.08650129 train_sup=0.08650128 train_imit=0.89326267 mean_w=0.0000 active=0.0000 s_dense=0.00 s_pos=0.1963 s_sel=0.0000 s_sel_pos=0.0000 s_hot_err=0.000000 s_bg_err=0.086501 s_gap=0.000000 conf_cos=0.0000 conf_proj=0.00 val_mse=0.17480778 val_mae=0.29172259 | p_pos=0.0000 p_dense=0.00 p_sel=0.0000 p_sel_pos=0.0000 p_hot_err=0.000000 p_bg_err=0.000000 p_gap=0.000000 peer_val_mse=0.15275371 peer_val_mae=0.23364596
[worker1/electricity_handoff_router_seeded_v1_gpu0] [time_series_electricity_handoff_router_seeded_v1/elec_handoff_q70_b20] [time_series][epoch 008] lambda=0.0000 g_scale=0.000 handoff=0 corr_scale=0.000 freeze_student=0 focus=0.2189 train_total=0.08650129 train_sup=0.08650128 train_imit=0.91119796 mean_w=0.0000 active=0.0000 s_dense=0.00 s_pos=0.1963 s_sel=0.0000 s_sel_pos=0.0000 s_hot_err=0.000000 s_bg_err=0.086501 s_gap=0.000000 conf_cos=0.0000 conf_proj=0.00 val_mse=0.17480778 val_mae=0.29172259 | p_pos=0.0000 p_dense=0.00 p_sel=0.0000 p_sel_pos=0.0000 p_hot_err=0.000000 p_bg_err=0.000000 p_gap=0.000000 peer_val_mse=0.15275371 peer_val_mae=0.23364596
[worker1/electricity_handoff_router_seeded_v1_gpu0] [time_series_electricity_handoff_router_seeded_v1/elec_handoff_q70_b20] [time_series][epoch 009] lambda=0.1200 g_scale=1.000 handoff=0 corr_scale=0.125 freeze_student=0 focus=0.2189 train_total=0.13784582 train_sup=0.08612973 train_imit=0.43087853 mean_w=0.0107 active=0.0005 s_dense=0.00 s_pos=0.1963 s_sel=0.0005 s_sel_pos=0.0025 s_hot_err=2.301141 s_bg_err=0.085133 s_gap=0.677617 conf_cos=0.0000 conf_proj=0.00 val_mse=0.17239112 val_mae=0.29064776 | p_pos=0.0000 p_dense=0.00 p_sel=0.0000 p_sel_pos=0.0000 p_hot_err=0.000000 p_bg_err=0.000000 p_gap=0.000000 peer_val_mse=0.15275371 peer_val_mae=0.23364596
[worker1/electricity_handoff_router_seeded_v1_gpu0] [time_series_electricity_handoff_router_seeded_v1/elec_handoff_q70_b20] [time_series][epoch 010] lambda=0.1200 g_scale=1.000 handoff=0 corr_scale=0.250 freeze_student=0 focus=0.2189 train_total=0.13351403 train_sup=0.08520747 train_imit=0.40243797 mean_w=0.0140 active=0.0026 s_dense=0.00 s_pos=0.1963 s_sel=0.0026 s_sel_pos=0.0134 s_hot_err=1.108187 s_bg_err=0.082734 s_gap=0.542674 conf_cos=0.0000 conf_proj=0.00 val_mse=0.16964448 val_mae=0.28897165 | p_pos=0.0000 p_dense=0.00 p_sel=0.0000 p_sel_pos=0.0000 p_hot_err=0.000000 p_bg_err=0.000000 p_gap=0.000000 peer_val_mse=0.15275371 peer_val_mae=0.23364596
[worker1/electricity_handoff_router_seeded_v1_gpu0] [time_series_electricity_handoff_router_seeded_v1/elec_handoff_q70_b20] [time_series][epoch 010] updated live plot
[worker1/electricity_handoff_router_seeded_v1_gpu0] [time_series_electricity_handoff_router_seeded_v1/elec_handoff_q70_b20] [time_series][epoch 011] lambda=0.1200 g_scale=1.000 handoff=0 corr_scale=0.375 freeze_student=0 focus=0.2189 train_total=0.13177003 train_sup=0.08421117 train_imit=0.39617932 mean_w=0.0173 active=0.0077 s_dense=0.00 s_pos=0.1963 s_sel=0.0077 s_sel_pos=0.0390 s_hot_err=0.531096 s_bg_err=0.080837 s_gap=0.329372 conf_cos=0.0000 conf_proj=0.00 val_mse=0.16695023 val_mae=0.28711925 | p_pos=0.0000 p_dense=0.00 p_sel=0.0000 p_sel_pos=0.0000 p_hot_err=0.000000 p_bg_err=0.000000 p_gap=0.000000 peer_val_mse=0.15275371 peer_val_mae=0.23364596
[worker1/electricity_handoff_router_seeded_v1_gpu0] [time_series_electricity_handoff_router_seeded_v1/elec_handoff_q70_b20] [time_series][epoch 012] lambda=0.1200 g_scale=1.000 handoff=0 corr_scale=0.500 freeze_student=0 focus=0.2189 train_total=0.13049354 train_sup=0.08333743 train_imit=0.39280383 mean_w=0.0197 active=0.0128 s_dense=0.00 s_pos=0.1963 s_sel=0.0128 s_sel_pos=0.0650 s_hot_err=0.382338 s_bg_err=0.079499 s_gap=0.281787 conf_cos=0.0000 conf_proj=0.00 val_mse=0.16500575 val_mae=0.28554509 | p_pos=0.0000 p_dense=0.00 p_sel=0.0000 p_sel_pos=0.0000 p_hot_err=0.000000 p_bg_err=0.000000 p_gap=0.000000 peer_val_mse=0.15275371 peer_val_mae=0.23364596
[worker1/electricity_handoff_router_seeded_v1_gpu0] [time_series_electricity_handoff_router_seeded_v1/elec_handoff_q70_b20] [time_series][epoch 013] lambda=0.1200 g_scale=1.000 handoff=0 corr_scale=0.625 freeze_student=0 focus=0.2189 train_total=0.12946338 train_sup=0.08261229 train_imit=0.39024956 mean_w=0.0211 active=0.0168 s_dense=0.00 s_pos=0.1963 s_sel=0.0168 s_sel_pos=0.0857 s_hot_err=0.316285 s_bg_err=0.078624 s_gap=0.262380 conf_cos=0.0000 conf_proj=0.00 val_mse=0.16378133 val_mae=0.28425236 | p_pos=0.0000 p_dense=0.00 p_sel=0.0000 p_sel_pos=0.0000 p_hot_err=0.000000 p_bg_err=0.000000 p_gap=0.000000 peer_val_mse=0.15275371 peer_val_mae=0.23364596
[worker1/electricity_handoff_router_seeded_v1_gpu0] [time_series_electricity_handoff_router_seeded_v1/elec_handoff_q70_b20] [time_series][epoch 014] lambda=0.1200 g_scale=1.000 handoff=0 corr_scale=0.750 freeze_student=0 focus=0.2189 train_total=0.12858587 train_sup=0.08200793 train_imit=0.38796491 mean_w=0.0222 active=0.0200 s_dense=0.00 s_pos=0.1963 s_sel=0.0200 s_sel_pos=0.1018 s_hot_err=0.274971 s_bg_err=0.078079 s_gap=0.251113 conf_cos=0.0000 conf_proj=0.00 val_mse=0.16221562 val_mae=0.28284849 | p_pos=0.0000 p_dense=0.00 p_sel=0.0000 p_sel_pos=0.0000 p_hot_err=0.000000 p_bg_err=0.000000 p_gap=0.000000 peer_val_mse=0.15275371 peer_val_mae=0.23364596
[worker1/electricity_handoff_router_seeded_v1_gpu0] [time_series_electricity_handoff_router_seeded_v1/elec_handoff_q70_b20] [time_series][epoch 015] lambda=0.1200 g_scale=1.000 handoff=0 corr_scale=0.875 freeze_student=0 focus=0.2189 train_total=0.12785108 train_sup=0.08151746 train_imit=0.38592323 mean_w=0.0228 active=0.0224 s_dense=0.00 s_pos=0.1963 s_sel=0.0224 s_sel_pos=0.1140 s_hot_err=0.244648 s_bg_err=0.077788 s_gap=0.242076 conf_cos=0.0000 conf_proj=0.00 val_mse=0.16136209 val_mae=0.28192192 | p_pos=0.0000 p_dense=0.00 p_sel=0.0000 p_sel_pos=0.0000 p_hot_err=0.000000 p_bg_err=0.000000 p_gap=0.000000 peer_val_mse=0.15275371 peer_val_mae=0.23364596
[worker1/electricity_handoff_router_seeded_v1_gpu0] [time_series_electricity_handoff_router_seeded_v1/elec_handoff_q70_b20] [time_series][epoch 016] lambda=0.1200 g_scale=1.000 handoff=0 corr_scale=1.000 freeze_student=0 focus=0.2189 train_total=0.12725369 train_sup=0.08113697 train_imit=0.38411263 mean_w=0.0232 active=0.0240 s_dense=0.00 s_pos=0.1963 s_sel=0.0240 s_sel_pos=0.1223 s_hot_err=0.222278 s_bg_err=0.077669 s_gap=0.235953 conf_cos=0.0000 conf_proj=0.00 val_mse=0.16048709 val_mae=0.28083240 | p_pos=0.0000 p_dense=0.00 p_sel=0.0000 p_sel_pos=0.0000 p_hot_err=0.000000 p_bg_err=0.000000 p_gap=0.000000 peer_val_mse=0.15275371 peer_val_mae=0.23364596
[worker1/electricity_handoff_router_seeded_v1_gpu0] [time_series_electricity_handoff_router_seeded_v1/elec_handoff_q70_b20] [time_series][epoch 017] lambda=0.1010 g_scale=0.842 handoff=0 corr_scale=1.000 freeze_student=0 focus=0.2189 train_total=0.12039761 train_sup=0.08161383 train_imit=0.38375951 mean_w=0.0241 active=0.0272 s_dense=0.00 s_pos=0.1963 s_sel=0.0272 s_sel_pos=0.1386 s_hot_err=0.228118 s_bg_err=0.077520 s_gap=0.227518 conf_cos=0.0000 conf_proj=0.00 val_mse=0.16164409 val_mae=0.28200959 | p_pos=0.0000 p_dense=0.00 p_sel=0.0000 p_sel_pos=0.0000 p_hot_err=0.000000 p_bg_err=0.000000 p_gap=0.000000 peer_val_mse=0.15275371 peer_val_mae=0.23364596
[worker1/electricity_handoff_router_seeded_v1_gpu0] [time_series_electricity_handoff_router_seeded_v1/elec_handoff_q70_b20] [time_series][epoch 018] lambda=0.0820 g_scale=0.683 handoff=0 corr_scale=1.000 freeze_student=0 focus=0.2189 train_total=0.11366352 train_sup=0.08214079 train_imit=0.38411984 mean_w=0.0249 active=0.0302 s_dense=0.00 s_pos=0.1963 s_sel=0.0302 s_sel_pos=0.1536 s_hot_err=0.238247 s_bg_err=0.077289 s_gap=0.220947 conf_cos=0.0000 conf_proj=0.00 val_mse=0.16316182 val_mae=0.28333068 | p_pos=0.0000 p_dense=0.00 p_sel=0.0000 p_sel_pos=0.0000 p_hot_err=0.000000 p_bg_err=0.000000 p_gap=0.000000 peer_val_mse=0.15275371 peer_val_mae=0.23364596
[worker1/electricity_handoff_router_seeded_v1_gpu0] [time_series_electricity_handoff_router_seeded_v1/elec_handoff_q70_b20] [time_series][epoch 019] lambda=0.0630 g_scale=0.525 handoff=0 corr_scale=1.000 freeze_student=0 focus=0.2189 train_total=0.10707101 train_sup=0.08279006 train_imit=0.38500318 mean_w=0.0257 active=0.0328 s_dense=0.00 s_pos=0.1963 s_sel=0.0328 s_sel_pos=0.1671 s_hot_err=0.252640 s_bg_err=0.077029 s_gap=0.215583 conf_cos=0.0000 conf_proj=0.00 val_mse=0.16480081 val_mae=0.28487702 | p_pos=0.0000 p_dense=0.00 p_sel=0.0000 p_sel_pos=0.0000 p_hot_err=0.000000 p_bg_err=0.000000 p_gap=0.000000 peer_val_mse=0.15275371 peer_val_mae=0.23364596
[worker1/electricity_handoff_router_seeded_v1_gpu0] [time_series_electricity_handoff_router_seeded_v1/elec_handoff_q70_b20] [time_series][epoch 020] lambda=0.0440 g_scale=0.367 handoff=0 corr_scale=1.000 freeze_student=0 focus=0.2189 train_total=0.10063513 train_sup=0.08360621 train_imit=0.38641672 mean_w=0.0266 active=0.0350 s_dense=0.00 s_pos=0.1963 s_sel=0.0350 s_sel_pos=0.1785 s_hot_err=0.272952 s_bg_err=0.076729 s_gap=0.211691 conf_cos=0.0000 conf_proj=0.00 val_mse=0.16661521 val_mae=0.28633289 | p_pos=0.0000 p_dense=0.00 p_sel=0.0000 p_sel_pos=0.0000 p_hot_err=0.000000 p_bg_err=0.000000 p_gap=0.000000 peer_val_mse=0.15275371 peer_val_mae=0.23364596
[worker1/electricity_handoff_router_seeded_v1_gpu0] [time_series_electricity_handoff_router_seeded_v1/elec_handoff_q70_b20] [time_series][epoch 020] updated live plot
[worker1/electricity_handoff_router_seeded_v1_gpu0] [time_series_electricity_handoff_router_seeded_v1/elec_handoff_q70_b20] [time_series][epoch 021] lambda=0.0000 g_scale=0.000 handoff=1 corr_scale=0.000 freeze_student=0 focus=0.2189 train_total=0.08652395 train_sup=0.08650128 train_imit=0.38475739 mean_w=0.0227 active=0.0000 s_dense=0.00 s_pos=0.1963 s_sel=0.0000 s_sel_pos=0.0000 s_hot_err=0.000000 s_bg_err=0.086501 s_gap=0.000000 conf_cos=0.0000 conf_proj=0.00 val_mse=0.17480778 val_mae=0.29172259 | p_pos=0.0000 p_dense=0.00 p_sel=0.0000 p_sel_pos=0.0000 p_hot_err=0.000000 p_bg_err=0.000000 p_gap=0.000000 peer_val_mse=0.15275371 peer_val_mae=0.23364596
[worker1/electricity_handoff_router_seeded_v1_gpu0] [time_series_electricity_handoff_router_seeded_v1/elec_handoff_q70_b20] [time_series][epoch 022] lambda=0.0000 g_scale=0.000 handoff=1 corr_scale=0.000 freeze_student=0 focus=0.2189 train_total=0.08651602 train_sup=0.08650128 train_imit=0.39769597 mean_w=0.0147 active=0.0000 s_dense=0.00 s_pos=0.1963 s_sel=0.0000 s_sel_pos=0.0000 s_hot_err=0.000000 s_bg_err=0.086501 s_gap=0.000000 conf_cos=0.0000 conf_proj=0.00 val_mse=0.17480778 val_mae=0.29172259 | p_pos=0.0000 p_dense=0.00 p_sel=0.0000 p_sel_pos=0.0000 p_hot_err=0.000000 p_bg_err=0.000000 p_gap=0.000000 peer_val_mse=0.15275371 peer_val_mae=0.23364596
[worker1/electricity_handoff_router_seeded_v1_gpu0] [time_series_electricity_handoff_router_seeded_v1/elec_handoff_q70_b20] [time_series][epoch 023] lambda=0.0000 g_scale=0.000 handoff=1 corr_scale=0.000 freeze_student=0 focus=0.2189 train_total=0.08651063 train_sup=0.08650128 train_imit=0.42421655 mean_w=0.0093 active=0.0000 s_dense=0.00 s_pos=0.1963 s_sel=0.0000 s_sel_pos=0.0000 s_hot_err=0.000000 s_bg_err=0.086501 s_gap=0.000000 conf_cos=0.0000 conf_proj=0.00 val_mse=0.17480778 val_mae=0.29172259 | p_pos=0.0000 p_dense=0.00 p_sel=0.0000 p_sel_pos=0.0000 p_hot_err=0.000000 p_bg_err=0.000000 p_gap=0.000000 peer_val_mse=0.15275371 peer_val_mae=0.23364596
[worker1/electricity_handoff_router_seeded_v1_gpu0] [time_series_electricity_handoff_router_seeded_v1/elec_handoff_q70_b20] [time_series][epoch 024] lambda=0.0000 g_scale=0.000 handoff=1 corr_scale=0.000 freeze_student=0 focus=0.2189 train_total=0.08650755 train_sup=0.08650128 train_imit=0.45281740 mean_w=0.0063 active=0.0000 s_dense=0.00 s_pos=0.1963 s_sel=0.0000 s_sel_pos=0.0000 s_hot_err=0.000000 s_bg_err=0.086501 s_gap=0.000000 conf_cos=0.0000 conf_proj=0.00 val_mse=0.17480778 val_mae=0.29172259 | p_pos=0.0000 p_dense=0.00 p_sel=0.0000 p_sel_pos=0.0000 p_hot_err=0.000000 p_bg_err=0.000000 p_gap=0.000000 peer_val_mse=0.15275371 peer_val_mae=0.23364596
[worker1/electricity_handoff_router_seeded_v1_gpu0] [time_series_electricity_handoff_router_seeded_v1/elec_handoff_q70_b20] [time_series][epoch 025] lambda=0.0000 g_scale=0.000 handoff=1 corr_scale=0.000 freeze_student=0 focus=0.2189 train_total=0.08650574 train_sup=0.08650128 train_imit=0.48017093 mean_w=0.0045 active=0.0000 s_dense=0.00 s_pos=0.1963 s_sel=0.0000 s_sel_pos=0.0000 s_hot_err=0.000000 s_bg_err=0.086501 s_gap=0.000000 conf_cos=0.0000 conf_proj=0.00 val_mse=0.17480778 val_mae=0.29172259 | p_pos=0.0000 p_dense=0.00 p_sel=0.0000 p_sel_pos=0.0000 p_hot_err=0.000000 p_bg_err=0.000000 p_gap=0.000000 peer_val_mse=0.15275371 peer_val_mae=0.23364596
[worker1/electricity_handoff_router_seeded_v1_gpu0] [time_series_electricity_handoff_router_seeded_v1/elec_handoff_q70_b20] [time_series][epoch 026] lambda=0.0000 g_scale=0.000 handoff=1 corr_scale=0.000 freeze_student=0 focus=0.2189 train_total=0.08650460 train_sup=0.08650128 train_imit=0.50584953 mean_w=0.0033 active=0.0000 s_dense=0.00 s_pos=0.1963 s_sel=0.0000 s_sel_pos=0.0000 s_hot_err=0.000000 s_bg_err=0.086501 s_gap=0.000000 conf_cos=0.0000 conf_proj=0.00 val_mse=0.17480778 val_mae=0.29172259 | p_pos=0.0000 p_dense=0.00 p_sel=0.0000 p_sel_pos=0.0000 p_hot_err=0.000000 p_bg_err=0.000000 p_gap=0.000000 peer_val_mse=0.15275371 peer_val_mae=0.23364596
[worker1/electricity_handoff_router_seeded_v1_gpu0] [time_series_electricity_handoff_router_seeded_v1/elec_handoff_q70_b20] [time_series][epoch 027] lambda=0.0000 g_scale=0.000 handoff=1 corr_scale=0.000 freeze_student=0 focus=0.2189 train_total=0.08650383 train_sup=0.08650128 train_imit=0.53010619 mean_w=0.0025 active=0.0000 s_dense=0.00 s_pos=0.1963 s_sel=0.0000 s_sel_pos=0.0000 s_hot_err=0.000000 s_bg_err=0.086501 s_gap=0.000000 conf_cos=0.0000 conf_proj=0.00 val_mse=0.17480778 val_mae=0.29172259 | p_pos=0.0000 p_dense=0.00 p_sel=0.0000 p_sel_pos=0.0000 p_hot_err=0.000000 p_bg_err=0.000000 p_gap=0.000000 peer_val_mse=0.15275371 peer_val_mae=0.23364596
[worker1/electricity_handoff_router_seeded_v1_gpu0] [time_series_electricity_handoff_router_seeded_v1/elec_handoff_q70_b20] [time_series][epoch 028] lambda=0.0000 g_scale=0.000 handoff=1 corr_scale=0.000 freeze_student=0 focus=0.2189 train_total=0.08650328 train_sup=0.08650128 train_imit=0.55310648 mean_w=0.0020 active=0.0000 s_dense=0.00 s_pos=0.1963 s_sel=0.0000 s_sel_pos=0.0000 s_hot_err=0.000000 s_bg_err=0.086501 s_gap=0.000000 conf_cos=0.0000 conf_proj=0.00 val_mse=0.17480778 val_mae=0.29172259 | p_pos=0.0000 p_dense=0.00 p_sel=0.0000 p_sel_pos=0.0000 p_hot_err=0.000000 p_bg_err=0.000000 p_gap=0.000000 peer_val_mse=0.15275371 peer_val_mae=0.23364596
[worker1/electricity_handoff_router_seeded_v1_gpu0] [time_series_electricity_handoff_router_seeded_v1/elec_handoff_q70_b20] [time_series][epoch 029] lambda=0.0000 g_scale=0.000 handoff=1 corr_scale=0.000 freeze_student=0 focus=0.2189 train_total=0.08650288 train_sup=0.08650128 train_imit=0.57508526 mean_w=0.0016 active=0.0000 s_dense=0.00 s_pos=0.1963 s_sel=0.0000 s_sel_pos=0.0000 s_hot_err=0.000000 s_bg_err=0.086501 s_gap=0.000000 conf_cos=0.0000 conf_proj=0.00 val_mse=0.17480778 val_mae=0.29172259 | p_pos=0.0000 p_dense=0.00 p_sel=0.0000 p_sel_pos=0.0000 p_hot_err=0.000000 p_bg_err=0.000000 p_gap=0.000000 peer_val_mse=0.15275371 peer_val_mae=0.23364596
[worker1/electricity_handoff_router_seeded_v1_gpu0] [time_series_electricity_handoff_router_seeded_v1/elec_handoff_q70_b20] [time_series][epoch 029] early stop: no val_mse improvement greater than 0.0001 for 12 epoch(s)
[worker1/electricity_handoff_router_seeded_v1_gpu0] [time_series_electricity_handoff_router_seeded_v1/elec_handoff_q70_b20] [time_series][epoch 029] updated live plot
[worker1/electricity_handoff_router_seeded_v1_gpu0] [time_series_electricity_handoff_router_seeded_v1/elec_handoff_q70_b20] [time_series][ssml_diag] gate_mode=peer_better_student_error score_transform=none window_score_k=1 smooth_k=1 expand_k=1 tail_start=0.00 residual_beta=1.000 ema_decay=0.000 weight_mode=score freeze_peer=True worse_only=False anchor_w=0.00000 imit_space=raw residual_space_k=9 conflict_proj=0 topk_scope=total max_sel=1.000 adaptive_dense_thr=1.100 positive_upper_q=1.000 guidance_schedule=warmup_then_decay handoff_end=20 correction_init_bias=0.000 correction_ramp=8->16 correction_freeze_student_epochs=0 correction_only=1 correction_tail_start=0.00 correction_regime_q=0.00 correction_focus_alpha=0.00 correction_peer_adv_q=0.70 correction_peer_adv_min=0.0003 correction_peer_adv_k=3 correction_budget_ratio=0.200 router_bins=[8, 16, 24] router_ema=0.650 trend_only=1 correction_feature_mode=trend_residual correction_regime=1 correction_decomp_k=9 correction_trend_scale=1.050 correction_residual_scale=0.000 first_active_epoch=9 best_before_active=0.17480778@1 best_after_active=0.16048709@16
[worker1/electricity_handoff_router_seeded_v1_gpu0] [time_series_electricity_handoff_router_seeded_v1/elec_handoff_q70_b20] [time_series] done
[worker1/electricity_handoff_router_seeded_v1_gpu0] [time_series_electricity_handoff_router_seeded_v1/elec_handoff_q70_b20] [time_series] dataset=electricity pair=transformer:dlinear method=ssml seed=1 pred_len=24
[worker1/electricity_handoff_router_seeded_v1_gpu0] [time_series_electricity_handoff_router_seeded_v1/elec_handoff_q70_b20] [time_series] loaded init_checkpoint=results/time_series_electricity_followup_v1/best_known/time_series/electricity/transformer_independent_mse_seed1/model.pt
[worker1/electricity_handoff_router_seeded_v1_gpu0] [time_series_electricity_handoff_router_seeded_v1/elec_handoff_q70_b20] [time_series] loaded peer_init_checkpoint=results/time_series_electricity_followup_v1/best_known/time_series/electricity/dlinear_independent_mse_seed1/model.pt
[worker1/electricity_handoff_router_seeded_v1_gpu0] [time_series_electricity_handoff_router_seeded_v1/elec_handoff_q70_b20] [time_series] run_dir=results/time_series_electricity_handoff_router_seeded_v1/worker1_gpu0/elec_handoff_q70_b20/time_series/electricity/transformer__dlinear_ssml_mse_seed1
[worker1/electricity_handoff_router_seeded_v1_gpu0] [time_series_electricity_handoff_router_seeded_v1/elec_handoff_q70_b20] [time_series] params=1090
[worker1/electricity_handoff_router_seeded_v1_gpu0] [time_series_electricity_handoff_router_seeded_v1/elec_handoff_q70_b20] [time_series] correction_gate_params=1090
[worker1/electricity_handoff_router_seeded_v1_gpu0] [time_series_electricity_handoff_router_seeded_v1/elec_handoff_q70_b20] [time_series][epoch 001] lambda=0.0000 g_scale=0.000 handoff=0 corr_scale=0.000 freeze_student=0 focus=0.2192 train_total=0.08658612 train_sup=0.08658194 train_imit=0.64948974 mean_w=0.0042 active=0.0000 s_dense=0.00 s_pos=0.1966 s_sel=0.0000 s_sel_pos=0.0000 s_hot_err=0.000000 s_bg_err=0.086582 s_gap=0.000000 conf_cos=0.0000 conf_proj=0.00 val_mse=0.17482597 val_mae=0.29085631 | p_pos=0.0000 p_dense=0.00 p_sel=0.0000 p_sel_pos=0.0000 p_hot_err=0.000000 p_bg_err=0.000000 p_gap=0.000000 peer_val_mse=0.15275041 peer_val_mae=0.23311068
[worker1/electricity_handoff_router_seeded_v1_gpu0] [time_series_electricity_handoff_router_seeded_v1/elec_handoff_q70_b20] [time_series][epoch 002] lambda=0.0000 g_scale=0.000 handoff=0 corr_scale=0.000 freeze_student=0 focus=0.2192 train_total=0.08658213 train_sup=0.08658194 train_imit=0.73812408 mean_w=0.0002 active=0.0000 s_dense=0.00 s_pos=0.1966 s_sel=0.0000 s_sel_pos=0.0000 s_hot_err=0.000000 s_bg_err=0.086582 s_gap=0.000000 conf_cos=0.0000 conf_proj=0.00 val_mse=0.17482597 val_mae=0.29085631 | p_pos=0.0000 p_dense=0.00 p_sel=0.0000 p_sel_pos=0.0000 p_hot_err=0.000000 p_bg_err=0.000000 p_gap=0.000000 peer_val_mse=0.15275041 peer_val_mae=0.23311068
[worker1/electricity_handoff_router_seeded_v1_gpu0] [time_series_electricity_handoff_router_seeded_v1/elec_handoff_q70_b20] [time_series][epoch 003] lambda=0.0000 g_scale=0.000 handoff=0 corr_scale=0.000 freeze_student=0 focus=0.2192 train_total=0.08658201 train_sup=0.08658194 train_imit=0.81642644 mean_w=0.0001 active=0.0000 s_dense=0.00 s_pos=0.1966 s_sel=0.0000 s_sel_pos=0.0000 s_hot_err=0.000000 s_bg_err=0.086582 s_gap=0.000000 conf_cos=0.0000 conf_proj=0.00 val_mse=0.17482597 val_mae=0.29085631 | p_pos=0.0000 p_dense=0.00 p_sel=0.0000 p_sel_pos=0.0000 p_hot_err=0.000000 p_bg_err=0.000000 p_gap=0.000000 peer_val_mse=0.15275041 peer_val_mae=0.23311068
[worker1/electricity_handoff_router_seeded_v1_gpu0] [time_series_electricity_handoff_router_seeded_v1/elec_handoff_q70_b20] [time_series][epoch 004] lambda=0.0000 g_scale=0.000 handoff=0 corr_scale=0.000 freeze_student=0 focus=0.2192 train_total=0.08658198 train_sup=0.08658194 train_imit=0.87979371 mean_w=0.0000 active=0.0000 s_dense=0.00 s_pos=0.1966 s_sel=0.0000 s_sel_pos=0.0000 s_hot_err=0.000000 s_bg_err=0.086582 s_gap=0.000000 conf_cos=0.0000 conf_proj=0.00 val_mse=0.17482597 val_mae=0.29085631 | p_pos=0.0000 p_dense=0.00 p_sel=0.0000 p_sel_pos=0.0000 p_hot_err=0.000000 p_bg_err=0.000000 p_gap=0.000000 peer_val_mse=0.15275041 peer_val_mae=0.23311068
[worker1/electricity_handoff_router_seeded_v1_gpu0] [time_series_electricity_handoff_router_seeded_v1/elec_handoff_q70_b20] [time_series][epoch 005] lambda=0.0000 g_scale=0.000 handoff=0 corr_scale=0.000 freeze_student=0 focus=0.2192 train_total=0.08658196 train_sup=0.08658194 train_imit=0.93342634 mean_w=0.0000 active=0.0000 s_dense=0.00 s_pos=0.1966 s_sel=0.0000 s_sel_pos=0.0000 s_hot_err=0.000000 s_bg_err=0.086582 s_gap=0.000000 conf_cos=0.0000 conf_proj=0.00 val_mse=0.17482597 val_mae=0.29085631 | p_pos=0.0000 p_dense=0.00 p_sel=0.0000 p_sel_pos=0.0000 p_hot_err=0.000000 p_bg_err=0.000000 p_gap=0.000000 peer_val_mse=0.15275041 peer_val_mae=0.23311068
[worker1/electricity_handoff_router_seeded_v1_gpu0] [time_series_electricity_handoff_router_seeded_v1/elec_handoff_q70_b20] [time_series][epoch 006] lambda=0.0000 g_scale=0.000 handoff=0 corr_scale=0.000 freeze_student=0 focus=0.2192 train_total=0.08658195 train_sup=0.08658194 train_imit=0.97917396 mean_w=0.0000 active=0.0000 s_dense=0.00 s_pos=0.1966 s_sel=0.0000 s_sel_pos=0.0000 s_hot_err=0.000000 s_bg_err=0.086582 s_gap=0.000000 conf_cos=0.0000 conf_proj=0.00 val_mse=0.17482597 val_mae=0.29085631 | p_pos=0.0000 p_dense=0.00 p_sel=0.0000 p_sel_pos=0.0000 p_hot_err=0.000000 p_bg_err=0.000000 p_gap=0.000000 peer_val_mse=0.15275041 peer_val_mae=0.23311068
[worker1/electricity_handoff_router_seeded_v1_gpu0] [time_series_electricity_handoff_router_seeded_v1/elec_handoff_q70_b20] [time_series][epoch 007] lambda=0.0000 g_scale=0.000 handoff=0 corr_scale=0.000 freeze_student=0 focus=0.2192 train_total=0.08658195 train_sup=0.08658194 train_imit=1.01796078 mean_w=0.0000 active=0.0000 s_dense=0.00 s_pos=0.1966 s_sel=0.0000 s_sel_pos=0.0000 s_hot_err=0.000000 s_bg_err=0.086582 s_gap=0.000000 conf_cos=0.0000 conf_proj=0.00 val_mse=0.17482597 val_mae=0.29085631 | p_pos=0.0000 p_dense=0.00 p_sel=0.0000 p_sel_pos=0.0000 p_hot_err=0.000000 p_bg_err=0.000000 p_gap=0.000000 peer_val_mse=0.15275041 peer_val_mae=0.23311068
[worker1/electricity_handoff_router_seeded_v1_gpu0] [time_series_electricity_handoff_router_seeded_v1/elec_handoff_q70_b20] [time_series][epoch 008] lambda=0.0000 g_scale=0.000 handoff=0 corr_scale=0.000 freeze_student=0 focus=0.2192 train_total=0.08658195 train_sup=0.08658194 train_imit=1.05165584 mean_w=0.0000 active=0.0000 s_dense=0.00 s_pos=0.1966 s_sel=0.0000 s_sel_pos=0.0000 s_hot_err=0.000000 s_bg_err=0.086582 s_gap=0.000000 conf_cos=0.0000 conf_proj=0.00 val_mse=0.17482597 val_mae=0.29085631 | p_pos=0.0000 p_dense=0.00 p_sel=0.0000 p_sel_pos=0.0000 p_hot_err=0.000000 p_bg_err=0.000000 p_gap=0.000000 peer_val_mse=0.15275041 peer_val_mae=0.23311068
[worker1/electricity_handoff_router_seeded_v1_gpu0] [time_series_electricity_handoff_router_seeded_v1/elec_handoff_q70_b20] [time_series][epoch 009] lambda=0.1200 g_scale=1.000 handoff=0 corr_scale=0.125 freeze_student=0 focus=0.2192 train_total=0.13935722 train_sup=0.08626726 train_imit=0.44233229 mean_w=0.0101 active=0.0006 s_dense=0.00 s_pos=0.1966 s_sel=0.0006 s_sel_pos=0.0032 s_hot_err=2.768455 s_bg_err=0.085368 s_gap=0.750778 conf_cos=0.0000 conf_proj=0.00 val_mse=0.17262846 val_mae=0.28991293 | p_pos=0.0000 p_dense=0.00 p_sel=0.0000 p_sel_pos=0.0000 p_hot_err=0.000000 p_bg_err=0.000000 p_gap=0.000000 peer_val_mse=0.15275041 peer_val_mae=0.23311068
[worker1/electricity_handoff_router_seeded_v1_gpu0] [time_series_electricity_handoff_router_seeded_v1/elec_handoff_q70_b20] [time_series][epoch 010] lambda=0.1200 g_scale=1.000 handoff=0 corr_scale=0.250 freeze_student=0 focus=0.2192 train_total=0.13410532 train_sup=0.08542946 train_imit=0.40552093 mean_w=0.0133 active=0.0021 s_dense=0.00 s_pos=0.1966 s_sel=0.0021 s_sel_pos=0.0105 s_hot_err=1.279034 s_bg_err=0.083087 s_gap=0.616219 conf_cos=0.0000 conf_proj=0.00 val_mse=0.16940715 val_mae=0.28804155 | p_pos=0.0000 p_dense=0.00 p_sel=0.0000 p_sel_pos=0.0000 p_hot_err=0.000000 p_bg_err=0.000000 p_gap=0.000000 peer_val_mse=0.15275041 peer_val_mae=0.23311068
[worker1/electricity_handoff_router_seeded_v1_gpu0] [time_series_electricity_handoff_router_seeded_v1/elec_handoff_q70_b20] [time_series][epoch 010] updated live plot
[worker1/electricity_handoff_router_seeded_v1_gpu0] [time_series_electricity_handoff_router_seeded_v1/elec_handoff_q70_b20] [time_series][epoch 011] lambda=0.1200 g_scale=1.000 handoff=0 corr_scale=0.375 freeze_student=0 focus=0.2192 train_total=0.13227877 train_sup=0.08437078 train_imit=0.39909617 mean_w=0.0165 active=0.0061 s_dense=0.00 s_pos=0.1966 s_sel=0.0061 s_sel_pos=0.0311 s_hot_err=0.616929 s_bg_err=0.081190 s_gap=0.354177 conf_cos=0.0000 conf_proj=0.00 val_mse=0.16657871 val_mae=0.28614420 | p_pos=0.0000 p_dense=0.00 p_sel=0.0000 p_sel_pos=0.0000 p_hot_err=0.000000 p_bg_err=0.000000 p_gap=0.000000 peer_val_mse=0.15275041 peer_val_mae=0.23311068
[worker1/electricity_handoff_router_seeded_v1_gpu0] [time_series_electricity_handoff_router_seeded_v1/elec_handoff_q70_b20] [time_series][epoch 012] lambda=0.1200 g_scale=1.000 handoff=0 corr_scale=0.500 freeze_student=0 focus=0.2192 train_total=0.13089760 train_sup=0.08346712 train_imit=0.39509736 mean_w=0.0188 active=0.0107 s_dense=0.00 s_pos=0.1966 s_sel=0.0107 s_sel_pos=0.0545 s_hot_err=0.421736 s_bg_err=0.079832 s_gap=0.295370 conf_cos=0.0000 conf_proj=0.00 val_mse=0.16461766 val_mae=0.28463204 | p_pos=0.0000 p_dense=0.00 p_sel=0.0000 p_sel_pos=0.0000 p_hot_err=0.000000 p_bg_err=0.000000 p_gap=0.000000 peer_val_mse=0.15275041 peer_val_mae=0.23311068
[worker1/electricity_handoff_router_seeded_v1_gpu0] [time_series_electricity_handoff_router_seeded_v1/elec_handoff_q70_b20] [time_series][epoch 013] lambda=0.1200 g_scale=1.000 handoff=0 corr_scale=0.625 freeze_student=0 focus=0.2192 train_total=0.12974396 train_sup=0.08272851 train_imit=0.39162461 mean_w=0.0205 active=0.0148 s_dense=0.00 s_pos=0.1966 s_sel=0.0148 s_sel_pos=0.0751 s_hot_err=0.343917 s_bg_err=0.078829 s_gap=0.274644 conf_cos=0.0000 conf_proj=0.00 val_mse=0.16342901 val_mae=0.28339206 | p_pos=0.0000 p_dense=0.00 p_sel=0.0000 p_sel_pos=0.0000 p_hot_err=0.000000 p_bg_err=0.000000 p_gap=0.000000 peer_val_mse=0.15275041 peer_val_mae=0.23311068
[worker1/electricity_handoff_router_seeded_v1_gpu0] [time_series_electricity_handoff_router_seeded_v1/elec_handoff_q70_b20] [time_series][epoch 014] lambda=0.1200 g_scale=1.000 handoff=0 corr_scale=0.750 freeze_student=0 focus=0.2192 train_total=0.12873942 train_sup=0.08209820 train_imit=0.38849549 mean_w=0.0218 active=0.0183 s_dense=0.00 s_pos=0.1966 s_sel=0.0183 s_sel_pos=0.0933 s_hot_err=0.297454 s_bg_err=0.078081 s_gap=0.260905 conf_cos=0.0000 conf_proj=0.00 val_mse=0.16207659 val_mae=0.28203066 | p_pos=0.0000 p_dense=0.00 p_sel=0.0000 p_sel_pos=0.0000 p_hot_err=0.000000 p_bg_err=0.000000 p_gap=0.000000 peer_val_mse=0.15275041 peer_val_mae=0.23311068
[worker1/electricity_handoff_router_seeded_v1_gpu0] [time_series_electricity_handoff_router_seeded_v1/elec_handoff_q70_b20] [time_series][epoch 015] lambda=0.1200 g_scale=1.000 handoff=0 corr_scale=0.875 freeze_student=0 focus=0.2192 train_total=0.12789654 train_sup=0.08158125 train_imit=0.38577205 mean_w=0.0227 active=0.0213 s_dense=0.00 s_pos=0.1966 s_sel=0.0213 s_sel_pos=0.1085 s_hot_err=0.265009 s_bg_err=0.077591 s_gap=0.251210 conf_cos=0.0000 conf_proj=0.00 val_mse=0.16142044 val_mae=0.28100726 | p_pos=0.0000 p_dense=0.00 p_sel=0.0000 p_sel_pos=0.0000 p_hot_err=0.000000 p_bg_err=0.000000 p_gap=0.000000 peer_val_mse=0.15275041 peer_val_mae=0.23311068
[worker1/electricity_handoff_router_seeded_v1_gpu0] [time_series_electricity_handoff_router_seeded_v1/elec_handoff_q70_b20] [time_series][epoch 016] lambda=0.1200 g_scale=1.000 handoff=0 corr_scale=1.000 freeze_student=0 focus=0.2192 train_total=0.12725650 train_sup=0.08121091 train_imit=0.38352047 mean_w=0.0231 active=0.0234 s_dense=0.00 s_pos=0.1966 s_sel=0.0234 s_sel_pos=0.1189 s_hot_err=0.241024 s_bg_err=0.077393 s_gap=0.244242 conf_cos=0.0000 conf_proj=0.00 val_mse=0.16081323 val_mae=0.28023884 | p_pos=0.0000 p_dense=0.00 p_sel=0.0000 p_sel_pos=0.0000 p_hot_err=0.000000 p_bg_err=0.000000 p_gap=0.000000 peer_val_mse=0.15275041 peer_val_mae=0.23311068
[worker1/electricity_handoff_router_seeded_v1_gpu0] [time_series_electricity_handoff_router_seeded_v1/elec_handoff_q70_b20] [time_series][epoch 017] lambda=0.1010 g_scale=0.842 handoff=0 corr_scale=1.000 freeze_student=0 focus=0.2192 train_total=0.12041676 train_sup=0.08172645 train_imit=0.38283487 mean_w=0.0240 active=0.0266 s_dense=0.00 s_pos=0.1966 s_sel=0.0266 s_sel_pos=0.1353 s_hot_err=0.243561 s_bg_err=0.077309 s_gap=0.234459 conf_cos=0.0000 conf_proj=0.00 val_mse=0.16210114 val_mae=0.28135025 | p_pos=0.0000 p_dense=0.00 p_sel=0.0000 p_sel_pos=0.0000 p_hot_err=0.000000 p_bg_err=0.000000 p_gap=0.000000 peer_val_mse=0.15275041 peer_val_mae=0.23311068
[worker1/electricity_handoff_router_seeded_v1_gpu0] [time_series_electricity_handoff_router_seeded_v1/elec_handoff_q70_b20] [time_series][epoch 018] lambda=0.0820 g_scale=0.683 handoff=0 corr_scale=1.000 freeze_student=0 focus=0.2192 train_total=0.11371034 train_sup=0.08228885 train_imit=0.38288663 mean_w=0.0248 active=0.0295 s_dense=0.00 s_pos=0.1966 s_sel=0.0295 s_sel_pos=0.1499 s_hot_err=0.250770 s_bg_err=0.077174 s_gap=0.226879 conf_cos=0.0000 conf_proj=0.00 val_mse=0.16327787 val_mae=0.28255385 | p_pos=0.0000 p_dense=0.00 p_sel=0.0000 p_sel_pos=0.0000 p_hot_err=0.000000 p_bg_err=0.000000 p_gap=0.000000 peer_val_mse=0.15275041 peer_val_mae=0.23311068
[worker1/electricity_handoff_router_seeded_v1_gpu0] [time_series_electricity_handoff_router_seeded_v1/elec_handoff_q70_b20] [time_series][epoch 019] lambda=0.0630 g_scale=0.525 handoff=0 corr_scale=1.000 freeze_student=0 focus=0.2192 train_total=0.10712867 train_sup=0.08293606 train_imit=0.38360363 mean_w=0.0256 active=0.0321 s_dense=0.00 s_pos=0.1966 s_sel=0.0321 s_sel_pos=0.1632 s_hot_err=0.263247 s_bg_err=0.076962 s_gap=0.221050 conf_cos=0.0000 conf_proj=0.00 val_mse=0.16493899 val_mae=0.28403070 | p_pos=0.0000 p_dense=0.00 p_sel=0.0000 p_sel_pos=0.0000 p_hot_err=0.000000 p_bg_err=0.000000 p_gap=0.000000 peer_val_mse=0.15275041 peer_val_mae=0.23311068
[worker1/electricity_handoff_router_seeded_v1_gpu0] [time_series_electricity_handoff_router_seeded_v1/elec_handoff_q70_b20] [time_series][epoch 020] lambda=0.0440 g_scale=0.367 handoff=0 corr_scale=1.000 freeze_student=0 focus=0.2192 train_total=0.10071858 train_sup=0.08376359 train_imit=0.38474078 mean_w=0.0264 active=0.0344 s_dense=0.00 s_pos=0.1966 s_sel=0.0344 s_sel_pos=0.1748 s_hot_err=0.281052 s_bg_err=0.076743 s_gap=0.215992 conf_cos=0.0000 conf_proj=0.00 val_mse=0.16702596 val_mae=0.28568801 | p_pos=0.0000 p_dense=0.00 p_sel=0.0000 p_sel_pos=0.0000 p_hot_err=0.000000 p_bg_err=0.000000 p_gap=0.000000 peer_val_mse=0.15275041 peer_val_mae=0.23311068
[worker1/electricity_handoff_router_seeded_v1_gpu0] [time_series_electricity_handoff_router_seeded_v1/elec_handoff_q70_b20] [time_series][epoch 020] updated live plot
[worker1/electricity_handoff_router_seeded_v1_gpu0] [time_series_electricity_handoff_router_seeded_v1/elec_handoff_q70_b20] [time_series][epoch 021] lambda=0.0000 g_scale=0.000 handoff=1 corr_scale=0.000 freeze_student=0 focus=0.2192 train_total=0.08660421 train_sup=0.08658194 train_imit=0.38272501 mean_w=0.0223 active=0.0000 s_dense=0.00 s_pos=0.1966 s_sel=0.0000 s_sel_pos=0.0000 s_hot_err=0.000000 s_bg_err=0.086582 s_gap=0.000000 conf_cos=0.0000 conf_proj=0.00 val_mse=0.17482597 val_mae=0.29085631 | p_pos=0.0000 p_dense=0.00 p_sel=0.0000 p_sel_pos=0.0000 p_hot_err=0.000000 p_bg_err=0.000000 p_gap=0.000000 peer_val_mse=0.15275041 peer_val_mae=0.23311068
[worker1/electricity_handoff_router_seeded_v1_gpu0] [time_series_electricity_handoff_router_seeded_v1/elec_handoff_q70_b20] [time_series][epoch 022] lambda=0.0000 g_scale=0.000 handoff=1 corr_scale=0.000 freeze_student=0 focus=0.2192 train_total=0.08659568 train_sup=0.08658194 train_imit=0.39674878 mean_w=0.0137 active=0.0000 s_dense=0.00 s_pos=0.1966 s_sel=0.0000 s_sel_pos=0.0000 s_hot_err=0.000000 s_bg_err=0.086582 s_gap=0.000000 conf_cos=0.0000 conf_proj=0.00 val_mse=0.17482597 val_mae=0.29085631 | p_pos=0.0000 p_dense=0.00 p_sel=0.0000 p_sel_pos=0.0000 p_hot_err=0.000000 p_bg_err=0.000000 p_gap=0.000000 peer_val_mse=0.15275041 peer_val_mae=0.23311068
[worker1/electricity_handoff_router_seeded_v1_gpu0] [time_series_electricity_handoff_router_seeded_v1/elec_handoff_q70_b20] [time_series][epoch 023] lambda=0.0000 g_scale=0.000 handoff=1 corr_scale=0.000 freeze_student=0 focus=0.2192 train_total=0.08659017 train_sup=0.08658194 train_imit=0.42582509 mean_w=0.0082 active=0.0000 s_dense=0.00 s_pos=0.1966 s_sel=0.0000 s_sel_pos=0.0000 s_hot_err=0.000000 s_bg_err=0.086582 s_gap=0.000000 conf_cos=0.0000 conf_proj=0.00 val_mse=0.17482597 val_mae=0.29085631 | p_pos=0.0000 p_dense=0.00 p_sel=0.0000 p_sel_pos=0.0000 p_hot_err=0.000000 p_bg_err=0.000000 p_gap=0.000000 peer_val_mse=0.15275041 peer_val_mae=0.23311068
[worker1/electricity_handoff_router_seeded_v1_gpu0] [time_series_electricity_handoff_router_seeded_v1/elec_handoff_q70_b20] [time_series][epoch 024] lambda=0.0000 g_scale=0.000 handoff=1 corr_scale=0.000 freeze_student=0 focus=0.2192 train_total=0.08658727 train_sup=0.08658194 train_imit=0.45609187 mean_w=0.0053 active=0.0000 s_dense=0.00 s_pos=0.1966 s_sel=0.0000 s_sel_pos=0.0000 s_hot_err=0.000000 s_bg_err=0.086582 s_gap=0.000000 conf_cos=0.0000 conf_proj=0.00 val_mse=0.17482597 val_mae=0.29085631 | p_pos=0.0000 p_dense=0.00 p_sel=0.0000 p_sel_pos=0.0000 p_hot_err=0.000000 p_bg_err=0.000000 p_gap=0.000000 peer_val_mse=0.15275041 peer_val_mae=0.23311068
[worker1/electricity_handoff_router_seeded_v1_gpu0] [time_series_electricity_handoff_router_seeded_v1/elec_handoff_q70_b20] [time_series][epoch 025] lambda=0.0000 g_scale=0.000 handoff=1 corr_scale=0.000 freeze_student=0 focus=0.2192 train_total=0.08658568 train_sup=0.08658194 train_imit=0.48433359 mean_w=0.0037 active=0.0000 s_dense=0.00 s_pos=0.1966 s_sel=0.0000 s_sel_pos=0.0000 s_hot_err=0.000000 s_bg_err=0.086582 s_gap=0.000000 conf_cos=0.0000 conf_proj=0.00 val_mse=0.17482597 val_mae=0.29085631 | p_pos=0.0000 p_dense=0.00 p_sel=0.0000 p_sel_pos=0.0000 p_hot_err=0.000000 p_bg_err=0.000000 p_gap=0.000000 peer_val_mse=0.15275041 peer_val_mae=0.23311068
[worker1/electricity_handoff_router_seeded_v1_gpu0] [time_series_electricity_handoff_router_seeded_v1/elec_handoff_q70_b20] [time_series][epoch 026] lambda=0.0000 g_scale=0.000 handoff=1 corr_scale=0.000 freeze_student=0 focus=0.2192 train_total=0.08658471 train_sup=0.08658194 train_imit=0.51051724 mean_w=0.0028 active=0.0000 s_dense=0.00 s_pos=0.1966 s_sel=0.0000 s_sel_pos=0.0000 s_hot_err=0.000000 s_bg_err=0.086582 s_gap=0.000000 conf_cos=0.0000 conf_proj=0.00 val_mse=0.17482597 val_mae=0.29085631 | p_pos=0.0000 p_dense=0.00 p_sel=0.0000 p_sel_pos=0.0000 p_hot_err=0.000000 p_bg_err=0.000000 p_gap=0.000000 peer_val_mse=0.15275041 peer_val_mae=0.23311068
[worker1/electricity_handoff_router_seeded_v1_gpu0] [time_series_electricity_handoff_router_seeded_v1/elec_handoff_q70_b20] [time_series][epoch 027] lambda=0.0000 g_scale=0.000 handoff=1 corr_scale=0.000 freeze_student=0 focus=0.2192 train_total=0.08658405 train_sup=0.08658194 train_imit=0.53495212 mean_w=0.0021 active=0.0000 s_dense=0.00 s_pos=0.1966 s_sel=0.0000 s_sel_pos=0.0000 s_hot_err=0.000000 s_bg_err=0.086582 s_gap=0.000000 conf_cos=0.0000 conf_proj=0.00 val_mse=0.17482597 val_mae=0.29085631 | p_pos=0.0000 p_dense=0.00 p_sel=0.0000 p_sel_pos=0.0000 p_hot_err=0.000000 p_bg_err=0.000000 p_gap=0.000000 peer_val_mse=0.15275041 peer_val_mae=0.23311068
[worker1/electricity_handoff_router_seeded_v1_gpu0] [time_series_electricity_handoff_router_seeded_v1/elec_handoff_q70_b20] [time_series][epoch 028] lambda=0.0000 g_scale=0.000 handoff=1 corr_scale=0.000 freeze_student=0 focus=0.2192 train_total=0.08658360 train_sup=0.08658194 train_imit=0.55791448 mean_w=0.0017 active=0.0000 s_dense=0.00 s_pos=0.1966 s_sel=0.0000 s_sel_pos=0.0000 s_hot_err=0.000000 s_bg_err=0.086582 s_gap=0.000000 conf_cos=0.0000 conf_proj=0.00 val_mse=0.17482597 val_mae=0.29085631 | p_pos=0.0000 p_dense=0.00 p_sel=0.0000 p_sel_pos=0.0000 p_hot_err=0.000000 p_bg_err=0.000000 p_gap=0.000000 peer_val_mse=0.15275041 peer_val_mae=0.23311068
[worker1/electricity_handoff_router_seeded_v1_gpu0] [time_series_electricity_handoff_router_seeded_v1/elec_handoff_q70_b20] [time_series][epoch 029] lambda=0.0000 g_scale=0.000 handoff=1 corr_scale=0.000 freeze_student=0 focus=0.2192 train_total=0.08658326 train_sup=0.08658194 train_imit=0.57966208 mean_w=0.0013 active=0.0000 s_dense=0.00 s_pos=0.1966 s_sel=0.0000 s_sel_pos=0.0000 s_hot_err=0.000000 s_bg_err=0.086582 s_gap=0.000000 conf_cos=0.0000 conf_proj=0.00 val_mse=0.17482597 val_mae=0.29085631 | p_pos=0.0000 p_dense=0.00 p_sel=0.0000 p_sel_pos=0.0000 p_hot_err=0.000000 p_bg_err=0.000000 p_gap=0.000000 peer_val_mse=0.15275041 peer_val_mae=0.23311068
[worker1/electricity_handoff_router_seeded_v1_gpu0] [time_series_electricity_handoff_router_seeded_v1/elec_handoff_q70_b20] [time_series][epoch 029] early stop: no val_mse improvement greater than 0.0001 for 12 epoch(s)
[worker1/electricity_handoff_router_seeded_v1_gpu0] [time_series_electricity_handoff_router_seeded_v1/elec_handoff_q70_b20] [time_series][epoch 029] updated live plot
[worker1/electricity_handoff_router_seeded_v1_gpu0] [time_series_electricity_handoff_router_seeded_v1/elec_handoff_q70_b20] [time_series][ssml_diag] gate_mode=peer_better_student_error score_transform=none window_score_k=1 smooth_k=1 expand_k=1 tail_start=0.00 residual_beta=1.000 ema_decay=0.000 weight_mode=score freeze_peer=True worse_only=False anchor_w=0.00000 imit_space=raw residual_space_k=9 conflict_proj=0 topk_scope=total max_sel=1.000 adaptive_dense_thr=1.100 positive_upper_q=1.000 guidance_schedule=warmup_then_decay handoff_end=20 correction_init_bias=0.000 correction_ramp=8->16 correction_freeze_student_epochs=0 correction_only=1 correction_tail_start=0.00 correction_regime_q=0.00 correction_focus_alpha=0.00 correction_peer_adv_q=0.70 correction_peer_adv_min=0.0003 correction_peer_adv_k=3 correction_budget_ratio=0.200 router_bins=[8, 16, 24] router_ema=0.650 trend_only=1 correction_feature_mode=trend_residual correction_regime=1 correction_decomp_k=9 correction_trend_scale=1.050 correction_residual_scale=0.000 first_active_epoch=9 best_before_active=0.17482597@1 best_after_active=0.16081323@16
[worker1/electricity_handoff_router_seeded_v1_gpu0] [time_series_electricity_handoff_router_seeded_v1/elec_handoff_q70_b20] [time_series] done
[worker1/electricity_handoff_router_seeded_v1_gpu0] [time_series_electricity_handoff_router_seeded_v1/elec_handoff_q70_b20] [time_series] dataset=electricity pair=transformer:dlinear method=ssml seed=2 pred_len=24
[worker1/electricity_handoff_router_seeded_v1_gpu0] [time_series_electricity_handoff_router_seeded_v1/elec_handoff_q70_b20] [time_series] loaded init_checkpoint=results/time_series_electricity_followup_v1/best_known/time_series/electricity/transformer_independent_mse_seed2/model.pt
[worker1/electricity_handoff_router_seeded_v1_gpu0] [time_series_electricity_handoff_router_seeded_v1/elec_handoff_q70_b20] [time_series] loaded peer_init_checkpoint=results/time_series_electricity_followup_v1/best_known/time_series/electricity/dlinear_independent_mse_seed2/model.pt
[worker1/electricity_handoff_router_seeded_v1_gpu0] [time_series_electricity_handoff_router_seeded_v1/elec_handoff_q70_b20] [time_series] run_dir=results/time_series_electricity_handoff_router_seeded_v1/worker1_gpu0/elec_handoff_q70_b20/time_series/electricity/transformer__dlinear_ssml_mse_seed2
[worker1/electricity_handoff_router_seeded_v1_gpu0] [time_series_electricity_handoff_router_seeded_v1/elec_handoff_q70_b20] [time_series] params=1090
[worker1/electricity_handoff_router_seeded_v1_gpu0] [time_series_electricity_handoff_router_seeded_v1/elec_handoff_q70_b20] [time_series] correction_gate_params=1090
[worker1/electricity_handoff_router_seeded_v1_gpu0] [time_series_electricity_handoff_router_seeded_v1/elec_handoff_q70_b20] [time_series][epoch 001] lambda=0.0000 g_scale=0.000 handoff=0 corr_scale=0.000 freeze_student=0 focus=0.2181 train_total=0.08673240 train_sup=0.08672585 train_imit=0.62796514 mean_w=0.0065 active=0.0000 s_dense=0.00 s_pos=0.1957 s_sel=0.0000 s_sel_pos=0.0000 s_hot_err=0.000000 s_bg_err=0.086726 s_gap=0.000000 conf_cos=0.0000 conf_proj=0.00 val_mse=0.17238484 val_mae=0.29125488 | p_pos=0.0000 p_dense=0.00 p_sel=0.0000 p_sel_pos=0.0000 p_hot_err=0.000000 p_bg_err=0.000000 p_gap=0.000000 peer_val_mse=0.15251986 peer_val_mae=0.23465736
[worker1/electricity_handoff_router_seeded_v1_gpu0] [time_series_electricity_handoff_router_seeded_v1/elec_handoff_q70_b20] [time_series][epoch 002] lambda=0.0000 g_scale=0.000 handoff=0 corr_scale=0.000 freeze_student=0 focus=0.2181 train_total=0.08672623 train_sup=0.08672585 train_imit=0.79709601 mean_w=0.0004 active=0.0000 s_dense=0.00 s_pos=0.1957 s_sel=0.0000 s_sel_pos=0.0000 s_hot_err=0.000000 s_bg_err=0.086726 s_gap=0.000000 conf_cos=0.0000 conf_proj=0.00 val_mse=0.17238484 val_mae=0.29125488 | p_pos=0.0000 p_dense=0.00 p_sel=0.0000 p_sel_pos=0.0000 p_hot_err=0.000000 p_bg_err=0.000000 p_gap=0.000000 peer_val_mse=0.15251986 peer_val_mae=0.23465736
[worker1/electricity_handoff_router_seeded_v1_gpu0] [time_series_electricity_handoff_router_seeded_v1/elec_handoff_q70_b20] [time_series][epoch 003] lambda=0.0000 g_scale=0.000 handoff=0 corr_scale=0.000 freeze_student=0 focus=0.2181 train_total=0.08672596 train_sup=0.08672585 train_imit=0.90985673 mean_w=0.0001 active=0.0000 s_dense=0.00 s_pos=0.1957 s_sel=0.0000 s_sel_pos=0.0000 s_hot_err=0.000000 s_bg_err=0.086726 s_gap=0.000000 conf_cos=0.0000 conf_proj=0.00 val_mse=0.17238484 val_mae=0.29125488 | p_pos=0.0000 p_dense=0.00 p_sel=0.0000 p_sel_pos=0.0000 p_hot_err=0.000000 p_bg_err=0.000000 p_gap=0.000000 peer_val_mse=0.15251986 peer_val_mae=0.23465736
[worker1/electricity_handoff_router_seeded_v1_gpu0] [time_series_electricity_handoff_router_seeded_v1/elec_handoff_q70_b20] [time_series][epoch 004] lambda=0.0000 g_scale=0.000 handoff=0 corr_scale=0.000 freeze_student=0 focus=0.2181 train_total=0.08672590 train_sup=0.08672585 train_imit=0.98029104 mean_w=0.0001 active=0.0000 s_dense=0.00 s_pos=0.1957 s_sel=0.0000 s_sel_pos=0.0000 s_hot_err=0.000000 s_bg_err=0.086726 s_gap=0.000000 conf_cos=0.0000 conf_proj=0.00 val_mse=0.17238484 val_mae=0.29125488 | p_pos=0.0000 p_dense=0.00 p_sel=0.0000 p_sel_pos=0.0000 p_hot_err=0.000000 p_bg_err=0.000000 p_gap=0.000000 peer_val_mse=0.15251986 peer_val_mae=0.23465736
[worker1/electricity_handoff_router_seeded_v1_gpu0] [time_series_electricity_handoff_router_seeded_v1/elec_handoff_q70_b20] [time_series][epoch 005] lambda=0.0000 g_scale=0.000 handoff=0 corr_scale=0.000 freeze_student=0 focus=0.2181 train_total=0.08672588 train_sup=0.08672585 train_imit=1.03232457 mean_w=0.0000 active=0.0000 s_dense=0.00 s_pos=0.1957 s_sel=0.0000 s_sel_pos=0.0000 s_hot_err=0.000000 s_bg_err=0.086726 s_gap=0.000000 conf_cos=0.0000 conf_proj=0.00 val_mse=0.17238484 val_mae=0.29125488 | p_pos=0.0000 p_dense=0.00 p_sel=0.0000 p_sel_pos=0.0000 p_hot_err=0.000000 p_bg_err=0.000000 p_gap=0.000000 peer_val_mse=0.15251986 peer_val_mae=0.23465736
[worker1/electricity_handoff_router_seeded_v1_gpu0] [time_series_electricity_handoff_router_seeded_v1/elec_handoff_q70_b20] [time_series][epoch 006] lambda=0.0000 g_scale=0.000 handoff=0 corr_scale=0.000 freeze_student=0 focus=0.2181 train_total=0.08672587 train_sup=0.08672585 train_imit=1.07401493 mean_w=0.0000 active=0.0000 s_dense=0.00 s_pos=0.1957 s_sel=0.0000 s_sel_pos=0.0000 s_hot_err=0.000000 s_bg_err=0.086726 s_gap=0.000000 conf_cos=0.0000 conf_proj=0.00 val_mse=0.17238484 val_mae=0.29125488 | p_pos=0.0000 p_dense=0.00 p_sel=0.0000 p_sel_pos=0.0000 p_hot_err=0.000000 p_bg_err=0.000000 p_gap=0.000000 peer_val_mse=0.15251986 peer_val_mae=0.23465736
[worker1/electricity_handoff_router_seeded_v1_gpu0] [time_series_electricity_handoff_router_seeded_v1/elec_handoff_q70_b20] [time_series][epoch 007] lambda=0.0000 g_scale=0.000 handoff=0 corr_scale=0.000 freeze_student=0 focus=0.2181 train_total=0.08672586 train_sup=0.08672585 train_imit=1.10937098 mean_w=0.0000 active=0.0000 s_dense=0.00 s_pos=0.1957 s_sel=0.0000 s_sel_pos=0.0000 s_hot_err=0.000000 s_bg_err=0.086726 s_gap=0.000000 conf_cos=0.0000 conf_proj=0.00 val_mse=0.17238484 val_mae=0.29125488 | p_pos=0.0000 p_dense=0.00 p_sel=0.0000 p_sel_pos=0.0000 p_hot_err=0.000000 p_bg_err=0.000000 p_gap=0.000000 peer_val_mse=0.15251986 peer_val_mae=0.23465736
[worker1/electricity_handoff_router_seeded_v1_gpu0] [time_series_electricity_handoff_router_seeded_v1/elec_handoff_q70_b20] [time_series][epoch 008] lambda=0.0000 g_scale=0.000 handoff=0 corr_scale=0.000 freeze_student=0 focus=0.2181 train_total=0.08672586 train_sup=0.08672585 train_imit=1.14006619 mean_w=0.0000 active=0.0000 s_dense=0.00 s_pos=0.1957 s_sel=0.0000 s_sel_pos=0.0000 s_hot_err=0.000000 s_bg_err=0.086726 s_gap=0.000000 conf_cos=0.0000 conf_proj=0.00 val_mse=0.17238484 val_mae=0.29125488 | p_pos=0.0000 p_dense=0.00 p_sel=0.0000 p_sel_pos=0.0000 p_hot_err=0.000000 p_bg_err=0.000000 p_gap=0.000000 peer_val_mse=0.15251986 peer_val_mae=0.23465736
[worker1/electricity_handoff_router_seeded_v1_gpu0] [time_series_electricity_handoff_router_seeded_v1/elec_handoff_q70_b20] [time_series][epoch 009] lambda=0.1200 g_scale=1.000 handoff=0 corr_scale=0.125 freeze_student=0 focus=0.2181 train_total=0.14017789 train_sup=0.08638931 train_imit=0.44815884 mean_w=0.0095 active=0.0004 s_dense=0.00 s_pos=0.1957 s_sel=0.0004 s_sel_pos=0.0019 s_hot_err=2.317795 s_bg_err=0.085630 s_gap=0.917940 conf_cos=0.0000 conf_proj=0.00 val_mse=0.17023960 val_mae=0.29031644 | p_pos=0.0000 p_dense=0.00 p_sel=0.0000 p_sel_pos=0.0000 p_hot_err=0.000000 p_bg_err=0.000000 p_gap=0.000000 peer_val_mse=0.15251986 peer_val_mae=0.23465736
[worker1/electricity_handoff_router_seeded_v1_gpu0] [time_series_electricity_handoff_router_seeded_v1/elec_handoff_q70_b20] [time_series][epoch 010] lambda=0.1200 g_scale=1.000 handoff=0 corr_scale=0.250 freeze_student=0 focus=0.2181 train_total=0.13399573 train_sup=0.08544606 train_imit=0.40446931 mean_w=0.0134 active=0.0022 s_dense=0.00 s_pos=0.1957 s_sel=0.0022 s_sel_pos=0.0112 s_hot_err=1.249176 s_bg_err=0.083083 s_gap=0.563995 conf_cos=0.0000 conf_proj=0.00 val_mse=0.16712116 val_mae=0.28855578 | p_pos=0.0000 p_dense=0.00 p_sel=0.0000 p_sel_pos=0.0000 p_hot_err=0.000000 p_bg_err=0.000000 p_gap=0.000000 peer_val_mse=0.15251986 peer_val_mae=0.23465736
[worker1/electricity_handoff_router_seeded_v1_gpu0] [time_series_electricity_handoff_router_seeded_v1/elec_handoff_q70_b20] [time_series][epoch 010] updated live plot
[worker1/electricity_handoff_router_seeded_v1_gpu0] [time_series_electricity_handoff_router_seeded_v1/elec_handoff_q70_b20] [time_series][epoch 011] lambda=0.1200 g_scale=1.000 handoff=0 corr_scale=0.375 freeze_student=0 focus=0.2181 train_total=0.13214999 train_sup=0.08439748 train_imit=0.39779998 mean_w=0.0165 active=0.0065 s_dense=0.00 s_pos=0.1957 s_sel=0.0065 s_sel_pos=0.0332 s_hot_err=0.584454 s_bg_err=0.081220 s_gap=0.333062 conf_cos=0.0000 conf_proj=0.00 val_mse=0.16431670 val_mae=0.28661746 | p_pos=0.0000 p_dense=0.00 p_sel=0.0000 p_sel_pos=0.0000 p_hot_err=0.000000 p_bg_err=0.000000 p_gap=0.000000 peer_val_mse=0.15251986 peer_val_mae=0.23465736
[worker1/electricity_handoff_router_seeded_v1_gpu0] [time_series_electricity_handoff_router_seeded_v1/elec_handoff_q70_b20] [time_series][epoch 012] lambda=0.1200 g_scale=1.000 handoff=0 corr_scale=0.500 freeze_student=0 focus=0.2181 train_total=0.13067738 train_sup=0.08350201 train_imit=0.39296951 mean_w=0.0190 active=0.0115 s_dense=0.00 s_pos=0.1957 s_sel=0.0115 s_sel_pos=0.0585 s_hot_err=0.398245 s_bg_err=0.079881 s_gap=0.281867 conf_cos=0.0000 conf_proj=0.00 val_mse=0.16221332 val_mae=0.28494623 | p_pos=0.0000 p_dense=0.00 p_sel=0.0000 p_sel_pos=0.0000 p_hot_err=0.000000 p_bg_err=0.000000 p_gap=0.000000 peer_val_mse=0.15251986 peer_val_mae=0.23465736
[worker1/electricity_handoff_router_seeded_v1_gpu0] [time_series_electricity_handoff_router_seeded_v1/elec_handoff_q70_b20] [time_series][epoch 013] lambda=0.1200 g_scale=1.000 handoff=0 corr_scale=0.625 freeze_student=0 focus=0.2181 train_total=0.12944954 train_sup=0.08275848 train_imit=0.38891864 mean_w=0.0208 active=0.0160 s_dense=0.00 s_pos=0.1957 s_sel=0.0160 s_sel_pos=0.0818 s_hot_err=0.321185 s_bg_err=0.078890 s_gap=0.262112 conf_cos=0.0000 conf_proj=0.00 val_mse=0.16082413 val_mae=0.28364896 | p_pos=0.0000 p_dense=0.00 p_sel=0.0000 p_sel_pos=0.0000 p_hot_err=0.000000 p_bg_err=0.000000 p_gap=0.000000 peer_val_mse=0.15251986 peer_val_mae=0.23465736
[worker1/electricity_handoff_router_seeded_v1_gpu0] [time_series_electricity_handoff_router_seeded_v1/elec_handoff_q70_b20] [time_series][epoch 014] lambda=0.1200 g_scale=1.000 handoff=0 corr_scale=0.750 freeze_student=0 focus=0.2181 train_total=0.12838690 train_sup=0.08214328 train_imit=0.38517955 mean_w=0.0221 active=0.0199 s_dense=0.00 s_pos=0.1957 s_sel=0.0199 s_sel_pos=0.1018 s_hot_err=0.278991 s_bg_err=0.078149 s_gap=0.251310 conf_cos=0.0000 conf_proj=0.00 val_mse=0.16054177 val_mae=0.28287786 | p_pos=0.0000 p_dense=0.00 p_sel=0.0000 p_sel_pos=0.0000 p_hot_err=0.000000 p_bg_err=0.000000 p_gap=0.000000 peer_val_mse=0.15251986 peer_val_mae=0.23465736
[worker1/electricity_handoff_router_seeded_v1_gpu0] [time_series_electricity_handoff_router_seeded_v1/elec_handoff_q70_b20] [time_series][epoch 015] lambda=0.1200 g_scale=1.000 handoff=0 corr_scale=0.875 freeze_student=0 focus=0.2181 train_total=0.12757692 train_sup=0.08170035 train_imit=0.38211430 mean_w=0.0229 active=0.0230 s_dense=0.00 s_pos=0.1957 s_sel=0.0230 s_sel_pos=0.1174 s_hot_err=0.246885 s_bg_err=0.077822 s_gap=0.242083 conf_cos=0.0000 conf_proj=0.00 val_mse=0.15941243 val_mae=0.28151394 | p_pos=0.0000 p_dense=0.00 p_sel=0.0000 p_sel_pos=0.0000 p_hot_err=0.000000 p_bg_err=0.000000 p_gap=0.000000 peer_val_mse=0.15251986 peer_val_mae=0.23465736
[worker1/electricity_handoff_router_seeded_v1_gpu0] [time_series_electricity_handoff_router_seeded_v1/elec_handoff_q70_b20] [time_series][epoch 016] lambda=0.1200 g_scale=1.000 handoff=0 corr_scale=1.000 freeze_student=0 focus=0.2181 train_total=0.12696542 train_sup=0.08135165 train_imit=0.37992089 mean_w=0.0233 active=0.0249 s_dense=0.00 s_pos=0.1957 s_sel=0.0249 s_sel_pos=0.1273 s_hot_err=0.223930 s_bg_err=0.077711 s_gap=0.235723 conf_cos=0.0000 conf_proj=0.00 val_mse=0.15879036 val_mae=0.28058062 | p_pos=0.0000 p_dense=0.00 p_sel=0.0000 p_sel_pos=0.0000 p_hot_err=0.000000 p_bg_err=0.000000 p_gap=0.000000 peer_val_mse=0.15251986 peer_val_mae=0.23465736
[worker1/electricity_handoff_router_seeded_v1_gpu0] [time_series_electricity_handoff_router_seeded_v1/elec_handoff_q70_b20] [time_series][epoch 017] lambda=0.1010 g_scale=0.842 handoff=0 corr_scale=1.000 freeze_student=0 focus=0.2181 train_total=0.12019019 train_sup=0.08183932 train_imit=0.37947233 mean_w=0.0242 active=0.0284 s_dense=0.00 s_pos=0.1957 s_sel=0.0284 s_sel_pos=0.1451 s_hot_err=0.228052 s_bg_err=0.077571 s_gap=0.226237 conf_cos=0.0000 conf_proj=0.00 val_mse=0.16052503 val_mae=0.28203586 | p_pos=0.0000 p_dense=0.00 p_sel=0.0000 p_sel_pos=0.0000 p_hot_err=0.000000 p_bg_err=0.000000 p_gap=0.000000 peer_val_mse=0.15251986 peer_val_mae=0.23465736
[worker1/electricity_handoff_router_seeded_v1_gpu0] [time_series_electricity_handoff_router_seeded_v1/elec_handoff_q70_b20] [time_series][epoch 018] lambda=0.0820 g_scale=0.683 handoff=0 corr_scale=1.000 freeze_student=0 focus=0.2181 train_total=0.11355374 train_sup=0.08238842 train_imit=0.37976010 mean_w=0.0250 active=0.0313 s_dense=0.00 s_pos=0.1957 s_sel=0.0313 s_sel_pos=0.1601 s_hot_err=0.236448 s_bg_err=0.077406 s_gap=0.219435 conf_cos=0.0000 conf_proj=0.00 val_mse=0.16161580 val_mae=0.28323372 | p_pos=0.0000 p_dense=0.00 p_sel=0.0000 p_sel_pos=0.0000 p_hot_err=0.000000 p_bg_err=0.000000 p_gap=0.000000 peer_val_mse=0.15251986 peer_val_mae=0.23465736
[worker1/electricity_handoff_router_seeded_v1_gpu0] [time_series_electricity_handoff_router_seeded_v1/elec_handoff_q70_b20] [time_series][epoch 019] lambda=0.0630 g_scale=0.525 handoff=0 corr_scale=1.000 freeze_student=0 focus=0.2181 train_total=0.10704839 train_sup=0.08303824 train_imit=0.38070277 mean_w=0.0259 active=0.0339 s_dense=0.00 s_pos=0.1957 s_sel=0.0339 s_sel_pos=0.1734 s_hot_err=0.249661 s_bg_err=0.077188 s_gap=0.214070 conf_cos=0.0000 conf_proj=0.00 val_mse=0.16308741 val_mae=0.28455916 | p_pos=0.0000 p_dense=0.00 p_sel=0.0000 p_sel_pos=0.0000 p_hot_err=0.000000 p_bg_err=0.000000 p_gap=0.000000 peer_val_mse=0.15251986 peer_val_mae=0.23465736
[worker1/electricity_handoff_router_seeded_v1_gpu0] [time_series_electricity_handoff_router_seeded_v1/elec_handoff_q70_b20] [time_series][epoch 020] lambda=0.0440 g_scale=0.367 handoff=0 corr_scale=1.000 freeze_student=0 focus=0.2181 train_total=0.10069336 train_sup=0.08385258 train_imit=0.38213725 mean_w=0.0267 active=0.0360 s_dense=0.00 s_pos=0.1957 s_sel=0.0360 s_sel_pos=0.1841 s_hot_err=0.269237 s_bg_err=0.076925 s_gap=0.210176 conf_cos=0.0000 conf_proj=0.00 val_mse=0.16507444 val_mae=0.28618118 | p_pos=0.0000 p_dense=0.00 p_sel=0.0000 p_sel_pos=0.0000 p_hot_err=0.000000 p_bg_err=0.000000 p_gap=0.000000 peer_val_mse=0.15251986 peer_val_mae=0.23465736
[worker1/electricity_handoff_router_seeded_v1_gpu0] [time_series_electricity_handoff_router_seeded_v1/elec_handoff_q70_b20] [time_series][epoch 020] updated live plot
[worker1/electricity_handoff_router_seeded_v1_gpu0] [time_series_electricity_handoff_router_seeded_v1/elec_handoff_q70_b20] [time_series][epoch 021] lambda=0.0000 g_scale=0.000 handoff=1 corr_scale=0.000 freeze_student=0 focus=0.2181 train_total=0.08674892 train_sup=0.08672585 train_imit=0.37963656 mean_w=0.0231 active=0.0000 s_dense=0.00 s_pos=0.1957 s_sel=0.0000 s_sel_pos=0.0000 s_hot_err=0.000000 s_bg_err=0.086726 s_gap=0.000000 conf_cos=0.0000 conf_proj=0.00 val_mse=0.17238484 val_mae=0.29125488 | p_pos=0.0000 p_dense=0.00 p_sel=0.0000 p_sel_pos=0.0000 p_hot_err=0.000000 p_bg_err=0.000000 p_gap=0.000000 peer_val_mse=0.15251986 peer_val_mae=0.23465736
[worker1/electricity_handoff_router_seeded_v1_gpu0] [time_series_electricity_handoff_router_seeded_v1/elec_handoff_q70_b20] [time_series][epoch 022] lambda=0.0000 g_scale=0.000 handoff=1 corr_scale=0.000 freeze_student=0 focus=0.2181 train_total=0.08674024 train_sup=0.08672585 train_imit=0.39128729 mean_w=0.0144 active=0.0000 s_dense=0.00 s_pos=0.1957 s_sel=0.0000 s_sel_pos=0.0000 s_hot_err=0.000000 s_bg_err=0.086726 s_gap=0.000000 conf_cos=0.0000 conf_proj=0.00 val_mse=0.17238484 val_mae=0.29125488 | p_pos=0.0000 p_dense=0.00 p_sel=0.0000 p_sel_pos=0.0000 p_hot_err=0.000000 p_bg_err=0.000000 p_gap=0.000000 peer_val_mse=0.15251986 peer_val_mae=0.23465736
[worker1/electricity_handoff_router_seeded_v1_gpu0] [time_series_electricity_handoff_router_seeded_v1/elec_handoff_q70_b20] [time_series][epoch 023] lambda=0.0000 g_scale=0.000 handoff=1 corr_scale=0.000 freeze_student=0 focus=0.2181 train_total=0.08673455 train_sup=0.08672585 train_imit=0.41760432 mean_w=0.0087 active=0.0000 s_dense=0.00 s_pos=0.1957 s_sel=0.0000 s_sel_pos=0.0000 s_hot_err=0.000000 s_bg_err=0.086726 s_gap=0.000000 conf_cos=0.0000 conf_proj=0.00 val_mse=0.17238484 val_mae=0.29125488 | p_pos=0.0000 p_dense=0.00 p_sel=0.0000 p_sel_pos=0.0000 p_hot_err=0.000000 p_bg_err=0.000000 p_gap=0.000000 peer_val_mse=0.15251986 peer_val_mae=0.23465736
[worker1/electricity_handoff_router_seeded_v1_gpu0] [time_series_electricity_handoff_router_seeded_v1/elec_handoff_q70_b20] [time_series][epoch 024] lambda=0.0000 g_scale=0.000 handoff=1 corr_scale=0.000 freeze_student=0 focus=0.2181 train_total=0.08673148 train_sup=0.08672585 train_imit=0.44579793 mean_w=0.0056 active=0.0000 s_dense=0.00 s_pos=0.1957 s_sel=0.0000 s_sel_pos=0.0000 s_hot_err=0.000000 s_bg_err=0.086726 s_gap=0.000000 conf_cos=0.0000 conf_proj=0.00 val_mse=0.17238484 val_mae=0.29125488 | p_pos=0.0000 p_dense=0.00 p_sel=0.0000 p_sel_pos=0.0000 p_hot_err=0.000000 p_bg_err=0.000000 p_gap=0.000000 peer_val_mse=0.15251986 peer_val_mae=0.23465736
[worker1/electricity_handoff_router_seeded_v1_gpu0] [time_series_electricity_handoff_router_seeded_v1/elec_handoff_q70_b20] [time_series][epoch 025] lambda=0.0000 g_scale=0.000 handoff=1 corr_scale=0.000 freeze_student=0 focus=0.2181 train_total=0.08672976 train_sup=0.08672585 train_imit=0.47248460 mean_w=0.0039 active=0.0000 s_dense=0.00 s_pos=0.1957 s_sel=0.0000 s_sel_pos=0.0000 s_hot_err=0.000000 s_bg_err=0.086726 s_gap=0.000000 conf_cos=0.0000 conf_proj=0.00 val_mse=0.17238484 val_mae=0.29125488 | p_pos=0.0000 p_dense=0.00 p_sel=0.0000 p_sel_pos=0.0000 p_hot_err=0.000000 p_bg_err=0.000000 p_gap=0.000000 peer_val_mse=0.15251986 peer_val_mae=0.23465736
[worker1/electricity_handoff_router_seeded_v1_gpu0] [time_series_electricity_handoff_router_seeded_v1/elec_handoff_q70_b20] [time_series][epoch 026] lambda=0.0000 g_scale=0.000 handoff=1 corr_scale=0.000 freeze_student=0 focus=0.2181 train_total=0.08672872 train_sup=0.08672585 train_imit=0.49734060 mean_w=0.0029 active=0.0000 s_dense=0.00 s_pos=0.1957 s_sel=0.0000 s_sel_pos=0.0000 s_hot_err=0.000000 s_bg_err=0.086726 s_gap=0.000000 conf_cos=0.0000 conf_proj=0.00 val_mse=0.17238484 val_mae=0.29125488 | p_pos=0.0000 p_dense=0.00 p_sel=0.0000 p_sel_pos=0.0000 p_hot_err=0.000000 p_bg_err=0.000000 p_gap=0.000000 peer_val_mse=0.15251986 peer_val_mae=0.23465736
[worker1/electricity_handoff_router_seeded_v1_gpu0] [time_series_electricity_handoff_router_seeded_v1/elec_handoff_q70_b20] [time_series][epoch 027] lambda=0.0000 g_scale=0.000 handoff=1 corr_scale=0.000 freeze_student=0 focus=0.2181 train_total=0.08672803 train_sup=0.08672585 train_imit=0.52058996 mean_w=0.0022 active=0.0000 s_dense=0.00 s_pos=0.1957 s_sel=0.0000 s_sel_pos=0.0000 s_hot_err=0.000000 s_bg_err=0.086726 s_gap=0.000000 conf_cos=0.0000 conf_proj=0.00 val_mse=0.17238484 val_mae=0.29125488 | p_pos=0.0000 p_dense=0.00 p_sel=0.0000 p_sel_pos=0.0000 p_hot_err=0.000000 p_bg_err=0.000000 p_gap=0.000000 peer_val_mse=0.15251986 peer_val_mae=0.23465736
[worker1/electricity_handoff_router_seeded_v1_gpu0] [time_series_electricity_handoff_router_seeded_v1/elec_handoff_q70_b20] [time_series][epoch 028] lambda=0.0000 g_scale=0.000 handoff=1 corr_scale=0.000 freeze_student=0 focus=0.2181 train_total=0.08672755 train_sup=0.08672585 train_imit=0.54247191 mean_w=0.0017 active=0.0000 s_dense=0.00 s_pos=0.1957 s_sel=0.0000 s_sel_pos=0.0000 s_hot_err=0.000000 s_bg_err=0.086726 s_gap=0.000000 conf_cos=0.0000 conf_proj=0.00 val_mse=0.17238484 val_mae=0.29125488 | p_pos=0.0000 p_dense=0.00 p_sel=0.0000 p_sel_pos=0.0000 p_hot_err=0.000000 p_bg_err=0.000000 p_gap=0.000000 peer_val_mse=0.15251986 peer_val_mae=0.23465736
[worker1/electricity_handoff_router_seeded_v1_gpu0] [time_series_electricity_handoff_router_seeded_v1/elec_handoff_q70_b20] [time_series][epoch 029] lambda=0.0000 g_scale=0.000 handoff=1 corr_scale=0.000 freeze_student=0 focus=0.2181 train_total=0.08672720 train_sup=0.08672585 train_imit=0.56325650 mean_w=0.0013 active=0.0000 s_dense=0.00 s_pos=0.1957 s_sel=0.0000 s_sel_pos=0.0000 s_hot_err=0.000000 s_bg_err=0.086726 s_gap=0.000000 conf_cos=0.0000 conf_proj=0.00 val_mse=0.17238484 val_mae=0.29125488 | p_pos=0.0000 p_dense=0.00 p_sel=0.0000 p_sel_pos=0.0000 p_hot_err=0.000000 p_bg_err=0.000000 p_gap=0.000000 peer_val_mse=0.15251986 peer_val_mae=0.23465736
[worker1/electricity_handoff_router_seeded_v1_gpu0] [time_series_electricity_handoff_router_seeded_v1/elec_handoff_q70_b20] [time_series][epoch 029] early stop: no val_mse improvement greater than 0.0001 for 12 epoch(s)
[worker1/electricity_handoff_router_seeded_v1_gpu0] [time_series_electricity_handoff_router_seeded_v1/elec_handoff_q70_b20] [time_series][epoch 029] updated live plot
[worker1/electricity_handoff_router_seeded_v1_gpu0] [time_series_electricity_handoff_router_seeded_v1/elec_handoff_q70_b20] [time_series][ssml_diag] gate_mode=peer_better_student_error score_transform=none window_score_k=1 smooth_k=1 expand_k=1 tail_start=0.00 residual_beta=1.000 ema_decay=0.000 weight_mode=score freeze_peer=True worse_only=False anchor_w=0.00000 imit_space=raw residual_space_k=9 conflict_proj=0 topk_scope=total max_sel=1.000 adaptive_dense_thr=1.100 positive_upper_q=1.000 guidance_schedule=warmup_then_decay handoff_end=20 correction_init_bias=0.000 correction_ramp=8->16 correction_freeze_student_epochs=0 correction_only=1 correction_tail_start=0.00 correction_regime_q=0.00 correction_focus_alpha=0.00 correction_peer_adv_q=0.70 correction_peer_adv_min=0.0003 correction_peer_adv_k=3 correction_budget_ratio=0.200 router_bins=[8, 16, 24] router_ema=0.650 trend_only=1 correction_feature_mode=trend_residual correction_regime=1 correction_decomp_k=9 correction_trend_scale=1.050 correction_residual_scale=0.000 first_active_epoch=9 best_before_active=0.17238484@1 best_after_active=0.15879036@16
[worker1/electricity_handoff_router_seeded_v1_gpu0] [time_series_electricity_handoff_router_seeded_v1/elec_handoff_q70_b20] [time_series] done
[worker1/electricity_handoff_router_seeded_v1_gpu0] [time_series_electricity_handoff_router_seeded_v1] done
[worker1_electricity_handoff_router_seeded_v1] all jobs finished
