[2026-03-31 13:52:40] [worker2_etth1_all_methods_long_v2] selected gpu=0
[worker2/etth1_all_methods_long_v2] log -> results/logs/non_operator_remaining/worker2_etth1_all_methods_long_v2/etth1_all_methods_long_v2_gpu0.log
[worker2/etth1_all_methods_long_v2] [time_series_etth1_all_methods_long_v2] output_root=results/time_series_etth1_all_methods_long_v2
[worker2/etth1_all_methods_long_v2] [time_series_etth1_all_methods_long_v2] summary_plot_root=results/plots/time_series_etth1_all_methods_long_v2
[worker2/etth1_all_methods_long_v2] [time_series_etth1_all_methods_long_v2] gpu=0 seeds=0 1 2 3 4 5 epochs=200
[worker2/etth1_all_methods_long_v2] [time_series_etth1_all_methods_long_v2] model_pairs=transformer:dlinear independent_models=transformer
[worker2/etth1_all_methods_long_v2] [time_series_etth1_all_methods_long_v2] methods=independent dml ssml
[worker2/etth1_all_methods_long_v2] [time_series] output_dir=results/time_series_etth1_all_methods_long_v2
[worker2/etth1_all_methods_long_v2] [time_series] methods=independent dml ssml
[worker2/etth1_all_methods_long_v2] [time_series] model_pairs=transformer:dlinear
[worker2/etth1_all_methods_long_v2] [time_series] ssml_topk_ratio=0.02
[worker2/etth1_all_methods_long_v2] [time_series] ssml_topk_scope=total
[worker2/etth1_all_methods_long_v2] [time_series] ssml_max_selected_ratio=1.0
[worker2/etth1_all_methods_long_v2] [time_series] ssml_adaptive_dense_threshold=1.1
[worker2/etth1_all_methods_long_v2] [time_series] ssml_adaptive_dense_topk_ratio=1.0
[worker2/etth1_all_methods_long_v2] [time_series] ssml_adaptive_dense_topk_scope=positive
[worker2/etth1_all_methods_long_v2] [time_series] ssml_adaptive_dense_max_selected_ratio=1.0
[worker2/etth1_all_methods_long_v2] [time_series] ssml_adaptive_dense_score_smoothing_kernel=-1
[worker2/etth1_all_methods_long_v2] [time_series] ssml_adaptive_dense_window_expand_kernel=-1
[worker2/etth1_all_methods_long_v2] [time_series] ssml_supervised_hotspot_alpha=0.5
[worker2/etth1_all_methods_long_v2] [time_series] ssml_supervised_weight_mode=score
[worker2/etth1_all_methods_long_v2] [time_series] ssml_gate_score_mode=peer_better_student_error
[worker2/etth1_all_methods_long_v2] [time_series] ssml_score_transform=none
[worker2/etth1_all_methods_long_v2] [time_series] ssml_positive_upper_quantile=1.0
[worker2/etth1_all_methods_long_v2] [time_series] ssml_guidance_mode=reweight_only
[worker2/etth1_all_methods_long_v2] [time_series] ssml_score_smoothing_kernel=1
[worker2/etth1_all_methods_long_v2] [time_series] ssml_window_score_kernel=1
[worker2/etth1_all_methods_long_v2] [time_series] ssml_window_expand_kernel=1
[worker2/etth1_all_methods_long_v2] [time_series] ssml_tail_start_ratio=0.0
[worker2/etth1_all_methods_long_v2] [time_series] ssml_residual_beta=1.0
[worker2/etth1_all_methods_long_v2] [time_series] ssml_ema_decay=0.0
[worker2/etth1_all_methods_long_v2] [time_series] ssml_imitation_space=raw
[worker2/etth1_all_methods_long_v2] [time_series] ssml_residual_space_kernel=9
[worker2/etth1_all_methods_long_v2] [time_series] ssml_conflict_aware_projection=0
[worker2/etth1_all_methods_long_v2] [time_series] ssml_freeze_peer=0
[worker2/etth1_all_methods_long_v2] [time_series] ssml_worse_only_update=0
[worker2/etth1_all_methods_long_v2] [time_series] ssml_anchor_weight=0.0
[worker2/etth1_all_methods_long_v2] [time_series] init_checkpoint_template=
[worker2/etth1_all_methods_long_v2] [time_series] peer_init_checkpoint_template=
[worker2/etth1_all_methods_long_v2] [time_series] early_stop_patience=0 early_stop_min_epochs=0 early_stop_min_delta=0.0
[worker2/etth1_all_methods_long_v2] [time_series] live_plot_interval=10
[worker2/etth1_all_methods_long_v2] [time_series] dataset=etth1 model=transformer method=independent seed=0 pred_len=24
[worker2/etth1_all_methods_long_v2] [time_series] run_dir=results/time_series_etth1_all_methods_long_v2/time_series/etth1/transformer_independent_huber_seed0
[worker2/etth1_all_methods_long_v2] [time_series] params=419240
[worker2/etth1_all_methods_long_v2] [time_series][epoch 001] lambda=0.0000 g_scale=0.000 train_total=0.37063399 train_sup=0.37063399 train_imit=0.00000000 mean_w=0.0000 active=0.0000 s_dense=0.00 s_pos=0.0000 s_sel=0.0000 s_sel_pos=0.0000 s_hot_err=0.000000 s_bg_err=0.000000 s_gap=0.000000 conf_cos=0.0000 conf_proj=0.00 val_mse=0.37733612 val_mae=0.44322375
[worker2/etth1_all_methods_long_v2] [time_series][epoch 002] lambda=0.0000 g_scale=0.000 train_total=0.25335213 train_sup=0.25335213 train_imit=0.00000000 mean_w=0.0000 active=0.0000 s_dense=0.00 s_pos=0.0000 s_sel=0.0000 s_sel_pos=0.0000 s_hot_err=0.000000 s_bg_err=0.000000 s_gap=0.000000 conf_cos=0.0000 conf_proj=0.00 val_mse=0.32686068 val_mae=0.39415005
[worker2/etth1_all_methods_long_v2] [time_series][epoch 003] lambda=0.0000 g_scale=0.000 train_total=0.23286708 train_sup=0.23286708 train_imit=0.00000000 mean_w=0.0000 active=0.0000 s_dense=0.00 s_pos=0.0000 s_sel=0.0000 s_sel_pos=0.0000 s_hot_err=0.000000 s_bg_err=0.000000 s_gap=0.000000 conf_cos=0.0000 conf_proj=0.00 val_mse=0.32700693 val_mae=0.39040713
[worker2/etth1_all_methods_long_v2] [time_series][epoch 004] lambda=0.0000 g_scale=0.000 train_total=0.21944455 train_sup=0.21944455 train_imit=0.00000000 mean_w=0.0000 active=0.0000 s_dense=0.00 s_pos=0.0000 s_sel=0.0000 s_sel_pos=0.0000 s_hot_err=0.000000 s_bg_err=0.000000 s_gap=0.000000 conf_cos=0.0000 conf_proj=0.00 val_mse=0.37077663 val_mae=0.42007290
[worker2/etth1_all_methods_long_v2] [time_series][epoch 005] lambda=0.0000 g_scale=0.000 train_total=0.20855787 train_sup=0.20855787 train_imit=0.00000000 mean_w=0.0000 active=0.0000 s_dense=0.00 s_pos=0.0000 s_sel=0.0000 s_sel_pos=0.0000 s_hot_err=0.000000 s_bg_err=0.000000 s_gap=0.000000 conf_cos=0.0000 conf_proj=0.00 val_mse=0.36116836 val_mae=0.42069894
[worker2/etth1_all_methods_long_v2] [time_series][epoch 006] lambda=0.0000 g_scale=0.000 train_total=0.19570397 train_sup=0.19570397 train_imit=0.00000000 mean_w=0.0000 active=0.0000 s_dense=0.00 s_pos=0.0000 s_sel=0.0000 s_sel_pos=0.0000 s_hot_err=0.000000 s_bg_err=0.000000 s_gap=0.000000 conf_cos=0.0000 conf_proj=0.00 val_mse=0.36464431 val_mae=0.42309970
[worker2/etth1_all_methods_long_v2] [time_series][epoch 007] lambda=0.0000 g_scale=0.000 train_total=0.18709231 train_sup=0.18709231 train_imit=0.00000000 mean_w=0.0000 active=0.0000 s_dense=0.00 s_pos=0.0000 s_sel=0.0000 s_sel_pos=0.0000 s_hot_err=0.000000 s_bg_err=0.000000 s_gap=0.000000 conf_cos=0.0000 conf_proj=0.00 val_mse=0.37293873 val_mae=0.43675246
[worker2/etth1_all_methods_long_v2] [time_series][epoch 008] lambda=0.0000 g_scale=0.000 train_total=0.17549012 train_sup=0.17549012 train_imit=0.00000000 mean_w=0.0000 active=0.0000 s_dense=0.00 s_pos=0.0000 s_sel=0.0000 s_sel_pos=0.0000 s_hot_err=0.000000 s_bg_err=0.000000 s_gap=0.000000 conf_cos=0.0000 conf_proj=0.00 val_mse=0.34752369 val_mae=0.41957846
[worker2/etth1_all_methods_long_v2] [time_series][epoch 009] lambda=0.0000 g_scale=0.000 train_total=0.16755976 train_sup=0.16755976 train_imit=0.00000000 mean_w=0.0000 active=0.0000 s_dense=0.00 s_pos=0.0000 s_sel=0.0000 s_sel_pos=0.0000 s_hot_err=0.000000 s_bg_err=0.000000 s_gap=0.000000 conf_cos=0.0000 conf_proj=0.00 val_mse=0.36355534 val_mae=0.42424559
[worker2/etth1_all_methods_long_v2] [time_series][epoch 010] lambda=0.0000 g_scale=0.000 train_total=0.15951412 train_sup=0.15951412 train_imit=0.00000000 mean_w=0.0000 active=0.0000 s_dense=0.00 s_pos=0.0000 s_sel=0.0000 s_sel_pos=0.0000 s_hot_err=0.000000 s_bg_err=0.000000 s_gap=0.000000 conf_cos=0.0000 conf_proj=0.00 val_mse=0.37364869 val_mae=0.42459516
[worker2/etth1_all_methods_long_v2] [time_series][epoch 010] updated live plot
[worker2/etth1_all_methods_long_v2] [time_series][epoch 011] lambda=0.0000 g_scale=0.000 train_total=0.15001894 train_sup=0.15001894 train_imit=0.00000000 mean_w=0.0000 active=0.0000 s_dense=0.00 s_pos=0.0000 s_sel=0.0000 s_sel_pos=0.0000 s_hot_err=0.000000 s_bg_err=0.000000 s_gap=0.000000 conf_cos=0.0000 conf_proj=0.00 val_mse=0.36033986 val_mae=0.42124829
[worker2/etth1_all_methods_long_v2] [time_series][epoch 012] lambda=0.0000 g_scale=0.000 train_total=0.14259527 train_sup=0.14259527 train_imit=0.00000000 mean_w=0.0000 active=0.0000 s_dense=0.00 s_pos=0.0000 s_sel=0.0000 s_sel_pos=0.0000 s_hot_err=0.000000 s_bg_err=0.000000 s_gap=0.000000 conf_cos=0.0000 conf_proj=0.00 val_mse=0.41413139 val_mae=0.46456437
[worker2/etth1_all_methods_long_v2] [time_series][epoch 013] lambda=0.0000 g_scale=0.000 train_total=0.13803808 train_sup=0.13803808 train_imit=0.00000000 mean_w=0.0000 active=0.0000 s_dense=0.00 s_pos=0.0000 s_sel=0.0000 s_sel_pos=0.0000 s_hot_err=0.000000 s_bg_err=0.000000 s_gap=0.000000 conf_cos=0.0000 conf_proj=0.00 val_mse=0.40615471 val_mae=0.45195072
[worker2/etth1_all_methods_long_v2] [time_series][epoch 014] lambda=0.0000 g_scale=0.000 train_total=0.13286009 train_sup=0.13286009 train_imit=0.00000000 mean_w=0.0000 active=0.0000 s_dense=0.00 s_pos=0.0000 s_sel=0.0000 s_sel_pos=0.0000 s_hot_err=0.000000 s_bg_err=0.000000 s_gap=0.000000 conf_cos=0.0000 conf_proj=0.00 val_mse=0.38382426 val_mae=0.43319079
[worker2/etth1_all_methods_long_v2] [time_series][epoch 015] lambda=0.0000 g_scale=0.000 train_total=0.12731613 train_sup=0.12731613 train_imit=0.00000000 mean_w=0.0000 active=0.0000 s_dense=0.00 s_pos=0.0000 s_sel=0.0000 s_sel_pos=0.0000 s_hot_err=0.000000 s_bg_err=0.000000 s_gap=0.000000 conf_cos=0.0000 conf_proj=0.00 val_mse=0.42899591 val_mae=0.47065978
[worker2/etth1_all_methods_long_v2] [time_series][epoch 016] lambda=0.0000 g_scale=0.000 train_total=0.12318366 train_sup=0.12318366 train_imit=0.00000000 mean_w=0.0000 active=0.0000 s_dense=0.00 s_pos=0.0000 s_sel=0.0000 s_sel_pos=0.0000 s_hot_err=0.000000 s_bg_err=0.000000 s_gap=0.000000 conf_cos=0.0000 conf_proj=0.00 val_mse=0.39547643 val_mae=0.44716890
[worker2/etth1_all_methods_long_v2] [time_series][epoch 017] lambda=0.0000 g_scale=0.000 train_total=0.12008968 train_sup=0.12008968 train_imit=0.00000000 mean_w=0.0000 active=0.0000 s_dense=0.00 s_pos=0.0000 s_sel=0.0000 s_sel_pos=0.0000 s_hot_err=0.000000 s_bg_err=0.000000 s_gap=0.000000 conf_cos=0.0000 conf_proj=0.00 val_mse=0.40232413 val_mae=0.45430045
[worker2/etth1_all_methods_long_v2] [time_series][epoch 018] lambda=0.0000 g_scale=0.000 train_total=0.11730551 train_sup=0.11730551 train_imit=0.00000000 mean_w=0.0000 active=0.0000 s_dense=0.00 s_pos=0.0000 s_sel=0.0000 s_sel_pos=0.0000 s_hot_err=0.000000 s_bg_err=0.000000 s_gap=0.000000 conf_cos=0.0000 conf_proj=0.00 val_mse=0.42731078 val_mae=0.46893785
[worker2/etth1_all_methods_long_v2] [time_series][epoch 019] lambda=0.0000 g_scale=0.000 train_total=0.11425503 train_sup=0.11425503 train_imit=0.00000000 mean_w=0.0000 active=0.0000 s_dense=0.00 s_pos=0.0000 s_sel=0.0000 s_sel_pos=0.0000 s_hot_err=0.000000 s_bg_err=0.000000 s_gap=0.000000 conf_cos=0.0000 conf_proj=0.00 val_mse=0.43335253 val_mae=0.46983975
[worker2/etth1_all_methods_long_v2] [time_series][epoch 020] lambda=0.0000 g_scale=0.000 train_total=0.11220313 train_sup=0.11220313 train_imit=0.00000000 mean_w=0.0000 active=0.0000 s_dense=0.00 s_pos=0.0000 s_sel=0.0000 s_sel_pos=0.0000 s_hot_err=0.000000 s_bg_err=0.000000 s_gap=0.000000 conf_cos=0.0000 conf_proj=0.00 val_mse=0.38121679 val_mae=0.43009059
[worker2/etth1_all_methods_long_v2] [time_series][epoch 020] updated live plot
[worker2/etth1_all_methods_long_v2] [time_series][epoch 021] lambda=0.0000 g_scale=0.000 train_total=0.10885532 train_sup=0.10885532 train_imit=0.00000000 mean_w=0.0000 active=0.0000 s_dense=0.00 s_pos=0.0000 s_sel=0.0000 s_sel_pos=0.0000 s_hot_err=0.000000 s_bg_err=0.000000 s_gap=0.000000 conf_cos=0.0000 conf_proj=0.00 val_mse=0.42824130 val_mae=0.46562296
[worker2/etth1_all_methods_long_v2] [time_series][epoch 022] lambda=0.0000 g_scale=0.000 train_total=0.10697189 train_sup=0.10697189 train_imit=0.00000000 mean_w=0.0000 active=0.0000 s_dense=0.00 s_pos=0.0000 s_sel=0.0000 s_sel_pos=0.0000 s_hot_err=0.000000 s_bg_err=0.000000 s_gap=0.000000 conf_cos=0.0000 conf_proj=0.00 val_mse=0.40684431 val_mae=0.45212996
[worker2/etth1_all_methods_long_v2] [time_series][epoch 023] lambda=0.0000 g_scale=0.000 train_total=0.10464339 train_sup=0.10464339 train_imit=0.00000000 mean_w=0.0000 active=0.0000 s_dense=0.00 s_pos=0.0000 s_sel=0.0000 s_sel_pos=0.0000 s_hot_err=0.000000 s_bg_err=0.000000 s_gap=0.000000 conf_cos=0.0000 conf_proj=0.00 val_mse=0.41748858 val_mae=0.46019754
[worker2/etth1_all_methods_long_v2] [time_series][epoch 024] lambda=0.0000 g_scale=0.000 train_total=0.10283342 train_sup=0.10283342 train_imit=0.00000000 mean_w=0.0000 active=0.0000 s_dense=0.00 s_pos=0.0000 s_sel=0.0000 s_sel_pos=0.0000 s_hot_err=0.000000 s_bg_err=0.000000 s_gap=0.000000 conf_cos=0.0000 conf_proj=0.00 val_mse=0.43281190 val_mae=0.47194127
[worker2/etth1_all_methods_long_v2] [time_series][epoch 025] lambda=0.0000 g_scale=0.000 train_total=0.10238840 train_sup=0.10238840 train_imit=0.00000000 mean_w=0.0000 active=0.0000 s_dense=0.00 s_pos=0.0000 s_sel=0.0000 s_sel_pos=0.0000 s_hot_err=0.000000 s_bg_err=0.000000 s_gap=0.000000 conf_cos=0.0000 conf_proj=0.00 val_mse=0.44708535 val_mae=0.48242593
[worker2/etth1_all_methods_long_v2] [time_series][epoch 026] lambda=0.0000 g_scale=0.000 train_total=0.10029380 train_sup=0.10029380 train_imit=0.00000000 mean_w=0.0000 active=0.0000 s_dense=0.00 s_pos=0.0000 s_sel=0.0000 s_sel_pos=0.0000 s_hot_err=0.000000 s_bg_err=0.000000 s_gap=0.000000 conf_cos=0.0000 conf_proj=0.00 val_mse=0.44447084 val_mae=0.47645723
[worker2/etth1_all_methods_long_v2] [time_series][epoch 027] lambda=0.0000 g_scale=0.000 train_total=0.10029432 train_sup=0.10029432 train_imit=0.00000000 mean_w=0.0000 active=0.0000 s_dense=0.00 s_pos=0.0000 s_sel=0.0000 s_sel_pos=0.0000 s_hot_err=0.000000 s_bg_err=0.000000 s_gap=0.000000 conf_cos=0.0000 conf_proj=0.00 val_mse=0.42028211 val_mae=0.45847465
[worker2/etth1_all_methods_long_v2] [time_series][epoch 028] lambda=0.0000 g_scale=0.000 train_total=0.09862444 train_sup=0.09862444 train_imit=0.00000000 mean_w=0.0000 active=0.0000 s_dense=0.00 s_pos=0.0000 s_sel=0.0000 s_sel_pos=0.0000 s_hot_err=0.000000 s_bg_err=0.000000 s_gap=0.000000 conf_cos=0.0000 conf_proj=0.00 val_mse=0.42438094 val_mae=0.45809143
[worker2/etth1_all_methods_long_v2] [time_series][epoch 029] lambda=0.0000 g_scale=0.000 train_total=0.09685988 train_sup=0.09685988 train_imit=0.00000000 mean_w=0.0000 active=0.0000 s_dense=0.00 s_pos=0.0000 s_sel=0.0000 s_sel_pos=0.0000 s_hot_err=0.000000 s_bg_err=0.000000 s_gap=0.000000 conf_cos=0.0000 conf_proj=0.00 val_mse=0.40951556 val_mae=0.45261932
[worker2/etth1_all_methods_long_v2] [time_series][epoch 030] lambda=0.0000 g_scale=0.000 train_total=0.09567939 train_sup=0.09567939 train_imit=0.00000000 mean_w=0.0000 active=0.0000 s_dense=0.00 s_pos=0.0000 s_sel=0.0000 s_sel_pos=0.0000 s_hot_err=0.000000 s_bg_err=0.000000 s_gap=0.000000 conf_cos=0.0000 conf_proj=0.00 val_mse=0.39726666 val_mae=0.44251411
[worker2/etth1_all_methods_long_v2] [time_series][epoch 030] updated live plot
[worker2/etth1_all_methods_long_v2] [time_series][epoch 031] lambda=0.0000 g_scale=0.000 train_total=0.09495994 train_sup=0.09495994 train_imit=0.00000000 mean_w=0.0000 active=0.0000 s_dense=0.00 s_pos=0.0000 s_sel=0.0000 s_sel_pos=0.0000 s_hot_err=0.000000 s_bg_err=0.000000 s_gap=0.000000 conf_cos=0.0000 conf_proj=0.00 val_mse=0.40711012 val_mae=0.45043597
[worker2/etth1_all_methods_long_v2] [time_series][epoch 032] lambda=0.0000 g_scale=0.000 train_total=0.09389832 train_sup=0.09389832 train_imit=0.00000000 mean_w=0.0000 active=0.0000 s_dense=0.00 s_pos=0.0000 s_sel=0.0000 s_sel_pos=0.0000 s_hot_err=0.000000 s_bg_err=0.000000 s_gap=0.000000 conf_cos=0.0000 conf_proj=0.00 val_mse=0.45440474 val_mae=0.47959535
[worker2/etth1_all_methods_long_v2] [time_series][epoch 033] lambda=0.0000 g_scale=0.000 train_total=0.09295333 train_sup=0.09295333 train_imit=0.00000000 mean_w=0.0000 active=0.0000 s_dense=0.00 s_pos=0.0000 s_sel=0.0000 s_sel_pos=0.0000 s_hot_err=0.000000 s_bg_err=0.000000 s_gap=0.000000 conf_cos=0.0000 conf_proj=0.00 val_mse=0.45262693 val_mae=0.48096921
[worker2/etth1_all_methods_long_v2] [time_series][epoch 034] lambda=0.0000 g_scale=0.000 train_total=0.09271337 train_sup=0.09271337 train_imit=0.00000000 mean_w=0.0000 active=0.0000 s_dense=0.00 s_pos=0.0000 s_sel=0.0000 s_sel_pos=0.0000 s_hot_err=0.000000 s_bg_err=0.000000 s_gap=0.000000 conf_cos=0.0000 conf_proj=0.00 val_mse=0.40359218 val_mae=0.44801851
[worker2/etth1_all_methods_long_v2] [time_series][epoch 035] lambda=0.0000 g_scale=0.000 train_total=0.09071864 train_sup=0.09071864 train_imit=0.00000000 mean_w=0.0000 active=0.0000 s_dense=0.00 s_pos=0.0000 s_sel=0.0000 s_sel_pos=0.0000 s_hot_err=0.000000 s_bg_err=0.000000 s_gap=0.000000 conf_cos=0.0000 conf_proj=0.00 val_mse=0.45120741 val_mae=0.47381358
[worker2/etth1_all_methods_long_v2] [time_series][epoch 036] lambda=0.0000 g_scale=0.000 train_total=0.09032504 train_sup=0.09032504 train_imit=0.00000000 mean_w=0.0000 active=0.0000 s_dense=0.00 s_pos=0.0000 s_sel=0.0000 s_sel_pos=0.0000 s_hot_err=0.000000 s_bg_err=0.000000 s_gap=0.000000 conf_cos=0.0000 conf_proj=0.00 val_mse=0.41963188 val_mae=0.45457267
[worker2/etth1_all_methods_long_v2] [time_series][epoch 037] lambda=0.0000 g_scale=0.000 train_total=0.09100615 train_sup=0.09100615 train_imit=0.00000000 mean_w=0.0000 active=0.0000 s_dense=0.00 s_pos=0.0000 s_sel=0.0000 s_sel_pos=0.0000 s_hot_err=0.000000 s_bg_err=0.000000 s_gap=0.000000 conf_cos=0.0000 conf_proj=0.00 val_mse=0.41775563 val_mae=0.46171329
[worker2/etth1_all_methods_long_v2] [time_series][epoch 038] lambda=0.0000 g_scale=0.000 train_total=0.08956899 train_sup=0.08956899 train_imit=0.00000000 mean_w=0.0000 active=0.0000 s_dense=0.00 s_pos=0.0000 s_sel=0.0000 s_sel_pos=0.0000 s_hot_err=0.000000 s_bg_err=0.000000 s_gap=0.000000 conf_cos=0.0000 conf_proj=0.00 val_mse=0.41621493 val_mae=0.45820686
[worker2/etth1_all_methods_long_v2] [time_series][epoch 039] lambda=0.0000 g_scale=0.000 train_total=0.08871112 train_sup=0.08871112 train_imit=0.00000000 mean_w=0.0000 active=0.0000 s_dense=0.00 s_pos=0.0000 s_sel=0.0000 s_sel_pos=0.0000 s_hot_err=0.000000 s_bg_err=0.000000 s_gap=0.000000 conf_cos=0.0000 conf_proj=0.00 val_mse=0.41933567 val_mae=0.46023036
[worker2/etth1_all_methods_long_v2] [time_series][epoch 040] lambda=0.0000 g_scale=0.000 train_total=0.08796990 train_sup=0.08796990 train_imit=0.00000000 mean_w=0.0000 active=0.0000 s_dense=0.00 s_pos=0.0000 s_sel=0.0000 s_sel_pos=0.0000 s_hot_err=0.000000 s_bg_err=0.000000 s_gap=0.000000 conf_cos=0.0000 conf_proj=0.00 val_mse=0.41606743 val_mae=0.45421065
[worker2/etth1_all_methods_long_v2] [time_series][epoch 040] updated live plot
[worker2/etth1_all_methods_long_v2] [time_series][epoch 041] lambda=0.0000 g_scale=0.000 train_total=0.08709980 train_sup=0.08709980 train_imit=0.00000000 mean_w=0.0000 active=0.0000 s_dense=0.00 s_pos=0.0000 s_sel=0.0000 s_sel_pos=0.0000 s_hot_err=0.000000 s_bg_err=0.000000 s_gap=0.000000 conf_cos=0.0000 conf_proj=0.00 val_mse=0.43451694 val_mae=0.46539994
[worker2/etth1_all_methods_long_v2] [time_series][epoch 042] lambda=0.0000 g_scale=0.000 train_total=0.08661269 train_sup=0.08661269 train_imit=0.00000000 mean_w=0.0000 active=0.0000 s_dense=0.00 s_pos=0.0000 s_sel=0.0000 s_sel_pos=0.0000 s_hot_err=0.000000 s_bg_err=0.000000 s_gap=0.000000 conf_cos=0.0000 conf_proj=0.00 val_mse=0.42816362 val_mae=0.46047234
[worker2/etth1_all_methods_long_v2] [time_series][epoch 043] lambda=0.0000 g_scale=0.000 train_total=0.08613597 train_sup=0.08613597 train_imit=0.00000000 mean_w=0.0000 active=0.0000 s_dense=0.00 s_pos=0.0000 s_sel=0.0000 s_sel_pos=0.0000 s_hot_err=0.000000 s_bg_err=0.000000 s_gap=0.000000 conf_cos=0.0000 conf_proj=0.00 val_mse=0.47000020 val_mae=0.49058294
[worker2/etth1_all_methods_long_v2] [time_series][epoch 044] lambda=0.0000 g_scale=0.000 train_total=0.08568627 train_sup=0.08568627 train_imit=0.00000000 mean_w=0.0000 active=0.0000 s_dense=0.00 s_pos=0.0000 s_sel=0.0000 s_sel_pos=0.0000 s_hot_err=0.000000 s_bg_err=0.000000 s_gap=0.000000 conf_cos=0.0000 conf_proj=0.00 val_mse=0.40525501 val_mae=0.45007094
[worker2/etth1_all_methods_long_v2] [time_series][epoch 045] lambda=0.0000 g_scale=0.000 train_total=0.08534947 train_sup=0.08534947 train_imit=0.00000000 mean_w=0.0000 active=0.0000 s_dense=0.00 s_pos=0.0000 s_sel=0.0000 s_sel_pos=0.0000 s_hot_err=0.000000 s_bg_err=0.000000 s_gap=0.000000 conf_cos=0.0000 conf_proj=0.00 val_mse=0.40550966 val_mae=0.44554131
[worker2/etth1_all_methods_long_v2] [time_series][epoch 046] lambda=0.0000 g_scale=0.000 train_total=0.08452582 train_sup=0.08452582 train_imit=0.00000000 mean_w=0.0000 active=0.0000 s_dense=0.00 s_pos=0.0000 s_sel=0.0000 s_sel_pos=0.0000 s_hot_err=0.000000 s_bg_err=0.000000 s_gap=0.000000 conf_cos=0.0000 conf_proj=0.00 val_mse=0.44489077 val_mae=0.47283034
[worker2/etth1_all_methods_long_v2] [time_series][epoch 047] lambda=0.0000 g_scale=0.000 train_total=0.08466464 train_sup=0.08466464 train_imit=0.00000000 mean_w=0.0000 active=0.0000 s_dense=0.00 s_pos=0.0000 s_sel=0.0000 s_sel_pos=0.0000 s_hot_err=0.000000 s_bg_err=0.000000 s_gap=0.000000 conf_cos=0.0000 conf_proj=0.00 val_mse=0.44557712 val_mae=0.47622937
[worker2/etth1_all_methods_long_v2] [time_series][epoch 048] lambda=0.0000 g_scale=0.000 train_total=0.08307730 train_sup=0.08307730 train_imit=0.00000000 mean_w=0.0000 active=0.0000 s_dense=0.00 s_pos=0.0000 s_sel=0.0000 s_sel_pos=0.0000 s_hot_err=0.000000 s_bg_err=0.000000 s_gap=0.000000 conf_cos=0.0000 conf_proj=0.00 val_mse=0.43507983 val_mae=0.46755199
[worker2/etth1_all_methods_long_v2] [time_series][epoch 049] lambda=0.0000 g_scale=0.000 train_total=0.08275700 train_sup=0.08275700 train_imit=0.00000000 mean_w=0.0000 active=0.0000 s_dense=0.00 s_pos=0.0000 s_sel=0.0000 s_sel_pos=0.0000 s_hot_err=0.000000 s_bg_err=0.000000 s_gap=0.000000 conf_cos=0.0000 conf_proj=0.00 val_mse=0.43922487 val_mae=0.46925335
[worker2/etth1_all_methods_long_v2] [time_series][epoch 050] lambda=0.0000 g_scale=0.000 train_total=0.08207750 train_sup=0.08207750 train_imit=0.00000000 mean_w=0.0000 active=0.0000 s_dense=0.00 s_pos=0.0000 s_sel=0.0000 s_sel_pos=0.0000 s_hot_err=0.000000 s_bg_err=0.000000 s_gap=0.000000 conf_cos=0.0000 conf_proj=0.00 val_mse=0.40833705 val_mae=0.45054600
[worker2/etth1_all_methods_long_v2] [time_series][epoch 050] updated live plot
[worker2/etth1_all_methods_long_v2] [time_series][epoch 051] lambda=0.0000 g_scale=0.000 train_total=0.08277568 train_sup=0.08277568 train_imit=0.00000000 mean_w=0.0000 active=0.0000 s_dense=0.00 s_pos=0.0000 s_sel=0.0000 s_sel_pos=0.0000 s_hot_err=0.000000 s_bg_err=0.000000 s_gap=0.000000 conf_cos=0.0000 conf_proj=0.00 val_mse=0.43649494 val_mae=0.46785092
[worker2/etth1_all_methods_long_v2] [time_series][epoch 052] lambda=0.0000 g_scale=0.000 train_total=0.08147791 train_sup=0.08147791 train_imit=0.00000000 mean_w=0.0000 active=0.0000 s_dense=0.00 s_pos=0.0000 s_sel=0.0000 s_sel_pos=0.0000 s_hot_err=0.000000 s_bg_err=0.000000 s_gap=0.000000 conf_cos=0.0000 conf_proj=0.00 val_mse=0.43042922 val_mae=0.46639502
[worker2/etth1_all_methods_long_v2] [time_series][epoch 053] lambda=0.0000 g_scale=0.000 train_total=0.08108496 train_sup=0.08108496 train_imit=0.00000000 mean_w=0.0000 active=0.0000 s_dense=0.00 s_pos=0.0000 s_sel=0.0000 s_sel_pos=0.0000 s_hot_err=0.000000 s_bg_err=0.000000 s_gap=0.000000 conf_cos=0.0000 conf_proj=0.00 val_mse=0.46888872 val_mae=0.49163880
[worker2/etth1_all_methods_long_v2] [time_series][epoch 054] lambda=0.0000 g_scale=0.000 train_total=0.08012227 train_sup=0.08012227 train_imit=0.00000000 mean_w=0.0000 active=0.0000 s_dense=0.00 s_pos=0.0000 s_sel=0.0000 s_sel_pos=0.0000 s_hot_err=0.000000 s_bg_err=0.000000 s_gap=0.000000 conf_cos=0.0000 conf_proj=0.00 val_mse=0.44468963 val_mae=0.47663181
[worker2/etth1_all_methods_long_v2] [time_series][epoch 055] lambda=0.0000 g_scale=0.000 train_total=0.08076846 train_sup=0.08076846 train_imit=0.00000000 mean_w=0.0000 active=0.0000 s_dense=0.00 s_pos=0.0000 s_sel=0.0000 s_sel_pos=0.0000 s_hot_err=0.000000 s_bg_err=0.000000 s_gap=0.000000 conf_cos=0.0000 conf_proj=0.00 val_mse=0.44383712 val_mae=0.47184088
[worker2/etth1_all_methods_long_v2] [time_series][epoch 056] lambda=0.0000 g_scale=0.000 train_total=0.07977956 train_sup=0.07977956 train_imit=0.00000000 mean_w=0.0000 active=0.0000 s_dense=0.00 s_pos=0.0000 s_sel=0.0000 s_sel_pos=0.0000 s_hot_err=0.000000 s_bg_err=0.000000 s_gap=0.000000 conf_cos=0.0000 conf_proj=0.00 val_mse=0.43244132 val_mae=0.46574639
[worker2/etth1_all_methods_long_v2] [time_series][epoch 057] lambda=0.0000 g_scale=0.000 train_total=0.07945042 train_sup=0.07945042 train_imit=0.00000000 mean_w=0.0000 active=0.0000 s_dense=0.00 s_pos=0.0000 s_sel=0.0000 s_sel_pos=0.0000 s_hot_err=0.000000 s_bg_err=0.000000 s_gap=0.000000 conf_cos=0.0000 conf_proj=0.00 val_mse=0.42713361 val_mae=0.46296903
[worker2/etth1_all_methods_long_v2] [time_series][epoch 058] lambda=0.0000 g_scale=0.000 train_total=0.07899202 train_sup=0.07899202 train_imit=0.00000000 mean_w=0.0000 active=0.0000 s_dense=0.00 s_pos=0.0000 s_sel=0.0000 s_sel_pos=0.0000 s_hot_err=0.000000 s_bg_err=0.000000 s_gap=0.000000 conf_cos=0.0000 conf_proj=0.00 val_mse=0.43002545 val_mae=0.46307092
[worker2/etth1_all_methods_long_v2] [time_series][epoch 059] lambda=0.0000 g_scale=0.000 train_total=0.07877135 train_sup=0.07877135 train_imit=0.00000000 mean_w=0.0000 active=0.0000 s_dense=0.00 s_pos=0.0000 s_sel=0.0000 s_sel_pos=0.0000 s_hot_err=0.000000 s_bg_err=0.000000 s_gap=0.000000 conf_cos=0.0000 conf_proj=0.00 val_mse=0.41742487 val_mae=0.45692069
[worker2/etth1_all_methods_long_v2] [time_series][epoch 060] lambda=0.0000 g_scale=0.000 train_total=0.07840474 train_sup=0.07840474 train_imit=0.00000000 mean_w=0.0000 active=0.0000 s_dense=0.00 s_pos=0.0000 s_sel=0.0000 s_sel_pos=0.0000 s_hot_err=0.000000 s_bg_err=0.000000 s_gap=0.000000 conf_cos=0.0000 conf_proj=0.00 val_mse=0.41602759 val_mae=0.45168319
[worker2/etth1_all_methods_long_v2] [time_series][epoch 060] updated live plot
[worker2/etth1_all_methods_long_v2] [time_series][epoch 061] lambda=0.0000 g_scale=0.000 train_total=0.07812349 train_sup=0.07812349 train_imit=0.00000000 mean_w=0.0000 active=0.0000 s_dense=0.00 s_pos=0.0000 s_sel=0.0000 s_sel_pos=0.0000 s_hot_err=0.000000 s_bg_err=0.000000 s_gap=0.000000 conf_cos=0.0000 conf_proj=0.00 val_mse=0.42886637 val_mae=0.46954460
[worker2/etth1_all_methods_long_v2] [time_series][epoch 062] lambda=0.0000 g_scale=0.000 train_total=0.07769464 train_sup=0.07769464 train_imit=0.00000000 mean_w=0.0000 active=0.0000 s_dense=0.00 s_pos=0.0000 s_sel=0.0000 s_sel_pos=0.0000 s_hot_err=0.000000 s_bg_err=0.000000 s_gap=0.000000 conf_cos=0.0000 conf_proj=0.00 val_mse=0.43635094 val_mae=0.47106197
[worker2/etth1_all_methods_long_v2] [time_series][epoch 063] lambda=0.0000 g_scale=0.000 train_total=0.07821972 train_sup=0.07821972 train_imit=0.00000000 mean_w=0.0000 active=0.0000 s_dense=0.00 s_pos=0.0000 s_sel=0.0000 s_sel_pos=0.0000 s_hot_err=0.000000 s_bg_err=0.000000 s_gap=0.000000 conf_cos=0.0000 conf_proj=0.00 val_mse=0.43730505 val_mae=0.47073243
[worker2/etth1_all_methods_long_v2] [time_series][epoch 064] lambda=0.0000 g_scale=0.000 train_total=0.07689758 train_sup=0.07689758 train_imit=0.00000000 mean_w=0.0000 active=0.0000 s_dense=0.00 s_pos=0.0000 s_sel=0.0000 s_sel_pos=0.0000 s_hot_err=0.000000 s_bg_err=0.000000 s_gap=0.000000 conf_cos=0.0000 conf_proj=0.00 val_mse=0.43284985 val_mae=0.46655994
[worker2/etth1_all_methods_long_v2] [time_series][epoch 065] lambda=0.0000 g_scale=0.000 train_total=0.07662011 train_sup=0.07662011 train_imit=0.00000000 mean_w=0.0000 active=0.0000 s_dense=0.00 s_pos=0.0000 s_sel=0.0000 s_sel_pos=0.0000 s_hot_err=0.000000 s_bg_err=0.000000 s_gap=0.000000 conf_cos=0.0000 conf_proj=0.00 val_mse=0.44008028 val_mae=0.47073368
[worker2/etth1_all_methods_long_v2] [time_series][epoch 066] lambda=0.0000 g_scale=0.000 train_total=0.07599894 train_sup=0.07599894 train_imit=0.00000000 mean_w=0.0000 active=0.0000 s_dense=0.00 s_pos=0.0000 s_sel=0.0000 s_sel_pos=0.0000 s_hot_err=0.000000 s_bg_err=0.000000 s_gap=0.000000 conf_cos=0.0000 conf_proj=0.00 val_mse=0.44444876 val_mae=0.47285319
[worker2/etth1_all_methods_long_v2] [time_series][epoch 067] lambda=0.0000 g_scale=0.000 train_total=0.07594981 train_sup=0.07594981 train_imit=0.00000000 mean_w=0.0000 active=0.0000 s_dense=0.00 s_pos=0.0000 s_sel=0.0000 s_sel_pos=0.0000 s_hot_err=0.000000 s_bg_err=0.000000 s_gap=0.000000 conf_cos=0.0000 conf_proj=0.00 val_mse=0.44242417 val_mae=0.47441997
[worker2/etth1_all_methods_long_v2] [time_series][epoch 068] lambda=0.0000 g_scale=0.000 train_total=0.07610268 train_sup=0.07610268 train_imit=0.00000000 mean_w=0.0000 active=0.0000 s_dense=0.00 s_pos=0.0000 s_sel=0.0000 s_sel_pos=0.0000 s_hot_err=0.000000 s_bg_err=0.000000 s_gap=0.000000 conf_cos=0.0000 conf_proj=0.00 val_mse=0.42534104 val_mae=0.46025726
[worker2/etth1_all_methods_long_v2] [time_series][epoch 069] lambda=0.0000 g_scale=0.000 train_total=0.07616966 train_sup=0.07616966 train_imit=0.00000000 mean_w=0.0000 active=0.0000 s_dense=0.00 s_pos=0.0000 s_sel=0.0000 s_sel_pos=0.0000 s_hot_err=0.000000 s_bg_err=0.000000 s_gap=0.000000 conf_cos=0.0000 conf_proj=0.00 val_mse=0.42873636 val_mae=0.46616685
[worker2/etth1_all_methods_long_v2] [time_series][epoch 070] lambda=0.0000 g_scale=0.000 train_total=0.07514623 train_sup=0.07514623 train_imit=0.00000000 mean_w=0.0000 active=0.0000 s_dense=0.00 s_pos=0.0000 s_sel=0.0000 s_sel_pos=0.0000 s_hot_err=0.000000 s_bg_err=0.000000 s_gap=0.000000 conf_cos=0.0000 conf_proj=0.00 val_mse=0.42220991 val_mae=0.45598224
[worker2/etth1_all_methods_long_v2] [time_series][epoch 070] updated live plot
[worker2/etth1_all_methods_long_v2] [time_series][epoch 071] lambda=0.0000 g_scale=0.000 train_total=0.07524505 train_sup=0.07524505 train_imit=0.00000000 mean_w=0.0000 active=0.0000 s_dense=0.00 s_pos=0.0000 s_sel=0.0000 s_sel_pos=0.0000 s_hot_err=0.000000 s_bg_err=0.000000 s_gap=0.000000 conf_cos=0.0000 conf_proj=0.00 val_mse=0.41548073 val_mae=0.46104671
[worker2/etth1_all_methods_long_v2] [time_series][epoch 072] lambda=0.0000 g_scale=0.000 train_total=0.07462461 train_sup=0.07462461 train_imit=0.00000000 mean_w=0.0000 active=0.0000 s_dense=0.00 s_pos=0.0000 s_sel=0.0000 s_sel_pos=0.0000 s_hot_err=0.000000 s_bg_err=0.000000 s_gap=0.000000 conf_cos=0.0000 conf_proj=0.00 val_mse=0.42008096 val_mae=0.46107662
[worker2/etth1_all_methods_long_v2] [time_series][epoch 073] lambda=0.0000 g_scale=0.000 train_total=0.07444887 train_sup=0.07444887 train_imit=0.00000000 mean_w=0.0000 active=0.0000 s_dense=0.00 s_pos=0.0000 s_sel=0.0000 s_sel_pos=0.0000 s_hot_err=0.000000 s_bg_err=0.000000 s_gap=0.000000 conf_cos=0.0000 conf_proj=0.00 val_mse=0.41826356 val_mae=0.45304983
[worker2/etth1_all_methods_long_v2] [time_series][epoch 074] lambda=0.0000 g_scale=0.000 train_total=0.07389451 train_sup=0.07389451 train_imit=0.00000000 mean_w=0.0000 active=0.0000 s_dense=0.00 s_pos=0.0000 s_sel=0.0000 s_sel_pos=0.0000 s_hot_err=0.000000 s_bg_err=0.000000 s_gap=0.000000 conf_cos=0.0000 conf_proj=0.00 val_mse=0.44609366 val_mae=0.48085622
[worker2/etth1_all_methods_long_v2] [time_series][epoch 075] lambda=0.0000 g_scale=0.000 train_total=0.07467001 train_sup=0.07467001 train_imit=0.00000000 mean_w=0.0000 active=0.0000 s_dense=0.00 s_pos=0.0000 s_sel=0.0000 s_sel_pos=0.0000 s_hot_err=0.000000 s_bg_err=0.000000 s_gap=0.000000 conf_cos=0.0000 conf_proj=0.00 val_mse=0.45641587 val_mae=0.48252591
[worker2/etth1_all_methods_long_v2] [time_series][epoch 076] lambda=0.0000 g_scale=0.000 train_total=0.07404040 train_sup=0.07404040 train_imit=0.00000000 mean_w=0.0000 active=0.0000 s_dense=0.00 s_pos=0.0000 s_sel=0.0000 s_sel_pos=0.0000 s_hot_err=0.000000 s_bg_err=0.000000 s_gap=0.000000 conf_cos=0.0000 conf_proj=0.00 val_mse=0.42656191 val_mae=0.46226436
[worker2/etth1_all_methods_long_v2] [time_series][epoch 077] lambda=0.0000 g_scale=0.000 train_total=0.07298250 train_sup=0.07298250 train_imit=0.00000000 mean_w=0.0000 active=0.0000 s_dense=0.00 s_pos=0.0000 s_sel=0.0000 s_sel_pos=0.0000 s_hot_err=0.000000 s_bg_err=0.000000 s_gap=0.000000 conf_cos=0.0000 conf_proj=0.00 val_mse=0.44850109 val_mae=0.47512021
[worker2/etth1_all_methods_long_v2] [time_series][epoch 078] lambda=0.0000 g_scale=0.000 train_total=0.07297734 train_sup=0.07297734 train_imit=0.00000000 mean_w=0.0000 active=0.0000 s_dense=0.00 s_pos=0.0000 s_sel=0.0000 s_sel_pos=0.0000 s_hot_err=0.000000 s_bg_err=0.000000 s_gap=0.000000 conf_cos=0.0000 conf_proj=0.00 val_mse=0.43513470 val_mae=0.46775699
[worker2/etth1_all_methods_long_v2] [time_series][epoch 079] lambda=0.0000 g_scale=0.000 train_total=0.07287864 train_sup=0.07287864 train_imit=0.00000000 mean_w=0.0000 active=0.0000 s_dense=0.00 s_pos=0.0000 s_sel=0.0000 s_sel_pos=0.0000 s_hot_err=0.000000 s_bg_err=0.000000 s_gap=0.000000 conf_cos=0.0000 conf_proj=0.00 val_mse=0.43745474 val_mae=0.47308537
[worker2/etth1_all_methods_long_v2] [time_series][epoch 080] lambda=0.0000 g_scale=0.000 train_total=0.07316272 train_sup=0.07316272 train_imit=0.00000000 mean_w=0.0000 active=0.0000 s_dense=0.00 s_pos=0.0000 s_sel=0.0000 s_sel_pos=0.0000 s_hot_err=0.000000 s_bg_err=0.000000 s_gap=0.000000 conf_cos=0.0000 conf_proj=0.00 val_mse=0.43324070 val_mae=0.46754106
[worker2/etth1_all_methods_long_v2] [time_series][epoch 080] updated live plot
[worker2/etth1_all_methods_long_v2] [time_series][epoch 081] lambda=0.0000 g_scale=0.000 train_total=0.07261408 train_sup=0.07261408 train_imit=0.00000000 mean_w=0.0000 active=0.0000 s_dense=0.00 s_pos=0.0000 s_sel=0.0000 s_sel_pos=0.0000 s_hot_err=0.000000 s_bg_err=0.000000 s_gap=0.000000 conf_cos=0.0000 conf_proj=0.00 val_mse=0.44300732 val_mae=0.47638502
[worker2/etth1_all_methods_long_v2] [time_series][epoch 082] lambda=0.0000 g_scale=0.000 train_total=0.07273887 train_sup=0.07273887 train_imit=0.00000000 mean_w=0.0000 active=0.0000 s_dense=0.00 s_pos=0.0000 s_sel=0.0000 s_sel_pos=0.0000 s_hot_err=0.000000 s_bg_err=0.000000 s_gap=0.000000 conf_cos=0.0000 conf_proj=0.00 val_mse=0.44742583 val_mae=0.48033659
[worker2/etth1_all_methods_long_v2] [time_series][epoch 083] lambda=0.0000 g_scale=0.000 train_total=0.07195846 train_sup=0.07195846 train_imit=0.00000000 mean_w=0.0000 active=0.0000 s_dense=0.00 s_pos=0.0000 s_sel=0.0000 s_sel_pos=0.0000 s_hot_err=0.000000 s_bg_err=0.000000 s_gap=0.000000 conf_cos=0.0000 conf_proj=0.00 val_mse=0.42234605 val_mae=0.46348119
[worker2/etth1_all_methods_long_v2] [time_series][epoch 084] lambda=0.0000 g_scale=0.000 train_total=0.07199713 train_sup=0.07199713 train_imit=0.00000000 mean_w=0.0000 active=0.0000 s_dense=0.00 s_pos=0.0000 s_sel=0.0000 s_sel_pos=0.0000 s_hot_err=0.000000 s_bg_err=0.000000 s_gap=0.000000 conf_cos=0.0000 conf_proj=0.00 val_mse=0.42305131 val_mae=0.46324992
[worker2/etth1_all_methods_long_v2] [time_series][epoch 085] lambda=0.0000 g_scale=0.000 train_total=0.07189371 train_sup=0.07189371 train_imit=0.00000000 mean_w=0.0000 active=0.0000 s_dense=0.00 s_pos=0.0000 s_sel=0.0000 s_sel_pos=0.0000 s_hot_err=0.000000 s_bg_err=0.000000 s_gap=0.000000 conf_cos=0.0000 conf_proj=0.00 val_mse=0.46170542 val_mae=0.48965545
[worker2/etth1_all_methods_long_v2] [time_series][epoch 086] lambda=0.0000 g_scale=0.000 train_total=0.07146632 train_sup=0.07146632 train_imit=0.00000000 mean_w=0.0000 active=0.0000 s_dense=0.00 s_pos=0.0000 s_sel=0.0000 s_sel_pos=0.0000 s_hot_err=0.000000 s_bg_err=0.000000 s_gap=0.000000 conf_cos=0.0000 conf_proj=0.00 val_mse=0.43199012 val_mae=0.46679013
[worker2/etth1_all_methods_long_v2] [time_series][epoch 087] lambda=0.0000 g_scale=0.000 train_total=0.07119956 train_sup=0.07119956 train_imit=0.00000000 mean_w=0.0000 active=0.0000 s_dense=0.00 s_pos=0.0000 s_sel=0.0000 s_sel_pos=0.0000 s_hot_err=0.000000 s_bg_err=0.000000 s_gap=0.000000 conf_cos=0.0000 conf_proj=0.00 val_mse=0.44965079 val_mae=0.47991535
[worker2/etth1_all_methods_long_v2] [time_series][epoch 088] lambda=0.0000 g_scale=0.000 train_total=0.07076959 train_sup=0.07076959 train_imit=0.00000000 mean_w=0.0000 active=0.0000 s_dense=0.00 s_pos=0.0000 s_sel=0.0000 s_sel_pos=0.0000 s_hot_err=0.000000 s_bg_err=0.000000 s_gap=0.000000 conf_cos=0.0000 conf_proj=0.00 val_mse=0.45926660 val_mae=0.48157441
[worker2/etth1_all_methods_long_v2] [time_series][epoch 089] lambda=0.0000 g_scale=0.000 train_total=0.07101341 train_sup=0.07101341 train_imit=0.00000000 mean_w=0.0000 active=0.0000 s_dense=0.00 s_pos=0.0000 s_sel=0.0000 s_sel_pos=0.0000 s_hot_err=0.000000 s_bg_err=0.000000 s_gap=0.000000 conf_cos=0.0000 conf_proj=0.00 val_mse=0.43360431 val_mae=0.46963116
[worker2/etth1_all_methods_long_v2] [time_series][epoch 090] lambda=0.0000 g_scale=0.000 train_total=0.07112964 train_sup=0.07112964 train_imit=0.00000000 mean_w=0.0000 active=0.0000 s_dense=0.00 s_pos=0.0000 s_sel=0.0000 s_sel_pos=0.0000 s_hot_err=0.000000 s_bg_err=0.000000 s_gap=0.000000 conf_cos=0.0000 conf_proj=0.00 val_mse=0.43967901 val_mae=0.46968442
[worker2/etth1_all_methods_long_v2] [time_series][epoch 090] updated live plot
[worker2/etth1_all_methods_long_v2] [time_series][epoch 091] lambda=0.0000 g_scale=0.000 train_total=0.07025505 train_sup=0.07025505 train_imit=0.00000000 mean_w=0.0000 active=0.0000 s_dense=0.00 s_pos=0.0000 s_sel=0.0000 s_sel_pos=0.0000 s_hot_err=0.000000 s_bg_err=0.000000 s_gap=0.000000 conf_cos=0.0000 conf_proj=0.00 val_mse=0.45132743 val_mae=0.48093285
[worker2/etth1_all_methods_long_v2] [time_series][epoch 092] lambda=0.0000 g_scale=0.000 train_total=0.07033837 train_sup=0.07033837 train_imit=0.00000000 mean_w=0.0000 active=0.0000 s_dense=0.00 s_pos=0.0000 s_sel=0.0000 s_sel_pos=0.0000 s_hot_err=0.000000 s_bg_err=0.000000 s_gap=0.000000 conf_cos=0.0000 conf_proj=0.00 val_mse=0.46582404 val_mae=0.49587430
[worker2/etth1_all_methods_long_v2] [time_series][epoch 093] lambda=0.0000 g_scale=0.000 train_total=0.07024945 train_sup=0.07024945 train_imit=0.00000000 mean_w=0.0000 active=0.0000 s_dense=0.00 s_pos=0.0000 s_sel=0.0000 s_sel_pos=0.0000 s_hot_err=0.000000 s_bg_err=0.000000 s_gap=0.000000 conf_cos=0.0000 conf_proj=0.00 val_mse=0.45997050 val_mae=0.48717627
[worker2/etth1_all_methods_long_v2] [time_series][epoch 094] lambda=0.0000 g_scale=0.000 train_total=0.06963366 train_sup=0.06963366 train_imit=0.00000000 mean_w=0.0000 active=0.0000 s_dense=0.00 s_pos=0.0000 s_sel=0.0000 s_sel_pos=0.0000 s_hot_err=0.000000 s_bg_err=0.000000 s_gap=0.000000 conf_cos=0.0000 conf_proj=0.00 val_mse=0.44269806 val_mae=0.47522565
[worker2/etth1_all_methods_long_v2] [time_series][epoch 095] lambda=0.0000 g_scale=0.000 train_total=0.07002810 train_sup=0.07002810 train_imit=0.00000000 mean_w=0.0000 active=0.0000 s_dense=0.00 s_pos=0.0000 s_sel=0.0000 s_sel_pos=0.0000 s_hot_err=0.000000 s_bg_err=0.000000 s_gap=0.000000 conf_cos=0.0000 conf_proj=0.00 val_mse=0.43615114 val_mae=0.46718539
[worker2/etth1_all_methods_long_v2] [time_series][epoch 096] lambda=0.0000 g_scale=0.000 train_total=0.06964926 train_sup=0.06964926 train_imit=0.00000000 mean_w=0.0000 active=0.0000 s_dense=0.00 s_pos=0.0000 s_sel=0.0000 s_sel_pos=0.0000 s_hot_err=0.000000 s_bg_err=0.000000 s_gap=0.000000 conf_cos=0.0000 conf_proj=0.00 val_mse=0.43038553 val_mae=0.46957225
[worker2/etth1_all_methods_long_v2] [time_series][epoch 097] lambda=0.0000 g_scale=0.000 train_total=0.06911108 train_sup=0.06911108 train_imit=0.00000000 mean_w=0.0000 active=0.0000 s_dense=0.00 s_pos=0.0000 s_sel=0.0000 s_sel_pos=0.0000 s_hot_err=0.000000 s_bg_err=0.000000 s_gap=0.000000 conf_cos=0.0000 conf_proj=0.00 val_mse=0.44025165 val_mae=0.47375675
[worker2/etth1_all_methods_long_v2] [time_series][epoch 098] lambda=0.0000 g_scale=0.000 train_total=0.06954446 train_sup=0.06954446 train_imit=0.00000000 mean_w=0.0000 active=0.0000 s_dense=0.00 s_pos=0.0000 s_sel=0.0000 s_sel_pos=0.0000 s_hot_err=0.000000 s_bg_err=0.000000 s_gap=0.000000 conf_cos=0.0000 conf_proj=0.00 val_mse=0.47204720 val_mae=0.49419804
[worker2/etth1_all_methods_long_v2] [time_series][epoch 099] lambda=0.0000 g_scale=0.000 train_total=0.06880642 train_sup=0.06880642 train_imit=0.00000000 mean_w=0.0000 active=0.0000 s_dense=0.00 s_pos=0.0000 s_sel=0.0000 s_sel_pos=0.0000 s_hot_err=0.000000 s_bg_err=0.000000 s_gap=0.000000 conf_cos=0.0000 conf_proj=0.00 val_mse=0.44755799 val_mae=0.47693404
[worker2/etth1_all_methods_long_v2] [time_series][epoch 100] lambda=0.0000 g_scale=0.000 train_total=0.06894266 train_sup=0.06894266 train_imit=0.00000000 mean_w=0.0000 active=0.0000 s_dense=0.00 s_pos=0.0000 s_sel=0.0000 s_sel_pos=0.0000 s_hot_err=0.000000 s_bg_err=0.000000 s_gap=0.000000 conf_cos=0.0000 conf_proj=0.00 val_mse=0.48364571 val_mae=0.50282446
[worker2/etth1_all_methods_long_v2] [time_series][epoch 100] updated live plot
[worker2/etth1_all_methods_long_v2] [time_series][epoch 101] lambda=0.0000 g_scale=0.000 train_total=0.06920245 train_sup=0.06920245 train_imit=0.00000000 mean_w=0.0000 active=0.0000 s_dense=0.00 s_pos=0.0000 s_sel=0.0000 s_sel_pos=0.0000 s_hot_err=0.000000 s_bg_err=0.000000 s_gap=0.000000 conf_cos=0.0000 conf_proj=0.00 val_mse=0.46897211 val_mae=0.49506917
[worker2/etth1_all_methods_long_v2] [time_series][epoch 102] lambda=0.0000 g_scale=0.000 train_total=0.06836202 train_sup=0.06836202 train_imit=0.00000000 mean_w=0.0000 active=0.0000 s_dense=0.00 s_pos=0.0000 s_sel=0.0000 s_sel_pos=0.0000 s_hot_err=0.000000 s_bg_err=0.000000 s_gap=0.000000 conf_cos=0.0000 conf_proj=0.00 val_mse=0.46234745 val_mae=0.49014549
[worker2/etth1_all_methods_long_v2] [time_series][epoch 103] lambda=0.0000 g_scale=0.000 train_total=0.06851454 train_sup=0.06851454 train_imit=0.00000000 mean_w=0.0000 active=0.0000 s_dense=0.00 s_pos=0.0000 s_sel=0.0000 s_sel_pos=0.0000 s_hot_err=0.000000 s_bg_err=0.000000 s_gap=0.000000 conf_cos=0.0000 conf_proj=0.00 val_mse=0.42370230 val_mae=0.46160128
[worker2/etth1_all_methods_long_v2] [time_series][epoch 104] lambda=0.0000 g_scale=0.000 train_total=0.06865279 train_sup=0.06865279 train_imit=0.00000000 mean_w=0.0000 active=0.0000 s_dense=0.00 s_pos=0.0000 s_sel=0.0000 s_sel_pos=0.0000 s_hot_err=0.000000 s_bg_err=0.000000 s_gap=0.000000 conf_cos=0.0000 conf_proj=0.00 val_mse=0.41955663 val_mae=0.46109685
[worker2/etth1_all_methods_long_v2] [time_series][epoch 105] lambda=0.0000 g_scale=0.000 train_total=0.06817068 train_sup=0.06817068 train_imit=0.00000000 mean_w=0.0000 active=0.0000 s_dense=0.00 s_pos=0.0000 s_sel=0.0000 s_sel_pos=0.0000 s_hot_err=0.000000 s_bg_err=0.000000 s_gap=0.000000 conf_cos=0.0000 conf_proj=0.00 val_mse=0.44442321 val_mae=0.47466365
[worker2/etth1_all_methods_long_v2] [time_series][epoch 106] lambda=0.0000 g_scale=0.000 train_total=0.06796416 train_sup=0.06796416 train_imit=0.00000000 mean_w=0.0000 active=0.0000 s_dense=0.00 s_pos=0.0000 s_sel=0.0000 s_sel_pos=0.0000 s_hot_err=0.000000 s_bg_err=0.000000 s_gap=0.000000 conf_cos=0.0000 conf_proj=0.00 val_mse=0.43850358 val_mae=0.47337355
[worker2/etth1_all_methods_long_v2] [time_series][epoch 107] lambda=0.0000 g_scale=0.000 train_total=0.06768941 train_sup=0.06768941 train_imit=0.00000000 mean_w=0.0000 active=0.0000 s_dense=0.00 s_pos=0.0000 s_sel=0.0000 s_sel_pos=0.0000 s_hot_err=0.000000 s_bg_err=0.000000 s_gap=0.000000 conf_cos=0.0000 conf_proj=0.00 val_mse=0.44434343 val_mae=0.47799993
[worker2/etth1_all_methods_long_v2] [time_series][epoch 108] lambda=0.0000 g_scale=0.000 train_total=0.06780828 train_sup=0.06780828 train_imit=0.00000000 mean_w=0.0000 active=0.0000 s_dense=0.00 s_pos=0.0000 s_sel=0.0000 s_sel_pos=0.0000 s_hot_err=0.000000 s_bg_err=0.000000 s_gap=0.000000 conf_cos=0.0000 conf_proj=0.00 val_mse=0.44637135 val_mae=0.47895164
[worker2/etth1_all_methods_long_v2] [time_series][epoch 109] lambda=0.0000 g_scale=0.000 train_total=0.06713151 train_sup=0.06713151 train_imit=0.00000000 mean_w=0.0000 active=0.0000 s_dense=0.00 s_pos=0.0000 s_sel=0.0000 s_sel_pos=0.0000 s_hot_err=0.000000 s_bg_err=0.000000 s_gap=0.000000 conf_cos=0.0000 conf_proj=0.00 val_mse=0.43799135 val_mae=0.46924948
[worker2/etth1_all_methods_long_v2] [time_series][epoch 110] lambda=0.0000 g_scale=0.000 train_total=0.06690964 train_sup=0.06690964 train_imit=0.00000000 mean_w=0.0000 active=0.0000 s_dense=0.00 s_pos=0.0000 s_sel=0.0000 s_sel_pos=0.0000 s_hot_err=0.000000 s_bg_err=0.000000 s_gap=0.000000 conf_cos=0.0000 conf_proj=0.00 val_mse=0.44368446 val_mae=0.47225793
[worker2/etth1_all_methods_long_v2] [time_series][epoch 110] updated live plot
[worker2/etth1_all_methods_long_v2] [time_series][epoch 111] lambda=0.0000 g_scale=0.000 train_total=0.06706256 train_sup=0.06706256 train_imit=0.00000000 mean_w=0.0000 active=0.0000 s_dense=0.00 s_pos=0.0000 s_sel=0.0000 s_sel_pos=0.0000 s_hot_err=0.000000 s_bg_err=0.000000 s_gap=0.000000 conf_cos=0.0000 conf_proj=0.00 val_mse=0.43586453 val_mae=0.46602944
[worker2/etth1_all_methods_long_v2] [time_series][epoch 112] lambda=0.0000 g_scale=0.000 train_total=0.06704787 train_sup=0.06704787 train_imit=0.00000000 mean_w=0.0000 active=0.0000 s_dense=0.00 s_pos=0.0000 s_sel=0.0000 s_sel_pos=0.0000 s_hot_err=0.000000 s_bg_err=0.000000 s_gap=0.000000 conf_cos=0.0000 conf_proj=0.00 val_mse=0.42918285 val_mae=0.46360448
[worker2/etth1_all_methods_long_v2] [time_series][epoch 113] lambda=0.0000 g_scale=0.000 train_total=0.06690850 train_sup=0.06690850 train_imit=0.00000000 mean_w=0.0000 active=0.0000 s_dense=0.00 s_pos=0.0000 s_sel=0.0000 s_sel_pos=0.0000 s_hot_err=0.000000 s_bg_err=0.000000 s_gap=0.000000 conf_cos=0.0000 conf_proj=0.00 val_mse=0.43496164 val_mae=0.46724342
[worker2/etth1_all_methods_long_v2] [time_series][epoch 114] lambda=0.0000 g_scale=0.000 train_total=0.06693208 train_sup=0.06693208 train_imit=0.00000000 mean_w=0.0000 active=0.0000 s_dense=0.00 s_pos=0.0000 s_sel=0.0000 s_sel_pos=0.0000 s_hot_err=0.000000 s_bg_err=0.000000 s_gap=0.000000 conf_cos=0.0000 conf_proj=0.00 val_mse=0.43798438 val_mae=0.47365786
[worker2/etth1_all_methods_long_v2] [time_series][epoch 115] lambda=0.0000 g_scale=0.000 train_total=0.06661656 train_sup=0.06661656 train_imit=0.00000000 mean_w=0.0000 active=0.0000 s_dense=0.00 s_pos=0.0000 s_sel=0.0000 s_sel_pos=0.0000 s_hot_err=0.000000 s_bg_err=0.000000 s_gap=0.000000 conf_cos=0.0000 conf_proj=0.00 val_mse=0.41678323 val_mae=0.45664999
[worker2/etth1_all_methods_long_v2] [time_series][epoch 116] lambda=0.0000 g_scale=0.000 train_total=0.06634578 train_sup=0.06634578 train_imit=0.00000000 mean_w=0.0000 active=0.0000 s_dense=0.00 s_pos=0.0000 s_sel=0.0000 s_sel_pos=0.0000 s_hot_err=0.000000 s_bg_err=0.000000 s_gap=0.000000 conf_cos=0.0000 conf_proj=0.00 val_mse=0.44233166 val_mae=0.47310363
[worker2/etth1_all_methods_long_v2] [time_series][epoch 117] lambda=0.0000 g_scale=0.000 train_total=0.06627050 train_sup=0.06627050 train_imit=0.00000000 mean_w=0.0000 active=0.0000 s_dense=0.00 s_pos=0.0000 s_sel=0.0000 s_sel_pos=0.0000 s_hot_err=0.000000 s_bg_err=0.000000 s_gap=0.000000 conf_cos=0.0000 conf_proj=0.00 val_mse=0.42167404 val_mae=0.45940828
[worker2/etth1_all_methods_long_v2] [time_series][epoch 118] lambda=0.0000 g_scale=0.000 train_total=0.06642250 train_sup=0.06642250 train_imit=0.00000000 mean_w=0.0000 active=0.0000 s_dense=0.00 s_pos=0.0000 s_sel=0.0000 s_sel_pos=0.0000 s_hot_err=0.000000 s_bg_err=0.000000 s_gap=0.000000 conf_cos=0.0000 conf_proj=0.00 val_mse=0.44475866 val_mae=0.47483278
[worker2/etth1_all_methods_long_v2] [time_series][epoch 119] lambda=0.0000 g_scale=0.000 train_total=0.06605205 train_sup=0.06605205 train_imit=0.00000000 mean_w=0.0000 active=0.0000 s_dense=0.00 s_pos=0.0000 s_sel=0.0000 s_sel_pos=0.0000 s_hot_err=0.000000 s_bg_err=0.000000 s_gap=0.000000 conf_cos=0.0000 conf_proj=0.00 val_mse=0.44887757 val_mae=0.47611564
[worker2/etth1_all_methods_long_v2] [time_series][epoch 120] lambda=0.0000 g_scale=0.000 train_total=0.06689592 train_sup=0.06689592 train_imit=0.00000000 mean_w=0.0000 active=0.0000 s_dense=0.00 s_pos=0.0000 s_sel=0.0000 s_sel_pos=0.0000 s_hot_err=0.000000 s_bg_err=0.000000 s_gap=0.000000 conf_cos=0.0000 conf_proj=0.00 val_mse=0.42840604 val_mae=0.45727570
[worker2/etth1_all_methods_long_v2] [time_series][epoch 120] updated live plot
[worker2/etth1_all_methods_long_v2] [time_series][epoch 121] lambda=0.0000 g_scale=0.000 train_total=0.06591343 train_sup=0.06591343 train_imit=0.00000000 mean_w=0.0000 active=0.0000 s_dense=0.00 s_pos=0.0000 s_sel=0.0000 s_sel_pos=0.0000 s_hot_err=0.000000 s_bg_err=0.000000 s_gap=0.000000 conf_cos=0.0000 conf_proj=0.00 val_mse=0.43997364 val_mae=0.47089335
[worker2/etth1_all_methods_long_v2] [time_series][epoch 122] lambda=0.0000 g_scale=0.000 train_total=0.06552312 train_sup=0.06552312 train_imit=0.00000000 mean_w=0.0000 active=0.0000 s_dense=0.00 s_pos=0.0000 s_sel=0.0000 s_sel_pos=0.0000 s_hot_err=0.000000 s_bg_err=0.000000 s_gap=0.000000 conf_cos=0.0000 conf_proj=0.00 val_mse=0.40885174 val_mae=0.44597003
[worker2/etth1_all_methods_long_v2] [time_series][epoch 123] lambda=0.0000 g_scale=0.000 train_total=0.06579930 train_sup=0.06579930 train_imit=0.00000000 mean_w=0.0000 active=0.0000 s_dense=0.00 s_pos=0.0000 s_sel=0.0000 s_sel_pos=0.0000 s_hot_err=0.000000 s_bg_err=0.000000 s_gap=0.000000 conf_cos=0.0000 conf_proj=0.00 val_mse=0.42200668 val_mae=0.45851012
[worker2/etth1_all_methods_long_v2] [time_series][epoch 124] lambda=0.0000 g_scale=0.000 train_total=0.06547705 train_sup=0.06547705 train_imit=0.00000000 mean_w=0.0000 active=0.0000 s_dense=0.00 s_pos=0.0000 s_sel=0.0000 s_sel_pos=0.0000 s_hot_err=0.000000 s_bg_err=0.000000 s_gap=0.000000 conf_cos=0.0000 conf_proj=0.00 val_mse=0.43923805 val_mae=0.47039993
[worker2/etth1_all_methods_long_v2] [time_series][epoch 125] lambda=0.0000 g_scale=0.000 train_total=0.06533582 train_sup=0.06533582 train_imit=0.00000000 mean_w=0.0000 active=0.0000 s_dense=0.00 s_pos=0.0000 s_sel=0.0000 s_sel_pos=0.0000 s_hot_err=0.000000 s_bg_err=0.000000 s_gap=0.000000 conf_cos=0.0000 conf_proj=0.00 val_mse=0.40810846 val_mae=0.44807952
[worker2/etth1_all_methods_long_v2] [time_series][epoch 126] lambda=0.0000 g_scale=0.000 train_total=0.06541843 train_sup=0.06541843 train_imit=0.00000000 mean_w=0.0000 active=0.0000 s_dense=0.00 s_pos=0.0000 s_sel=0.0000 s_sel_pos=0.0000 s_hot_err=0.000000 s_bg_err=0.000000 s_gap=0.000000 conf_cos=0.0000 conf_proj=0.00 val_mse=0.43125249 val_mae=0.46271220
[worker2/etth1_all_methods_long_v2] [time_series][epoch 127] lambda=0.0000 g_scale=0.000 train_total=0.06557958 train_sup=0.06557958 train_imit=0.00000000 mean_w=0.0000 active=0.0000 s_dense=0.00 s_pos=0.0000 s_sel=0.0000 s_sel_pos=0.0000 s_hot_err=0.000000 s_bg_err=0.000000 s_gap=0.000000 conf_cos=0.0000 conf_proj=0.00 val_mse=0.45876985 val_mae=0.48585340
[worker2/etth1_all_methods_long_v2] [time_series][epoch 128] lambda=0.0000 g_scale=0.000 train_total=0.06536673 train_sup=0.06536673 train_imit=0.00000000 mean_w=0.0000 active=0.0000 s_dense=0.00 s_pos=0.0000 s_sel=0.0000 s_sel_pos=0.0000 s_hot_err=0.000000 s_bg_err=0.000000 s_gap=0.000000 conf_cos=0.0000 conf_proj=0.00 val_mse=0.45339841 val_mae=0.48157483
[worker2/etth1_all_methods_long_v2] [time_series][epoch 129] lambda=0.0000 g_scale=0.000 train_total=0.06468162 train_sup=0.06468162 train_imit=0.00000000 mean_w=0.0000 active=0.0000 s_dense=0.00 s_pos=0.0000 s_sel=0.0000 s_sel_pos=0.0000 s_hot_err=0.000000 s_bg_err=0.000000 s_gap=0.000000 conf_cos=0.0000 conf_proj=0.00 val_mse=0.43559436 val_mae=0.46950777
[worker2/etth1_all_methods_long_v2] [time_series][epoch 130] lambda=0.0000 g_scale=0.000 train_total=0.06473241 train_sup=0.06473241 train_imit=0.00000000 mean_w=0.0000 active=0.0000 s_dense=0.00 s_pos=0.0000 s_sel=0.0000 s_sel_pos=0.0000 s_hot_err=0.000000 s_bg_err=0.000000 s_gap=0.000000 conf_cos=0.0000 conf_proj=0.00 val_mse=0.45455502 val_mae=0.48087734
[worker2/etth1_all_methods_long_v2] [time_series][epoch 130] updated live plot
[worker2/etth1_all_methods_long_v2] [time_series][epoch 131] lambda=0.0000 g_scale=0.000 train_total=0.06436233 train_sup=0.06436233 train_imit=0.00000000 mean_w=0.0000 active=0.0000 s_dense=0.00 s_pos=0.0000 s_sel=0.0000 s_sel_pos=0.0000 s_hot_err=0.000000 s_bg_err=0.000000 s_gap=0.000000 conf_cos=0.0000 conf_proj=0.00 val_mse=0.44154115 val_mae=0.47106996
[worker2/etth1_all_methods_long_v2] [time_series][epoch 132] lambda=0.0000 g_scale=0.000 train_total=0.06458035 train_sup=0.06458035 train_imit=0.00000000 mean_w=0.0000 active=0.0000 s_dense=0.00 s_pos=0.0000 s_sel=0.0000 s_sel_pos=0.0000 s_hot_err=0.000000 s_bg_err=0.000000 s_gap=0.000000 conf_cos=0.0000 conf_proj=0.00 val_mse=0.44126526 val_mae=0.47112917
[worker2/etth1_all_methods_long_v2] [time_series][epoch 133] lambda=0.0000 g_scale=0.000 train_total=0.06440049 train_sup=0.06440049 train_imit=0.00000000 mean_w=0.0000 active=0.0000 s_dense=0.00 s_pos=0.0000 s_sel=0.0000 s_sel_pos=0.0000 s_hot_err=0.000000 s_bg_err=0.000000 s_gap=0.000000 conf_cos=0.0000 conf_proj=0.00 val_mse=0.44086608 val_mae=0.47646461
[worker2/etth1_all_methods_long_v2] [time_series][epoch 134] lambda=0.0000 g_scale=0.000 train_total=0.06440135 train_sup=0.06440135 train_imit=0.00000000 mean_w=0.0000 active=0.0000 s_dense=0.00 s_pos=0.0000 s_sel=0.0000 s_sel_pos=0.0000 s_hot_err=0.000000 s_bg_err=0.000000 s_gap=0.000000 conf_cos=0.0000 conf_proj=0.00 val_mse=0.43374622 val_mae=0.46594239
[worker2/etth1_all_methods_long_v2] [time_series][epoch 135] lambda=0.0000 g_scale=0.000 train_total=0.06403839 train_sup=0.06403839 train_imit=0.00000000 mean_w=0.0000 active=0.0000 s_dense=0.00 s_pos=0.0000 s_sel=0.0000 s_sel_pos=0.0000 s_hot_err=0.000000 s_bg_err=0.000000 s_gap=0.000000 conf_cos=0.0000 conf_proj=0.00 val_mse=0.43913975 val_mae=0.46608139
[worker2/etth1_all_methods_long_v2] [time_series][epoch 136] lambda=0.0000 g_scale=0.000 train_total=0.06416293 train_sup=0.06416293 train_imit=0.00000000 mean_w=0.0000 active=0.0000 s_dense=0.00 s_pos=0.0000 s_sel=0.0000 s_sel_pos=0.0000 s_hot_err=0.000000 s_bg_err=0.000000 s_gap=0.000000 conf_cos=0.0000 conf_proj=0.00 val_mse=0.42716833 val_mae=0.46048710
[worker2/etth1_all_methods_long_v2] [time_series][epoch 137] lambda=0.0000 g_scale=0.000 train_total=0.06417705 train_sup=0.06417705 train_imit=0.00000000 mean_w=0.0000 active=0.0000 s_dense=0.00 s_pos=0.0000 s_sel=0.0000 s_sel_pos=0.0000 s_hot_err=0.000000 s_bg_err=0.000000 s_gap=0.000000 conf_cos=0.0000 conf_proj=0.00 val_mse=0.42621418 val_mae=0.46138745
[worker2/etth1_all_methods_long_v2] [time_series][epoch 138] lambda=0.0000 g_scale=0.000 train_total=0.06401609 train_sup=0.06401609 train_imit=0.00000000 mean_w=0.0000 active=0.0000 s_dense=0.00 s_pos=0.0000 s_sel=0.0000 s_sel_pos=0.0000 s_hot_err=0.000000 s_bg_err=0.000000 s_gap=0.000000 conf_cos=0.0000 conf_proj=0.00 val_mse=0.42721577 val_mae=0.46068515
[worker2/etth1_all_methods_long_v2] [time_series][epoch 139] lambda=0.0000 g_scale=0.000 train_total=0.06363458 train_sup=0.06363458 train_imit=0.00000000 mean_w=0.0000 active=0.0000 s_dense=0.00 s_pos=0.0000 s_sel=0.0000 s_sel_pos=0.0000 s_hot_err=0.000000 s_bg_err=0.000000 s_gap=0.000000 conf_cos=0.0000 conf_proj=0.00 val_mse=0.39167887 val_mae=0.43556584
[worker2/etth1_all_methods_long_v2] [time_series][epoch 140] lambda=0.0000 g_scale=0.000 train_total=0.06349554 train_sup=0.06349554 train_imit=0.00000000 mean_w=0.0000 active=0.0000 s_dense=0.00 s_pos=0.0000 s_sel=0.0000 s_sel_pos=0.0000 s_hot_err=0.000000 s_bg_err=0.000000 s_gap=0.000000 conf_cos=0.0000 conf_proj=0.00 val_mse=0.45042550 val_mae=0.47979982
[worker2/etth1_all_methods_long_v2] [time_series][epoch 140] updated live plot
[worker2/etth1_all_methods_long_v2] [time_series][epoch 141] lambda=0.0000 g_scale=0.000 train_total=0.06351699 train_sup=0.06351699 train_imit=0.00000000 mean_w=0.0000 active=0.0000 s_dense=0.00 s_pos=0.0000 s_sel=0.0000 s_sel_pos=0.0000 s_hot_err=0.000000 s_bg_err=0.000000 s_gap=0.000000 conf_cos=0.0000 conf_proj=0.00 val_mse=0.44678825 val_mae=0.47507041
[worker2/etth1_all_methods_long_v2] [time_series][epoch 142] lambda=0.0000 g_scale=0.000 train_total=0.06363706 train_sup=0.06363706 train_imit=0.00000000 mean_w=0.0000 active=0.0000 s_dense=0.00 s_pos=0.0000 s_sel=0.0000 s_sel_pos=0.0000 s_hot_err=0.000000 s_bg_err=0.000000 s_gap=0.000000 conf_cos=0.0000 conf_proj=0.00 val_mse=0.43345461 val_mae=0.46376029
[worker2/etth1_all_methods_long_v2] [time_series][epoch 143] lambda=0.0000 g_scale=0.000 train_total=0.06340817 train_sup=0.06340817 train_imit=0.00000000 mean_w=0.0000 active=0.0000 s_dense=0.00 s_pos=0.0000 s_sel=0.0000 s_sel_pos=0.0000 s_hot_err=0.000000 s_bg_err=0.000000 s_gap=0.000000 conf_cos=0.0000 conf_proj=0.00 val_mse=0.46302769 val_mae=0.48356470
[worker2/etth1_all_methods_long_v2] [time_series][epoch 144] lambda=0.0000 g_scale=0.000 train_total=0.06296317 train_sup=0.06296317 train_imit=0.00000000 mean_w=0.0000 active=0.0000 s_dense=0.00 s_pos=0.0000 s_sel=0.0000 s_sel_pos=0.0000 s_hot_err=0.000000 s_bg_err=0.000000 s_gap=0.000000 conf_cos=0.0000 conf_proj=0.00 val_mse=0.45479118 val_mae=0.47749253
[worker2/etth1_all_methods_long_v2] [time_series][epoch 145] lambda=0.0000 g_scale=0.000 train_total=0.06313325 train_sup=0.06313325 train_imit=0.00000000 mean_w=0.0000 active=0.0000 s_dense=0.00 s_pos=0.0000 s_sel=0.0000 s_sel_pos=0.0000 s_hot_err=0.000000 s_bg_err=0.000000 s_gap=0.000000 conf_cos=0.0000 conf_proj=0.00 val_mse=0.43434620 val_mae=0.46673200
[worker2/etth1_all_methods_long_v2] [time_series][epoch 146] lambda=0.0000 g_scale=0.000 train_total=0.06324970 train_sup=0.06324970 train_imit=0.00000000 mean_w=0.0000 active=0.0000 s_dense=0.00 s_pos=0.0000 s_sel=0.0000 s_sel_pos=0.0000 s_hot_err=0.000000 s_bg_err=0.000000 s_gap=0.000000 conf_cos=0.0000 conf_proj=0.00 val_mse=0.44677124 val_mae=0.47561750
[worker2/etth1_all_methods_long_v2] [time_series][epoch 147] lambda=0.0000 g_scale=0.000 train_total=0.06318918 train_sup=0.06318918 train_imit=0.00000000 mean_w=0.0000 active=0.0000 s_dense=0.00 s_pos=0.0000 s_sel=0.0000 s_sel_pos=0.0000 s_hot_err=0.000000 s_bg_err=0.000000 s_gap=0.000000 conf_cos=0.0000 conf_proj=0.00 val_mse=0.43087206 val_mae=0.46439919
[worker2/etth1_all_methods_long_v2] [time_series][epoch 148] lambda=0.0000 g_scale=0.000 train_total=0.06302816 train_sup=0.06302816 train_imit=0.00000000 mean_w=0.0000 active=0.0000 s_dense=0.00 s_pos=0.0000 s_sel=0.0000 s_sel_pos=0.0000 s_hot_err=0.000000 s_bg_err=0.000000 s_gap=0.000000 conf_cos=0.0000 conf_proj=0.00 val_mse=0.46549391 val_mae=0.48928562
[worker2/etth1_all_methods_long_v2] [time_series][epoch 149] lambda=0.0000 g_scale=0.000 train_total=0.06301374 train_sup=0.06301374 train_imit=0.00000000 mean_w=0.0000 active=0.0000 s_dense=0.00 s_pos=0.0000 s_sel=0.0000 s_sel_pos=0.0000 s_hot_err=0.000000 s_bg_err=0.000000 s_gap=0.000000 conf_cos=0.0000 conf_proj=0.00 val_mse=0.43547787 val_mae=0.46582486
[worker2/etth1_all_methods_long_v2] [time_series][epoch 150] lambda=0.0000 g_scale=0.000 train_total=0.06249929 train_sup=0.06249929 train_imit=0.00000000 mean_w=0.0000 active=0.0000 s_dense=0.00 s_pos=0.0000 s_sel=0.0000 s_sel_pos=0.0000 s_hot_err=0.000000 s_bg_err=0.000000 s_gap=0.000000 conf_cos=0.0000 conf_proj=0.00 val_mse=0.45012259 val_mae=0.47548781
[worker2/etth1_all_methods_long_v2] [time_series][epoch 150] updated live plot
[worker2/etth1_all_methods_long_v2] [time_series][epoch 151] lambda=0.0000 g_scale=0.000 train_total=0.06245258 train_sup=0.06245258 train_imit=0.00000000 mean_w=0.0000 active=0.0000 s_dense=0.00 s_pos=0.0000 s_sel=0.0000 s_sel_pos=0.0000 s_hot_err=0.000000 s_bg_err=0.000000 s_gap=0.000000 conf_cos=0.0000 conf_proj=0.00 val_mse=0.44363191 val_mae=0.47242064
[worker2/etth1_all_methods_long_v2] [time_series][epoch 152] lambda=0.0000 g_scale=0.000 train_total=0.06246028 train_sup=0.06246028 train_imit=0.00000000 mean_w=0.0000 active=0.0000 s_dense=0.00 s_pos=0.0000 s_sel=0.0000 s_sel_pos=0.0000 s_hot_err=0.000000 s_bg_err=0.000000 s_gap=0.000000 conf_cos=0.0000 conf_proj=0.00 val_mse=0.44992671 val_mae=0.47504895
[worker2/etth1_all_methods_long_v2] [time_series][epoch 153] lambda=0.0000 g_scale=0.000 train_total=0.06252966 train_sup=0.06252966 train_imit=0.00000000 mean_w=0.0000 active=0.0000 s_dense=0.00 s_pos=0.0000 s_sel=0.0000 s_sel_pos=0.0000 s_hot_err=0.000000 s_bg_err=0.000000 s_gap=0.000000 conf_cos=0.0000 conf_proj=0.00 val_mse=0.43589216 val_mae=0.46631694
[worker2/etth1_all_methods_long_v2] [time_series][epoch 154] lambda=0.0000 g_scale=0.000 train_total=0.06267217 train_sup=0.06267217 train_imit=0.00000000 mean_w=0.0000 active=0.0000 s_dense=0.00 s_pos=0.0000 s_sel=0.0000 s_sel_pos=0.0000 s_hot_err=0.000000 s_bg_err=0.000000 s_gap=0.000000 conf_cos=0.0000 conf_proj=0.00 val_mse=0.41710177 val_mae=0.45312421
[worker2/etth1_all_methods_long_v2] [time_series][epoch 155] lambda=0.0000 g_scale=0.000 train_total=0.06226377 train_sup=0.06226377 train_imit=0.00000000 mean_w=0.0000 active=0.0000 s_dense=0.00 s_pos=0.0000 s_sel=0.0000 s_sel_pos=0.0000 s_hot_err=0.000000 s_bg_err=0.000000 s_gap=0.000000 conf_cos=0.0000 conf_proj=0.00 val_mse=0.43793202 val_mae=0.46575458
[worker2/etth1_all_methods_long_v2] [time_series][epoch 156] lambda=0.0000 g_scale=0.000 train_total=0.06213099 train_sup=0.06213099 train_imit=0.00000000 mean_w=0.0000 active=0.0000 s_dense=0.00 s_pos=0.0000 s_sel=0.0000 s_sel_pos=0.0000 s_hot_err=0.000000 s_bg_err=0.000000 s_gap=0.000000 conf_cos=0.0000 conf_proj=0.00 val_mse=0.43637580 val_mae=0.46606541
[worker2/etth1_all_methods_long_v2] [time_series][epoch 157] lambda=0.0000 g_scale=0.000 train_total=0.06199128 train_sup=0.06199128 train_imit=0.00000000 mean_w=0.0000 active=0.0000 s_dense=0.00 s_pos=0.0000 s_sel=0.0000 s_sel_pos=0.0000 s_hot_err=0.000000 s_bg_err=0.000000 s_gap=0.000000 conf_cos=0.0000 conf_proj=0.00 val_mse=0.42660532 val_mae=0.45840904
[worker2/etth1_all_methods_long_v2] [time_series][epoch 158] lambda=0.0000 g_scale=0.000 train_total=0.06194195 train_sup=0.06194195 train_imit=0.00000000 mean_w=0.0000 active=0.0000 s_dense=0.00 s_pos=0.0000 s_sel=0.0000 s_sel_pos=0.0000 s_hot_err=0.000000 s_bg_err=0.000000 s_gap=0.000000 conf_cos=0.0000 conf_proj=0.00 val_mse=0.43387393 val_mae=0.46442117
[worker2/etth1_all_methods_long_v2] [time_series][epoch 159] lambda=0.0000 g_scale=0.000 train_total=0.06246565 train_sup=0.06246565 train_imit=0.00000000 mean_w=0.0000 active=0.0000 s_dense=0.00 s_pos=0.0000 s_sel=0.0000 s_sel_pos=0.0000 s_hot_err=0.000000 s_bg_err=0.000000 s_gap=0.000000 conf_cos=0.0000 conf_proj=0.00 val_mse=0.42792128 val_mae=0.46145084
[worker2/etth1_all_methods_long_v2] [time_series][epoch 160] lambda=0.0000 g_scale=0.000 train_total=0.06189592 train_sup=0.06189592 train_imit=0.00000000 mean_w=0.0000 active=0.0000 s_dense=0.00 s_pos=0.0000 s_sel=0.0000 s_sel_pos=0.0000 s_hot_err=0.000000 s_bg_err=0.000000 s_gap=0.000000 conf_cos=0.0000 conf_proj=0.00 val_mse=0.41607939 val_mae=0.45590542
[worker2/etth1_all_methods_long_v2] [time_series][epoch 160] updated live plot
[worker2/etth1_all_methods_long_v2] [time_series][epoch 161] lambda=0.0000 g_scale=0.000 train_total=0.06175215 train_sup=0.06175215 train_imit=0.00000000 mean_w=0.0000 active=0.0000 s_dense=0.00 s_pos=0.0000 s_sel=0.0000 s_sel_pos=0.0000 s_hot_err=0.000000 s_bg_err=0.000000 s_gap=0.000000 conf_cos=0.0000 conf_proj=0.00 val_mse=0.41851610 val_mae=0.45432469
[worker2/etth1_all_methods_long_v2] [time_series][epoch 162] lambda=0.0000 g_scale=0.000 train_total=0.06162291 train_sup=0.06162291 train_imit=0.00000000 mean_w=0.0000 active=0.0000 s_dense=0.00 s_pos=0.0000 s_sel=0.0000 s_sel_pos=0.0000 s_hot_err=0.000000 s_bg_err=0.000000 s_gap=0.000000 conf_cos=0.0000 conf_proj=0.00 val_mse=0.43031610 val_mae=0.46293467
[worker2/etth1_all_methods_long_v2] [time_series][epoch 163] lambda=0.0000 g_scale=0.000 train_total=0.06159730 train_sup=0.06159730 train_imit=0.00000000 mean_w=0.0000 active=0.0000 s_dense=0.00 s_pos=0.0000 s_sel=0.0000 s_sel_pos=0.0000 s_hot_err=0.000000 s_bg_err=0.000000 s_gap=0.000000 conf_cos=0.0000 conf_proj=0.00 val_mse=0.43218969 val_mae=0.46677626
[worker2/etth1_all_methods_long_v2] [time_series][epoch 164] lambda=0.0000 g_scale=0.000 train_total=0.06142815 train_sup=0.06142815 train_imit=0.00000000 mean_w=0.0000 active=0.0000 s_dense=0.00 s_pos=0.0000 s_sel=0.0000 s_sel_pos=0.0000 s_hot_err=0.000000 s_bg_err=0.000000 s_gap=0.000000 conf_cos=0.0000 conf_proj=0.00 val_mse=0.42508204 val_mae=0.45962416
[worker2/etth1_all_methods_long_v2] [time_series][epoch 165] lambda=0.0000 g_scale=0.000 train_total=0.06172698 train_sup=0.06172698 train_imit=0.00000000 mean_w=0.0000 active=0.0000 s_dense=0.00 s_pos=0.0000 s_sel=0.0000 s_sel_pos=0.0000 s_hot_err=0.000000 s_bg_err=0.000000 s_gap=0.000000 conf_cos=0.0000 conf_proj=0.00 val_mse=0.41763414 val_mae=0.45330267
[worker2/etth1_all_methods_long_v2] [time_series][epoch 166] lambda=0.0000 g_scale=0.000 train_total=0.06144972 train_sup=0.06144972 train_imit=0.00000000 mean_w=0.0000 active=0.0000 s_dense=0.00 s_pos=0.0000 s_sel=0.0000 s_sel_pos=0.0000 s_hot_err=0.000000 s_bg_err=0.000000 s_gap=0.000000 conf_cos=0.0000 conf_proj=0.00 val_mse=0.43003715 val_mae=0.46309830
[worker2/etth1_all_methods_long_v2] [time_series][epoch 167] lambda=0.0000 g_scale=0.000 train_total=0.06112297 train_sup=0.06112297 train_imit=0.00000000 mean_w=0.0000 active=0.0000 s_dense=0.00 s_pos=0.0000 s_sel=0.0000 s_sel_pos=0.0000 s_hot_err=0.000000 s_bg_err=0.000000 s_gap=0.000000 conf_cos=0.0000 conf_proj=0.00 val_mse=0.42347049 val_mae=0.45737843
[worker2/etth1_all_methods_long_v2] [time_series][epoch 168] lambda=0.0000 g_scale=0.000 train_total=0.06095596 train_sup=0.06095596 train_imit=0.00000000 mean_w=0.0000 active=0.0000 s_dense=0.00 s_pos=0.0000 s_sel=0.0000 s_sel_pos=0.0000 s_hot_err=0.000000 s_bg_err=0.000000 s_gap=0.000000 conf_cos=0.0000 conf_proj=0.00 val_mse=0.42425114 val_mae=0.45913290
[worker2/etth1_all_methods_long_v2] [time_series][epoch 169] lambda=0.0000 g_scale=0.000 train_total=0.06133276 train_sup=0.06133276 train_imit=0.00000000 mean_w=0.0000 active=0.0000 s_dense=0.00 s_pos=0.0000 s_sel=0.0000 s_sel_pos=0.0000 s_hot_err=0.000000 s_bg_err=0.000000 s_gap=0.000000 conf_cos=0.0000 conf_proj=0.00 val_mse=0.43164138 val_mae=0.46290722
[worker2/etth1_all_methods_long_v2] [time_series][epoch 170] lambda=0.0000 g_scale=0.000 train_total=0.06095729 train_sup=0.06095729 train_imit=0.00000000 mean_w=0.0000 active=0.0000 s_dense=0.00 s_pos=0.0000 s_sel=0.0000 s_sel_pos=0.0000 s_hot_err=0.000000 s_bg_err=0.000000 s_gap=0.000000 conf_cos=0.0000 conf_proj=0.00 val_mse=0.43167006 val_mae=0.46358646
[worker2/etth1_all_methods_long_v2] [time_series][epoch 170] updated live plot
[worker2/etth1_all_methods_long_v2] [time_series][epoch 171] lambda=0.0000 g_scale=0.000 train_total=0.06143973 train_sup=0.06143973 train_imit=0.00000000 mean_w=0.0000 active=0.0000 s_dense=0.00 s_pos=0.0000 s_sel=0.0000 s_sel_pos=0.0000 s_hot_err=0.000000 s_bg_err=0.000000 s_gap=0.000000 conf_cos=0.0000 conf_proj=0.00 val_mse=0.43484885 val_mae=0.46470773
[worker2/etth1_all_methods_long_v2] [time_series][epoch 172] lambda=0.0000 g_scale=0.000 train_total=0.06082666 train_sup=0.06082666 train_imit=0.00000000 mean_w=0.0000 active=0.0000 s_dense=0.00 s_pos=0.0000 s_sel=0.0000 s_sel_pos=0.0000 s_hot_err=0.000000 s_bg_err=0.000000 s_gap=0.000000 conf_cos=0.0000 conf_proj=0.00 val_mse=0.42370719 val_mae=0.45887976
[worker2/etth1_all_methods_long_v2] [time_series][epoch 173] lambda=0.0000 g_scale=0.000 train_total=0.06117706 train_sup=0.06117706 train_imit=0.00000000 mean_w=0.0000 active=0.0000 s_dense=0.00 s_pos=0.0000 s_sel=0.0000 s_sel_pos=0.0000 s_hot_err=0.000000 s_bg_err=0.000000 s_gap=0.000000 conf_cos=0.0000 conf_proj=0.00 val_mse=0.43612660 val_mae=0.46725497
[worker2/etth1_all_methods_long_v2] [time_series][epoch 174] lambda=0.0000 g_scale=0.000 train_total=0.06108393 train_sup=0.06108393 train_imit=0.00000000 mean_w=0.0000 active=0.0000 s_dense=0.00 s_pos=0.0000 s_sel=0.0000 s_sel_pos=0.0000 s_hot_err=0.000000 s_bg_err=0.000000 s_gap=0.000000 conf_cos=0.0000 conf_proj=0.00 val_mse=0.42480001 val_mae=0.46148526
[worker2/etth1_all_methods_long_v2] [time_series][epoch 175] lambda=0.0000 g_scale=0.000 train_total=0.06049352 train_sup=0.06049352 train_imit=0.00000000 mean_w=0.0000 active=0.0000 s_dense=0.00 s_pos=0.0000 s_sel=0.0000 s_sel_pos=0.0000 s_hot_err=0.000000 s_bg_err=0.000000 s_gap=0.000000 conf_cos=0.0000 conf_proj=0.00 val_mse=0.42622319 val_mae=0.45888486
[worker2/etth1_all_methods_long_v2] [time_series][epoch 176] lambda=0.0000 g_scale=0.000 train_total=0.06064218 train_sup=0.06064218 train_imit=0.00000000 mean_w=0.0000 active=0.0000 s_dense=0.00 s_pos=0.0000 s_sel=0.0000 s_sel_pos=0.0000 s_hot_err=0.000000 s_bg_err=0.000000 s_gap=0.000000 conf_cos=0.0000 conf_proj=0.00 val_mse=0.44746950 val_mae=0.47521845
[worker2/etth1_all_methods_long_v2] [time_series][epoch 177] lambda=0.0000 g_scale=0.000 train_total=0.06067377 train_sup=0.06067377 train_imit=0.00000000 mean_w=0.0000 active=0.0000 s_dense=0.00 s_pos=0.0000 s_sel=0.0000 s_sel_pos=0.0000 s_hot_err=0.000000 s_bg_err=0.000000 s_gap=0.000000 conf_cos=0.0000 conf_proj=0.00 val_mse=0.43216383 val_mae=0.46621530
[worker2/etth1_all_methods_long_v2] [time_series][epoch 178] lambda=0.0000 g_scale=0.000 train_total=0.06043342 train_sup=0.06043342 train_imit=0.00000000 mean_w=0.0000 active=0.0000 s_dense=0.00 s_pos=0.0000 s_sel=0.0000 s_sel_pos=0.0000 s_hot_err=0.000000 s_bg_err=0.000000 s_gap=0.000000 conf_cos=0.0000 conf_proj=0.00 val_mse=0.43222527 val_mae=0.46307515
[worker2/etth1_all_methods_long_v2] [time_series][epoch 179] lambda=0.0000 g_scale=0.000 train_total=0.06054229 train_sup=0.06054229 train_imit=0.00000000 mean_w=0.0000 active=0.0000 s_dense=0.00 s_pos=0.0000 s_sel=0.0000 s_sel_pos=0.0000 s_hot_err=0.000000 s_bg_err=0.000000 s_gap=0.000000 conf_cos=0.0000 conf_proj=0.00 val_mse=0.43459538 val_mae=0.46836083
[worker2/etth1_all_methods_long_v2] [time_series][epoch 180] lambda=0.0000 g_scale=0.000 train_total=0.06037623 train_sup=0.06037623 train_imit=0.00000000 mean_w=0.0000 active=0.0000 s_dense=0.00 s_pos=0.0000 s_sel=0.0000 s_sel_pos=0.0000 s_hot_err=0.000000 s_bg_err=0.000000 s_gap=0.000000 conf_cos=0.0000 conf_proj=0.00 val_mse=0.41465026 val_mae=0.45186527
[worker2/etth1_all_methods_long_v2] [time_series][epoch 180] updated live plot
[worker2/etth1_all_methods_long_v2] [time_series][epoch 181] lambda=0.0000 g_scale=0.000 train_total=0.06048859 train_sup=0.06048859 train_imit=0.00000000 mean_w=0.0000 active=0.0000 s_dense=0.00 s_pos=0.0000 s_sel=0.0000 s_sel_pos=0.0000 s_hot_err=0.000000 s_bg_err=0.000000 s_gap=0.000000 conf_cos=0.0000 conf_proj=0.00 val_mse=0.43032957 val_mae=0.46378729
[worker2/etth1_all_methods_long_v2] [time_series][epoch 182] lambda=0.0000 g_scale=0.000 train_total=0.06028061 train_sup=0.06028061 train_imit=0.00000000 mean_w=0.0000 active=0.0000 s_dense=0.00 s_pos=0.0000 s_sel=0.0000 s_sel_pos=0.0000 s_hot_err=0.000000 s_bg_err=0.000000 s_gap=0.000000 conf_cos=0.0000 conf_proj=0.00 val_mse=0.44342464 val_mae=0.47004772
[worker2/etth1_all_methods_long_v2] [time_series][epoch 183] lambda=0.0000 g_scale=0.000 train_total=0.06034019 train_sup=0.06034019 train_imit=0.00000000 mean_w=0.0000 active=0.0000 s_dense=0.00 s_pos=0.0000 s_sel=0.0000 s_sel_pos=0.0000 s_hot_err=0.000000 s_bg_err=0.000000 s_gap=0.000000 conf_cos=0.0000 conf_proj=0.00 val_mse=0.42834517 val_mae=0.45817744
[worker2/etth1_all_methods_long_v2] [time_series][epoch 184] lambda=0.0000 g_scale=0.000 train_total=0.06002205 train_sup=0.06002205 train_imit=0.00000000 mean_w=0.0000 active=0.0000 s_dense=0.00 s_pos=0.0000 s_sel=0.0000 s_sel_pos=0.0000 s_hot_err=0.000000 s_bg_err=0.000000 s_gap=0.000000 conf_cos=0.0000 conf_proj=0.00 val_mse=0.43654641 val_mae=0.46397598
[worker2/etth1_all_methods_long_v2] [time_series][epoch 185] lambda=0.0000 g_scale=0.000 train_total=0.05987417 train_sup=0.05987417 train_imit=0.00000000 mean_w=0.0000 active=0.0000 s_dense=0.00 s_pos=0.0000 s_sel=0.0000 s_sel_pos=0.0000 s_hot_err=0.000000 s_bg_err=0.000000 s_gap=0.000000 conf_cos=0.0000 conf_proj=0.00 val_mse=0.42554794 val_mae=0.45836884
[worker2/etth1_all_methods_long_v2] [time_series][epoch 186] lambda=0.0000 g_scale=0.000 train_total=0.05998773 train_sup=0.05998773 train_imit=0.00000000 mean_w=0.0000 active=0.0000 s_dense=0.00 s_pos=0.0000 s_sel=0.0000 s_sel_pos=0.0000 s_hot_err=0.000000 s_bg_err=0.000000 s_gap=0.000000 conf_cos=0.0000 conf_proj=0.00 val_mse=0.43440218 val_mae=0.46618691
[worker2/etth1_all_methods_long_v2] [time_series][epoch 187] lambda=0.0000 g_scale=0.000 train_total=0.06001692 train_sup=0.06001692 train_imit=0.00000000 mean_w=0.0000 active=0.0000 s_dense=0.00 s_pos=0.0000 s_sel=0.0000 s_sel_pos=0.0000 s_hot_err=0.000000 s_bg_err=0.000000 s_gap=0.000000 conf_cos=0.0000 conf_proj=0.00 val_mse=0.42984924 val_mae=0.45833483
[worker2/etth1_all_methods_long_v2] [time_series][epoch 188] lambda=0.0000 g_scale=0.000 train_total=0.06004510 train_sup=0.06004510 train_imit=0.00000000 mean_w=0.0000 active=0.0000 s_dense=0.00 s_pos=0.0000 s_sel=0.0000 s_sel_pos=0.0000 s_hot_err=0.000000 s_bg_err=0.000000 s_gap=0.000000 conf_cos=0.0000 conf_proj=0.00 val_mse=0.44627046 val_mae=0.47190278
[worker2/etth1_all_methods_long_v2] [time_series][epoch 189] lambda=0.0000 g_scale=0.000 train_total=0.05995362 train_sup=0.05995362 train_imit=0.00000000 mean_w=0.0000 active=0.0000 s_dense=0.00 s_pos=0.0000 s_sel=0.0000 s_sel_pos=0.0000 s_hot_err=0.000000 s_bg_err=0.000000 s_gap=0.000000 conf_cos=0.0000 conf_proj=0.00 val_mse=0.42640634 val_mae=0.45946222
[worker2/etth1_all_methods_long_v2] [time_series][epoch 190] lambda=0.0000 g_scale=0.000 train_total=0.05983465 train_sup=0.05983465 train_imit=0.00000000 mean_w=0.0000 active=0.0000 s_dense=0.00 s_pos=0.0000 s_sel=0.0000 s_sel_pos=0.0000 s_hot_err=0.000000 s_bg_err=0.000000 s_gap=0.000000 conf_cos=0.0000 conf_proj=0.00 val_mse=0.42153906 val_mae=0.45468612
[worker2/etth1_all_methods_long_v2] [time_series][epoch 190] updated live plot
[worker2/etth1_all_methods_long_v2] [time_series][epoch 191] lambda=0.0000 g_scale=0.000 train_total=0.05965787 train_sup=0.05965787 train_imit=0.00000000 mean_w=0.0000 active=0.0000 s_dense=0.00 s_pos=0.0000 s_sel=0.0000 s_sel_pos=0.0000 s_hot_err=0.000000 s_bg_err=0.000000 s_gap=0.000000 conf_cos=0.0000 conf_proj=0.00 val_mse=0.43760608 val_mae=0.46563693
[worker2/etth1_all_methods_long_v2] [time_series][epoch 192] lambda=0.0000 g_scale=0.000 train_total=0.05975199 train_sup=0.05975199 train_imit=0.00000000 mean_w=0.0000 active=0.0000 s_dense=0.00 s_pos=0.0000 s_sel=0.0000 s_sel_pos=0.0000 s_hot_err=0.000000 s_bg_err=0.000000 s_gap=0.000000 conf_cos=0.0000 conf_proj=0.00 val_mse=0.43590172 val_mae=0.46556116
[worker2/etth1_all_methods_long_v2] [time_series][epoch 193] lambda=0.0000 g_scale=0.000 train_total=0.05960499 train_sup=0.05960499 train_imit=0.00000000 mean_w=0.0000 active=0.0000 s_dense=0.00 s_pos=0.0000 s_sel=0.0000 s_sel_pos=0.0000 s_hot_err=0.000000 s_bg_err=0.000000 s_gap=0.000000 conf_cos=0.0000 conf_proj=0.00 val_mse=0.41530560 val_mae=0.45169351
[worker2/etth1_all_methods_long_v2] [time_series][epoch 194] lambda=0.0000 g_scale=0.000 train_total=0.05988969 train_sup=0.05988969 train_imit=0.00000000 mean_w=0.0000 active=0.0000 s_dense=0.00 s_pos=0.0000 s_sel=0.0000 s_sel_pos=0.0000 s_hot_err=0.000000 s_bg_err=0.000000 s_gap=0.000000 conf_cos=0.0000 conf_proj=0.00 val_mse=0.41099915 val_mae=0.45071782
[worker2/etth1_all_methods_long_v2] [time_series][epoch 195] lambda=0.0000 g_scale=0.000 train_total=0.05973410 train_sup=0.05973410 train_imit=0.00000000 mean_w=0.0000 active=0.0000 s_dense=0.00 s_pos=0.0000 s_sel=0.0000 s_sel_pos=0.0000 s_hot_err=0.000000 s_bg_err=0.000000 s_gap=0.000000 conf_cos=0.0000 conf_proj=0.00 val_mse=0.43531166 val_mae=0.46457777
[worker2/etth1_all_methods_long_v2] [time_series][epoch 196] lambda=0.0000 g_scale=0.000 train_total=0.05938260 train_sup=0.05938260 train_imit=0.00000000 mean_w=0.0000 active=0.0000 s_dense=0.00 s_pos=0.0000 s_sel=0.0000 s_sel_pos=0.0000 s_hot_err=0.000000 s_bg_err=0.000000 s_gap=0.000000 conf_cos=0.0000 conf_proj=0.00 val_mse=0.41070944 val_mae=0.44711842
[worker2/etth1_all_methods_long_v2] [time_series][epoch 197] lambda=0.0000 g_scale=0.000 train_total=0.05924712 train_sup=0.05924712 train_imit=0.00000000 mean_w=0.0000 active=0.0000 s_dense=0.00 s_pos=0.0000 s_sel=0.0000 s_sel_pos=0.0000 s_hot_err=0.000000 s_bg_err=0.000000 s_gap=0.000000 conf_cos=0.0000 conf_proj=0.00 val_mse=0.42853379 val_mae=0.45832827
[worker2/etth1_all_methods_long_v2] [time_series][epoch 198] lambda=0.0000 g_scale=0.000 train_total=0.05917876 train_sup=0.05917876 train_imit=0.00000000 mean_w=0.0000 active=0.0000 s_dense=0.00 s_pos=0.0000 s_sel=0.0000 s_sel_pos=0.0000 s_hot_err=0.000000 s_bg_err=0.000000 s_gap=0.000000 conf_cos=0.0000 conf_proj=0.00 val_mse=0.42400660 val_mae=0.45840259
[worker2/etth1_all_methods_long_v2] [time_series][epoch 199] lambda=0.0000 g_scale=0.000 train_total=0.05930391 train_sup=0.05930391 train_imit=0.00000000 mean_w=0.0000 active=0.0000 s_dense=0.00 s_pos=0.0000 s_sel=0.0000 s_sel_pos=0.0000 s_hot_err=0.000000 s_bg_err=0.000000 s_gap=0.000000 conf_cos=0.0000 conf_proj=0.00 val_mse=0.41784232 val_mae=0.45405088
[worker2/etth1_all_methods_long_v2] [time_series][epoch 200] lambda=0.0000 g_scale=0.000 train_total=0.05918361 train_sup=0.05918361 train_imit=0.00000000 mean_w=0.0000 active=0.0000 s_dense=0.00 s_pos=0.0000 s_sel=0.0000 s_sel_pos=0.0000 s_hot_err=0.000000 s_bg_err=0.000000 s_gap=0.000000 conf_cos=0.0000 conf_proj=0.00 val_mse=0.41978414 val_mae=0.45747585
[worker2/etth1_all_methods_long_v2] [time_series][epoch 200] updated live plot
[worker2/etth1_all_methods_long_v2] [time_series] done
[worker2/etth1_all_methods_long_v2] [time_series] dataset=etth1 model=transformer method=independent seed=1 pred_len=24
[worker2/etth1_all_methods_long_v2] [time_series] run_dir=results/time_series_etth1_all_methods_long_v2/time_series/etth1/transformer_independent_huber_seed1
[worker2/etth1_all_methods_long_v2] [time_series] params=419240
[worker2/etth1_all_methods_long_v2] [time_series][epoch 001] lambda=0.0000 g_scale=0.000 train_total=0.35904560 train_sup=0.35904560 train_imit=0.00000000 mean_w=0.0000 active=0.0000 s_dense=0.00 s_pos=0.0000 s_sel=0.0000 s_sel_pos=0.0000 s_hot_err=0.000000 s_bg_err=0.000000 s_gap=0.000000 conf_cos=0.0000 conf_proj=0.00 val_mse=0.35157253 val_mae=0.41743944
[worker2/etth1_all_methods_long_v2] [time_series][epoch 002] lambda=0.0000 g_scale=0.000 train_total=0.25229723 train_sup=0.25229723 train_imit=0.00000000 mean_w=0.0000 active=0.0000 s_dense=0.00 s_pos=0.0000 s_sel=0.0000 s_sel_pos=0.0000 s_hot_err=0.000000 s_bg_err=0.000000 s_gap=0.000000 conf_cos=0.0000 conf_proj=0.00 val_mse=0.33481823 val_mae=0.40211171
[worker2/etth1_all_methods_long_v2] [time_series][epoch 003] lambda=0.0000 g_scale=0.000 train_total=0.23302829 train_sup=0.23302829 train_imit=0.00000000 mean_w=0.0000 active=0.0000 s_dense=0.00 s_pos=0.0000 s_sel=0.0000 s_sel_pos=0.0000 s_hot_err=0.000000 s_bg_err=0.000000 s_gap=0.000000 conf_cos=0.0000 conf_proj=0.00 val_mse=0.33333656 val_mae=0.40036157
[worker2/etth1_all_methods_long_v2] [time_series][epoch 004] lambda=0.0000 g_scale=0.000 train_total=0.21640060 train_sup=0.21640060 train_imit=0.00000000 mean_w=0.0000 active=0.0000 s_dense=0.00 s_pos=0.0000 s_sel=0.0000 s_sel_pos=0.0000 s_hot_err=0.000000 s_bg_err=0.000000 s_gap=0.000000 conf_cos=0.0000 conf_proj=0.00 val_mse=0.35620171 val_mae=0.41727977
[worker2/etth1_all_methods_long_v2] [time_series][epoch 005] lambda=0.0000 g_scale=0.000 train_total=0.20293778 train_sup=0.20293778 train_imit=0.00000000 mean_w=0.0000 active=0.0000 s_dense=0.00 s_pos=0.0000 s_sel=0.0000 s_sel_pos=0.0000 s_hot_err=0.000000 s_bg_err=0.000000 s_gap=0.000000 conf_cos=0.0000 conf_proj=0.00 val_mse=0.35010815 val_mae=0.41991330
[worker2/etth1_all_methods_long_v2] [time_series][epoch 006] lambda=0.0000 g_scale=0.000 train_total=0.18873405 train_sup=0.18873405 train_imit=0.00000000 mean_w=0.0000 active=0.0000 s_dense=0.00 s_pos=0.0000 s_sel=0.0000 s_sel_pos=0.0000 s_hot_err=0.000000 s_bg_err=0.000000 s_gap=0.000000 conf_cos=0.0000 conf_proj=0.00 val_mse=0.34594525 val_mae=0.41041406
[worker2/etth1_all_methods_long_v2] [time_series][epoch 007] lambda=0.0000 g_scale=0.000 train_total=0.17734665 train_sup=0.17734665 train_imit=0.00000000 mean_w=0.0000 active=0.0000 s_dense=0.00 s_pos=0.0000 s_sel=0.0000 s_sel_pos=0.0000 s_hot_err=0.000000 s_bg_err=0.000000 s_gap=0.000000 conf_cos=0.0000 conf_proj=0.00 val_mse=0.37275609 val_mae=0.43105490
[worker2/etth1_all_methods_long_v2] [time_series][epoch 008] lambda=0.0000 g_scale=0.000 train_total=0.16950336 train_sup=0.16950336 train_imit=0.00000000 mean_w=0.0000 active=0.0000 s_dense=0.00 s_pos=0.0000 s_sel=0.0000 s_sel_pos=0.0000 s_hot_err=0.000000 s_bg_err=0.000000 s_gap=0.000000 conf_cos=0.0000 conf_proj=0.00 val_mse=0.34507553 val_mae=0.41155810
[worker2/etth1_all_methods_long_v2] [time_series][epoch 009] lambda=0.0000 g_scale=0.000 train_total=0.15830676 train_sup=0.15830676 train_imit=0.00000000 mean_w=0.0000 active=0.0000 s_dense=0.00 s_pos=0.0000 s_sel=0.0000 s_sel_pos=0.0000 s_hot_err=0.000000 s_bg_err=0.000000 s_gap=0.000000 conf_cos=0.0000 conf_proj=0.00 val_mse=0.36632397 val_mae=0.42283116
[worker2/etth1_all_methods_long_v2] [time_series][epoch 010] lambda=0.0000 g_scale=0.000 train_total=0.15020772 train_sup=0.15020772 train_imit=0.00000000 mean_w=0.0000 active=0.0000 s_dense=0.00 s_pos=0.0000 s_sel=0.0000 s_sel_pos=0.0000 s_hot_err=0.000000 s_bg_err=0.000000 s_gap=0.000000 conf_cos=0.0000 conf_proj=0.00 val_mse=0.35620389 val_mae=0.41988440
[worker2/etth1_all_methods_long_v2] [time_series][epoch 010] updated live plot
[worker2/etth1_all_methods_long_v2] [time_series][epoch 011] lambda=0.0000 g_scale=0.000 train_total=0.14421981 train_sup=0.14421981 train_imit=0.00000000 mean_w=0.0000 active=0.0000 s_dense=0.00 s_pos=0.0000 s_sel=0.0000 s_sel_pos=0.0000 s_hot_err=0.000000 s_bg_err=0.000000 s_gap=0.000000 conf_cos=0.0000 conf_proj=0.00 val_mse=0.35144958 val_mae=0.41570477
[worker2/etth1_all_methods_long_v2] [time_series][epoch 012] lambda=0.0000 g_scale=0.000 train_total=0.13874986 train_sup=0.13874986 train_imit=0.00000000 mean_w=0.0000 active=0.0000 s_dense=0.00 s_pos=0.0000 s_sel=0.0000 s_sel_pos=0.0000 s_hot_err=0.000000 s_bg_err=0.000000 s_gap=0.000000 conf_cos=0.0000 conf_proj=0.00 val_mse=0.37081266 val_mae=0.42838197
[worker2/etth1_all_methods_long_v2] [time_series][epoch 013] lambda=0.0000 g_scale=0.000 train_total=0.13195592 train_sup=0.13195592 train_imit=0.00000000 mean_w=0.0000 active=0.0000 s_dense=0.00 s_pos=0.0000 s_sel=0.0000 s_sel_pos=0.0000 s_hot_err=0.000000 s_bg_err=0.000000 s_gap=0.000000 conf_cos=0.0000 conf_proj=0.00 val_mse=0.36754992 val_mae=0.42647269
[worker2/etth1_all_methods_long_v2] [time_series][epoch 014] lambda=0.0000 g_scale=0.000 train_total=0.12858879 train_sup=0.12858879 train_imit=0.00000000 mean_w=0.0000 active=0.0000 s_dense=0.00 s_pos=0.0000 s_sel=0.0000 s_sel_pos=0.0000 s_hot_err=0.000000 s_bg_err=0.000000 s_gap=0.000000 conf_cos=0.0000 conf_proj=0.00 val_mse=0.37686826 val_mae=0.43646472
[worker2/etth1_all_methods_long_v2] [time_series][epoch 015] lambda=0.0000 g_scale=0.000 train_total=0.12438676 train_sup=0.12438676 train_imit=0.00000000 mean_w=0.0000 active=0.0000 s_dense=0.00 s_pos=0.0000 s_sel=0.0000 s_sel_pos=0.0000 s_hot_err=0.000000 s_bg_err=0.000000 s_gap=0.000000 conf_cos=0.0000 conf_proj=0.00 val_mse=0.38479728 val_mae=0.43505902
[worker2/etth1_all_methods_long_v2] [time_series][epoch 016] lambda=0.0000 g_scale=0.000 train_total=0.12034443 train_sup=0.12034443 train_imit=0.00000000 mean_w=0.0000 active=0.0000 s_dense=0.00 s_pos=0.0000 s_sel=0.0000 s_sel_pos=0.0000 s_hot_err=0.000000 s_bg_err=0.000000 s_gap=0.000000 conf_cos=0.0000 conf_proj=0.00 val_mse=0.35577441 val_mae=0.41933508
[worker2/etth1_all_methods_long_v2] [time_series][epoch 017] lambda=0.0000 g_scale=0.000 train_total=0.11659881 train_sup=0.11659881 train_imit=0.00000000 mean_w=0.0000 active=0.0000 s_dense=0.00 s_pos=0.0000 s_sel=0.0000 s_sel_pos=0.0000 s_hot_err=0.000000 s_bg_err=0.000000 s_gap=0.000000 conf_cos=0.0000 conf_proj=0.00 val_mse=0.37168327 val_mae=0.43482475
[worker2/etth1_all_methods_long_v2] [time_series][epoch 018] lambda=0.0000 g_scale=0.000 train_total=0.11494368 train_sup=0.11494368 train_imit=0.00000000 mean_w=0.0000 active=0.0000 s_dense=0.00 s_pos=0.0000 s_sel=0.0000 s_sel_pos=0.0000 s_hot_err=0.000000 s_bg_err=0.000000 s_gap=0.000000 conf_cos=0.0000 conf_proj=0.00 val_mse=0.36181571 val_mae=0.42124197
[worker2/etth1_all_methods_long_v2] [time_series][epoch 019] lambda=0.0000 g_scale=0.000 train_total=0.11164055 train_sup=0.11164055 train_imit=0.00000000 mean_w=0.0000 active=0.0000 s_dense=0.00 s_pos=0.0000 s_sel=0.0000 s_sel_pos=0.0000 s_hot_err=0.000000 s_bg_err=0.000000 s_gap=0.000000 conf_cos=0.0000 conf_proj=0.00 val_mse=0.37295481 val_mae=0.43516857
[worker2/etth1_all_methods_long_v2] [time_series][epoch 020] lambda=0.0000 g_scale=0.000 train_total=0.10956972 train_sup=0.10956972 train_imit=0.00000000 mean_w=0.0000 active=0.0000 s_dense=0.00 s_pos=0.0000 s_sel=0.0000 s_sel_pos=0.0000 s_hot_err=0.000000 s_bg_err=0.000000 s_gap=0.000000 conf_cos=0.0000 conf_proj=0.00 val_mse=0.38116070 val_mae=0.43358271
[worker2/etth1_all_methods_long_v2] [time_series][epoch 020] updated live plot
[worker2/etth1_all_methods_long_v2] [time_series][epoch 021] lambda=0.0000 g_scale=0.000 train_total=0.10797203 train_sup=0.10797203 train_imit=0.00000000 mean_w=0.0000 active=0.0000 s_dense=0.00 s_pos=0.0000 s_sel=0.0000 s_sel_pos=0.0000 s_hot_err=0.000000 s_bg_err=0.000000 s_gap=0.000000 conf_cos=0.0000 conf_proj=0.00 val_mse=0.41831101 val_mae=0.45871142
[worker2/etth1_all_methods_long_v2] [time_series][epoch 022] lambda=0.0000 g_scale=0.000 train_total=0.10497767 train_sup=0.10497767 train_imit=0.00000000 mean_w=0.0000 active=0.0000 s_dense=0.00 s_pos=0.0000 s_sel=0.0000 s_sel_pos=0.0000 s_hot_err=0.000000 s_bg_err=0.000000 s_gap=0.000000 conf_cos=0.0000 conf_proj=0.00 val_mse=0.36949875 val_mae=0.42597854
[worker2/etth1_all_methods_long_v2] [time_series][epoch 023] lambda=0.0000 g_scale=0.000 train_total=0.10365267 train_sup=0.10365267 train_imit=0.00000000 mean_w=0.0000 active=0.0000 s_dense=0.00 s_pos=0.0000 s_sel=0.0000 s_sel_pos=0.0000 s_hot_err=0.000000 s_bg_err=0.000000 s_gap=0.000000 conf_cos=0.0000 conf_proj=0.00 val_mse=0.38941087 val_mae=0.43788722
[worker2/etth1_all_methods_long_v2] [time_series][epoch 024] lambda=0.0000 g_scale=0.000 train_total=0.10143767 train_sup=0.10143767 train_imit=0.00000000 mean_w=0.0000 active=0.0000 s_dense=0.00 s_pos=0.0000 s_sel=0.0000 s_sel_pos=0.0000 s_hot_err=0.000000 s_bg_err=0.000000 s_gap=0.000000 conf_cos=0.0000 conf_proj=0.00 val_mse=0.36663658 val_mae=0.42931498
[worker2/etth1_all_methods_long_v2] [time_series][epoch 025] lambda=0.0000 g_scale=0.000 train_total=0.10023830 train_sup=0.10023830 train_imit=0.00000000 mean_w=0.0000 active=0.0000 s_dense=0.00 s_pos=0.0000 s_sel=0.0000 s_sel_pos=0.0000 s_hot_err=0.000000 s_bg_err=0.000000 s_gap=0.000000 conf_cos=0.0000 conf_proj=0.00 val_mse=0.37215087 val_mae=0.42682419
[worker2/etth1_all_methods_long_v2] [time_series][epoch 026] lambda=0.0000 g_scale=0.000 train_total=0.09875834 train_sup=0.09875834 train_imit=0.00000000 mean_w=0.0000 active=0.0000 s_dense=0.00 s_pos=0.0000 s_sel=0.0000 s_sel_pos=0.0000 s_hot_err=0.000000 s_bg_err=0.000000 s_gap=0.000000 conf_cos=0.0000 conf_proj=0.00 val_mse=0.37173404 val_mae=0.43645512
[worker2/etth1_all_methods_long_v2] [time_series][epoch 027] lambda=0.0000 g_scale=0.000 train_total=0.09774578 train_sup=0.09774578 train_imit=0.00000000 mean_w=0.0000 active=0.0000 s_dense=0.00 s_pos=0.0000 s_sel=0.0000 s_sel_pos=0.0000 s_hot_err=0.000000 s_bg_err=0.000000 s_gap=0.000000 conf_cos=0.0000 conf_proj=0.00 val_mse=0.38254118 val_mae=0.43626698
[worker2/etth1_all_methods_long_v2] [time_series][epoch 028] lambda=0.0000 g_scale=0.000 train_total=0.09718147 train_sup=0.09718147 train_imit=0.00000000 mean_w=0.0000 active=0.0000 s_dense=0.00 s_pos=0.0000 s_sel=0.0000 s_sel_pos=0.0000 s_hot_err=0.000000 s_bg_err=0.000000 s_gap=0.000000 conf_cos=0.0000 conf_proj=0.00 val_mse=0.36566417 val_mae=0.42806379
[worker2/etth1_all_methods_long_v2] [time_series][epoch 029] lambda=0.0000 g_scale=0.000 train_total=0.09562072 train_sup=0.09562072 train_imit=0.00000000 mean_w=0.0000 active=0.0000 s_dense=0.00 s_pos=0.0000 s_sel=0.0000 s_sel_pos=0.0000 s_hot_err=0.000000 s_bg_err=0.000000 s_gap=0.000000 conf_cos=0.0000 conf_proj=0.00 val_mse=0.38407686 val_mae=0.43927637
[worker2/etth1_all_methods_long_v2] [time_series][epoch 030] lambda=0.0000 g_scale=0.000 train_total=0.09408428 train_sup=0.09408428 train_imit=0.00000000 mean_w=0.0000 active=0.0000 s_dense=0.00 s_pos=0.0000 s_sel=0.0000 s_sel_pos=0.0000 s_hot_err=0.000000 s_bg_err=0.000000 s_gap=0.000000 conf_cos=0.0000 conf_proj=0.00 val_mse=0.35393821 val_mae=0.41790950
[worker2/etth1_all_methods_long_v2] [time_series][epoch 030] updated live plot
[worker2/etth1_all_methods_long_v2] [time_series][epoch 031] lambda=0.0000 g_scale=0.000 train_total=0.09288378 train_sup=0.09288378 train_imit=0.00000000 mean_w=0.0000 active=0.0000 s_dense=0.00 s_pos=0.0000 s_sel=0.0000 s_sel_pos=0.0000 s_hot_err=0.000000 s_bg_err=0.000000 s_gap=0.000000 conf_cos=0.0000 conf_proj=0.00 val_mse=0.37777100 val_mae=0.43190654
[worker2/etth1_all_methods_long_v2] [time_series][epoch 032] lambda=0.0000 g_scale=0.000 train_total=0.09195085 train_sup=0.09195085 train_imit=0.00000000 mean_w=0.0000 active=0.0000 s_dense=0.00 s_pos=0.0000 s_sel=0.0000 s_sel_pos=0.0000 s_hot_err=0.000000 s_bg_err=0.000000 s_gap=0.000000 conf_cos=0.0000 conf_proj=0.00 val_mse=0.36279375 val_mae=0.42338420
[worker2/etth1_all_methods_long_v2] [time_series][epoch 033] lambda=0.0000 g_scale=0.000 train_total=0.09220798 train_sup=0.09220798 train_imit=0.00000000 mean_w=0.0000 active=0.0000 s_dense=0.00 s_pos=0.0000 s_sel=0.0000 s_sel_pos=0.0000 s_hot_err=0.000000 s_bg_err=0.000000 s_gap=0.000000 conf_cos=0.0000 conf_proj=0.00 val_mse=0.38349381 val_mae=0.43708789
[worker2/etth1_all_methods_long_v2] [time_series][epoch 034] lambda=0.0000 g_scale=0.000 train_total=0.09098761 train_sup=0.09098761 train_imit=0.00000000 mean_w=0.0000 active=0.0000 s_dense=0.00 s_pos=0.0000 s_sel=0.0000 s_sel_pos=0.0000 s_hot_err=0.000000 s_bg_err=0.000000 s_gap=0.000000 conf_cos=0.0000 conf_proj=0.00 val_mse=0.35481818 val_mae=0.41786545
[worker2/etth1_all_methods_long_v2] [time_series][epoch 035] lambda=0.0000 g_scale=0.000 train_total=0.08958549 train_sup=0.08958549 train_imit=0.00000000 mean_w=0.0000 active=0.0000 s_dense=0.00 s_pos=0.0000 s_sel=0.0000 s_sel_pos=0.0000 s_hot_err=0.000000 s_bg_err=0.000000 s_gap=0.000000 conf_cos=0.0000 conf_proj=0.00 val_mse=0.37310359 val_mae=0.42983171
[worker2/etth1_all_methods_long_v2] [time_series][epoch 036] lambda=0.0000 g_scale=0.000 train_total=0.08976379 train_sup=0.08976379 train_imit=0.00000000 mean_w=0.0000 active=0.0000 s_dense=0.00 s_pos=0.0000 s_sel=0.0000 s_sel_pos=0.0000 s_hot_err=0.000000 s_bg_err=0.000000 s_gap=0.000000 conf_cos=0.0000 conf_proj=0.00 val_mse=0.38765427 val_mae=0.44364247
[worker2/etth1_all_methods_long_v2] [time_series][epoch 037] lambda=0.0000 g_scale=0.000 train_total=0.08862402 train_sup=0.08862402 train_imit=0.00000000 mean_w=0.0000 active=0.0000 s_dense=0.00 s_pos=0.0000 s_sel=0.0000 s_sel_pos=0.0000 s_hot_err=0.000000 s_bg_err=0.000000 s_gap=0.000000 conf_cos=0.0000 conf_proj=0.00 val_mse=0.36994101 val_mae=0.42232669
[worker2/etth1_all_methods_long_v2] [time_series][epoch 038] lambda=0.0000 g_scale=0.000 train_total=0.08751036 train_sup=0.08751036 train_imit=0.00000000 mean_w=0.0000 active=0.0000 s_dense=0.00 s_pos=0.0000 s_sel=0.0000 s_sel_pos=0.0000 s_hot_err=0.000000 s_bg_err=0.000000 s_gap=0.000000 conf_cos=0.0000 conf_proj=0.00 val_mse=0.37230108 val_mae=0.42735610
[worker2/etth1_all_methods_long_v2] [time_series][epoch 039] lambda=0.0000 g_scale=0.000 train_total=0.08667256 train_sup=0.08667256 train_imit=0.00000000 mean_w=0.0000 active=0.0000 s_dense=0.00 s_pos=0.0000 s_sel=0.0000 s_sel_pos=0.0000 s_hot_err=0.000000 s_bg_err=0.000000 s_gap=0.000000 conf_cos=0.0000 conf_proj=0.00 val_mse=0.36524280 val_mae=0.42062621
[worker2/etth1_all_methods_long_v2] [time_series][epoch 040] lambda=0.0000 g_scale=0.000 train_total=0.08628036 train_sup=0.08628036 train_imit=0.00000000 mean_w=0.0000 active=0.0000 s_dense=0.00 s_pos=0.0000 s_sel=0.0000 s_sel_pos=0.0000 s_hot_err=0.000000 s_bg_err=0.000000 s_gap=0.000000 conf_cos=0.0000 conf_proj=0.00 val_mse=0.36908993 val_mae=0.42807334
[worker2/etth1_all_methods_long_v2] [time_series][epoch 040] updated live plot
[worker2/etth1_all_methods_long_v2] [time_series][epoch 041] lambda=0.0000 g_scale=0.000 train_total=0.08634276 train_sup=0.08634276 train_imit=0.00000000 mean_w=0.0000 active=0.0000 s_dense=0.00 s_pos=0.0000 s_sel=0.0000 s_sel_pos=0.0000 s_hot_err=0.000000 s_bg_err=0.000000 s_gap=0.000000 conf_cos=0.0000 conf_proj=0.00 val_mse=0.37761809 val_mae=0.43212284
[worker2/etth1_all_methods_long_v2] [time_series][epoch 042] lambda=0.0000 g_scale=0.000 train_total=0.08532745 train_sup=0.08532745 train_imit=0.00000000 mean_w=0.0000 active=0.0000 s_dense=0.00 s_pos=0.0000 s_sel=0.0000 s_sel_pos=0.0000 s_hot_err=0.000000 s_bg_err=0.000000 s_gap=0.000000 conf_cos=0.0000 conf_proj=0.00 val_mse=0.38014738 val_mae=0.43024524
[worker2/etth1_all_methods_long_v2] [time_series][epoch 043] lambda=0.0000 g_scale=0.000 train_total=0.08474955 train_sup=0.08474955 train_imit=0.00000000 mean_w=0.0000 active=0.0000 s_dense=0.00 s_pos=0.0000 s_sel=0.0000 s_sel_pos=0.0000 s_hot_err=0.000000 s_bg_err=0.000000 s_gap=0.000000 conf_cos=0.0000 conf_proj=0.00 val_mse=0.39214961 val_mae=0.44565649
[worker2/etth1_all_methods_long_v2] [time_series][epoch 044] lambda=0.0000 g_scale=0.000 train_total=0.08376320 train_sup=0.08376320 train_imit=0.00000000 mean_w=0.0000 active=0.0000 s_dense=0.00 s_pos=0.0000 s_sel=0.0000 s_sel_pos=0.0000 s_hot_err=0.000000 s_bg_err=0.000000 s_gap=0.000000 conf_cos=0.0000 conf_proj=0.00 val_mse=0.38438325 val_mae=0.44090764
[worker2/etth1_all_methods_long_v2] [time_series][epoch 045] lambda=0.0000 g_scale=0.000 train_total=0.08329184 train_sup=0.08329184 train_imit=0.00000000 mean_w=0.0000 active=0.0000 s_dense=0.00 s_pos=0.0000 s_sel=0.0000 s_sel_pos=0.0000 s_hot_err=0.000000 s_bg_err=0.000000 s_gap=0.000000 conf_cos=0.0000 conf_proj=0.00 val_mse=0.37525187 val_mae=0.43464885
[worker2/etth1_all_methods_long_v2] [time_series][epoch 046] lambda=0.0000 g_scale=0.000 train_total=0.08342801 train_sup=0.08342801 train_imit=0.00000000 mean_w=0.0000 active=0.0000 s_dense=0.00 s_pos=0.0000 s_sel=0.0000 s_sel_pos=0.0000 s_hot_err=0.000000 s_bg_err=0.000000 s_gap=0.000000 conf_cos=0.0000 conf_proj=0.00 val_mse=0.38317084 val_mae=0.43649937
[worker2/etth1_all_methods_long_v2] [time_series][epoch 047] lambda=0.0000 g_scale=0.000 train_total=0.08253647 train_sup=0.08253647 train_imit=0.00000000 mean_w=0.0000 active=0.0000 s_dense=0.00 s_pos=0.0000 s_sel=0.0000 s_sel_pos=0.0000 s_hot_err=0.000000 s_bg_err=0.000000 s_gap=0.000000 conf_cos=0.0000 conf_proj=0.00 val_mse=0.37467209 val_mae=0.43293744
[worker2/etth1_all_methods_long_v2] [time_series][epoch 048] lambda=0.0000 g_scale=0.000 train_total=0.08280859 train_sup=0.08280859 train_imit=0.00000000 mean_w=0.0000 active=0.0000 s_dense=0.00 s_pos=0.0000 s_sel=0.0000 s_sel_pos=0.0000 s_hot_err=0.000000 s_bg_err=0.000000 s_gap=0.000000 conf_cos=0.0000 conf_proj=0.00 val_mse=0.36186604 val_mae=0.42008100
[worker2/etth1_all_methods_long_v2] [time_series][epoch 049] lambda=0.0000 g_scale=0.000 train_total=0.08176609 train_sup=0.08176609 train_imit=0.00000000 mean_w=0.0000 active=0.0000 s_dense=0.00 s_pos=0.0000 s_sel=0.0000 s_sel_pos=0.0000 s_hot_err=0.000000 s_bg_err=0.000000 s_gap=0.000000 conf_cos=0.0000 conf_proj=0.00 val_mse=0.35674230 val_mae=0.41790017
[worker2/etth1_all_methods_long_v2] [time_series][epoch 050] lambda=0.0000 g_scale=0.000 train_total=0.08166896 train_sup=0.08166896 train_imit=0.00000000 mean_w=0.0000 active=0.0000 s_dense=0.00 s_pos=0.0000 s_sel=0.0000 s_sel_pos=0.0000 s_hot_err=0.000000 s_bg_err=0.000000 s_gap=0.000000 conf_cos=0.0000 conf_proj=0.00 val_mse=0.37622349 val_mae=0.43345731
[worker2/etth1_all_methods_long_v2] [time_series][epoch 050] updated live plot
[worker2/etth1_all_methods_long_v2] [time_series][epoch 051] lambda=0.0000 g_scale=0.000 train_total=0.08070902 train_sup=0.08070902 train_imit=0.00000000 mean_w=0.0000 active=0.0000 s_dense=0.00 s_pos=0.0000 s_sel=0.0000 s_sel_pos=0.0000 s_hot_err=0.000000 s_bg_err=0.000000 s_gap=0.000000 conf_cos=0.0000 conf_proj=0.00 val_mse=0.36917942 val_mae=0.42441308
[worker2/etth1_all_methods_long_v2] [time_series][epoch 052] lambda=0.0000 g_scale=0.000 train_total=0.08054920 train_sup=0.08054920 train_imit=0.00000000 mean_w=0.0000 active=0.0000 s_dense=0.00 s_pos=0.0000 s_sel=0.0000 s_sel_pos=0.0000 s_hot_err=0.000000 s_bg_err=0.000000 s_gap=0.000000 conf_cos=0.0000 conf_proj=0.00 val_mse=0.37970069 val_mae=0.43240514
[worker2/etth1_all_methods_long_v2] [time_series][epoch 053] lambda=0.0000 g_scale=0.000 train_total=0.08036204 train_sup=0.08036204 train_imit=0.00000000 mean_w=0.0000 active=0.0000 s_dense=0.00 s_pos=0.0000 s_sel=0.0000 s_sel_pos=0.0000 s_hot_err=0.000000 s_bg_err=0.000000 s_gap=0.000000 conf_cos=0.0000 conf_proj=0.00 val_mse=0.39021958 val_mae=0.44404011
[worker2/etth1_all_methods_long_v2] [time_series][epoch 054] lambda=0.0000 g_scale=0.000 train_total=0.07996715 train_sup=0.07996715 train_imit=0.00000000 mean_w=0.0000 active=0.0000 s_dense=0.00 s_pos=0.0000 s_sel=0.0000 s_sel_pos=0.0000 s_hot_err=0.000000 s_bg_err=0.000000 s_gap=0.000000 conf_cos=0.0000 conf_proj=0.00 val_mse=0.36653006 val_mae=0.42229066
[worker2/etth1_all_methods_long_v2] [time_series][epoch 055] lambda=0.0000 g_scale=0.000 train_total=0.07977502 train_sup=0.07977502 train_imit=0.00000000 mean_w=0.0000 active=0.0000 s_dense=0.00 s_pos=0.0000 s_sel=0.0000 s_sel_pos=0.0000 s_hot_err=0.000000 s_bg_err=0.000000 s_gap=0.000000 conf_cos=0.0000 conf_proj=0.00 val_mse=0.37377084 val_mae=0.42672212
[worker2/etth1_all_methods_long_v2] [time_series][epoch 056] lambda=0.0000 g_scale=0.000 train_total=0.07908052 train_sup=0.07908052 train_imit=0.00000000 mean_w=0.0000 active=0.0000 s_dense=0.00 s_pos=0.0000 s_sel=0.0000 s_sel_pos=0.0000 s_hot_err=0.000000 s_bg_err=0.000000 s_gap=0.000000 conf_cos=0.0000 conf_proj=0.00 val_mse=0.38381054 val_mae=0.43168726
[worker2/etth1_all_methods_long_v2] [time_series][epoch 057] lambda=0.0000 g_scale=0.000 train_total=0.07857433 train_sup=0.07857433 train_imit=0.00000000 mean_w=0.0000 active=0.0000 s_dense=0.00 s_pos=0.0000 s_sel=0.0000 s_sel_pos=0.0000 s_hot_err=0.000000 s_bg_err=0.000000 s_gap=0.000000 conf_cos=0.0000 conf_proj=0.00 val_mse=0.36942838 val_mae=0.42362739
[worker2/etth1_all_methods_long_v2] [time_series][epoch 058] lambda=0.0000 g_scale=0.000 train_total=0.07831630 train_sup=0.07831630 train_imit=0.00000000 mean_w=0.0000 active=0.0000 s_dense=0.00 s_pos=0.0000 s_sel=0.0000 s_sel_pos=0.0000 s_hot_err=0.000000 s_bg_err=0.000000 s_gap=0.000000 conf_cos=0.0000 conf_proj=0.00 val_mse=0.35687906 val_mae=0.41858618
[worker2/etth1_all_methods_long_v2] [time_series][epoch 059] lambda=0.0000 g_scale=0.000 train_total=0.07815709 train_sup=0.07815709 train_imit=0.00000000 mean_w=0.0000 active=0.0000 s_dense=0.00 s_pos=0.0000 s_sel=0.0000 s_sel_pos=0.0000 s_hot_err=0.000000 s_bg_err=0.000000 s_gap=0.000000 conf_cos=0.0000 conf_proj=0.00 val_mse=0.38536600 val_mae=0.43705537
[worker2/etth1_all_methods_long_v2] [time_series][epoch 060] lambda=0.0000 g_scale=0.000 train_total=0.07786542 train_sup=0.07786542 train_imit=0.00000000 mean_w=0.0000 active=0.0000 s_dense=0.00 s_pos=0.0000 s_sel=0.0000 s_sel_pos=0.0000 s_hot_err=0.000000 s_bg_err=0.000000 s_gap=0.000000 conf_cos=0.0000 conf_proj=0.00 val_mse=0.36979770 val_mae=0.42699149
[worker2/etth1_all_methods_long_v2] [time_series][epoch 060] updated live plot
[worker2/etth1_all_methods_long_v2] [time_series][epoch 061] lambda=0.0000 g_scale=0.000 train_total=0.07661827 train_sup=0.07661827 train_imit=0.00000000 mean_w=0.0000 active=0.0000 s_dense=0.00 s_pos=0.0000 s_sel=0.0000 s_sel_pos=0.0000 s_hot_err=0.000000 s_bg_err=0.000000 s_gap=0.000000 conf_cos=0.0000 conf_proj=0.00 val_mse=0.37183056 val_mae=0.42667595
[worker2/etth1_all_methods_long_v2] [time_series][epoch 062] lambda=0.0000 g_scale=0.000 train_total=0.07676307 train_sup=0.07676307 train_imit=0.00000000 mean_w=0.0000 active=0.0000 s_dense=0.00 s_pos=0.0000 s_sel=0.0000 s_sel_pos=0.0000 s_hot_err=0.000000 s_bg_err=0.000000 s_gap=0.000000 conf_cos=0.0000 conf_proj=0.00 val_mse=0.37060522 val_mae=0.42429880
[worker2/etth1_all_methods_long_v2] [time_series][epoch 063] lambda=0.0000 g_scale=0.000 train_total=0.07689852 train_sup=0.07689852 train_imit=0.00000000 mean_w=0.0000 active=0.0000 s_dense=0.00 s_pos=0.0000 s_sel=0.0000 s_sel_pos=0.0000 s_hot_err=0.000000 s_bg_err=0.000000 s_gap=0.000000 conf_cos=0.0000 conf_proj=0.00 val_mse=0.38109211 val_mae=0.43503898
[worker2/etth1_all_methods_long_v2] [time_series][epoch 064] lambda=0.0000 g_scale=0.000 train_total=0.07634133 train_sup=0.07634133 train_imit=0.00000000 mean_w=0.0000 active=0.0000 s_dense=0.00 s_pos=0.0000 s_sel=0.0000 s_sel_pos=0.0000 s_hot_err=0.000000 s_bg_err=0.000000 s_gap=0.000000 conf_cos=0.0000 conf_proj=0.00 val_mse=0.38235654 val_mae=0.43518989
[worker2/etth1_all_methods_long_v2] [time_series][epoch 065] lambda=0.0000 g_scale=0.000 train_total=0.07578522 train_sup=0.07578522 train_imit=0.00000000 mean_w=0.0000 active=0.0000 s_dense=0.00 s_pos=0.0000 s_sel=0.0000 s_sel_pos=0.0000 s_hot_err=0.000000 s_bg_err=0.000000 s_gap=0.000000 conf_cos=0.0000 conf_proj=0.00 val_mse=0.36912549 val_mae=0.42646849
[worker2/etth1_all_methods_long_v2] [time_series][epoch 066] lambda=0.0000 g_scale=0.000 train_total=0.07583971 train_sup=0.07583971 train_imit=0.00000000 mean_w=0.0000 active=0.0000 s_dense=0.00 s_pos=0.0000 s_sel=0.0000 s_sel_pos=0.0000 s_hot_err=0.000000 s_bg_err=0.000000 s_gap=0.000000 conf_cos=0.0000 conf_proj=0.00 val_mse=0.36304239 val_mae=0.41747340
[worker2/etth1_all_methods_long_v2] [time_series][epoch 067] lambda=0.0000 g_scale=0.000 train_total=0.07552451 train_sup=0.07552451 train_imit=0.00000000 mean_w=0.0000 active=0.0000 s_dense=0.00 s_pos=0.0000 s_sel=0.0000 s_sel_pos=0.0000 s_hot_err=0.000000 s_bg_err=0.000000 s_gap=0.000000 conf_cos=0.0000 conf_proj=0.00 val_mse=0.36558635 val_mae=0.42213110
[worker2/etth1_all_methods_long_v2] [time_series][epoch 068] lambda=0.0000 g_scale=0.000 train_total=0.07535820 train_sup=0.07535820 train_imit=0.00000000 mean_w=0.0000 active=0.0000 s_dense=0.00 s_pos=0.0000 s_sel=0.0000 s_sel_pos=0.0000 s_hot_err=0.000000 s_bg_err=0.000000 s_gap=0.000000 conf_cos=0.0000 conf_proj=0.00 val_mse=0.37204728 val_mae=0.42637107
[worker2/etth1_all_methods_long_v2] [time_series][epoch 069] lambda=0.0000 g_scale=0.000 train_total=0.07451448 train_sup=0.07451448 train_imit=0.00000000 mean_w=0.0000 active=0.0000 s_dense=0.00 s_pos=0.0000 s_sel=0.0000 s_sel_pos=0.0000 s_hot_err=0.000000 s_bg_err=0.000000 s_gap=0.000000 conf_cos=0.0000 conf_proj=0.00 val_mse=0.37857562 val_mae=0.42666628
[worker2/etth1_all_methods_long_v2] [time_series][epoch 070] lambda=0.0000 g_scale=0.000 train_total=0.07462954 train_sup=0.07462954 train_imit=0.00000000 mean_w=0.0000 active=0.0000 s_dense=0.00 s_pos=0.0000 s_sel=0.0000 s_sel_pos=0.0000 s_hot_err=0.000000 s_bg_err=0.000000 s_gap=0.000000 conf_cos=0.0000 conf_proj=0.00 val_mse=0.37986466 val_mae=0.43381794
[worker2/etth1_all_methods_long_v2] [time_series][epoch 070] updated live plot
[worker2/etth1_all_methods_long_v2] [time_series][epoch 071] lambda=0.0000 g_scale=0.000 train_total=0.07459794 train_sup=0.07459794 train_imit=0.00000000 mean_w=0.0000 active=0.0000 s_dense=0.00 s_pos=0.0000 s_sel=0.0000 s_sel_pos=0.0000 s_hot_err=0.000000 s_bg_err=0.000000 s_gap=0.000000 conf_cos=0.0000 conf_proj=0.00 val_mse=0.36991680 val_mae=0.42466269
[worker2/etth1_all_methods_long_v2] [time_series][epoch 072] lambda=0.0000 g_scale=0.000 train_total=0.07380880 train_sup=0.07380880 train_imit=0.00000000 mean_w=0.0000 active=0.0000 s_dense=0.00 s_pos=0.0000 s_sel=0.0000 s_sel_pos=0.0000 s_hot_err=0.000000 s_bg_err=0.000000 s_gap=0.000000 conf_cos=0.0000 conf_proj=0.00 val_mse=0.36374215 val_mae=0.41936320
[worker2/etth1_all_methods_long_v2] [time_series][epoch 073] lambda=0.0000 g_scale=0.000 train_total=0.07338644 train_sup=0.07338644 train_imit=0.00000000 mean_w=0.0000 active=0.0000 s_dense=0.00 s_pos=0.0000 s_sel=0.0000 s_sel_pos=0.0000 s_hot_err=0.000000 s_bg_err=0.000000 s_gap=0.000000 conf_cos=0.0000 conf_proj=0.00 val_mse=0.38189803 val_mae=0.43213731
[worker2/etth1_all_methods_long_v2] [time_series][epoch 074] lambda=0.0000 g_scale=0.000 train_total=0.07409288 train_sup=0.07409288 train_imit=0.00000000 mean_w=0.0000 active=0.0000 s_dense=0.00 s_pos=0.0000 s_sel=0.0000 s_sel_pos=0.0000 s_hot_err=0.000000 s_bg_err=0.000000 s_gap=0.000000 conf_cos=0.0000 conf_proj=0.00 val_mse=0.37140736 val_mae=0.42556594
[worker2/etth1_all_methods_long_v2] [time_series][epoch 075] lambda=0.0000 g_scale=0.000 train_total=0.07375312 train_sup=0.07375312 train_imit=0.00000000 mean_w=0.0000 active=0.0000 s_dense=0.00 s_pos=0.0000 s_sel=0.0000 s_sel_pos=0.0000 s_hot_err=0.000000 s_bg_err=0.000000 s_gap=0.000000 conf_cos=0.0000 conf_proj=0.00 val_mse=0.37334307 val_mae=0.42696501
[worker2/etth1_all_methods_long_v2] [time_series][epoch 076] lambda=0.0000 g_scale=0.000 train_total=0.07285548 train_sup=0.07285548 train_imit=0.00000000 mean_w=0.0000 active=0.0000 s_dense=0.00 s_pos=0.0000 s_sel=0.0000 s_sel_pos=0.0000 s_hot_err=0.000000 s_bg_err=0.000000 s_gap=0.000000 conf_cos=0.0000 conf_proj=0.00 val_mse=0.38021774 val_mae=0.43111703
[worker2/etth1_all_methods_long_v2] [time_series][epoch 077] lambda=0.0000 g_scale=0.000 train_total=0.07292186 train_sup=0.07292186 train_imit=0.00000000 mean_w=0.0000 active=0.0000 s_dense=0.00 s_pos=0.0000 s_sel=0.0000 s_sel_pos=0.0000 s_hot_err=0.000000 s_bg_err=0.000000 s_gap=0.000000 conf_cos=0.0000 conf_proj=0.00 val_mse=0.38453393 val_mae=0.43615853
[worker2/etth1_all_methods_long_v2] [time_series][epoch 078] lambda=0.0000 g_scale=0.000 train_total=0.07255223 train_sup=0.07255223 train_imit=0.00000000 mean_w=0.0000 active=0.0000 s_dense=0.00 s_pos=0.0000 s_sel=0.0000 s_sel_pos=0.0000 s_hot_err=0.000000 s_bg_err=0.000000 s_gap=0.000000 conf_cos=0.0000 conf_proj=0.00 val_mse=0.36726123 val_mae=0.42278216
[worker2/etth1_all_methods_long_v2] [time_series][epoch 079] lambda=0.0000 g_scale=0.000 train_total=0.07254128 train_sup=0.07254128 train_imit=0.00000000 mean_w=0.0000 active=0.0000 s_dense=0.00 s_pos=0.0000 s_sel=0.0000 s_sel_pos=0.0000 s_hot_err=0.000000 s_bg_err=0.000000 s_gap=0.000000 conf_cos=0.0000 conf_proj=0.00 val_mse=0.36592708 val_mae=0.41849154
[worker2/etth1_all_methods_long_v2] [time_series][epoch 080] lambda=0.0000 g_scale=0.000 train_total=0.07235996 train_sup=0.07235996 train_imit=0.00000000 mean_w=0.0000 active=0.0000 s_dense=0.00 s_pos=0.0000 s_sel=0.0000 s_sel_pos=0.0000 s_hot_err=0.000000 s_bg_err=0.000000 s_gap=0.000000 conf_cos=0.0000 conf_proj=0.00 val_mse=0.38223104 val_mae=0.43270984
[worker2/etth1_all_methods_long_v2] [time_series][epoch 080] updated live plot
[worker2/etth1_all_methods_long_v2] [time_series][epoch 081] lambda=0.0000 g_scale=0.000 train_total=0.07184934 train_sup=0.07184934 train_imit=0.00000000 mean_w=0.0000 active=0.0000 s_dense=0.00 s_pos=0.0000 s_sel=0.0000 s_sel_pos=0.0000 s_hot_err=0.000000 s_bg_err=0.000000 s_gap=0.000000 conf_cos=0.0000 conf_proj=0.00 val_mse=0.36487580 val_mae=0.42213066
[worker2/etth1_all_methods_long_v2] [time_series][epoch 082] lambda=0.0000 g_scale=0.000 train_total=0.07133149 train_sup=0.07133149 train_imit=0.00000000 mean_w=0.0000 active=0.0000 s_dense=0.00 s_pos=0.0000 s_sel=0.0000 s_sel_pos=0.0000 s_hot_err=0.000000 s_bg_err=0.000000 s_gap=0.000000 conf_cos=0.0000 conf_proj=0.00 val_mse=0.38602130 val_mae=0.43570705
[worker2/etth1_all_methods_long_v2] [time_series][epoch 083] lambda=0.0000 g_scale=0.000 train_total=0.07159007 train_sup=0.07159007 train_imit=0.00000000 mean_w=0.0000 active=0.0000 s_dense=0.00 s_pos=0.0000 s_sel=0.0000 s_sel_pos=0.0000 s_hot_err=0.000000 s_bg_err=0.000000 s_gap=0.000000 conf_cos=0.0000 conf_proj=0.00 val_mse=0.36888636 val_mae=0.42680433
[worker2/etth1_all_methods_long_v2] [time_series][epoch 084] lambda=0.0000 g_scale=0.000 train_total=0.07129901 train_sup=0.07129901 train_imit=0.00000000 mean_w=0.0000 active=0.0000 s_dense=0.00 s_pos=0.0000 s_sel=0.0000 s_sel_pos=0.0000 s_hot_err=0.000000 s_bg_err=0.000000 s_gap=0.000000 conf_cos=0.0000 conf_proj=0.00 val_mse=0.37316088 val_mae=0.41696323
[worker2/etth1_all_methods_long_v2] [time_series][epoch 085] lambda=0.0000 g_scale=0.000 train_total=0.07109026 train_sup=0.07109026 train_imit=0.00000000 mean_w=0.0000 active=0.0000 s_dense=0.00 s_pos=0.0000 s_sel=0.0000 s_sel_pos=0.0000 s_hot_err=0.000000 s_bg_err=0.000000 s_gap=0.000000 conf_cos=0.0000 conf_proj=0.00 val_mse=0.36564581 val_mae=0.42347212
[worker2/etth1_all_methods_long_v2] [time_series][epoch 086] lambda=0.0000 g_scale=0.000 train_total=0.07104459 train_sup=0.07104459 train_imit=0.00000000 mean_w=0.0000 active=0.0000 s_dense=0.00 s_pos=0.0000 s_sel=0.0000 s_sel_pos=0.0000 s_hot_err=0.000000 s_bg_err=0.000000 s_gap=0.000000 conf_cos=0.0000 conf_proj=0.00 val_mse=0.37070787 val_mae=0.42164965
[worker2/etth1_all_methods_long_v2] [time_series][epoch 087] lambda=0.0000 g_scale=0.000 train_total=0.07074752 train_sup=0.07074752 train_imit=0.00000000 mean_w=0.0000 active=0.0000 s_dense=0.00 s_pos=0.0000 s_sel=0.0000 s_sel_pos=0.0000 s_hot_err=0.000000 s_bg_err=0.000000 s_gap=0.000000 conf_cos=0.0000 conf_proj=0.00 val_mse=0.35721305 val_mae=0.41248193
[worker2/etth1_all_methods_long_v2] [time_series][epoch 088] lambda=0.0000 g_scale=0.000 train_total=0.07036915 train_sup=0.07036915 train_imit=0.00000000 mean_w=0.0000 active=0.0000 s_dense=0.00 s_pos=0.0000 s_sel=0.0000 s_sel_pos=0.0000 s_hot_err=0.000000 s_bg_err=0.000000 s_gap=0.000000 conf_cos=0.0000 conf_proj=0.00 val_mse=0.37116344 val_mae=0.42194828
[worker2/etth1_all_methods_long_v2] [time_series][epoch 089] lambda=0.0000 g_scale=0.000 train_total=0.07083627 train_sup=0.07083627 train_imit=0.00000000 mean_w=0.0000 active=0.0000 s_dense=0.00 s_pos=0.0000 s_sel=0.0000 s_sel_pos=0.0000 s_hot_err=0.000000 s_bg_err=0.000000 s_gap=0.000000 conf_cos=0.0000 conf_proj=0.00 val_mse=0.37226401 val_mae=0.42066569
[worker2/etth1_all_methods_long_v2] [time_series][epoch 090] lambda=0.0000 g_scale=0.000 train_total=0.07009817 train_sup=0.07009817 train_imit=0.00000000 mean_w=0.0000 active=0.0000 s_dense=0.00 s_pos=0.0000 s_sel=0.0000 s_sel_pos=0.0000 s_hot_err=0.000000 s_bg_err=0.000000 s_gap=0.000000 conf_cos=0.0000 conf_proj=0.00 val_mse=0.36766373 val_mae=0.42231999
[worker2/etth1_all_methods_long_v2] [time_series][epoch 090] updated live plot
[worker2/etth1_all_methods_long_v2] [time_series][epoch 091] lambda=0.0000 g_scale=0.000 train_total=0.06979453 train_sup=0.06979453 train_imit=0.00000000 mean_w=0.0000 active=0.0000 s_dense=0.00 s_pos=0.0000 s_sel=0.0000 s_sel_pos=0.0000 s_hot_err=0.000000 s_bg_err=0.000000 s_gap=0.000000 conf_cos=0.0000 conf_proj=0.00 val_mse=0.37776795 val_mae=0.42709789
[worker2/etth1_all_methods_long_v2] [time_series][epoch 092] lambda=0.0000 g_scale=0.000 train_total=0.06961921 train_sup=0.06961921 train_imit=0.00000000 mean_w=0.0000 active=0.0000 s_dense=0.00 s_pos=0.0000 s_sel=0.0000 s_sel_pos=0.0000 s_hot_err=0.000000 s_bg_err=0.000000 s_gap=0.000000 conf_cos=0.0000 conf_proj=0.00 val_mse=0.37610016 val_mae=0.41856259
[worker2/etth1_all_methods_long_v2] [time_series][epoch 093] lambda=0.0000 g_scale=0.000 train_total=0.06992080 train_sup=0.06992080 train_imit=0.00000000 mean_w=0.0000 active=0.0000 s_dense=0.00 s_pos=0.0000 s_sel=0.0000 s_sel_pos=0.0000 s_hot_err=0.000000 s_bg_err=0.000000 s_gap=0.000000 conf_cos=0.0000 conf_proj=0.00 val_mse=0.37198030 val_mae=0.42704068
[worker2/etth1_all_methods_long_v2] [time_series][epoch 094] lambda=0.0000 g_scale=0.000 train_total=0.06994610 train_sup=0.06994610 train_imit=0.00000000 mean_w=0.0000 active=0.0000 s_dense=0.00 s_pos=0.0000 s_sel=0.0000 s_sel_pos=0.0000 s_hot_err=0.000000 s_bg_err=0.000000 s_gap=0.000000 conf_cos=0.0000 conf_proj=0.00 val_mse=0.36789208 val_mae=0.42257043
[worker2/etth1_all_methods_long_v2] [time_series][epoch 095] lambda=0.0000 g_scale=0.000 train_total=0.06947617 train_sup=0.06947617 train_imit=0.00000000 mean_w=0.0000 active=0.0000 s_dense=0.00 s_pos=0.0000 s_sel=0.0000 s_sel_pos=0.0000 s_hot_err=0.000000 s_bg_err=0.000000 s_gap=0.000000 conf_cos=0.0000 conf_proj=0.00 val_mse=0.37721599 val_mae=0.42968207
[worker2/etth1_all_methods_long_v2] [time_series][epoch 096] lambda=0.0000 g_scale=0.000 train_total=0.06901403 train_sup=0.06901403 train_imit=0.00000000 mean_w=0.0000 active=0.0000 s_dense=0.00 s_pos=0.0000 s_sel=0.0000 s_sel_pos=0.0000 s_hot_err=0.000000 s_bg_err=0.000000 s_gap=0.000000 conf_cos=0.0000 conf_proj=0.00 val_mse=0.37395926 val_mae=0.42554746
[worker2/etth1_all_methods_long_v2] [time_series][epoch 097] lambda=0.0000 g_scale=0.000 train_total=0.06936130 train_sup=0.06936130 train_imit=0.00000000 mean_w=0.0000 active=0.0000 s_dense=0.00 s_pos=0.0000 s_sel=0.0000 s_sel_pos=0.0000 s_hot_err=0.000000 s_bg_err=0.000000 s_gap=0.000000 conf_cos=0.0000 conf_proj=0.00 val_mse=0.37892682 val_mae=0.42998462
[worker2/etth1_all_methods_long_v2] [time_series][epoch 098] lambda=0.0000 g_scale=0.000 train_total=0.06829925 train_sup=0.06829925 train_imit=0.00000000 mean_w=0.0000 active=0.0000 s_dense=0.00 s_pos=0.0000 s_sel=0.0000 s_sel_pos=0.0000 s_hot_err=0.000000 s_bg_err=0.000000 s_gap=0.000000 conf_cos=0.0000 conf_proj=0.00 val_mse=0.38097601 val_mae=0.43189883
[worker2/etth1_all_methods_long_v2] [time_series][epoch 099] lambda=0.0000 g_scale=0.000 train_total=0.06864313 train_sup=0.06864313 train_imit=0.00000000 mean_w=0.0000 active=0.0000 s_dense=0.00 s_pos=0.0000 s_sel=0.0000 s_sel_pos=0.0000 s_hot_err=0.000000 s_bg_err=0.000000 s_gap=0.000000 conf_cos=0.0000 conf_proj=0.00 val_mse=0.38327305 val_mae=0.43136374
[worker2/etth1_all_methods_long_v2] [time_series][epoch 100] lambda=0.0000 g_scale=0.000 train_total=0.06872449 train_sup=0.06872449 train_imit=0.00000000 mean_w=0.0000 active=0.0000 s_dense=0.00 s_pos=0.0000 s_sel=0.0000 s_sel_pos=0.0000 s_hot_err=0.000000 s_bg_err=0.000000 s_gap=0.000000 conf_cos=0.0000 conf_proj=0.00 val_mse=0.37384526 val_mae=0.42447324
[worker2/etth1_all_methods_long_v2] [time_series][epoch 100] updated live plot
[worker2/etth1_all_methods_long_v2] [time_series][epoch 101] lambda=0.0000 g_scale=0.000 train_total=0.06822974 train_sup=0.06822974 train_imit=0.00000000 mean_w=0.0000 active=0.0000 s_dense=0.00 s_pos=0.0000 s_sel=0.0000 s_sel_pos=0.0000 s_hot_err=0.000000 s_bg_err=0.000000 s_gap=0.000000 conf_cos=0.0000 conf_proj=0.00 val_mse=0.37043136 val_mae=0.41999446
[worker2/etth1_all_methods_long_v2] [time_series][epoch 102] lambda=0.0000 g_scale=0.000 train_total=0.06824942 train_sup=0.06824942 train_imit=0.00000000 mean_w=0.0000 active=0.0000 s_dense=0.00 s_pos=0.0000 s_sel=0.0000 s_sel_pos=0.0000 s_hot_err=0.000000 s_bg_err=0.000000 s_gap=0.000000 conf_cos=0.0000 conf_proj=0.00 val_mse=0.36924412 val_mae=0.41496941
[worker2/etth1_all_methods_long_v2] [time_series][epoch 103] lambda=0.0000 g_scale=0.000 train_total=0.06793326 train_sup=0.06793326 train_imit=0.00000000 mean_w=0.0000 active=0.0000 s_dense=0.00 s_pos=0.0000 s_sel=0.0000 s_sel_pos=0.0000 s_hot_err=0.000000 s_bg_err=0.000000 s_gap=0.000000 conf_cos=0.0000 conf_proj=0.00 val_mse=0.36714146 val_mae=0.42005777
[worker2/etth1_all_methods_long_v2] [time_series][epoch 104] lambda=0.0000 g_scale=0.000 train_total=0.06799406 train_sup=0.06799406 train_imit=0.00000000 mean_w=0.0000 active=0.0000 s_dense=0.00 s_pos=0.0000 s_sel=0.0000 s_sel_pos=0.0000 s_hot_err=0.000000 s_bg_err=0.000000 s_gap=0.000000 conf_cos=0.0000 conf_proj=0.00 val_mse=0.36304219 val_mae=0.41897458
[worker2/etth1_all_methods_long_v2] [time_series][epoch 105] lambda=0.0000 g_scale=0.000 train_total=0.06760251 train_sup=0.06760251 train_imit=0.00000000 mean_w=0.0000 active=0.0000 s_dense=0.00 s_pos=0.0000 s_sel=0.0000 s_sel_pos=0.0000 s_hot_err=0.000000 s_bg_err=0.000000 s_gap=0.000000 conf_cos=0.0000 conf_proj=0.00 val_mse=0.37034477 val_mae=0.42471689
[worker2/etth1_all_methods_long_v2] [time_series][epoch 106] lambda=0.0000 g_scale=0.000 train_total=0.06768416 train_sup=0.06768416 train_imit=0.00000000 mean_w=0.0000 active=0.0000 s_dense=0.00 s_pos=0.0000 s_sel=0.0000 s_sel_pos=0.0000 s_hot_err=0.000000 s_bg_err=0.000000 s_gap=0.000000 conf_cos=0.0000 conf_proj=0.00 val_mse=0.37175930 val_mae=0.41953572
[worker2/etth1_all_methods_long_v2] [time_series][epoch 107] lambda=0.0000 g_scale=0.000 train_total=0.06742962 train_sup=0.06742962 train_imit=0.00000000 mean_w=0.0000 active=0.0000 s_dense=0.00 s_pos=0.0000 s_sel=0.0000 s_sel_pos=0.0000 s_hot_err=0.000000 s_bg_err=0.000000 s_gap=0.000000 conf_cos=0.0000 conf_proj=0.00 val_mse=0.37038163 val_mae=0.42383474
[worker2/etth1_all_methods_long_v2] [time_series][epoch 108] lambda=0.0000 g_scale=0.000 train_total=0.06714808 train_sup=0.06714808 train_imit=0.00000000 mean_w=0.0000 active=0.0000 s_dense=0.00 s_pos=0.0000 s_sel=0.0000 s_sel_pos=0.0000 s_hot_err=0.000000 s_bg_err=0.000000 s_gap=0.000000 conf_cos=0.0000 conf_proj=0.00 val_mse=0.37706863 val_mae=0.42751569
[worker2/etth1_all_methods_long_v2] [time_series][epoch 109] lambda=0.0000 g_scale=0.000 train_total=0.06755507 train_sup=0.06755507 train_imit=0.00000000 mean_w=0.0000 active=0.0000 s_dense=0.00 s_pos=0.0000 s_sel=0.0000 s_sel_pos=0.0000 s_hot_err=0.000000 s_bg_err=0.000000 s_gap=0.000000 conf_cos=0.0000 conf_proj=0.00 val_mse=0.37272105 val_mae=0.41821287
[worker2/etth1_all_methods_long_v2] [time_series][epoch 110] lambda=0.0000 g_scale=0.000 train_total=0.06668936 train_sup=0.06668936 train_imit=0.00000000 mean_w=0.0000 active=0.0000 s_dense=0.00 s_pos=0.0000 s_sel=0.0000 s_sel_pos=0.0000 s_hot_err=0.000000 s_bg_err=0.000000 s_gap=0.000000 conf_cos=0.0000 conf_proj=0.00 val_mse=0.35989535 val_mae=0.41059504
[worker2/etth1_all_methods_long_v2] [time_series][epoch 110] updated live plot
[worker2/etth1_all_methods_long_v2] [time_series][epoch 111] lambda=0.0000 g_scale=0.000 train_total=0.06654597 train_sup=0.06654597 train_imit=0.00000000 mean_w=0.0000 active=0.0000 s_dense=0.00 s_pos=0.0000 s_sel=0.0000 s_sel_pos=0.0000 s_hot_err=0.000000 s_bg_err=0.000000 s_gap=0.000000 conf_cos=0.0000 conf_proj=0.00 val_mse=0.36616845 val_mae=0.41696670
[worker2/etth1_all_methods_long_v2] [time_series][epoch 112] lambda=0.0000 g_scale=0.000 train_total=0.06680848 train_sup=0.06680848 train_imit=0.00000000 mean_w=0.0000 active=0.0000 s_dense=0.00 s_pos=0.0000 s_sel=0.0000 s_sel_pos=0.0000 s_hot_err=0.000000 s_bg_err=0.000000 s_gap=0.000000 conf_cos=0.0000 conf_proj=0.00 val_mse=0.36891424 val_mae=0.42102601
[worker2/etth1_all_methods_long_v2] [time_series][epoch 113] lambda=0.0000 g_scale=0.000 train_total=0.06661550 train_sup=0.06661550 train_imit=0.00000000 mean_w=0.0000 active=0.0000 s_dense=0.00 s_pos=0.0000 s_sel=0.0000 s_sel_pos=0.0000 s_hot_err=0.000000 s_bg_err=0.000000 s_gap=0.000000 conf_cos=0.0000 conf_proj=0.00 val_mse=0.35747033 val_mae=0.41492129
[worker2/etth1_all_methods_long_v2] [time_series][epoch 114] lambda=0.0000 g_scale=0.000 train_total=0.06664625 train_sup=0.06664625 train_imit=0.00000000 mean_w=0.0000 active=0.0000 s_dense=0.00 s_pos=0.0000 s_sel=0.0000 s_sel_pos=0.0000 s_hot_err=0.000000 s_bg_err=0.000000 s_gap=0.000000 conf_cos=0.0000 conf_proj=0.00 val_mse=0.37498585 val_mae=0.42417616
[worker2/etth1_all_methods_long_v2] [time_series][epoch 115] lambda=0.0000 g_scale=0.000 train_total=0.06651648 train_sup=0.06651648 train_imit=0.00000000 mean_w=0.0000 active=0.0000 s_dense=0.00 s_pos=0.0000 s_sel=0.0000 s_sel_pos=0.0000 s_hot_err=0.000000 s_bg_err=0.000000 s_gap=0.000000 conf_cos=0.0000 conf_proj=0.00 val_mse=0.37339984 val_mae=0.42602362
[worker2/etth1_all_methods_long_v2] [time_series][epoch 116] lambda=0.0000 g_scale=0.000 train_total=0.06600311 train_sup=0.06600311 train_imit=0.00000000 mean_w=0.0000 active=0.0000 s_dense=0.00 s_pos=0.0000 s_sel=0.0000 s_sel_pos=0.0000 s_hot_err=0.000000 s_bg_err=0.000000 s_gap=0.000000 conf_cos=0.0000 conf_proj=0.00 val_mse=0.37614042 val_mae=0.42276145
[worker2/etth1_all_methods_long_v2] [time_series][epoch 117] lambda=0.0000 g_scale=0.000 train_total=0.06634932 train_sup=0.06634932 train_imit=0.00000000 mean_w=0.0000 active=0.0000 s_dense=0.00 s_pos=0.0000 s_sel=0.0000 s_sel_pos=0.0000 s_hot_err=0.000000 s_bg_err=0.000000 s_gap=0.000000 conf_cos=0.0000 conf_proj=0.00 val_mse=0.36289824 val_mae=0.41425475
[worker2/etth1_all_methods_long_v2] [time_series][epoch 118] lambda=0.0000 g_scale=0.000 train_total=0.06583448 train_sup=0.06583448 train_imit=0.00000000 mean_w=0.0000 active=0.0000 s_dense=0.00 s_pos=0.0000 s_sel=0.0000 s_sel_pos=0.0000 s_hot_err=0.000000 s_bg_err=0.000000 s_gap=0.000000 conf_cos=0.0000 conf_proj=0.00 val_mse=0.37099401 val_mae=0.42051982
[worker2/etth1_all_methods_long_v2] [time_series][epoch 119] lambda=0.0000 g_scale=0.000 train_total=0.06597218 train_sup=0.06597218 train_imit=0.00000000 mean_w=0.0000 active=0.0000 s_dense=0.00 s_pos=0.0000 s_sel=0.0000 s_sel_pos=0.0000 s_hot_err=0.000000 s_bg_err=0.000000 s_gap=0.000000 conf_cos=0.0000 conf_proj=0.00 val_mse=0.37002271 val_mae=0.41996303
[worker2/etth1_all_methods_long_v2] [time_series][epoch 120] lambda=0.0000 g_scale=0.000 train_total=0.06567447 train_sup=0.06567447 train_imit=0.00000000 mean_w=0.0000 active=0.0000 s_dense=0.00 s_pos=0.0000 s_sel=0.0000 s_sel_pos=0.0000 s_hot_err=0.000000 s_bg_err=0.000000 s_gap=0.000000 conf_cos=0.0000 conf_proj=0.00 val_mse=0.37844582 val_mae=0.42934739
[worker2/etth1_all_methods_long_v2] [time_series][epoch 120] updated live plot
[worker2/etth1_all_methods_long_v2] [time_series][epoch 121] lambda=0.0000 g_scale=0.000 train_total=0.06531780 train_sup=0.06531780 train_imit=0.00000000 mean_w=0.0000 active=0.0000 s_dense=0.00 s_pos=0.0000 s_sel=0.0000 s_sel_pos=0.0000 s_hot_err=0.000000 s_bg_err=0.000000 s_gap=0.000000 conf_cos=0.0000 conf_proj=0.00 val_mse=0.36678120 val_mae=0.42071365
[worker2/etth1_all_methods_long_v2] [time_series][epoch 122] lambda=0.0000 g_scale=0.000 train_total=0.06519388 train_sup=0.06519388 train_imit=0.00000000 mean_w=0.0000 active=0.0000 s_dense=0.00 s_pos=0.0000 s_sel=0.0000 s_sel_pos=0.0000 s_hot_err=0.000000 s_bg_err=0.000000 s_gap=0.000000 conf_cos=0.0000 conf_proj=0.00 val_mse=0.36460374 val_mae=0.41880808
[worker2/etth1_all_methods_long_v2] [time_series][epoch 123] lambda=0.0000 g_scale=0.000 train_total=0.06530621 train_sup=0.06530621 train_imit=0.00000000 mean_w=0.0000 active=0.0000 s_dense=0.00 s_pos=0.0000 s_sel=0.0000 s_sel_pos=0.0000 s_hot_err=0.000000 s_bg_err=0.000000 s_gap=0.000000 conf_cos=0.0000 conf_proj=0.00 val_mse=0.38452524 val_mae=0.42907571
[worker2/etth1_all_methods_long_v2] [time_series][epoch 124] lambda=0.0000 g_scale=0.000 train_total=0.06501546 train_sup=0.06501546 train_imit=0.00000000 mean_w=0.0000 active=0.0000 s_dense=0.00 s_pos=0.0000 s_sel=0.0000 s_sel_pos=0.0000 s_hot_err=0.000000 s_bg_err=0.000000 s_gap=0.000000 conf_cos=0.0000 conf_proj=0.00 val_mse=0.38617611 val_mae=0.42985369
[worker2/etth1_all_methods_long_v2] [time_series][epoch 125] lambda=0.0000 g_scale=0.000 train_total=0.06527526 train_sup=0.06527526 train_imit=0.00000000 mean_w=0.0000 active=0.0000 s_dense=0.00 s_pos=0.0000 s_sel=0.0000 s_sel_pos=0.0000 s_hot_err=0.000000 s_bg_err=0.000000 s_gap=0.000000 conf_cos=0.0000 conf_proj=0.00 val_mse=0.38930282 val_mae=0.42951320
[worker2/etth1_all_methods_long_v2] [time_series][epoch 126] lambda=0.0000 g_scale=0.000 train_total=0.06463711 train_sup=0.06463711 train_imit=0.00000000 mean_w=0.0000 active=0.0000 s_dense=0.00 s_pos=0.0000 s_sel=0.0000 s_sel_pos=0.0000 s_hot_err=0.000000 s_bg_err=0.000000 s_gap=0.000000 conf_cos=0.0000 conf_proj=0.00 val_mse=0.37975499 val_mae=0.42480257
[worker2/etth1_all_methods_long_v2] [time_series][epoch 127] lambda=0.0000 g_scale=0.000 train_total=0.06502781 train_sup=0.06502781 train_imit=0.00000000 mean_w=0.0000 active=0.0000 s_dense=0.00 s_pos=0.0000 s_sel=0.0000 s_sel_pos=0.0000 s_hot_err=0.000000 s_bg_err=0.000000 s_gap=0.000000 conf_cos=0.0000 conf_proj=0.00 val_mse=0.36463885 val_mae=0.41235391
[worker2/etth1_all_methods_long_v2] [time_series][epoch 128] lambda=0.0000 g_scale=0.000 train_total=0.06483698 train_sup=0.06483698 train_imit=0.00000000 mean_w=0.0000 active=0.0000 s_dense=0.00 s_pos=0.0000 s_sel=0.0000 s_sel_pos=0.0000 s_hot_err=0.000000 s_bg_err=0.000000 s_gap=0.000000 conf_cos=0.0000 conf_proj=0.00 val_mse=0.38297383 val_mae=0.43107004
[worker2/etth1_all_methods_long_v2] [time_series][epoch 129] lambda=0.0000 g_scale=0.000 train_total=0.06492235 train_sup=0.06492235 train_imit=0.00000000 mean_w=0.0000 active=0.0000 s_dense=0.00 s_pos=0.0000 s_sel=0.0000 s_sel_pos=0.0000 s_hot_err=0.000000 s_bg_err=0.000000 s_gap=0.000000 conf_cos=0.0000 conf_proj=0.00 val_mse=0.37428297 val_mae=0.42519863
[worker2/etth1_all_methods_long_v2] [time_series][epoch 130] lambda=0.0000 g_scale=0.000 train_total=0.06446348 train_sup=0.06446348 train_imit=0.00000000 mean_w=0.0000 active=0.0000 s_dense=0.00 s_pos=0.0000 s_sel=0.0000 s_sel_pos=0.0000 s_hot_err=0.000000 s_bg_err=0.000000 s_gap=0.000000 conf_cos=0.0000 conf_proj=0.00 val_mse=0.37116892 val_mae=0.42243649
[worker2/etth1_all_methods_long_v2] [time_series][epoch 130] updated live plot
[worker2/etth1_all_methods_long_v2] [time_series][epoch 131] lambda=0.0000 g_scale=0.000 train_total=0.06473714 train_sup=0.06473714 train_imit=0.00000000 mean_w=0.0000 active=0.0000 s_dense=0.00 s_pos=0.0000 s_sel=0.0000 s_sel_pos=0.0000 s_hot_err=0.000000 s_bg_err=0.000000 s_gap=0.000000 conf_cos=0.0000 conf_proj=0.00 val_mse=0.36082466 val_mae=0.41231222
[worker2/etth1_all_methods_long_v2] [time_series][epoch 132] lambda=0.0000 g_scale=0.000 train_total=0.06459136 train_sup=0.06459136 train_imit=0.00000000 mean_w=0.0000 active=0.0000 s_dense=0.00 s_pos=0.0000 s_sel=0.0000 s_sel_pos=0.0000 s_hot_err=0.000000 s_bg_err=0.000000 s_gap=0.000000 conf_cos=0.0000 conf_proj=0.00 val_mse=0.37501547 val_mae=0.42274178
[worker2/etth1_all_methods_long_v2] [time_series][epoch 133] lambda=0.0000 g_scale=0.000 train_total=0.06420651 train_sup=0.06420651 train_imit=0.00000000 mean_w=0.0000 active=0.0000 s_dense=0.00 s_pos=0.0000 s_sel=0.0000 s_sel_pos=0.0000 s_hot_err=0.000000 s_bg_err=0.000000 s_gap=0.000000 conf_cos=0.0000 conf_proj=0.00 val_mse=0.36848530 val_mae=0.41622804
[worker2/etth1_all_methods_long_v2] [time_series][epoch 134] lambda=0.0000 g_scale=0.000 train_total=0.06402183 train_sup=0.06402183 train_imit=0.00000000 mean_w=0.0000 active=0.0000 s_dense=0.00 s_pos=0.0000 s_sel=0.0000 s_sel_pos=0.0000 s_hot_err=0.000000 s_bg_err=0.000000 s_gap=0.000000 conf_cos=0.0000 conf_proj=0.00 val_mse=0.36852332 val_mae=0.42066433
[worker2/etth1_all_methods_long_v2] [time_series][epoch 135] lambda=0.0000 g_scale=0.000 train_total=0.06407409 train_sup=0.06407409 train_imit=0.00000000 mean_w=0.0000 active=0.0000 s_dense=0.00 s_pos=0.0000 s_sel=0.0000 s_sel_pos=0.0000 s_hot_err=0.000000 s_bg_err=0.000000 s_gap=0.000000 conf_cos=0.0000 conf_proj=0.00 val_mse=0.37716665 val_mae=0.41761844
[worker2/etth1_all_methods_long_v2] [time_series][epoch 136] lambda=0.0000 g_scale=0.000 train_total=0.06393162 train_sup=0.06393162 train_imit=0.00000000 mean_w=0.0000 active=0.0000 s_dense=0.00 s_pos=0.0000 s_sel=0.0000 s_sel_pos=0.0000 s_hot_err=0.000000 s_bg_err=0.000000 s_gap=0.000000 conf_cos=0.0000 conf_proj=0.00 val_mse=0.38664583 val_mae=0.43206006
[worker2/etth1_all_methods_long_v2] [time_series][epoch 137] lambda=0.0000 g_scale=0.000 train_total=0.06379296 train_sup=0.06379296 train_imit=0.00000000 mean_w=0.0000 active=0.0000 s_dense=0.00 s_pos=0.0000 s_sel=0.0000 s_sel_pos=0.0000 s_hot_err=0.000000 s_bg_err=0.000000 s_gap=0.000000 conf_cos=0.0000 conf_proj=0.00 val_mse=0.37649432 val_mae=0.41845912
[worker2/etth1_all_methods_long_v2] [time_series][epoch 138] lambda=0.0000 g_scale=0.000 train_total=0.06382323 train_sup=0.06382323 train_imit=0.00000000 mean_w=0.0000 active=0.0000 s_dense=0.00 s_pos=0.0000 s_sel=0.0000 s_sel_pos=0.0000 s_hot_err=0.000000 s_bg_err=0.000000 s_gap=0.000000 conf_cos=0.0000 conf_proj=0.00 val_mse=0.37381820 val_mae=0.42558057
[worker2/etth1_all_methods_long_v2] [time_series][epoch 139] lambda=0.0000 g_scale=0.000 train_total=0.06380737 train_sup=0.06380737 train_imit=0.00000000 mean_w=0.0000 active=0.0000 s_dense=0.00 s_pos=0.0000 s_sel=0.0000 s_sel_pos=0.0000 s_hot_err=0.000000 s_bg_err=0.000000 s_gap=0.000000 conf_cos=0.0000 conf_proj=0.00 val_mse=0.37127421 val_mae=0.42117773
[worker2/etth1_all_methods_long_v2] [time_series][epoch 140] lambda=0.0000 g_scale=0.000 train_total=0.06344420 train_sup=0.06344420 train_imit=0.00000000 mean_w=0.0000 active=0.0000 s_dense=0.00 s_pos=0.0000 s_sel=0.0000 s_sel_pos=0.0000 s_hot_err=0.000000 s_bg_err=0.000000 s_gap=0.000000 conf_cos=0.0000 conf_proj=0.00 val_mse=0.37656996 val_mae=0.42052018
[worker2/etth1_all_methods_long_v2] [time_series][epoch 140] updated live plot
[worker2/etth1_all_methods_long_v2] [time_series][epoch 141] lambda=0.0000 g_scale=0.000 train_total=0.06319829 train_sup=0.06319829 train_imit=0.00000000 mean_w=0.0000 active=0.0000 s_dense=0.00 s_pos=0.0000 s_sel=0.0000 s_sel_pos=0.0000 s_hot_err=0.000000 s_bg_err=0.000000 s_gap=0.000000 conf_cos=0.0000 conf_proj=0.00 val_mse=0.38969863 val_mae=0.43504007
[worker2/etth1_all_methods_long_v2] [time_series][epoch 142] lambda=0.0000 g_scale=0.000 train_total=0.06334497 train_sup=0.06334497 train_imit=0.00000000 mean_w=0.0000 active=0.0000 s_dense=0.00 s_pos=0.0000 s_sel=0.0000 s_sel_pos=0.0000 s_hot_err=0.000000 s_bg_err=0.000000 s_gap=0.000000 conf_cos=0.0000 conf_proj=0.00 val_mse=0.39121302 val_mae=0.43387263
[worker2/etth1_all_methods_long_v2] [time_series][epoch 143] lambda=0.0000 g_scale=0.000 train_total=0.06339106 train_sup=0.06339106 train_imit=0.00000000 mean_w=0.0000 active=0.0000 s_dense=0.00 s_pos=0.0000 s_sel=0.0000 s_sel_pos=0.0000 s_hot_err=0.000000 s_bg_err=0.000000 s_gap=0.000000 conf_cos=0.0000 conf_proj=0.00 val_mse=0.38199328 val_mae=0.42795432
[worker2/etth1_all_methods_long_v2] [time_series][epoch 144] lambda=0.0000 g_scale=0.000 train_total=0.06300992 train_sup=0.06300992 train_imit=0.00000000 mean_w=0.0000 active=0.0000 s_dense=0.00 s_pos=0.0000 s_sel=0.0000 s_sel_pos=0.0000 s_hot_err=0.000000 s_bg_err=0.000000 s_gap=0.000000 conf_cos=0.0000 conf_proj=0.00 val_mse=0.37220525 val_mae=0.42325886
[worker2/etth1_all_methods_long_v2] [time_series][epoch 145] lambda=0.0000 g_scale=0.000 train_total=0.06303615 train_sup=0.06303615 train_imit=0.00000000 mean_w=0.0000 active=0.0000 s_dense=0.00 s_pos=0.0000 s_sel=0.0000 s_sel_pos=0.0000 s_hot_err=0.000000 s_bg_err=0.000000 s_gap=0.000000 conf_cos=0.0000 conf_proj=0.00 val_mse=0.38372143 val_mae=0.43436232
[worker2/etth1_all_methods_long_v2] [time_series][epoch 146] lambda=0.0000 g_scale=0.000 train_total=0.06322794 train_sup=0.06322794 train_imit=0.00000000 mean_w=0.0000 active=0.0000 s_dense=0.00 s_pos=0.0000 s_sel=0.0000 s_sel_pos=0.0000 s_hot_err=0.000000 s_bg_err=0.000000 s_gap=0.000000 conf_cos=0.0000 conf_proj=0.00 val_mse=0.38011784 val_mae=0.42464017
[worker2/etth1_all_methods_long_v2] [time_series][epoch 147] lambda=0.0000 g_scale=0.000 train_total=0.06291540 train_sup=0.06291540 train_imit=0.00000000 mean_w=0.0000 active=0.0000 s_dense=0.00 s_pos=0.0000 s_sel=0.0000 s_sel_pos=0.0000 s_hot_err=0.000000 s_bg_err=0.000000 s_gap=0.000000 conf_cos=0.0000 conf_proj=0.00 val_mse=0.38810466 val_mae=0.43151033
[worker2/etth1_all_methods_long_v2] [time_series][epoch 148] lambda=0.0000 g_scale=0.000 train_total=0.06292839 train_sup=0.06292839 train_imit=0.00000000 mean_w=0.0000 active=0.0000 s_dense=0.00 s_pos=0.0000 s_sel=0.0000 s_sel_pos=0.0000 s_hot_err=0.000000 s_bg_err=0.000000 s_gap=0.000000 conf_cos=0.0000 conf_proj=0.00 val_mse=0.38286621 val_mae=0.42634966
[worker2/etth1_all_methods_long_v2] [time_series][epoch 149] lambda=0.0000 g_scale=0.000 train_total=0.06260465 train_sup=0.06260465 train_imit=0.00000000 mean_w=0.0000 active=0.0000 s_dense=0.00 s_pos=0.0000 s_sel=0.0000 s_sel_pos=0.0000 s_hot_err=0.000000 s_bg_err=0.000000 s_gap=0.000000 conf_cos=0.0000 conf_proj=0.00 val_mse=0.36582241 val_mae=0.41537407
[worker2/etth1_all_methods_long_v2] [time_series][epoch 150] lambda=0.0000 g_scale=0.000 train_total=0.06281960 train_sup=0.06281960 train_imit=0.00000000 mean_w=0.0000 active=0.0000 s_dense=0.00 s_pos=0.0000 s_sel=0.0000 s_sel_pos=0.0000 s_hot_err=0.000000 s_bg_err=0.000000 s_gap=0.000000 conf_cos=0.0000 conf_proj=0.00 val_mse=0.37552293 val_mae=0.42119559
[worker2/etth1_all_methods_long_v2] [time_series][epoch 150] updated live plot
[worker2/etth1_all_methods_long_v2] [time_series][epoch 151] lambda=0.0000 g_scale=0.000 train_total=0.06235109 train_sup=0.06235109 train_imit=0.00000000 mean_w=0.0000 active=0.0000 s_dense=0.00 s_pos=0.0000 s_sel=0.0000 s_sel_pos=0.0000 s_hot_err=0.000000 s_bg_err=0.000000 s_gap=0.000000 conf_cos=0.0000 conf_proj=0.00 val_mse=0.38677391 val_mae=0.43342991
[worker2/etth1_all_methods_long_v2] [time_series][epoch 152] lambda=0.0000 g_scale=0.000 train_total=0.06219810 train_sup=0.06219810 train_imit=0.00000000 mean_w=0.0000 active=0.0000 s_dense=0.00 s_pos=0.0000 s_sel=0.0000 s_sel_pos=0.0000 s_hot_err=0.000000 s_bg_err=0.000000 s_gap=0.000000 conf_cos=0.0000 conf_proj=0.00 val_mse=0.38398593 val_mae=0.42669195
[worker2/etth1_all_methods_long_v2] [time_series][epoch 153] lambda=0.0000 g_scale=0.000 train_total=0.06234439 train_sup=0.06234439 train_imit=0.00000000 mean_w=0.0000 active=0.0000 s_dense=0.00 s_pos=0.0000 s_sel=0.0000 s_sel_pos=0.0000 s_hot_err=0.000000 s_bg_err=0.000000 s_gap=0.000000 conf_cos=0.0000 conf_proj=0.00 val_mse=0.37883998 val_mae=0.42876642
[worker2/etth1_all_methods_long_v2] [time_series][epoch 154] lambda=0.0000 g_scale=0.000 train_total=0.06223807 train_sup=0.06223807 train_imit=0.00000000 mean_w=0.0000 active=0.0000 s_dense=0.00 s_pos=0.0000 s_sel=0.0000 s_sel_pos=0.0000 s_hot_err=0.000000 s_bg_err=0.000000 s_gap=0.000000 conf_cos=0.0000 conf_proj=0.00 val_mse=0.38417459 val_mae=0.42940719
[worker2/etth1_all_methods_long_v2] [time_series][epoch 155] lambda=0.0000 g_scale=0.000 train_total=0.06238296 train_sup=0.06238296 train_imit=0.00000000 mean_w=0.0000 active=0.0000 s_dense=0.00 s_pos=0.0000 s_sel=0.0000 s_sel_pos=0.0000 s_hot_err=0.000000 s_bg_err=0.000000 s_gap=0.000000 conf_cos=0.0000 conf_proj=0.00 val_mse=0.37919129 val_mae=0.42420390
[worker2/etth1_all_methods_long_v2] [time_series][epoch 156] lambda=0.0000 g_scale=0.000 train_total=0.06201478 train_sup=0.06201478 train_imit=0.00000000 mean_w=0.0000 active=0.0000 s_dense=0.00 s_pos=0.0000 s_sel=0.0000 s_sel_pos=0.0000 s_hot_err=0.000000 s_bg_err=0.000000 s_gap=0.000000 conf_cos=0.0000 conf_proj=0.00 val_mse=0.38987628 val_mae=0.43122070
[worker2/etth1_all_methods_long_v2] [time_series][epoch 157] lambda=0.0000 g_scale=0.000 train_total=0.06166287 train_sup=0.06166287 train_imit=0.00000000 mean_w=0.0000 active=0.0000 s_dense=0.00 s_pos=0.0000 s_sel=0.0000 s_sel_pos=0.0000 s_hot_err=0.000000 s_bg_err=0.000000 s_gap=0.000000 conf_cos=0.0000 conf_proj=0.00 val_mse=0.38208117 val_mae=0.42385107
[worker2/etth1_all_methods_long_v2] [time_series][epoch 158] lambda=0.0000 g_scale=0.000 train_total=0.06200403 train_sup=0.06200403 train_imit=0.00000000 mean_w=0.0000 active=0.0000 s_dense=0.00 s_pos=0.0000 s_sel=0.0000 s_sel_pos=0.0000 s_hot_err=0.000000 s_bg_err=0.000000 s_gap=0.000000 conf_cos=0.0000 conf_proj=0.00 val_mse=0.38102586 val_mae=0.42150652
[worker2/etth1_all_methods_long_v2] [time_series][epoch 159] lambda=0.0000 g_scale=0.000 train_total=0.06190174 train_sup=0.06190174 train_imit=0.00000000 mean_w=0.0000 active=0.0000 s_dense=0.00 s_pos=0.0000 s_sel=0.0000 s_sel_pos=0.0000 s_hot_err=0.000000 s_bg_err=0.000000 s_gap=0.000000 conf_cos=0.0000 conf_proj=0.00 val_mse=0.36499008 val_mae=0.41289857
[worker2/etth1_all_methods_long_v2] [time_series][epoch 160] lambda=0.0000 g_scale=0.000 train_total=0.06177380 train_sup=0.06177380 train_imit=0.00000000 mean_w=0.0000 active=0.0000 s_dense=0.00 s_pos=0.0000 s_sel=0.0000 s_sel_pos=0.0000 s_hot_err=0.000000 s_bg_err=0.000000 s_gap=0.000000 conf_cos=0.0000 conf_proj=0.00 val_mse=0.37759095 val_mae=0.42196115
[worker2/etth1_all_methods_long_v2] [time_series][epoch 160] updated live plot
[worker2/etth1_all_methods_long_v2] [time_series][epoch 161] lambda=0.0000 g_scale=0.000 train_total=0.06178247 train_sup=0.06178247 train_imit=0.00000000 mean_w=0.0000 active=0.0000 s_dense=0.00 s_pos=0.0000 s_sel=0.0000 s_sel_pos=0.0000 s_hot_err=0.000000 s_bg_err=0.000000 s_gap=0.000000 conf_cos=0.0000 conf_proj=0.00 val_mse=0.37638854 val_mae=0.42375617
[worker2/etth1_all_methods_long_v2] [time_series][epoch 162] lambda=0.0000 g_scale=0.000 train_total=0.06140001 train_sup=0.06140001 train_imit=0.00000000 mean_w=0.0000 active=0.0000 s_dense=0.00 s_pos=0.0000 s_sel=0.0000 s_sel_pos=0.0000 s_hot_err=0.000000 s_bg_err=0.000000 s_gap=0.000000 conf_cos=0.0000 conf_proj=0.00 val_mse=0.37312504 val_mae=0.42164605
[worker2/etth1_all_methods_long_v2] [time_series][epoch 163] lambda=0.0000 g_scale=0.000 train_total=0.06155532 train_sup=0.06155532 train_imit=0.00000000 mean_w=0.0000 active=0.0000 s_dense=0.00 s_pos=0.0000 s_sel=0.0000 s_sel_pos=0.0000 s_hot_err=0.000000 s_bg_err=0.000000 s_gap=0.000000 conf_cos=0.0000 conf_proj=0.00 val_mse=0.38934683 val_mae=0.42973655
[worker2/etth1_all_methods_long_v2] [time_series][epoch 164] lambda=0.0000 g_scale=0.000 train_total=0.06154877 train_sup=0.06154877 train_imit=0.00000000 mean_w=0.0000 active=0.0000 s_dense=0.00 s_pos=0.0000 s_sel=0.0000 s_sel_pos=0.0000 s_hot_err=0.000000 s_bg_err=0.000000 s_gap=0.000000 conf_cos=0.0000 conf_proj=0.00 val_mse=0.38995827 val_mae=0.43488601
[worker2/etth1_all_methods_long_v2] [time_series][epoch 165] lambda=0.0000 g_scale=0.000 train_total=0.06157508 train_sup=0.06157508 train_imit=0.00000000 mean_w=0.0000 active=0.0000 s_dense=0.00 s_pos=0.0000 s_sel=0.0000 s_sel_pos=0.0000 s_hot_err=0.000000 s_bg_err=0.000000 s_gap=0.000000 conf_cos=0.0000 conf_proj=0.00 val_mse=0.37372589 val_mae=0.42141612
[worker2/etth1_all_methods_long_v2] [time_series][epoch 166] lambda=0.0000 g_scale=0.000 train_total=0.06076706 train_sup=0.06076706 train_imit=0.00000000 mean_w=0.0000 active=0.0000 s_dense=0.00 s_pos=0.0000 s_sel=0.0000 s_sel_pos=0.0000 s_hot_err=0.000000 s_bg_err=0.000000 s_gap=0.000000 conf_cos=0.0000 conf_proj=0.00 val_mse=0.38940183 val_mae=0.43001687
[worker2/etth1_all_methods_long_v2] [time_series][epoch 167] lambda=0.0000 g_scale=0.000 train_total=0.06110427 train_sup=0.06110427 train_imit=0.00000000 mean_w=0.0000 active=0.0000 s_dense=0.00 s_pos=0.0000 s_sel=0.0000 s_sel_pos=0.0000 s_hot_err=0.000000 s_bg_err=0.000000 s_gap=0.000000 conf_cos=0.0000 conf_proj=0.00 val_mse=0.38680626 val_mae=0.43101907
[worker2/etth1_all_methods_long_v2] [time_series][epoch 168] lambda=0.0000 g_scale=0.000 train_total=0.06110764 train_sup=0.06110764 train_imit=0.00000000 mean_w=0.0000 active=0.0000 s_dense=0.00 s_pos=0.0000 s_sel=0.0000 s_sel_pos=0.0000 s_hot_err=0.000000 s_bg_err=0.000000 s_gap=0.000000 conf_cos=0.0000 conf_proj=0.00 val_mse=0.39471428 val_mae=0.43093778
[worker2/etth1_all_methods_long_v2] [time_series][epoch 169] lambda=0.0000 g_scale=0.000 train_total=0.06104844 train_sup=0.06104844 train_imit=0.00000000 mean_w=0.0000 active=0.0000 s_dense=0.00 s_pos=0.0000 s_sel=0.0000 s_sel_pos=0.0000 s_hot_err=0.000000 s_bg_err=0.000000 s_gap=0.000000 conf_cos=0.0000 conf_proj=0.00 val_mse=0.38515210 val_mae=0.42609804
[worker2/etth1_all_methods_long_v2] [time_series][epoch 170] lambda=0.0000 g_scale=0.000 train_total=0.06111093 train_sup=0.06111093 train_imit=0.00000000 mean_w=0.0000 active=0.0000 s_dense=0.00 s_pos=0.0000 s_sel=0.0000 s_sel_pos=0.0000 s_hot_err=0.000000 s_bg_err=0.000000 s_gap=0.000000 conf_cos=0.0000 conf_proj=0.00 val_mse=0.39611882 val_mae=0.43492956
[worker2/etth1_all_methods_long_v2] [time_series][epoch 170] updated live plot
[worker2/etth1_all_methods_long_v2] [time_series][epoch 171] lambda=0.0000 g_scale=0.000 train_total=0.06096451 train_sup=0.06096451 train_imit=0.00000000 mean_w=0.0000 active=0.0000 s_dense=0.00 s_pos=0.0000 s_sel=0.0000 s_sel_pos=0.0000 s_hot_err=0.000000 s_bg_err=0.000000 s_gap=0.000000 conf_cos=0.0000 conf_proj=0.00 val_mse=0.38636017 val_mae=0.43187503
[worker2/etth1_all_methods_long_v2] [time_series][epoch 172] lambda=0.0000 g_scale=0.000 train_total=0.06097238 train_sup=0.06097238 train_imit=0.00000000 mean_w=0.0000 active=0.0000 s_dense=0.00 s_pos=0.0000 s_sel=0.0000 s_sel_pos=0.0000 s_hot_err=0.000000 s_bg_err=0.000000 s_gap=0.000000 conf_cos=0.0000 conf_proj=0.00 val_mse=0.37445464 val_mae=0.42313767
[worker2/etth1_all_methods_long_v2] [time_series][epoch 173] lambda=0.0000 g_scale=0.000 train_total=0.06096660 train_sup=0.06096660 train_imit=0.00000000 mean_w=0.0000 active=0.0000 s_dense=0.00 s_pos=0.0000 s_sel=0.0000 s_sel_pos=0.0000 s_hot_err=0.000000 s_bg_err=0.000000 s_gap=0.000000 conf_cos=0.0000 conf_proj=0.00 val_mse=0.37826636 val_mae=0.42102866
[worker2/etth1_all_methods_long_v2] [time_series][epoch 174] lambda=0.0000 g_scale=0.000 train_total=0.06109210 train_sup=0.06109210 train_imit=0.00000000 mean_w=0.0000 active=0.0000 s_dense=0.00 s_pos=0.0000 s_sel=0.0000 s_sel_pos=0.0000 s_hot_err=0.000000 s_bg_err=0.000000 s_gap=0.000000 conf_cos=0.0000 conf_proj=0.00 val_mse=0.38315003 val_mae=0.42491035
[worker2/etth1_all_methods_long_v2] [time_series][epoch 175] lambda=0.0000 g_scale=0.000 train_total=0.06080866 train_sup=0.06080866 train_imit=0.00000000 mean_w=0.0000 active=0.0000 s_dense=0.00 s_pos=0.0000 s_sel=0.0000 s_sel_pos=0.0000 s_hot_err=0.000000 s_bg_err=0.000000 s_gap=0.000000 conf_cos=0.0000 conf_proj=0.00 val_mse=0.37771033 val_mae=0.42558129
[worker2/etth1_all_methods_long_v2] [time_series][epoch 176] lambda=0.0000 g_scale=0.000 train_total=0.06059994 train_sup=0.06059994 train_imit=0.00000000 mean_w=0.0000 active=0.0000 s_dense=0.00 s_pos=0.0000 s_sel=0.0000 s_sel_pos=0.0000 s_hot_err=0.000000 s_bg_err=0.000000 s_gap=0.000000 conf_cos=0.0000 conf_proj=0.00 val_mse=0.38275265 val_mae=0.42601978
[worker2/etth1_all_methods_long_v2] [time_series][epoch 177] lambda=0.0000 g_scale=0.000 train_total=0.06066596 train_sup=0.06066596 train_imit=0.00000000 mean_w=0.0000 active=0.0000 s_dense=0.00 s_pos=0.0000 s_sel=0.0000 s_sel_pos=0.0000 s_hot_err=0.000000 s_bg_err=0.000000 s_gap=0.000000 conf_cos=0.0000 conf_proj=0.00 val_mse=0.38317447 val_mae=0.42705672
[worker2/etth1_all_methods_long_v2] [time_series][epoch 178] lambda=0.0000 g_scale=0.000 train_total=0.06044080 train_sup=0.06044080 train_imit=0.00000000 mean_w=0.0000 active=0.0000 s_dense=0.00 s_pos=0.0000 s_sel=0.0000 s_sel_pos=0.0000 s_hot_err=0.000000 s_bg_err=0.000000 s_gap=0.000000 conf_cos=0.0000 conf_proj=0.00 val_mse=0.37179759 val_mae=0.42045057
[worker2/etth1_all_methods_long_v2] [time_series][epoch 179] lambda=0.0000 g_scale=0.000 train_total=0.06035634 train_sup=0.06035634 train_imit=0.00000000 mean_w=0.0000 active=0.0000 s_dense=0.00 s_pos=0.0000 s_sel=0.0000 s_sel_pos=0.0000 s_hot_err=0.000000 s_bg_err=0.000000 s_gap=0.000000 conf_cos=0.0000 conf_proj=0.00 val_mse=0.39143568 val_mae=0.43649610
[worker2/etth1_all_methods_long_v2] [time_series][epoch 180] lambda=0.0000 g_scale=0.000 train_total=0.06053360 train_sup=0.06053360 train_imit=0.00000000 mean_w=0.0000 active=0.0000 s_dense=0.00 s_pos=0.0000 s_sel=0.0000 s_sel_pos=0.0000 s_hot_err=0.000000 s_bg_err=0.000000 s_gap=0.000000 conf_cos=0.0000 conf_proj=0.00 val_mse=0.38451785 val_mae=0.43165213
[worker2/etth1_all_methods_long_v2] [time_series][epoch 180] updated live plot
[worker2/etth1_all_methods_long_v2] [time_series][epoch 181] lambda=0.0000 g_scale=0.000 train_total=0.06012732 train_sup=0.06012732 train_imit=0.00000000 mean_w=0.0000 active=0.0000 s_dense=0.00 s_pos=0.0000 s_sel=0.0000 s_sel_pos=0.0000 s_hot_err=0.000000 s_bg_err=0.000000 s_gap=0.000000 conf_cos=0.0000 conf_proj=0.00 val_mse=0.38311911 val_mae=0.42671632
[worker2/etth1_all_methods_long_v2] [time_series][epoch 182] lambda=0.0000 g_scale=0.000 train_total=0.06042653 train_sup=0.06042653 train_imit=0.00000000 mean_w=0.0000 active=0.0000 s_dense=0.00 s_pos=0.0000 s_sel=0.0000 s_sel_pos=0.0000 s_hot_err=0.000000 s_bg_err=0.000000 s_gap=0.000000 conf_cos=0.0000 conf_proj=0.00 val_mse=0.38818521 val_mae=0.43827661
[worker2/etth1_all_methods_long_v2] [time_series][epoch 183] lambda=0.0000 g_scale=0.000 train_total=0.06027571 train_sup=0.06027571 train_imit=0.00000000 mean_w=0.0000 active=0.0000 s_dense=0.00 s_pos=0.0000 s_sel=0.0000 s_sel_pos=0.0000 s_hot_err=0.000000 s_bg_err=0.000000 s_gap=0.000000 conf_cos=0.0000 conf_proj=0.00 val_mse=0.38585624 val_mae=0.42610305
[worker2/etth1_all_methods_long_v2] [time_series][epoch 184] lambda=0.0000 g_scale=0.000 train_total=0.05994251 train_sup=0.05994251 train_imit=0.00000000 mean_w=0.0000 active=0.0000 s_dense=0.00 s_pos=0.0000 s_sel=0.0000 s_sel_pos=0.0000 s_hot_err=0.000000 s_bg_err=0.000000 s_gap=0.000000 conf_cos=0.0000 conf_proj=0.00 val_mse=0.38608455 val_mae=0.42933487
[worker2/etth1_all_methods_long_v2] [time_series][epoch 185] lambda=0.0000 g_scale=0.000 train_total=0.06005747 train_sup=0.06005747 train_imit=0.00000000 mean_w=0.0000 active=0.0000 s_dense=0.00 s_pos=0.0000 s_sel=0.0000 s_sel_pos=0.0000 s_hot_err=0.000000 s_bg_err=0.000000 s_gap=0.000000 conf_cos=0.0000 conf_proj=0.00 val_mse=0.38553642 val_mae=0.42783043
[worker2/etth1_all_methods_long_v2] [time_series][epoch 186] lambda=0.0000 g_scale=0.000 train_total=0.05989885 train_sup=0.05989885 train_imit=0.00000000 mean_w=0.0000 active=0.0000 s_dense=0.00 s_pos=0.0000 s_sel=0.0000 s_sel_pos=0.0000 s_hot_err=0.000000 s_bg_err=0.000000 s_gap=0.000000 conf_cos=0.0000 conf_proj=0.00 val_mse=0.38861619 val_mae=0.43315419
[worker2/etth1_all_methods_long_v2] [time_series][epoch 187] lambda=0.0000 g_scale=0.000 train_total=0.05965246 train_sup=0.05965246 train_imit=0.00000000 mean_w=0.0000 active=0.0000 s_dense=0.00 s_pos=0.0000 s_sel=0.0000 s_sel_pos=0.0000 s_hot_err=0.000000 s_bg_err=0.000000 s_gap=0.000000 conf_cos=0.0000 conf_proj=0.00 val_mse=0.39261499 val_mae=0.43187100
[worker2/etth1_all_methods_long_v2] [time_series][epoch 188] lambda=0.0000 g_scale=0.000 train_total=0.05993421 train_sup=0.05993421 train_imit=0.00000000 mean_w=0.0000 active=0.0000 s_dense=0.00 s_pos=0.0000 s_sel=0.0000 s_sel_pos=0.0000 s_hot_err=0.000000 s_bg_err=0.000000 s_gap=0.000000 conf_cos=0.0000 conf_proj=0.00 val_mse=0.38010546 val_mae=0.42422886
[worker2/etth1_all_methods_long_v2] [time_series][epoch 189] lambda=0.0000 g_scale=0.000 train_total=0.05958590 train_sup=0.05958590 train_imit=0.00000000 mean_w=0.0000 active=0.0000 s_dense=0.00 s_pos=0.0000 s_sel=0.0000 s_sel_pos=0.0000 s_hot_err=0.000000 s_bg_err=0.000000 s_gap=0.000000 conf_cos=0.0000 conf_proj=0.00 val_mse=0.38881371 val_mae=0.43297057
[worker2/etth1_all_methods_long_v2] [time_series][epoch 190] lambda=0.0000 g_scale=0.000 train_total=0.05951800 train_sup=0.05951800 train_imit=0.00000000 mean_w=0.0000 active=0.0000 s_dense=0.00 s_pos=0.0000 s_sel=0.0000 s_sel_pos=0.0000 s_hot_err=0.000000 s_bg_err=0.000000 s_gap=0.000000 conf_cos=0.0000 conf_proj=0.00 val_mse=0.38157893 val_mae=0.42587142
[worker2/etth1_all_methods_long_v2] [time_series][epoch 190] updated live plot
[worker2/etth1_all_methods_long_v2] [time_series][epoch 191] lambda=0.0000 g_scale=0.000 train_total=0.05942038 train_sup=0.05942038 train_imit=0.00000000 mean_w=0.0000 active=0.0000 s_dense=0.00 s_pos=0.0000 s_sel=0.0000 s_sel_pos=0.0000 s_hot_err=0.000000 s_bg_err=0.000000 s_gap=0.000000 conf_cos=0.0000 conf_proj=0.00 val_mse=0.38590322 val_mae=0.43119361
[worker2/etth1_all_methods_long_v2] [time_series][epoch 192] lambda=0.0000 g_scale=0.000 train_total=0.05952293 train_sup=0.05952293 train_imit=0.00000000 mean_w=0.0000 active=0.0000 s_dense=0.00 s_pos=0.0000 s_sel=0.0000 s_sel_pos=0.0000 s_hot_err=0.000000 s_bg_err=0.000000 s_gap=0.000000 conf_cos=0.0000 conf_proj=0.00 val_mse=0.37240575 val_mae=0.41799287
[worker2/etth1_all_methods_long_v2] [time_series][epoch 193] lambda=0.0000 g_scale=0.000 train_total=0.05978365 train_sup=0.05978365 train_imit=0.00000000 mean_w=0.0000 active=0.0000 s_dense=0.00 s_pos=0.0000 s_sel=0.0000 s_sel_pos=0.0000 s_hot_err=0.000000 s_bg_err=0.000000 s_gap=0.000000 conf_cos=0.0000 conf_proj=0.00 val_mse=0.39510403 val_mae=0.43353298
[worker2/etth1_all_methods_long_v2] [time_series][epoch 194] lambda=0.0000 g_scale=0.000 train_total=0.05946271 train_sup=0.05946271 train_imit=0.00000000 mean_w=0.0000 active=0.0000 s_dense=0.00 s_pos=0.0000 s_sel=0.0000 s_sel_pos=0.0000 s_hot_err=0.000000 s_bg_err=0.000000 s_gap=0.000000 conf_cos=0.0000 conf_proj=0.00 val_mse=0.39659755 val_mae=0.43741184
[worker2/etth1_all_methods_long_v2] [time_series][epoch 195] lambda=0.0000 g_scale=0.000 train_total=0.05955706 train_sup=0.05955706 train_imit=0.00000000 mean_w=0.0000 active=0.0000 s_dense=0.00 s_pos=0.0000 s_sel=0.0000 s_sel_pos=0.0000 s_hot_err=0.000000 s_bg_err=0.000000 s_gap=0.000000 conf_cos=0.0000 conf_proj=0.00 val_mse=0.38354913 val_mae=0.43214974
[worker2/etth1_all_methods_long_v2] [time_series][epoch 196] lambda=0.0000 g_scale=0.000 train_total=0.05940245 train_sup=0.05940245 train_imit=0.00000000 mean_w=0.0000 active=0.0000 s_dense=0.00 s_pos=0.0000 s_sel=0.0000 s_sel_pos=0.0000 s_hot_err=0.000000 s_bg_err=0.000000 s_gap=0.000000 conf_cos=0.0000 conf_proj=0.00 val_mse=0.38537999 val_mae=0.42567093
[worker2/etth1_all_methods_long_v2] [time_series][epoch 197] lambda=0.0000 g_scale=0.000 train_total=0.05936825 train_sup=0.05936825 train_imit=0.00000000 mean_w=0.0000 active=0.0000 s_dense=0.00 s_pos=0.0000 s_sel=0.0000 s_sel_pos=0.0000 s_hot_err=0.000000 s_bg_err=0.000000 s_gap=0.000000 conf_cos=0.0000 conf_proj=0.00 val_mse=0.38339527 val_mae=0.42563282
[worker2/etth1_all_methods_long_v2] [time_series][epoch 198] lambda=0.0000 g_scale=0.000 train_total=0.05906532 train_sup=0.05906532 train_imit=0.00000000 mean_w=0.0000 active=0.0000 s_dense=0.00 s_pos=0.0000 s_sel=0.0000 s_sel_pos=0.0000 s_hot_err=0.000000 s_bg_err=0.000000 s_gap=0.000000 conf_cos=0.0000 conf_proj=0.00 val_mse=0.39201475 val_mae=0.43364848
[worker2/etth1_all_methods_long_v2] [time_series][epoch 199] lambda=0.0000 g_scale=0.000 train_total=0.05912903 train_sup=0.05912903 train_imit=0.00000000 mean_w=0.0000 active=0.0000 s_dense=0.00 s_pos=0.0000 s_sel=0.0000 s_sel_pos=0.0000 s_hot_err=0.000000 s_bg_err=0.000000 s_gap=0.000000 conf_cos=0.0000 conf_proj=0.00 val_mse=0.38852762 val_mae=0.42609607
[worker2/etth1_all_methods_long_v2] [time_series][epoch 200] lambda=0.0000 g_scale=0.000 train_total=0.05912103 train_sup=0.05912103 train_imit=0.00000000 mean_w=0.0000 active=0.0000 s_dense=0.00 s_pos=0.0000 s_sel=0.0000 s_sel_pos=0.0000 s_hot_err=0.000000 s_bg_err=0.000000 s_gap=0.000000 conf_cos=0.0000 conf_proj=0.00 val_mse=0.37749873 val_mae=0.42224306
[worker2/etth1_all_methods_long_v2] [time_series][epoch 200] updated live plot
[worker2/etth1_all_methods_long_v2] [time_series] done
[worker2/etth1_all_methods_long_v2] [time_series] dataset=etth1 model=transformer method=independent seed=2 pred_len=24
[worker2/etth1_all_methods_long_v2] [time_series] run_dir=results/time_series_etth1_all_methods_long_v2/time_series/etth1/transformer_independent_huber_seed2
[worker2/etth1_all_methods_long_v2] [time_series] params=419240
[worker2/etth1_all_methods_long_v2] [time_series][epoch 001] lambda=0.0000 g_scale=0.000 train_total=0.35987637 train_sup=0.35987637 train_imit=0.00000000 mean_w=0.0000 active=0.0000 s_dense=0.00 s_pos=0.0000 s_sel=0.0000 s_sel_pos=0.0000 s_hot_err=0.000000 s_bg_err=0.000000 s_gap=0.000000 conf_cos=0.0000 conf_proj=0.00 val_mse=0.35362886 val_mae=0.41405602
[worker2/etth1_all_methods_long_v2] [time_series][epoch 002] lambda=0.0000 g_scale=0.000 train_total=0.25321098 train_sup=0.25321098 train_imit=0.00000000 mean_w=0.0000 active=0.0000 s_dense=0.00 s_pos=0.0000 s_sel=0.0000 s_sel_pos=0.0000 s_hot_err=0.000000 s_bg_err=0.000000 s_gap=0.000000 conf_cos=0.0000 conf_proj=0.00 val_mse=0.33406401 val_mae=0.40000441
[worker2/etth1_all_methods_long_v2] [time_series][epoch 003] lambda=0.0000 g_scale=0.000 train_total=0.23285452 train_sup=0.23285452 train_imit=0.00000000 mean_w=0.0000 active=0.0000 s_dense=0.00 s_pos=0.0000 s_sel=0.0000 s_sel_pos=0.0000 s_hot_err=0.000000 s_bg_err=0.000000 s_gap=0.000000 conf_cos=0.0000 conf_proj=0.00 val_mse=0.34563804 val_mae=0.41293990
[worker2/etth1_all_methods_long_v2] [time_series][epoch 004] lambda=0.0000 g_scale=0.000 train_total=0.21700372 train_sup=0.21700372 train_imit=0.00000000 mean_w=0.0000 active=0.0000 s_dense=0.00 s_pos=0.0000 s_sel=0.0000 s_sel_pos=0.0000 s_hot_err=0.000000 s_bg_err=0.000000 s_gap=0.000000 conf_cos=0.0000 conf_proj=0.00 val_mse=0.32267399 val_mae=0.39234306
[worker2/etth1_all_methods_long_v2] [time_series][epoch 005] lambda=0.0000 g_scale=0.000 train_total=0.20703692 train_sup=0.20703692 train_imit=0.00000000 mean_w=0.0000 active=0.0000 s_dense=0.00 s_pos=0.0000 s_sel=0.0000 s_sel_pos=0.0000 s_hot_err=0.000000 s_bg_err=0.000000 s_gap=0.000000 conf_cos=0.0000 conf_proj=0.00 val_mse=0.33336704 val_mae=0.40051520
[worker2/etth1_all_methods_long_v2] [time_series][epoch 006] lambda=0.0000 g_scale=0.000 train_total=0.19477981 train_sup=0.19477981 train_imit=0.00000000 mean_w=0.0000 active=0.0000 s_dense=0.00 s_pos=0.0000 s_sel=0.0000 s_sel_pos=0.0000 s_hot_err=0.000000 s_bg_err=0.000000 s_gap=0.000000 conf_cos=0.0000 conf_proj=0.00 val_mse=0.32780229 val_mae=0.38770614
[worker2/etth1_all_methods_long_v2] [time_series][epoch 007] lambda=0.0000 g_scale=0.000 train_total=0.18407168 train_sup=0.18407168 train_imit=0.00000000 mean_w=0.0000 active=0.0000 s_dense=0.00 s_pos=0.0000 s_sel=0.0000 s_sel_pos=0.0000 s_hot_err=0.000000 s_bg_err=0.000000 s_gap=0.000000 conf_cos=0.0000 conf_proj=0.00 val_mse=0.34224921 val_mae=0.40572083
[worker2/etth1_all_methods_long_v2] [time_series][epoch 008] lambda=0.0000 g_scale=0.000 train_total=0.17508838 train_sup=0.17508838 train_imit=0.00000000 mean_w=0.0000 active=0.0000 s_dense=0.00 s_pos=0.0000 s_sel=0.0000 s_sel_pos=0.0000 s_hot_err=0.000000 s_bg_err=0.000000 s_gap=0.000000 conf_cos=0.0000 conf_proj=0.00 val_mse=0.34740589 val_mae=0.40870555
[worker2/etth1_all_methods_long_v2] [time_series][epoch 009] lambda=0.0000 g_scale=0.000 train_total=0.16553971 train_sup=0.16553971 train_imit=0.00000000 mean_w=0.0000 active=0.0000 s_dense=0.00 s_pos=0.0000 s_sel=0.0000 s_sel_pos=0.0000 s_hot_err=0.000000 s_bg_err=0.000000 s_gap=0.000000 conf_cos=0.0000 conf_proj=0.00 val_mse=0.34651164 val_mae=0.40442350
[worker2/etth1_all_methods_long_v2] [time_series][epoch 010] lambda=0.0000 g_scale=0.000 train_total=0.15717709 train_sup=0.15717709 train_imit=0.00000000 mean_w=0.0000 active=0.0000 s_dense=0.00 s_pos=0.0000 s_sel=0.0000 s_sel_pos=0.0000 s_hot_err=0.000000 s_bg_err=0.000000 s_gap=0.000000 conf_cos=0.0000 conf_proj=0.00 val_mse=0.42695367 val_mae=0.45307375
[worker2/etth1_all_methods_long_v2] [time_series][epoch 010] updated live plot
[worker2/etth1_all_methods_long_v2] [time_series][epoch 011] lambda=0.0000 g_scale=0.000 train_total=0.14811999 train_sup=0.14811999 train_imit=0.00000000 mean_w=0.0000 active=0.0000 s_dense=0.00 s_pos=0.0000 s_sel=0.0000 s_sel_pos=0.0000 s_hot_err=0.000000 s_bg_err=0.000000 s_gap=0.000000 conf_cos=0.0000 conf_proj=0.00 val_mse=0.39118554 val_mae=0.43734930
[worker2/etth1_all_methods_long_v2] [time_series][epoch 012] lambda=0.0000 g_scale=0.000 train_total=0.14203284 train_sup=0.14203284 train_imit=0.00000000 mean_w=0.0000 active=0.0000 s_dense=0.00 s_pos=0.0000 s_sel=0.0000 s_sel_pos=0.0000 s_hot_err=0.000000 s_bg_err=0.000000 s_gap=0.000000 conf_cos=0.0000 conf_proj=0.00 val_mse=0.37038775 val_mae=0.42185362
[worker2/etth1_all_methods_long_v2] [time_series][epoch 013] lambda=0.0000 g_scale=0.000 train_total=0.13630116 train_sup=0.13630116 train_imit=0.00000000 mean_w=0.0000 active=0.0000 s_dense=0.00 s_pos=0.0000 s_sel=0.0000 s_sel_pos=0.0000 s_hot_err=0.000000 s_bg_err=0.000000 s_gap=0.000000 conf_cos=0.0000 conf_proj=0.00 val_mse=0.38403691 val_mae=0.43337034
[worker2/etth1_all_methods_long_v2] [time_series][epoch 014] lambda=0.0000 g_scale=0.000 train_total=0.13008330 train_sup=0.13008330 train_imit=0.00000000 mean_w=0.0000 active=0.0000 s_dense=0.00 s_pos=0.0000 s_sel=0.0000 s_sel_pos=0.0000 s_hot_err=0.000000 s_bg_err=0.000000 s_gap=0.000000 conf_cos=0.0000 conf_proj=0.00 val_mse=0.41007433 val_mae=0.44655362
[worker2/etth1_all_methods_long_v2] [time_series][epoch 015] lambda=0.0000 g_scale=0.000 train_total=0.12696155 train_sup=0.12696155 train_imit=0.00000000 mean_w=0.0000 active=0.0000 s_dense=0.00 s_pos=0.0000 s_sel=0.0000 s_sel_pos=0.0000 s_hot_err=0.000000 s_bg_err=0.000000 s_gap=0.000000 conf_cos=0.0000 conf_proj=0.00 val_mse=0.39018467 val_mae=0.43732104
[worker2/etth1_all_methods_long_v2] [time_series][epoch 016] lambda=0.0000 g_scale=0.000 train_total=0.12142327 train_sup=0.12142327 train_imit=0.00000000 mean_w=0.0000 active=0.0000 s_dense=0.00 s_pos=0.0000 s_sel=0.0000 s_sel_pos=0.0000 s_hot_err=0.000000 s_bg_err=0.000000 s_gap=0.000000 conf_cos=0.0000 conf_proj=0.00 val_mse=0.37957690 val_mae=0.42541597
[worker2/etth1_all_methods_long_v2] [time_series][epoch 017] lambda=0.0000 g_scale=0.000 train_total=0.11953899 train_sup=0.11953899 train_imit=0.00000000 mean_w=0.0000 active=0.0000 s_dense=0.00 s_pos=0.0000 s_sel=0.0000 s_sel_pos=0.0000 s_hot_err=0.000000 s_bg_err=0.000000 s_gap=0.000000 conf_cos=0.0000 conf_proj=0.00 val_mse=0.38178465 val_mae=0.42832399
[worker2/etth1_all_methods_long_v2] [time_series][epoch 018] lambda=0.0000 g_scale=0.000 train_total=0.11598664 train_sup=0.11598664 train_imit=0.00000000 mean_w=0.0000 active=0.0000 s_dense=0.00 s_pos=0.0000 s_sel=0.0000 s_sel_pos=0.0000 s_hot_err=0.000000 s_bg_err=0.000000 s_gap=0.000000 conf_cos=0.0000 conf_proj=0.00 val_mse=0.38507231 val_mae=0.42477304
[worker2/etth1_all_methods_long_v2] [time_series][epoch 019] lambda=0.0000 g_scale=0.000 train_total=0.11226926 train_sup=0.11226926 train_imit=0.00000000 mean_w=0.0000 active=0.0000 s_dense=0.00 s_pos=0.0000 s_sel=0.0000 s_sel_pos=0.0000 s_hot_err=0.000000 s_bg_err=0.000000 s_gap=0.000000 conf_cos=0.0000 conf_proj=0.00 val_mse=0.39720911 val_mae=0.43376754
[worker2/etth1_all_methods_long_v2] [time_series][epoch 020] lambda=0.0000 g_scale=0.000 train_total=0.11088112 train_sup=0.11088112 train_imit=0.00000000 mean_w=0.0000 active=0.0000 s_dense=0.00 s_pos=0.0000 s_sel=0.0000 s_sel_pos=0.0000 s_hot_err=0.000000 s_bg_err=0.000000 s_gap=0.000000 conf_cos=0.0000 conf_proj=0.00 val_mse=0.38350272 val_mae=0.43486774
[worker2/etth1_all_methods_long_v2] [time_series][epoch 020] updated live plot
[worker2/etth1_all_methods_long_v2] [time_series][epoch 021] lambda=0.0000 g_scale=0.000 train_total=0.10888982 train_sup=0.10888982 train_imit=0.00000000 mean_w=0.0000 active=0.0000 s_dense=0.00 s_pos=0.0000 s_sel=0.0000 s_sel_pos=0.0000 s_hot_err=0.000000 s_bg_err=0.000000 s_gap=0.000000 conf_cos=0.0000 conf_proj=0.00 val_mse=0.39500867 val_mae=0.43763169
[worker2/etth1_all_methods_long_v2] [time_series][epoch 022] lambda=0.0000 g_scale=0.000 train_total=0.10704070 train_sup=0.10704070 train_imit=0.00000000 mean_w=0.0000 active=0.0000 s_dense=0.00 s_pos=0.0000 s_sel=0.0000 s_sel_pos=0.0000 s_hot_err=0.000000 s_bg_err=0.000000 s_gap=0.000000 conf_cos=0.0000 conf_proj=0.00 val_mse=0.38495469 val_mae=0.43642107
[worker2/etth1_all_methods_long_v2] [time_series][epoch 023] lambda=0.0000 g_scale=0.000 train_total=0.10572957 train_sup=0.10572957 train_imit=0.00000000 mean_w=0.0000 active=0.0000 s_dense=0.00 s_pos=0.0000 s_sel=0.0000 s_sel_pos=0.0000 s_hot_err=0.000000 s_bg_err=0.000000 s_gap=0.000000 conf_cos=0.0000 conf_proj=0.00 val_mse=0.41095502 val_mae=0.44758016
[worker2/etth1_all_methods_long_v2] [time_series][epoch 024] lambda=0.0000 g_scale=0.000 train_total=0.10302691 train_sup=0.10302691 train_imit=0.00000000 mean_w=0.0000 active=0.0000 s_dense=0.00 s_pos=0.0000 s_sel=0.0000 s_sel_pos=0.0000 s_hot_err=0.000000 s_bg_err=0.000000 s_gap=0.000000 conf_cos=0.0000 conf_proj=0.00 val_mse=0.40447985 val_mae=0.44514750
[worker2/etth1_all_methods_long_v2] [time_series][epoch 025] lambda=0.0000 g_scale=0.000 train_total=0.10142998 train_sup=0.10142998 train_imit=0.00000000 mean_w=0.0000 active=0.0000 s_dense=0.00 s_pos=0.0000 s_sel=0.0000 s_sel_pos=0.0000 s_hot_err=0.000000 s_bg_err=0.000000 s_gap=0.000000 conf_cos=0.0000 conf_proj=0.00 val_mse=0.44366965 val_mae=0.45900307
[worker2/etth1_all_methods_long_v2] [time_series][epoch 026] lambda=0.0000 g_scale=0.000 train_total=0.10018650 train_sup=0.10018650 train_imit=0.00000000 mean_w=0.0000 active=0.0000 s_dense=0.00 s_pos=0.0000 s_sel=0.0000 s_sel_pos=0.0000 s_hot_err=0.000000 s_bg_err=0.000000 s_gap=0.000000 conf_cos=0.0000 conf_proj=0.00 val_mse=0.36636448 val_mae=0.42267671
[worker2/etth1_all_methods_long_v2] [time_series][epoch 027] lambda=0.0000 g_scale=0.000 train_total=0.09826000 train_sup=0.09826000 train_imit=0.00000000 mean_w=0.0000 active=0.0000 s_dense=0.00 s_pos=0.0000 s_sel=0.0000 s_sel_pos=0.0000 s_hot_err=0.000000 s_bg_err=0.000000 s_gap=0.000000 conf_cos=0.0000 conf_proj=0.00 val_mse=0.38373076 val_mae=0.43125120
[worker2/etth1_all_methods_long_v2] [time_series][epoch 028] lambda=0.0000 g_scale=0.000 train_total=0.09801388 train_sup=0.09801388 train_imit=0.00000000 mean_w=0.0000 active=0.0000 s_dense=0.00 s_pos=0.0000 s_sel=0.0000 s_sel_pos=0.0000 s_hot_err=0.000000 s_bg_err=0.000000 s_gap=0.000000 conf_cos=0.0000 conf_proj=0.00 val_mse=0.39663319 val_mae=0.44375754
[worker2/etth1_all_methods_long_v2] [time_series][epoch 029] lambda=0.0000 g_scale=0.000 train_total=0.09695216 train_sup=0.09695216 train_imit=0.00000000 mean_w=0.0000 active=0.0000 s_dense=0.00 s_pos=0.0000 s_sel=0.0000 s_sel_pos=0.0000 s_hot_err=0.000000 s_bg_err=0.000000 s_gap=0.000000 conf_cos=0.0000 conf_proj=0.00 val_mse=0.39285264 val_mae=0.43321858
[worker2/etth1_all_methods_long_v2] [time_series][epoch 030] lambda=0.0000 g_scale=0.000 train_total=0.09468642 train_sup=0.09468642 train_imit=0.00000000 mean_w=0.0000 active=0.0000 s_dense=0.00 s_pos=0.0000 s_sel=0.0000 s_sel_pos=0.0000 s_hot_err=0.000000 s_bg_err=0.000000 s_gap=0.000000 conf_cos=0.0000 conf_proj=0.00 val_mse=0.41245036 val_mae=0.45453343
[worker2/etth1_all_methods_long_v2] [time_series][epoch 030] updated live plot
[worker2/etth1_all_methods_long_v2] [time_series][epoch 031] lambda=0.0000 g_scale=0.000 train_total=0.09525536 train_sup=0.09525536 train_imit=0.00000000 mean_w=0.0000 active=0.0000 s_dense=0.00 s_pos=0.0000 s_sel=0.0000 s_sel_pos=0.0000 s_hot_err=0.000000 s_bg_err=0.000000 s_gap=0.000000 conf_cos=0.0000 conf_proj=0.00 val_mse=0.38869200 val_mae=0.43364047
[worker2/etth1_all_methods_long_v2] [time_series][epoch 032] lambda=0.0000 g_scale=0.000 train_total=0.09424618 train_sup=0.09424618 train_imit=0.00000000 mean_w=0.0000 active=0.0000 s_dense=0.00 s_pos=0.0000 s_sel=0.0000 s_sel_pos=0.0000 s_hot_err=0.000000 s_bg_err=0.000000 s_gap=0.000000 conf_cos=0.0000 conf_proj=0.00 val_mse=0.39197815 val_mae=0.43546451
[worker2/etth1_all_methods_long_v2] [time_series][epoch 033] lambda=0.0000 g_scale=0.000 train_total=0.09213534 train_sup=0.09213534 train_imit=0.00000000 mean_w=0.0000 active=0.0000 s_dense=0.00 s_pos=0.0000 s_sel=0.0000 s_sel_pos=0.0000 s_hot_err=0.000000 s_bg_err=0.000000 s_gap=0.000000 conf_cos=0.0000 conf_proj=0.00 val_mse=0.37648267 val_mae=0.42674255
[worker2/etth1_all_methods_long_v2] [time_series][epoch 034] lambda=0.0000 g_scale=0.000 train_total=0.09152337 train_sup=0.09152337 train_imit=0.00000000 mean_w=0.0000 active=0.0000 s_dense=0.00 s_pos=0.0000 s_sel=0.0000 s_sel_pos=0.0000 s_hot_err=0.000000 s_bg_err=0.000000 s_gap=0.000000 conf_cos=0.0000 conf_proj=0.00 val_mse=0.38100974 val_mae=0.43737846
[worker2/etth1_all_methods_long_v2] [time_series][epoch 035] lambda=0.0000 g_scale=0.000 train_total=0.09049200 train_sup=0.09049200 train_imit=0.00000000 mean_w=0.0000 active=0.0000 s_dense=0.00 s_pos=0.0000 s_sel=0.0000 s_sel_pos=0.0000 s_hot_err=0.000000 s_bg_err=0.000000 s_gap=0.000000 conf_cos=0.0000 conf_proj=0.00 val_mse=0.38011496 val_mae=0.43045534
[worker2/etth1_all_methods_long_v2] [time_series][epoch 036] lambda=0.0000 g_scale=0.000 train_total=0.09069030 train_sup=0.09069030 train_imit=0.00000000 mean_w=0.0000 active=0.0000 s_dense=0.00 s_pos=0.0000 s_sel=0.0000 s_sel_pos=0.0000 s_hot_err=0.000000 s_bg_err=0.000000 s_gap=0.000000 conf_cos=0.0000 conf_proj=0.00 val_mse=0.39750595 val_mae=0.44467751
[worker2/etth1_all_methods_long_v2] [time_series][epoch 037] lambda=0.0000 g_scale=0.000 train_total=0.08947749 train_sup=0.08947749 train_imit=0.00000000 mean_w=0.0000 active=0.0000 s_dense=0.00 s_pos=0.0000 s_sel=0.0000 s_sel_pos=0.0000 s_hot_err=0.000000 s_bg_err=0.000000 s_gap=0.000000 conf_cos=0.0000 conf_proj=0.00 val_mse=0.39549855 val_mae=0.43951359
[worker2/etth1_all_methods_long_v2] [time_series][epoch 038] lambda=0.0000 g_scale=0.000 train_total=0.08864595 train_sup=0.08864595 train_imit=0.00000000 mean_w=0.0000 active=0.0000 s_dense=0.00 s_pos=0.0000 s_sel=0.0000 s_sel_pos=0.0000 s_hot_err=0.000000 s_bg_err=0.000000 s_gap=0.000000 conf_cos=0.0000 conf_proj=0.00 val_mse=0.37258184 val_mae=0.42728911
[worker2/etth1_all_methods_long_v2] [time_series][epoch 039] lambda=0.0000 g_scale=0.000 train_total=0.08811769 train_sup=0.08811769 train_imit=0.00000000 mean_w=0.0000 active=0.0000 s_dense=0.00 s_pos=0.0000 s_sel=0.0000 s_sel_pos=0.0000 s_hot_err=0.000000 s_bg_err=0.000000 s_gap=0.000000 conf_cos=0.0000 conf_proj=0.00 val_mse=0.38218950 val_mae=0.43243493
[worker2/etth1_all_methods_long_v2] [time_series][epoch 040] lambda=0.0000 g_scale=0.000 train_total=0.08792844 train_sup=0.08792844 train_imit=0.00000000 mean_w=0.0000 active=0.0000 s_dense=0.00 s_pos=0.0000 s_sel=0.0000 s_sel_pos=0.0000 s_hot_err=0.000000 s_bg_err=0.000000 s_gap=0.000000 conf_cos=0.0000 conf_proj=0.00 val_mse=0.40352239 val_mae=0.44466830
[worker2/etth1_all_methods_long_v2] [time_series][epoch 040] updated live plot
[worker2/etth1_all_methods_long_v2] [time_series][epoch 041] lambda=0.0000 g_scale=0.000 train_total=0.08691509 train_sup=0.08691509 train_imit=0.00000000 mean_w=0.0000 active=0.0000 s_dense=0.00 s_pos=0.0000 s_sel=0.0000 s_sel_pos=0.0000 s_hot_err=0.000000 s_bg_err=0.000000 s_gap=0.000000 conf_cos=0.0000 conf_proj=0.00 val_mse=0.37008230 val_mae=0.42353299
[worker2/etth1_all_methods_long_v2] [time_series][epoch 042] lambda=0.0000 g_scale=0.000 train_total=0.08590600 train_sup=0.08590600 train_imit=0.00000000 mean_w=0.0000 active=0.0000 s_dense=0.00 s_pos=0.0000 s_sel=0.0000 s_sel_pos=0.0000 s_hot_err=0.000000 s_bg_err=0.000000 s_gap=0.000000 conf_cos=0.0000 conf_proj=0.00 val_mse=0.42558787 val_mae=0.46381022
[worker2/etth1_all_methods_long_v2] [time_series][epoch 043] lambda=0.0000 g_scale=0.000 train_total=0.08590778 train_sup=0.08590778 train_imit=0.00000000 mean_w=0.0000 active=0.0000 s_dense=0.00 s_pos=0.0000 s_sel=0.0000 s_sel_pos=0.0000 s_hot_err=0.000000 s_bg_err=0.000000 s_gap=0.000000 conf_cos=0.0000 conf_proj=0.00 val_mse=0.40383565 val_mae=0.44367420
[worker2/etth1_all_methods_long_v2] [time_series][epoch 044] lambda=0.0000 g_scale=0.000 train_total=0.08518971 train_sup=0.08518971 train_imit=0.00000000 mean_w=0.0000 active=0.0000 s_dense=0.00 s_pos=0.0000 s_sel=0.0000 s_sel_pos=0.0000 s_hot_err=0.000000 s_bg_err=0.000000 s_gap=0.000000 conf_cos=0.0000 conf_proj=0.00 val_mse=0.36821433 val_mae=0.42533931
[worker2/etth1_all_methods_long_v2] [time_series][epoch 045] lambda=0.0000 g_scale=0.000 train_total=0.08408935 train_sup=0.08408935 train_imit=0.00000000 mean_w=0.0000 active=0.0000 s_dense=0.00 s_pos=0.0000 s_sel=0.0000 s_sel_pos=0.0000 s_hot_err=0.000000 s_bg_err=0.000000 s_gap=0.000000 conf_cos=0.0000 conf_proj=0.00 val_mse=0.39873460 val_mae=0.44202863
[worker2/etth1_all_methods_long_v2] [time_series][epoch 046] lambda=0.0000 g_scale=0.000 train_total=0.08424314 train_sup=0.08424314 train_imit=0.00000000 mean_w=0.0000 active=0.0000 s_dense=0.00 s_pos=0.0000 s_sel=0.0000 s_sel_pos=0.0000 s_hot_err=0.000000 s_bg_err=0.000000 s_gap=0.000000 conf_cos=0.0000 conf_proj=0.00 val_mse=0.40296628 val_mae=0.44201411
[worker2/etth1_all_methods_long_v2] [time_series][epoch 047] lambda=0.0000 g_scale=0.000 train_total=0.08318454 train_sup=0.08318454 train_imit=0.00000000 mean_w=0.0000 active=0.0000 s_dense=0.00 s_pos=0.0000 s_sel=0.0000 s_sel_pos=0.0000 s_hot_err=0.000000 s_bg_err=0.000000 s_gap=0.000000 conf_cos=0.0000 conf_proj=0.00 val_mse=0.39827200 val_mae=0.44137136
[worker2/etth1_all_methods_long_v2] [time_series][epoch 048] lambda=0.0000 g_scale=0.000 train_total=0.08260675 train_sup=0.08260675 train_imit=0.00000000 mean_w=0.0000 active=0.0000 s_dense=0.00 s_pos=0.0000 s_sel=0.0000 s_sel_pos=0.0000 s_hot_err=0.000000 s_bg_err=0.000000 s_gap=0.000000 conf_cos=0.0000 conf_proj=0.00 val_mse=0.39464818 val_mae=0.44444381
[worker2/etth1_all_methods_long_v2] [time_series][epoch 049] lambda=0.0000 g_scale=0.000 train_total=0.08235849 train_sup=0.08235849 train_imit=0.00000000 mean_w=0.0000 active=0.0000 s_dense=0.00 s_pos=0.0000 s_sel=0.0000 s_sel_pos=0.0000 s_hot_err=0.000000 s_bg_err=0.000000 s_gap=0.000000 conf_cos=0.0000 conf_proj=0.00 val_mse=0.39099894 val_mae=0.43908379
[worker2/etth1_all_methods_long_v2] [time_series][epoch 050] lambda=0.0000 g_scale=0.000 train_total=0.08252313 train_sup=0.08252313 train_imit=0.00000000 mean_w=0.0000 active=0.0000 s_dense=0.00 s_pos=0.0000 s_sel=0.0000 s_sel_pos=0.0000 s_hot_err=0.000000 s_bg_err=0.000000 s_gap=0.000000 conf_cos=0.0000 conf_proj=0.00 val_mse=0.39889682 val_mae=0.44462318
[worker2/etth1_all_methods_long_v2] [time_series][epoch 050] updated live plot
[worker2/etth1_all_methods_long_v2] [time_series][epoch 051] lambda=0.0000 g_scale=0.000 train_total=0.08123682 train_sup=0.08123682 train_imit=0.00000000 mean_w=0.0000 active=0.0000 s_dense=0.00 s_pos=0.0000 s_sel=0.0000 s_sel_pos=0.0000 s_hot_err=0.000000 s_bg_err=0.000000 s_gap=0.000000 conf_cos=0.0000 conf_proj=0.00 val_mse=0.35954093 val_mae=0.42010770
[worker2/etth1_all_methods_long_v2] [time_series][epoch 052] lambda=0.0000 g_scale=0.000 train_total=0.08098790 train_sup=0.08098790 train_imit=0.00000000 mean_w=0.0000 active=0.0000 s_dense=0.00 s_pos=0.0000 s_sel=0.0000 s_sel_pos=0.0000 s_hot_err=0.000000 s_bg_err=0.000000 s_gap=0.000000 conf_cos=0.0000 conf_proj=0.00 val_mse=0.39993965 val_mae=0.43792777
[worker2/etth1_all_methods_long_v2] [time_series][epoch 053] lambda=0.0000 g_scale=0.000 train_total=0.08078949 train_sup=0.08078949 train_imit=0.00000000 mean_w=0.0000 active=0.0000 s_dense=0.00 s_pos=0.0000 s_sel=0.0000 s_sel_pos=0.0000 s_hot_err=0.000000 s_bg_err=0.000000 s_gap=0.000000 conf_cos=0.0000 conf_proj=0.00 val_mse=0.38005218 val_mae=0.43276866
[worker2/etth1_all_methods_long_v2] [time_series][epoch 054] lambda=0.0000 g_scale=0.000 train_total=0.08033041 train_sup=0.08033041 train_imit=0.00000000 mean_w=0.0000 active=0.0000 s_dense=0.00 s_pos=0.0000 s_sel=0.0000 s_sel_pos=0.0000 s_hot_err=0.000000 s_bg_err=0.000000 s_gap=0.000000 conf_cos=0.0000 conf_proj=0.00 val_mse=0.39233166 val_mae=0.44226286
[worker2/etth1_all_methods_long_v2] [time_series][epoch 055] lambda=0.0000 g_scale=0.000 train_total=0.07968713 train_sup=0.07968713 train_imit=0.00000000 mean_w=0.0000 active=0.0000 s_dense=0.00 s_pos=0.0000 s_sel=0.0000 s_sel_pos=0.0000 s_hot_err=0.000000 s_bg_err=0.000000 s_gap=0.000000 conf_cos=0.0000 conf_proj=0.00 val_mse=0.39022701 val_mae=0.43395606
[worker2/etth1_all_methods_long_v2] [time_series][epoch 056] lambda=0.0000 g_scale=0.000 train_total=0.08046364 train_sup=0.08046364 train_imit=0.00000000 mean_w=0.0000 active=0.0000 s_dense=0.00 s_pos=0.0000 s_sel=0.0000 s_sel_pos=0.0000 s_hot_err=0.000000 s_bg_err=0.000000 s_gap=0.000000 conf_cos=0.0000 conf_proj=0.00 val_mse=0.41639908 val_mae=0.45362367
[worker2/etth1_all_methods_long_v2] [time_series][epoch 057] lambda=0.0000 g_scale=0.000 train_total=0.07919374 train_sup=0.07919374 train_imit=0.00000000 mean_w=0.0000 active=0.0000 s_dense=0.00 s_pos=0.0000 s_sel=0.0000 s_sel_pos=0.0000 s_hot_err=0.000000 s_bg_err=0.000000 s_gap=0.000000 conf_cos=0.0000 conf_proj=0.00 val_mse=0.37245762 val_mae=0.42905281
[worker2/etth1_all_methods_long_v2] [time_series][epoch 058] lambda=0.0000 g_scale=0.000 train_total=0.07861673 train_sup=0.07861673 train_imit=0.00000000 mean_w=0.0000 active=0.0000 s_dense=0.00 s_pos=0.0000 s_sel=0.0000 s_sel_pos=0.0000 s_hot_err=0.000000 s_bg_err=0.000000 s_gap=0.000000 conf_cos=0.0000 conf_proj=0.00 val_mse=0.38554568 val_mae=0.43985109
[worker2/etth1_all_methods_long_v2] [time_series][epoch 059] lambda=0.0000 g_scale=0.000 train_total=0.07954739 train_sup=0.07954739 train_imit=0.00000000 mean_w=0.0000 active=0.0000 s_dense=0.00 s_pos=0.0000 s_sel=0.0000 s_sel_pos=0.0000 s_hot_err=0.000000 s_bg_err=0.000000 s_gap=0.000000 conf_cos=0.0000 conf_proj=0.00 val_mse=0.38076800 val_mae=0.43270159
[worker2/etth1_all_methods_long_v2] [time_series][epoch 060] lambda=0.0000 g_scale=0.000 train_total=0.07777486 train_sup=0.07777486 train_imit=0.00000000 mean_w=0.0000 active=0.0000 s_dense=0.00 s_pos=0.0000 s_sel=0.0000 s_sel_pos=0.0000 s_hot_err=0.000000 s_bg_err=0.000000 s_gap=0.000000 conf_cos=0.0000 conf_proj=0.00 val_mse=0.36095781 val_mae=0.42246356
[worker2/etth1_all_methods_long_v2] [time_series][epoch 060] updated live plot
[worker2/etth1_all_methods_long_v2] [time_series][epoch 061] lambda=0.0000 g_scale=0.000 train_total=0.07756205 train_sup=0.07756205 train_imit=0.00000000 mean_w=0.0000 active=0.0000 s_dense=0.00 s_pos=0.0000 s_sel=0.0000 s_sel_pos=0.0000 s_hot_err=0.000000 s_bg_err=0.000000 s_gap=0.000000 conf_cos=0.0000 conf_proj=0.00 val_mse=0.39915955 val_mae=0.44369683
[worker2/etth1_all_methods_long_v2] [time_series][epoch 062] lambda=0.0000 g_scale=0.000 train_total=0.07755436 train_sup=0.07755436 train_imit=0.00000000 mean_w=0.0000 active=0.0000 s_dense=0.00 s_pos=0.0000 s_sel=0.0000 s_sel_pos=0.0000 s_hot_err=0.000000 s_bg_err=0.000000 s_gap=0.000000 conf_cos=0.0000 conf_proj=0.00 val_mse=0.36997687 val_mae=0.42835606
[worker2/etth1_all_methods_long_v2] [time_series][epoch 063] lambda=0.0000 g_scale=0.000 train_total=0.07722230 train_sup=0.07722230 train_imit=0.00000000 mean_w=0.0000 active=0.0000 s_dense=0.00 s_pos=0.0000 s_sel=0.0000 s_sel_pos=0.0000 s_hot_err=0.000000 s_bg_err=0.000000 s_gap=0.000000 conf_cos=0.0000 conf_proj=0.00 val_mse=0.38382984 val_mae=0.43378905
[worker2/etth1_all_methods_long_v2] [time_series][epoch 064] lambda=0.0000 g_scale=0.000 train_total=0.07670113 train_sup=0.07670113 train_imit=0.00000000 mean_w=0.0000 active=0.0000 s_dense=0.00 s_pos=0.0000 s_sel=0.0000 s_sel_pos=0.0000 s_hot_err=0.000000 s_bg_err=0.000000 s_gap=0.000000 conf_cos=0.0000 conf_proj=0.00 val_mse=0.37362798 val_mae=0.42823480
[worker2/etth1_all_methods_long_v2] [time_series][epoch 065] lambda=0.0000 g_scale=0.000 train_total=0.07610606 train_sup=0.07610606 train_imit=0.00000000 mean_w=0.0000 active=0.0000 s_dense=0.00 s_pos=0.0000 s_sel=0.0000 s_sel_pos=0.0000 s_hot_err=0.000000 s_bg_err=0.000000 s_gap=0.000000 conf_cos=0.0000 conf_proj=0.00 val_mse=0.40652247 val_mae=0.44974495
[worker2/etth1_all_methods_long_v2] [time_series][epoch 066] lambda=0.0000 g_scale=0.000 train_total=0.07618626 train_sup=0.07618626 train_imit=0.00000000 mean_w=0.0000 active=0.0000 s_dense=0.00 s_pos=0.0000 s_sel=0.0000 s_sel_pos=0.0000 s_hot_err=0.000000 s_bg_err=0.000000 s_gap=0.000000 conf_cos=0.0000 conf_proj=0.00 val_mse=0.37958915 val_mae=0.43295166
[worker2/etth1_all_methods_long_v2] [time_series][epoch 067] lambda=0.0000 g_scale=0.000 train_total=0.07593498 train_sup=0.07593498 train_imit=0.00000000 mean_w=0.0000 active=0.0000 s_dense=0.00 s_pos=0.0000 s_sel=0.0000 s_sel_pos=0.0000 s_hot_err=0.000000 s_bg_err=0.000000 s_gap=0.000000 conf_cos=0.0000 conf_proj=0.00 val_mse=0.37957338 val_mae=0.42940209
[worker2/etth1_all_methods_long_v2] [time_series][epoch 068] lambda=0.0000 g_scale=0.000 train_total=0.07535994 train_sup=0.07535994 train_imit=0.00000000 mean_w=0.0000 active=0.0000 s_dense=0.00 s_pos=0.0000 s_sel=0.0000 s_sel_pos=0.0000 s_hot_err=0.000000 s_bg_err=0.000000 s_gap=0.000000 conf_cos=0.0000 conf_proj=0.00 val_mse=0.39847322 val_mae=0.44251434
[worker2/etth1_all_methods_long_v2] [time_series][epoch 069] lambda=0.0000 g_scale=0.000 train_total=0.07515887 train_sup=0.07515887 train_imit=0.00000000 mean_w=0.0000 active=0.0000 s_dense=0.00 s_pos=0.0000 s_sel=0.0000 s_sel_pos=0.0000 s_hot_err=0.000000 s_bg_err=0.000000 s_gap=0.000000 conf_cos=0.0000 conf_proj=0.00 val_mse=0.36936554 val_mae=0.42528433
[worker2/etth1_all_methods_long_v2] [time_series][epoch 070] lambda=0.0000 g_scale=0.000 train_total=0.07555202 train_sup=0.07555202 train_imit=0.00000000 mean_w=0.0000 active=0.0000 s_dense=0.00 s_pos=0.0000 s_sel=0.0000 s_sel_pos=0.0000 s_hot_err=0.000000 s_bg_err=0.000000 s_gap=0.000000 conf_cos=0.0000 conf_proj=0.00 val_mse=0.38787811 val_mae=0.43850633
[worker2/etth1_all_methods_long_v2] [time_series][epoch 070] updated live plot
[worker2/etth1_all_methods_long_v2] [time_series][epoch 071] lambda=0.0000 g_scale=0.000 train_total=0.07512871 train_sup=0.07512871 train_imit=0.00000000 mean_w=0.0000 active=0.0000 s_dense=0.00 s_pos=0.0000 s_sel=0.0000 s_sel_pos=0.0000 s_hot_err=0.000000 s_bg_err=0.000000 s_gap=0.000000 conf_cos=0.0000 conf_proj=0.00 val_mse=0.39287492 val_mae=0.43995572
[worker2/etth1_all_methods_long_v2] [time_series][epoch 072] lambda=0.0000 g_scale=0.000 train_total=0.07457414 train_sup=0.07457414 train_imit=0.00000000 mean_w=0.0000 active=0.0000 s_dense=0.00 s_pos=0.0000 s_sel=0.0000 s_sel_pos=0.0000 s_hot_err=0.000000 s_bg_err=0.000000 s_gap=0.000000 conf_cos=0.0000 conf_proj=0.00 val_mse=0.38643199 val_mae=0.43725719
[worker2/etth1_all_methods_long_v2] [time_series][epoch 073] lambda=0.0000 g_scale=0.000 train_total=0.07420651 train_sup=0.07420651 train_imit=0.00000000 mean_w=0.0000 active=0.0000 s_dense=0.00 s_pos=0.0000 s_sel=0.0000 s_sel_pos=0.0000 s_hot_err=0.000000 s_bg_err=0.000000 s_gap=0.000000 conf_cos=0.0000 conf_proj=0.00 val_mse=0.37408247 val_mae=0.43005733
[worker2/etth1_all_methods_long_v2] [time_series][epoch 074] lambda=0.0000 g_scale=0.000 train_total=0.07353856 train_sup=0.07353856 train_imit=0.00000000 mean_w=0.0000 active=0.0000 s_dense=0.00 s_pos=0.0000 s_sel=0.0000 s_sel_pos=0.0000 s_hot_err=0.000000 s_bg_err=0.000000 s_gap=0.000000 conf_cos=0.0000 conf_proj=0.00 val_mse=0.38348729 val_mae=0.43686804
[worker2/etth1_all_methods_long_v2] [time_series][epoch 075] lambda=0.0000 g_scale=0.000 train_total=0.07364872 train_sup=0.07364872 train_imit=0.00000000 mean_w=0.0000 active=0.0000 s_dense=0.00 s_pos=0.0000 s_sel=0.0000 s_sel_pos=0.0000 s_hot_err=0.000000 s_bg_err=0.000000 s_gap=0.000000 conf_cos=0.0000 conf_proj=0.00 val_mse=0.39215218 val_mae=0.44097010
[worker2/etth1_all_methods_long_v2] [time_series][epoch 076] lambda=0.0000 g_scale=0.000 train_total=0.07352794 train_sup=0.07352794 train_imit=0.00000000 mean_w=0.0000 active=0.0000 s_dense=0.00 s_pos=0.0000 s_sel=0.0000 s_sel_pos=0.0000 s_hot_err=0.000000 s_bg_err=0.000000 s_gap=0.000000 conf_cos=0.0000 conf_proj=0.00 val_mse=0.38725519 val_mae=0.44076086
[worker2/etth1_all_methods_long_v2] [time_series][epoch 077] lambda=0.0000 g_scale=0.000 train_total=0.07280886 train_sup=0.07280886 train_imit=0.00000000 mean_w=0.0000 active=0.0000 s_dense=0.00 s_pos=0.0000 s_sel=0.0000 s_sel_pos=0.0000 s_hot_err=0.000000 s_bg_err=0.000000 s_gap=0.000000 conf_cos=0.0000 conf_proj=0.00 val_mse=0.39817178 val_mae=0.44124821
[worker2/etth1_all_methods_long_v2] [time_series][epoch 078] lambda=0.0000 g_scale=0.000 train_total=0.07268328 train_sup=0.07268328 train_imit=0.00000000 mean_w=0.0000 active=0.0000 s_dense=0.00 s_pos=0.0000 s_sel=0.0000 s_sel_pos=0.0000 s_hot_err=0.000000 s_bg_err=0.000000 s_gap=0.000000 conf_cos=0.0000 conf_proj=0.00 val_mse=0.38891411 val_mae=0.44258136
[worker2/etth1_all_methods_long_v2] [time_series][epoch 079] lambda=0.0000 g_scale=0.000 train_total=0.07246015 train_sup=0.07246015 train_imit=0.00000000 mean_w=0.0000 active=0.0000 s_dense=0.00 s_pos=0.0000 s_sel=0.0000 s_sel_pos=0.0000 s_hot_err=0.000000 s_bg_err=0.000000 s_gap=0.000000 conf_cos=0.0000 conf_proj=0.00 val_mse=0.36895219 val_mae=0.42698547
[worker2/etth1_all_methods_long_v2] [time_series][epoch 080] lambda=0.0000 g_scale=0.000 train_total=0.07269587 train_sup=0.07269587 train_imit=0.00000000 mean_w=0.0000 active=0.0000 s_dense=0.00 s_pos=0.0000 s_sel=0.0000 s_sel_pos=0.0000 s_hot_err=0.000000 s_bg_err=0.000000 s_gap=0.000000 conf_cos=0.0000 conf_proj=0.00 val_mse=0.38338855 val_mae=0.43854475
[worker2/etth1_all_methods_long_v2] [time_series][epoch 080] updated live plot
[worker2/etth1_all_methods_long_v2] [time_series][epoch 081] lambda=0.0000 g_scale=0.000 train_total=0.07225392 train_sup=0.07225392 train_imit=0.00000000 mean_w=0.0000 active=0.0000 s_dense=0.00 s_pos=0.0000 s_sel=0.0000 s_sel_pos=0.0000 s_hot_err=0.000000 s_bg_err=0.000000 s_gap=0.000000 conf_cos=0.0000 conf_proj=0.00 val_mse=0.39885379 val_mae=0.44433557
[worker2/etth1_all_methods_long_v2] [time_series][epoch 082] lambda=0.0000 g_scale=0.000 train_total=0.07238408 train_sup=0.07238408 train_imit=0.00000000 mean_w=0.0000 active=0.0000 s_dense=0.00 s_pos=0.0000 s_sel=0.0000 s_sel_pos=0.0000 s_hot_err=0.000000 s_bg_err=0.000000 s_gap=0.000000 conf_cos=0.0000 conf_proj=0.00 val_mse=0.38747479 val_mae=0.44158649
[worker2/etth1_all_methods_long_v2] [time_series][epoch 083] lambda=0.0000 g_scale=0.000 train_total=0.07181148 train_sup=0.07181148 train_imit=0.00000000 mean_w=0.0000 active=0.0000 s_dense=0.00 s_pos=0.0000 s_sel=0.0000 s_sel_pos=0.0000 s_hot_err=0.000000 s_bg_err=0.000000 s_gap=0.000000 conf_cos=0.0000 conf_proj=0.00 val_mse=0.40648865 val_mae=0.44933490
[worker2/etth1_all_methods_long_v2] [time_series][epoch 084] lambda=0.0000 g_scale=0.000 train_total=0.07196505 train_sup=0.07196505 train_imit=0.00000000 mean_w=0.0000 active=0.0000 s_dense=0.00 s_pos=0.0000 s_sel=0.0000 s_sel_pos=0.0000 s_hot_err=0.000000 s_bg_err=0.000000 s_gap=0.000000 conf_cos=0.0000 conf_proj=0.00 val_mse=0.38611851 val_mae=0.43767191
[worker2/etth1_all_methods_long_v2] [time_series][epoch 085] lambda=0.0000 g_scale=0.000 train_total=0.07118642 train_sup=0.07118642 train_imit=0.00000000 mean_w=0.0000 active=0.0000 s_dense=0.00 s_pos=0.0000 s_sel=0.0000 s_sel_pos=0.0000 s_hot_err=0.000000 s_bg_err=0.000000 s_gap=0.000000 conf_cos=0.0000 conf_proj=0.00 val_mse=0.40421881 val_mae=0.44938691
[worker2/etth1_all_methods_long_v2] [time_series][epoch 086] lambda=0.0000 g_scale=0.000 train_total=0.07095849 train_sup=0.07095849 train_imit=0.00000000 mean_w=0.0000 active=0.0000 s_dense=0.00 s_pos=0.0000 s_sel=0.0000 s_sel_pos=0.0000 s_hot_err=0.000000 s_bg_err=0.000000 s_gap=0.000000 conf_cos=0.0000 conf_proj=0.00 val_mse=0.39610146 val_mae=0.44607221
[worker2/etth1_all_methods_long_v2] [time_series][epoch 087] lambda=0.0000 g_scale=0.000 train_total=0.07116354 train_sup=0.07116354 train_imit=0.00000000 mean_w=0.0000 active=0.0000 s_dense=0.00 s_pos=0.0000 s_sel=0.0000 s_sel_pos=0.0000 s_hot_err=0.000000 s_bg_err=0.000000 s_gap=0.000000 conf_cos=0.0000 conf_proj=0.00 val_mse=0.38454106 val_mae=0.43902612
[worker2/etth1_all_methods_long_v2] [time_series][epoch 088] lambda=0.0000 g_scale=0.000 train_total=0.07113433 train_sup=0.07113433 train_imit=0.00000000 mean_w=0.0000 active=0.0000 s_dense=0.00 s_pos=0.0000 s_sel=0.0000 s_sel_pos=0.0000 s_hot_err=0.000000 s_bg_err=0.000000 s_gap=0.000000 conf_cos=0.0000 conf_proj=0.00 val_mse=0.39974844 val_mae=0.44667543
[worker2/etth1_all_methods_long_v2] [time_series][epoch 089] lambda=0.0000 g_scale=0.000 train_total=0.07107641 train_sup=0.07107641 train_imit=0.00000000 mean_w=0.0000 active=0.0000 s_dense=0.00 s_pos=0.0000 s_sel=0.0000 s_sel_pos=0.0000 s_hot_err=0.000000 s_bg_err=0.000000 s_gap=0.000000 conf_cos=0.0000 conf_proj=0.00 val_mse=0.38895991 val_mae=0.44292840
[worker2/etth1_all_methods_long_v2] [time_series][epoch 090] lambda=0.0000 g_scale=0.000 train_total=0.07053936 train_sup=0.07053936 train_imit=0.00000000 mean_w=0.0000 active=0.0000 s_dense=0.00 s_pos=0.0000 s_sel=0.0000 s_sel_pos=0.0000 s_hot_err=0.000000 s_bg_err=0.000000 s_gap=0.000000 conf_cos=0.0000 conf_proj=0.00 val_mse=0.39481653 val_mae=0.44295976
[worker2/etth1_all_methods_long_v2] [time_series][epoch 090] updated live plot
[worker2/etth1_all_methods_long_v2] [time_series][epoch 091] lambda=0.0000 g_scale=0.000 train_total=0.07007990 train_sup=0.07007990 train_imit=0.00000000 mean_w=0.0000 active=0.0000 s_dense=0.00 s_pos=0.0000 s_sel=0.0000 s_sel_pos=0.0000 s_hot_err=0.000000 s_bg_err=0.000000 s_gap=0.000000 conf_cos=0.0000 conf_proj=0.00 val_mse=0.37768463 val_mae=0.43273478
[worker2/etth1_all_methods_long_v2] [time_series][epoch 092] lambda=0.0000 g_scale=0.000 train_total=0.06988241 train_sup=0.06988241 train_imit=0.00000000 mean_w=0.0000 active=0.0000 s_dense=0.00 s_pos=0.0000 s_sel=0.0000 s_sel_pos=0.0000 s_hot_err=0.000000 s_bg_err=0.000000 s_gap=0.000000 conf_cos=0.0000 conf_proj=0.00 val_mse=0.37348902 val_mae=0.42838292
[worker2/etth1_all_methods_long_v2] [time_series][epoch 093] lambda=0.0000 g_scale=0.000 train_total=0.06956970 train_sup=0.06956970 train_imit=0.00000000 mean_w=0.0000 active=0.0000 s_dense=0.00 s_pos=0.0000 s_sel=0.0000 s_sel_pos=0.0000 s_hot_err=0.000000 s_bg_err=0.000000 s_gap=0.000000 conf_cos=0.0000 conf_proj=0.00 val_mse=0.38177810 val_mae=0.43513535
[worker2/etth1_all_methods_long_v2] [time_series][epoch 094] lambda=0.0000 g_scale=0.000 train_total=0.06943663 train_sup=0.06943663 train_imit=0.00000000 mean_w=0.0000 active=0.0000 s_dense=0.00 s_pos=0.0000 s_sel=0.0000 s_sel_pos=0.0000 s_hot_err=0.000000 s_bg_err=0.000000 s_gap=0.000000 conf_cos=0.0000 conf_proj=0.00 val_mse=0.37286507 val_mae=0.43135371
[worker2/etth1_all_methods_long_v2] [time_series][epoch 095] lambda=0.0000 g_scale=0.000 train_total=0.06938922 train_sup=0.06938922 train_imit=0.00000000 mean_w=0.0000 active=0.0000 s_dense=0.00 s_pos=0.0000 s_sel=0.0000 s_sel_pos=0.0000 s_hot_err=0.000000 s_bg_err=0.000000 s_gap=0.000000 conf_cos=0.0000 conf_proj=0.00 val_mse=0.39038171 val_mae=0.43963614
[worker2/etth1_all_methods_long_v2] [time_series][epoch 096] lambda=0.0000 g_scale=0.000 train_total=0.06912438 train_sup=0.06912438 train_imit=0.00000000 mean_w=0.0000 active=0.0000 s_dense=0.00 s_pos=0.0000 s_sel=0.0000 s_sel_pos=0.0000 s_hot_err=0.000000 s_bg_err=0.000000 s_gap=0.000000 conf_cos=0.0000 conf_proj=0.00 val_mse=0.37420411 val_mae=0.43184266
[worker2/etth1_all_methods_long_v2] [time_series][epoch 097] lambda=0.0000 g_scale=0.000 train_total=0.06904596 train_sup=0.06904596 train_imit=0.00000000 mean_w=0.0000 active=0.0000 s_dense=0.00 s_pos=0.0000 s_sel=0.0000 s_sel_pos=0.0000 s_hot_err=0.000000 s_bg_err=0.000000 s_gap=0.000000 conf_cos=0.0000 conf_proj=0.00 val_mse=0.38588927 val_mae=0.43845215
[worker2/etth1_all_methods_long_v2] [time_series][epoch 098] lambda=0.0000 g_scale=0.000 train_total=0.06931253 train_sup=0.06931253 train_imit=0.00000000 mean_w=0.0000 active=0.0000 s_dense=0.00 s_pos=0.0000 s_sel=0.0000 s_sel_pos=0.0000 s_hot_err=0.000000 s_bg_err=0.000000 s_gap=0.000000 conf_cos=0.0000 conf_proj=0.00 val_mse=0.37888535 val_mae=0.43208472
[worker2/etth1_all_methods_long_v2] [time_series][epoch 099] lambda=0.0000 g_scale=0.000 train_total=0.06891248 train_sup=0.06891248 train_imit=0.00000000 mean_w=0.0000 active=0.0000 s_dense=0.00 s_pos=0.0000 s_sel=0.0000 s_sel_pos=0.0000 s_hot_err=0.000000 s_bg_err=0.000000 s_gap=0.000000 conf_cos=0.0000 conf_proj=0.00 val_mse=0.38829226 val_mae=0.43560582
[worker2/etth1_all_methods_long_v2] [time_series][epoch 100] lambda=0.0000 g_scale=0.000 train_total=0.06892934 train_sup=0.06892934 train_imit=0.00000000 mean_w=0.0000 active=0.0000 s_dense=0.00 s_pos=0.0000 s_sel=0.0000 s_sel_pos=0.0000 s_hot_err=0.000000 s_bg_err=0.000000 s_gap=0.000000 conf_cos=0.0000 conf_proj=0.00 val_mse=0.38875480 val_mae=0.44024950
[worker2/etth1_all_methods_long_v2] [time_series][epoch 100] updated live plot
[worker2/etth1_all_methods_long_v2] [time_series][epoch 101] lambda=0.0000 g_scale=0.000 train_total=0.06873350 train_sup=0.06873350 train_imit=0.00000000 mean_w=0.0000 active=0.0000 s_dense=0.00 s_pos=0.0000 s_sel=0.0000 s_sel_pos=0.0000 s_hot_err=0.000000 s_bg_err=0.000000 s_gap=0.000000 conf_cos=0.0000 conf_proj=0.00 val_mse=0.37607757 val_mae=0.43093462
[worker2/etth1_all_methods_long_v2] [time_series][epoch 102] lambda=0.0000 g_scale=0.000 train_total=0.06798945 train_sup=0.06798945 train_imit=0.00000000 mean_w=0.0000 active=0.0000 s_dense=0.00 s_pos=0.0000 s_sel=0.0000 s_sel_pos=0.0000 s_hot_err=0.000000 s_bg_err=0.000000 s_gap=0.000000 conf_cos=0.0000 conf_proj=0.00 val_mse=0.38191227 val_mae=0.43075162
[worker2/etth1_all_methods_long_v2] [time_series][epoch 103] lambda=0.0000 g_scale=0.000 train_total=0.06783259 train_sup=0.06783259 train_imit=0.00000000 mean_w=0.0000 active=0.0000 s_dense=0.00 s_pos=0.0000 s_sel=0.0000 s_sel_pos=0.0000 s_hot_err=0.000000 s_bg_err=0.000000 s_gap=0.000000 conf_cos=0.0000 conf_proj=0.00 val_mse=0.36570100 val_mae=0.42472834
[worker2/etth1_all_methods_long_v2] [time_series][epoch 104] lambda=0.0000 g_scale=0.000 train_total=0.06791676 train_sup=0.06791676 train_imit=0.00000000 mean_w=0.0000 active=0.0000 s_dense=0.00 s_pos=0.0000 s_sel=0.0000 s_sel_pos=0.0000 s_hot_err=0.000000 s_bg_err=0.000000 s_gap=0.000000 conf_cos=0.0000 conf_proj=0.00 val_mse=0.38385581 val_mae=0.43696290
[worker2/etth1_all_methods_long_v2] [time_series][epoch 105] lambda=0.0000 g_scale=0.000 train_total=0.06775527 train_sup=0.06775527 train_imit=0.00000000 mean_w=0.0000 active=0.0000 s_dense=0.00 s_pos=0.0000 s_sel=0.0000 s_sel_pos=0.0000 s_hot_err=0.000000 s_bg_err=0.000000 s_gap=0.000000 conf_cos=0.0000 conf_proj=0.00 val_mse=0.39271022 val_mae=0.44071665
[worker2/etth1_all_methods_long_v2] [time_series][epoch 106] lambda=0.0000 g_scale=0.000 train_total=0.06748725 train_sup=0.06748725 train_imit=0.00000000 mean_w=0.0000 active=0.0000 s_dense=0.00 s_pos=0.0000 s_sel=0.0000 s_sel_pos=0.0000 s_hot_err=0.000000 s_bg_err=0.000000 s_gap=0.000000 conf_cos=0.0000 conf_proj=0.00 val_mse=0.38633039 val_mae=0.43717421
[worker2/etth1_all_methods_long_v2] [time_series][epoch 107] lambda=0.0000 g_scale=0.000 train_total=0.06751099 train_sup=0.06751099 train_imit=0.00000000 mean_w=0.0000 active=0.0000 s_dense=0.00 s_pos=0.0000 s_sel=0.0000 s_sel_pos=0.0000 s_hot_err=0.000000 s_bg_err=0.000000 s_gap=0.000000 conf_cos=0.0000 conf_proj=0.00 val_mse=0.40155087 val_mae=0.44604395
[worker2/etth1_all_methods_long_v2] [time_series][epoch 108] lambda=0.0000 g_scale=0.000 train_total=0.06740513 train_sup=0.06740513 train_imit=0.00000000 mean_w=0.0000 active=0.0000 s_dense=0.00 s_pos=0.0000 s_sel=0.0000 s_sel_pos=0.0000 s_hot_err=0.000000 s_bg_err=0.000000 s_gap=0.000000 conf_cos=0.0000 conf_proj=0.00 val_mse=0.39679248 val_mae=0.44048108
[worker2/etth1_all_methods_long_v2] [time_series][epoch 109] lambda=0.0000 g_scale=0.000 train_total=0.06715338 train_sup=0.06715338 train_imit=0.00000000 mean_w=0.0000 active=0.0000 s_dense=0.00 s_pos=0.0000 s_sel=0.0000 s_sel_pos=0.0000 s_hot_err=0.000000 s_bg_err=0.000000 s_gap=0.000000 conf_cos=0.0000 conf_proj=0.00 val_mse=0.39480118 val_mae=0.44242863
[worker2/etth1_all_methods_long_v2] [time_series][epoch 110] lambda=0.0000 g_scale=0.000 train_total=0.06712579 train_sup=0.06712579 train_imit=0.00000000 mean_w=0.0000 active=0.0000 s_dense=0.00 s_pos=0.0000 s_sel=0.0000 s_sel_pos=0.0000 s_hot_err=0.000000 s_bg_err=0.000000 s_gap=0.000000 conf_cos=0.0000 conf_proj=0.00 val_mse=0.38234262 val_mae=0.43130131
[worker2/etth1_all_methods_long_v2] [time_series][epoch 110] updated live plot
[worker2/etth1_all_methods_long_v2] [time_series][epoch 111] lambda=0.0000 g_scale=0.000 train_total=0.06730848 train_sup=0.06730848 train_imit=0.00000000 mean_w=0.0000 active=0.0000 s_dense=0.00 s_pos=0.0000 s_sel=0.0000 s_sel_pos=0.0000 s_hot_err=0.000000 s_bg_err=0.000000 s_gap=0.000000 conf_cos=0.0000 conf_proj=0.00 val_mse=0.39160646 val_mae=0.44357669
[worker2/etth1_all_methods_long_v2] [time_series][epoch 112] lambda=0.0000 g_scale=0.000 train_total=0.06736714 train_sup=0.06736714 train_imit=0.00000000 mean_w=0.0000 active=0.0000 s_dense=0.00 s_pos=0.0000 s_sel=0.0000 s_sel_pos=0.0000 s_hot_err=0.000000 s_bg_err=0.000000 s_gap=0.000000 conf_cos=0.0000 conf_proj=0.00 val_mse=0.38368302 val_mae=0.43946836
[worker2/etth1_all_methods_long_v2] [time_series][epoch 113] lambda=0.0000 g_scale=0.000 train_total=0.06727222 train_sup=0.06727222 train_imit=0.00000000 mean_w=0.0000 active=0.0000 s_dense=0.00 s_pos=0.0000 s_sel=0.0000 s_sel_pos=0.0000 s_hot_err=0.000000 s_bg_err=0.000000 s_gap=0.000000 conf_cos=0.0000 conf_proj=0.00 val_mse=0.38111982 val_mae=0.43409162
[worker2/etth1_all_methods_long_v2] [time_series][epoch 114] lambda=0.0000 g_scale=0.000 train_total=0.06653769 train_sup=0.06653769 train_imit=0.00000000 mean_w=0.0000 active=0.0000 s_dense=0.00 s_pos=0.0000 s_sel=0.0000 s_sel_pos=0.0000 s_hot_err=0.000000 s_bg_err=0.000000 s_gap=0.000000 conf_cos=0.0000 conf_proj=0.00 val_mse=0.38220032 val_mae=0.43688883
[worker2/etth1_all_methods_long_v2] [time_series][epoch 115] lambda=0.0000 g_scale=0.000 train_total=0.06653948 train_sup=0.06653948 train_imit=0.00000000 mean_w=0.0000 active=0.0000 s_dense=0.00 s_pos=0.0000 s_sel=0.0000 s_sel_pos=0.0000 s_hot_err=0.000000 s_bg_err=0.000000 s_gap=0.000000 conf_cos=0.0000 conf_proj=0.00 val_mse=0.39463967 val_mae=0.44452882
[worker2/etth1_all_methods_long_v2] [time_series][epoch 116] lambda=0.0000 g_scale=0.000 train_total=0.06635212 train_sup=0.06635212 train_imit=0.00000000 mean_w=0.0000 active=0.0000 s_dense=0.00 s_pos=0.0000 s_sel=0.0000 s_sel_pos=0.0000 s_hot_err=0.000000 s_bg_err=0.000000 s_gap=0.000000 conf_cos=0.0000 conf_proj=0.00 val_mse=0.38605171 val_mae=0.44229530
[worker2/etth1_all_methods_long_v2] [time_series][epoch 117] lambda=0.0000 g_scale=0.000 train_total=0.06598265 train_sup=0.06598265 train_imit=0.00000000 mean_w=0.0000 active=0.0000 s_dense=0.00 s_pos=0.0000 s_sel=0.0000 s_sel_pos=0.0000 s_hot_err=0.000000 s_bg_err=0.000000 s_gap=0.000000 conf_cos=0.0000 conf_proj=0.00 val_mse=0.38467772 val_mae=0.43940363
[worker2/etth1_all_methods_long_v2] [time_series][epoch 118] lambda=0.0000 g_scale=0.000 train_total=0.06590664 train_sup=0.06590664 train_imit=0.00000000 mean_w=0.0000 active=0.0000 s_dense=0.00 s_pos=0.0000 s_sel=0.0000 s_sel_pos=0.0000 s_hot_err=0.000000 s_bg_err=0.000000 s_gap=0.000000 conf_cos=0.0000 conf_proj=0.00 val_mse=0.38943525 val_mae=0.43971985
[worker2/etth1_all_methods_long_v2] [time_series][epoch 119] lambda=0.0000 g_scale=0.000 train_total=0.06563862 train_sup=0.06563862 train_imit=0.00000000 mean_w=0.0000 active=0.0000 s_dense=0.00 s_pos=0.0000 s_sel=0.0000 s_sel_pos=0.0000 s_hot_err=0.000000 s_bg_err=0.000000 s_gap=0.000000 conf_cos=0.0000 conf_proj=0.00 val_mse=0.38975930 val_mae=0.44034067
[worker2/etth1_all_methods_long_v2] [time_series][epoch 120] lambda=0.0000 g_scale=0.000 train_total=0.06563224 train_sup=0.06563224 train_imit=0.00000000 mean_w=0.0000 active=0.0000 s_dense=0.00 s_pos=0.0000 s_sel=0.0000 s_sel_pos=0.0000 s_hot_err=0.000000 s_bg_err=0.000000 s_gap=0.000000 conf_cos=0.0000 conf_proj=0.00 val_mse=0.39876516 val_mae=0.44612128
[worker2/etth1_all_methods_long_v2] [time_series][epoch 120] updated live plot
[worker2/etth1_all_methods_long_v2] [time_series][epoch 121] lambda=0.0000 g_scale=0.000 train_total=0.06584384 train_sup=0.06584384 train_imit=0.00000000 mean_w=0.0000 active=0.0000 s_dense=0.00 s_pos=0.0000 s_sel=0.0000 s_sel_pos=0.0000 s_hot_err=0.000000 s_bg_err=0.000000 s_gap=0.000000 conf_cos=0.0000 conf_proj=0.00 val_mse=0.38625365 val_mae=0.43680628
[worker2/etth1_all_methods_long_v2] [time_series][epoch 122] lambda=0.0000 g_scale=0.000 train_total=0.06549688 train_sup=0.06549688 train_imit=0.00000000 mean_w=0.0000 active=0.0000 s_dense=0.00 s_pos=0.0000 s_sel=0.0000 s_sel_pos=0.0000 s_hot_err=0.000000 s_bg_err=0.000000 s_gap=0.000000 conf_cos=0.0000 conf_proj=0.00 val_mse=0.38841171 val_mae=0.44068572
[worker2/etth1_all_methods_long_v2] [time_series][epoch 123] lambda=0.0000 g_scale=0.000 train_total=0.06519396 train_sup=0.06519396 train_imit=0.00000000 mean_w=0.0000 active=0.0000 s_dense=0.00 s_pos=0.0000 s_sel=0.0000 s_sel_pos=0.0000 s_hot_err=0.000000 s_bg_err=0.000000 s_gap=0.000000 conf_cos=0.0000 conf_proj=0.00 val_mse=0.39428210 val_mae=0.44416650
[worker2/etth1_all_methods_long_v2] [time_series][epoch 124] lambda=0.0000 g_scale=0.000 train_total=0.06520793 train_sup=0.06520793 train_imit=0.00000000 mean_w=0.0000 active=0.0000 s_dense=0.00 s_pos=0.0000 s_sel=0.0000 s_sel_pos=0.0000 s_hot_err=0.000000 s_bg_err=0.000000 s_gap=0.000000 conf_cos=0.0000 conf_proj=0.00 val_mse=0.40430750 val_mae=0.44808317
[worker2/etth1_all_methods_long_v2] [time_series][epoch 125] lambda=0.0000 g_scale=0.000 train_total=0.06531145 train_sup=0.06531145 train_imit=0.00000000 mean_w=0.0000 active=0.0000 s_dense=0.00 s_pos=0.0000 s_sel=0.0000 s_sel_pos=0.0000 s_hot_err=0.000000 s_bg_err=0.000000 s_gap=0.000000 conf_cos=0.0000 conf_proj=0.00 val_mse=0.39002851 val_mae=0.44260337
[worker2/etth1_all_methods_long_v2] [time_series][epoch 126] lambda=0.0000 g_scale=0.000 train_total=0.06484007 train_sup=0.06484007 train_imit=0.00000000 mean_w=0.0000 active=0.0000 s_dense=0.00 s_pos=0.0000 s_sel=0.0000 s_sel_pos=0.0000 s_hot_err=0.000000 s_bg_err=0.000000 s_gap=0.000000 conf_cos=0.0000 conf_proj=0.00 val_mse=0.37287874 val_mae=0.42811169
[worker2/etth1_all_methods_long_v2] [time_series][epoch 127] lambda=0.0000 g_scale=0.000 train_total=0.06499152 train_sup=0.06499152 train_imit=0.00000000 mean_w=0.0000 active=0.0000 s_dense=0.00 s_pos=0.0000 s_sel=0.0000 s_sel_pos=0.0000 s_hot_err=0.000000 s_bg_err=0.000000 s_gap=0.000000 conf_cos=0.0000 conf_proj=0.00 val_mse=0.37984383 val_mae=0.43715896
[worker2/etth1_all_methods_long_v2] [time_series][epoch 128] lambda=0.0000 g_scale=0.000 train_total=0.06470988 train_sup=0.06470988 train_imit=0.00000000 mean_w=0.0000 active=0.0000 s_dense=0.00 s_pos=0.0000 s_sel=0.0000 s_sel_pos=0.0000 s_hot_err=0.000000 s_bg_err=0.000000 s_gap=0.000000 conf_cos=0.0000 conf_proj=0.00 val_mse=0.39497039 val_mae=0.44620768
[worker2/etth1_all_methods_long_v2] [time_series][epoch 129] lambda=0.0000 g_scale=0.000 train_total=0.06506933 train_sup=0.06506933 train_imit=0.00000000 mean_w=0.0000 active=0.0000 s_dense=0.00 s_pos=0.0000 s_sel=0.0000 s_sel_pos=0.0000 s_hot_err=0.000000 s_bg_err=0.000000 s_gap=0.000000 conf_cos=0.0000 conf_proj=0.00 val_mse=0.38690001 val_mae=0.44080694
[worker2/etth1_all_methods_long_v2] [time_series][epoch 130] lambda=0.0000 g_scale=0.000 train_total=0.06456107 train_sup=0.06456107 train_imit=0.00000000 mean_w=0.0000 active=0.0000 s_dense=0.00 s_pos=0.0000 s_sel=0.0000 s_sel_pos=0.0000 s_hot_err=0.000000 s_bg_err=0.000000 s_gap=0.000000 conf_cos=0.0000 conf_proj=0.00 val_mse=0.38055569 val_mae=0.43254122
[worker2/etth1_all_methods_long_v2] [time_series][epoch 130] updated live plot
[worker2/etth1_all_methods_long_v2] [time_series][epoch 131] lambda=0.0000 g_scale=0.000 train_total=0.06459486 train_sup=0.06459486 train_imit=0.00000000 mean_w=0.0000 active=0.0000 s_dense=0.00 s_pos=0.0000 s_sel=0.0000 s_sel_pos=0.0000 s_hot_err=0.000000 s_bg_err=0.000000 s_gap=0.000000 conf_cos=0.0000 conf_proj=0.00 val_mse=0.38516488 val_mae=0.43686694
[worker2/etth1_all_methods_long_v2] [time_series][epoch 132] lambda=0.0000 g_scale=0.000 train_total=0.06432555 train_sup=0.06432555 train_imit=0.00000000 mean_w=0.0000 active=0.0000 s_dense=0.00 s_pos=0.0000 s_sel=0.0000 s_sel_pos=0.0000 s_hot_err=0.000000 s_bg_err=0.000000 s_gap=0.000000 conf_cos=0.0000 conf_proj=0.00 val_mse=0.39954341 val_mae=0.44700041
[worker2/etth1_all_methods_long_v2] [time_series][epoch 133] lambda=0.0000 g_scale=0.000 train_total=0.06409512 train_sup=0.06409512 train_imit=0.00000000 mean_w=0.0000 active=0.0000 s_dense=0.00 s_pos=0.0000 s_sel=0.0000 s_sel_pos=0.0000 s_hot_err=0.000000 s_bg_err=0.000000 s_gap=0.000000 conf_cos=0.0000 conf_proj=0.00 val_mse=0.40109587 val_mae=0.44660091
[worker2/etth1_all_methods_long_v2] [time_series][epoch 134] lambda=0.0000 g_scale=0.000 train_total=0.06395132 train_sup=0.06395132 train_imit=0.00000000 mean_w=0.0000 active=0.0000 s_dense=0.00 s_pos=0.0000 s_sel=0.0000 s_sel_pos=0.0000 s_hot_err=0.000000 s_bg_err=0.000000 s_gap=0.000000 conf_cos=0.0000 conf_proj=0.00 val_mse=0.39525552 val_mae=0.44490672
[worker2/etth1_all_methods_long_v2] [time_series][epoch 135] lambda=0.0000 g_scale=0.000 train_total=0.06423000 train_sup=0.06423000 train_imit=0.00000000 mean_w=0.0000 active=0.0000 s_dense=0.00 s_pos=0.0000 s_sel=0.0000 s_sel_pos=0.0000 s_hot_err=0.000000 s_bg_err=0.000000 s_gap=0.000000 conf_cos=0.0000 conf_proj=0.00 val_mse=0.38646214 val_mae=0.43837162
[worker2/etth1_all_methods_long_v2] [time_series][epoch 136] lambda=0.0000 g_scale=0.000 train_total=0.06432977 train_sup=0.06432977 train_imit=0.00000000 mean_w=0.0000 active=0.0000 s_dense=0.00 s_pos=0.0000 s_sel=0.0000 s_sel_pos=0.0000 s_hot_err=0.000000 s_bg_err=0.000000 s_gap=0.000000 conf_cos=0.0000 conf_proj=0.00 val_mse=0.38036349 val_mae=0.43296751
[worker2/etth1_all_methods_long_v2] [time_series][epoch 137] lambda=0.0000 g_scale=0.000 train_total=0.06370060 train_sup=0.06370060 train_imit=0.00000000 mean_w=0.0000 active=0.0000 s_dense=0.00 s_pos=0.0000 s_sel=0.0000 s_sel_pos=0.0000 s_hot_err=0.000000 s_bg_err=0.000000 s_gap=0.000000 conf_cos=0.0000 conf_proj=0.00 val_mse=0.40108776 val_mae=0.44568110
[worker2/etth1_all_methods_long_v2] [time_series][epoch 138] lambda=0.0000 g_scale=0.000 train_total=0.06381859 train_sup=0.06381859 train_imit=0.00000000 mean_w=0.0000 active=0.0000 s_dense=0.00 s_pos=0.0000 s_sel=0.0000 s_sel_pos=0.0000 s_hot_err=0.000000 s_bg_err=0.000000 s_gap=0.000000 conf_cos=0.0000 conf_proj=0.00 val_mse=0.39758212 val_mae=0.44848011
[worker2/etth1_all_methods_long_v2] [time_series][epoch 139] lambda=0.0000 g_scale=0.000 train_total=0.06357261 train_sup=0.06357261 train_imit=0.00000000 mean_w=0.0000 active=0.0000 s_dense=0.00 s_pos=0.0000 s_sel=0.0000 s_sel_pos=0.0000 s_hot_err=0.000000 s_bg_err=0.000000 s_gap=0.000000 conf_cos=0.0000 conf_proj=0.00 val_mse=0.38811566 val_mae=0.43882637
[worker2/etth1_all_methods_long_v2] [time_series][epoch 140] lambda=0.0000 g_scale=0.000 train_total=0.06335414 train_sup=0.06335414 train_imit=0.00000000 mean_w=0.0000 active=0.0000 s_dense=0.00 s_pos=0.0000 s_sel=0.0000 s_sel_pos=0.0000 s_hot_err=0.000000 s_bg_err=0.000000 s_gap=0.000000 conf_cos=0.0000 conf_proj=0.00 val_mse=0.38798201 val_mae=0.44099267
[worker2/etth1_all_methods_long_v2] [time_series][epoch 140] updated live plot
[worker2/etth1_all_methods_long_v2] [time_series][epoch 141] lambda=0.0000 g_scale=0.000 train_total=0.06334915 train_sup=0.06334915 train_imit=0.00000000 mean_w=0.0000 active=0.0000 s_dense=0.00 s_pos=0.0000 s_sel=0.0000 s_sel_pos=0.0000 s_hot_err=0.000000 s_bg_err=0.000000 s_gap=0.000000 conf_cos=0.0000 conf_proj=0.00 val_mse=0.40548213 val_mae=0.45017911
[worker2/etth1_all_methods_long_v2] [time_series][epoch 142] lambda=0.0000 g_scale=0.000 train_total=0.06330364 train_sup=0.06330364 train_imit=0.00000000 mean_w=0.0000 active=0.0000 s_dense=0.00 s_pos=0.0000 s_sel=0.0000 s_sel_pos=0.0000 s_hot_err=0.000000 s_bg_err=0.000000 s_gap=0.000000 conf_cos=0.0000 conf_proj=0.00 val_mse=0.38821313 val_mae=0.43436592
[worker2/etth1_all_methods_long_v2] [time_series][epoch 143] lambda=0.0000 g_scale=0.000 train_total=0.06315028 train_sup=0.06315028 train_imit=0.00000000 mean_w=0.0000 active=0.0000 s_dense=0.00 s_pos=0.0000 s_sel=0.0000 s_sel_pos=0.0000 s_hot_err=0.000000 s_bg_err=0.000000 s_gap=0.000000 conf_cos=0.0000 conf_proj=0.00 val_mse=0.38556967 val_mae=0.43628297
[worker2/etth1_all_methods_long_v2] [time_series][epoch 144] lambda=0.0000 g_scale=0.000 train_total=0.06331071 train_sup=0.06331071 train_imit=0.00000000 mean_w=0.0000 active=0.0000 s_dense=0.00 s_pos=0.0000 s_sel=0.0000 s_sel_pos=0.0000 s_hot_err=0.000000 s_bg_err=0.000000 s_gap=0.000000 conf_cos=0.0000 conf_proj=0.00 val_mse=0.39878824 val_mae=0.44565361
[worker2/etth1_all_methods_long_v2] [time_series][epoch 145] lambda=0.0000 g_scale=0.000 train_total=0.06307588 train_sup=0.06307588 train_imit=0.00000000 mean_w=0.0000 active=0.0000 s_dense=0.00 s_pos=0.0000 s_sel=0.0000 s_sel_pos=0.0000 s_hot_err=0.000000 s_bg_err=0.000000 s_gap=0.000000 conf_cos=0.0000 conf_proj=0.00 val_mse=0.38352434 val_mae=0.43387013
[worker2/etth1_all_methods_long_v2] [time_series][epoch 146] lambda=0.0000 g_scale=0.000 train_total=0.06298841 train_sup=0.06298841 train_imit=0.00000000 mean_w=0.0000 active=0.0000 s_dense=0.00 s_pos=0.0000 s_sel=0.0000 s_sel_pos=0.0000 s_hot_err=0.000000 s_bg_err=0.000000 s_gap=0.000000 conf_cos=0.0000 conf_proj=0.00 val_mse=0.38606977 val_mae=0.43815702
[worker2/etth1_all_methods_long_v2] [time_series][epoch 147] lambda=0.0000 g_scale=0.000 train_total=0.06287259 train_sup=0.06287259 train_imit=0.00000000 mean_w=0.0000 active=0.0000 s_dense=0.00 s_pos=0.0000 s_sel=0.0000 s_sel_pos=0.0000 s_hot_err=0.000000 s_bg_err=0.000000 s_gap=0.000000 conf_cos=0.0000 conf_proj=0.00 val_mse=0.39971949 val_mae=0.44884534
[worker2/etth1_all_methods_long_v2] [time_series][epoch 148] lambda=0.0000 g_scale=0.000 train_total=0.06264526 train_sup=0.06264526 train_imit=0.00000000 mean_w=0.0000 active=0.0000 s_dense=0.00 s_pos=0.0000 s_sel=0.0000 s_sel_pos=0.0000 s_hot_err=0.000000 s_bg_err=0.000000 s_gap=0.000000 conf_cos=0.0000 conf_proj=0.00 val_mse=0.40349012 val_mae=0.44989305
[worker2/etth1_all_methods_long_v2] [time_series][epoch 149] lambda=0.0000 g_scale=0.000 train_total=0.06227165 train_sup=0.06227165 train_imit=0.00000000 mean_w=0.0000 active=0.0000 s_dense=0.00 s_pos=0.0000 s_sel=0.0000 s_sel_pos=0.0000 s_hot_err=0.000000 s_bg_err=0.000000 s_gap=0.000000 conf_cos=0.0000 conf_proj=0.00 val_mse=0.38394642 val_mae=0.43813786
[worker2/etth1_all_methods_long_v2] [time_series][epoch 150] lambda=0.0000 g_scale=0.000 train_total=0.06231562 train_sup=0.06231562 train_imit=0.00000000 mean_w=0.0000 active=0.0000 s_dense=0.00 s_pos=0.0000 s_sel=0.0000 s_sel_pos=0.0000 s_hot_err=0.000000 s_bg_err=0.000000 s_gap=0.000000 conf_cos=0.0000 conf_proj=0.00 val_mse=0.38293351 val_mae=0.43465991
[worker2/etth1_all_methods_long_v2] [time_series][epoch 150] updated live plot
[worker2/etth1_all_methods_long_v2] [time_series][epoch 151] lambda=0.0000 g_scale=0.000 train_total=0.06252969 train_sup=0.06252969 train_imit=0.00000000 mean_w=0.0000 active=0.0000 s_dense=0.00 s_pos=0.0000 s_sel=0.0000 s_sel_pos=0.0000 s_hot_err=0.000000 s_bg_err=0.000000 s_gap=0.000000 conf_cos=0.0000 conf_proj=0.00 val_mse=0.39969347 val_mae=0.44555107
[worker2/etth1_all_methods_long_v2] [time_series][epoch 152] lambda=0.0000 g_scale=0.000 train_total=0.06243984 train_sup=0.06243984 train_imit=0.00000000 mean_w=0.0000 active=0.0000 s_dense=0.00 s_pos=0.0000 s_sel=0.0000 s_sel_pos=0.0000 s_hot_err=0.000000 s_bg_err=0.000000 s_gap=0.000000 conf_cos=0.0000 conf_proj=0.00 val_mse=0.39714049 val_mae=0.44263778
[worker2/etth1_all_methods_long_v2] [time_series][epoch 153] lambda=0.0000 g_scale=0.000 train_total=0.06226162 train_sup=0.06226162 train_imit=0.00000000 mean_w=0.0000 active=0.0000 s_dense=0.00 s_pos=0.0000 s_sel=0.0000 s_sel_pos=0.0000 s_hot_err=0.000000 s_bg_err=0.000000 s_gap=0.000000 conf_cos=0.0000 conf_proj=0.00 val_mse=0.40024830 val_mae=0.44846861
[worker2/etth1_all_methods_long_v2] [time_series][epoch 154] lambda=0.0000 g_scale=0.000 train_total=0.06206513 train_sup=0.06206513 train_imit=0.00000000 mean_w=0.0000 active=0.0000 s_dense=0.00 s_pos=0.0000 s_sel=0.0000 s_sel_pos=0.0000 s_hot_err=0.000000 s_bg_err=0.000000 s_gap=0.000000 conf_cos=0.0000 conf_proj=0.00 val_mse=0.38063471 val_mae=0.43454231
[worker2/etth1_all_methods_long_v2] [time_series][epoch 155] lambda=0.0000 g_scale=0.000 train_total=0.06196300 train_sup=0.06196300 train_imit=0.00000000 mean_w=0.0000 active=0.0000 s_dense=0.00 s_pos=0.0000 s_sel=0.0000 s_sel_pos=0.0000 s_hot_err=0.000000 s_bg_err=0.000000 s_gap=0.000000 conf_cos=0.0000 conf_proj=0.00 val_mse=0.38857248 val_mae=0.43757129
[worker2/etth1_all_methods_long_v2] [time_series][epoch 156] lambda=0.0000 g_scale=0.000 train_total=0.06214151 train_sup=0.06214151 train_imit=0.00000000 mean_w=0.0000 active=0.0000 s_dense=0.00 s_pos=0.0000 s_sel=0.0000 s_sel_pos=0.0000 s_hot_err=0.000000 s_bg_err=0.000000 s_gap=0.000000 conf_cos=0.0000 conf_proj=0.00 val_mse=0.38635809 val_mae=0.43966214
[worker2/etth1_all_methods_long_v2] [time_series][epoch 157] lambda=0.0000 g_scale=0.000 train_total=0.06195409 train_sup=0.06195409 train_imit=0.00000000 mean_w=0.0000 active=0.0000 s_dense=0.00 s_pos=0.0000 s_sel=0.0000 s_sel_pos=0.0000 s_hot_err=0.000000 s_bg_err=0.000000 s_gap=0.000000 conf_cos=0.0000 conf_proj=0.00 val_mse=0.37870957 val_mae=0.43271181
[worker2/etth1_all_methods_long_v2] [time_series][epoch 158] lambda=0.0000 g_scale=0.000 train_total=0.06189052 train_sup=0.06189052 train_imit=0.00000000 mean_w=0.0000 active=0.0000 s_dense=0.00 s_pos=0.0000 s_sel=0.0000 s_sel_pos=0.0000 s_hot_err=0.000000 s_bg_err=0.000000 s_gap=0.000000 conf_cos=0.0000 conf_proj=0.00 val_mse=0.37628605 val_mae=0.43288166
[worker2/etth1_all_methods_long_v2] [time_series][epoch 159] lambda=0.0000 g_scale=0.000 train_total=0.06168992 train_sup=0.06168992 train_imit=0.00000000 mean_w=0.0000 active=0.0000 s_dense=0.00 s_pos=0.0000 s_sel=0.0000 s_sel_pos=0.0000 s_hot_err=0.000000 s_bg_err=0.000000 s_gap=0.000000 conf_cos=0.0000 conf_proj=0.00 val_mse=0.39989006 val_mae=0.44696519
[worker2/etth1_all_methods_long_v2] [time_series][epoch 160] lambda=0.0000 g_scale=0.000 train_total=0.06219526 train_sup=0.06219526 train_imit=0.00000000 mean_w=0.0000 active=0.0000 s_dense=0.00 s_pos=0.0000 s_sel=0.0000 s_sel_pos=0.0000 s_hot_err=0.000000 s_bg_err=0.000000 s_gap=0.000000 conf_cos=0.0000 conf_proj=0.00 val_mse=0.39244000 val_mae=0.43800706
[worker2/etth1_all_methods_long_v2] [time_series][epoch 160] updated live plot
[worker2/etth1_all_methods_long_v2] [time_series][epoch 161] lambda=0.0000 g_scale=0.000 train_total=0.06144546 train_sup=0.06144546 train_imit=0.00000000 mean_w=0.0000 active=0.0000 s_dense=0.00 s_pos=0.0000 s_sel=0.0000 s_sel_pos=0.0000 s_hot_err=0.000000 s_bg_err=0.000000 s_gap=0.000000 conf_cos=0.0000 conf_proj=0.00 val_mse=0.39221795 val_mae=0.44400457
[worker2/etth1_all_methods_long_v2] [time_series][epoch 162] lambda=0.0000 g_scale=0.000 train_total=0.06141638 train_sup=0.06141638 train_imit=0.00000000 mean_w=0.0000 active=0.0000 s_dense=0.00 s_pos=0.0000 s_sel=0.0000 s_sel_pos=0.0000 s_hot_err=0.000000 s_bg_err=0.000000 s_gap=0.000000 conf_cos=0.0000 conf_proj=0.00 val_mse=0.38954198 val_mae=0.43600852
[worker2/etth1_all_methods_long_v2] [time_series][epoch 163] lambda=0.0000 g_scale=0.000 train_total=0.06135996 train_sup=0.06135996 train_imit=0.00000000 mean_w=0.0000 active=0.0000 s_dense=0.00 s_pos=0.0000 s_sel=0.0000 s_sel_pos=0.0000 s_hot_err=0.000000 s_bg_err=0.000000 s_gap=0.000000 conf_cos=0.0000 conf_proj=0.00 val_mse=0.38940010 val_mae=0.44092221
[worker2/etth1_all_methods_long_v2] [time_series][epoch 164] lambda=0.0000 g_scale=0.000 train_total=0.06144143 train_sup=0.06144143 train_imit=0.00000000 mean_w=0.0000 active=0.0000 s_dense=0.00 s_pos=0.0000 s_sel=0.0000 s_sel_pos=0.0000 s_hot_err=0.000000 s_bg_err=0.000000 s_gap=0.000000 conf_cos=0.0000 conf_proj=0.00 val_mse=0.38585084 val_mae=0.43777628
[worker2/etth1_all_methods_long_v2] [time_series][epoch 165] lambda=0.0000 g_scale=0.000 train_total=0.06138462 train_sup=0.06138462 train_imit=0.00000000 mean_w=0.0000 active=0.0000 s_dense=0.00 s_pos=0.0000 s_sel=0.0000 s_sel_pos=0.0000 s_hot_err=0.000000 s_bg_err=0.000000 s_gap=0.000000 conf_cos=0.0000 conf_proj=0.00 val_mse=0.39467935 val_mae=0.44825695
[worker2/etth1_all_methods_long_v2] [time_series][epoch 166] lambda=0.0000 g_scale=0.000 train_total=0.06127529 train_sup=0.06127529 train_imit=0.00000000 mean_w=0.0000 active=0.0000 s_dense=0.00 s_pos=0.0000 s_sel=0.0000 s_sel_pos=0.0000 s_hot_err=0.000000 s_bg_err=0.000000 s_gap=0.000000 conf_cos=0.0000 conf_proj=0.00 val_mse=0.39495004 val_mae=0.44396868
[worker2/etth1_all_methods_long_v2] [time_series][epoch 167] lambda=0.0000 g_scale=0.000 train_total=0.06132598 train_sup=0.06132598 train_imit=0.00000000 mean_w=0.0000 active=0.0000 s_dense=0.00 s_pos=0.0000 s_sel=0.0000 s_sel_pos=0.0000 s_hot_err=0.000000 s_bg_err=0.000000 s_gap=0.000000 conf_cos=0.0000 conf_proj=0.00 val_mse=0.39234336 val_mae=0.44060459
[worker2/etth1_all_methods_long_v2] [time_series][epoch 168] lambda=0.0000 g_scale=0.000 train_total=0.06102370 train_sup=0.06102370 train_imit=0.00000000 mean_w=0.0000 active=0.0000 s_dense=0.00 s_pos=0.0000 s_sel=0.0000 s_sel_pos=0.0000 s_hot_err=0.000000 s_bg_err=0.000000 s_gap=0.000000 conf_cos=0.0000 conf_proj=0.00 val_mse=0.37900141 val_mae=0.43453332
[worker2/etth1_all_methods_long_v2] [time_series][epoch 169] lambda=0.0000 g_scale=0.000 train_total=0.06080618 train_sup=0.06080618 train_imit=0.00000000 mean_w=0.0000 active=0.0000 s_dense=0.00 s_pos=0.0000 s_sel=0.0000 s_sel_pos=0.0000 s_hot_err=0.000000 s_bg_err=0.000000 s_gap=0.000000 conf_cos=0.0000 conf_proj=0.00 val_mse=0.38645056 val_mae=0.43662845
[worker2/etth1_all_methods_long_v2] [time_series][epoch 170] lambda=0.0000 g_scale=0.000 train_total=0.06112550 train_sup=0.06112550 train_imit=0.00000000 mean_w=0.0000 active=0.0000 s_dense=0.00 s_pos=0.0000 s_sel=0.0000 s_sel_pos=0.0000 s_hot_err=0.000000 s_bg_err=0.000000 s_gap=0.000000 conf_cos=0.0000 conf_proj=0.00 val_mse=0.37316530 val_mae=0.42982834
[worker2/etth1_all_methods_long_v2] [time_series][epoch 170] updated live plot
[worker2/etth1_all_methods_long_v2] [time_series][epoch 171] lambda=0.0000 g_scale=0.000 train_total=0.06077680 train_sup=0.06077680 train_imit=0.00000000 mean_w=0.0000 active=0.0000 s_dense=0.00 s_pos=0.0000 s_sel=0.0000 s_sel_pos=0.0000 s_hot_err=0.000000 s_bg_err=0.000000 s_gap=0.000000 conf_cos=0.0000 conf_proj=0.00 val_mse=0.38491764 val_mae=0.43933480
[worker2/etth1_all_methods_long_v2] [time_series][epoch 172] lambda=0.0000 g_scale=0.000 train_total=0.06064200 train_sup=0.06064200 train_imit=0.00000000 mean_w=0.0000 active=0.0000 s_dense=0.00 s_pos=0.0000 s_sel=0.0000 s_sel_pos=0.0000 s_hot_err=0.000000 s_bg_err=0.000000 s_gap=0.000000 conf_cos=0.0000 conf_proj=0.00 val_mse=0.39055084 val_mae=0.43818733
[worker2/etth1_all_methods_long_v2] [time_series][epoch 173] lambda=0.0000 g_scale=0.000 train_total=0.06078946 train_sup=0.06078946 train_imit=0.00000000 mean_w=0.0000 active=0.0000 s_dense=0.00 s_pos=0.0000 s_sel=0.0000 s_sel_pos=0.0000 s_hot_err=0.000000 s_bg_err=0.000000 s_gap=0.000000 conf_cos=0.0000 conf_proj=0.00 val_mse=0.38716189 val_mae=0.43968047
[worker2/etth1_all_methods_long_v2] [time_series][epoch 174] lambda=0.0000 g_scale=0.000 train_total=0.06095325 train_sup=0.06095325 train_imit=0.00000000 mean_w=0.0000 active=0.0000 s_dense=0.00 s_pos=0.0000 s_sel=0.0000 s_sel_pos=0.0000 s_hot_err=0.000000 s_bg_err=0.000000 s_gap=0.000000 conf_cos=0.0000 conf_proj=0.00 val_mse=0.39188253 val_mae=0.44530130
[worker2/etth1_all_methods_long_v2] [time_series][epoch 175] lambda=0.0000 g_scale=0.000 train_total=0.06060091 train_sup=0.06060091 train_imit=0.00000000 mean_w=0.0000 active=0.0000 s_dense=0.00 s_pos=0.0000 s_sel=0.0000 s_sel_pos=0.0000 s_hot_err=0.000000 s_bg_err=0.000000 s_gap=0.000000 conf_cos=0.0000 conf_proj=0.00 val_mse=0.39610871 val_mae=0.44438178
[worker2/etth1_all_methods_long_v2] [time_series][epoch 176] lambda=0.0000 g_scale=0.000 train_total=0.06042011 train_sup=0.06042011 train_imit=0.00000000 mean_w=0.0000 active=0.0000 s_dense=0.00 s_pos=0.0000 s_sel=0.0000 s_sel_pos=0.0000 s_hot_err=0.000000 s_bg_err=0.000000 s_gap=0.000000 conf_cos=0.0000 conf_proj=0.00 val_mse=0.39091459 val_mae=0.44213037
[worker2/etth1_all_methods_long_v2] [time_series][epoch 177] lambda=0.0000 g_scale=0.000 train_total=0.06041720 train_sup=0.06041720 train_imit=0.00000000 mean_w=0.0000 active=0.0000 s_dense=0.00 s_pos=0.0000 s_sel=0.0000 s_sel_pos=0.0000 s_hot_err=0.000000 s_bg_err=0.000000 s_gap=0.000000 conf_cos=0.0000 conf_proj=0.00 val_mse=0.38628563 val_mae=0.43534915
[worker2/etth1_all_methods_long_v2] [time_series][epoch 178] lambda=0.0000 g_scale=0.000 train_total=0.06017528 train_sup=0.06017528 train_imit=0.00000000 mean_w=0.0000 active=0.0000 s_dense=0.00 s_pos=0.0000 s_sel=0.0000 s_sel_pos=0.0000 s_hot_err=0.000000 s_bg_err=0.000000 s_gap=0.000000 conf_cos=0.0000 conf_proj=0.00 val_mse=0.39232555 val_mae=0.44413535
[worker2/etth1_all_methods_long_v2] [time_series][epoch 179] lambda=0.0000 g_scale=0.000 train_total=0.06012912 train_sup=0.06012912 train_imit=0.00000000 mean_w=0.0000 active=0.0000 s_dense=0.00 s_pos=0.0000 s_sel=0.0000 s_sel_pos=0.0000 s_hot_err=0.000000 s_bg_err=0.000000 s_gap=0.000000 conf_cos=0.0000 conf_proj=0.00 val_mse=0.38589952 val_mae=0.43679449
[worker2/etth1_all_methods_long_v2] [time_series][epoch 180] lambda=0.0000 g_scale=0.000 train_total=0.06027872 train_sup=0.06027872 train_imit=0.00000000 mean_w=0.0000 active=0.0000 s_dense=0.00 s_pos=0.0000 s_sel=0.0000 s_sel_pos=0.0000 s_hot_err=0.000000 s_bg_err=0.000000 s_gap=0.000000 conf_cos=0.0000 conf_proj=0.00 val_mse=0.37935697 val_mae=0.43410749
[worker2/etth1_all_methods_long_v2] [time_series][epoch 180] updated live plot
[worker2/etth1_all_methods_long_v2] [time_series][epoch 181] lambda=0.0000 g_scale=0.000 train_total=0.06006446 train_sup=0.06006446 train_imit=0.00000000 mean_w=0.0000 active=0.0000 s_dense=0.00 s_pos=0.0000 s_sel=0.0000 s_sel_pos=0.0000 s_hot_err=0.000000 s_bg_err=0.000000 s_gap=0.000000 conf_cos=0.0000 conf_proj=0.00 val_mse=0.41281517 val_mae=0.45508756
[worker2/etth1_all_methods_long_v2] [time_series][epoch 182] lambda=0.0000 g_scale=0.000 train_total=0.06099601 train_sup=0.06099601 train_imit=0.00000000 mean_w=0.0000 active=0.0000 s_dense=0.00 s_pos=0.0000 s_sel=0.0000 s_sel_pos=0.0000 s_hot_err=0.000000 s_bg_err=0.000000 s_gap=0.000000 conf_cos=0.0000 conf_proj=0.00 val_mse=0.39707556 val_mae=0.44129732
[worker2/etth1_all_methods_long_v2] [time_series][epoch 183] lambda=0.0000 g_scale=0.000 train_total=0.06013371 train_sup=0.06013371 train_imit=0.00000000 mean_w=0.0000 active=0.0000 s_dense=0.00 s_pos=0.0000 s_sel=0.0000 s_sel_pos=0.0000 s_hot_err=0.000000 s_bg_err=0.000000 s_gap=0.000000 conf_cos=0.0000 conf_proj=0.00 val_mse=0.39088746 val_mae=0.44165563
[worker2/etth1_all_methods_long_v2] [time_series][epoch 184] lambda=0.0000 g_scale=0.000 train_total=0.05987775 train_sup=0.05987775 train_imit=0.00000000 mean_w=0.0000 active=0.0000 s_dense=0.00 s_pos=0.0000 s_sel=0.0000 s_sel_pos=0.0000 s_hot_err=0.000000 s_bg_err=0.000000 s_gap=0.000000 conf_cos=0.0000 conf_proj=0.00 val_mse=0.39597402 val_mae=0.44556846
[worker2/etth1_all_methods_long_v2] [time_series][epoch 185] lambda=0.0000 g_scale=0.000 train_total=0.05975766 train_sup=0.05975766 train_imit=0.00000000 mean_w=0.0000 active=0.0000 s_dense=0.00 s_pos=0.0000 s_sel=0.0000 s_sel_pos=0.0000 s_hot_err=0.000000 s_bg_err=0.000000 s_gap=0.000000 conf_cos=0.0000 conf_proj=0.00 val_mse=0.37973035 val_mae=0.43306670
[worker2/etth1_all_methods_long_v2] [time_series][epoch 186] lambda=0.0000 g_scale=0.000 train_total=0.05987850 train_sup=0.05987850 train_imit=0.00000000 mean_w=0.0000 active=0.0000 s_dense=0.00 s_pos=0.0000 s_sel=0.0000 s_sel_pos=0.0000 s_hot_err=0.000000 s_bg_err=0.000000 s_gap=0.000000 conf_cos=0.0000 conf_proj=0.00 val_mse=0.39334481 val_mae=0.44301977
[worker2/etth1_all_methods_long_v2] [time_series][epoch 187] lambda=0.0000 g_scale=0.000 train_total=0.05979184 train_sup=0.05979184 train_imit=0.00000000 mean_w=0.0000 active=0.0000 s_dense=0.00 s_pos=0.0000 s_sel=0.0000 s_sel_pos=0.0000 s_hot_err=0.000000 s_bg_err=0.000000 s_gap=0.000000 conf_cos=0.0000 conf_proj=0.00 val_mse=0.38916154 val_mae=0.43862817
[worker2/etth1_all_methods_long_v2] [time_series][epoch 188] lambda=0.0000 g_scale=0.000 train_total=0.05965569 train_sup=0.05965569 train_imit=0.00000000 mean_w=0.0000 active=0.0000 s_dense=0.00 s_pos=0.0000 s_sel=0.0000 s_sel_pos=0.0000 s_hot_err=0.000000 s_bg_err=0.000000 s_gap=0.000000 conf_cos=0.0000 conf_proj=0.00 val_mse=0.37852965 val_mae=0.43521000
[worker2/etth1_all_methods_long_v2] [time_series][epoch 189] lambda=0.0000 g_scale=0.000 train_total=0.05930940 train_sup=0.05930940 train_imit=0.00000000 mean_w=0.0000 active=0.0000 s_dense=0.00 s_pos=0.0000 s_sel=0.0000 s_sel_pos=0.0000 s_hot_err=0.000000 s_bg_err=0.000000 s_gap=0.000000 conf_cos=0.0000 conf_proj=0.00 val_mse=0.40255018 val_mae=0.44909283
[worker2/etth1_all_methods_long_v2] [time_series][epoch 190] lambda=0.0000 g_scale=0.000 train_total=0.05957625 train_sup=0.05957625 train_imit=0.00000000 mean_w=0.0000 active=0.0000 s_dense=0.00 s_pos=0.0000 s_sel=0.0000 s_sel_pos=0.0000 s_hot_err=0.000000 s_bg_err=0.000000 s_gap=0.000000 conf_cos=0.0000 conf_proj=0.00 val_mse=0.39747458 val_mae=0.44629331
[worker2/etth1_all_methods_long_v2] [time_series][epoch 190] updated live plot
[worker2/etth1_all_methods_long_v2] [time_series][epoch 191] lambda=0.0000 g_scale=0.000 train_total=0.05949854 train_sup=0.05949854 train_imit=0.00000000 mean_w=0.0000 active=0.0000 s_dense=0.00 s_pos=0.0000 s_sel=0.0000 s_sel_pos=0.0000 s_hot_err=0.000000 s_bg_err=0.000000 s_gap=0.000000 conf_cos=0.0000 conf_proj=0.00 val_mse=0.38210332 val_mae=0.43391797
[worker2/etth1_all_methods_long_v2] [time_series][epoch 192] lambda=0.0000 g_scale=0.000 train_total=0.05955369 train_sup=0.05955369 train_imit=0.00000000 mean_w=0.0000 active=0.0000 s_dense=0.00 s_pos=0.0000 s_sel=0.0000 s_sel_pos=0.0000 s_hot_err=0.000000 s_bg_err=0.000000 s_gap=0.000000 conf_cos=0.0000 conf_proj=0.00 val_mse=0.38643194 val_mae=0.43759723
[worker2/etth1_all_methods_long_v2] [time_series][epoch 193] lambda=0.0000 g_scale=0.000 train_total=0.05945520 train_sup=0.05945520 train_imit=0.00000000 mean_w=0.0000 active=0.0000 s_dense=0.00 s_pos=0.0000 s_sel=0.0000 s_sel_pos=0.0000 s_hot_err=0.000000 s_bg_err=0.000000 s_gap=0.000000 conf_cos=0.0000 conf_proj=0.00 val_mse=0.37973130 val_mae=0.43408101
[worker2/etth1_all_methods_long_v2] [time_series][epoch 194] lambda=0.0000 g_scale=0.000 train_total=0.05914886 train_sup=0.05914886 train_imit=0.00000000 mean_w=0.0000 active=0.0000 s_dense=0.00 s_pos=0.0000 s_sel=0.0000 s_sel_pos=0.0000 s_hot_err=0.000000 s_bg_err=0.000000 s_gap=0.000000 conf_cos=0.0000 conf_proj=0.00 val_mse=0.37985715 val_mae=0.43259893
[worker2/etth1_all_methods_long_v2] [time_series][epoch 195] lambda=0.0000 g_scale=0.000 train_total=0.05906116 train_sup=0.05906116 train_imit=0.00000000 mean_w=0.0000 active=0.0000 s_dense=0.00 s_pos=0.0000 s_sel=0.0000 s_sel_pos=0.0000 s_hot_err=0.000000 s_bg_err=0.000000 s_gap=0.000000 conf_cos=0.0000 conf_proj=0.00 val_mse=0.38503085 val_mae=0.43998546
[worker2/etth1_all_methods_long_v2] [time_series][epoch 196] lambda=0.0000 g_scale=0.000 train_total=0.05920976 train_sup=0.05920976 train_imit=0.00000000 mean_w=0.0000 active=0.0000 s_dense=0.00 s_pos=0.0000 s_sel=0.0000 s_sel_pos=0.0000 s_hot_err=0.000000 s_bg_err=0.000000 s_gap=0.000000 conf_cos=0.0000 conf_proj=0.00 val_mse=0.38947293 val_mae=0.43849938
[worker2/etth1_all_methods_long_v2] [time_series][epoch 197] lambda=0.0000 g_scale=0.000 train_total=0.05899146 train_sup=0.05899146 train_imit=0.00000000 mean_w=0.0000 active=0.0000 s_dense=0.00 s_pos=0.0000 s_sel=0.0000 s_sel_pos=0.0000 s_hot_err=0.000000 s_bg_err=0.000000 s_gap=0.000000 conf_cos=0.0000 conf_proj=0.00 val_mse=0.39719120 val_mae=0.44525086
[worker2/etth1_all_methods_long_v2] [time_series][epoch 198] lambda=0.0000 g_scale=0.000 train_total=0.05894865 train_sup=0.05894865 train_imit=0.00000000 mean_w=0.0000 active=0.0000 s_dense=0.00 s_pos=0.0000 s_sel=0.0000 s_sel_pos=0.0000 s_hot_err=0.000000 s_bg_err=0.000000 s_gap=0.000000 conf_cos=0.0000 conf_proj=0.00 val_mse=0.38341855 val_mae=0.43598936
[worker2/etth1_all_methods_long_v2] [time_series][epoch 199] lambda=0.0000 g_scale=0.000 train_total=0.05907563 train_sup=0.05907563 train_imit=0.00000000 mean_w=0.0000 active=0.0000 s_dense=0.00 s_pos=0.0000 s_sel=0.0000 s_sel_pos=0.0000 s_hot_err=0.000000 s_bg_err=0.000000 s_gap=0.000000 conf_cos=0.0000 conf_proj=0.00 val_mse=0.38311397 val_mae=0.43881296
[worker2/etth1_all_methods_long_v2] [time_series][epoch 200] lambda=0.0000 g_scale=0.000 train_total=0.05907612 train_sup=0.05907612 train_imit=0.00000000 mean_w=0.0000 active=0.0000 s_dense=0.00 s_pos=0.0000 s_sel=0.0000 s_sel_pos=0.0000 s_hot_err=0.000000 s_bg_err=0.000000 s_gap=0.000000 conf_cos=0.0000 conf_proj=0.00 val_mse=0.38379995 val_mae=0.43690259
[worker2/etth1_all_methods_long_v2] [time_series][epoch 200] updated live plot
[worker2/etth1_all_methods_long_v2] [time_series] done
[worker2/etth1_all_methods_long_v2] [time_series] dataset=etth1 model=transformer method=independent seed=3 pred_len=24
[worker2/etth1_all_methods_long_v2] [time_series] run_dir=results/time_series_etth1_all_methods_long_v2/time_series/etth1/transformer_independent_huber_seed3
[worker2/etth1_all_methods_long_v2] [time_series] params=419240
[worker2/etth1_all_methods_long_v2] [time_series][epoch 001] lambda=0.0000 g_scale=0.000 train_total=0.36786594 train_sup=0.36786594 train_imit=0.00000000 mean_w=0.0000 active=0.0000 s_dense=0.00 s_pos=0.0000 s_sel=0.0000 s_sel_pos=0.0000 s_hot_err=0.000000 s_bg_err=0.000000 s_gap=0.000000 conf_cos=0.0000 conf_proj=0.00 val_mse=0.35695993 val_mae=0.41999991
[worker2/etth1_all_methods_long_v2] [time_series][epoch 002] lambda=0.0000 g_scale=0.000 train_total=0.25599407 train_sup=0.25599407 train_imit=0.00000000 mean_w=0.0000 active=0.0000 s_dense=0.00 s_pos=0.0000 s_sel=0.0000 s_sel_pos=0.0000 s_hot_err=0.000000 s_bg_err=0.000000 s_gap=0.000000 conf_cos=0.0000 conf_proj=0.00 val_mse=0.32839158 val_mae=0.39010271
[worker2/etth1_all_methods_long_v2] [time_series][epoch 003] lambda=0.0000 g_scale=0.000 train_total=0.23377606 train_sup=0.23377606 train_imit=0.00000000 mean_w=0.0000 active=0.0000 s_dense=0.00 s_pos=0.0000 s_sel=0.0000 s_sel_pos=0.0000 s_hot_err=0.000000 s_bg_err=0.000000 s_gap=0.000000 conf_cos=0.0000 conf_proj=0.00 val_mse=0.33725762 val_mae=0.40289863
[worker2/etth1_all_methods_long_v2] [time_series][epoch 004] lambda=0.0000 g_scale=0.000 train_total=0.21861678 train_sup=0.21861678 train_imit=0.00000000 mean_w=0.0000 active=0.0000 s_dense=0.00 s_pos=0.0000 s_sel=0.0000 s_sel_pos=0.0000 s_hot_err=0.000000 s_bg_err=0.000000 s_gap=0.000000 conf_cos=0.0000 conf_proj=0.00 val_mse=0.31747561 val_mae=0.38721585
[worker2/etth1_all_methods_long_v2] [time_series][epoch 005] lambda=0.0000 g_scale=0.000 train_total=0.20450922 train_sup=0.20450922 train_imit=0.00000000 mean_w=0.0000 active=0.0000 s_dense=0.00 s_pos=0.0000 s_sel=0.0000 s_sel_pos=0.0000 s_hot_err=0.000000 s_bg_err=0.000000 s_gap=0.000000 conf_cos=0.0000 conf_proj=0.00 val_mse=0.33476551 val_mae=0.40111292
[worker2/etth1_all_methods_long_v2] [time_series][epoch 006] lambda=0.0000 g_scale=0.000 train_total=0.19188783 train_sup=0.19188783 train_imit=0.00000000 mean_w=0.0000 active=0.0000 s_dense=0.00 s_pos=0.0000 s_sel=0.0000 s_sel_pos=0.0000 s_hot_err=0.000000 s_bg_err=0.000000 s_gap=0.000000 conf_cos=0.0000 conf_proj=0.00 val_mse=0.34247226 val_mae=0.39922049
[worker2/etth1_all_methods_long_v2] [time_series][epoch 007] lambda=0.0000 g_scale=0.000 train_total=0.17949121 train_sup=0.17949121 train_imit=0.00000000 mean_w=0.0000 active=0.0000 s_dense=0.00 s_pos=0.0000 s_sel=0.0000 s_sel_pos=0.0000 s_hot_err=0.000000 s_bg_err=0.000000 s_gap=0.000000 conf_cos=0.0000 conf_proj=0.00 val_mse=0.37531630 val_mae=0.42259181
[worker2/etth1_all_methods_long_v2] [time_series][epoch 008] lambda=0.0000 g_scale=0.000 train_total=0.17105667 train_sup=0.17105667 train_imit=0.00000000 mean_w=0.0000 active=0.0000 s_dense=0.00 s_pos=0.0000 s_sel=0.0000 s_sel_pos=0.0000 s_hot_err=0.000000 s_bg_err=0.000000 s_gap=0.000000 conf_cos=0.0000 conf_proj=0.00 val_mse=0.40569724 val_mae=0.45294197
[worker2/etth1_all_methods_long_v2] [time_series][epoch 009] lambda=0.0000 g_scale=0.000 train_total=0.16225526 train_sup=0.16225526 train_imit=0.00000000 mean_w=0.0000 active=0.0000 s_dense=0.00 s_pos=0.0000 s_sel=0.0000 s_sel_pos=0.0000 s_hot_err=0.000000 s_bg_err=0.000000 s_gap=0.000000 conf_cos=0.0000 conf_proj=0.00 val_mse=0.38565822 val_mae=0.43627458
[worker2/etth1_all_methods_long_v2] [time_series][epoch 010] lambda=0.0000 g_scale=0.000 train_total=0.15441886 train_sup=0.15441886 train_imit=0.00000000 mean_w=0.0000 active=0.0000 s_dense=0.00 s_pos=0.0000 s_sel=0.0000 s_sel_pos=0.0000 s_hot_err=0.000000 s_bg_err=0.000000 s_gap=0.000000 conf_cos=0.0000 conf_proj=0.00 val_mse=0.37105850 val_mae=0.42854760
[worker2/etth1_all_methods_long_v2] [time_series][epoch 010] updated live plot
[worker2/etth1_all_methods_long_v2] [time_series][epoch 011] lambda=0.0000 g_scale=0.000 train_total=0.14665888 train_sup=0.14665888 train_imit=0.00000000 mean_w=0.0000 active=0.0000 s_dense=0.00 s_pos=0.0000 s_sel=0.0000 s_sel_pos=0.0000 s_hot_err=0.000000 s_bg_err=0.000000 s_gap=0.000000 conf_cos=0.0000 conf_proj=0.00 val_mse=0.38075003 val_mae=0.42835666
[worker2/etth1_all_methods_long_v2] [time_series][epoch 012] lambda=0.0000 g_scale=0.000 train_total=0.14014398 train_sup=0.14014398 train_imit=0.00000000 mean_w=0.0000 active=0.0000 s_dense=0.00 s_pos=0.0000 s_sel=0.0000 s_sel_pos=0.0000 s_hot_err=0.000000 s_bg_err=0.000000 s_gap=0.000000 conf_cos=0.0000 conf_proj=0.00 val_mse=0.40900424 val_mae=0.45848097
[worker2/etth1_all_methods_long_v2] [time_series][epoch 013] lambda=0.0000 g_scale=0.000 train_total=0.13482765 train_sup=0.13482765 train_imit=0.00000000 mean_w=0.0000 active=0.0000 s_dense=0.00 s_pos=0.0000 s_sel=0.0000 s_sel_pos=0.0000 s_hot_err=0.000000 s_bg_err=0.000000 s_gap=0.000000 conf_cos=0.0000 conf_proj=0.00 val_mse=0.37537556 val_mae=0.42485809
[worker2/etth1_all_methods_long_v2] [time_series][epoch 014] lambda=0.0000 g_scale=0.000 train_total=0.12891992 train_sup=0.12891992 train_imit=0.00000000 mean_w=0.0000 active=0.0000 s_dense=0.00 s_pos=0.0000 s_sel=0.0000 s_sel_pos=0.0000 s_hot_err=0.000000 s_bg_err=0.000000 s_gap=0.000000 conf_cos=0.0000 conf_proj=0.00 val_mse=0.39270652 val_mae=0.43817126
[worker2/etth1_all_methods_long_v2] [time_series][epoch 015] lambda=0.0000 g_scale=0.000 train_total=0.12673390 train_sup=0.12673390 train_imit=0.00000000 mean_w=0.0000 active=0.0000 s_dense=0.00 s_pos=0.0000 s_sel=0.0000 s_sel_pos=0.0000 s_hot_err=0.000000 s_bg_err=0.000000 s_gap=0.000000 conf_cos=0.0000 conf_proj=0.00 val_mse=0.38270653 val_mae=0.43363739
[worker2/etth1_all_methods_long_v2] [time_series][epoch 016] lambda=0.0000 g_scale=0.000 train_total=0.12093870 train_sup=0.12093870 train_imit=0.00000000 mean_w=0.0000 active=0.0000 s_dense=0.00 s_pos=0.0000 s_sel=0.0000 s_sel_pos=0.0000 s_hot_err=0.000000 s_bg_err=0.000000 s_gap=0.000000 conf_cos=0.0000 conf_proj=0.00 val_mse=0.39941560 val_mae=0.44372520
[worker2/etth1_all_methods_long_v2] [time_series][epoch 017] lambda=0.0000 g_scale=0.000 train_total=0.11703376 train_sup=0.11703376 train_imit=0.00000000 mean_w=0.0000 active=0.0000 s_dense=0.00 s_pos=0.0000 s_sel=0.0000 s_sel_pos=0.0000 s_hot_err=0.000000 s_bg_err=0.000000 s_gap=0.000000 conf_cos=0.0000 conf_proj=0.00 val_mse=0.42410917 val_mae=0.45886178
[worker2/etth1_all_methods_long_v2] [time_series][epoch 018] lambda=0.0000 g_scale=0.000 train_total=0.11441073 train_sup=0.11441073 train_imit=0.00000000 mean_w=0.0000 active=0.0000 s_dense=0.00 s_pos=0.0000 s_sel=0.0000 s_sel_pos=0.0000 s_hot_err=0.000000 s_bg_err=0.000000 s_gap=0.000000 conf_cos=0.0000 conf_proj=0.00 val_mse=0.36893636 val_mae=0.42240451
[worker2/etth1_all_methods_long_v2] [time_series][epoch 019] lambda=0.0000 g_scale=0.000 train_total=0.11086026 train_sup=0.11086026 train_imit=0.00000000 mean_w=0.0000 active=0.0000 s_dense=0.00 s_pos=0.0000 s_sel=0.0000 s_sel_pos=0.0000 s_hot_err=0.000000 s_bg_err=0.000000 s_gap=0.000000 conf_cos=0.0000 conf_proj=0.00 val_mse=0.42833846 val_mae=0.45850570
[worker2/etth1_all_methods_long_v2] [time_series][epoch 020] lambda=0.0000 g_scale=0.000 train_total=0.10916429 train_sup=0.10916429 train_imit=0.00000000 mean_w=0.0000 active=0.0000 s_dense=0.00 s_pos=0.0000 s_sel=0.0000 s_sel_pos=0.0000 s_hot_err=0.000000 s_bg_err=0.000000 s_gap=0.000000 conf_cos=0.0000 conf_proj=0.00 val_mse=0.39840017 val_mae=0.44697507
[worker2/etth1_all_methods_long_v2] [time_series][epoch 020] updated live plot
[worker2/etth1_all_methods_long_v2] [time_series][epoch 021] lambda=0.0000 g_scale=0.000 train_total=0.10670318 train_sup=0.10670318 train_imit=0.00000000 mean_w=0.0000 active=0.0000 s_dense=0.00 s_pos=0.0000 s_sel=0.0000 s_sel_pos=0.0000 s_hot_err=0.000000 s_bg_err=0.000000 s_gap=0.000000 conf_cos=0.0000 conf_proj=0.00 val_mse=0.41632288 val_mae=0.45334280
[worker2/etth1_all_methods_long_v2] [time_series][epoch 022] lambda=0.0000 g_scale=0.000 train_total=0.10479512 train_sup=0.10479512 train_imit=0.00000000 mean_w=0.0000 active=0.0000 s_dense=0.00 s_pos=0.0000 s_sel=0.0000 s_sel_pos=0.0000 s_hot_err=0.000000 s_bg_err=0.000000 s_gap=0.000000 conf_cos=0.0000 conf_proj=0.00 val_mse=0.41322153 val_mae=0.45289809
[worker2/etth1_all_methods_long_v2] [time_series][epoch 023] lambda=0.0000 g_scale=0.000 train_total=0.10345740 train_sup=0.10345740 train_imit=0.00000000 mean_w=0.0000 active=0.0000 s_dense=0.00 s_pos=0.0000 s_sel=0.0000 s_sel_pos=0.0000 s_hot_err=0.000000 s_bg_err=0.000000 s_gap=0.000000 conf_cos=0.0000 conf_proj=0.00 val_mse=0.36915791 val_mae=0.42582127
[worker2/etth1_all_methods_long_v2] [time_series][epoch 024] lambda=0.0000 g_scale=0.000 train_total=0.10205461 train_sup=0.10205461 train_imit=0.00000000 mean_w=0.0000 active=0.0000 s_dense=0.00 s_pos=0.0000 s_sel=0.0000 s_sel_pos=0.0000 s_hot_err=0.000000 s_bg_err=0.000000 s_gap=0.000000 conf_cos=0.0000 conf_proj=0.00 val_mse=0.41845600 val_mae=0.46583887
[worker2/etth1_all_methods_long_v2] [time_series][epoch 025] lambda=0.0000 g_scale=0.000 train_total=0.10050518 train_sup=0.10050518 train_imit=0.00000000 mean_w=0.0000 active=0.0000 s_dense=0.00 s_pos=0.0000 s_sel=0.0000 s_sel_pos=0.0000 s_hot_err=0.000000 s_bg_err=0.000000 s_gap=0.000000 conf_cos=0.0000 conf_proj=0.00 val_mse=0.39450543 val_mae=0.44364639
[worker2/etth1_all_methods_long_v2] [time_series][epoch 026] lambda=0.0000 g_scale=0.000 train_total=0.09912053 train_sup=0.09912053 train_imit=0.00000000 mean_w=0.0000 active=0.0000 s_dense=0.00 s_pos=0.0000 s_sel=0.0000 s_sel_pos=0.0000 s_hot_err=0.000000 s_bg_err=0.000000 s_gap=0.000000 conf_cos=0.0000 conf_proj=0.00 val_mse=0.41910595 val_mae=0.45145701
[worker2/etth1_all_methods_long_v2] [time_series][epoch 027] lambda=0.0000 g_scale=0.000 train_total=0.09776371 train_sup=0.09776371 train_imit=0.00000000 mean_w=0.0000 active=0.0000 s_dense=0.00 s_pos=0.0000 s_sel=0.0000 s_sel_pos=0.0000 s_hot_err=0.000000 s_bg_err=0.000000 s_gap=0.000000 conf_cos=0.0000 conf_proj=0.00 val_mse=0.40191235 val_mae=0.44409527
[worker2/etth1_all_methods_long_v2] [time_series][epoch 028] lambda=0.0000 g_scale=0.000 train_total=0.09649583 train_sup=0.09649583 train_imit=0.00000000 mean_w=0.0000 active=0.0000 s_dense=0.00 s_pos=0.0000 s_sel=0.0000 s_sel_pos=0.0000 s_hot_err=0.000000 s_bg_err=0.000000 s_gap=0.000000 conf_cos=0.0000 conf_proj=0.00 val_mse=0.38323678 val_mae=0.43372735
[worker2/etth1_all_methods_long_v2] [time_series][epoch 029] lambda=0.0000 g_scale=0.000 train_total=0.09547761 train_sup=0.09547761 train_imit=0.00000000 mean_w=0.0000 active=0.0000 s_dense=0.00 s_pos=0.0000 s_sel=0.0000 s_sel_pos=0.0000 s_hot_err=0.000000 s_bg_err=0.000000 s_gap=0.000000 conf_cos=0.0000 conf_proj=0.00 val_mse=0.39642889 val_mae=0.44517327
[worker2/etth1_all_methods_long_v2] [time_series][epoch 030] lambda=0.0000 g_scale=0.000 train_total=0.09508387 train_sup=0.09508387 train_imit=0.00000000 mean_w=0.0000 active=0.0000 s_dense=0.00 s_pos=0.0000 s_sel=0.0000 s_sel_pos=0.0000 s_hot_err=0.000000 s_bg_err=0.000000 s_gap=0.000000 conf_cos=0.0000 conf_proj=0.00 val_mse=0.38970443 val_mae=0.43444609
[worker2/etth1_all_methods_long_v2] [time_series][epoch 030] updated live plot
[worker2/etth1_all_methods_long_v2] [time_series][epoch 031] lambda=0.0000 g_scale=0.000 train_total=0.09476764 train_sup=0.09476764 train_imit=0.00000000 mean_w=0.0000 active=0.0000 s_dense=0.00 s_pos=0.0000 s_sel=0.0000 s_sel_pos=0.0000 s_hot_err=0.000000 s_bg_err=0.000000 s_gap=0.000000 conf_cos=0.0000 conf_proj=0.00 val_mse=0.37231384 val_mae=0.43155204
[worker2/etth1_all_methods_long_v2] [time_series][epoch 032] lambda=0.0000 g_scale=0.000 train_total=0.09299625 train_sup=0.09299625 train_imit=0.00000000 mean_w=0.0000 active=0.0000 s_dense=0.00 s_pos=0.0000 s_sel=0.0000 s_sel_pos=0.0000 s_hot_err=0.000000 s_bg_err=0.000000 s_gap=0.000000 conf_cos=0.0000 conf_proj=0.00 val_mse=0.41764402 val_mae=0.46228545
[worker2/etth1_all_methods_long_v2] [time_series][epoch 033] lambda=0.0000 g_scale=0.000 train_total=0.09159905 train_sup=0.09159905 train_imit=0.00000000 mean_w=0.0000 active=0.0000 s_dense=0.00 s_pos=0.0000 s_sel=0.0000 s_sel_pos=0.0000 s_hot_err=0.000000 s_bg_err=0.000000 s_gap=0.000000 conf_cos=0.0000 conf_proj=0.00 val_mse=0.39099664 val_mae=0.44101376
[worker2/etth1_all_methods_long_v2] [time_series][epoch 034] lambda=0.0000 g_scale=0.000 train_total=0.09083355 train_sup=0.09083355 train_imit=0.00000000 mean_w=0.0000 active=0.0000 s_dense=0.00 s_pos=0.0000 s_sel=0.0000 s_sel_pos=0.0000 s_hot_err=0.000000 s_bg_err=0.000000 s_gap=0.000000 conf_cos=0.0000 conf_proj=0.00 val_mse=0.39974628 val_mae=0.44433203
[worker2/etth1_all_methods_long_v2] [time_series][epoch 035] lambda=0.0000 g_scale=0.000 train_total=0.09121595 train_sup=0.09121595 train_imit=0.00000000 mean_w=0.0000 active=0.0000 s_dense=0.00 s_pos=0.0000 s_sel=0.0000 s_sel_pos=0.0000 s_hot_err=0.000000 s_bg_err=0.000000 s_gap=0.000000 conf_cos=0.0000 conf_proj=0.00 val_mse=0.40105073 val_mae=0.45093354
[worker2/etth1_all_methods_long_v2] [time_series][epoch 036] lambda=0.0000 g_scale=0.000 train_total=0.09073753 train_sup=0.09073753 train_imit=0.00000000 mean_w=0.0000 active=0.0000 s_dense=0.00 s_pos=0.0000 s_sel=0.0000 s_sel_pos=0.0000 s_hot_err=0.000000 s_bg_err=0.000000 s_gap=0.000000 conf_cos=0.0000 conf_proj=0.00 val_mse=0.38693101 val_mae=0.43937020
[worker2/etth1_all_methods_long_v2] [time_series][epoch 037] lambda=0.0000 g_scale=0.000 train_total=0.08899687 train_sup=0.08899687 train_imit=0.00000000 mean_w=0.0000 active=0.0000 s_dense=0.00 s_pos=0.0000 s_sel=0.0000 s_sel_pos=0.0000 s_hot_err=0.000000 s_bg_err=0.000000 s_gap=0.000000 conf_cos=0.0000 conf_proj=0.00 val_mse=0.37914727 val_mae=0.43411684
[worker2/etth1_all_methods_long_v2] [time_series][epoch 038] lambda=0.0000 g_scale=0.000 train_total=0.08844425 train_sup=0.08844425 train_imit=0.00000000 mean_w=0.0000 active=0.0000 s_dense=0.00 s_pos=0.0000 s_sel=0.0000 s_sel_pos=0.0000 s_hot_err=0.000000 s_bg_err=0.000000 s_gap=0.000000 conf_cos=0.0000 conf_proj=0.00 val_mse=0.37537191 val_mae=0.42986729
[worker2/etth1_all_methods_long_v2] [time_series][epoch 039] lambda=0.0000 g_scale=0.000 train_total=0.08737232 train_sup=0.08737232 train_imit=0.00000000 mean_w=0.0000 active=0.0000 s_dense=0.00 s_pos=0.0000 s_sel=0.0000 s_sel_pos=0.0000 s_hot_err=0.000000 s_bg_err=0.000000 s_gap=0.000000 conf_cos=0.0000 conf_proj=0.00 val_mse=0.38199290 val_mae=0.43188423
[worker2/etth1_all_methods_long_v2] [time_series][epoch 040] lambda=0.0000 g_scale=0.000 train_total=0.08684655 train_sup=0.08684655 train_imit=0.00000000 mean_w=0.0000 active=0.0000 s_dense=0.00 s_pos=0.0000 s_sel=0.0000 s_sel_pos=0.0000 s_hot_err=0.000000 s_bg_err=0.000000 s_gap=0.000000 conf_cos=0.0000 conf_proj=0.00 val_mse=0.39351075 val_mae=0.44225908
[worker2/etth1_all_methods_long_v2] [time_series][epoch 040] updated live plot
[worker2/etth1_all_methods_long_v2] [time_series][epoch 041] lambda=0.0000 g_scale=0.000 train_total=0.08703991 train_sup=0.08703991 train_imit=0.00000000 mean_w=0.0000 active=0.0000 s_dense=0.00 s_pos=0.0000 s_sel=0.0000 s_sel_pos=0.0000 s_hot_err=0.000000 s_bg_err=0.000000 s_gap=0.000000 conf_cos=0.0000 conf_proj=0.00 val_mse=0.37440975 val_mae=0.43105989
[worker2/etth1_all_methods_long_v2] [time_series][epoch 042] lambda=0.0000 g_scale=0.000 train_total=0.08636892 train_sup=0.08636892 train_imit=0.00000000 mean_w=0.0000 active=0.0000 s_dense=0.00 s_pos=0.0000 s_sel=0.0000 s_sel_pos=0.0000 s_hot_err=0.000000 s_bg_err=0.000000 s_gap=0.000000 conf_cos=0.0000 conf_proj=0.00 val_mse=0.40338291 val_mae=0.44963052
[worker2/etth1_all_methods_long_v2] [time_series][epoch 043] lambda=0.0000 g_scale=0.000 train_total=0.08616375 train_sup=0.08616375 train_imit=0.00000000 mean_w=0.0000 active=0.0000 s_dense=0.00 s_pos=0.0000 s_sel=0.0000 s_sel_pos=0.0000 s_hot_err=0.000000 s_bg_err=0.000000 s_gap=0.000000 conf_cos=0.0000 conf_proj=0.00 val_mse=0.39926771 val_mae=0.44800229
[worker2/etth1_all_methods_long_v2] [time_series][epoch 044] lambda=0.0000 g_scale=0.000 train_total=0.08455843 train_sup=0.08455843 train_imit=0.00000000 mean_w=0.0000 active=0.0000 s_dense=0.00 s_pos=0.0000 s_sel=0.0000 s_sel_pos=0.0000 s_hot_err=0.000000 s_bg_err=0.000000 s_gap=0.000000 conf_cos=0.0000 conf_proj=0.00 val_mse=0.37459397 val_mae=0.43287291
[worker2/etth1_all_methods_long_v2] [time_series][epoch 045] lambda=0.0000 g_scale=0.000 train_total=0.08377276 train_sup=0.08377276 train_imit=0.00000000 mean_w=0.0000 active=0.0000 s_dense=0.00 s_pos=0.0000 s_sel=0.0000 s_sel_pos=0.0000 s_hot_err=0.000000 s_bg_err=0.000000 s_gap=0.000000 conf_cos=0.0000 conf_proj=0.00 val_mse=0.38340669 val_mae=0.44191108
[worker2/etth1_all_methods_long_v2] [time_series][epoch 046] lambda=0.0000 g_scale=0.000 train_total=0.08354543 train_sup=0.08354543 train_imit=0.00000000 mean_w=0.0000 active=0.0000 s_dense=0.00 s_pos=0.0000 s_sel=0.0000 s_sel_pos=0.0000 s_hot_err=0.000000 s_bg_err=0.000000 s_gap=0.000000 conf_cos=0.0000 conf_proj=0.00 val_mse=0.39052039 val_mae=0.44399427
[worker2/etth1_all_methods_long_v2] [time_series][epoch 047] lambda=0.0000 g_scale=0.000 train_total=0.08304381 train_sup=0.08304381 train_imit=0.00000000 mean_w=0.0000 active=0.0000 s_dense=0.00 s_pos=0.0000 s_sel=0.0000 s_sel_pos=0.0000 s_hot_err=0.000000 s_bg_err=0.000000 s_gap=0.000000 conf_cos=0.0000 conf_proj=0.00 val_mse=0.39560238 val_mae=0.44385100
[worker2/etth1_all_methods_long_v2] [time_series][epoch 048] lambda=0.0000 g_scale=0.000 train_total=0.08299174 train_sup=0.08299174 train_imit=0.00000000 mean_w=0.0000 active=0.0000 s_dense=0.00 s_pos=0.0000 s_sel=0.0000 s_sel_pos=0.0000 s_hot_err=0.000000 s_bg_err=0.000000 s_gap=0.000000 conf_cos=0.0000 conf_proj=0.00 val_mse=0.39555914 val_mae=0.44754899
[worker2/etth1_all_methods_long_v2] [time_series][epoch 049] lambda=0.0000 g_scale=0.000 train_total=0.08200673 train_sup=0.08200673 train_imit=0.00000000 mean_w=0.0000 active=0.0000 s_dense=0.00 s_pos=0.0000 s_sel=0.0000 s_sel_pos=0.0000 s_hot_err=0.000000 s_bg_err=0.000000 s_gap=0.000000 conf_cos=0.0000 conf_proj=0.00 val_mse=0.38000044 val_mae=0.43404698
[worker2/etth1_all_methods_long_v2] [time_series][epoch 050] lambda=0.0000 g_scale=0.000 train_total=0.08100088 train_sup=0.08100088 train_imit=0.00000000 mean_w=0.0000 active=0.0000 s_dense=0.00 s_pos=0.0000 s_sel=0.0000 s_sel_pos=0.0000 s_hot_err=0.000000 s_bg_err=0.000000 s_gap=0.000000 conf_cos=0.0000 conf_proj=0.00 val_mse=0.38761750 val_mae=0.44125695
[worker2/etth1_all_methods_long_v2] [time_series][epoch 050] updated live plot
[worker2/etth1_all_methods_long_v2] [time_series][epoch 051] lambda=0.0000 g_scale=0.000 train_total=0.08082314 train_sup=0.08082314 train_imit=0.00000000 mean_w=0.0000 active=0.0000 s_dense=0.00 s_pos=0.0000 s_sel=0.0000 s_sel_pos=0.0000 s_hot_err=0.000000 s_bg_err=0.000000 s_gap=0.000000 conf_cos=0.0000 conf_proj=0.00 val_mse=0.37827197 val_mae=0.42801632
[worker2/etth1_all_methods_long_v2] [time_series][epoch 052] lambda=0.0000 g_scale=0.000 train_total=0.08068309 train_sup=0.08068309 train_imit=0.00000000 mean_w=0.0000 active=0.0000 s_dense=0.00 s_pos=0.0000 s_sel=0.0000 s_sel_pos=0.0000 s_hot_err=0.000000 s_bg_err=0.000000 s_gap=0.000000 conf_cos=0.0000 conf_proj=0.00 val_mse=0.42370855 val_mae=0.45934125
[worker2/etth1_all_methods_long_v2] [time_series][epoch 053] lambda=0.0000 g_scale=0.000 train_total=0.07990535 train_sup=0.07990535 train_imit=0.00000000 mean_w=0.0000 active=0.0000 s_dense=0.00 s_pos=0.0000 s_sel=0.0000 s_sel_pos=0.0000 s_hot_err=0.000000 s_bg_err=0.000000 s_gap=0.000000 conf_cos=0.0000 conf_proj=0.00 val_mse=0.41692559 val_mae=0.45225738
[worker2/etth1_all_methods_long_v2] [time_series][epoch 054] lambda=0.0000 g_scale=0.000 train_total=0.07999461 train_sup=0.07999461 train_imit=0.00000000 mean_w=0.0000 active=0.0000 s_dense=0.00 s_pos=0.0000 s_sel=0.0000 s_sel_pos=0.0000 s_hot_err=0.000000 s_bg_err=0.000000 s_gap=0.000000 conf_cos=0.0000 conf_proj=0.00 val_mse=0.39079441 val_mae=0.44387856
[worker2/etth1_all_methods_long_v2] [time_series][epoch 055] lambda=0.0000 g_scale=0.000 train_total=0.07958761 train_sup=0.07958761 train_imit=0.00000000 mean_w=0.0000 active=0.0000 s_dense=0.00 s_pos=0.0000 s_sel=0.0000 s_sel_pos=0.0000 s_hot_err=0.000000 s_bg_err=0.000000 s_gap=0.000000 conf_cos=0.0000 conf_proj=0.00 val_mse=0.39566742 val_mae=0.44413026
[worker2/etth1_all_methods_long_v2] [time_series][epoch 056] lambda=0.0000 g_scale=0.000 train_total=0.07956210 train_sup=0.07956210 train_imit=0.00000000 mean_w=0.0000 active=0.0000 s_dense=0.00 s_pos=0.0000 s_sel=0.0000 s_sel_pos=0.0000 s_hot_err=0.000000 s_bg_err=0.000000 s_gap=0.000000 conf_cos=0.0000 conf_proj=0.00 val_mse=0.41956128 val_mae=0.45746582
[worker2/etth1_all_methods_long_v2] [time_series][epoch 057] lambda=0.0000 g_scale=0.000 train_total=0.07873759 train_sup=0.07873759 train_imit=0.00000000 mean_w=0.0000 active=0.0000 s_dense=0.00 s_pos=0.0000 s_sel=0.0000 s_sel_pos=0.0000 s_hot_err=0.000000 s_bg_err=0.000000 s_gap=0.000000 conf_cos=0.0000 conf_proj=0.00 val_mse=0.37418899 val_mae=0.43402200
[worker2/etth1_all_methods_long_v2] [time_series][epoch 058] lambda=0.0000 g_scale=0.000 train_total=0.07876409 train_sup=0.07876409 train_imit=0.00000000 mean_w=0.0000 active=0.0000 s_dense=0.00 s_pos=0.0000 s_sel=0.0000 s_sel_pos=0.0000 s_hot_err=0.000000 s_bg_err=0.000000 s_gap=0.000000 conf_cos=0.0000 conf_proj=0.00 val_mse=0.38855166 val_mae=0.44056934
[worker2/etth1_all_methods_long_v2] [time_series][epoch 059] lambda=0.0000 g_scale=0.000 train_total=0.07829379 train_sup=0.07829379 train_imit=0.00000000 mean_w=0.0000 active=0.0000 s_dense=0.00 s_pos=0.0000 s_sel=0.0000 s_sel_pos=0.0000 s_hot_err=0.000000 s_bg_err=0.000000 s_gap=0.000000 conf_cos=0.0000 conf_proj=0.00 val_mse=0.38159987 val_mae=0.43410681
[worker2/etth1_all_methods_long_v2] [time_series][epoch 060] lambda=0.0000 g_scale=0.000 train_total=0.07789575 train_sup=0.07789575 train_imit=0.00000000 mean_w=0.0000 active=0.0000 s_dense=0.00 s_pos=0.0000 s_sel=0.0000 s_sel_pos=0.0000 s_hot_err=0.000000 s_bg_err=0.000000 s_gap=0.000000 conf_cos=0.0000 conf_proj=0.00 val_mse=0.37210683 val_mae=0.42818396
[worker2/etth1_all_methods_long_v2] [time_series][epoch 060] updated live plot
[worker2/etth1_all_methods_long_v2] [time_series][epoch 061] lambda=0.0000 g_scale=0.000 train_total=0.07697983 train_sup=0.07697983 train_imit=0.00000000 mean_w=0.0000 active=0.0000 s_dense=0.00 s_pos=0.0000 s_sel=0.0000 s_sel_pos=0.0000 s_hot_err=0.000000 s_bg_err=0.000000 s_gap=0.000000 conf_cos=0.0000 conf_proj=0.00 val_mse=0.37549690 val_mae=0.42778679
[worker2/etth1_all_methods_long_v2] [time_series][epoch 062] lambda=0.0000 g_scale=0.000 train_total=0.07728916 train_sup=0.07728916 train_imit=0.00000000 mean_w=0.0000 active=0.0000 s_dense=0.00 s_pos=0.0000 s_sel=0.0000 s_sel_pos=0.0000 s_hot_err=0.000000 s_bg_err=0.000000 s_gap=0.000000 conf_cos=0.0000 conf_proj=0.00 val_mse=0.38459976 val_mae=0.43870055
[worker2/etth1_all_methods_long_v2] [time_series][epoch 063] lambda=0.0000 g_scale=0.000 train_total=0.07682660 train_sup=0.07682660 train_imit=0.00000000 mean_w=0.0000 active=0.0000 s_dense=0.00 s_pos=0.0000 s_sel=0.0000 s_sel_pos=0.0000 s_hot_err=0.000000 s_bg_err=0.000000 s_gap=0.000000 conf_cos=0.0000 conf_proj=0.00 val_mse=0.38655826 val_mae=0.43781841
[worker2/etth1_all_methods_long_v2] [time_series][epoch 064] lambda=0.0000 g_scale=0.000 train_total=0.07649351 train_sup=0.07649351 train_imit=0.00000000 mean_w=0.0000 active=0.0000 s_dense=0.00 s_pos=0.0000 s_sel=0.0000 s_sel_pos=0.0000 s_hot_err=0.000000 s_bg_err=0.000000 s_gap=0.000000 conf_cos=0.0000 conf_proj=0.00 val_mse=0.37608764 val_mae=0.42773922
[worker2/etth1_all_methods_long_v2] [time_series][epoch 065] lambda=0.0000 g_scale=0.000 train_total=0.07595178 train_sup=0.07595178 train_imit=0.00000000 mean_w=0.0000 active=0.0000 s_dense=0.00 s_pos=0.0000 s_sel=0.0000 s_sel_pos=0.0000 s_hot_err=0.000000 s_bg_err=0.000000 s_gap=0.000000 conf_cos=0.0000 conf_proj=0.00 val_mse=0.37417439 val_mae=0.43244864
[worker2/etth1_all_methods_long_v2] [time_series][epoch 066] lambda=0.0000 g_scale=0.000 train_total=0.07608099 train_sup=0.07608099 train_imit=0.00000000 mean_w=0.0000 active=0.0000 s_dense=0.00 s_pos=0.0000 s_sel=0.0000 s_sel_pos=0.0000 s_hot_err=0.000000 s_bg_err=0.000000 s_gap=0.000000 conf_cos=0.0000 conf_proj=0.00 val_mse=0.36968690 val_mae=0.42514758
[worker2/etth1_all_methods_long_v2] [time_series][epoch 067] lambda=0.0000 g_scale=0.000 train_total=0.07563171 train_sup=0.07563171 train_imit=0.00000000 mean_w=0.0000 active=0.0000 s_dense=0.00 s_pos=0.0000 s_sel=0.0000 s_sel_pos=0.0000 s_hot_err=0.000000 s_bg_err=0.000000 s_gap=0.000000 conf_cos=0.0000 conf_proj=0.00 val_mse=0.41166418 val_mae=0.45456862
[worker2/etth1_all_methods_long_v2] [time_series][epoch 068] lambda=0.0000 g_scale=0.000 train_total=0.07526051 train_sup=0.07526051 train_imit=0.00000000 mean_w=0.0000 active=0.0000 s_dense=0.00 s_pos=0.0000 s_sel=0.0000 s_sel_pos=0.0000 s_hot_err=0.000000 s_bg_err=0.000000 s_gap=0.000000 conf_cos=0.0000 conf_proj=0.00 val_mse=0.38773096 val_mae=0.43577167
[worker2/etth1_all_methods_long_v2] [time_series][epoch 069] lambda=0.0000 g_scale=0.000 train_total=0.07438034 train_sup=0.07438034 train_imit=0.00000000 mean_w=0.0000 active=0.0000 s_dense=0.00 s_pos=0.0000 s_sel=0.0000 s_sel_pos=0.0000 s_hot_err=0.000000 s_bg_err=0.000000 s_gap=0.000000 conf_cos=0.0000 conf_proj=0.00 val_mse=0.42358393 val_mae=0.46072667
[worker2/etth1_all_methods_long_v2] [time_series][epoch 070] lambda=0.0000 g_scale=0.000 train_total=0.07496139 train_sup=0.07496139 train_imit=0.00000000 mean_w=0.0000 active=0.0000 s_dense=0.00 s_pos=0.0000 s_sel=0.0000 s_sel_pos=0.0000 s_hot_err=0.000000 s_bg_err=0.000000 s_gap=0.000000 conf_cos=0.0000 conf_proj=0.00 val_mse=0.38156535 val_mae=0.43339989
[worker2/etth1_all_methods_long_v2] [time_series][epoch 070] updated live plot
[worker2/etth1_all_methods_long_v2] [time_series][epoch 071] lambda=0.0000 g_scale=0.000 train_total=0.07445728 train_sup=0.07445728 train_imit=0.00000000 mean_w=0.0000 active=0.0000 s_dense=0.00 s_pos=0.0000 s_sel=0.0000 s_sel_pos=0.0000 s_hot_err=0.000000 s_bg_err=0.000000 s_gap=0.000000 conf_cos=0.0000 conf_proj=0.00 val_mse=0.39790490 val_mae=0.44037362
[worker2/etth1_all_methods_long_v2] [time_series][epoch 072] lambda=0.0000 g_scale=0.000 train_total=0.07413908 train_sup=0.07413908 train_imit=0.00000000 mean_w=0.0000 active=0.0000 s_dense=0.00 s_pos=0.0000 s_sel=0.0000 s_sel_pos=0.0000 s_hot_err=0.000000 s_bg_err=0.000000 s_gap=0.000000 conf_cos=0.0000 conf_proj=0.00 val_mse=0.37658661 val_mae=0.43447541
[worker2/etth1_all_methods_long_v2] [time_series][epoch 073] lambda=0.0000 g_scale=0.000 train_total=0.07360788 train_sup=0.07360788 train_imit=0.00000000 mean_w=0.0000 active=0.0000 s_dense=0.00 s_pos=0.0000 s_sel=0.0000 s_sel_pos=0.0000 s_hot_err=0.000000 s_bg_err=0.000000 s_gap=0.000000 conf_cos=0.0000 conf_proj=0.00 val_mse=0.40072977 val_mae=0.44514870
[worker2/etth1_all_methods_long_v2] [time_series][epoch 074] lambda=0.0000 g_scale=0.000 train_total=0.07353727 train_sup=0.07353727 train_imit=0.00000000 mean_w=0.0000 active=0.0000 s_dense=0.00 s_pos=0.0000 s_sel=0.0000 s_sel_pos=0.0000 s_hot_err=0.000000 s_bg_err=0.000000 s_gap=0.000000 conf_cos=0.0000 conf_proj=0.00 val_mse=0.36928483 val_mae=0.42675694
[worker2/etth1_all_methods_long_v2] [time_series][epoch 075] lambda=0.0000 g_scale=0.000 train_total=0.07345504 train_sup=0.07345504 train_imit=0.00000000 mean_w=0.0000 active=0.0000 s_dense=0.00 s_pos=0.0000 s_sel=0.0000 s_sel_pos=0.0000 s_hot_err=0.000000 s_bg_err=0.000000 s_gap=0.000000 conf_cos=0.0000 conf_proj=0.00 val_mse=0.39938577 val_mae=0.44329848
[worker2/etth1_all_methods_long_v2] [time_series][epoch 076] lambda=0.0000 g_scale=0.000 train_total=0.07309908 train_sup=0.07309908 train_imit=0.00000000 mean_w=0.0000 active=0.0000 s_dense=0.00 s_pos=0.0000 s_sel=0.0000 s_sel_pos=0.0000 s_hot_err=0.000000 s_bg_err=0.000000 s_gap=0.000000 conf_cos=0.0000 conf_proj=0.00 val_mse=0.38474863 val_mae=0.43764440
[worker2/etth1_all_methods_long_v2] [time_series][epoch 077] lambda=0.0000 g_scale=0.000 train_total=0.07259900 train_sup=0.07259900 train_imit=0.00000000 mean_w=0.0000 active=0.0000 s_dense=0.00 s_pos=0.0000 s_sel=0.0000 s_sel_pos=0.0000 s_hot_err=0.000000 s_bg_err=0.000000 s_gap=0.000000 conf_cos=0.0000 conf_proj=0.00 val_mse=0.40861046 val_mae=0.45036274
[worker2/etth1_all_methods_long_v2] [time_series][epoch 078] lambda=0.0000 g_scale=0.000 train_total=0.07207033 train_sup=0.07207033 train_imit=0.00000000 mean_w=0.0000 active=0.0000 s_dense=0.00 s_pos=0.0000 s_sel=0.0000 s_sel_pos=0.0000 s_hot_err=0.000000 s_bg_err=0.000000 s_gap=0.000000 conf_cos=0.0000 conf_proj=0.00 val_mse=0.39125090 val_mae=0.43958529
[worker2/etth1_all_methods_long_v2] [time_series][epoch 079] lambda=0.0000 g_scale=0.000 train_total=0.07254523 train_sup=0.07254523 train_imit=0.00000000 mean_w=0.0000 active=0.0000 s_dense=0.00 s_pos=0.0000 s_sel=0.0000 s_sel_pos=0.0000 s_hot_err=0.000000 s_bg_err=0.000000 s_gap=0.000000 conf_cos=0.0000 conf_proj=0.00 val_mse=0.37994958 val_mae=0.43570106
[worker2/etth1_all_methods_long_v2] [time_series][epoch 080] lambda=0.0000 g_scale=0.000 train_total=0.07153563 train_sup=0.07153563 train_imit=0.00000000 mean_w=0.0000 active=0.0000 s_dense=0.00 s_pos=0.0000 s_sel=0.0000 s_sel_pos=0.0000 s_hot_err=0.000000 s_bg_err=0.000000 s_gap=0.000000 conf_cos=0.0000 conf_proj=0.00 val_mse=0.40123972 val_mae=0.44947665
[worker2/etth1_all_methods_long_v2] [time_series][epoch 080] updated live plot
[worker2/etth1_all_methods_long_v2] [time_series][epoch 081] lambda=0.0000 g_scale=0.000 train_total=0.07192874 train_sup=0.07192874 train_imit=0.00000000 mean_w=0.0000 active=0.0000 s_dense=0.00 s_pos=0.0000 s_sel=0.0000 s_sel_pos=0.0000 s_hot_err=0.000000 s_bg_err=0.000000 s_gap=0.000000 conf_cos=0.0000 conf_proj=0.00 val_mse=0.38244542 val_mae=0.43087345
[worker2/etth1_all_methods_long_v2] [time_series][epoch 082] lambda=0.0000 g_scale=0.000 train_total=0.07175343 train_sup=0.07175343 train_imit=0.00000000 mean_w=0.0000 active=0.0000 s_dense=0.00 s_pos=0.0000 s_sel=0.0000 s_sel_pos=0.0000 s_hot_err=0.000000 s_bg_err=0.000000 s_gap=0.000000 conf_cos=0.0000 conf_proj=0.00 val_mse=0.39121739 val_mae=0.43702277
[worker2/etth1_all_methods_long_v2] [time_series][epoch 083] lambda=0.0000 g_scale=0.000 train_total=0.07207952 train_sup=0.07207952 train_imit=0.00000000 mean_w=0.0000 active=0.0000 s_dense=0.00 s_pos=0.0000 s_sel=0.0000 s_sel_pos=0.0000 s_hot_err=0.000000 s_bg_err=0.000000 s_gap=0.000000 conf_cos=0.0000 conf_proj=0.00 val_mse=0.39851891 val_mae=0.44437968
[worker2/etth1_all_methods_long_v2] [time_series][epoch 084] lambda=0.0000 g_scale=0.000 train_total=0.07170765 train_sup=0.07170765 train_imit=0.00000000 mean_w=0.0000 active=0.0000 s_dense=0.00 s_pos=0.0000 s_sel=0.0000 s_sel_pos=0.0000 s_hot_err=0.000000 s_bg_err=0.000000 s_gap=0.000000 conf_cos=0.0000 conf_proj=0.00 val_mse=0.38991564 val_mae=0.44056572
[worker2/etth1_all_methods_long_v2] [time_series][epoch 085] lambda=0.0000 g_scale=0.000 train_total=0.07109103 train_sup=0.07109103 train_imit=0.00000000 mean_w=0.0000 active=0.0000 s_dense=0.00 s_pos=0.0000 s_sel=0.0000 s_sel_pos=0.0000 s_hot_err=0.000000 s_bg_err=0.000000 s_gap=0.000000 conf_cos=0.0000 conf_proj=0.00 val_mse=0.40465808 val_mae=0.44619659
[worker2/etth1_all_methods_long_v2] [time_series][epoch 086] lambda=0.0000 g_scale=0.000 train_total=0.07038980 train_sup=0.07038980 train_imit=0.00000000 mean_w=0.0000 active=0.0000 s_dense=0.00 s_pos=0.0000 s_sel=0.0000 s_sel_pos=0.0000 s_hot_err=0.000000 s_bg_err=0.000000 s_gap=0.000000 conf_cos=0.0000 conf_proj=0.00 val_mse=0.39274227 val_mae=0.43815496
[worker2/etth1_all_methods_long_v2] [time_series][epoch 087] lambda=0.0000 g_scale=0.000 train_total=0.07016571 train_sup=0.07016571 train_imit=0.00000000 mean_w=0.0000 active=0.0000 s_dense=0.00 s_pos=0.0000 s_sel=0.0000 s_sel_pos=0.0000 s_hot_err=0.000000 s_bg_err=0.000000 s_gap=0.000000 conf_cos=0.0000 conf_proj=0.00 val_mse=0.39207962 val_mae=0.43868799
[worker2/etth1_all_methods_long_v2] [time_series][epoch 088] lambda=0.0000 g_scale=0.000 train_total=0.07036643 train_sup=0.07036643 train_imit=0.00000000 mean_w=0.0000 active=0.0000 s_dense=0.00 s_pos=0.0000 s_sel=0.0000 s_sel_pos=0.0000 s_hot_err=0.000000 s_bg_err=0.000000 s_gap=0.000000 conf_cos=0.0000 conf_proj=0.00 val_mse=0.39111480 val_mae=0.43237029
[worker2/etth1_all_methods_long_v2] [time_series][epoch 089] lambda=0.0000 g_scale=0.000 train_total=0.07004900 train_sup=0.07004900 train_imit=0.00000000 mean_w=0.0000 active=0.0000 s_dense=0.00 s_pos=0.0000 s_sel=0.0000 s_sel_pos=0.0000 s_hot_err=0.000000 s_bg_err=0.000000 s_gap=0.000000 conf_cos=0.0000 conf_proj=0.00 val_mse=0.39571325 val_mae=0.44104682
[worker2/etth1_all_methods_long_v2] [time_series][epoch 090] lambda=0.0000 g_scale=0.000 train_total=0.07017600 train_sup=0.07017600 train_imit=0.00000000 mean_w=0.0000 active=0.0000 s_dense=0.00 s_pos=0.0000 s_sel=0.0000 s_sel_pos=0.0000 s_hot_err=0.000000 s_bg_err=0.000000 s_gap=0.000000 conf_cos=0.0000 conf_proj=0.00 val_mse=0.41101012 val_mae=0.44609076
[worker2/etth1_all_methods_long_v2] [time_series][epoch 090] updated live plot
[worker2/etth1_all_methods_long_v2] [time_series][epoch 091] lambda=0.0000 g_scale=0.000 train_total=0.07059032 train_sup=0.07059032 train_imit=0.00000000 mean_w=0.0000 active=0.0000 s_dense=0.00 s_pos=0.0000 s_sel=0.0000 s_sel_pos=0.0000 s_hot_err=0.000000 s_bg_err=0.000000 s_gap=0.000000 conf_cos=0.0000 conf_proj=0.00 val_mse=0.39483213 val_mae=0.43592935
[worker2/etth1_all_methods_long_v2] [time_series][epoch 092] lambda=0.0000 g_scale=0.000 train_total=0.07012997 train_sup=0.07012997 train_imit=0.00000000 mean_w=0.0000 active=0.0000 s_dense=0.00 s_pos=0.0000 s_sel=0.0000 s_sel_pos=0.0000 s_hot_err=0.000000 s_bg_err=0.000000 s_gap=0.000000 conf_cos=0.0000 conf_proj=0.00 val_mse=0.39619350 val_mae=0.44048953
[worker2/etth1_all_methods_long_v2] [time_series][epoch 093] lambda=0.0000 g_scale=0.000 train_total=0.06917137 train_sup=0.06917137 train_imit=0.00000000 mean_w=0.0000 active=0.0000 s_dense=0.00 s_pos=0.0000 s_sel=0.0000 s_sel_pos=0.0000 s_hot_err=0.000000 s_bg_err=0.000000 s_gap=0.000000 conf_cos=0.0000 conf_proj=0.00 val_mse=0.38550181 val_mae=0.43345331
[worker2/etth1_all_methods_long_v2] [time_series][epoch 094] lambda=0.0000 g_scale=0.000 train_total=0.06927202 train_sup=0.06927202 train_imit=0.00000000 mean_w=0.0000 active=0.0000 s_dense=0.00 s_pos=0.0000 s_sel=0.0000 s_sel_pos=0.0000 s_hot_err=0.000000 s_bg_err=0.000000 s_gap=0.000000 conf_cos=0.0000 conf_proj=0.00 val_mse=0.39592152 val_mae=0.44070961
[worker2/etth1_all_methods_long_v2] [time_series][epoch 095] lambda=0.0000 g_scale=0.000 train_total=0.06908645 train_sup=0.06908645 train_imit=0.00000000 mean_w=0.0000 active=0.0000 s_dense=0.00 s_pos=0.0000 s_sel=0.0000 s_sel_pos=0.0000 s_hot_err=0.000000 s_bg_err=0.000000 s_gap=0.000000 conf_cos=0.0000 conf_proj=0.00 val_mse=0.39421260 val_mae=0.43994979
[worker2/etth1_all_methods_long_v2] [time_series][epoch 096] lambda=0.0000 g_scale=0.000 train_total=0.06870322 train_sup=0.06870322 train_imit=0.00000000 mean_w=0.0000 active=0.0000 s_dense=0.00 s_pos=0.0000 s_sel=0.0000 s_sel_pos=0.0000 s_hot_err=0.000000 s_bg_err=0.000000 s_gap=0.000000 conf_cos=0.0000 conf_proj=0.00 val_mse=0.39674361 val_mae=0.43921250
[worker2/etth1_all_methods_long_v2] [time_series][epoch 097] lambda=0.0000 g_scale=0.000 train_total=0.06888969 train_sup=0.06888969 train_imit=0.00000000 mean_w=0.0000 active=0.0000 s_dense=0.00 s_pos=0.0000 s_sel=0.0000 s_sel_pos=0.0000 s_hot_err=0.000000 s_bg_err=0.000000 s_gap=0.000000 conf_cos=0.0000 conf_proj=0.00 val_mse=0.39915422 val_mae=0.44279256
[worker2/etth1_all_methods_long_v2] [time_series][epoch 098] lambda=0.0000 g_scale=0.000 train_total=0.06848101 train_sup=0.06848101 train_imit=0.00000000 mean_w=0.0000 active=0.0000 s_dense=0.00 s_pos=0.0000 s_sel=0.0000 s_sel_pos=0.0000 s_hot_err=0.000000 s_bg_err=0.000000 s_gap=0.000000 conf_cos=0.0000 conf_proj=0.00 val_mse=0.39468550 val_mae=0.44070034
[worker2/etth1_all_methods_long_v2] [time_series][epoch 099] lambda=0.0000 g_scale=0.000 train_total=0.06881000 train_sup=0.06881000 train_imit=0.00000000 mean_w=0.0000 active=0.0000 s_dense=0.00 s_pos=0.0000 s_sel=0.0000 s_sel_pos=0.0000 s_hot_err=0.000000 s_bg_err=0.000000 s_gap=0.000000 conf_cos=0.0000 conf_proj=0.00 val_mse=0.39839163 val_mae=0.43928691
[worker2/etth1_all_methods_long_v2] [time_series][epoch 100] lambda=0.0000 g_scale=0.000 train_total=0.06876430 train_sup=0.06876430 train_imit=0.00000000 mean_w=0.0000 active=0.0000 s_dense=0.00 s_pos=0.0000 s_sel=0.0000 s_sel_pos=0.0000 s_hot_err=0.000000 s_bg_err=0.000000 s_gap=0.000000 conf_cos=0.0000 conf_proj=0.00 val_mse=0.40277046 val_mae=0.44877505
[worker2/etth1_all_methods_long_v2] [time_series][epoch 100] updated live plot
[worker2/etth1_all_methods_long_v2] [time_series][epoch 101] lambda=0.0000 g_scale=0.000 train_total=0.06862206 train_sup=0.06862206 train_imit=0.00000000 mean_w=0.0000 active=0.0000 s_dense=0.00 s_pos=0.0000 s_sel=0.0000 s_sel_pos=0.0000 s_hot_err=0.000000 s_bg_err=0.000000 s_gap=0.000000 conf_cos=0.0000 conf_proj=0.00 val_mse=0.38852000 val_mae=0.43497321
[worker2/etth1_all_methods_long_v2] [time_series][epoch 102] lambda=0.0000 g_scale=0.000 train_total=0.06754401 train_sup=0.06754401 train_imit=0.00000000 mean_w=0.0000 active=0.0000 s_dense=0.00 s_pos=0.0000 s_sel=0.0000 s_sel_pos=0.0000 s_hot_err=0.000000 s_bg_err=0.000000 s_gap=0.000000 conf_cos=0.0000 conf_proj=0.00 val_mse=0.40094579 val_mae=0.44482065
[worker2/etth1_all_methods_long_v2] [time_series][epoch 103] lambda=0.0000 g_scale=0.000 train_total=0.06747342 train_sup=0.06747342 train_imit=0.00000000 mean_w=0.0000 active=0.0000 s_dense=0.00 s_pos=0.0000 s_sel=0.0000 s_sel_pos=0.0000 s_hot_err=0.000000 s_bg_err=0.000000 s_gap=0.000000 conf_cos=0.0000 conf_proj=0.00 val_mse=0.39236545 val_mae=0.43810654
[worker2/etth1_all_methods_long_v2] [time_series][epoch 104] lambda=0.0000 g_scale=0.000 train_total=0.06750268 train_sup=0.06750268 train_imit=0.00000000 mean_w=0.0000 active=0.0000 s_dense=0.00 s_pos=0.0000 s_sel=0.0000 s_sel_pos=0.0000 s_hot_err=0.000000 s_bg_err=0.000000 s_gap=0.000000 conf_cos=0.0000 conf_proj=0.00 val_mse=0.39954239 val_mae=0.44393076
[worker2/etth1_all_methods_long_v2] [time_series][epoch 105] lambda=0.0000 g_scale=0.000 train_total=0.06733221 train_sup=0.06733221 train_imit=0.00000000 mean_w=0.0000 active=0.0000 s_dense=0.00 s_pos=0.0000 s_sel=0.0000 s_sel_pos=0.0000 s_hot_err=0.000000 s_bg_err=0.000000 s_gap=0.000000 conf_cos=0.0000 conf_proj=0.00 val_mse=0.39717499 val_mae=0.44183337
[worker2/etth1_all_methods_long_v2] [time_series][epoch 106] lambda=0.0000 g_scale=0.000 train_total=0.06731441 train_sup=0.06731441 train_imit=0.00000000 mean_w=0.0000 active=0.0000 s_dense=0.00 s_pos=0.0000 s_sel=0.0000 s_sel_pos=0.0000 s_hot_err=0.000000 s_bg_err=0.000000 s_gap=0.000000 conf_cos=0.0000 conf_proj=0.00 val_mse=0.39268271 val_mae=0.43555092
[worker2/etth1_all_methods_long_v2] [time_series][epoch 107] lambda=0.0000 g_scale=0.000 train_total=0.06680612 train_sup=0.06680612 train_imit=0.00000000 mean_w=0.0000 active=0.0000 s_dense=0.00 s_pos=0.0000 s_sel=0.0000 s_sel_pos=0.0000 s_hot_err=0.000000 s_bg_err=0.000000 s_gap=0.000000 conf_cos=0.0000 conf_proj=0.00 val_mse=0.40892937 val_mae=0.44392409
[worker2/etth1_all_methods_long_v2] [time_series][epoch 108] lambda=0.0000 g_scale=0.000 train_total=0.06709528 train_sup=0.06709528 train_imit=0.00000000 mean_w=0.0000 active=0.0000 s_dense=0.00 s_pos=0.0000 s_sel=0.0000 s_sel_pos=0.0000 s_hot_err=0.000000 s_bg_err=0.000000 s_gap=0.000000 conf_cos=0.0000 conf_proj=0.00 val_mse=0.41992342 val_mae=0.45080624
[worker2/etth1_all_methods_long_v2] [time_series][epoch 109] lambda=0.0000 g_scale=0.000 train_total=0.06652992 train_sup=0.06652992 train_imit=0.00000000 mean_w=0.0000 active=0.0000 s_dense=0.00 s_pos=0.0000 s_sel=0.0000 s_sel_pos=0.0000 s_hot_err=0.000000 s_bg_err=0.000000 s_gap=0.000000 conf_cos=0.0000 conf_proj=0.00 val_mse=0.40852678 val_mae=0.44276188
[worker2/etth1_all_methods_long_v2] [time_series][epoch 110] lambda=0.0000 g_scale=0.000 train_total=0.06663515 train_sup=0.06663515 train_imit=0.00000000 mean_w=0.0000 active=0.0000 s_dense=0.00 s_pos=0.0000 s_sel=0.0000 s_sel_pos=0.0000 s_hot_err=0.000000 s_bg_err=0.000000 s_gap=0.000000 conf_cos=0.0000 conf_proj=0.00 val_mse=0.41657516 val_mae=0.45055879
[worker2/etth1_all_methods_long_v2] [time_series][epoch 110] updated live plot
[worker2/etth1_all_methods_long_v2] [time_series][epoch 111] lambda=0.0000 g_scale=0.000 train_total=0.06642491 train_sup=0.06642491 train_imit=0.00000000 mean_w=0.0000 active=0.0000 s_dense=0.00 s_pos=0.0000 s_sel=0.0000 s_sel_pos=0.0000 s_hot_err=0.000000 s_bg_err=0.000000 s_gap=0.000000 conf_cos=0.0000 conf_proj=0.00 val_mse=0.40328321 val_mae=0.44396472
[worker2/etth1_all_methods_long_v2] [time_series][epoch 112] lambda=0.0000 g_scale=0.000 train_total=0.06632563 train_sup=0.06632563 train_imit=0.00000000 mean_w=0.0000 active=0.0000 s_dense=0.00 s_pos=0.0000 s_sel=0.0000 s_sel_pos=0.0000 s_hot_err=0.000000 s_bg_err=0.000000 s_gap=0.000000 conf_cos=0.0000 conf_proj=0.00 val_mse=0.40682044 val_mae=0.44458485
[worker2/etth1_all_methods_long_v2] [time_series][epoch 113] lambda=0.0000 g_scale=0.000 train_total=0.06585796 train_sup=0.06585796 train_imit=0.00000000 mean_w=0.0000 active=0.0000 s_dense=0.00 s_pos=0.0000 s_sel=0.0000 s_sel_pos=0.0000 s_hot_err=0.000000 s_bg_err=0.000000 s_gap=0.000000 conf_cos=0.0000 conf_proj=0.00 val_mse=0.39454796 val_mae=0.43956809
[worker2/etth1_all_methods_long_v2] [time_series][epoch 114] lambda=0.0000 g_scale=0.000 train_total=0.06605773 train_sup=0.06605773 train_imit=0.00000000 mean_w=0.0000 active=0.0000 s_dense=0.00 s_pos=0.0000 s_sel=0.0000 s_sel_pos=0.0000 s_hot_err=0.000000 s_bg_err=0.000000 s_gap=0.000000 conf_cos=0.0000 conf_proj=0.00 val_mse=0.38774393 val_mae=0.43405324
[worker2/etth1_all_methods_long_v2] [time_series][epoch 115] lambda=0.0000 g_scale=0.000 train_total=0.06607303 train_sup=0.06607303 train_imit=0.00000000 mean_w=0.0000 active=0.0000 s_dense=0.00 s_pos=0.0000 s_sel=0.0000 s_sel_pos=0.0000 s_hot_err=0.000000 s_bg_err=0.000000 s_gap=0.000000 conf_cos=0.0000 conf_proj=0.00 val_mse=0.39307045 val_mae=0.43520877
[worker2/etth1_all_methods_long_v2] [time_series][epoch 116] lambda=0.0000 g_scale=0.000 train_total=0.06625881 train_sup=0.06625881 train_imit=0.00000000 mean_w=0.0000 active=0.0000 s_dense=0.00 s_pos=0.0000 s_sel=0.0000 s_sel_pos=0.0000 s_hot_err=0.000000 s_bg_err=0.000000 s_gap=0.000000 conf_cos=0.0000 conf_proj=0.00 val_mse=0.42305967 val_mae=0.45402317
[worker2/etth1_all_methods_long_v2] [time_series][epoch 117] lambda=0.0000 g_scale=0.000 train_total=0.06638677 train_sup=0.06638677 train_imit=0.00000000 mean_w=0.0000 active=0.0000 s_dense=0.00 s_pos=0.0000 s_sel=0.0000 s_sel_pos=0.0000 s_hot_err=0.000000 s_bg_err=0.000000 s_gap=0.000000 conf_cos=0.0000 conf_proj=0.00 val_mse=0.40575196 val_mae=0.44012749
[worker2/etth1_all_methods_long_v2] [time_series][epoch 118] lambda=0.0000 g_scale=0.000 train_total=0.06537175 train_sup=0.06537175 train_imit=0.00000000 mean_w=0.0000 active=0.0000 s_dense=0.00 s_pos=0.0000 s_sel=0.0000 s_sel_pos=0.0000 s_hot_err=0.000000 s_bg_err=0.000000 s_gap=0.000000 conf_cos=0.0000 conf_proj=0.00 val_mse=0.41180423 val_mae=0.44556539
[worker2/etth1_all_methods_long_v2] [time_series][epoch 119] lambda=0.0000 g_scale=0.000 train_total=0.06526975 train_sup=0.06526975 train_imit=0.00000000 mean_w=0.0000 active=0.0000 s_dense=0.00 s_pos=0.0000 s_sel=0.0000 s_sel_pos=0.0000 s_hot_err=0.000000 s_bg_err=0.000000 s_gap=0.000000 conf_cos=0.0000 conf_proj=0.00 val_mse=0.41673824 val_mae=0.44845425
[worker2/etth1_all_methods_long_v2] [time_series][epoch 120] lambda=0.0000 g_scale=0.000 train_total=0.06504645 train_sup=0.06504645 train_imit=0.00000000 mean_w=0.0000 active=0.0000 s_dense=0.00 s_pos=0.0000 s_sel=0.0000 s_sel_pos=0.0000 s_hot_err=0.000000 s_bg_err=0.000000 s_gap=0.000000 conf_cos=0.0000 conf_proj=0.00 val_mse=0.39794120 val_mae=0.43863887
[worker2/etth1_all_methods_long_v2] [time_series][epoch 120] updated live plot
[worker2/etth1_all_methods_long_v2] [time_series][epoch 121] lambda=0.0000 g_scale=0.000 train_total=0.06499109 train_sup=0.06499109 train_imit=0.00000000 mean_w=0.0000 active=0.0000 s_dense=0.00 s_pos=0.0000 s_sel=0.0000 s_sel_pos=0.0000 s_hot_err=0.000000 s_bg_err=0.000000 s_gap=0.000000 conf_cos=0.0000 conf_proj=0.00 val_mse=0.40508175 val_mae=0.44327042
[worker2/etth1_all_methods_long_v2] [time_series][epoch 122] lambda=0.0000 g_scale=0.000 train_total=0.06515417 train_sup=0.06515417 train_imit=0.00000000 mean_w=0.0000 active=0.0000 s_dense=0.00 s_pos=0.0000 s_sel=0.0000 s_sel_pos=0.0000 s_hot_err=0.000000 s_bg_err=0.000000 s_gap=0.000000 conf_cos=0.0000 conf_proj=0.00 val_mse=0.39144568 val_mae=0.43627696
[worker2/etth1_all_methods_long_v2] [time_series][epoch 123] lambda=0.0000 g_scale=0.000 train_total=0.06510373 train_sup=0.06510373 train_imit=0.00000000 mean_w=0.0000 active=0.0000 s_dense=0.00 s_pos=0.0000 s_sel=0.0000 s_sel_pos=0.0000 s_hot_err=0.000000 s_bg_err=0.000000 s_gap=0.000000 conf_cos=0.0000 conf_proj=0.00 val_mse=0.39745598 val_mae=0.43577396
[worker2/etth1_all_methods_long_v2] [time_series][epoch 124] lambda=0.0000 g_scale=0.000 train_total=0.06472049 train_sup=0.06472049 train_imit=0.00000000 mean_w=0.0000 active=0.0000 s_dense=0.00 s_pos=0.0000 s_sel=0.0000 s_sel_pos=0.0000 s_hot_err=0.000000 s_bg_err=0.000000 s_gap=0.000000 conf_cos=0.0000 conf_proj=0.00 val_mse=0.39416224 val_mae=0.43688464
[worker2/etth1_all_methods_long_v2] [time_series][epoch 125] lambda=0.0000 g_scale=0.000 train_total=0.06492712 train_sup=0.06492712 train_imit=0.00000000 mean_w=0.0000 active=0.0000 s_dense=0.00 s_pos=0.0000 s_sel=0.0000 s_sel_pos=0.0000 s_hot_err=0.000000 s_bg_err=0.000000 s_gap=0.000000 conf_cos=0.0000 conf_proj=0.00 val_mse=0.40033913 val_mae=0.43956462
[worker2/etth1_all_methods_long_v2] [time_series][epoch 126] lambda=0.0000 g_scale=0.000 train_total=0.06489358 train_sup=0.06489358 train_imit=0.00000000 mean_w=0.0000 active=0.0000 s_dense=0.00 s_pos=0.0000 s_sel=0.0000 s_sel_pos=0.0000 s_hot_err=0.000000 s_bg_err=0.000000 s_gap=0.000000 conf_cos=0.0000 conf_proj=0.00 val_mse=0.39162237 val_mae=0.43430766
[worker2/etth1_all_methods_long_v2] [time_series][epoch 127] lambda=0.0000 g_scale=0.000 train_total=0.06417234 train_sup=0.06417234 train_imit=0.00000000 mean_w=0.0000 active=0.0000 s_dense=0.00 s_pos=0.0000 s_sel=0.0000 s_sel_pos=0.0000 s_hot_err=0.000000 s_bg_err=0.000000 s_gap=0.000000 conf_cos=0.0000 conf_proj=0.00 val_mse=0.41229213 val_mae=0.44439371
[worker2/etth1_all_methods_long_v2] [time_series][epoch 128] lambda=0.0000 g_scale=0.000 train_total=0.06423280 train_sup=0.06423280 train_imit=0.00000000 mean_w=0.0000 active=0.0000 s_dense=0.00 s_pos=0.0000 s_sel=0.0000 s_sel_pos=0.0000 s_hot_err=0.000000 s_bg_err=0.000000 s_gap=0.000000 conf_cos=0.0000 conf_proj=0.00 val_mse=0.41231638 val_mae=0.44543805
[worker2/etth1_all_methods_long_v2] [time_series][epoch 129] lambda=0.0000 g_scale=0.000 train_total=0.06406455 train_sup=0.06406455 train_imit=0.00000000 mean_w=0.0000 active=0.0000 s_dense=0.00 s_pos=0.0000 s_sel=0.0000 s_sel_pos=0.0000 s_hot_err=0.000000 s_bg_err=0.000000 s_gap=0.000000 conf_cos=0.0000 conf_proj=0.00 val_mse=0.41337544 val_mae=0.44612039
[worker2/etth1_all_methods_long_v2] [time_series][epoch 130] lambda=0.0000 g_scale=0.000 train_total=0.06389304 train_sup=0.06389304 train_imit=0.00000000 mean_w=0.0000 active=0.0000 s_dense=0.00 s_pos=0.0000 s_sel=0.0000 s_sel_pos=0.0000 s_hot_err=0.000000 s_bg_err=0.000000 s_gap=0.000000 conf_cos=0.0000 conf_proj=0.00 val_mse=0.40901192 val_mae=0.44140020
[worker2/etth1_all_methods_long_v2] [time_series][epoch 130] updated live plot
[worker2/etth1_all_methods_long_v2] [time_series][epoch 131] lambda=0.0000 g_scale=0.000 train_total=0.06410097 train_sup=0.06410097 train_imit=0.00000000 mean_w=0.0000 active=0.0000 s_dense=0.00 s_pos=0.0000 s_sel=0.0000 s_sel_pos=0.0000 s_hot_err=0.000000 s_bg_err=0.000000 s_gap=0.000000 conf_cos=0.0000 conf_proj=0.00 val_mse=0.41789840 val_mae=0.45220057
[worker2/etth1_all_methods_long_v2] [time_series][epoch 132] lambda=0.0000 g_scale=0.000 train_total=0.06440848 train_sup=0.06440848 train_imit=0.00000000 mean_w=0.0000 active=0.0000 s_dense=0.00 s_pos=0.0000 s_sel=0.0000 s_sel_pos=0.0000 s_hot_err=0.000000 s_bg_err=0.000000 s_gap=0.000000 conf_cos=0.0000 conf_proj=0.00 val_mse=0.42360226 val_mae=0.45027779
[worker2/etth1_all_methods_long_v2] [time_series][epoch 133] lambda=0.0000 g_scale=0.000 train_total=0.06387601 train_sup=0.06387601 train_imit=0.00000000 mean_w=0.0000 active=0.0000 s_dense=0.00 s_pos=0.0000 s_sel=0.0000 s_sel_pos=0.0000 s_hot_err=0.000000 s_bg_err=0.000000 s_gap=0.000000 conf_cos=0.0000 conf_proj=0.00 val_mse=0.40601414 val_mae=0.44202806
[worker2/etth1_all_methods_long_v2] [time_series][epoch 134] lambda=0.0000 g_scale=0.000 train_total=0.06348302 train_sup=0.06348302 train_imit=0.00000000 mean_w=0.0000 active=0.0000 s_dense=0.00 s_pos=0.0000 s_sel=0.0000 s_sel_pos=0.0000 s_hot_err=0.000000 s_bg_err=0.000000 s_gap=0.000000 conf_cos=0.0000 conf_proj=0.00 val_mse=0.41731552 val_mae=0.45004785
[worker2/etth1_all_methods_long_v2] [time_series][epoch 135] lambda=0.0000 g_scale=0.000 train_total=0.06365241 train_sup=0.06365241 train_imit=0.00000000 mean_w=0.0000 active=0.0000 s_dense=0.00 s_pos=0.0000 s_sel=0.0000 s_sel_pos=0.0000 s_hot_err=0.000000 s_bg_err=0.000000 s_gap=0.000000 conf_cos=0.0000 conf_proj=0.00 val_mse=0.40619059 val_mae=0.44425319
[worker2/etth1_all_methods_long_v2] [time_series][epoch 136] lambda=0.0000 g_scale=0.000 train_total=0.06334087 train_sup=0.06334087 train_imit=0.00000000 mean_w=0.0000 active=0.0000 s_dense=0.00 s_pos=0.0000 s_sel=0.0000 s_sel_pos=0.0000 s_hot_err=0.000000 s_bg_err=0.000000 s_gap=0.000000 conf_cos=0.0000 conf_proj=0.00 val_mse=0.39399621 val_mae=0.43578356
[worker2/etth1_all_methods_long_v2] [time_series][epoch 137] lambda=0.0000 g_scale=0.000 train_total=0.06321112 train_sup=0.06321112 train_imit=0.00000000 mean_w=0.0000 active=0.0000 s_dense=0.00 s_pos=0.0000 s_sel=0.0000 s_sel_pos=0.0000 s_hot_err=0.000000 s_bg_err=0.000000 s_gap=0.000000 conf_cos=0.0000 conf_proj=0.00 val_mse=0.40677076 val_mae=0.44105231
[worker2/etth1_all_methods_long_v2] [time_series][epoch 138] lambda=0.0000 g_scale=0.000 train_total=0.06342029 train_sup=0.06342029 train_imit=0.00000000 mean_w=0.0000 active=0.0000 s_dense=0.00 s_pos=0.0000 s_sel=0.0000 s_sel_pos=0.0000 s_hot_err=0.000000 s_bg_err=0.000000 s_gap=0.000000 conf_cos=0.0000 conf_proj=0.00 val_mse=0.40020136 val_mae=0.43845479
[worker2/etth1_all_methods_long_v2] [time_series][epoch 139] lambda=0.0000 g_scale=0.000 train_total=0.06326950 train_sup=0.06326950 train_imit=0.00000000 mean_w=0.0000 active=0.0000 s_dense=0.00 s_pos=0.0000 s_sel=0.0000 s_sel_pos=0.0000 s_hot_err=0.000000 s_bg_err=0.000000 s_gap=0.000000 conf_cos=0.0000 conf_proj=0.00 val_mse=0.39549056 val_mae=0.43404065
[worker2/etth1_all_methods_long_v2] [time_series][epoch 140] lambda=0.0000 g_scale=0.000 train_total=0.06305111 train_sup=0.06305111 train_imit=0.00000000 mean_w=0.0000 active=0.0000 s_dense=0.00 s_pos=0.0000 s_sel=0.0000 s_sel_pos=0.0000 s_hot_err=0.000000 s_bg_err=0.000000 s_gap=0.000000 conf_cos=0.0000 conf_proj=0.00 val_mse=0.40013833 val_mae=0.44096156
[worker2/etth1_all_methods_long_v2] [time_series][epoch 140] updated live plot
[worker2/etth1_all_methods_long_v2] [time_series][epoch 141] lambda=0.0000 g_scale=0.000 train_total=0.06303047 train_sup=0.06303047 train_imit=0.00000000 mean_w=0.0000 active=0.0000 s_dense=0.00 s_pos=0.0000 s_sel=0.0000 s_sel_pos=0.0000 s_hot_err=0.000000 s_bg_err=0.000000 s_gap=0.000000 conf_cos=0.0000 conf_proj=0.00 val_mse=0.39252053 val_mae=0.43524383
[worker2/etth1_all_methods_long_v2] [time_series][epoch 142] lambda=0.0000 g_scale=0.000 train_total=0.06268941 train_sup=0.06268941 train_imit=0.00000000 mean_w=0.0000 active=0.0000 s_dense=0.00 s_pos=0.0000 s_sel=0.0000 s_sel_pos=0.0000 s_hot_err=0.000000 s_bg_err=0.000000 s_gap=0.000000 conf_cos=0.0000 conf_proj=0.00 val_mse=0.40834257 val_mae=0.44354311
[worker2/etth1_all_methods_long_v2] [time_series][epoch 143] lambda=0.0000 g_scale=0.000 train_total=0.06262265 train_sup=0.06262265 train_imit=0.00000000 mean_w=0.0000 active=0.0000 s_dense=0.00 s_pos=0.0000 s_sel=0.0000 s_sel_pos=0.0000 s_hot_err=0.000000 s_bg_err=0.000000 s_gap=0.000000 conf_cos=0.0000 conf_proj=0.00 val_mse=0.39208302 val_mae=0.43362019
[worker2/etth1_all_methods_long_v2] [time_series][epoch 144] lambda=0.0000 g_scale=0.000 train_total=0.06250569 train_sup=0.06250569 train_imit=0.00000000 mean_w=0.0000 active=0.0000 s_dense=0.00 s_pos=0.0000 s_sel=0.0000 s_sel_pos=0.0000 s_hot_err=0.000000 s_bg_err=0.000000 s_gap=0.000000 conf_cos=0.0000 conf_proj=0.00 val_mse=0.39538146 val_mae=0.43383516
[worker2/etth1_all_methods_long_v2] [time_series][epoch 145] lambda=0.0000 g_scale=0.000 train_total=0.06248522 train_sup=0.06248522 train_imit=0.00000000 mean_w=0.0000 active=0.0000 s_dense=0.00 s_pos=0.0000 s_sel=0.0000 s_sel_pos=0.0000 s_hot_err=0.000000 s_bg_err=0.000000 s_gap=0.000000 conf_cos=0.0000 conf_proj=0.00 val_mse=0.38824305 val_mae=0.43074416
[worker2/etth1_all_methods_long_v2] [time_series][epoch 146] lambda=0.0000 g_scale=0.000 train_total=0.06232016 train_sup=0.06232016 train_imit=0.00000000 mean_w=0.0000 active=0.0000 s_dense=0.00 s_pos=0.0000 s_sel=0.0000 s_sel_pos=0.0000 s_hot_err=0.000000 s_bg_err=0.000000 s_gap=0.000000 conf_cos=0.0000 conf_proj=0.00 val_mse=0.40684247 val_mae=0.44261822
[worker2/etth1_all_methods_long_v2] [time_series][epoch 147] lambda=0.0000 g_scale=0.000 train_total=0.06396284 train_sup=0.06396284 train_imit=0.00000000 mean_w=0.0000 active=0.0000 s_dense=0.00 s_pos=0.0000 s_sel=0.0000 s_sel_pos=0.0000 s_hot_err=0.000000 s_bg_err=0.000000 s_gap=0.000000 conf_cos=0.0000 conf_proj=0.00 val_mse=0.40942090 val_mae=0.44461276
[worker2/etth1_all_methods_long_v2] [time_series][epoch 148] lambda=0.0000 g_scale=0.000 train_total=0.06228545 train_sup=0.06228545 train_imit=0.00000000 mean_w=0.0000 active=0.0000 s_dense=0.00 s_pos=0.0000 s_sel=0.0000 s_sel_pos=0.0000 s_hot_err=0.000000 s_bg_err=0.000000 s_gap=0.000000 conf_cos=0.0000 conf_proj=0.00 val_mse=0.41019688 val_mae=0.44712609
[worker2/etth1_all_methods_long_v2] [time_series][epoch 149] lambda=0.0000 g_scale=0.000 train_total=0.06205092 train_sup=0.06205092 train_imit=0.00000000 mean_w=0.0000 active=0.0000 s_dense=0.00 s_pos=0.0000 s_sel=0.0000 s_sel_pos=0.0000 s_hot_err=0.000000 s_bg_err=0.000000 s_gap=0.000000 conf_cos=0.0000 conf_proj=0.00 val_mse=0.41711258 val_mae=0.44959227
[worker2/etth1_all_methods_long_v2] [time_series][epoch 150] lambda=0.0000 g_scale=0.000 train_total=0.06172542 train_sup=0.06172542 train_imit=0.00000000 mean_w=0.0000 active=0.0000 s_dense=0.00 s_pos=0.0000 s_sel=0.0000 s_sel_pos=0.0000 s_hot_err=0.000000 s_bg_err=0.000000 s_gap=0.000000 conf_cos=0.0000 conf_proj=0.00 val_mse=0.40622191 val_mae=0.44014689
[worker2/etth1_all_methods_long_v2] [time_series][epoch 150] updated live plot
[worker2/etth1_all_methods_long_v2] [time_series][epoch 151] lambda=0.0000 g_scale=0.000 train_total=0.06186588 train_sup=0.06186588 train_imit=0.00000000 mean_w=0.0000 active=0.0000 s_dense=0.00 s_pos=0.0000 s_sel=0.0000 s_sel_pos=0.0000 s_hot_err=0.000000 s_bg_err=0.000000 s_gap=0.000000 conf_cos=0.0000 conf_proj=0.00 val_mse=0.41228707 val_mae=0.44668630
[worker2/etth1_all_methods_long_v2] [time_series][epoch 152] lambda=0.0000 g_scale=0.000 train_total=0.06169509 train_sup=0.06169509 train_imit=0.00000000 mean_w=0.0000 active=0.0000 s_dense=0.00 s_pos=0.0000 s_sel=0.0000 s_sel_pos=0.0000 s_hot_err=0.000000 s_bg_err=0.000000 s_gap=0.000000 conf_cos=0.0000 conf_proj=0.00 val_mse=0.41659366 val_mae=0.44798770
[worker2/etth1_all_methods_long_v2] [time_series][epoch 153] lambda=0.0000 g_scale=0.000 train_total=0.06152038 train_sup=0.06152038 train_imit=0.00000000 mean_w=0.0000 active=0.0000 s_dense=0.00 s_pos=0.0000 s_sel=0.0000 s_sel_pos=0.0000 s_hot_err=0.000000 s_bg_err=0.000000 s_gap=0.000000 conf_cos=0.0000 conf_proj=0.00 val_mse=0.39365982 val_mae=0.43573620
[worker2/etth1_all_methods_long_v2] [time_series][epoch 154] lambda=0.0000 g_scale=0.000 train_total=0.06150718 train_sup=0.06150718 train_imit=0.00000000 mean_w=0.0000 active=0.0000 s_dense=0.00 s_pos=0.0000 s_sel=0.0000 s_sel_pos=0.0000 s_hot_err=0.000000 s_bg_err=0.000000 s_gap=0.000000 conf_cos=0.0000 conf_proj=0.00 val_mse=0.40002815 val_mae=0.43767712
[worker2/etth1_all_methods_long_v2] [time_series][epoch 155] lambda=0.0000 g_scale=0.000 train_total=0.06165764 train_sup=0.06165764 train_imit=0.00000000 mean_w=0.0000 active=0.0000 s_dense=0.00 s_pos=0.0000 s_sel=0.0000 s_sel_pos=0.0000 s_hot_err=0.000000 s_bg_err=0.000000 s_gap=0.000000 conf_cos=0.0000 conf_proj=0.00 val_mse=0.39620375 val_mae=0.43538818
[worker2/etth1_all_methods_long_v2] [time_series][epoch 156] lambda=0.0000 g_scale=0.000 train_total=0.06149912 train_sup=0.06149912 train_imit=0.00000000 mean_w=0.0000 active=0.0000 s_dense=0.00 s_pos=0.0000 s_sel=0.0000 s_sel_pos=0.0000 s_hot_err=0.000000 s_bg_err=0.000000 s_gap=0.000000 conf_cos=0.0000 conf_proj=0.00 val_mse=0.41023590 val_mae=0.44561533
[worker2/etth1_all_methods_long_v2] [time_series][epoch 157] lambda=0.0000 g_scale=0.000 train_total=0.06154358 train_sup=0.06154358 train_imit=0.00000000 mean_w=0.0000 active=0.0000 s_dense=0.00 s_pos=0.0000 s_sel=0.0000 s_sel_pos=0.0000 s_hot_err=0.000000 s_bg_err=0.000000 s_gap=0.000000 conf_cos=0.0000 conf_proj=0.00 val_mse=0.40347753 val_mae=0.43808689
[worker2/etth1_all_methods_long_v2] [time_series][epoch 158] lambda=0.0000 g_scale=0.000 train_total=0.06119521 train_sup=0.06119521 train_imit=0.00000000 mean_w=0.0000 active=0.0000 s_dense=0.00 s_pos=0.0000 s_sel=0.0000 s_sel_pos=0.0000 s_hot_err=0.000000 s_bg_err=0.000000 s_gap=0.000000 conf_cos=0.0000 conf_proj=0.00 val_mse=0.40851445 val_mae=0.44228596
[worker2/etth1_all_methods_long_v2] [time_series][epoch 159] lambda=0.0000 g_scale=0.000 train_total=0.06105735 train_sup=0.06105735 train_imit=0.00000000 mean_w=0.0000 active=0.0000 s_dense=0.00 s_pos=0.0000 s_sel=0.0000 s_sel_pos=0.0000 s_hot_err=0.000000 s_bg_err=0.000000 s_gap=0.000000 conf_cos=0.0000 conf_proj=0.00 val_mse=0.40628353 val_mae=0.44164781
[worker2/etth1_all_methods_long_v2] [time_series][epoch 160] lambda=0.0000 g_scale=0.000 train_total=0.06134627 train_sup=0.06134627 train_imit=0.00000000 mean_w=0.0000 active=0.0000 s_dense=0.00 s_pos=0.0000 s_sel=0.0000 s_sel_pos=0.0000 s_hot_err=0.000000 s_bg_err=0.000000 s_gap=0.000000 conf_cos=0.0000 conf_proj=0.00 val_mse=0.40124513 val_mae=0.43729170
[worker2/etth1_all_methods_long_v2] [time_series][epoch 160] updated live plot
[worker2/etth1_all_methods_long_v2] [time_series][epoch 161] lambda=0.0000 g_scale=0.000 train_total=0.06130193 train_sup=0.06130193 train_imit=0.00000000 mean_w=0.0000 active=0.0000 s_dense=0.00 s_pos=0.0000 s_sel=0.0000 s_sel_pos=0.0000 s_hot_err=0.000000 s_bg_err=0.000000 s_gap=0.000000 conf_cos=0.0000 conf_proj=0.00 val_mse=0.40281310 val_mae=0.43904845
[worker2/etth1_all_methods_long_v2] [time_series][epoch 162] lambda=0.0000 g_scale=0.000 train_total=0.06108993 train_sup=0.06108993 train_imit=0.00000000 mean_w=0.0000 active=0.0000 s_dense=0.00 s_pos=0.0000 s_sel=0.0000 s_sel_pos=0.0000 s_hot_err=0.000000 s_bg_err=0.000000 s_gap=0.000000 conf_cos=0.0000 conf_proj=0.00 val_mse=0.42640087 val_mae=0.45422448
[worker2/etth1_all_methods_long_v2] [time_series][epoch 163] lambda=0.0000 g_scale=0.000 train_total=0.06084295 train_sup=0.06084295 train_imit=0.00000000 mean_w=0.0000 active=0.0000 s_dense=0.00 s_pos=0.0000 s_sel=0.0000 s_sel_pos=0.0000 s_hot_err=0.000000 s_bg_err=0.000000 s_gap=0.000000 conf_cos=0.0000 conf_proj=0.00 val_mse=0.39907584 val_mae=0.43718365
[worker2/etth1_all_methods_long_v2] [time_series][epoch 164] lambda=0.0000 g_scale=0.000 train_total=0.06077991 train_sup=0.06077991 train_imit=0.00000000 mean_w=0.0000 active=0.0000 s_dense=0.00 s_pos=0.0000 s_sel=0.0000 s_sel_pos=0.0000 s_hot_err=0.000000 s_bg_err=0.000000 s_gap=0.000000 conf_cos=0.0000 conf_proj=0.00 val_mse=0.40961868 val_mae=0.44555444
[worker2/etth1_all_methods_long_v2] [time_series][epoch 165] lambda=0.0000 g_scale=0.000 train_total=0.06064471 train_sup=0.06064471 train_imit=0.00000000 mean_w=0.0000 active=0.0000 s_dense=0.00 s_pos=0.0000 s_sel=0.0000 s_sel_pos=0.0000 s_hot_err=0.000000 s_bg_err=0.000000 s_gap=0.000000 conf_cos=0.0000 conf_proj=0.00 val_mse=0.41889003 val_mae=0.44970294
[worker2/etth1_all_methods_long_v2] [time_series][epoch 166] lambda=0.0000 g_scale=0.000 train_total=0.06073255 train_sup=0.06073255 train_imit=0.00000000 mean_w=0.0000 active=0.0000 s_dense=0.00 s_pos=0.0000 s_sel=0.0000 s_sel_pos=0.0000 s_hot_err=0.000000 s_bg_err=0.000000 s_gap=0.000000 conf_cos=0.0000 conf_proj=0.00 val_mse=0.41982680 val_mae=0.45118920
[worker2/etth1_all_methods_long_v2] [time_series][epoch 167] lambda=0.0000 g_scale=0.000 train_total=0.06140358 train_sup=0.06140358 train_imit=0.00000000 mean_w=0.0000 active=0.0000 s_dense=0.00 s_pos=0.0000 s_sel=0.0000 s_sel_pos=0.0000 s_hot_err=0.000000 s_bg_err=0.000000 s_gap=0.000000 conf_cos=0.0000 conf_proj=0.00 val_mse=0.41842236 val_mae=0.44712120
[worker2/etth1_all_methods_long_v2] [time_series][epoch 168] lambda=0.0000 g_scale=0.000 train_total=0.06059816 train_sup=0.06059816 train_imit=0.00000000 mean_w=0.0000 active=0.0000 s_dense=0.00 s_pos=0.0000 s_sel=0.0000 s_sel_pos=0.0000 s_hot_err=0.000000 s_bg_err=0.000000 s_gap=0.000000 conf_cos=0.0000 conf_proj=0.00 val_mse=0.42242239 val_mae=0.45165553
[worker2/etth1_all_methods_long_v2] [time_series][epoch 169] lambda=0.0000 g_scale=0.000 train_total=0.06050253 train_sup=0.06050253 train_imit=0.00000000 mean_w=0.0000 active=0.0000 s_dense=0.00 s_pos=0.0000 s_sel=0.0000 s_sel_pos=0.0000 s_hot_err=0.000000 s_bg_err=0.000000 s_gap=0.000000 conf_cos=0.0000 conf_proj=0.00 val_mse=0.41502897 val_mae=0.44786584
[worker2/etth1_all_methods_long_v2] [time_series][epoch 170] lambda=0.0000 g_scale=0.000 train_total=0.06042604 train_sup=0.06042604 train_imit=0.00000000 mean_w=0.0000 active=0.0000 s_dense=0.00 s_pos=0.0000 s_sel=0.0000 s_sel_pos=0.0000 s_hot_err=0.000000 s_bg_err=0.000000 s_gap=0.000000 conf_cos=0.0000 conf_proj=0.00 val_mse=0.39974898 val_mae=0.43951733
[worker2/etth1_all_methods_long_v2] [time_series][epoch 170] updated live plot
[worker2/etth1_all_methods_long_v2] [time_series][epoch 171] lambda=0.0000 g_scale=0.000 train_total=0.06022957 train_sup=0.06022957 train_imit=0.00000000 mean_w=0.0000 active=0.0000 s_dense=0.00 s_pos=0.0000 s_sel=0.0000 s_sel_pos=0.0000 s_hot_err=0.000000 s_bg_err=0.000000 s_gap=0.000000 conf_cos=0.0000 conf_proj=0.00 val_mse=0.42636875 val_mae=0.45520844
[worker2/etth1_all_methods_long_v2] [time_series][epoch 172] lambda=0.0000 g_scale=0.000 train_total=0.06047977 train_sup=0.06047977 train_imit=0.00000000 mean_w=0.0000 active=0.0000 s_dense=0.00 s_pos=0.0000 s_sel=0.0000 s_sel_pos=0.0000 s_hot_err=0.000000 s_bg_err=0.000000 s_gap=0.000000 conf_cos=0.0000 conf_proj=0.00 val_mse=0.41057280 val_mae=0.44645524
[worker2/etth1_all_methods_long_v2] [time_series][epoch 173] lambda=0.0000 g_scale=0.000 train_total=0.06014787 train_sup=0.06014787 train_imit=0.00000000 mean_w=0.0000 active=0.0000 s_dense=0.00 s_pos=0.0000 s_sel=0.0000 s_sel_pos=0.0000 s_hot_err=0.000000 s_bg_err=0.000000 s_gap=0.000000 conf_cos=0.0000 conf_proj=0.00 val_mse=0.41481497 val_mae=0.44760795
[worker2/etth1_all_methods_long_v2] [time_series][epoch 174] lambda=0.0000 g_scale=0.000 train_total=0.05992842 train_sup=0.05992842 train_imit=0.00000000 mean_w=0.0000 active=0.0000 s_dense=0.00 s_pos=0.0000 s_sel=0.0000 s_sel_pos=0.0000 s_hot_err=0.000000 s_bg_err=0.000000 s_gap=0.000000 conf_cos=0.0000 conf_proj=0.00 val_mse=0.42400572 val_mae=0.45152826
[worker2/etth1_all_methods_long_v2] [time_series][epoch 175] lambda=0.0000 g_scale=0.000 train_total=0.06010502 train_sup=0.06010502 train_imit=0.00000000 mean_w=0.0000 active=0.0000 s_dense=0.00 s_pos=0.0000 s_sel=0.0000 s_sel_pos=0.0000 s_hot_err=0.000000 s_bg_err=0.000000 s_gap=0.000000 conf_cos=0.0000 conf_proj=0.00 val_mse=0.40103418 val_mae=0.43729997
[worker2/etth1_all_methods_long_v2] [time_series][epoch 176] lambda=0.0000 g_scale=0.000 train_total=0.05990848 train_sup=0.05990848 train_imit=0.00000000 mean_w=0.0000 active=0.0000 s_dense=0.00 s_pos=0.0000 s_sel=0.0000 s_sel_pos=0.0000 s_hot_err=0.000000 s_bg_err=0.000000 s_gap=0.000000 conf_cos=0.0000 conf_proj=0.00 val_mse=0.40493423 val_mae=0.43889510
[worker2/etth1_all_methods_long_v2] [time_series][epoch 177] lambda=0.0000 g_scale=0.000 train_total=0.06011581 train_sup=0.06011581 train_imit=0.00000000 mean_w=0.0000 active=0.0000 s_dense=0.00 s_pos=0.0000 s_sel=0.0000 s_sel_pos=0.0000 s_hot_err=0.000000 s_bg_err=0.000000 s_gap=0.000000 conf_cos=0.0000 conf_proj=0.00 val_mse=0.41727242 val_mae=0.44672908
[worker2/etth1_all_methods_long_v2] [time_series][epoch 178] lambda=0.0000 g_scale=0.000 train_total=0.05988418 train_sup=0.05988418 train_imit=0.00000000 mean_w=0.0000 active=0.0000 s_dense=0.00 s_pos=0.0000 s_sel=0.0000 s_sel_pos=0.0000 s_hot_err=0.000000 s_bg_err=0.000000 s_gap=0.000000 conf_cos=0.0000 conf_proj=0.00 val_mse=0.41890553 val_mae=0.44999868
[worker2/etth1_all_methods_long_v2] [time_series][epoch 179] lambda=0.0000 g_scale=0.000 train_total=0.05966112 train_sup=0.05966112 train_imit=0.00000000 mean_w=0.0000 active=0.0000 s_dense=0.00 s_pos=0.0000 s_sel=0.0000 s_sel_pos=0.0000 s_hot_err=0.000000 s_bg_err=0.000000 s_gap=0.000000 conf_cos=0.0000 conf_proj=0.00 val_mse=0.41809585 val_mae=0.44964116
[worker2/etth1_all_methods_long_v2] [time_series][epoch 180] lambda=0.0000 g_scale=0.000 train_total=0.05975207 train_sup=0.05975207 train_imit=0.00000000 mean_w=0.0000 active=0.0000 s_dense=0.00 s_pos=0.0000 s_sel=0.0000 s_sel_pos=0.0000 s_hot_err=0.000000 s_bg_err=0.000000 s_gap=0.000000 conf_cos=0.0000 conf_proj=0.00 val_mse=0.41151074 val_mae=0.44520233
[worker2/etth1_all_methods_long_v2] [time_series][epoch 180] updated live plot
[worker2/etth1_all_methods_long_v2] [time_series][epoch 181] lambda=0.0000 g_scale=0.000 train_total=0.05949102 train_sup=0.05949102 train_imit=0.00000000 mean_w=0.0000 active=0.0000 s_dense=0.00 s_pos=0.0000 s_sel=0.0000 s_sel_pos=0.0000 s_hot_err=0.000000 s_bg_err=0.000000 s_gap=0.000000 conf_cos=0.0000 conf_proj=0.00 val_mse=0.40639057 val_mae=0.44432170
[worker2/etth1_all_methods_long_v2] [time_series][epoch 182] lambda=0.0000 g_scale=0.000 train_total=0.05977039 train_sup=0.05977039 train_imit=0.00000000 mean_w=0.0000 active=0.0000 s_dense=0.00 s_pos=0.0000 s_sel=0.0000 s_sel_pos=0.0000 s_hot_err=0.000000 s_bg_err=0.000000 s_gap=0.000000 conf_cos=0.0000 conf_proj=0.00 val_mse=0.39560872 val_mae=0.43529612
[worker2/etth1_all_methods_long_v2] [time_series][epoch 183] lambda=0.0000 g_scale=0.000 train_total=0.05959412 train_sup=0.05959412 train_imit=0.00000000 mean_w=0.0000 active=0.0000 s_dense=0.00 s_pos=0.0000 s_sel=0.0000 s_sel_pos=0.0000 s_hot_err=0.000000 s_bg_err=0.000000 s_gap=0.000000 conf_cos=0.0000 conf_proj=0.00 val_mse=0.40255307 val_mae=0.44090387
[worker2/etth1_all_methods_long_v2] [time_series][epoch 184] lambda=0.0000 g_scale=0.000 train_total=0.05953063 train_sup=0.05953063 train_imit=0.00000000 mean_w=0.0000 active=0.0000 s_dense=0.00 s_pos=0.0000 s_sel=0.0000 s_sel_pos=0.0000 s_hot_err=0.000000 s_bg_err=0.000000 s_gap=0.000000 conf_cos=0.0000 conf_proj=0.00 val_mse=0.41186875 val_mae=0.44418576
[worker2/etth1_all_methods_long_v2] [time_series][epoch 185] lambda=0.0000 g_scale=0.000 train_total=0.05908998 train_sup=0.05908998 train_imit=0.00000000 mean_w=0.0000 active=0.0000 s_dense=0.00 s_pos=0.0000 s_sel=0.0000 s_sel_pos=0.0000 s_hot_err=0.000000 s_bg_err=0.000000 s_gap=0.000000 conf_cos=0.0000 conf_proj=0.00 val_mse=0.41738839 val_mae=0.44948110
[worker2/etth1_all_methods_long_v2] [time_series][epoch 186] lambda=0.0000 g_scale=0.000 train_total=0.05920790 train_sup=0.05920790 train_imit=0.00000000 mean_w=0.0000 active=0.0000 s_dense=0.00 s_pos=0.0000 s_sel=0.0000 s_sel_pos=0.0000 s_hot_err=0.000000 s_bg_err=0.000000 s_gap=0.000000 conf_cos=0.0000 conf_proj=0.00 val_mse=0.40354832 val_mae=0.44075255
[worker2/etth1_all_methods_long_v2] [time_series][epoch 187] lambda=0.0000 g_scale=0.000 train_total=0.05932570 train_sup=0.05932570 train_imit=0.00000000 mean_w=0.0000 active=0.0000 s_dense=0.00 s_pos=0.0000 s_sel=0.0000 s_sel_pos=0.0000 s_hot_err=0.000000 s_bg_err=0.000000 s_gap=0.000000 conf_cos=0.0000 conf_proj=0.00 val_mse=0.40553916 val_mae=0.44463907
[worker2/etth1_all_methods_long_v2] [time_series][epoch 188] lambda=0.0000 g_scale=0.000 train_total=0.05929140 train_sup=0.05929140 train_imit=0.00000000 mean_w=0.0000 active=0.0000 s_dense=0.00 s_pos=0.0000 s_sel=0.0000 s_sel_pos=0.0000 s_hot_err=0.000000 s_bg_err=0.000000 s_gap=0.000000 conf_cos=0.0000 conf_proj=0.00 val_mse=0.39333422 val_mae=0.43483845
[worker2/etth1_all_methods_long_v2] [time_series][epoch 189] lambda=0.0000 g_scale=0.000 train_total=0.05929994 train_sup=0.05929994 train_imit=0.00000000 mean_w=0.0000 active=0.0000 s_dense=0.00 s_pos=0.0000 s_sel=0.0000 s_sel_pos=0.0000 s_hot_err=0.000000 s_bg_err=0.000000 s_gap=0.000000 conf_cos=0.0000 conf_proj=0.00 val_mse=0.42394333 val_mae=0.45304863
[worker2/etth1_all_methods_long_v2] [time_series][epoch 190] lambda=0.0000 g_scale=0.000 train_total=0.05918576 train_sup=0.05918576 train_imit=0.00000000 mean_w=0.0000 active=0.0000 s_dense=0.00 s_pos=0.0000 s_sel=0.0000 s_sel_pos=0.0000 s_hot_err=0.000000 s_bg_err=0.000000 s_gap=0.000000 conf_cos=0.0000 conf_proj=0.00 val_mse=0.39457006 val_mae=0.43531000
[worker2/etth1_all_methods_long_v2] [time_series][epoch 190] updated live plot
[worker2/etth1_all_methods_long_v2] [time_series][epoch 191] lambda=0.0000 g_scale=0.000 train_total=0.05894062 train_sup=0.05894062 train_imit=0.00000000 mean_w=0.0000 active=0.0000 s_dense=0.00 s_pos=0.0000 s_sel=0.0000 s_sel_pos=0.0000 s_hot_err=0.000000 s_bg_err=0.000000 s_gap=0.000000 conf_cos=0.0000 conf_proj=0.00 val_mse=0.40292653 val_mae=0.43877408
[worker2/etth1_all_methods_long_v2] [time_series][epoch 192] lambda=0.0000 g_scale=0.000 train_total=0.05875458 train_sup=0.05875458 train_imit=0.00000000 mean_w=0.0000 active=0.0000 s_dense=0.00 s_pos=0.0000 s_sel=0.0000 s_sel_pos=0.0000 s_hot_err=0.000000 s_bg_err=0.000000 s_gap=0.000000 conf_cos=0.0000 conf_proj=0.00 val_mse=0.39447453 val_mae=0.43591944
[worker2/etth1_all_methods_long_v2] [time_series][epoch 193] lambda=0.0000 g_scale=0.000 train_total=0.05899385 train_sup=0.05899385 train_imit=0.00000000 mean_w=0.0000 active=0.0000 s_dense=0.00 s_pos=0.0000 s_sel=0.0000 s_sel_pos=0.0000 s_hot_err=0.000000 s_bg_err=0.000000 s_gap=0.000000 conf_cos=0.0000 conf_proj=0.00 val_mse=0.42229674 val_mae=0.45084573
[worker2/etth1_all_methods_long_v2] [time_series][epoch 194] lambda=0.0000 g_scale=0.000 train_total=0.05873444 train_sup=0.05873444 train_imit=0.00000000 mean_w=0.0000 active=0.0000 s_dense=0.00 s_pos=0.0000 s_sel=0.0000 s_sel_pos=0.0000 s_hot_err=0.000000 s_bg_err=0.000000 s_gap=0.000000 conf_cos=0.0000 conf_proj=0.00 val_mse=0.41274974 val_mae=0.44610921
[worker2/etth1_all_methods_long_v2] [time_series][epoch 195] lambda=0.0000 g_scale=0.000 train_total=0.05898585 train_sup=0.05898585 train_imit=0.00000000 mean_w=0.0000 active=0.0000 s_dense=0.00 s_pos=0.0000 s_sel=0.0000 s_sel_pos=0.0000 s_hot_err=0.000000 s_bg_err=0.000000 s_gap=0.000000 conf_cos=0.0000 conf_proj=0.00 val_mse=0.41484317 val_mae=0.44808227
[worker2/etth1_all_methods_long_v2] [time_series][epoch 196] lambda=0.0000 g_scale=0.000 train_total=0.05876583 train_sup=0.05876583 train_imit=0.00000000 mean_w=0.0000 active=0.0000 s_dense=0.00 s_pos=0.0000 s_sel=0.0000 s_sel_pos=0.0000 s_hot_err=0.000000 s_bg_err=0.000000 s_gap=0.000000 conf_cos=0.0000 conf_proj=0.00 val_mse=0.40705379 val_mae=0.44151135
[worker2/etth1_all_methods_long_v2] [time_series][epoch 197] lambda=0.0000 g_scale=0.000 train_total=0.05888709 train_sup=0.05888709 train_imit=0.00000000 mean_w=0.0000 active=0.0000 s_dense=0.00 s_pos=0.0000 s_sel=0.0000 s_sel_pos=0.0000 s_hot_err=0.000000 s_bg_err=0.000000 s_gap=0.000000 conf_cos=0.0000 conf_proj=0.00 val_mse=0.39872345 val_mae=0.43621996
[worker2/etth1_all_methods_long_v2] [time_series][epoch 198] lambda=0.0000 g_scale=0.000 train_total=0.05854955 train_sup=0.05854955 train_imit=0.00000000 mean_w=0.0000 active=0.0000 s_dense=0.00 s_pos=0.0000 s_sel=0.0000 s_sel_pos=0.0000 s_hot_err=0.000000 s_bg_err=0.000000 s_gap=0.000000 conf_cos=0.0000 conf_proj=0.00 val_mse=0.41777827 val_mae=0.44724441
[worker2/etth1_all_methods_long_v2] [time_series][epoch 199] lambda=0.0000 g_scale=0.000 train_total=0.05878364 train_sup=0.05878364 train_imit=0.00000000 mean_w=0.0000 active=0.0000 s_dense=0.00 s_pos=0.0000 s_sel=0.0000 s_sel_pos=0.0000 s_hot_err=0.000000 s_bg_err=0.000000 s_gap=0.000000 conf_cos=0.0000 conf_proj=0.00 val_mse=0.40500833 val_mae=0.44144393
[worker2/etth1_all_methods_long_v2] [time_series][epoch 200] lambda=0.0000 g_scale=0.000 train_total=0.05837888 train_sup=0.05837888 train_imit=0.00000000 mean_w=0.0000 active=0.0000 s_dense=0.00 s_pos=0.0000 s_sel=0.0000 s_sel_pos=0.0000 s_hot_err=0.000000 s_bg_err=0.000000 s_gap=0.000000 conf_cos=0.0000 conf_proj=0.00 val_mse=0.43127594 val_mae=0.45512521
[worker2/etth1_all_methods_long_v2] [time_series][epoch 200] updated live plot
[worker2/etth1_all_methods_long_v2] [time_series] done
[worker2/etth1_all_methods_long_v2] [time_series] dataset=etth1 model=transformer method=independent seed=4 pred_len=24
[worker2/etth1_all_methods_long_v2] [time_series] run_dir=results/time_series_etth1_all_methods_long_v2/time_series/etth1/transformer_independent_huber_seed4
[worker2/etth1_all_methods_long_v2] [time_series] params=419240
[worker2/etth1_all_methods_long_v2] [time_series][epoch 001] lambda=0.0000 g_scale=0.000 train_total=0.35976584 train_sup=0.35976584 train_imit=0.00000000 mean_w=0.0000 active=0.0000 s_dense=0.00 s_pos=0.0000 s_sel=0.0000 s_sel_pos=0.0000 s_hot_err=0.000000 s_bg_err=0.000000 s_gap=0.000000 conf_cos=0.0000 conf_proj=0.00 val_mse=0.35123470 val_mae=0.41933238
[worker2/etth1_all_methods_long_v2] [time_series][epoch 002] lambda=0.0000 g_scale=0.000 train_total=0.25121880 train_sup=0.25121880 train_imit=0.00000000 mean_w=0.0000 active=0.0000 s_dense=0.00 s_pos=0.0000 s_sel=0.0000 s_sel_pos=0.0000 s_hot_err=0.000000 s_bg_err=0.000000 s_gap=0.000000 conf_cos=0.0000 conf_proj=0.00 val_mse=0.32129523 val_mae=0.39106362
[worker2/etth1_all_methods_long_v2] [time_series][epoch 003] lambda=0.0000 g_scale=0.000 train_total=0.23185240 train_sup=0.23185240 train_imit=0.00000000 mean_w=0.0000 active=0.0000 s_dense=0.00 s_pos=0.0000 s_sel=0.0000 s_sel_pos=0.0000 s_hot_err=0.000000 s_bg_err=0.000000 s_gap=0.000000 conf_cos=0.0000 conf_proj=0.00 val_mse=0.37111857 val_mae=0.42520135
[worker2/etth1_all_methods_long_v2] [time_series][epoch 004] lambda=0.0000 g_scale=0.000 train_total=0.21571188 train_sup=0.21571188 train_imit=0.00000000 mean_w=0.0000 active=0.0000 s_dense=0.00 s_pos=0.0000 s_sel=0.0000 s_sel_pos=0.0000 s_hot_err=0.000000 s_bg_err=0.000000 s_gap=0.000000 conf_cos=0.0000 conf_proj=0.00 val_mse=0.34434048 val_mae=0.40445936
[worker2/etth1_all_methods_long_v2] [time_series][epoch 005] lambda=0.0000 g_scale=0.000 train_total=0.20090528 train_sup=0.20090528 train_imit=0.00000000 mean_w=0.0000 active=0.0000 s_dense=0.00 s_pos=0.0000 s_sel=0.0000 s_sel_pos=0.0000 s_hot_err=0.000000 s_bg_err=0.000000 s_gap=0.000000 conf_cos=0.0000 conf_proj=0.00 val_mse=0.32440378 val_mae=0.40015827
[worker2/etth1_all_methods_long_v2] [time_series][epoch 006] lambda=0.0000 g_scale=0.000 train_total=0.18926224 train_sup=0.18926224 train_imit=0.00000000 mean_w=0.0000 active=0.0000 s_dense=0.00 s_pos=0.0000 s_sel=0.0000 s_sel_pos=0.0000 s_hot_err=0.000000 s_bg_err=0.000000 s_gap=0.000000 conf_cos=0.0000 conf_proj=0.00 val_mse=0.35489233 val_mae=0.41441296
[worker2/etth1_all_methods_long_v2] [time_series][epoch 007] lambda=0.0000 g_scale=0.000 train_total=0.17826586 train_sup=0.17826586 train_imit=0.00000000 mean_w=0.0000 active=0.0000 s_dense=0.00 s_pos=0.0000 s_sel=0.0000 s_sel_pos=0.0000 s_hot_err=0.000000 s_bg_err=0.000000 s_gap=0.000000 conf_cos=0.0000 conf_proj=0.00 val_mse=0.33562071 val_mae=0.40691667
[worker2/etth1_all_methods_long_v2] [time_series][epoch 008] lambda=0.0000 g_scale=0.000 train_total=0.16780304 train_sup=0.16780304 train_imit=0.00000000 mean_w=0.0000 active=0.0000 s_dense=0.00 s_pos=0.0000 s_sel=0.0000 s_sel_pos=0.0000 s_hot_err=0.000000 s_bg_err=0.000000 s_gap=0.000000 conf_cos=0.0000 conf_proj=0.00 val_mse=0.33030875 val_mae=0.40535262
[worker2/etth1_all_methods_long_v2] [time_series][epoch 009] lambda=0.0000 g_scale=0.000 train_total=0.15802767 train_sup=0.15802767 train_imit=0.00000000 mean_w=0.0000 active=0.0000 s_dense=0.00 s_pos=0.0000 s_sel=0.0000 s_sel_pos=0.0000 s_hot_err=0.000000 s_bg_err=0.000000 s_gap=0.000000 conf_cos=0.0000 conf_proj=0.00 val_mse=0.35175255 val_mae=0.41836499
[worker2/etth1_all_methods_long_v2] [time_series][epoch 010] lambda=0.0000 g_scale=0.000 train_total=0.14887929 train_sup=0.14887929 train_imit=0.00000000 mean_w=0.0000 active=0.0000 s_dense=0.00 s_pos=0.0000 s_sel=0.0000 s_sel_pos=0.0000 s_hot_err=0.000000 s_bg_err=0.000000 s_gap=0.000000 conf_cos=0.0000 conf_proj=0.00 val_mse=0.33344858 val_mae=0.40456991
[worker2/etth1_all_methods_long_v2] [time_series][epoch 010] updated live plot
[worker2/etth1_all_methods_long_v2] [time_series][epoch 011] lambda=0.0000 g_scale=0.000 train_total=0.14331955 train_sup=0.14331955 train_imit=0.00000000 mean_w=0.0000 active=0.0000 s_dense=0.00 s_pos=0.0000 s_sel=0.0000 s_sel_pos=0.0000 s_hot_err=0.000000 s_bg_err=0.000000 s_gap=0.000000 conf_cos=0.0000 conf_proj=0.00 val_mse=0.35050622 val_mae=0.41118376
[worker2/etth1_all_methods_long_v2] [time_series][epoch 012] lambda=0.0000 g_scale=0.000 train_total=0.13499821 train_sup=0.13499821 train_imit=0.00000000 mean_w=0.0000 active=0.0000 s_dense=0.00 s_pos=0.0000 s_sel=0.0000 s_sel_pos=0.0000 s_hot_err=0.000000 s_bg_err=0.000000 s_gap=0.000000 conf_cos=0.0000 conf_proj=0.00 val_mse=0.34410578 val_mae=0.41460721
[worker2/etth1_all_methods_long_v2] [time_series][epoch 013] lambda=0.0000 g_scale=0.000 train_total=0.13170339 train_sup=0.13170339 train_imit=0.00000000 mean_w=0.0000 active=0.0000 s_dense=0.00 s_pos=0.0000 s_sel=0.0000 s_sel_pos=0.0000 s_hot_err=0.000000 s_bg_err=0.000000 s_gap=0.000000 conf_cos=0.0000 conf_proj=0.00 val_mse=0.34784223 val_mae=0.42322564
[worker2/etth1_all_methods_long_v2] [time_series][epoch 014] lambda=0.0000 g_scale=0.000 train_total=0.12495605 train_sup=0.12495605 train_imit=0.00000000 mean_w=0.0000 active=0.0000 s_dense=0.00 s_pos=0.0000 s_sel=0.0000 s_sel_pos=0.0000 s_hot_err=0.000000 s_bg_err=0.000000 s_gap=0.000000 conf_cos=0.0000 conf_proj=0.00 val_mse=0.33572245 val_mae=0.40344505
[worker2/etth1_all_methods_long_v2] [time_series][epoch 015] lambda=0.0000 g_scale=0.000 train_total=0.12173760 train_sup=0.12173760 train_imit=0.00000000 mean_w=0.0000 active=0.0000 s_dense=0.00 s_pos=0.0000 s_sel=0.0000 s_sel_pos=0.0000 s_hot_err=0.000000 s_bg_err=0.000000 s_gap=0.000000 conf_cos=0.0000 conf_proj=0.00 val_mse=0.34222417 val_mae=0.41463790
[worker2/etth1_all_methods_long_v2] [time_series][epoch 016] lambda=0.0000 g_scale=0.000 train_total=0.11757973 train_sup=0.11757973 train_imit=0.00000000 mean_w=0.0000 active=0.0000 s_dense=0.00 s_pos=0.0000 s_sel=0.0000 s_sel_pos=0.0000 s_hot_err=0.000000 s_bg_err=0.000000 s_gap=0.000000 conf_cos=0.0000 conf_proj=0.00 val_mse=0.34866032 val_mae=0.41336855
[worker2/etth1_all_methods_long_v2] [time_series][epoch 017] lambda=0.0000 g_scale=0.000 train_total=0.11443668 train_sup=0.11443668 train_imit=0.00000000 mean_w=0.0000 active=0.0000 s_dense=0.00 s_pos=0.0000 s_sel=0.0000 s_sel_pos=0.0000 s_hot_err=0.000000 s_bg_err=0.000000 s_gap=0.000000 conf_cos=0.0000 conf_proj=0.00 val_mse=0.36962671 val_mae=0.42869029
[worker2/etth1_all_methods_long_v2] [time_series][epoch 018] lambda=0.0000 g_scale=0.000 train_total=0.11263706 train_sup=0.11263706 train_imit=0.00000000 mean_w=0.0000 active=0.0000 s_dense=0.00 s_pos=0.0000 s_sel=0.0000 s_sel_pos=0.0000 s_hot_err=0.000000 s_bg_err=0.000000 s_gap=0.000000 conf_cos=0.0000 conf_proj=0.00 val_mse=0.36115419 val_mae=0.42716293
[worker2/etth1_all_methods_long_v2] [time_series][epoch 019] lambda=0.0000 g_scale=0.000 train_total=0.11042264 train_sup=0.11042264 train_imit=0.00000000 mean_w=0.0000 active=0.0000 s_dense=0.00 s_pos=0.0000 s_sel=0.0000 s_sel_pos=0.0000 s_hot_err=0.000000 s_bg_err=0.000000 s_gap=0.000000 conf_cos=0.0000 conf_proj=0.00 val_mse=0.34557566 val_mae=0.41364108
[worker2/etth1_all_methods_long_v2] [time_series][epoch 020] lambda=0.0000 g_scale=0.000 train_total=0.10749637 train_sup=0.10749637 train_imit=0.00000000 mean_w=0.0000 active=0.0000 s_dense=0.00 s_pos=0.0000 s_sel=0.0000 s_sel_pos=0.0000 s_hot_err=0.000000 s_bg_err=0.000000 s_gap=0.000000 conf_cos=0.0000 conf_proj=0.00 val_mse=0.36146734 val_mae=0.42251640
[worker2/etth1_all_methods_long_v2] [time_series][epoch 020] updated live plot
[worker2/etth1_all_methods_long_v2] [time_series][epoch 021] lambda=0.0000 g_scale=0.000 train_total=0.10540871 train_sup=0.10540871 train_imit=0.00000000 mean_w=0.0000 active=0.0000 s_dense=0.00 s_pos=0.0000 s_sel=0.0000 s_sel_pos=0.0000 s_hot_err=0.000000 s_bg_err=0.000000 s_gap=0.000000 conf_cos=0.0000 conf_proj=0.00 val_mse=0.35172198 val_mae=0.42030352
[worker2/etth1_all_methods_long_v2] [time_series][epoch 022] lambda=0.0000 g_scale=0.000 train_total=0.10375915 train_sup=0.10375915 train_imit=0.00000000 mean_w=0.0000 active=0.0000 s_dense=0.00 s_pos=0.0000 s_sel=0.0000 s_sel_pos=0.0000 s_hot_err=0.000000 s_bg_err=0.000000 s_gap=0.000000 conf_cos=0.0000 conf_proj=0.00 val_mse=0.34976899 val_mae=0.41279257
[worker2/etth1_all_methods_long_v2] [time_series][epoch 023] lambda=0.0000 g_scale=0.000 train_total=0.10204412 train_sup=0.10204412 train_imit=0.00000000 mean_w=0.0000 active=0.0000 s_dense=0.00 s_pos=0.0000 s_sel=0.0000 s_sel_pos=0.0000 s_hot_err=0.000000 s_bg_err=0.000000 s_gap=0.000000 conf_cos=0.0000 conf_proj=0.00 val_mse=0.35846978 val_mae=0.42602340
[worker2/etth1_all_methods_long_v2] [time_series][epoch 024] lambda=0.0000 g_scale=0.000 train_total=0.10065632 train_sup=0.10065632 train_imit=0.00000000 mean_w=0.0000 active=0.0000 s_dense=0.00 s_pos=0.0000 s_sel=0.0000 s_sel_pos=0.0000 s_hot_err=0.000000 s_bg_err=0.000000 s_gap=0.000000 conf_cos=0.0000 conf_proj=0.00 val_mse=0.35366061 val_mae=0.41451884
[worker2/etth1_all_methods_long_v2] [time_series][epoch 025] lambda=0.0000 g_scale=0.000 train_total=0.09918162 train_sup=0.09918162 train_imit=0.00000000 mean_w=0.0000 active=0.0000 s_dense=0.00 s_pos=0.0000 s_sel=0.0000 s_sel_pos=0.0000 s_hot_err=0.000000 s_bg_err=0.000000 s_gap=0.000000 conf_cos=0.0000 conf_proj=0.00 val_mse=0.35816253 val_mae=0.42476091
[worker2/etth1_all_methods_long_v2] [time_series][epoch 026] lambda=0.0000 g_scale=0.000 train_total=0.09740016 train_sup=0.09740016 train_imit=0.00000000 mean_w=0.0000 active=0.0000 s_dense=0.00 s_pos=0.0000 s_sel=0.0000 s_sel_pos=0.0000 s_hot_err=0.000000 s_bg_err=0.000000 s_gap=0.000000 conf_cos=0.0000 conf_proj=0.00 val_mse=0.34150438 val_mae=0.41064524
[worker2/etth1_all_methods_long_v2] [time_series][epoch 027] lambda=0.0000 g_scale=0.000 train_total=0.09666127 train_sup=0.09666127 train_imit=0.00000000 mean_w=0.0000 active=0.0000 s_dense=0.00 s_pos=0.0000 s_sel=0.0000 s_sel_pos=0.0000 s_hot_err=0.000000 s_bg_err=0.000000 s_gap=0.000000 conf_cos=0.0000 conf_proj=0.00 val_mse=0.36916649 val_mae=0.42872890
[worker2/etth1_all_methods_long_v2] [time_series][epoch 028] lambda=0.0000 g_scale=0.000 train_total=0.09616912 train_sup=0.09616912 train_imit=0.00000000 mean_w=0.0000 active=0.0000 s_dense=0.00 s_pos=0.0000 s_sel=0.0000 s_sel_pos=0.0000 s_hot_err=0.000000 s_bg_err=0.000000 s_gap=0.000000 conf_cos=0.0000 conf_proj=0.00 val_mse=0.36577749 val_mae=0.42564811
[worker2/etth1_all_methods_long_v2] [time_series][epoch 029] lambda=0.0000 g_scale=0.000 train_total=0.09518347 train_sup=0.09518347 train_imit=0.00000000 mean_w=0.0000 active=0.0000 s_dense=0.00 s_pos=0.0000 s_sel=0.0000 s_sel_pos=0.0000 s_hot_err=0.000000 s_bg_err=0.000000 s_gap=0.000000 conf_cos=0.0000 conf_proj=0.00 val_mse=0.35790270 val_mae=0.41287286
[worker2/etth1_all_methods_long_v2] [time_series][epoch 030] lambda=0.0000 g_scale=0.000 train_total=0.09431393 train_sup=0.09431393 train_imit=0.00000000 mean_w=0.0000 active=0.0000 s_dense=0.00 s_pos=0.0000 s_sel=0.0000 s_sel_pos=0.0000 s_hot_err=0.000000 s_bg_err=0.000000 s_gap=0.000000 conf_cos=0.0000 conf_proj=0.00 val_mse=0.36502208 val_mae=0.42372848
[worker2/etth1_all_methods_long_v2] [time_series][epoch 030] updated live plot
[worker2/etth1_all_methods_long_v2] [time_series][epoch 031] lambda=0.0000 g_scale=0.000 train_total=0.09277968 train_sup=0.09277968 train_imit=0.00000000 mean_w=0.0000 active=0.0000 s_dense=0.00 s_pos=0.0000 s_sel=0.0000 s_sel_pos=0.0000 s_hot_err=0.000000 s_bg_err=0.000000 s_gap=0.000000 conf_cos=0.0000 conf_proj=0.00 val_mse=0.35269461 val_mae=0.41886922
[worker2/etth1_all_methods_long_v2] [time_series][epoch 032] lambda=0.0000 g_scale=0.000 train_total=0.09163896 train_sup=0.09163896 train_imit=0.00000000 mean_w=0.0000 active=0.0000 s_dense=0.00 s_pos=0.0000 s_sel=0.0000 s_sel_pos=0.0000 s_hot_err=0.000000 s_bg_err=0.000000 s_gap=0.000000 conf_cos=0.0000 conf_proj=0.00 val_mse=0.35253503 val_mae=0.41265193
[worker2/etth1_all_methods_long_v2] [time_series][epoch 033] lambda=0.0000 g_scale=0.000 train_total=0.09016476 train_sup=0.09016476 train_imit=0.00000000 mean_w=0.0000 active=0.0000 s_dense=0.00 s_pos=0.0000 s_sel=0.0000 s_sel_pos=0.0000 s_hot_err=0.000000 s_bg_err=0.000000 s_gap=0.000000 conf_cos=0.0000 conf_proj=0.00 val_mse=0.35950313 val_mae=0.41623280
[worker2/etth1_all_methods_long_v2] [time_series][epoch 034] lambda=0.0000 g_scale=0.000 train_total=0.08986425 train_sup=0.08986425 train_imit=0.00000000 mean_w=0.0000 active=0.0000 s_dense=0.00 s_pos=0.0000 s_sel=0.0000 s_sel_pos=0.0000 s_hot_err=0.000000 s_bg_err=0.000000 s_gap=0.000000 conf_cos=0.0000 conf_proj=0.00 val_mse=0.37635066 val_mae=0.43123660
[worker2/etth1_all_methods_long_v2] [time_series][epoch 035] lambda=0.0000 g_scale=0.000 train_total=0.08917303 train_sup=0.08917303 train_imit=0.00000000 mean_w=0.0000 active=0.0000 s_dense=0.00 s_pos=0.0000 s_sel=0.0000 s_sel_pos=0.0000 s_hot_err=0.000000 s_bg_err=0.000000 s_gap=0.000000 conf_cos=0.0000 conf_proj=0.00 val_mse=0.34633187 val_mae=0.41007770
[worker2/etth1_all_methods_long_v2] [time_series][epoch 036] lambda=0.0000 g_scale=0.000 train_total=0.08929855 train_sup=0.08929855 train_imit=0.00000000 mean_w=0.0000 active=0.0000 s_dense=0.00 s_pos=0.0000 s_sel=0.0000 s_sel_pos=0.0000 s_hot_err=0.000000 s_bg_err=0.000000 s_gap=0.000000 conf_cos=0.0000 conf_proj=0.00 val_mse=0.35964041 val_mae=0.42529010
[worker2/etth1_all_methods_long_v2] [time_series][epoch 037] lambda=0.0000 g_scale=0.000 train_total=0.08756503 train_sup=0.08756503 train_imit=0.00000000 mean_w=0.0000 active=0.0000 s_dense=0.00 s_pos=0.0000 s_sel=0.0000 s_sel_pos=0.0000 s_hot_err=0.000000 s_bg_err=0.000000 s_gap=0.000000 conf_cos=0.0000 conf_proj=0.00 val_mse=0.37020356 val_mae=0.42643653
[worker2/etth1_all_methods_long_v2] [time_series][epoch 038] lambda=0.0000 g_scale=0.000 train_total=0.08704264 train_sup=0.08704264 train_imit=0.00000000 mean_w=0.0000 active=0.0000 s_dense=0.00 s_pos=0.0000 s_sel=0.0000 s_sel_pos=0.0000 s_hot_err=0.000000 s_bg_err=0.000000 s_gap=0.000000 conf_cos=0.0000 conf_proj=0.00 val_mse=0.36806899 val_mae=0.42410124
[worker2/etth1_all_methods_long_v2] [time_series][epoch 039] lambda=0.0000 g_scale=0.000 train_total=0.08615446 train_sup=0.08615446 train_imit=0.00000000 mean_w=0.0000 active=0.0000 s_dense=0.00 s_pos=0.0000 s_sel=0.0000 s_sel_pos=0.0000 s_hot_err=0.000000 s_bg_err=0.000000 s_gap=0.000000 conf_cos=0.0000 conf_proj=0.00 val_mse=0.35668630 val_mae=0.41977754
[worker2/etth1_all_methods_long_v2] [time_series][epoch 040] lambda=0.0000 g_scale=0.000 train_total=0.08592103 train_sup=0.08592103 train_imit=0.00000000 mean_w=0.0000 active=0.0000 s_dense=0.00 s_pos=0.0000 s_sel=0.0000 s_sel_pos=0.0000 s_hot_err=0.000000 s_bg_err=0.000000 s_gap=0.000000 conf_cos=0.0000 conf_proj=0.00 val_mse=0.38015231 val_mae=0.43812861
[worker2/etth1_all_methods_long_v2] [time_series][epoch 040] updated live plot
[worker2/etth1_all_methods_long_v2] [time_series][epoch 041] lambda=0.0000 g_scale=0.000 train_total=0.08520818 train_sup=0.08520818 train_imit=0.00000000 mean_w=0.0000 active=0.0000 s_dense=0.00 s_pos=0.0000 s_sel=0.0000 s_sel_pos=0.0000 s_hot_err=0.000000 s_bg_err=0.000000 s_gap=0.000000 conf_cos=0.0000 conf_proj=0.00 val_mse=0.37791320 val_mae=0.43447802
[worker2/etth1_all_methods_long_v2] [time_series][epoch 042] lambda=0.0000 g_scale=0.000 train_total=0.08479523 train_sup=0.08479523 train_imit=0.00000000 mean_w=0.0000 active=0.0000 s_dense=0.00 s_pos=0.0000 s_sel=0.0000 s_sel_pos=0.0000 s_hot_err=0.000000 s_bg_err=0.000000 s_gap=0.000000 conf_cos=0.0000 conf_proj=0.00 val_mse=0.37177508 val_mae=0.42522612
[worker2/etth1_all_methods_long_v2] [time_series][epoch 043] lambda=0.0000 g_scale=0.000 train_total=0.08431192 train_sup=0.08431192 train_imit=0.00000000 mean_w=0.0000 active=0.0000 s_dense=0.00 s_pos=0.0000 s_sel=0.0000 s_sel_pos=0.0000 s_hot_err=0.000000 s_bg_err=0.000000 s_gap=0.000000 conf_cos=0.0000 conf_proj=0.00 val_mse=0.37233008 val_mae=0.42489955
[worker2/etth1_all_methods_long_v2] [time_series][epoch 044] lambda=0.0000 g_scale=0.000 train_total=0.08358770 train_sup=0.08358770 train_imit=0.00000000 mean_w=0.0000 active=0.0000 s_dense=0.00 s_pos=0.0000 s_sel=0.0000 s_sel_pos=0.0000 s_hot_err=0.000000 s_bg_err=0.000000 s_gap=0.000000 conf_cos=0.0000 conf_proj=0.00 val_mse=0.36180049 val_mae=0.42161462
[worker2/etth1_all_methods_long_v2] [time_series][epoch 045] lambda=0.0000 g_scale=0.000 train_total=0.08307194 train_sup=0.08307194 train_imit=0.00000000 mean_w=0.0000 active=0.0000 s_dense=0.00 s_pos=0.0000 s_sel=0.0000 s_sel_pos=0.0000 s_hot_err=0.000000 s_bg_err=0.000000 s_gap=0.000000 conf_cos=0.0000 conf_proj=0.00 val_mse=0.37333585 val_mae=0.43440213
[worker2/etth1_all_methods_long_v2] [time_series][epoch 046] lambda=0.0000 g_scale=0.000 train_total=0.08265704 train_sup=0.08265704 train_imit=0.00000000 mean_w=0.0000 active=0.0000 s_dense=0.00 s_pos=0.0000 s_sel=0.0000 s_sel_pos=0.0000 s_hot_err=0.000000 s_bg_err=0.000000 s_gap=0.000000 conf_cos=0.0000 conf_proj=0.00 val_mse=0.36995420 val_mae=0.43064771
[worker2/etth1_all_methods_long_v2] [time_series][epoch 047] lambda=0.0000 g_scale=0.000 train_total=0.08223890 train_sup=0.08223890 train_imit=0.00000000 mean_w=0.0000 active=0.0000 s_dense=0.00 s_pos=0.0000 s_sel=0.0000 s_sel_pos=0.0000 s_hot_err=0.000000 s_bg_err=0.000000 s_gap=0.000000 conf_cos=0.0000 conf_proj=0.00 val_mse=0.37429638 val_mae=0.43556996
[worker2/etth1_all_methods_long_v2] [time_series][epoch 048] lambda=0.0000 g_scale=0.000 train_total=0.08187067 train_sup=0.08187067 train_imit=0.00000000 mean_w=0.0000 active=0.0000 s_dense=0.00 s_pos=0.0000 s_sel=0.0000 s_sel_pos=0.0000 s_hot_err=0.000000 s_bg_err=0.000000 s_gap=0.000000 conf_cos=0.0000 conf_proj=0.00 val_mse=0.36273222 val_mae=0.42400210
[worker2/etth1_all_methods_long_v2] [time_series][epoch 049] lambda=0.0000 g_scale=0.000 train_total=0.08104168 train_sup=0.08104168 train_imit=0.00000000 mean_w=0.0000 active=0.0000 s_dense=0.00 s_pos=0.0000 s_sel=0.0000 s_sel_pos=0.0000 s_hot_err=0.000000 s_bg_err=0.000000 s_gap=0.000000 conf_cos=0.0000 conf_proj=0.00 val_mse=0.35333891 val_mae=0.41592535
[worker2/etth1_all_methods_long_v2] [time_series][epoch 050] lambda=0.0000 g_scale=0.000 train_total=0.08073527 train_sup=0.08073527 train_imit=0.00000000 mean_w=0.0000 active=0.0000 s_dense=0.00 s_pos=0.0000 s_sel=0.0000 s_sel_pos=0.0000 s_hot_err=0.000000 s_bg_err=0.000000 s_gap=0.000000 conf_cos=0.0000 conf_proj=0.00 val_mse=0.37674358 val_mae=0.43498470
[worker2/etth1_all_methods_long_v2] [time_series][epoch 050] updated live plot
[worker2/etth1_all_methods_long_v2] [time_series][epoch 051] lambda=0.0000 g_scale=0.000 train_total=0.08060227 train_sup=0.08060227 train_imit=0.00000000 mean_w=0.0000 active=0.0000 s_dense=0.00 s_pos=0.0000 s_sel=0.0000 s_sel_pos=0.0000 s_hot_err=0.000000 s_bg_err=0.000000 s_gap=0.000000 conf_cos=0.0000 conf_proj=0.00 val_mse=0.36679325 val_mae=0.42759188
[worker2/etth1_all_methods_long_v2] [time_series][epoch 052] lambda=0.0000 g_scale=0.000 train_total=0.07979254 train_sup=0.07979254 train_imit=0.00000000 mean_w=0.0000 active=0.0000 s_dense=0.00 s_pos=0.0000 s_sel=0.0000 s_sel_pos=0.0000 s_hot_err=0.000000 s_bg_err=0.000000 s_gap=0.000000 conf_cos=0.0000 conf_proj=0.00 val_mse=0.37374611 val_mae=0.42975859
[worker2/etth1_all_methods_long_v2] [time_series][epoch 053] lambda=0.0000 g_scale=0.000 train_total=0.07929566 train_sup=0.07929566 train_imit=0.00000000 mean_w=0.0000 active=0.0000 s_dense=0.00 s_pos=0.0000 s_sel=0.0000 s_sel_pos=0.0000 s_hot_err=0.000000 s_bg_err=0.000000 s_gap=0.000000 conf_cos=0.0000 conf_proj=0.00 val_mse=0.38362241 val_mae=0.43462367
[worker2/etth1_all_methods_long_v2] [time_series][epoch 054] lambda=0.0000 g_scale=0.000 train_total=0.07912499 train_sup=0.07912499 train_imit=0.00000000 mean_w=0.0000 active=0.0000 s_dense=0.00 s_pos=0.0000 s_sel=0.0000 s_sel_pos=0.0000 s_hot_err=0.000000 s_bg_err=0.000000 s_gap=0.000000 conf_cos=0.0000 conf_proj=0.00 val_mse=0.40108106 val_mae=0.44381175
[worker2/etth1_all_methods_long_v2] [time_series][epoch 055] lambda=0.0000 g_scale=0.000 train_total=0.07859725 train_sup=0.07859725 train_imit=0.00000000 mean_w=0.0000 active=0.0000 s_dense=0.00 s_pos=0.0000 s_sel=0.0000 s_sel_pos=0.0000 s_hot_err=0.000000 s_bg_err=0.000000 s_gap=0.000000 conf_cos=0.0000 conf_proj=0.00 val_mse=0.37377316 val_mae=0.43098307
[worker2/etth1_all_methods_long_v2] [time_series][epoch 056] lambda=0.0000 g_scale=0.000 train_total=0.07845287 train_sup=0.07845287 train_imit=0.00000000 mean_w=0.0000 active=0.0000 s_dense=0.00 s_pos=0.0000 s_sel=0.0000 s_sel_pos=0.0000 s_hot_err=0.000000 s_bg_err=0.000000 s_gap=0.000000 conf_cos=0.0000 conf_proj=0.00 val_mse=0.38392569 val_mae=0.43443700
[worker2/etth1_all_methods_long_v2] [time_series][epoch 057] lambda=0.0000 g_scale=0.000 train_total=0.07773924 train_sup=0.07773924 train_imit=0.00000000 mean_w=0.0000 active=0.0000 s_dense=0.00 s_pos=0.0000 s_sel=0.0000 s_sel_pos=0.0000 s_hot_err=0.000000 s_bg_err=0.000000 s_gap=0.000000 conf_cos=0.0000 conf_proj=0.00 val_mse=0.37323180 val_mae=0.42669179
[worker2/etth1_all_methods_long_v2] [time_series][epoch 058] lambda=0.0000 g_scale=0.000 train_total=0.07772582 train_sup=0.07772582 train_imit=0.00000000 mean_w=0.0000 active=0.0000 s_dense=0.00 s_pos=0.0000 s_sel=0.0000 s_sel_pos=0.0000 s_hot_err=0.000000 s_bg_err=0.000000 s_gap=0.000000 conf_cos=0.0000 conf_proj=0.00 val_mse=0.38367728 val_mae=0.43735308
[worker2/etth1_all_methods_long_v2] [time_series][epoch 059] lambda=0.0000 g_scale=0.000 train_total=0.07800098 train_sup=0.07800098 train_imit=0.00000000 mean_w=0.0000 active=0.0000 s_dense=0.00 s_pos=0.0000 s_sel=0.0000 s_sel_pos=0.0000 s_hot_err=0.000000 s_bg_err=0.000000 s_gap=0.000000 conf_cos=0.0000 conf_proj=0.00 val_mse=0.38484868 val_mae=0.43891430
[worker2/etth1_all_methods_long_v2] [time_series][epoch 060] lambda=0.0000 g_scale=0.000 train_total=0.07734030 train_sup=0.07734030 train_imit=0.00000000 mean_w=0.0000 active=0.0000 s_dense=0.00 s_pos=0.0000 s_sel=0.0000 s_sel_pos=0.0000 s_hot_err=0.000000 s_bg_err=0.000000 s_gap=0.000000 conf_cos=0.0000 conf_proj=0.00 val_mse=0.36585684 val_mae=0.42442220
[worker2/etth1_all_methods_long_v2] [time_series][epoch 060] updated live plot
[worker2/etth1_all_methods_long_v2] [time_series][epoch 061] lambda=0.0000 g_scale=0.000 train_total=0.07631311 train_sup=0.07631311 train_imit=0.00000000 mean_w=0.0000 active=0.0000 s_dense=0.00 s_pos=0.0000 s_sel=0.0000 s_sel_pos=0.0000 s_hot_err=0.000000 s_bg_err=0.000000 s_gap=0.000000 conf_cos=0.0000 conf_proj=0.00 val_mse=0.36257992 val_mae=0.42084040
[worker2/etth1_all_methods_long_v2] [time_series][epoch 062] lambda=0.0000 g_scale=0.000 train_total=0.07675414 train_sup=0.07675414 train_imit=0.00000000 mean_w=0.0000 active=0.0000 s_dense=0.00 s_pos=0.0000 s_sel=0.0000 s_sel_pos=0.0000 s_hot_err=0.000000 s_bg_err=0.000000 s_gap=0.000000 conf_cos=0.0000 conf_proj=0.00 val_mse=0.36598217 val_mae=0.42572686
[worker2/etth1_all_methods_long_v2] [time_series][epoch 063] lambda=0.0000 g_scale=0.000 train_total=0.07586611 train_sup=0.07586611 train_imit=0.00000000 mean_w=0.0000 active=0.0000 s_dense=0.00 s_pos=0.0000 s_sel=0.0000 s_sel_pos=0.0000 s_hot_err=0.000000 s_bg_err=0.000000 s_gap=0.000000 conf_cos=0.0000 conf_proj=0.00 val_mse=0.39176879 val_mae=0.44293624
[worker2/etth1_all_methods_long_v2] [time_series][epoch 064] lambda=0.0000 g_scale=0.000 train_total=0.07583857 train_sup=0.07583857 train_imit=0.00000000 mean_w=0.0000 active=0.0000 s_dense=0.00 s_pos=0.0000 s_sel=0.0000 s_sel_pos=0.0000 s_hot_err=0.000000 s_bg_err=0.000000 s_gap=0.000000 conf_cos=0.0000 conf_proj=0.00 val_mse=0.37835958 val_mae=0.43944225
[worker2/etth1_all_methods_long_v2] [time_series][epoch 065] lambda=0.0000 g_scale=0.000 train_total=0.07536414 train_sup=0.07536414 train_imit=0.00000000 mean_w=0.0000 active=0.0000 s_dense=0.00 s_pos=0.0000 s_sel=0.0000 s_sel_pos=0.0000 s_hot_err=0.000000 s_bg_err=0.000000 s_gap=0.000000 conf_cos=0.0000 conf_proj=0.00 val_mse=0.39754621 val_mae=0.44593963
[worker2/etth1_all_methods_long_v2] [time_series][epoch 066] lambda=0.0000 g_scale=0.000 train_total=0.07556160 train_sup=0.07556160 train_imit=0.00000000 mean_w=0.0000 active=0.0000 s_dense=0.00 s_pos=0.0000 s_sel=0.0000 s_sel_pos=0.0000 s_hot_err=0.000000 s_bg_err=0.000000 s_gap=0.000000 conf_cos=0.0000 conf_proj=0.00 val_mse=0.38752740 val_mae=0.43632223
[worker2/etth1_all_methods_long_v2] [time_series][epoch 067] lambda=0.0000 g_scale=0.000 train_total=0.07535095 train_sup=0.07535095 train_imit=0.00000000 mean_w=0.0000 active=0.0000 s_dense=0.00 s_pos=0.0000 s_sel=0.0000 s_sel_pos=0.0000 s_hot_err=0.000000 s_bg_err=0.000000 s_gap=0.000000 conf_cos=0.0000 conf_proj=0.00 val_mse=0.39425242 val_mae=0.45131030
[worker2/etth1_all_methods_long_v2] [time_series][epoch 068] lambda=0.0000 g_scale=0.000 train_total=0.07494238 train_sup=0.07494238 train_imit=0.00000000 mean_w=0.0000 active=0.0000 s_dense=0.00 s_pos=0.0000 s_sel=0.0000 s_sel_pos=0.0000 s_hot_err=0.000000 s_bg_err=0.000000 s_gap=0.000000 conf_cos=0.0000 conf_proj=0.00 val_mse=0.38797312 val_mae=0.44088862
[worker2/etth1_all_methods_long_v2] [time_series][epoch 069] lambda=0.0000 g_scale=0.000 train_total=0.07470142 train_sup=0.07470142 train_imit=0.00000000 mean_w=0.0000 active=0.0000 s_dense=0.00 s_pos=0.0000 s_sel=0.0000 s_sel_pos=0.0000 s_hot_err=0.000000 s_bg_err=0.000000 s_gap=0.000000 conf_cos=0.0000 conf_proj=0.00 val_mse=0.37988479 val_mae=0.43625326
[worker2/etth1_all_methods_long_v2] [time_series][epoch 070] lambda=0.0000 g_scale=0.000 train_total=0.07454190 train_sup=0.07454190 train_imit=0.00000000 mean_w=0.0000 active=0.0000 s_dense=0.00 s_pos=0.0000 s_sel=0.0000 s_sel_pos=0.0000 s_hot_err=0.000000 s_bg_err=0.000000 s_gap=0.000000 conf_cos=0.0000 conf_proj=0.00 val_mse=0.39129656 val_mae=0.44099824
[worker2/etth1_all_methods_long_v2] [time_series][epoch 070] updated live plot
[worker2/etth1_all_methods_long_v2] [time_series][epoch 071] lambda=0.0000 g_scale=0.000 train_total=0.07396804 train_sup=0.07396804 train_imit=0.00000000 mean_w=0.0000 active=0.0000 s_dense=0.00 s_pos=0.0000 s_sel=0.0000 s_sel_pos=0.0000 s_hot_err=0.000000 s_bg_err=0.000000 s_gap=0.000000 conf_cos=0.0000 conf_proj=0.00 val_mse=0.39217139 val_mae=0.44175167
[worker2/etth1_all_methods_long_v2] [time_series][epoch 072] lambda=0.0000 g_scale=0.000 train_total=0.07333105 train_sup=0.07333105 train_imit=0.00000000 mean_w=0.0000 active=0.0000 s_dense=0.00 s_pos=0.0000 s_sel=0.0000 s_sel_pos=0.0000 s_hot_err=0.000000 s_bg_err=0.000000 s_gap=0.000000 conf_cos=0.0000 conf_proj=0.00 val_mse=0.38798722 val_mae=0.44404023
[worker2/etth1_all_methods_long_v2] [time_series][epoch 073] lambda=0.0000 g_scale=0.000 train_total=0.07363512 train_sup=0.07363512 train_imit=0.00000000 mean_w=0.0000 active=0.0000 s_dense=0.00 s_pos=0.0000 s_sel=0.0000 s_sel_pos=0.0000 s_hot_err=0.000000 s_bg_err=0.000000 s_gap=0.000000 conf_cos=0.0000 conf_proj=0.00 val_mse=0.37584131 val_mae=0.43390503
[worker2/etth1_all_methods_long_v2] [time_series][epoch 074] lambda=0.0000 g_scale=0.000 train_total=0.07272108 train_sup=0.07272108 train_imit=0.00000000 mean_w=0.0000 active=0.0000 s_dense=0.00 s_pos=0.0000 s_sel=0.0000 s_sel_pos=0.0000 s_hot_err=0.000000 s_bg_err=0.000000 s_gap=0.000000 conf_cos=0.0000 conf_proj=0.00 val_mse=0.39489823 val_mae=0.44221166
[worker2/etth1_all_methods_long_v2] [time_series][epoch 075] lambda=0.0000 g_scale=0.000 train_total=0.07250926 train_sup=0.07250926 train_imit=0.00000000 mean_w=0.0000 active=0.0000 s_dense=0.00 s_pos=0.0000 s_sel=0.0000 s_sel_pos=0.0000 s_hot_err=0.000000 s_bg_err=0.000000 s_gap=0.000000 conf_cos=0.0000 conf_proj=0.00 val_mse=0.38122192 val_mae=0.43224776
[worker2/etth1_all_methods_long_v2] [time_series][epoch 076] lambda=0.0000 g_scale=0.000 train_total=0.07257114 train_sup=0.07257114 train_imit=0.00000000 mean_w=0.0000 active=0.0000 s_dense=0.00 s_pos=0.0000 s_sel=0.0000 s_sel_pos=0.0000 s_hot_err=0.000000 s_bg_err=0.000000 s_gap=0.000000 conf_cos=0.0000 conf_proj=0.00 val_mse=0.39589612 val_mae=0.44581249
[worker2/etth1_all_methods_long_v2] [time_series][epoch 077] lambda=0.0000 g_scale=0.000 train_total=0.07275239 train_sup=0.07275239 train_imit=0.00000000 mean_w=0.0000 active=0.0000 s_dense=0.00 s_pos=0.0000 s_sel=0.0000 s_sel_pos=0.0000 s_hot_err=0.000000 s_bg_err=0.000000 s_gap=0.000000 conf_cos=0.0000 conf_proj=0.00 val_mse=0.40686101 val_mae=0.44731603
[worker2/etth1_all_methods_long_v2] [time_series][epoch 078] lambda=0.0000 g_scale=0.000 train_total=0.07244809 train_sup=0.07244809 train_imit=0.00000000 mean_w=0.0000 active=0.0000 s_dense=0.00 s_pos=0.0000 s_sel=0.0000 s_sel_pos=0.0000 s_hot_err=0.000000 s_bg_err=0.000000 s_gap=0.000000 conf_cos=0.0000 conf_proj=0.00 val_mse=0.37222034 val_mae=0.42747218
[worker2/etth1_all_methods_long_v2] [time_series][epoch 079] lambda=0.0000 g_scale=0.000 train_total=0.07199294 train_sup=0.07199294 train_imit=0.00000000 mean_w=0.0000 active=0.0000 s_dense=0.00 s_pos=0.0000 s_sel=0.0000 s_sel_pos=0.0000 s_hot_err=0.000000 s_bg_err=0.000000 s_gap=0.000000 conf_cos=0.0000 conf_proj=0.00 val_mse=0.37827781 val_mae=0.43305513
[worker2/etth1_all_methods_long_v2] [time_series][epoch 080] lambda=0.0000 g_scale=0.000 train_total=0.07137443 train_sup=0.07137443 train_imit=0.00000000 mean_w=0.0000 active=0.0000 s_dense=0.00 s_pos=0.0000 s_sel=0.0000 s_sel_pos=0.0000 s_hot_err=0.000000 s_bg_err=0.000000 s_gap=0.000000 conf_cos=0.0000 conf_proj=0.00 val_mse=0.36987145 val_mae=0.42665373
[worker2/etth1_all_methods_long_v2] [time_series][epoch 080] updated live plot
[worker2/etth1_all_methods_long_v2] [time_series][epoch 081] lambda=0.0000 g_scale=0.000 train_total=0.07137322 train_sup=0.07137322 train_imit=0.00000000 mean_w=0.0000 active=0.0000 s_dense=0.00 s_pos=0.0000 s_sel=0.0000 s_sel_pos=0.0000 s_hot_err=0.000000 s_bg_err=0.000000 s_gap=0.000000 conf_cos=0.0000 conf_proj=0.00 val_mse=0.39112560 val_mae=0.44186276
[worker2/etth1_all_methods_long_v2] [time_series][epoch 082] lambda=0.0000 g_scale=0.000 train_total=0.07085554 train_sup=0.07085554 train_imit=0.00000000 mean_w=0.0000 active=0.0000 s_dense=0.00 s_pos=0.0000 s_sel=0.0000 s_sel_pos=0.0000 s_hot_err=0.000000 s_bg_err=0.000000 s_gap=0.000000 conf_cos=0.0000 conf_proj=0.00 val_mse=0.37250445 val_mae=0.42974972
[worker2/etth1_all_methods_long_v2] [time_series][epoch 083] lambda=0.0000 g_scale=0.000 train_total=0.07114380 train_sup=0.07114380 train_imit=0.00000000 mean_w=0.0000 active=0.0000 s_dense=0.00 s_pos=0.0000 s_sel=0.0000 s_sel_pos=0.0000 s_hot_err=0.000000 s_bg_err=0.000000 s_gap=0.000000 conf_cos=0.0000 conf_proj=0.00 val_mse=0.40569168 val_mae=0.44948759
[worker2/etth1_all_methods_long_v2] [time_series][epoch 084] lambda=0.0000 g_scale=0.000 train_total=0.07116795 train_sup=0.07116795 train_imit=0.00000000 mean_w=0.0000 active=0.0000 s_dense=0.00 s_pos=0.0000 s_sel=0.0000 s_sel_pos=0.0000 s_hot_err=0.000000 s_bg_err=0.000000 s_gap=0.000000 conf_cos=0.0000 conf_proj=0.00 val_mse=0.38658309 val_mae=0.43570930
[worker2/etth1_all_methods_long_v2] [time_series][epoch 085] lambda=0.0000 g_scale=0.000 train_total=0.07102724 train_sup=0.07102724 train_imit=0.00000000 mean_w=0.0000 active=0.0000 s_dense=0.00 s_pos=0.0000 s_sel=0.0000 s_sel_pos=0.0000 s_hot_err=0.000000 s_bg_err=0.000000 s_gap=0.000000 conf_cos=0.0000 conf_proj=0.00 val_mse=0.38642234 val_mae=0.43391502
[worker2/etth1_all_methods_long_v2] [time_series][epoch 086] lambda=0.0000 g_scale=0.000 train_total=0.07052553 train_sup=0.07052553 train_imit=0.00000000 mean_w=0.0000 active=0.0000 s_dense=0.00 s_pos=0.0000 s_sel=0.0000 s_sel_pos=0.0000 s_hot_err=0.000000 s_bg_err=0.000000 s_gap=0.000000 conf_cos=0.0000 conf_proj=0.00 val_mse=0.40811615 val_mae=0.44857233
[worker2/etth1_all_methods_long_v2] [time_series][epoch 087] lambda=0.0000 g_scale=0.000 train_total=0.06991993 train_sup=0.06991993 train_imit=0.00000000 mean_w=0.0000 active=0.0000 s_dense=0.00 s_pos=0.0000 s_sel=0.0000 s_sel_pos=0.0000 s_hot_err=0.000000 s_bg_err=0.000000 s_gap=0.000000 conf_cos=0.0000 conf_proj=0.00 val_mse=0.41327859 val_mae=0.45584895
[worker2/etth1_all_methods_long_v2] [time_series][epoch 088] lambda=0.0000 g_scale=0.000 train_total=0.07060244 train_sup=0.07060244 train_imit=0.00000000 mean_w=0.0000 active=0.0000 s_dense=0.00 s_pos=0.0000 s_sel=0.0000 s_sel_pos=0.0000 s_hot_err=0.000000 s_bg_err=0.000000 s_gap=0.000000 conf_cos=0.0000 conf_proj=0.00 val_mse=0.38795190 val_mae=0.44457139
[worker2/etth1_all_methods_long_v2] [time_series][epoch 089] lambda=0.0000 g_scale=0.000 train_total=0.06979652 train_sup=0.06979652 train_imit=0.00000000 mean_w=0.0000 active=0.0000 s_dense=0.00 s_pos=0.0000 s_sel=0.0000 s_sel_pos=0.0000 s_hot_err=0.000000 s_bg_err=0.000000 s_gap=0.000000 conf_cos=0.0000 conf_proj=0.00 val_mse=0.40872159 val_mae=0.45230593
[worker2/etth1_all_methods_long_v2] [time_series][epoch 090] lambda=0.0000 g_scale=0.000 train_total=0.07007451 train_sup=0.07007451 train_imit=0.00000000 mean_w=0.0000 active=0.0000 s_dense=0.00 s_pos=0.0000 s_sel=0.0000 s_sel_pos=0.0000 s_hot_err=0.000000 s_bg_err=0.000000 s_gap=0.000000 conf_cos=0.0000 conf_proj=0.00 val_mse=0.39956292 val_mae=0.44090822
[worker2/etth1_all_methods_long_v2] [time_series][epoch 090] updated live plot
[worker2/etth1_all_methods_long_v2] [time_series][epoch 091] lambda=0.0000 g_scale=0.000 train_total=0.06983428 train_sup=0.06983428 train_imit=0.00000000 mean_w=0.0000 active=0.0000 s_dense=0.00 s_pos=0.0000 s_sel=0.0000 s_sel_pos=0.0000 s_hot_err=0.000000 s_bg_err=0.000000 s_gap=0.000000 conf_cos=0.0000 conf_proj=0.00 val_mse=0.42066792 val_mae=0.45939234
[worker2/etth1_all_methods_long_v2] [time_series][epoch 092] lambda=0.0000 g_scale=0.000 train_total=0.06920962 train_sup=0.06920962 train_imit=0.00000000 mean_w=0.0000 active=0.0000 s_dense=0.00 s_pos=0.0000 s_sel=0.0000 s_sel_pos=0.0000 s_hot_err=0.000000 s_bg_err=0.000000 s_gap=0.000000 conf_cos=0.0000 conf_proj=0.00 val_mse=0.40259710 val_mae=0.44689528
[worker2/etth1_all_methods_long_v2] [time_series][epoch 093] lambda=0.0000 g_scale=0.000 train_total=0.06917598 train_sup=0.06917598 train_imit=0.00000000 mean_w=0.0000 active=0.0000 s_dense=0.00 s_pos=0.0000 s_sel=0.0000 s_sel_pos=0.0000 s_hot_err=0.000000 s_bg_err=0.000000 s_gap=0.000000 conf_cos=0.0000 conf_proj=0.00 val_mse=0.39568118 val_mae=0.44194311
[worker2/etth1_all_methods_long_v2] [time_series][epoch 094] lambda=0.0000 g_scale=0.000 train_total=0.06917413 train_sup=0.06917413 train_imit=0.00000000 mean_w=0.0000 active=0.0000 s_dense=0.00 s_pos=0.0000 s_sel=0.0000 s_sel_pos=0.0000 s_hot_err=0.000000 s_bg_err=0.000000 s_gap=0.000000 conf_cos=0.0000 conf_proj=0.00 val_mse=0.41233508 val_mae=0.45187115
[worker2/etth1_all_methods_long_v2] [time_series][epoch 095] lambda=0.0000 g_scale=0.000 train_total=0.06871297 train_sup=0.06871297 train_imit=0.00000000 mean_w=0.0000 active=0.0000 s_dense=0.00 s_pos=0.0000 s_sel=0.0000 s_sel_pos=0.0000 s_hot_err=0.000000 s_bg_err=0.000000 s_gap=0.000000 conf_cos=0.0000 conf_proj=0.00 val_mse=0.39263442 val_mae=0.43904260
[worker2/etth1_all_methods_long_v2] [time_series][epoch 096] lambda=0.0000 g_scale=0.000 train_total=0.06864521 train_sup=0.06864521 train_imit=0.00000000 mean_w=0.0000 active=0.0000 s_dense=0.00 s_pos=0.0000 s_sel=0.0000 s_sel_pos=0.0000 s_hot_err=0.000000 s_bg_err=0.000000 s_gap=0.000000 conf_cos=0.0000 conf_proj=0.00 val_mse=0.41858625 val_mae=0.45757530
[worker2/etth1_all_methods_long_v2] [time_series][epoch 097] lambda=0.0000 g_scale=0.000 train_total=0.06835454 train_sup=0.06835454 train_imit=0.00000000 mean_w=0.0000 active=0.0000 s_dense=0.00 s_pos=0.0000 s_sel=0.0000 s_sel_pos=0.0000 s_hot_err=0.000000 s_bg_err=0.000000 s_gap=0.000000 conf_cos=0.0000 conf_proj=0.00 val_mse=0.39469269 val_mae=0.44454203
[worker2/etth1_all_methods_long_v2] [time_series][epoch 098] lambda=0.0000 g_scale=0.000 train_total=0.06870675 train_sup=0.06870675 train_imit=0.00000000 mean_w=0.0000 active=0.0000 s_dense=0.00 s_pos=0.0000 s_sel=0.0000 s_sel_pos=0.0000 s_hot_err=0.000000 s_bg_err=0.000000 s_gap=0.000000 conf_cos=0.0000 conf_proj=0.00 val_mse=0.40114514 val_mae=0.44994956
[worker2/etth1_all_methods_long_v2] [time_series][epoch 099] lambda=0.0000 g_scale=0.000 train_total=0.06866355 train_sup=0.06866355 train_imit=0.00000000 mean_w=0.0000 active=0.0000 s_dense=0.00 s_pos=0.0000 s_sel=0.0000 s_sel_pos=0.0000 s_hot_err=0.000000 s_bg_err=0.000000 s_gap=0.000000 conf_cos=0.0000 conf_proj=0.00 val_mse=0.39220589 val_mae=0.44466977
[worker2/etth1_all_methods_long_v2] [time_series][epoch 100] lambda=0.0000 g_scale=0.000 train_total=0.06813440 train_sup=0.06813440 train_imit=0.00000000 mean_w=0.0000 active=0.0000 s_dense=0.00 s_pos=0.0000 s_sel=0.0000 s_sel_pos=0.0000 s_hot_err=0.000000 s_bg_err=0.000000 s_gap=0.000000 conf_cos=0.0000 conf_proj=0.00 val_mse=0.40717246 val_mae=0.45018791
[worker2/etth1_all_methods_long_v2] [time_series][epoch 100] updated live plot
[worker2/etth1_all_methods_long_v2] [time_series][epoch 101] lambda=0.0000 g_scale=0.000 train_total=0.06765667 train_sup=0.06765667 train_imit=0.00000000 mean_w=0.0000 active=0.0000 s_dense=0.00 s_pos=0.0000 s_sel=0.0000 s_sel_pos=0.0000 s_hot_err=0.000000 s_bg_err=0.000000 s_gap=0.000000 conf_cos=0.0000 conf_proj=0.00 val_mse=0.39934787 val_mae=0.44534781
[worker2/etth1_all_methods_long_v2] [time_series][epoch 102] lambda=0.0000 g_scale=0.000 train_total=0.06820806 train_sup=0.06820806 train_imit=0.00000000 mean_w=0.0000 active=0.0000 s_dense=0.00 s_pos=0.0000 s_sel=0.0000 s_sel_pos=0.0000 s_hot_err=0.000000 s_bg_err=0.000000 s_gap=0.000000 conf_cos=0.0000 conf_proj=0.00 val_mse=0.40459364 val_mae=0.44572954
[worker2/etth1_all_methods_long_v2] [time_series][epoch 103] lambda=0.0000 g_scale=0.000 train_total=0.06782278 train_sup=0.06782278 train_imit=0.00000000 mean_w=0.0000 active=0.0000 s_dense=0.00 s_pos=0.0000 s_sel=0.0000 s_sel_pos=0.0000 s_hot_err=0.000000 s_bg_err=0.000000 s_gap=0.000000 conf_cos=0.0000 conf_proj=0.00 val_mse=0.39950841 val_mae=0.44023089
[worker2/etth1_all_methods_long_v2] [time_series][epoch 104] lambda=0.0000 g_scale=0.000 train_total=0.06752130 train_sup=0.06752130 train_imit=0.00000000 mean_w=0.0000 active=0.0000 s_dense=0.00 s_pos=0.0000 s_sel=0.0000 s_sel_pos=0.0000 s_hot_err=0.000000 s_bg_err=0.000000 s_gap=0.000000 conf_cos=0.0000 conf_proj=0.00 val_mse=0.41285890 val_mae=0.45167619
[worker2/etth1_all_methods_long_v2] [time_series][epoch 105] lambda=0.0000 g_scale=0.000 train_total=0.06732520 train_sup=0.06732520 train_imit=0.00000000 mean_w=0.0000 active=0.0000 s_dense=0.00 s_pos=0.0000 s_sel=0.0000 s_sel_pos=0.0000 s_hot_err=0.000000 s_bg_err=0.000000 s_gap=0.000000 conf_cos=0.0000 conf_proj=0.00 val_mse=0.40235012 val_mae=0.44835820
[worker2/etth1_all_methods_long_v2] [time_series][epoch 106] lambda=0.0000 g_scale=0.000 train_total=0.06718479 train_sup=0.06718479 train_imit=0.00000000 mean_w=0.0000 active=0.0000 s_dense=0.00 s_pos=0.0000 s_sel=0.0000 s_sel_pos=0.0000 s_hot_err=0.000000 s_bg_err=0.000000 s_gap=0.000000 conf_cos=0.0000 conf_proj=0.00 val_mse=0.41532035 val_mae=0.45485849
[worker2/etth1_all_methods_long_v2] [time_series][epoch 107] lambda=0.0000 g_scale=0.000 train_total=0.06694996 train_sup=0.06694996 train_imit=0.00000000 mean_w=0.0000 active=0.0000 s_dense=0.00 s_pos=0.0000 s_sel=0.0000 s_sel_pos=0.0000 s_hot_err=0.000000 s_bg_err=0.000000 s_gap=0.000000 conf_cos=0.0000 conf_proj=0.00 val_mse=0.40989622 val_mae=0.44861902
[worker2/etth1_all_methods_long_v2] [time_series][epoch 108] lambda=0.0000 g_scale=0.000 train_total=0.06662827 train_sup=0.06662827 train_imit=0.00000000 mean_w=0.0000 active=0.0000 s_dense=0.00 s_pos=0.0000 s_sel=0.0000 s_sel_pos=0.0000 s_hot_err=0.000000 s_bg_err=0.000000 s_gap=0.000000 conf_cos=0.0000 conf_proj=0.00 val_mse=0.40271012 val_mae=0.44933322
[worker2/etth1_all_methods_long_v2] [time_series][epoch 109] lambda=0.0000 g_scale=0.000 train_total=0.06692726 train_sup=0.06692726 train_imit=0.00000000 mean_w=0.0000 active=0.0000 s_dense=0.00 s_pos=0.0000 s_sel=0.0000 s_sel_pos=0.0000 s_hot_err=0.000000 s_bg_err=0.000000 s_gap=0.000000 conf_cos=0.0000 conf_proj=0.00 val_mse=0.39056932 val_mae=0.43477630
[worker2/etth1_all_methods_long_v2] [time_series][epoch 110] lambda=0.0000 g_scale=0.000 train_total=0.06647409 train_sup=0.06647409 train_imit=0.00000000 mean_w=0.0000 active=0.0000 s_dense=0.00 s_pos=0.0000 s_sel=0.0000 s_sel_pos=0.0000 s_hot_err=0.000000 s_bg_err=0.000000 s_gap=0.000000 conf_cos=0.0000 conf_proj=0.00 val_mse=0.39301007 val_mae=0.43863335
[worker2/etth1_all_methods_long_v2] [time_series][epoch 110] updated live plot
[worker2/etth1_all_methods_long_v2] [time_series][epoch 111] lambda=0.0000 g_scale=0.000 train_total=0.06634772 train_sup=0.06634772 train_imit=0.00000000 mean_w=0.0000 active=0.0000 s_dense=0.00 s_pos=0.0000 s_sel=0.0000 s_sel_pos=0.0000 s_hot_err=0.000000 s_bg_err=0.000000 s_gap=0.000000 conf_cos=0.0000 conf_proj=0.00 val_mse=0.39267237 val_mae=0.44120692
[worker2/etth1_all_methods_long_v2] [time_series][epoch 112] lambda=0.0000 g_scale=0.000 train_total=0.06649660 train_sup=0.06649660 train_imit=0.00000000 mean_w=0.0000 active=0.0000 s_dense=0.00 s_pos=0.0000 s_sel=0.0000 s_sel_pos=0.0000 s_hot_err=0.000000 s_bg_err=0.000000 s_gap=0.000000 conf_cos=0.0000 conf_proj=0.00 val_mse=0.38657894 val_mae=0.43942472
[worker2/etth1_all_methods_long_v2] [time_series][epoch 113] lambda=0.0000 g_scale=0.000 train_total=0.06624001 train_sup=0.06624001 train_imit=0.00000000 mean_w=0.0000 active=0.0000 s_dense=0.00 s_pos=0.0000 s_sel=0.0000 s_sel_pos=0.0000 s_hot_err=0.000000 s_bg_err=0.000000 s_gap=0.000000 conf_cos=0.0000 conf_proj=0.00 val_mse=0.42192561 val_mae=0.45264439
[worker2/etth1_all_methods_long_v2] [time_series][epoch 114] lambda=0.0000 g_scale=0.000 train_total=0.06627083 train_sup=0.06627083 train_imit=0.00000000 mean_w=0.0000 active=0.0000 s_dense=0.00 s_pos=0.0000 s_sel=0.0000 s_sel_pos=0.0000 s_hot_err=0.000000 s_bg_err=0.000000 s_gap=0.000000 conf_cos=0.0000 conf_proj=0.00 val_mse=0.40640101 val_mae=0.44639543
[worker2/etth1_all_methods_long_v2] [time_series][epoch 115] lambda=0.0000 g_scale=0.000 train_total=0.06590826 train_sup=0.06590826 train_imit=0.00000000 mean_w=0.0000 active=0.0000 s_dense=0.00 s_pos=0.0000 s_sel=0.0000 s_sel_pos=0.0000 s_hot_err=0.000000 s_bg_err=0.000000 s_gap=0.000000 conf_cos=0.0000 conf_proj=0.00 val_mse=0.43166058 val_mae=0.46582191
[worker2/etth1_all_methods_long_v2] [time_series][epoch 116] lambda=0.0000 g_scale=0.000 train_total=0.06589886 train_sup=0.06589886 train_imit=0.00000000 mean_w=0.0000 active=0.0000 s_dense=0.00 s_pos=0.0000 s_sel=0.0000 s_sel_pos=0.0000 s_hot_err=0.000000 s_bg_err=0.000000 s_gap=0.000000 conf_cos=0.0000 conf_proj=0.00 val_mse=0.42374939 val_mae=0.45890296
[worker2/etth1_all_methods_long_v2] [time_series][epoch 117] lambda=0.0000 g_scale=0.000 train_total=0.06581148 train_sup=0.06581148 train_imit=0.00000000 mean_w=0.0000 active=0.0000 s_dense=0.00 s_pos=0.0000 s_sel=0.0000 s_sel_pos=0.0000 s_hot_err=0.000000 s_bg_err=0.000000 s_gap=0.000000 conf_cos=0.0000 conf_proj=0.00 val_mse=0.41346084 val_mae=0.45147722
[worker2/etth1_all_methods_long_v2] [time_series][epoch 118] lambda=0.0000 g_scale=0.000 train_total=0.06599103 train_sup=0.06599103 train_imit=0.00000000 mean_w=0.0000 active=0.0000 s_dense=0.00 s_pos=0.0000 s_sel=0.0000 s_sel_pos=0.0000 s_hot_err=0.000000 s_bg_err=0.000000 s_gap=0.000000 conf_cos=0.0000 conf_proj=0.00 val_mse=0.40817826 val_mae=0.44924943
[worker2/etth1_all_methods_long_v2] [time_series][epoch 119] lambda=0.0000 g_scale=0.000 train_total=0.06537125 train_sup=0.06537125 train_imit=0.00000000 mean_w=0.0000 active=0.0000 s_dense=0.00 s_pos=0.0000 s_sel=0.0000 s_sel_pos=0.0000 s_hot_err=0.000000 s_bg_err=0.000000 s_gap=0.000000 conf_cos=0.0000 conf_proj=0.00 val_mse=0.40898912 val_mae=0.44898286
[worker2/etth1_all_methods_long_v2] [time_series][epoch 120] lambda=0.0000 g_scale=0.000 train_total=0.06500135 train_sup=0.06500135 train_imit=0.00000000 mean_w=0.0000 active=0.0000 s_dense=0.00 s_pos=0.0000 s_sel=0.0000 s_sel_pos=0.0000 s_hot_err=0.000000 s_bg_err=0.000000 s_gap=0.000000 conf_cos=0.0000 conf_proj=0.00 val_mse=0.41538028 val_mae=0.45236124
[worker2/etth1_all_methods_long_v2] [time_series][epoch 120] updated live plot
[worker2/etth1_all_methods_long_v2] [time_series][epoch 121] lambda=0.0000 g_scale=0.000 train_total=0.06522085 train_sup=0.06522085 train_imit=0.00000000 mean_w=0.0000 active=0.0000 s_dense=0.00 s_pos=0.0000 s_sel=0.0000 s_sel_pos=0.0000 s_hot_err=0.000000 s_bg_err=0.000000 s_gap=0.000000 conf_cos=0.0000 conf_proj=0.00 val_mse=0.41943660 val_mae=0.45734379
[worker2/etth1_all_methods_long_v2] [time_series][epoch 122] lambda=0.0000 g_scale=0.000 train_total=0.06502088 train_sup=0.06502088 train_imit=0.00000000 mean_w=0.0000 active=0.0000 s_dense=0.00 s_pos=0.0000 s_sel=0.0000 s_sel_pos=0.0000 s_hot_err=0.000000 s_bg_err=0.000000 s_gap=0.000000 conf_cos=0.0000 conf_proj=0.00 val_mse=0.41751725 val_mae=0.45481076
[worker2/etth1_all_methods_long_v2] [time_series][epoch 123] lambda=0.0000 g_scale=0.000 train_total=0.06485709 train_sup=0.06485709 train_imit=0.00000000 mean_w=0.0000 active=0.0000 s_dense=0.00 s_pos=0.0000 s_sel=0.0000 s_sel_pos=0.0000 s_hot_err=0.000000 s_bg_err=0.000000 s_gap=0.000000 conf_cos=0.0000 conf_proj=0.00 val_mse=0.41373300 val_mae=0.45044380
[worker2/etth1_all_methods_long_v2] [time_series][epoch 124] lambda=0.0000 g_scale=0.000 train_total=0.06452169 train_sup=0.06452169 train_imit=0.00000000 mean_w=0.0000 active=0.0000 s_dense=0.00 s_pos=0.0000 s_sel=0.0000 s_sel_pos=0.0000 s_hot_err=0.000000 s_bg_err=0.000000 s_gap=0.000000 conf_cos=0.0000 conf_proj=0.00 val_mse=0.42757970 val_mae=0.46071703
[worker2/etth1_all_methods_long_v2] [time_series][epoch 125] lambda=0.0000 g_scale=0.000 train_total=0.06492915 train_sup=0.06492915 train_imit=0.00000000 mean_w=0.0000 active=0.0000 s_dense=0.00 s_pos=0.0000 s_sel=0.0000 s_sel_pos=0.0000 s_hot_err=0.000000 s_bg_err=0.000000 s_gap=0.000000 conf_cos=0.0000 conf_proj=0.00 val_mse=0.39379697 val_mae=0.43483152
[worker2/etth1_all_methods_long_v2] [time_series][epoch 126] lambda=0.0000 g_scale=0.000 train_total=0.06474407 train_sup=0.06474407 train_imit=0.00000000 mean_w=0.0000 active=0.0000 s_dense=0.00 s_pos=0.0000 s_sel=0.0000 s_sel_pos=0.0000 s_hot_err=0.000000 s_bg_err=0.000000 s_gap=0.000000 conf_cos=0.0000 conf_proj=0.00 val_mse=0.42545960 val_mae=0.46264461
[worker2/etth1_all_methods_long_v2] [time_series][epoch 127] lambda=0.0000 g_scale=0.000 train_total=0.06458561 train_sup=0.06458561 train_imit=0.00000000 mean_w=0.0000 active=0.0000 s_dense=0.00 s_pos=0.0000 s_sel=0.0000 s_sel_pos=0.0000 s_hot_err=0.000000 s_bg_err=0.000000 s_gap=0.000000 conf_cos=0.0000 conf_proj=0.00 val_mse=0.40374907 val_mae=0.44736254
[worker2/etth1_all_methods_long_v2] [time_series][epoch 128] lambda=0.0000 g_scale=0.000 train_total=0.06444368 train_sup=0.06444368 train_imit=0.00000000 mean_w=0.0000 active=0.0000 s_dense=0.00 s_pos=0.0000 s_sel=0.0000 s_sel_pos=0.0000 s_hot_err=0.000000 s_bg_err=0.000000 s_gap=0.000000 conf_cos=0.0000 conf_proj=0.00 val_mse=0.43035054 val_mae=0.46195411
[worker2/etth1_all_methods_long_v2] [time_series][epoch 129] lambda=0.0000 g_scale=0.000 train_total=0.06428538 train_sup=0.06428538 train_imit=0.00000000 mean_w=0.0000 active=0.0000 s_dense=0.00 s_pos=0.0000 s_sel=0.0000 s_sel_pos=0.0000 s_hot_err=0.000000 s_bg_err=0.000000 s_gap=0.000000 conf_cos=0.0000 conf_proj=0.00 val_mse=0.41301728 val_mae=0.45295367
[worker2/etth1_all_methods_long_v2] [time_series][epoch 130] lambda=0.0000 g_scale=0.000 train_total=0.06415273 train_sup=0.06415273 train_imit=0.00000000 mean_w=0.0000 active=0.0000 s_dense=0.00 s_pos=0.0000 s_sel=0.0000 s_sel_pos=0.0000 s_hot_err=0.000000 s_bg_err=0.000000 s_gap=0.000000 conf_cos=0.0000 conf_proj=0.00 val_mse=0.41237153 val_mae=0.45389202
[worker2/etth1_all_methods_long_v2] [time_series][epoch 130] updated live plot
[worker2/etth1_all_methods_long_v2] [time_series][epoch 131] lambda=0.0000 g_scale=0.000 train_total=0.06402068 train_sup=0.06402068 train_imit=0.00000000 mean_w=0.0000 active=0.0000 s_dense=0.00 s_pos=0.0000 s_sel=0.0000 s_sel_pos=0.0000 s_hot_err=0.000000 s_bg_err=0.000000 s_gap=0.000000 conf_cos=0.0000 conf_proj=0.00 val_mse=0.41391898 val_mae=0.45370492
[worker2/etth1_all_methods_long_v2] [time_series][epoch 132] lambda=0.0000 g_scale=0.000 train_total=0.06395839 train_sup=0.06395839 train_imit=0.00000000 mean_w=0.0000 active=0.0000 s_dense=0.00 s_pos=0.0000 s_sel=0.0000 s_sel_pos=0.0000 s_hot_err=0.000000 s_bg_err=0.000000 s_gap=0.000000 conf_cos=0.0000 conf_proj=0.00 val_mse=0.38972206 val_mae=0.43665586
[worker2/etth1_all_methods_long_v2] [time_series][epoch 133] lambda=0.0000 g_scale=0.000 train_total=0.06395518 train_sup=0.06395518 train_imit=0.00000000 mean_w=0.0000 active=0.0000 s_dense=0.00 s_pos=0.0000 s_sel=0.0000 s_sel_pos=0.0000 s_hot_err=0.000000 s_bg_err=0.000000 s_gap=0.000000 conf_cos=0.0000 conf_proj=0.00 val_mse=0.42572280 val_mae=0.46328458
[worker2/etth1_all_methods_long_v2] [time_series][epoch 134] lambda=0.0000 g_scale=0.000 train_total=0.06375894 train_sup=0.06375894 train_imit=0.00000000 mean_w=0.0000 active=0.0000 s_dense=0.00 s_pos=0.0000 s_sel=0.0000 s_sel_pos=0.0000 s_hot_err=0.000000 s_bg_err=0.000000 s_gap=0.000000 conf_cos=0.0000 conf_proj=0.00 val_mse=0.41056261 val_mae=0.45136298
[worker2/etth1_all_methods_long_v2] [time_series][epoch 135] lambda=0.0000 g_scale=0.000 train_total=0.06354441 train_sup=0.06354441 train_imit=0.00000000 mean_w=0.0000 active=0.0000 s_dense=0.00 s_pos=0.0000 s_sel=0.0000 s_sel_pos=0.0000 s_hot_err=0.000000 s_bg_err=0.000000 s_gap=0.000000 conf_cos=0.0000 conf_proj=0.00 val_mse=0.40052499 val_mae=0.44058523
[worker2/etth1_all_methods_long_v2] [time_series][epoch 136] lambda=0.0000 g_scale=0.000 train_total=0.06360546 train_sup=0.06360546 train_imit=0.00000000 mean_w=0.0000 active=0.0000 s_dense=0.00 s_pos=0.0000 s_sel=0.0000 s_sel_pos=0.0000 s_hot_err=0.000000 s_bg_err=0.000000 s_gap=0.000000 conf_cos=0.0000 conf_proj=0.00 val_mse=0.40254767 val_mae=0.44859911
[worker2/etth1_all_methods_long_v2] [time_series][epoch 137] lambda=0.0000 g_scale=0.000 train_total=0.06316981 train_sup=0.06316981 train_imit=0.00000000 mean_w=0.0000 active=0.0000 s_dense=0.00 s_pos=0.0000 s_sel=0.0000 s_sel_pos=0.0000 s_hot_err=0.000000 s_bg_err=0.000000 s_gap=0.000000 conf_cos=0.0000 conf_proj=0.00 val_mse=0.41072205 val_mae=0.45390724
[worker2/etth1_all_methods_long_v2] [time_series][epoch 138] lambda=0.0000 g_scale=0.000 train_total=0.06319249 train_sup=0.06319249 train_imit=0.00000000 mean_w=0.0000 active=0.0000 s_dense=0.00 s_pos=0.0000 s_sel=0.0000 s_sel_pos=0.0000 s_hot_err=0.000000 s_bg_err=0.000000 s_gap=0.000000 conf_cos=0.0000 conf_proj=0.00 val_mse=0.42838234 val_mae=0.46451736
[worker2/etth1_all_methods_long_v2] [time_series][epoch 139] lambda=0.0000 g_scale=0.000 train_total=0.06358016 train_sup=0.06358016 train_imit=0.00000000 mean_w=0.0000 active=0.0000 s_dense=0.00 s_pos=0.0000 s_sel=0.0000 s_sel_pos=0.0000 s_hot_err=0.000000 s_bg_err=0.000000 s_gap=0.000000 conf_cos=0.0000 conf_proj=0.00 val_mse=0.40818254 val_mae=0.44786796
[worker2/etth1_all_methods_long_v2] [time_series][epoch 140] lambda=0.0000 g_scale=0.000 train_total=0.06322043 train_sup=0.06322043 train_imit=0.00000000 mean_w=0.0000 active=0.0000 s_dense=0.00 s_pos=0.0000 s_sel=0.0000 s_sel_pos=0.0000 s_hot_err=0.000000 s_bg_err=0.000000 s_gap=0.000000 conf_cos=0.0000 conf_proj=0.00 val_mse=0.42886878 val_mae=0.45573715
[worker2/etth1_all_methods_long_v2] [time_series][epoch 140] updated live plot
[worker2/etth1_all_methods_long_v2] [time_series][epoch 141] lambda=0.0000 g_scale=0.000 train_total=0.06325487 train_sup=0.06325487 train_imit=0.00000000 mean_w=0.0000 active=0.0000 s_dense=0.00 s_pos=0.0000 s_sel=0.0000 s_sel_pos=0.0000 s_hot_err=0.000000 s_bg_err=0.000000 s_gap=0.000000 conf_cos=0.0000 conf_proj=0.00 val_mse=0.41037098 val_mae=0.45034157
[worker2/etth1_all_methods_long_v2] [time_series][epoch 142] lambda=0.0000 g_scale=0.000 train_total=0.06289766 train_sup=0.06289766 train_imit=0.00000000 mean_w=0.0000 active=0.0000 s_dense=0.00 s_pos=0.0000 s_sel=0.0000 s_sel_pos=0.0000 s_hot_err=0.000000 s_bg_err=0.000000 s_gap=0.000000 conf_cos=0.0000 conf_proj=0.00 val_mse=0.41573583 val_mae=0.45220359
[worker2/etth1_all_methods_long_v2] [time_series][epoch 143] lambda=0.0000 g_scale=0.000 train_total=0.06309940 train_sup=0.06309940 train_imit=0.00000000 mean_w=0.0000 active=0.0000 s_dense=0.00 s_pos=0.0000 s_sel=0.0000 s_sel_pos=0.0000 s_hot_err=0.000000 s_bg_err=0.000000 s_gap=0.000000 conf_cos=0.0000 conf_proj=0.00 val_mse=0.40894229 val_mae=0.45165172
[worker2/etth1_all_methods_long_v2] [time_series][epoch 144] lambda=0.0000 g_scale=0.000 train_total=0.06274150 train_sup=0.06274150 train_imit=0.00000000 mean_w=0.0000 active=0.0000 s_dense=0.00 s_pos=0.0000 s_sel=0.0000 s_sel_pos=0.0000 s_hot_err=0.000000 s_bg_err=0.000000 s_gap=0.000000 conf_cos=0.0000 conf_proj=0.00 val_mse=0.44555251 val_mae=0.46826959
[worker2/etth1_all_methods_long_v2] [time_series][epoch 145] lambda=0.0000 g_scale=0.000 train_total=0.06273033 train_sup=0.06273033 train_imit=0.00000000 mean_w=0.0000 active=0.0000 s_dense=0.00 s_pos=0.0000 s_sel=0.0000 s_sel_pos=0.0000 s_hot_err=0.000000 s_bg_err=0.000000 s_gap=0.000000 conf_cos=0.0000 conf_proj=0.00 val_mse=0.40206665 val_mae=0.44628488
[worker2/etth1_all_methods_long_v2] [time_series][epoch 146] lambda=0.0000 g_scale=0.000 train_total=0.06269884 train_sup=0.06269884 train_imit=0.00000000 mean_w=0.0000 active=0.0000 s_dense=0.00 s_pos=0.0000 s_sel=0.0000 s_sel_pos=0.0000 s_hot_err=0.000000 s_bg_err=0.000000 s_gap=0.000000 conf_cos=0.0000 conf_proj=0.00 val_mse=0.42770462 val_mae=0.46146759
[worker2/etth1_all_methods_long_v2] [time_series][epoch 147] lambda=0.0000 g_scale=0.000 train_total=0.06264479 train_sup=0.06264479 train_imit=0.00000000 mean_w=0.0000 active=0.0000 s_dense=0.00 s_pos=0.0000 s_sel=0.0000 s_sel_pos=0.0000 s_hot_err=0.000000 s_bg_err=0.000000 s_gap=0.000000 conf_cos=0.0000 conf_proj=0.00 val_mse=0.40420856 val_mae=0.44448153
[worker2/etth1_all_methods_long_v2] [time_series][epoch 148] lambda=0.0000 g_scale=0.000 train_total=0.06235563 train_sup=0.06235563 train_imit=0.00000000 mean_w=0.0000 active=0.0000 s_dense=0.00 s_pos=0.0000 s_sel=0.0000 s_sel_pos=0.0000 s_hot_err=0.000000 s_bg_err=0.000000 s_gap=0.000000 conf_cos=0.0000 conf_proj=0.00 val_mse=0.42536299 val_mae=0.45650213
[worker2/etth1_all_methods_long_v2] [time_series][epoch 149] lambda=0.0000 g_scale=0.000 train_total=0.06228211 train_sup=0.06228211 train_imit=0.00000000 mean_w=0.0000 active=0.0000 s_dense=0.00 s_pos=0.0000 s_sel=0.0000 s_sel_pos=0.0000 s_hot_err=0.000000 s_bg_err=0.000000 s_gap=0.000000 conf_cos=0.0000 conf_proj=0.00 val_mse=0.42064199 val_mae=0.45662826
[worker2/etth1_all_methods_long_v2] [time_series][epoch 150] lambda=0.0000 g_scale=0.000 train_total=0.06187852 train_sup=0.06187852 train_imit=0.00000000 mean_w=0.0000 active=0.0000 s_dense=0.00 s_pos=0.0000 s_sel=0.0000 s_sel_pos=0.0000 s_hot_err=0.000000 s_bg_err=0.000000 s_gap=0.000000 conf_cos=0.0000 conf_proj=0.00 val_mse=0.41451849 val_mae=0.45278156
[worker2/etth1_all_methods_long_v2] [time_series][epoch 150] updated live plot
[worker2/etth1_all_methods_long_v2] [time_series][epoch 151] lambda=0.0000 g_scale=0.000 train_total=0.06207170 train_sup=0.06207170 train_imit=0.00000000 mean_w=0.0000 active=0.0000 s_dense=0.00 s_pos=0.0000 s_sel=0.0000 s_sel_pos=0.0000 s_hot_err=0.000000 s_bg_err=0.000000 s_gap=0.000000 conf_cos=0.0000 conf_proj=0.00 val_mse=0.41329314 val_mae=0.45641672
[worker2/etth1_all_methods_long_v2] [time_series][epoch 152] lambda=0.0000 g_scale=0.000 train_total=0.06228856 train_sup=0.06228856 train_imit=0.00000000 mean_w=0.0000 active=0.0000 s_dense=0.00 s_pos=0.0000 s_sel=0.0000 s_sel_pos=0.0000 s_hot_err=0.000000 s_bg_err=0.000000 s_gap=0.000000 conf_cos=0.0000 conf_proj=0.00 val_mse=0.40197724 val_mae=0.44769056
[worker2/etth1_all_methods_long_v2] [time_series][epoch 153] lambda=0.0000 g_scale=0.000 train_total=0.06187974 train_sup=0.06187974 train_imit=0.00000000 mean_w=0.0000 active=0.0000 s_dense=0.00 s_pos=0.0000 s_sel=0.0000 s_sel_pos=0.0000 s_hot_err=0.000000 s_bg_err=0.000000 s_gap=0.000000 conf_cos=0.0000 conf_proj=0.00 val_mse=0.42018617 val_mae=0.45732801
[worker2/etth1_all_methods_long_v2] [time_series][epoch 154] lambda=0.0000 g_scale=0.000 train_total=0.06191718 train_sup=0.06191718 train_imit=0.00000000 mean_w=0.0000 active=0.0000 s_dense=0.00 s_pos=0.0000 s_sel=0.0000 s_sel_pos=0.0000 s_hot_err=0.000000 s_bg_err=0.000000 s_gap=0.000000 conf_cos=0.0000 conf_proj=0.00 val_mse=0.41538041 val_mae=0.45630112
[worker2/etth1_all_methods_long_v2] [time_series][epoch 155] lambda=0.0000 g_scale=0.000 train_total=0.06155758 train_sup=0.06155758 train_imit=0.00000000 mean_w=0.0000 active=0.0000 s_dense=0.00 s_pos=0.0000 s_sel=0.0000 s_sel_pos=0.0000 s_hot_err=0.000000 s_bg_err=0.000000 s_gap=0.000000 conf_cos=0.0000 conf_proj=0.00 val_mse=0.40859759 val_mae=0.44750933
[worker2/etth1_all_methods_long_v2] [time_series][epoch 156] lambda=0.0000 g_scale=0.000 train_total=0.06163285 train_sup=0.06163285 train_imit=0.00000000 mean_w=0.0000 active=0.0000 s_dense=0.00 s_pos=0.0000 s_sel=0.0000 s_sel_pos=0.0000 s_hot_err=0.000000 s_bg_err=0.000000 s_gap=0.000000 conf_cos=0.0000 conf_proj=0.00 val_mse=0.42349602 val_mae=0.45915805
[worker2/etth1_all_methods_long_v2] [time_series][epoch 157] lambda=0.0000 g_scale=0.000 train_total=0.06177700 train_sup=0.06177700 train_imit=0.00000000 mean_w=0.0000 active=0.0000 s_dense=0.00 s_pos=0.0000 s_sel=0.0000 s_sel_pos=0.0000 s_hot_err=0.000000 s_bg_err=0.000000 s_gap=0.000000 conf_cos=0.0000 conf_proj=0.00 val_mse=0.40005585 val_mae=0.44208539
[worker2/etth1_all_methods_long_v2] [time_series][epoch 158] lambda=0.0000 g_scale=0.000 train_total=0.06124551 train_sup=0.06124551 train_imit=0.00000000 mean_w=0.0000 active=0.0000 s_dense=0.00 s_pos=0.0000 s_sel=0.0000 s_sel_pos=0.0000 s_hot_err=0.000000 s_bg_err=0.000000 s_gap=0.000000 conf_cos=0.0000 conf_proj=0.00 val_mse=0.41946059 val_mae=0.45534881
[worker2/etth1_all_methods_long_v2] [time_series][epoch 159] lambda=0.0000 g_scale=0.000 train_total=0.06156899 train_sup=0.06156899 train_imit=0.00000000 mean_w=0.0000 active=0.0000 s_dense=0.00 s_pos=0.0000 s_sel=0.0000 s_sel_pos=0.0000 s_hot_err=0.000000 s_bg_err=0.000000 s_gap=0.000000 conf_cos=0.0000 conf_proj=0.00 val_mse=0.41565213 val_mae=0.45246988
[worker2/etth1_all_methods_long_v2] [time_series][epoch 160] lambda=0.0000 g_scale=0.000 train_total=0.06131358 train_sup=0.06131358 train_imit=0.00000000 mean_w=0.0000 active=0.0000 s_dense=0.00 s_pos=0.0000 s_sel=0.0000 s_sel_pos=0.0000 s_hot_err=0.000000 s_bg_err=0.000000 s_gap=0.000000 conf_cos=0.0000 conf_proj=0.00 val_mse=0.41902845 val_mae=0.45832838
[worker2/etth1_all_methods_long_v2] [time_series][epoch 160] updated live plot
[worker2/etth1_all_methods_long_v2] [time_series][epoch 161] lambda=0.0000 g_scale=0.000 train_total=0.06154396 train_sup=0.06154396 train_imit=0.00000000 mean_w=0.0000 active=0.0000 s_dense=0.00 s_pos=0.0000 s_sel=0.0000 s_sel_pos=0.0000 s_hot_err=0.000000 s_bg_err=0.000000 s_gap=0.000000 conf_cos=0.0000 conf_proj=0.00 val_mse=0.41242510 val_mae=0.45254009
[worker2/etth1_all_methods_long_v2] [time_series][epoch 162] lambda=0.0000 g_scale=0.000 train_total=0.06145454 train_sup=0.06145454 train_imit=0.00000000 mean_w=0.0000 active=0.0000 s_dense=0.00 s_pos=0.0000 s_sel=0.0000 s_sel_pos=0.0000 s_hot_err=0.000000 s_bg_err=0.000000 s_gap=0.000000 conf_cos=0.0000 conf_proj=0.00 val_mse=0.42231859 val_mae=0.46191678
[worker2/etth1_all_methods_long_v2] [time_series][epoch 163] lambda=0.0000 g_scale=0.000 train_total=0.06107193 train_sup=0.06107193 train_imit=0.00000000 mean_w=0.0000 active=0.0000 s_dense=0.00 s_pos=0.0000 s_sel=0.0000 s_sel_pos=0.0000 s_hot_err=0.000000 s_bg_err=0.000000 s_gap=0.000000 conf_cos=0.0000 conf_proj=0.00 val_mse=0.41494341 val_mae=0.45388647
[worker2/etth1_all_methods_long_v2] [time_series][epoch 164] lambda=0.0000 g_scale=0.000 train_total=0.06104068 train_sup=0.06104068 train_imit=0.00000000 mean_w=0.0000 active=0.0000 s_dense=0.00 s_pos=0.0000 s_sel=0.0000 s_sel_pos=0.0000 s_hot_err=0.000000 s_bg_err=0.000000 s_gap=0.000000 conf_cos=0.0000 conf_proj=0.00 val_mse=0.40445127 val_mae=0.44600871
[worker2/etth1_all_methods_long_v2] [time_series][epoch 165] lambda=0.0000 g_scale=0.000 train_total=0.06108536 train_sup=0.06108536 train_imit=0.00000000 mean_w=0.0000 active=0.0000 s_dense=0.00 s_pos=0.0000 s_sel=0.0000 s_sel_pos=0.0000 s_hot_err=0.000000 s_bg_err=0.000000 s_gap=0.000000 conf_cos=0.0000 conf_proj=0.00 val_mse=0.41373548 val_mae=0.45349011
[worker2/etth1_all_methods_long_v2] [time_series][epoch 166] lambda=0.0000 g_scale=0.000 train_total=0.06094704 train_sup=0.06094704 train_imit=0.00000000 mean_w=0.0000 active=0.0000 s_dense=0.00 s_pos=0.0000 s_sel=0.0000 s_sel_pos=0.0000 s_hot_err=0.000000 s_bg_err=0.000000 s_gap=0.000000 conf_cos=0.0000 conf_proj=0.00 val_mse=0.39696718 val_mae=0.44356675
[worker2/etth1_all_methods_long_v2] [time_series][epoch 167] lambda=0.0000 g_scale=0.000 train_total=0.06099484 train_sup=0.06099484 train_imit=0.00000000 mean_w=0.0000 active=0.0000 s_dense=0.00 s_pos=0.0000 s_sel=0.0000 s_sel_pos=0.0000 s_hot_err=0.000000 s_bg_err=0.000000 s_gap=0.000000 conf_cos=0.0000 conf_proj=0.00 val_mse=0.39791393 val_mae=0.44102304
[worker2/etth1_all_methods_long_v2] [time_series][epoch 168] lambda=0.0000 g_scale=0.000 train_total=0.06061609 train_sup=0.06061609 train_imit=0.00000000 mean_w=0.0000 active=0.0000 s_dense=0.00 s_pos=0.0000 s_sel=0.0000 s_sel_pos=0.0000 s_hot_err=0.000000 s_bg_err=0.000000 s_gap=0.000000 conf_cos=0.0000 conf_proj=0.00 val_mse=0.40334305 val_mae=0.44818007
[worker2/etth1_all_methods_long_v2] [time_series][epoch 169] lambda=0.0000 g_scale=0.000 train_total=0.06067599 train_sup=0.06067599 train_imit=0.00000000 mean_w=0.0000 active=0.0000 s_dense=0.00 s_pos=0.0000 s_sel=0.0000 s_sel_pos=0.0000 s_hot_err=0.000000 s_bg_err=0.000000 s_gap=0.000000 conf_cos=0.0000 conf_proj=0.00 val_mse=0.41395718 val_mae=0.45015760
[worker2/etth1_all_methods_long_v2] [time_series][epoch 170] lambda=0.0000 g_scale=0.000 train_total=0.06062868 train_sup=0.06062868 train_imit=0.00000000 mean_w=0.0000 active=0.0000 s_dense=0.00 s_pos=0.0000 s_sel=0.0000 s_sel_pos=0.0000 s_hot_err=0.000000 s_bg_err=0.000000 s_gap=0.000000 conf_cos=0.0000 conf_proj=0.00 val_mse=0.41624072 val_mae=0.45680583
[worker2/etth1_all_methods_long_v2] [time_series][epoch 170] updated live plot
[worker2/etth1_all_methods_long_v2] [time_series][epoch 171] lambda=0.0000 g_scale=0.000 train_total=0.06085257 train_sup=0.06085257 train_imit=0.00000000 mean_w=0.0000 active=0.0000 s_dense=0.00 s_pos=0.0000 s_sel=0.0000 s_sel_pos=0.0000 s_hot_err=0.000000 s_bg_err=0.000000 s_gap=0.000000 conf_cos=0.0000 conf_proj=0.00 val_mse=0.40882204 val_mae=0.45029007
[worker2/etth1_all_methods_long_v2] [time_series][epoch 172] lambda=0.0000 g_scale=0.000 train_total=0.06085314 train_sup=0.06085314 train_imit=0.00000000 mean_w=0.0000 active=0.0000 s_dense=0.00 s_pos=0.0000 s_sel=0.0000 s_sel_pos=0.0000 s_hot_err=0.000000 s_bg_err=0.000000 s_gap=0.000000 conf_cos=0.0000 conf_proj=0.00 val_mse=0.40233903 val_mae=0.44708506
[worker2/etth1_all_methods_long_v2] [time_series][epoch 173] lambda=0.0000 g_scale=0.000 train_total=0.06039224 train_sup=0.06039224 train_imit=0.00000000 mean_w=0.0000 active=0.0000 s_dense=0.00 s_pos=0.0000 s_sel=0.0000 s_sel_pos=0.0000 s_hot_err=0.000000 s_bg_err=0.000000 s_gap=0.000000 conf_cos=0.0000 conf_proj=0.00 val_mse=0.40083927 val_mae=0.45046383
[worker2/etth1_all_methods_long_v2] [time_series][epoch 174] lambda=0.0000 g_scale=0.000 train_total=0.06044842 train_sup=0.06044842 train_imit=0.00000000 mean_w=0.0000 active=0.0000 s_dense=0.00 s_pos=0.0000 s_sel=0.0000 s_sel_pos=0.0000 s_hot_err=0.000000 s_bg_err=0.000000 s_gap=0.000000 conf_cos=0.0000 conf_proj=0.00 val_mse=0.41869900 val_mae=0.45172478
[worker2/etth1_all_methods_long_v2] [time_series][epoch 175] lambda=0.0000 g_scale=0.000 train_total=0.06039456 train_sup=0.06039456 train_imit=0.00000000 mean_w=0.0000 active=0.0000 s_dense=0.00 s_pos=0.0000 s_sel=0.0000 s_sel_pos=0.0000 s_hot_err=0.000000 s_bg_err=0.000000 s_gap=0.000000 conf_cos=0.0000 conf_proj=0.00 val_mse=0.42380457 val_mae=0.45809140
[worker2/etth1_all_methods_long_v2] [time_series][epoch 176] lambda=0.0000 g_scale=0.000 train_total=0.06022293 train_sup=0.06022293 train_imit=0.00000000 mean_w=0.0000 active=0.0000 s_dense=0.00 s_pos=0.0000 s_sel=0.0000 s_sel_pos=0.0000 s_hot_err=0.000000 s_bg_err=0.000000 s_gap=0.000000 conf_cos=0.0000 conf_proj=0.00 val_mse=0.39888509 val_mae=0.44444748
[worker2/etth1_all_methods_long_v2] [time_series][epoch 177] lambda=0.0000 g_scale=0.000 train_total=0.06000984 train_sup=0.06000984 train_imit=0.00000000 mean_w=0.0000 active=0.0000 s_dense=0.00 s_pos=0.0000 s_sel=0.0000 s_sel_pos=0.0000 s_hot_err=0.000000 s_bg_err=0.000000 s_gap=0.000000 conf_cos=0.0000 conf_proj=0.00 val_mse=0.39551589 val_mae=0.44044986
[worker2/etth1_all_methods_long_v2] [time_series][epoch 178] lambda=0.0000 g_scale=0.000 train_total=0.06027633 train_sup=0.06027633 train_imit=0.00000000 mean_w=0.0000 active=0.0000 s_dense=0.00 s_pos=0.0000 s_sel=0.0000 s_sel_pos=0.0000 s_hot_err=0.000000 s_bg_err=0.000000 s_gap=0.000000 conf_cos=0.0000 conf_proj=0.00 val_mse=0.40956963 val_mae=0.44897604
[worker2/etth1_all_methods_long_v2] [time_series][epoch 179] lambda=0.0000 g_scale=0.000 train_total=0.06030443 train_sup=0.06030443 train_imit=0.00000000 mean_w=0.0000 active=0.0000 s_dense=0.00 s_pos=0.0000 s_sel=0.0000 s_sel_pos=0.0000 s_hot_err=0.000000 s_bg_err=0.000000 s_gap=0.000000 conf_cos=0.0000 conf_proj=0.00 val_mse=0.40526600 val_mae=0.44606436
[worker2/etth1_all_methods_long_v2] [time_series][epoch 180] lambda=0.0000 g_scale=0.000 train_total=0.05984319 train_sup=0.05984319 train_imit=0.00000000 mean_w=0.0000 active=0.0000 s_dense=0.00 s_pos=0.0000 s_sel=0.0000 s_sel_pos=0.0000 s_hot_err=0.000000 s_bg_err=0.000000 s_gap=0.000000 conf_cos=0.0000 conf_proj=0.00 val_mse=0.39936558 val_mae=0.44391087
[worker2/etth1_all_methods_long_v2] [time_series][epoch 180] updated live plot
[worker2/etth1_all_methods_long_v2] [time_series][epoch 181] lambda=0.0000 g_scale=0.000 train_total=0.06008896 train_sup=0.06008896 train_imit=0.00000000 mean_w=0.0000 active=0.0000 s_dense=0.00 s_pos=0.0000 s_sel=0.0000 s_sel_pos=0.0000 s_hot_err=0.000000 s_bg_err=0.000000 s_gap=0.000000 conf_cos=0.0000 conf_proj=0.00 val_mse=0.39492557 val_mae=0.44172225
[worker2/etth1_all_methods_long_v2] [time_series][epoch 182] lambda=0.0000 g_scale=0.000 train_total=0.05981994 train_sup=0.05981994 train_imit=0.00000000 mean_w=0.0000 active=0.0000 s_dense=0.00 s_pos=0.0000 s_sel=0.0000 s_sel_pos=0.0000 s_hot_err=0.000000 s_bg_err=0.000000 s_gap=0.000000 conf_cos=0.0000 conf_proj=0.00 val_mse=0.41434004 val_mae=0.45347843
[worker2/etth1_all_methods_long_v2] [time_series][epoch 183] lambda=0.0000 g_scale=0.000 train_total=0.05979174 train_sup=0.05979174 train_imit=0.00000000 mean_w=0.0000 active=0.0000 s_dense=0.00 s_pos=0.0000 s_sel=0.0000 s_sel_pos=0.0000 s_hot_err=0.000000 s_bg_err=0.000000 s_gap=0.000000 conf_cos=0.0000 conf_proj=0.00 val_mse=0.41593767 val_mae=0.45313278
[worker2/etth1_all_methods_long_v2] [time_series][epoch 184] lambda=0.0000 g_scale=0.000 train_total=0.05990340 train_sup=0.05990340 train_imit=0.00000000 mean_w=0.0000 active=0.0000 s_dense=0.00 s_pos=0.0000 s_sel=0.0000 s_sel_pos=0.0000 s_hot_err=0.000000 s_bg_err=0.000000 s_gap=0.000000 conf_cos=0.0000 conf_proj=0.00 val_mse=0.41399884 val_mae=0.45460308
[worker2/etth1_all_methods_long_v2] [time_series][epoch 185] lambda=0.0000 g_scale=0.000 train_total=0.05960083 train_sup=0.05960083 train_imit=0.00000000 mean_w=0.0000 active=0.0000 s_dense=0.00 s_pos=0.0000 s_sel=0.0000 s_sel_pos=0.0000 s_hot_err=0.000000 s_bg_err=0.000000 s_gap=0.000000 conf_cos=0.0000 conf_proj=0.00 val_mse=0.41059638 val_mae=0.45049329
[worker2/etth1_all_methods_long_v2] [time_series][epoch 186] lambda=0.0000 g_scale=0.000 train_total=0.05929756 train_sup=0.05929756 train_imit=0.00000000 mean_w=0.0000 active=0.0000 s_dense=0.00 s_pos=0.0000 s_sel=0.0000 s_sel_pos=0.0000 s_hot_err=0.000000 s_bg_err=0.000000 s_gap=0.000000 conf_cos=0.0000 conf_proj=0.00 val_mse=0.40538300 val_mae=0.44854811
[worker2/etth1_all_methods_long_v2] [time_series][epoch 187] lambda=0.0000 g_scale=0.000 train_total=0.05964629 train_sup=0.05964629 train_imit=0.00000000 mean_w=0.0000 active=0.0000 s_dense=0.00 s_pos=0.0000 s_sel=0.0000 s_sel_pos=0.0000 s_hot_err=0.000000 s_bg_err=0.000000 s_gap=0.000000 conf_cos=0.0000 conf_proj=0.00 val_mse=0.39568962 val_mae=0.44367427
[worker2/etth1_all_methods_long_v2] [time_series][epoch 188] lambda=0.0000 g_scale=0.000 train_total=0.05961657 train_sup=0.05961657 train_imit=0.00000000 mean_w=0.0000 active=0.0000 s_dense=0.00 s_pos=0.0000 s_sel=0.0000 s_sel_pos=0.0000 s_hot_err=0.000000 s_bg_err=0.000000 s_gap=0.000000 conf_cos=0.0000 conf_proj=0.00 val_mse=0.40975355 val_mae=0.44965220
[worker2/etth1_all_methods_long_v2] [time_series][epoch 189] lambda=0.0000 g_scale=0.000 train_total=0.05935454 train_sup=0.05935454 train_imit=0.00000000 mean_w=0.0000 active=0.0000 s_dense=0.00 s_pos=0.0000 s_sel=0.0000 s_sel_pos=0.0000 s_hot_err=0.000000 s_bg_err=0.000000 s_gap=0.000000 conf_cos=0.0000 conf_proj=0.00 val_mse=0.41542310 val_mae=0.45599061
[worker2/etth1_all_methods_long_v2] [time_series][epoch 190] lambda=0.0000 g_scale=0.000 train_total=0.05952817 train_sup=0.05952817 train_imit=0.00000000 mean_w=0.0000 active=0.0000 s_dense=0.00 s_pos=0.0000 s_sel=0.0000 s_sel_pos=0.0000 s_hot_err=0.000000 s_bg_err=0.000000 s_gap=0.000000 conf_cos=0.0000 conf_proj=0.00 val_mse=0.41199656 val_mae=0.45237649
[worker2/etth1_all_methods_long_v2] [time_series][epoch 190] updated live plot
[worker2/etth1_all_methods_long_v2] [time_series][epoch 191] lambda=0.0000 g_scale=0.000 train_total=0.05918204 train_sup=0.05918204 train_imit=0.00000000 mean_w=0.0000 active=0.0000 s_dense=0.00 s_pos=0.0000 s_sel=0.0000 s_sel_pos=0.0000 s_hot_err=0.000000 s_bg_err=0.000000 s_gap=0.000000 conf_cos=0.0000 conf_proj=0.00 val_mse=0.39900194 val_mae=0.44168267
[worker2/etth1_all_methods_long_v2] [time_series][epoch 192] lambda=0.0000 g_scale=0.000 train_total=0.05921464 train_sup=0.05921464 train_imit=0.00000000 mean_w=0.0000 active=0.0000 s_dense=0.00 s_pos=0.0000 s_sel=0.0000 s_sel_pos=0.0000 s_hot_err=0.000000 s_bg_err=0.000000 s_gap=0.000000 conf_cos=0.0000 conf_proj=0.00 val_mse=0.41195310 val_mae=0.45398907
[worker2/etth1_all_methods_long_v2] [time_series][epoch 193] lambda=0.0000 g_scale=0.000 train_total=0.05930443 train_sup=0.05930443 train_imit=0.00000000 mean_w=0.0000 active=0.0000 s_dense=0.00 s_pos=0.0000 s_sel=0.0000 s_sel_pos=0.0000 s_hot_err=0.000000 s_bg_err=0.000000 s_gap=0.000000 conf_cos=0.0000 conf_proj=0.00 val_mse=0.40908963 val_mae=0.45538086
[worker2/etth1_all_methods_long_v2] [time_series][epoch 194] lambda=0.0000 g_scale=0.000 train_total=0.05912846 train_sup=0.05912846 train_imit=0.00000000 mean_w=0.0000 active=0.0000 s_dense=0.00 s_pos=0.0000 s_sel=0.0000 s_sel_pos=0.0000 s_hot_err=0.000000 s_bg_err=0.000000 s_gap=0.000000 conf_cos=0.0000 conf_proj=0.00 val_mse=0.41325251 val_mae=0.46029564
[worker2/etth1_all_methods_long_v2] [time_series][epoch 195] lambda=0.0000 g_scale=0.000 train_total=0.05905619 train_sup=0.05905619 train_imit=0.00000000 mean_w=0.0000 active=0.0000 s_dense=0.00 s_pos=0.0000 s_sel=0.0000 s_sel_pos=0.0000 s_hot_err=0.000000 s_bg_err=0.000000 s_gap=0.000000 conf_cos=0.0000 conf_proj=0.00 val_mse=0.40519708 val_mae=0.44913390
[worker2/etth1_all_methods_long_v2] [time_series][epoch 196] lambda=0.0000 g_scale=0.000 train_total=0.05909595 train_sup=0.05909595 train_imit=0.00000000 mean_w=0.0000 active=0.0000 s_dense=0.00 s_pos=0.0000 s_sel=0.0000 s_sel_pos=0.0000 s_hot_err=0.000000 s_bg_err=0.000000 s_gap=0.000000 conf_cos=0.0000 conf_proj=0.00 val_mse=0.40205229 val_mae=0.44763779
[worker2/etth1_all_methods_long_v2] [time_series][epoch 197] lambda=0.0000 g_scale=0.000 train_total=0.05882057 train_sup=0.05882057 train_imit=0.00000000 mean_w=0.0000 active=0.0000 s_dense=0.00 s_pos=0.0000 s_sel=0.0000 s_sel_pos=0.0000 s_hot_err=0.000000 s_bg_err=0.000000 s_gap=0.000000 conf_cos=0.0000 conf_proj=0.00 val_mse=0.41999564 val_mae=0.45817474
[worker2/etth1_all_methods_long_v2] [time_series][epoch 198] lambda=0.0000 g_scale=0.000 train_total=0.05875170 train_sup=0.05875170 train_imit=0.00000000 mean_w=0.0000 active=0.0000 s_dense=0.00 s_pos=0.0000 s_sel=0.0000 s_sel_pos=0.0000 s_hot_err=0.000000 s_bg_err=0.000000 s_gap=0.000000 conf_cos=0.0000 conf_proj=0.00 val_mse=0.40612077 val_mae=0.44809578
[worker2/etth1_all_methods_long_v2] [time_series][epoch 199] lambda=0.0000 g_scale=0.000 train_total=0.05877953 train_sup=0.05877953 train_imit=0.00000000 mean_w=0.0000 active=0.0000 s_dense=0.00 s_pos=0.0000 s_sel=0.0000 s_sel_pos=0.0000 s_hot_err=0.000000 s_bg_err=0.000000 s_gap=0.000000 conf_cos=0.0000 conf_proj=0.00 val_mse=0.42498172 val_mae=0.46030023
[worker2/etth1_all_methods_long_v2] [time_series][epoch 200] lambda=0.0000 g_scale=0.000 train_total=0.05872972 train_sup=0.05872972 train_imit=0.00000000 mean_w=0.0000 active=0.0000 s_dense=0.00 s_pos=0.0000 s_sel=0.0000 s_sel_pos=0.0000 s_hot_err=0.000000 s_bg_err=0.000000 s_gap=0.000000 conf_cos=0.0000 conf_proj=0.00 val_mse=0.43207499 val_mae=0.46714502
[worker2/etth1_all_methods_long_v2] [time_series][epoch 200] updated live plot
[worker2/etth1_all_methods_long_v2] [time_series] done
[worker2/etth1_all_methods_long_v2] [time_series] dataset=etth1 model=transformer method=independent seed=5 pred_len=24
[worker2/etth1_all_methods_long_v2] [time_series] run_dir=results/time_series_etth1_all_methods_long_v2/time_series/etth1/transformer_independent_huber_seed5
[worker2/etth1_all_methods_long_v2] [time_series] params=419240
[worker2/etth1_all_methods_long_v2] [time_series][epoch 001] lambda=0.0000 g_scale=0.000 train_total=0.36844624 train_sup=0.36844624 train_imit=0.00000000 mean_w=0.0000 active=0.0000 s_dense=0.00 s_pos=0.0000 s_sel=0.0000 s_sel_pos=0.0000 s_hot_err=0.000000 s_bg_err=0.000000 s_gap=0.000000 conf_cos=0.0000 conf_proj=0.00 val_mse=0.36209443 val_mae=0.41643600
[worker2/etth1_all_methods_long_v2] [time_series][epoch 002] lambda=0.0000 g_scale=0.000 train_total=0.25532756 train_sup=0.25532756 train_imit=0.00000000 mean_w=0.0000 active=0.0000 s_dense=0.00 s_pos=0.0000 s_sel=0.0000 s_sel_pos=0.0000 s_hot_err=0.000000 s_bg_err=0.000000 s_gap=0.000000 conf_cos=0.0000 conf_proj=0.00 val_mse=0.34716203 val_mae=0.41527772
[worker2/etth1_all_methods_long_v2] [time_series][epoch 003] lambda=0.0000 g_scale=0.000 train_total=0.23406687 train_sup=0.23406687 train_imit=0.00000000 mean_w=0.0000 active=0.0000 s_dense=0.00 s_pos=0.0000 s_sel=0.0000 s_sel_pos=0.0000 s_hot_err=0.000000 s_bg_err=0.000000 s_gap=0.000000 conf_cos=0.0000 conf_proj=0.00 val_mse=0.36332874 val_mae=0.41757301
[worker2/etth1_all_methods_long_v2] [time_series][epoch 004] lambda=0.0000 g_scale=0.000 train_total=0.21729397 train_sup=0.21729397 train_imit=0.00000000 mean_w=0.0000 active=0.0000 s_dense=0.00 s_pos=0.0000 s_sel=0.0000 s_sel_pos=0.0000 s_hot_err=0.000000 s_bg_err=0.000000 s_gap=0.000000 conf_cos=0.0000 conf_proj=0.00 val_mse=0.34461050 val_mae=0.40326089
[worker2/etth1_all_methods_long_v2] [time_series][epoch 005] lambda=0.0000 g_scale=0.000 train_total=0.20528674 train_sup=0.20528674 train_imit=0.00000000 mean_w=0.0000 active=0.0000 s_dense=0.00 s_pos=0.0000 s_sel=0.0000 s_sel_pos=0.0000 s_hot_err=0.000000 s_bg_err=0.000000 s_gap=0.000000 conf_cos=0.0000 conf_proj=0.00 val_mse=0.32989742 val_mae=0.39162443
[worker2/etth1_all_methods_long_v2] [time_series][epoch 006] lambda=0.0000 g_scale=0.000 train_total=0.19184046 train_sup=0.19184046 train_imit=0.00000000 mean_w=0.0000 active=0.0000 s_dense=0.00 s_pos=0.0000 s_sel=0.0000 s_sel_pos=0.0000 s_hot_err=0.000000 s_bg_err=0.000000 s_gap=0.000000 conf_cos=0.0000 conf_proj=0.00 val_mse=0.35783924 val_mae=0.42318500
[worker2/etth1_all_methods_long_v2] [time_series][epoch 007] lambda=0.0000 g_scale=0.000 train_total=0.18048087 train_sup=0.18048087 train_imit=0.00000000 mean_w=0.0000 active=0.0000 s_dense=0.00 s_pos=0.0000 s_sel=0.0000 s_sel_pos=0.0000 s_hot_err=0.000000 s_bg_err=0.000000 s_gap=0.000000 conf_cos=0.0000 conf_proj=0.00 val_mse=0.38120265 val_mae=0.42353885
[worker2/etth1_all_methods_long_v2] [time_series][epoch 008] lambda=0.0000 g_scale=0.000 train_total=0.17356007 train_sup=0.17356007 train_imit=0.00000000 mean_w=0.0000 active=0.0000 s_dense=0.00 s_pos=0.0000 s_sel=0.0000 s_sel_pos=0.0000 s_hot_err=0.000000 s_bg_err=0.000000 s_gap=0.000000 conf_cos=0.0000 conf_proj=0.00 val_mse=0.39275829 val_mae=0.43756520
[worker2/etth1_all_methods_long_v2] [time_series][epoch 009] lambda=0.0000 g_scale=0.000 train_total=0.16642386 train_sup=0.16642386 train_imit=0.00000000 mean_w=0.0000 active=0.0000 s_dense=0.00 s_pos=0.0000 s_sel=0.0000 s_sel_pos=0.0000 s_hot_err=0.000000 s_bg_err=0.000000 s_gap=0.000000 conf_cos=0.0000 conf_proj=0.00 val_mse=0.39747038 val_mae=0.44751610
[worker2/etth1_all_methods_long_v2] [time_series][epoch 010] lambda=0.0000 g_scale=0.000 train_total=0.15819680 train_sup=0.15819680 train_imit=0.00000000 mean_w=0.0000 active=0.0000 s_dense=0.00 s_pos=0.0000 s_sel=0.0000 s_sel_pos=0.0000 s_hot_err=0.000000 s_bg_err=0.000000 s_gap=0.000000 conf_cos=0.0000 conf_proj=0.00 val_mse=0.35082577 val_mae=0.40926938
[worker2/etth1_all_methods_long_v2] [time_series][epoch 010] updated live plot
[worker2/etth1_all_methods_long_v2] [time_series][epoch 011] lambda=0.0000 g_scale=0.000 train_total=0.15045350 train_sup=0.15045350 train_imit=0.00000000 mean_w=0.0000 active=0.0000 s_dense=0.00 s_pos=0.0000 s_sel=0.0000 s_sel_pos=0.0000 s_hot_err=0.000000 s_bg_err=0.000000 s_gap=0.000000 conf_cos=0.0000 conf_proj=0.00 val_mse=0.35544468 val_mae=0.42694096
[worker2/etth1_all_methods_long_v2] [time_series][epoch 012] lambda=0.0000 g_scale=0.000 train_total=0.14501779 train_sup=0.14501779 train_imit=0.00000000 mean_w=0.0000 active=0.0000 s_dense=0.00 s_pos=0.0000 s_sel=0.0000 s_sel_pos=0.0000 s_hot_err=0.000000 s_bg_err=0.000000 s_gap=0.000000 conf_cos=0.0000 conf_proj=0.00 val_mse=0.35354804 val_mae=0.42140252
[worker2/etth1_all_methods_long_v2] [time_series][epoch 013] lambda=0.0000 g_scale=0.000 train_total=0.13951907 train_sup=0.13951907 train_imit=0.00000000 mean_w=0.0000 active=0.0000 s_dense=0.00 s_pos=0.0000 s_sel=0.0000 s_sel_pos=0.0000 s_hot_err=0.000000 s_bg_err=0.000000 s_gap=0.000000 conf_cos=0.0000 conf_proj=0.00 val_mse=0.35514737 val_mae=0.42058040
[worker2/etth1_all_methods_long_v2] [time_series][epoch 014] lambda=0.0000 g_scale=0.000 train_total=0.13413370 train_sup=0.13413370 train_imit=0.00000000 mean_w=0.0000 active=0.0000 s_dense=0.00 s_pos=0.0000 s_sel=0.0000 s_sel_pos=0.0000 s_hot_err=0.000000 s_bg_err=0.000000 s_gap=0.000000 conf_cos=0.0000 conf_proj=0.00 val_mse=0.32455635 val_mae=0.39772735
[worker2/etth1_all_methods_long_v2] [time_series][epoch 015] lambda=0.0000 g_scale=0.000 train_total=0.13014376 train_sup=0.13014376 train_imit=0.00000000 mean_w=0.0000 active=0.0000 s_dense=0.00 s_pos=0.0000 s_sel=0.0000 s_sel_pos=0.0000 s_hot_err=0.000000 s_bg_err=0.000000 s_gap=0.000000 conf_cos=0.0000 conf_proj=0.00 val_mse=0.38357544 val_mae=0.43566749
[worker2/etth1_all_methods_long_v2] [time_series][epoch 016] lambda=0.0000 g_scale=0.000 train_total=0.12569118 train_sup=0.12569118 train_imit=0.00000000 mean_w=0.0000 active=0.0000 s_dense=0.00 s_pos=0.0000 s_sel=0.0000 s_sel_pos=0.0000 s_hot_err=0.000000 s_bg_err=0.000000 s_gap=0.000000 conf_cos=0.0000 conf_proj=0.00 val_mse=0.36227739 val_mae=0.42029266
[worker2/etth1_all_methods_long_v2] [time_series][epoch 017] lambda=0.0000 g_scale=0.000 train_total=0.12174514 train_sup=0.12174514 train_imit=0.00000000 mean_w=0.0000 active=0.0000 s_dense=0.00 s_pos=0.0000 s_sel=0.0000 s_sel_pos=0.0000 s_hot_err=0.000000 s_bg_err=0.000000 s_gap=0.000000 conf_cos=0.0000 conf_proj=0.00 val_mse=0.36285142 val_mae=0.42636182
[worker2/etth1_all_methods_long_v2] [time_series][epoch 018] lambda=0.0000 g_scale=0.000 train_total=0.11860680 train_sup=0.11860680 train_imit=0.00000000 mean_w=0.0000 active=0.0000 s_dense=0.00 s_pos=0.0000 s_sel=0.0000 s_sel_pos=0.0000 s_hot_err=0.000000 s_bg_err=0.000000 s_gap=0.000000 conf_cos=0.0000 conf_proj=0.00 val_mse=0.36671888 val_mae=0.43484729
[worker2/etth1_all_methods_long_v2] [time_series][epoch 019] lambda=0.0000 g_scale=0.000 train_total=0.11670525 train_sup=0.11670525 train_imit=0.00000000 mean_w=0.0000 active=0.0000 s_dense=0.00 s_pos=0.0000 s_sel=0.0000 s_sel_pos=0.0000 s_hot_err=0.000000 s_bg_err=0.000000 s_gap=0.000000 conf_cos=0.0000 conf_proj=0.00 val_mse=0.35218160 val_mae=0.42005312
[worker2/etth1_all_methods_long_v2] [time_series][epoch 020] lambda=0.0000 g_scale=0.000 train_total=0.11349840 train_sup=0.11349840 train_imit=0.00000000 mean_w=0.0000 active=0.0000 s_dense=0.00 s_pos=0.0000 s_sel=0.0000 s_sel_pos=0.0000 s_hot_err=0.000000 s_bg_err=0.000000 s_gap=0.000000 conf_cos=0.0000 conf_proj=0.00 val_mse=0.34222878 val_mae=0.41348516
[worker2/etth1_all_methods_long_v2] [time_series][epoch 020] updated live plot
[worker2/etth1_all_methods_long_v2] [time_series][epoch 021] lambda=0.0000 g_scale=0.000 train_total=0.11221258 train_sup=0.11221258 train_imit=0.00000000 mean_w=0.0000 active=0.0000 s_dense=0.00 s_pos=0.0000 s_sel=0.0000 s_sel_pos=0.0000 s_hot_err=0.000000 s_bg_err=0.000000 s_gap=0.000000 conf_cos=0.0000 conf_proj=0.00 val_mse=0.40385782 val_mae=0.46069379
[worker2/etth1_all_methods_long_v2] [time_series][epoch 022] lambda=0.0000 g_scale=0.000 train_total=0.10904118 train_sup=0.10904118 train_imit=0.00000000 mean_w=0.0000 active=0.0000 s_dense=0.00 s_pos=0.0000 s_sel=0.0000 s_sel_pos=0.0000 s_hot_err=0.000000 s_bg_err=0.000000 s_gap=0.000000 conf_cos=0.0000 conf_proj=0.00 val_mse=0.34051499 val_mae=0.41363565
[worker2/etth1_all_methods_long_v2] [time_series][epoch 023] lambda=0.0000 g_scale=0.000 train_total=0.10708500 train_sup=0.10708500 train_imit=0.00000000 mean_w=0.0000 active=0.0000 s_dense=0.00 s_pos=0.0000 s_sel=0.0000 s_sel_pos=0.0000 s_hot_err=0.000000 s_bg_err=0.000000 s_gap=0.000000 conf_cos=0.0000 conf_proj=0.00 val_mse=0.33524429 val_mae=0.41148552
[worker2/etth1_all_methods_long_v2] [time_series][epoch 024] lambda=0.0000 g_scale=0.000 train_total=0.10617540 train_sup=0.10617540 train_imit=0.00000000 mean_w=0.0000 active=0.0000 s_dense=0.00 s_pos=0.0000 s_sel=0.0000 s_sel_pos=0.0000 s_hot_err=0.000000 s_bg_err=0.000000 s_gap=0.000000 conf_cos=0.0000 conf_proj=0.00 val_mse=0.32304658 val_mae=0.39767830
[worker2/etth1_all_methods_long_v2] [time_series][epoch 025] lambda=0.0000 g_scale=0.000 train_total=0.10386930 train_sup=0.10386930 train_imit=0.00000000 mean_w=0.0000 active=0.0000 s_dense=0.00 s_pos=0.0000 s_sel=0.0000 s_sel_pos=0.0000 s_hot_err=0.000000 s_bg_err=0.000000 s_gap=0.000000 conf_cos=0.0000 conf_proj=0.00 val_mse=0.33789394 val_mae=0.41388122
[worker2/etth1_all_methods_long_v2] [time_series][epoch 026] lambda=0.0000 g_scale=0.000 train_total=0.10254751 train_sup=0.10254751 train_imit=0.00000000 mean_w=0.0000 active=0.0000 s_dense=0.00 s_pos=0.0000 s_sel=0.0000 s_sel_pos=0.0000 s_hot_err=0.000000 s_bg_err=0.000000 s_gap=0.000000 conf_cos=0.0000 conf_proj=0.00 val_mse=0.32770064 val_mae=0.40388829
[worker2/etth1_all_methods_long_v2] [time_series][epoch 027] lambda=0.0000 g_scale=0.000 train_total=0.10143413 train_sup=0.10143413 train_imit=0.00000000 mean_w=0.0000 active=0.0000 s_dense=0.00 s_pos=0.0000 s_sel=0.0000 s_sel_pos=0.0000 s_hot_err=0.000000 s_bg_err=0.000000 s_gap=0.000000 conf_cos=0.0000 conf_proj=0.00 val_mse=0.34092265 val_mae=0.41158569
[worker2/etth1_all_methods_long_v2] [time_series][epoch 028] lambda=0.0000 g_scale=0.000 train_total=0.09970529 train_sup=0.09970529 train_imit=0.00000000 mean_w=0.0000 active=0.0000 s_dense=0.00 s_pos=0.0000 s_sel=0.0000 s_sel_pos=0.0000 s_hot_err=0.000000 s_bg_err=0.000000 s_gap=0.000000 conf_cos=0.0000 conf_proj=0.00 val_mse=0.33358174 val_mae=0.40807513
[worker2/etth1_all_methods_long_v2] [time_series][epoch 029] lambda=0.0000 g_scale=0.000 train_total=0.09764657 train_sup=0.09764657 train_imit=0.00000000 mean_w=0.0000 active=0.0000 s_dense=0.00 s_pos=0.0000 s_sel=0.0000 s_sel_pos=0.0000 s_hot_err=0.000000 s_bg_err=0.000000 s_gap=0.000000 conf_cos=0.0000 conf_proj=0.00 val_mse=0.31770210 val_mae=0.39534557
[worker2/etth1_all_methods_long_v2] [time_series][epoch 030] lambda=0.0000 g_scale=0.000 train_total=0.09759677 train_sup=0.09759677 train_imit=0.00000000 mean_w=0.0000 active=0.0000 s_dense=0.00 s_pos=0.0000 s_sel=0.0000 s_sel_pos=0.0000 s_hot_err=0.000000 s_bg_err=0.000000 s_gap=0.000000 conf_cos=0.0000 conf_proj=0.00 val_mse=0.34146743 val_mae=0.41120658
[worker2/etth1_all_methods_long_v2] [time_series][epoch 030] updated live plot
[worker2/etth1_all_methods_long_v2] [time_series][epoch 031] lambda=0.0000 g_scale=0.000 train_total=0.09617072 train_sup=0.09617072 train_imit=0.00000000 mean_w=0.0000 active=0.0000 s_dense=0.00 s_pos=0.0000 s_sel=0.0000 s_sel_pos=0.0000 s_hot_err=0.000000 s_bg_err=0.000000 s_gap=0.000000 conf_cos=0.0000 conf_proj=0.00 val_mse=0.33888093 val_mae=0.41178503
[worker2/etth1_all_methods_long_v2] [time_series][epoch 032] lambda=0.0000 g_scale=0.000 train_total=0.09557857 train_sup=0.09557857 train_imit=0.00000000 mean_w=0.0000 active=0.0000 s_dense=0.00 s_pos=0.0000 s_sel=0.0000 s_sel_pos=0.0000 s_hot_err=0.000000 s_bg_err=0.000000 s_gap=0.000000 conf_cos=0.0000 conf_proj=0.00 val_mse=0.34166697 val_mae=0.41108715
[worker2/etth1_all_methods_long_v2] [time_series][epoch 033] lambda=0.0000 g_scale=0.000 train_total=0.09459452 train_sup=0.09459452 train_imit=0.00000000 mean_w=0.0000 active=0.0000 s_dense=0.00 s_pos=0.0000 s_sel=0.0000 s_sel_pos=0.0000 s_hot_err=0.000000 s_bg_err=0.000000 s_gap=0.000000 conf_cos=0.0000 conf_proj=0.00 val_mse=0.35233922 val_mae=0.41997732
[worker2/etth1_all_methods_long_v2] [time_series][epoch 034] lambda=0.0000 g_scale=0.000 train_total=0.09325140 train_sup=0.09325140 train_imit=0.00000000 mean_w=0.0000 active=0.0000 s_dense=0.00 s_pos=0.0000 s_sel=0.0000 s_sel_pos=0.0000 s_hot_err=0.000000 s_bg_err=0.000000 s_gap=0.000000 conf_cos=0.0000 conf_proj=0.00 val_mse=0.35376334 val_mae=0.42391797
[worker2/etth1_all_methods_long_v2] [time_series][epoch 035] lambda=0.0000 g_scale=0.000 train_total=0.09409490 train_sup=0.09409490 train_imit=0.00000000 mean_w=0.0000 active=0.0000 s_dense=0.00 s_pos=0.0000 s_sel=0.0000 s_sel_pos=0.0000 s_hot_err=0.000000 s_bg_err=0.000000 s_gap=0.000000 conf_cos=0.0000 conf_proj=0.00 val_mse=0.36144219 val_mae=0.42541298
[worker2/etth1_all_methods_long_v2] [time_series][epoch 036] lambda=0.0000 g_scale=0.000 train_total=0.09231610 train_sup=0.09231610 train_imit=0.00000000 mean_w=0.0000 active=0.0000 s_dense=0.00 s_pos=0.0000 s_sel=0.0000 s_sel_pos=0.0000 s_hot_err=0.000000 s_bg_err=0.000000 s_gap=0.000000 conf_cos=0.0000 conf_proj=0.00 val_mse=0.35693901 val_mae=0.42318902
[worker2/etth1_all_methods_long_v2] [time_series][epoch 037] lambda=0.0000 g_scale=0.000 train_total=0.09229219 train_sup=0.09229219 train_imit=0.00000000 mean_w=0.0000 active=0.0000 s_dense=0.00 s_pos=0.0000 s_sel=0.0000 s_sel_pos=0.0000 s_hot_err=0.000000 s_bg_err=0.000000 s_gap=0.000000 conf_cos=0.0000 conf_proj=0.00 val_mse=0.33809213 val_mae=0.40671953
[worker2/etth1_all_methods_long_v2] [time_series][epoch 038] lambda=0.0000 g_scale=0.000 train_total=0.09081417 train_sup=0.09081417 train_imit=0.00000000 mean_w=0.0000 active=0.0000 s_dense=0.00 s_pos=0.0000 s_sel=0.0000 s_sel_pos=0.0000 s_hot_err=0.000000 s_bg_err=0.000000 s_gap=0.000000 conf_cos=0.0000 conf_proj=0.00 val_mse=0.32674825 val_mae=0.39971020
[worker2/etth1_all_methods_long_v2] [time_series][epoch 039] lambda=0.0000 g_scale=0.000 train_total=0.08994853 train_sup=0.08994853 train_imit=0.00000000 mean_w=0.0000 active=0.0000 s_dense=0.00 s_pos=0.0000 s_sel=0.0000 s_sel_pos=0.0000 s_hot_err=0.000000 s_bg_err=0.000000 s_gap=0.000000 conf_cos=0.0000 conf_proj=0.00 val_mse=0.35514031 val_mae=0.42346875
[worker2/etth1_all_methods_long_v2] [time_series][epoch 040] lambda=0.0000 g_scale=0.000 train_total=0.08905907 train_sup=0.08905907 train_imit=0.00000000 mean_w=0.0000 active=0.0000 s_dense=0.00 s_pos=0.0000 s_sel=0.0000 s_sel_pos=0.0000 s_hot_err=0.000000 s_bg_err=0.000000 s_gap=0.000000 conf_cos=0.0000 conf_proj=0.00 val_mse=0.34794479 val_mae=0.42164959
[worker2/etth1_all_methods_long_v2] [time_series][epoch 040] updated live plot
[worker2/etth1_all_methods_long_v2] [time_series][epoch 041] lambda=0.0000 g_scale=0.000 train_total=0.08822928 train_sup=0.08822928 train_imit=0.00000000 mean_w=0.0000 active=0.0000 s_dense=0.00 s_pos=0.0000 s_sel=0.0000 s_sel_pos=0.0000 s_hot_err=0.000000 s_bg_err=0.000000 s_gap=0.000000 conf_cos=0.0000 conf_proj=0.00 val_mse=0.35474766 val_mae=0.42037677
[worker2/etth1_all_methods_long_v2] [time_series][epoch 042] lambda=0.0000 g_scale=0.000 train_total=0.08787210 train_sup=0.08787210 train_imit=0.00000000 mean_w=0.0000 active=0.0000 s_dense=0.00 s_pos=0.0000 s_sel=0.0000 s_sel_pos=0.0000 s_hot_err=0.000000 s_bg_err=0.000000 s_gap=0.000000 conf_cos=0.0000 conf_proj=0.00 val_mse=0.33788592 val_mae=0.40657316
[worker2/etth1_all_methods_long_v2] [time_series][epoch 043] lambda=0.0000 g_scale=0.000 train_total=0.08715467 train_sup=0.08715467 train_imit=0.00000000 mean_w=0.0000 active=0.0000 s_dense=0.00 s_pos=0.0000 s_sel=0.0000 s_sel_pos=0.0000 s_hot_err=0.000000 s_bg_err=0.000000 s_gap=0.000000 conf_cos=0.0000 conf_proj=0.00 val_mse=0.32745266 val_mae=0.39773574
[worker2/etth1_all_methods_long_v2] [time_series][epoch 044] lambda=0.0000 g_scale=0.000 train_total=0.08631299 train_sup=0.08631299 train_imit=0.00000000 mean_w=0.0000 active=0.0000 s_dense=0.00 s_pos=0.0000 s_sel=0.0000 s_sel_pos=0.0000 s_hot_err=0.000000 s_bg_err=0.000000 s_gap=0.000000 conf_cos=0.0000 conf_proj=0.00 val_mse=0.35581586 val_mae=0.42005495
[worker2/etth1_all_methods_long_v2] [time_series][epoch 045] lambda=0.0000 g_scale=0.000 train_total=0.08559306 train_sup=0.08559306 train_imit=0.00000000 mean_w=0.0000 active=0.0000 s_dense=0.00 s_pos=0.0000 s_sel=0.0000 s_sel_pos=0.0000 s_hot_err=0.000000 s_bg_err=0.000000 s_gap=0.000000 conf_cos=0.0000 conf_proj=0.00 val_mse=0.34421247 val_mae=0.41397472
[worker2/etth1_all_methods_long_v2] [time_series][epoch 046] lambda=0.0000 g_scale=0.000 train_total=0.08571170 train_sup=0.08571170 train_imit=0.00000000 mean_w=0.0000 active=0.0000 s_dense=0.00 s_pos=0.0000 s_sel=0.0000 s_sel_pos=0.0000 s_hot_err=0.000000 s_bg_err=0.000000 s_gap=0.000000 conf_cos=0.0000 conf_proj=0.00 val_mse=0.34511775 val_mae=0.41436392
[worker2/etth1_all_methods_long_v2] [time_series][epoch 047] lambda=0.0000 g_scale=0.000 train_total=0.08508982 train_sup=0.08508982 train_imit=0.00000000 mean_w=0.0000 active=0.0000 s_dense=0.00 s_pos=0.0000 s_sel=0.0000 s_sel_pos=0.0000 s_hot_err=0.000000 s_bg_err=0.000000 s_gap=0.000000 conf_cos=0.0000 conf_proj=0.00 val_mse=0.32819623 val_mae=0.40183587
[worker2/etth1_all_methods_long_v2] [time_series][epoch 048] lambda=0.0000 g_scale=0.000 train_total=0.08514568 train_sup=0.08514568 train_imit=0.00000000 mean_w=0.0000 active=0.0000 s_dense=0.00 s_pos=0.0000 s_sel=0.0000 s_sel_pos=0.0000 s_hot_err=0.000000 s_bg_err=0.000000 s_gap=0.000000 conf_cos=0.0000 conf_proj=0.00 val_mse=0.34466392 val_mae=0.41252289
[worker2/etth1_all_methods_long_v2] [time_series][epoch 049] lambda=0.0000 g_scale=0.000 train_total=0.08388160 train_sup=0.08388160 train_imit=0.00000000 mean_w=0.0000 active=0.0000 s_dense=0.00 s_pos=0.0000 s_sel=0.0000 s_sel_pos=0.0000 s_hot_err=0.000000 s_bg_err=0.000000 s_gap=0.000000 conf_cos=0.0000 conf_proj=0.00 val_mse=0.33073348 val_mae=0.40073967
[worker2/etth1_all_methods_long_v2] [time_series][epoch 050] lambda=0.0000 g_scale=0.000 train_total=0.08343095 train_sup=0.08343095 train_imit=0.00000000 mean_w=0.0000 active=0.0000 s_dense=0.00 s_pos=0.0000 s_sel=0.0000 s_sel_pos=0.0000 s_hot_err=0.000000 s_bg_err=0.000000 s_gap=0.000000 conf_cos=0.0000 conf_proj=0.00 val_mse=0.33622393 val_mae=0.40495086
[worker2/etth1_all_methods_long_v2] [time_series][epoch 050] updated live plot
[worker2/etth1_all_methods_long_v2] [time_series][epoch 051] lambda=0.0000 g_scale=0.000 train_total=0.08303822 train_sup=0.08303822 train_imit=0.00000000 mean_w=0.0000 active=0.0000 s_dense=0.00 s_pos=0.0000 s_sel=0.0000 s_sel_pos=0.0000 s_hot_err=0.000000 s_bg_err=0.000000 s_gap=0.000000 conf_cos=0.0000 conf_proj=0.00 val_mse=0.33852806 val_mae=0.40384391
[worker2/etth1_all_methods_long_v2] [time_series][epoch 052] lambda=0.0000 g_scale=0.000 train_total=0.08272994 train_sup=0.08272994 train_imit=0.00000000 mean_w=0.0000 active=0.0000 s_dense=0.00 s_pos=0.0000 s_sel=0.0000 s_sel_pos=0.0000 s_hot_err=0.000000 s_bg_err=0.000000 s_gap=0.000000 conf_cos=0.0000 conf_proj=0.00 val_mse=0.34295909 val_mae=0.40938385
[worker2/etth1_all_methods_long_v2] [time_series][epoch 053] lambda=0.0000 g_scale=0.000 train_total=0.08270829 train_sup=0.08270829 train_imit=0.00000000 mean_w=0.0000 active=0.0000 s_dense=0.00 s_pos=0.0000 s_sel=0.0000 s_sel_pos=0.0000 s_hot_err=0.000000 s_bg_err=0.000000 s_gap=0.000000 conf_cos=0.0000 conf_proj=0.00 val_mse=0.33919976 val_mae=0.40550955
[worker2/etth1_all_methods_long_v2] [time_series][epoch 054] lambda=0.0000 g_scale=0.000 train_total=0.08215637 train_sup=0.08215637 train_imit=0.00000000 mean_w=0.0000 active=0.0000 s_dense=0.00 s_pos=0.0000 s_sel=0.0000 s_sel_pos=0.0000 s_hot_err=0.000000 s_bg_err=0.000000 s_gap=0.000000 conf_cos=0.0000 conf_proj=0.00 val_mse=0.33712233 val_mae=0.40366923
[worker2/etth1_all_methods_long_v2] [time_series][epoch 055] lambda=0.0000 g_scale=0.000 train_total=0.08143831 train_sup=0.08143831 train_imit=0.00000000 mean_w=0.0000 active=0.0000 s_dense=0.00 s_pos=0.0000 s_sel=0.0000 s_sel_pos=0.0000 s_hot_err=0.000000 s_bg_err=0.000000 s_gap=0.000000 conf_cos=0.0000 conf_proj=0.00 val_mse=0.34902310 val_mae=0.41334766
[worker2/etth1_all_methods_long_v2] [time_series][epoch 056] lambda=0.0000 g_scale=0.000 train_total=0.08105476 train_sup=0.08105476 train_imit=0.00000000 mean_w=0.0000 active=0.0000 s_dense=0.00 s_pos=0.0000 s_sel=0.0000 s_sel_pos=0.0000 s_hot_err=0.000000 s_bg_err=0.000000 s_gap=0.000000 conf_cos=0.0000 conf_proj=0.00 val_mse=0.35521850 val_mae=0.41355261
[worker2/etth1_all_methods_long_v2] [time_series][epoch 057] lambda=0.0000 g_scale=0.000 train_total=0.08050463 train_sup=0.08050463 train_imit=0.00000000 mean_w=0.0000 active=0.0000 s_dense=0.00 s_pos=0.0000 s_sel=0.0000 s_sel_pos=0.0000 s_hot_err=0.000000 s_bg_err=0.000000 s_gap=0.000000 conf_cos=0.0000 conf_proj=0.00 val_mse=0.35537630 val_mae=0.42123977
[worker2/etth1_all_methods_long_v2] [time_series][epoch 058] lambda=0.0000 g_scale=0.000 train_total=0.08036198 train_sup=0.08036198 train_imit=0.00000000 mean_w=0.0000 active=0.0000 s_dense=0.00 s_pos=0.0000 s_sel=0.0000 s_sel_pos=0.0000 s_hot_err=0.000000 s_bg_err=0.000000 s_gap=0.000000 conf_cos=0.0000 conf_proj=0.00 val_mse=0.35775965 val_mae=0.41910636
[worker2/etth1_all_methods_long_v2] [time_series][epoch 059] lambda=0.0000 g_scale=0.000 train_total=0.08043096 train_sup=0.08043096 train_imit=0.00000000 mean_w=0.0000 active=0.0000 s_dense=0.00 s_pos=0.0000 s_sel=0.0000 s_sel_pos=0.0000 s_hot_err=0.000000 s_bg_err=0.000000 s_gap=0.000000 conf_cos=0.0000 conf_proj=0.00 val_mse=0.34409235 val_mae=0.40352698
[worker2/etth1_all_methods_long_v2] [time_series][epoch 060] lambda=0.0000 g_scale=0.000 train_total=0.07994496 train_sup=0.07994496 train_imit=0.00000000 mean_w=0.0000 active=0.0000 s_dense=0.00 s_pos=0.0000 s_sel=0.0000 s_sel_pos=0.0000 s_hot_err=0.000000 s_bg_err=0.000000 s_gap=0.000000 conf_cos=0.0000 conf_proj=0.00 val_mse=0.34261401 val_mae=0.40684537
[worker2/etth1_all_methods_long_v2] [time_series][epoch 060] updated live plot
[worker2/etth1_all_methods_long_v2] [time_series][epoch 061] lambda=0.0000 g_scale=0.000 train_total=0.07891350 train_sup=0.07891350 train_imit=0.00000000 mean_w=0.0000 active=0.0000 s_dense=0.00 s_pos=0.0000 s_sel=0.0000 s_sel_pos=0.0000 s_hot_err=0.000000 s_bg_err=0.000000 s_gap=0.000000 conf_cos=0.0000 conf_proj=0.00 val_mse=0.34203442 val_mae=0.40642510
[worker2/etth1_all_methods_long_v2] [time_series][epoch 062] lambda=0.0000 g_scale=0.000 train_total=0.07904504 train_sup=0.07904504 train_imit=0.00000000 mean_w=0.0000 active=0.0000 s_dense=0.00 s_pos=0.0000 s_sel=0.0000 s_sel_pos=0.0000 s_hot_err=0.000000 s_bg_err=0.000000 s_gap=0.000000 conf_cos=0.0000 conf_proj=0.00 val_mse=0.35394872 val_mae=0.41417695
[worker2/etth1_all_methods_long_v2] [time_series][epoch 063] lambda=0.0000 g_scale=0.000 train_total=0.07853145 train_sup=0.07853145 train_imit=0.00000000 mean_w=0.0000 active=0.0000 s_dense=0.00 s_pos=0.0000 s_sel=0.0000 s_sel_pos=0.0000 s_hot_err=0.000000 s_bg_err=0.000000 s_gap=0.000000 conf_cos=0.0000 conf_proj=0.00 val_mse=0.35150950 val_mae=0.41256952
[worker2/etth1_all_methods_long_v2] [time_series][epoch 064] lambda=0.0000 g_scale=0.000 train_total=0.07799330 train_sup=0.07799330 train_imit=0.00000000 mean_w=0.0000 active=0.0000 s_dense=0.00 s_pos=0.0000 s_sel=0.0000 s_sel_pos=0.0000 s_hot_err=0.000000 s_bg_err=0.000000 s_gap=0.000000 conf_cos=0.0000 conf_proj=0.00 val_mse=0.33136391 val_mae=0.39825159
[worker2/etth1_all_methods_long_v2] [time_series][epoch 065] lambda=0.0000 g_scale=0.000 train_total=0.07824470 train_sup=0.07824470 train_imit=0.00000000 mean_w=0.0000 active=0.0000 s_dense=0.00 s_pos=0.0000 s_sel=0.0000 s_sel_pos=0.0000 s_hot_err=0.000000 s_bg_err=0.000000 s_gap=0.000000 conf_cos=0.0000 conf_proj=0.00 val_mse=0.37049205 val_mae=0.42117447
[worker2/etth1_all_methods_long_v2] [time_series][epoch 066] lambda=0.0000 g_scale=0.000 train_total=0.07834004 train_sup=0.07834004 train_imit=0.00000000 mean_w=0.0000 active=0.0000 s_dense=0.00 s_pos=0.0000 s_sel=0.0000 s_sel_pos=0.0000 s_hot_err=0.000000 s_bg_err=0.000000 s_gap=0.000000 conf_cos=0.0000 conf_proj=0.00 val_mse=0.35892522 val_mae=0.41134521
[worker2/etth1_all_methods_long_v2] [time_series][epoch 067] lambda=0.0000 g_scale=0.000 train_total=0.07742518 train_sup=0.07742518 train_imit=0.00000000 mean_w=0.0000 active=0.0000 s_dense=0.00 s_pos=0.0000 s_sel=0.0000 s_sel_pos=0.0000 s_hot_err=0.000000 s_bg_err=0.000000 s_gap=0.000000 conf_cos=0.0000 conf_proj=0.00 val_mse=0.36568053 val_mae=0.42181136
[worker2/etth1_all_methods_long_v2] [time_series][epoch 068] lambda=0.0000 g_scale=0.000 train_total=0.07660149 train_sup=0.07660149 train_imit=0.00000000 mean_w=0.0000 active=0.0000 s_dense=0.00 s_pos=0.0000 s_sel=0.0000 s_sel_pos=0.0000 s_hot_err=0.000000 s_bg_err=0.000000 s_gap=0.000000 conf_cos=0.0000 conf_proj=0.00 val_mse=0.34007466 val_mae=0.40540140
[worker2/etth1_all_methods_long_v2] [time_series][epoch 069] lambda=0.0000 g_scale=0.000 train_total=0.07741525 train_sup=0.07741525 train_imit=0.00000000 mean_w=0.0000 active=0.0000 s_dense=0.00 s_pos=0.0000 s_sel=0.0000 s_sel_pos=0.0000 s_hot_err=0.000000 s_bg_err=0.000000 s_gap=0.000000 conf_cos=0.0000 conf_proj=0.00 val_mse=0.34507589 val_mae=0.40589522
[worker2/etth1_all_methods_long_v2] [time_series][epoch 070] lambda=0.0000 g_scale=0.000 train_total=0.07701822 train_sup=0.07701822 train_imit=0.00000000 mean_w=0.0000 active=0.0000 s_dense=0.00 s_pos=0.0000 s_sel=0.0000 s_sel_pos=0.0000 s_hot_err=0.000000 s_bg_err=0.000000 s_gap=0.000000 conf_cos=0.0000 conf_proj=0.00 val_mse=0.34685267 val_mae=0.41426047
[worker2/etth1_all_methods_long_v2] [time_series][epoch 070] updated live plot
[worker2/etth1_all_methods_long_v2] [time_series][epoch 071] lambda=0.0000 g_scale=0.000 train_total=0.07590343 train_sup=0.07590343 train_imit=0.00000000 mean_w=0.0000 active=0.0000 s_dense=0.00 s_pos=0.0000 s_sel=0.0000 s_sel_pos=0.0000 s_hot_err=0.000000 s_bg_err=0.000000 s_gap=0.000000 conf_cos=0.0000 conf_proj=0.00 val_mse=0.35031711 val_mae=0.41222465
[worker2/etth1_all_methods_long_v2] [time_series][epoch 072] lambda=0.0000 g_scale=0.000 train_total=0.07575071 train_sup=0.07575071 train_imit=0.00000000 mean_w=0.0000 active=0.0000 s_dense=0.00 s_pos=0.0000 s_sel=0.0000 s_sel_pos=0.0000 s_hot_err=0.000000 s_bg_err=0.000000 s_gap=0.000000 conf_cos=0.0000 conf_proj=0.00 val_mse=0.34608791 val_mae=0.40832065
[worker2/etth1_all_methods_long_v2] [time_series][epoch 073] lambda=0.0000 g_scale=0.000 train_total=0.07614445 train_sup=0.07614445 train_imit=0.00000000 mean_w=0.0000 active=0.0000 s_dense=0.00 s_pos=0.0000 s_sel=0.0000 s_sel_pos=0.0000 s_hot_err=0.000000 s_bg_err=0.000000 s_gap=0.000000 conf_cos=0.0000 conf_proj=0.00 val_mse=0.35221282 val_mae=0.41268783
[worker2/etth1_all_methods_long_v2] [time_series][epoch 074] lambda=0.0000 g_scale=0.000 train_total=0.07565081 train_sup=0.07565081 train_imit=0.00000000 mean_w=0.0000 active=0.0000 s_dense=0.00 s_pos=0.0000 s_sel=0.0000 s_sel_pos=0.0000 s_hot_err=0.000000 s_bg_err=0.000000 s_gap=0.000000 conf_cos=0.0000 conf_proj=0.00 val_mse=0.34510207 val_mae=0.40834002
[worker2/etth1_all_methods_long_v2] [time_series][epoch 075] lambda=0.0000 g_scale=0.000 train_total=0.07528372 train_sup=0.07528372 train_imit=0.00000000 mean_w=0.0000 active=0.0000 s_dense=0.00 s_pos=0.0000 s_sel=0.0000 s_sel_pos=0.0000 s_hot_err=0.000000 s_bg_err=0.000000 s_gap=0.000000 conf_cos=0.0000 conf_proj=0.00 val_mse=0.34009911 val_mae=0.40591048
[worker2/etth1_all_methods_long_v2] [time_series][epoch 076] lambda=0.0000 g_scale=0.000 train_total=0.07523008 train_sup=0.07523008 train_imit=0.00000000 mean_w=0.0000 active=0.0000 s_dense=0.00 s_pos=0.0000 s_sel=0.0000 s_sel_pos=0.0000 s_hot_err=0.000000 s_bg_err=0.000000 s_gap=0.000000 conf_cos=0.0000 conf_proj=0.00 val_mse=0.34127307 val_mae=0.40643977
[worker2/etth1_all_methods_long_v2] [time_series][epoch 077] lambda=0.0000 g_scale=0.000 train_total=0.07463968 train_sup=0.07463968 train_imit=0.00000000 mean_w=0.0000 active=0.0000 s_dense=0.00 s_pos=0.0000 s_sel=0.0000 s_sel_pos=0.0000 s_hot_err=0.000000 s_bg_err=0.000000 s_gap=0.000000 conf_cos=0.0000 conf_proj=0.00 val_mse=0.35902773 val_mae=0.41937050
[worker2/etth1_all_methods_long_v2] [time_series][epoch 078] lambda=0.0000 g_scale=0.000 train_total=0.07527020 train_sup=0.07527020 train_imit=0.00000000 mean_w=0.0000 active=0.0000 s_dense=0.00 s_pos=0.0000 s_sel=0.0000 s_sel_pos=0.0000 s_hot_err=0.000000 s_bg_err=0.000000 s_gap=0.000000 conf_cos=0.0000 conf_proj=0.00 val_mse=0.33631196 val_mae=0.40429560
[worker2/etth1_all_methods_long_v2] [time_series][epoch 079] lambda=0.0000 g_scale=0.000 train_total=0.07435958 train_sup=0.07435958 train_imit=0.00000000 mean_w=0.0000 active=0.0000 s_dense=0.00 s_pos=0.0000 s_sel=0.0000 s_sel_pos=0.0000 s_hot_err=0.000000 s_bg_err=0.000000 s_gap=0.000000 conf_cos=0.0000 conf_proj=0.00 val_mse=0.34587041 val_mae=0.40912103
[worker2/etth1_all_methods_long_v2] [time_series][epoch 080] lambda=0.0000 g_scale=0.000 train_total=0.07400319 train_sup=0.07400319 train_imit=0.00000000 mean_w=0.0000 active=0.0000 s_dense=0.00 s_pos=0.0000 s_sel=0.0000 s_sel_pos=0.0000 s_hot_err=0.000000 s_bg_err=0.000000 s_gap=0.000000 conf_cos=0.0000 conf_proj=0.00 val_mse=0.33628378 val_mae=0.40464368
[worker2/etth1_all_methods_long_v2] [time_series][epoch 080] updated live plot
[worker2/etth1_all_methods_long_v2] [time_series][epoch 081] lambda=0.0000 g_scale=0.000 train_total=0.07346842 train_sup=0.07346842 train_imit=0.00000000 mean_w=0.0000 active=0.0000 s_dense=0.00 s_pos=0.0000 s_sel=0.0000 s_sel_pos=0.0000 s_hot_err=0.000000 s_bg_err=0.000000 s_gap=0.000000 conf_cos=0.0000 conf_proj=0.00 val_mse=0.34935504 val_mae=0.41169973
[worker2/etth1_all_methods_long_v2] [time_series][epoch 082] lambda=0.0000 g_scale=0.000 train_total=0.07343374 train_sup=0.07343374 train_imit=0.00000000 mean_w=0.0000 active=0.0000 s_dense=0.00 s_pos=0.0000 s_sel=0.0000 s_sel_pos=0.0000 s_hot_err=0.000000 s_bg_err=0.000000 s_gap=0.000000 conf_cos=0.0000 conf_proj=0.00 val_mse=0.34900353 val_mae=0.41007144
[worker2/etth1_all_methods_long_v2] [time_series][epoch 083] lambda=0.0000 g_scale=0.000 train_total=0.07319664 train_sup=0.07319664 train_imit=0.00000000 mean_w=0.0000 active=0.0000 s_dense=0.00 s_pos=0.0000 s_sel=0.0000 s_sel_pos=0.0000 s_hot_err=0.000000 s_bg_err=0.000000 s_gap=0.000000 conf_cos=0.0000 conf_proj=0.00 val_mse=0.34274898 val_mae=0.40659007
[worker2/etth1_all_methods_long_v2] [time_series][epoch 084] lambda=0.0000 g_scale=0.000 train_total=0.07436864 train_sup=0.07436864 train_imit=0.00000000 mean_w=0.0000 active=0.0000 s_dense=0.00 s_pos=0.0000 s_sel=0.0000 s_sel_pos=0.0000 s_hot_err=0.000000 s_bg_err=0.000000 s_gap=0.000000 conf_cos=0.0000 conf_proj=0.00 val_mse=0.34350206 val_mae=0.40817124
[worker2/etth1_all_methods_long_v2] [time_series][epoch 085] lambda=0.0000 g_scale=0.000 train_total=0.07299525 train_sup=0.07299525 train_imit=0.00000000 mean_w=0.0000 active=0.0000 s_dense=0.00 s_pos=0.0000 s_sel=0.0000 s_sel_pos=0.0000 s_hot_err=0.000000 s_bg_err=0.000000 s_gap=0.000000 conf_cos=0.0000 conf_proj=0.00 val_mse=0.33693292 val_mae=0.40442561
[worker2/etth1_all_methods_long_v2] [time_series][epoch 086] lambda=0.0000 g_scale=0.000 train_total=0.07205112 train_sup=0.07205112 train_imit=0.00000000 mean_w=0.0000 active=0.0000 s_dense=0.00 s_pos=0.0000 s_sel=0.0000 s_sel_pos=0.0000 s_hot_err=0.000000 s_bg_err=0.000000 s_gap=0.000000 conf_cos=0.0000 conf_proj=0.00 val_mse=0.35274988 val_mae=0.41332286
[worker2/etth1_all_methods_long_v2] [time_series][epoch 087] lambda=0.0000 g_scale=0.000 train_total=0.07282545 train_sup=0.07282545 train_imit=0.00000000 mean_w=0.0000 active=0.0000 s_dense=0.00 s_pos=0.0000 s_sel=0.0000 s_sel_pos=0.0000 s_hot_err=0.000000 s_bg_err=0.000000 s_gap=0.000000 conf_cos=0.0000 conf_proj=0.00 val_mse=0.35068370 val_mae=0.40939145
[worker2/etth1_all_methods_long_v2] [time_series][epoch 088] lambda=0.0000 g_scale=0.000 train_total=0.07256067 train_sup=0.07256067 train_imit=0.00000000 mean_w=0.0000 active=0.0000 s_dense=0.00 s_pos=0.0000 s_sel=0.0000 s_sel_pos=0.0000 s_hot_err=0.000000 s_bg_err=0.000000 s_gap=0.000000 conf_cos=0.0000 conf_proj=0.00 val_mse=0.34003323 val_mae=0.40383717
[worker2/etth1_all_methods_long_v2] [time_series][epoch 089] lambda=0.0000 g_scale=0.000 train_total=0.07212631 train_sup=0.07212631 train_imit=0.00000000 mean_w=0.0000 active=0.0000 s_dense=0.00 s_pos=0.0000 s_sel=0.0000 s_sel_pos=0.0000 s_hot_err=0.000000 s_bg_err=0.000000 s_gap=0.000000 conf_cos=0.0000 conf_proj=0.00 val_mse=0.34599798 val_mae=0.40762372
[worker2/etth1_all_methods_long_v2] [time_series][epoch 090] lambda=0.0000 g_scale=0.000 train_total=0.07221501 train_sup=0.07221501 train_imit=0.00000000 mean_w=0.0000 active=0.0000 s_dense=0.00 s_pos=0.0000 s_sel=0.0000 s_sel_pos=0.0000 s_hot_err=0.000000 s_bg_err=0.000000 s_gap=0.000000 conf_cos=0.0000 conf_proj=0.00 val_mse=0.35781911 val_mae=0.41858069
[worker2/etth1_all_methods_long_v2] [time_series][epoch 090] updated live plot
[worker2/etth1_all_methods_long_v2] [time_series][epoch 091] lambda=0.0000 g_scale=0.000 train_total=0.07176682 train_sup=0.07176682 train_imit=0.00000000 mean_w=0.0000 active=0.0000 s_dense=0.00 s_pos=0.0000 s_sel=0.0000 s_sel_pos=0.0000 s_hot_err=0.000000 s_bg_err=0.000000 s_gap=0.000000 conf_cos=0.0000 conf_proj=0.00 val_mse=0.37629671 val_mae=0.43007907
[worker2/etth1_all_methods_long_v2] [time_series][epoch 092] lambda=0.0000 g_scale=0.000 train_total=0.07122732 train_sup=0.07122732 train_imit=0.00000000 mean_w=0.0000 active=0.0000 s_dense=0.00 s_pos=0.0000 s_sel=0.0000 s_sel_pos=0.0000 s_hot_err=0.000000 s_bg_err=0.000000 s_gap=0.000000 conf_cos=0.0000 conf_proj=0.00 val_mse=0.35223314 val_mae=0.41327256
[worker2/etth1_all_methods_long_v2] [time_series][epoch 093] lambda=0.0000 g_scale=0.000 train_total=0.07131488 train_sup=0.07131488 train_imit=0.00000000 mean_w=0.0000 active=0.0000 s_dense=0.00 s_pos=0.0000 s_sel=0.0000 s_sel_pos=0.0000 s_hot_err=0.000000 s_bg_err=0.000000 s_gap=0.000000 conf_cos=0.0000 conf_proj=0.00 val_mse=0.36141225 val_mae=0.42077534
[worker2/etth1_all_methods_long_v2] [time_series][epoch 094] lambda=0.0000 g_scale=0.000 train_total=0.07113204 train_sup=0.07113204 train_imit=0.00000000 mean_w=0.0000 active=0.0000 s_dense=0.00 s_pos=0.0000 s_sel=0.0000 s_sel_pos=0.0000 s_hot_err=0.000000 s_bg_err=0.000000 s_gap=0.000000 conf_cos=0.0000 conf_proj=0.00 val_mse=0.34986375 val_mae=0.40887911
[worker2/etth1_all_methods_long_v2] [time_series][epoch 095] lambda=0.0000 g_scale=0.000 train_total=0.07102649 train_sup=0.07102649 train_imit=0.00000000 mean_w=0.0000 active=0.0000 s_dense=0.00 s_pos=0.0000 s_sel=0.0000 s_sel_pos=0.0000 s_hot_err=0.000000 s_bg_err=0.000000 s_gap=0.000000 conf_cos=0.0000 conf_proj=0.00 val_mse=0.34866552 val_mae=0.40863960
[worker2/etth1_all_methods_long_v2] [time_series][epoch 096] lambda=0.0000 g_scale=0.000 train_total=0.07100470 train_sup=0.07100470 train_imit=0.00000000 mean_w=0.0000 active=0.0000 s_dense=0.00 s_pos=0.0000 s_sel=0.0000 s_sel_pos=0.0000 s_hot_err=0.000000 s_bg_err=0.000000 s_gap=0.000000 conf_cos=0.0000 conf_proj=0.00 val_mse=0.36956195 val_mae=0.42335804
[worker2/etth1_all_methods_long_v2] [time_series][epoch 097] lambda=0.0000 g_scale=0.000 train_total=0.07075101 train_sup=0.07075101 train_imit=0.00000000 mean_w=0.0000 active=0.0000 s_dense=0.00 s_pos=0.0000 s_sel=0.0000 s_sel_pos=0.0000 s_hot_err=0.000000 s_bg_err=0.000000 s_gap=0.000000 conf_cos=0.0000 conf_proj=0.00 val_mse=0.36039366 val_mae=0.42059572
[worker2/etth1_all_methods_long_v2] [time_series][epoch 098] lambda=0.0000 g_scale=0.000 train_total=0.07007053 train_sup=0.07007053 train_imit=0.00000000 mean_w=0.0000 active=0.0000 s_dense=0.00 s_pos=0.0000 s_sel=0.0000 s_sel_pos=0.0000 s_hot_err=0.000000 s_bg_err=0.000000 s_gap=0.000000 conf_cos=0.0000 conf_proj=0.00 val_mse=0.34783002 val_mae=0.40858662
[worker2/etth1_all_methods_long_v2] [time_series][epoch 099] lambda=0.0000 g_scale=0.000 train_total=0.06996869 train_sup=0.06996869 train_imit=0.00000000 mean_w=0.0000 active=0.0000 s_dense=0.00 s_pos=0.0000 s_sel=0.0000 s_sel_pos=0.0000 s_hot_err=0.000000 s_bg_err=0.000000 s_gap=0.000000 conf_cos=0.0000 conf_proj=0.00 val_mse=0.34886943 val_mae=0.40842727
[worker2/etth1_all_methods_long_v2] [time_series][epoch 100] lambda=0.0000 g_scale=0.000 train_total=0.06993005 train_sup=0.06993005 train_imit=0.00000000 mean_w=0.0000 active=0.0000 s_dense=0.00 s_pos=0.0000 s_sel=0.0000 s_sel_pos=0.0000 s_hot_err=0.000000 s_bg_err=0.000000 s_gap=0.000000 conf_cos=0.0000 conf_proj=0.00 val_mse=0.34077729 val_mae=0.40453543
[worker2/etth1_all_methods_long_v2] [time_series][epoch 100] updated live plot
[worker2/etth1_all_methods_long_v2] [time_series][epoch 101] lambda=0.0000 g_scale=0.000 train_total=0.06976078 train_sup=0.06976078 train_imit=0.00000000 mean_w=0.0000 active=0.0000 s_dense=0.00 s_pos=0.0000 s_sel=0.0000 s_sel_pos=0.0000 s_hot_err=0.000000 s_bg_err=0.000000 s_gap=0.000000 conf_cos=0.0000 conf_proj=0.00 val_mse=0.36291113 val_mae=0.42280447
[worker2/etth1_all_methods_long_v2] [time_series][epoch 102] lambda=0.0000 g_scale=0.000 train_total=0.06997725 train_sup=0.06997725 train_imit=0.00000000 mean_w=0.0000 active=0.0000 s_dense=0.00 s_pos=0.0000 s_sel=0.0000 s_sel_pos=0.0000 s_hot_err=0.000000 s_bg_err=0.000000 s_gap=0.000000 conf_cos=0.0000 conf_proj=0.00 val_mse=0.36505455 val_mae=0.42141191
[worker2/etth1_all_methods_long_v2] [time_series][epoch 103] lambda=0.0000 g_scale=0.000 train_total=0.06966504 train_sup=0.06966504 train_imit=0.00000000 mean_w=0.0000 active=0.0000 s_dense=0.00 s_pos=0.0000 s_sel=0.0000 s_sel_pos=0.0000 s_hot_err=0.000000 s_bg_err=0.000000 s_gap=0.000000 conf_cos=0.0000 conf_proj=0.00 val_mse=0.35220787 val_mae=0.41623240
[worker2/etth1_all_methods_long_v2] [time_series][epoch 104] lambda=0.0000 g_scale=0.000 train_total=0.06929319 train_sup=0.06929319 train_imit=0.00000000 mean_w=0.0000 active=0.0000 s_dense=0.00 s_pos=0.0000 s_sel=0.0000 s_sel_pos=0.0000 s_hot_err=0.000000 s_bg_err=0.000000 s_gap=0.000000 conf_cos=0.0000 conf_proj=0.00 val_mse=0.36966190 val_mae=0.42216710
[worker2/etth1_all_methods_long_v2] [time_series][epoch 105] lambda=0.0000 g_scale=0.000 train_total=0.06945460 train_sup=0.06945460 train_imit=0.00000000 mean_w=0.0000 active=0.0000 s_dense=0.00 s_pos=0.0000 s_sel=0.0000 s_sel_pos=0.0000 s_hot_err=0.000000 s_bg_err=0.000000 s_gap=0.000000 conf_cos=0.0000 conf_proj=0.00 val_mse=0.35628783 val_mae=0.41559482
[worker2/etth1_all_methods_long_v2] [time_series][epoch 106] lambda=0.0000 g_scale=0.000 train_total=0.06947932 train_sup=0.06947932 train_imit=0.00000000 mean_w=0.0000 active=0.0000 s_dense=0.00 s_pos=0.0000 s_sel=0.0000 s_sel_pos=0.0000 s_hot_err=0.000000 s_bg_err=0.000000 s_gap=0.000000 conf_cos=0.0000 conf_proj=0.00 val_mse=0.35691458 val_mae=0.41688315
[worker2/etth1_all_methods_long_v2] [time_series][epoch 107] lambda=0.0000 g_scale=0.000 train_total=0.06906930 train_sup=0.06906930 train_imit=0.00000000 mean_w=0.0000 active=0.0000 s_dense=0.00 s_pos=0.0000 s_sel=0.0000 s_sel_pos=0.0000 s_hot_err=0.000000 s_bg_err=0.000000 s_gap=0.000000 conf_cos=0.0000 conf_proj=0.00 val_mse=0.35923106 val_mae=0.41782472
[worker2/etth1_all_methods_long_v2] [time_series][epoch 108] lambda=0.0000 g_scale=0.000 train_total=0.06857021 train_sup=0.06857021 train_imit=0.00000000 mean_w=0.0000 active=0.0000 s_dense=0.00 s_pos=0.0000 s_sel=0.0000 s_sel_pos=0.0000 s_hot_err=0.000000 s_bg_err=0.000000 s_gap=0.000000 conf_cos=0.0000 conf_proj=0.00 val_mse=0.37385590 val_mae=0.42833198
[worker2/etth1_all_methods_long_v2] [time_series][epoch 109] lambda=0.0000 g_scale=0.000 train_total=0.06838457 train_sup=0.06838457 train_imit=0.00000000 mean_w=0.0000 active=0.0000 s_dense=0.00 s_pos=0.0000 s_sel=0.0000 s_sel_pos=0.0000 s_hot_err=0.000000 s_bg_err=0.000000 s_gap=0.000000 conf_cos=0.0000 conf_proj=0.00 val_mse=0.37606856 val_mae=0.42834287
[worker2/etth1_all_methods_long_v2] [time_series][epoch 110] lambda=0.0000 g_scale=0.000 train_total=0.06906426 train_sup=0.06906426 train_imit=0.00000000 mean_w=0.0000 active=0.0000 s_dense=0.00 s_pos=0.0000 s_sel=0.0000 s_sel_pos=0.0000 s_hot_err=0.000000 s_bg_err=0.000000 s_gap=0.000000 conf_cos=0.0000 conf_proj=0.00 val_mse=0.35074392 val_mae=0.41183596
[worker2/etth1_all_methods_long_v2] [time_series][epoch 110] updated live plot
[worker2/etth1_all_methods_long_v2] [time_series][epoch 111] lambda=0.0000 g_scale=0.000 train_total=0.06840844 train_sup=0.06840844 train_imit=0.00000000 mean_w=0.0000 active=0.0000 s_dense=0.00 s_pos=0.0000 s_sel=0.0000 s_sel_pos=0.0000 s_hot_err=0.000000 s_bg_err=0.000000 s_gap=0.000000 conf_cos=0.0000 conf_proj=0.00 val_mse=0.35498952 val_mae=0.41563172
[worker2/etth1_all_methods_long_v2] [time_series][epoch 112] lambda=0.0000 g_scale=0.000 train_total=0.06856965 train_sup=0.06856965 train_imit=0.00000000 mean_w=0.0000 active=0.0000 s_dense=0.00 s_pos=0.0000 s_sel=0.0000 s_sel_pos=0.0000 s_hot_err=0.000000 s_bg_err=0.000000 s_gap=0.000000 conf_cos=0.0000 conf_proj=0.00 val_mse=0.36802070 val_mae=0.42097071
[worker2/etth1_all_methods_long_v2] [time_series][epoch 113] lambda=0.0000 g_scale=0.000 train_total=0.06796680 train_sup=0.06796680 train_imit=0.00000000 mean_w=0.0000 active=0.0000 s_dense=0.00 s_pos=0.0000 s_sel=0.0000 s_sel_pos=0.0000 s_hot_err=0.000000 s_bg_err=0.000000 s_gap=0.000000 conf_cos=0.0000 conf_proj=0.00 val_mse=0.36063741 val_mae=0.42180553
[worker2/etth1_all_methods_long_v2] [time_series][epoch 114] lambda=0.0000 g_scale=0.000 train_total=0.06780728 train_sup=0.06780728 train_imit=0.00000000 mean_w=0.0000 active=0.0000 s_dense=0.00 s_pos=0.0000 s_sel=0.0000 s_sel_pos=0.0000 s_hot_err=0.000000 s_bg_err=0.000000 s_gap=0.000000 conf_cos=0.0000 conf_proj=0.00 val_mse=0.34800273 val_mae=0.41066827
[worker2/etth1_all_methods_long_v2] [time_series][epoch 115] lambda=0.0000 g_scale=0.000 train_total=0.06769761 train_sup=0.06769761 train_imit=0.00000000 mean_w=0.0000 active=0.0000 s_dense=0.00 s_pos=0.0000 s_sel=0.0000 s_sel_pos=0.0000 s_hot_err=0.000000 s_bg_err=0.000000 s_gap=0.000000 conf_cos=0.0000 conf_proj=0.00 val_mse=0.36556431 val_mae=0.42327264
[worker2/etth1_all_methods_long_v2] [time_series][epoch 116] lambda=0.0000 g_scale=0.000 train_total=0.06781552 train_sup=0.06781552 train_imit=0.00000000 mean_w=0.0000 active=0.0000 s_dense=0.00 s_pos=0.0000 s_sel=0.0000 s_sel_pos=0.0000 s_hot_err=0.000000 s_bg_err=0.000000 s_gap=0.000000 conf_cos=0.0000 conf_proj=0.00 val_mse=0.36049557 val_mae=0.41668870
[worker2/etth1_all_methods_long_v2] [time_series][epoch 117] lambda=0.0000 g_scale=0.000 train_total=0.06807134 train_sup=0.06807134 train_imit=0.00000000 mean_w=0.0000 active=0.0000 s_dense=0.00 s_pos=0.0000 s_sel=0.0000 s_sel_pos=0.0000 s_hot_err=0.000000 s_bg_err=0.000000 s_gap=0.000000 conf_cos=0.0000 conf_proj=0.00 val_mse=0.35397968 val_mae=0.41295334
[worker2/etth1_all_methods_long_v2] [time_series][epoch 118] lambda=0.0000 g_scale=0.000 train_total=0.06746432 train_sup=0.06746432 train_imit=0.00000000 mean_w=0.0000 active=0.0000 s_dense=0.00 s_pos=0.0000 s_sel=0.0000 s_sel_pos=0.0000 s_hot_err=0.000000 s_bg_err=0.000000 s_gap=0.000000 conf_cos=0.0000 conf_proj=0.00 val_mse=0.35717620 val_mae=0.41660532
[worker2/etth1_all_methods_long_v2] [time_series][epoch 119] lambda=0.0000 g_scale=0.000 train_total=0.06734749 train_sup=0.06734749 train_imit=0.00000000 mean_w=0.0000 active=0.0000 s_dense=0.00 s_pos=0.0000 s_sel=0.0000 s_sel_pos=0.0000 s_hot_err=0.000000 s_bg_err=0.000000 s_gap=0.000000 conf_cos=0.0000 conf_proj=0.00 val_mse=0.35021000 val_mae=0.41289078
[worker2/etth1_all_methods_long_v2] [time_series][epoch 120] lambda=0.0000 g_scale=0.000 train_total=0.06742886 train_sup=0.06742886 train_imit=0.00000000 mean_w=0.0000 active=0.0000 s_dense=0.00 s_pos=0.0000 s_sel=0.0000 s_sel_pos=0.0000 s_hot_err=0.000000 s_bg_err=0.000000 s_gap=0.000000 conf_cos=0.0000 conf_proj=0.00 val_mse=0.34882549 val_mae=0.41379434
[worker2/etth1_all_methods_long_v2] [time_series][epoch 120] updated live plot
[worker2/etth1_all_methods_long_v2] [time_series][epoch 121] lambda=0.0000 g_scale=0.000 train_total=0.06726251 train_sup=0.06726251 train_imit=0.00000000 mean_w=0.0000 active=0.0000 s_dense=0.00 s_pos=0.0000 s_sel=0.0000 s_sel_pos=0.0000 s_hot_err=0.000000 s_bg_err=0.000000 s_gap=0.000000 conf_cos=0.0000 conf_proj=0.00 val_mse=0.36562830 val_mae=0.42183891
[worker2/etth1_all_methods_long_v2] [time_series][epoch 122] lambda=0.0000 g_scale=0.000 train_total=0.06681884 train_sup=0.06681884 train_imit=0.00000000 mean_w=0.0000 active=0.0000 s_dense=0.00 s_pos=0.0000 s_sel=0.0000 s_sel_pos=0.0000 s_hot_err=0.000000 s_bg_err=0.000000 s_gap=0.000000 conf_cos=0.0000 conf_proj=0.00 val_mse=0.35900264 val_mae=0.41636106
[worker2/etth1_all_methods_long_v2] [time_series][epoch 123] lambda=0.0000 g_scale=0.000 train_total=0.06671848 train_sup=0.06671848 train_imit=0.00000000 mean_w=0.0000 active=0.0000 s_dense=0.00 s_pos=0.0000 s_sel=0.0000 s_sel_pos=0.0000 s_hot_err=0.000000 s_bg_err=0.000000 s_gap=0.000000 conf_cos=0.0000 conf_proj=0.00 val_mse=0.35018986 val_mae=0.41248844
[worker2/etth1_all_methods_long_v2] [time_series][epoch 124] lambda=0.0000 g_scale=0.000 train_total=0.06650680 train_sup=0.06650680 train_imit=0.00000000 mean_w=0.0000 active=0.0000 s_dense=0.00 s_pos=0.0000 s_sel=0.0000 s_sel_pos=0.0000 s_hot_err=0.000000 s_bg_err=0.000000 s_gap=0.000000 conf_cos=0.0000 conf_proj=0.00 val_mse=0.35859699 val_mae=0.41550828
[worker2/etth1_all_methods_long_v2] [time_series][epoch 125] lambda=0.0000 g_scale=0.000 train_total=0.06632562 train_sup=0.06632562 train_imit=0.00000000 mean_w=0.0000 active=0.0000 s_dense=0.00 s_pos=0.0000 s_sel=0.0000 s_sel_pos=0.0000 s_hot_err=0.000000 s_bg_err=0.000000 s_gap=0.000000 conf_cos=0.0000 conf_proj=0.00 val_mse=0.36396859 val_mae=0.41871752
[worker2/etth1_all_methods_long_v2] [time_series][epoch 126] lambda=0.0000 g_scale=0.000 train_total=0.06660830 train_sup=0.06660830 train_imit=0.00000000 mean_w=0.0000 active=0.0000 s_dense=0.00 s_pos=0.0000 s_sel=0.0000 s_sel_pos=0.0000 s_hot_err=0.000000 s_bg_err=0.000000 s_gap=0.000000 conf_cos=0.0000 conf_proj=0.00 val_mse=0.37238861 val_mae=0.42378182
[worker2/etth1_all_methods_long_v2] [time_series][epoch 127] lambda=0.0000 g_scale=0.000 train_total=0.06615684 train_sup=0.06615684 train_imit=0.00000000 mean_w=0.0000 active=0.0000 s_dense=0.00 s_pos=0.0000 s_sel=0.0000 s_sel_pos=0.0000 s_hot_err=0.000000 s_bg_err=0.000000 s_gap=0.000000 conf_cos=0.0000 conf_proj=0.00 val_mse=0.36504403 val_mae=0.41963521
[worker2/etth1_all_methods_long_v2] [time_series][epoch 128] lambda=0.0000 g_scale=0.000 train_total=0.06605729 train_sup=0.06605729 train_imit=0.00000000 mean_w=0.0000 active=0.0000 s_dense=0.00 s_pos=0.0000 s_sel=0.0000 s_sel_pos=0.0000 s_hot_err=0.000000 s_bg_err=0.000000 s_gap=0.000000 conf_cos=0.0000 conf_proj=0.00 val_mse=0.37614324 val_mae=0.42847774
[worker2/etth1_all_methods_long_v2] [time_series][epoch 129] lambda=0.0000 g_scale=0.000 train_total=0.06595460 train_sup=0.06595460 train_imit=0.00000000 mean_w=0.0000 active=0.0000 s_dense=0.00 s_pos=0.0000 s_sel=0.0000 s_sel_pos=0.0000 s_hot_err=0.000000 s_bg_err=0.000000 s_gap=0.000000 conf_cos=0.0000 conf_proj=0.00 val_mse=0.35665214 val_mae=0.41619379
[worker2/etth1_all_methods_long_v2] [time_series][epoch 130] lambda=0.0000 g_scale=0.000 train_total=0.06583662 train_sup=0.06583662 train_imit=0.00000000 mean_w=0.0000 active=0.0000 s_dense=0.00 s_pos=0.0000 s_sel=0.0000 s_sel_pos=0.0000 s_hot_err=0.000000 s_bg_err=0.000000 s_gap=0.000000 conf_cos=0.0000 conf_proj=0.00 val_mse=0.36647676 val_mae=0.42397015
[worker2/etth1_all_methods_long_v2] [time_series][epoch 130] updated live plot
[worker2/etth1_all_methods_long_v2] [time_series][epoch 131] lambda=0.0000 g_scale=0.000 train_total=0.06576940 train_sup=0.06576940 train_imit=0.00000000 mean_w=0.0000 active=0.0000 s_dense=0.00 s_pos=0.0000 s_sel=0.0000 s_sel_pos=0.0000 s_hot_err=0.000000 s_bg_err=0.000000 s_gap=0.000000 conf_cos=0.0000 conf_proj=0.00 val_mse=0.35663938 val_mae=0.42100847
[worker2/etth1_all_methods_long_v2] [time_series][epoch 132] lambda=0.0000 g_scale=0.000 train_total=0.06582153 train_sup=0.06582153 train_imit=0.00000000 mean_w=0.0000 active=0.0000 s_dense=0.00 s_pos=0.0000 s_sel=0.0000 s_sel_pos=0.0000 s_hot_err=0.000000 s_bg_err=0.000000 s_gap=0.000000 conf_cos=0.0000 conf_proj=0.00 val_mse=0.36913841 val_mae=0.42456551
[worker2/etth1_all_methods_long_v2] [time_series][epoch 133] lambda=0.0000 g_scale=0.000 train_total=0.06553644 train_sup=0.06553644 train_imit=0.00000000 mean_w=0.0000 active=0.0000 s_dense=0.00 s_pos=0.0000 s_sel=0.0000 s_sel_pos=0.0000 s_hot_err=0.000000 s_bg_err=0.000000 s_gap=0.000000 conf_cos=0.0000 conf_proj=0.00 val_mse=0.36292433 val_mae=0.42228866
[worker2/etth1_all_methods_long_v2] [time_series][epoch 134] lambda=0.0000 g_scale=0.000 train_total=0.06555550 train_sup=0.06555550 train_imit=0.00000000 mean_w=0.0000 active=0.0000 s_dense=0.00 s_pos=0.0000 s_sel=0.0000 s_sel_pos=0.0000 s_hot_err=0.000000 s_bg_err=0.000000 s_gap=0.000000 conf_cos=0.0000 conf_proj=0.00 val_mse=0.37087197 val_mae=0.42490719
[worker2/etth1_all_methods_long_v2] [time_series][epoch 135] lambda=0.0000 g_scale=0.000 train_total=0.06632538 train_sup=0.06632538 train_imit=0.00000000 mean_w=0.0000 active=0.0000 s_dense=0.00 s_pos=0.0000 s_sel=0.0000 s_sel_pos=0.0000 s_hot_err=0.000000 s_bg_err=0.000000 s_gap=0.000000 conf_cos=0.0000 conf_proj=0.00 val_mse=0.37087077 val_mae=0.42426535
[worker2/etth1_all_methods_long_v2] [time_series][epoch 136] lambda=0.0000 g_scale=0.000 train_total=0.06532169 train_sup=0.06532169 train_imit=0.00000000 mean_w=0.0000 active=0.0000 s_dense=0.00 s_pos=0.0000 s_sel=0.0000 s_sel_pos=0.0000 s_hot_err=0.000000 s_bg_err=0.000000 s_gap=0.000000 conf_cos=0.0000 conf_proj=0.00 val_mse=0.36214421 val_mae=0.41539864
[worker2/etth1_all_methods_long_v2] [time_series][epoch 137] lambda=0.0000 g_scale=0.000 train_total=0.06503080 train_sup=0.06503080 train_imit=0.00000000 mean_w=0.0000 active=0.0000 s_dense=0.00 s_pos=0.0000 s_sel=0.0000 s_sel_pos=0.0000 s_hot_err=0.000000 s_bg_err=0.000000 s_gap=0.000000 conf_cos=0.0000 conf_proj=0.00 val_mse=0.36485777 val_mae=0.42351428
[worker2/etth1_all_methods_long_v2] [time_series][epoch 138] lambda=0.0000 g_scale=0.000 train_total=0.06517830 train_sup=0.06517830 train_imit=0.00000000 mean_w=0.0000 active=0.0000 s_dense=0.00 s_pos=0.0000 s_sel=0.0000 s_sel_pos=0.0000 s_hot_err=0.000000 s_bg_err=0.000000 s_gap=0.000000 conf_cos=0.0000 conf_proj=0.00 val_mse=0.36089171 val_mae=0.41726535
[worker2/etth1_all_methods_long_v2] [time_series][epoch 139] lambda=0.0000 g_scale=0.000 train_total=0.06474828 train_sup=0.06474828 train_imit=0.00000000 mean_w=0.0000 active=0.0000 s_dense=0.00 s_pos=0.0000 s_sel=0.0000 s_sel_pos=0.0000 s_hot_err=0.000000 s_bg_err=0.000000 s_gap=0.000000 conf_cos=0.0000 conf_proj=0.00 val_mse=0.36013010 val_mae=0.41924473
[worker2/etth1_all_methods_long_v2] [time_series][epoch 140] lambda=0.0000 g_scale=0.000 train_total=0.06473752 train_sup=0.06473752 train_imit=0.00000000 mean_w=0.0000 active=0.0000 s_dense=0.00 s_pos=0.0000 s_sel=0.0000 s_sel_pos=0.0000 s_hot_err=0.000000 s_bg_err=0.000000 s_gap=0.000000 conf_cos=0.0000 conf_proj=0.00 val_mse=0.36694661 val_mae=0.42591196
[worker2/etth1_all_methods_long_v2] [time_series][epoch 140] updated live plot
[worker2/etth1_all_methods_long_v2] [time_series][epoch 141] lambda=0.0000 g_scale=0.000 train_total=0.06459325 train_sup=0.06459325 train_imit=0.00000000 mean_w=0.0000 active=0.0000 s_dense=0.00 s_pos=0.0000 s_sel=0.0000 s_sel_pos=0.0000 s_hot_err=0.000000 s_bg_err=0.000000 s_gap=0.000000 conf_cos=0.0000 conf_proj=0.00 val_mse=0.36489324 val_mae=0.42293137
[worker2/etth1_all_methods_long_v2] [time_series][epoch 142] lambda=0.0000 g_scale=0.000 train_total=0.06503811 train_sup=0.06503811 train_imit=0.00000000 mean_w=0.0000 active=0.0000 s_dense=0.00 s_pos=0.0000 s_sel=0.0000 s_sel_pos=0.0000 s_hot_err=0.000000 s_bg_err=0.000000 s_gap=0.000000 conf_cos=0.0000 conf_proj=0.00 val_mse=0.37915555 val_mae=0.43217310
[worker2/etth1_all_methods_long_v2] [time_series][epoch 143] lambda=0.0000 g_scale=0.000 train_total=0.06475141 train_sup=0.06475141 train_imit=0.00000000 mean_w=0.0000 active=0.0000 s_dense=0.00 s_pos=0.0000 s_sel=0.0000 s_sel_pos=0.0000 s_hot_err=0.000000 s_bg_err=0.000000 s_gap=0.000000 conf_cos=0.0000 conf_proj=0.00 val_mse=0.37533213 val_mae=0.42761652
[worker2/etth1_all_methods_long_v2] [time_series][epoch 144] lambda=0.0000 g_scale=0.000 train_total=0.06463271 train_sup=0.06463271 train_imit=0.00000000 mean_w=0.0000 active=0.0000 s_dense=0.00 s_pos=0.0000 s_sel=0.0000 s_sel_pos=0.0000 s_hot_err=0.000000 s_bg_err=0.000000 s_gap=0.000000 conf_cos=0.0000 conf_proj=0.00 val_mse=0.35839224 val_mae=0.42102250
[worker2/etth1_all_methods_long_v2] [time_series][epoch 145] lambda=0.0000 g_scale=0.000 train_total=0.06423947 train_sup=0.06423947 train_imit=0.00000000 mean_w=0.0000 active=0.0000 s_dense=0.00 s_pos=0.0000 s_sel=0.0000 s_sel_pos=0.0000 s_hot_err=0.000000 s_bg_err=0.000000 s_gap=0.000000 conf_cos=0.0000 conf_proj=0.00 val_mse=0.36535788 val_mae=0.42103182
[worker2/etth1_all_methods_long_v2] [time_series][epoch 146] lambda=0.0000 g_scale=0.000 train_total=0.06408820 train_sup=0.06408820 train_imit=0.00000000 mean_w=0.0000 active=0.0000 s_dense=0.00 s_pos=0.0000 s_sel=0.0000 s_sel_pos=0.0000 s_hot_err=0.000000 s_bg_err=0.000000 s_gap=0.000000 conf_cos=0.0000 conf_proj=0.00 val_mse=0.36655880 val_mae=0.42548342
[worker2/etth1_all_methods_long_v2] [time_series][epoch 147] lambda=0.0000 g_scale=0.000 train_total=0.06421377 train_sup=0.06421377 train_imit=0.00000000 mean_w=0.0000 active=0.0000 s_dense=0.00 s_pos=0.0000 s_sel=0.0000 s_sel_pos=0.0000 s_hot_err=0.000000 s_bg_err=0.000000 s_gap=0.000000 conf_cos=0.0000 conf_proj=0.00 val_mse=0.36203905 val_mae=0.42276166
[worker2/etth1_all_methods_long_v2] [time_series][epoch 148] lambda=0.0000 g_scale=0.000 train_total=0.06428355 train_sup=0.06428355 train_imit=0.00000000 mean_w=0.0000 active=0.0000 s_dense=0.00 s_pos=0.0000 s_sel=0.0000 s_sel_pos=0.0000 s_hot_err=0.000000 s_bg_err=0.000000 s_gap=0.000000 conf_cos=0.0000 conf_proj=0.00 val_mse=0.37101367 val_mae=0.42527984
[worker2/etth1_all_methods_long_v2] [time_series][epoch 149] lambda=0.0000 g_scale=0.000 train_total=0.06389672 train_sup=0.06389672 train_imit=0.00000000 mean_w=0.0000 active=0.0000 s_dense=0.00 s_pos=0.0000 s_sel=0.0000 s_sel_pos=0.0000 s_hot_err=0.000000 s_bg_err=0.000000 s_gap=0.000000 conf_cos=0.0000 conf_proj=0.00 val_mse=0.37282497 val_mae=0.43241772
[worker2/etth1_all_methods_long_v2] [time_series][epoch 150] lambda=0.0000 g_scale=0.000 train_total=0.06387076 train_sup=0.06387076 train_imit=0.00000000 mean_w=0.0000 active=0.0000 s_dense=0.00 s_pos=0.0000 s_sel=0.0000 s_sel_pos=0.0000 s_hot_err=0.000000 s_bg_err=0.000000 s_gap=0.000000 conf_cos=0.0000 conf_proj=0.00 val_mse=0.37455137 val_mae=0.43221057
[worker2/etth1_all_methods_long_v2] [time_series][epoch 150] updated live plot
[worker2/etth1_all_methods_long_v2] [time_series][epoch 151] lambda=0.0000 g_scale=0.000 train_total=0.06363870 train_sup=0.06363870 train_imit=0.00000000 mean_w=0.0000 active=0.0000 s_dense=0.00 s_pos=0.0000 s_sel=0.0000 s_sel_pos=0.0000 s_hot_err=0.000000 s_bg_err=0.000000 s_gap=0.000000 conf_cos=0.0000 conf_proj=0.00 val_mse=0.37296435 val_mae=0.42686681
[worker2/etth1_all_methods_long_v2] [time_series][epoch 152] lambda=0.0000 g_scale=0.000 train_total=0.06371762 train_sup=0.06371762 train_imit=0.00000000 mean_w=0.0000 active=0.0000 s_dense=0.00 s_pos=0.0000 s_sel=0.0000 s_sel_pos=0.0000 s_hot_err=0.000000 s_bg_err=0.000000 s_gap=0.000000 conf_cos=0.0000 conf_proj=0.00 val_mse=0.36701052 val_mae=0.42125307
[worker2/etth1_all_methods_long_v2] [time_series][epoch 153] lambda=0.0000 g_scale=0.000 train_total=0.06346549 train_sup=0.06346549 train_imit=0.00000000 mean_w=0.0000 active=0.0000 s_dense=0.00 s_pos=0.0000 s_sel=0.0000 s_sel_pos=0.0000 s_hot_err=0.000000 s_bg_err=0.000000 s_gap=0.000000 conf_cos=0.0000 conf_proj=0.00 val_mse=0.37650647 val_mae=0.43255075
[worker2/etth1_all_methods_long_v2] [time_series][epoch 154] lambda=0.0000 g_scale=0.000 train_total=0.06371793 train_sup=0.06371793 train_imit=0.00000000 mean_w=0.0000 active=0.0000 s_dense=0.00 s_pos=0.0000 s_sel=0.0000 s_sel_pos=0.0000 s_hot_err=0.000000 s_bg_err=0.000000 s_gap=0.000000 conf_cos=0.0000 conf_proj=0.00 val_mse=0.36324418 val_mae=0.42352084
[worker2/etth1_all_methods_long_v2] [time_series][epoch 155] lambda=0.0000 g_scale=0.000 train_total=0.06343472 train_sup=0.06343472 train_imit=0.00000000 mean_w=0.0000 active=0.0000 s_dense=0.00 s_pos=0.0000 s_sel=0.0000 s_sel_pos=0.0000 s_hot_err=0.000000 s_bg_err=0.000000 s_gap=0.000000 conf_cos=0.0000 conf_proj=0.00 val_mse=0.36386573 val_mae=0.42377899
[worker2/etth1_all_methods_long_v2] [time_series][epoch 156] lambda=0.0000 g_scale=0.000 train_total=0.06310783 train_sup=0.06310783 train_imit=0.00000000 mean_w=0.0000 active=0.0000 s_dense=0.00 s_pos=0.0000 s_sel=0.0000 s_sel_pos=0.0000 s_hot_err=0.000000 s_bg_err=0.000000 s_gap=0.000000 conf_cos=0.0000 conf_proj=0.00 val_mse=0.35908926 val_mae=0.41857321
[worker2/etth1_all_methods_long_v2] [time_series][epoch 157] lambda=0.0000 g_scale=0.000 train_total=0.06366329 train_sup=0.06366329 train_imit=0.00000000 mean_w=0.0000 active=0.0000 s_dense=0.00 s_pos=0.0000 s_sel=0.0000 s_sel_pos=0.0000 s_hot_err=0.000000 s_bg_err=0.000000 s_gap=0.000000 conf_cos=0.0000 conf_proj=0.00 val_mse=0.35995461 val_mae=0.41904269
[worker2/etth1_all_methods_long_v2] [time_series][epoch 158] lambda=0.0000 g_scale=0.000 train_total=0.06330436 train_sup=0.06330436 train_imit=0.00000000 mean_w=0.0000 active=0.0000 s_dense=0.00 s_pos=0.0000 s_sel=0.0000 s_sel_pos=0.0000 s_hot_err=0.000000 s_bg_err=0.000000 s_gap=0.000000 conf_cos=0.0000 conf_proj=0.00 val_mse=0.37435691 val_mae=0.42943653
[worker2/etth1_all_methods_long_v2] [time_series][epoch 159] lambda=0.0000 g_scale=0.000 train_total=0.06293306 train_sup=0.06293306 train_imit=0.00000000 mean_w=0.0000 active=0.0000 s_dense=0.00 s_pos=0.0000 s_sel=0.0000 s_sel_pos=0.0000 s_hot_err=0.000000 s_bg_err=0.000000 s_gap=0.000000 conf_cos=0.0000 conf_proj=0.00 val_mse=0.37198017 val_mae=0.42757810
[worker2/etth1_all_methods_long_v2] [time_series][epoch 160] lambda=0.0000 g_scale=0.000 train_total=0.06317996 train_sup=0.06317996 train_imit=0.00000000 mean_w=0.0000 active=0.0000 s_dense=0.00 s_pos=0.0000 s_sel=0.0000 s_sel_pos=0.0000 s_hot_err=0.000000 s_bg_err=0.000000 s_gap=0.000000 conf_cos=0.0000 conf_proj=0.00 val_mse=0.37268559 val_mae=0.42620315
[worker2/etth1_all_methods_long_v2] [time_series][epoch 160] updated live plot
[worker2/etth1_all_methods_long_v2] [time_series][epoch 161] lambda=0.0000 g_scale=0.000 train_total=0.06307593 train_sup=0.06307593 train_imit=0.00000000 mean_w=0.0000 active=0.0000 s_dense=0.00 s_pos=0.0000 s_sel=0.0000 s_sel_pos=0.0000 s_hot_err=0.000000 s_bg_err=0.000000 s_gap=0.000000 conf_cos=0.0000 conf_proj=0.00 val_mse=0.37394266 val_mae=0.42966054
[worker2/etth1_all_methods_long_v2] [time_series][epoch 162] lambda=0.0000 g_scale=0.000 train_total=0.06274697 train_sup=0.06274697 train_imit=0.00000000 mean_w=0.0000 active=0.0000 s_dense=0.00 s_pos=0.0000 s_sel=0.0000 s_sel_pos=0.0000 s_hot_err=0.000000 s_bg_err=0.000000 s_gap=0.000000 conf_cos=0.0000 conf_proj=0.00 val_mse=0.36012684 val_mae=0.41809088
[worker2/etth1_all_methods_long_v2] [time_series][epoch 163] lambda=0.0000 g_scale=0.000 train_total=0.06283571 train_sup=0.06283571 train_imit=0.00000000 mean_w=0.0000 active=0.0000 s_dense=0.00 s_pos=0.0000 s_sel=0.0000 s_sel_pos=0.0000 s_hot_err=0.000000 s_bg_err=0.000000 s_gap=0.000000 conf_cos=0.0000 conf_proj=0.00 val_mse=0.36072225 val_mae=0.41676484
[worker2/etth1_all_methods_long_v2] [time_series][epoch 164] lambda=0.0000 g_scale=0.000 train_total=0.06289874 train_sup=0.06289874 train_imit=0.00000000 mean_w=0.0000 active=0.0000 s_dense=0.00 s_pos=0.0000 s_sel=0.0000 s_sel_pos=0.0000 s_hot_err=0.000000 s_bg_err=0.000000 s_gap=0.000000 conf_cos=0.0000 conf_proj=0.00 val_mse=0.35875971 val_mae=0.41921036
[worker2/etth1_all_methods_long_v2] [time_series][epoch 165] lambda=0.0000 g_scale=0.000 train_total=0.06321673 train_sup=0.06321673 train_imit=0.00000000 mean_w=0.0000 active=0.0000 s_dense=0.00 s_pos=0.0000 s_sel=0.0000 s_sel_pos=0.0000 s_hot_err=0.000000 s_bg_err=0.000000 s_gap=0.000000 conf_cos=0.0000 conf_proj=0.00 val_mse=0.36495862 val_mae=0.42414197
[worker2/etth1_all_methods_long_v2] [time_series][epoch 166] lambda=0.0000 g_scale=0.000 train_total=0.06348893 train_sup=0.06348893 train_imit=0.00000000 mean_w=0.0000 active=0.0000 s_dense=0.00 s_pos=0.0000 s_sel=0.0000 s_sel_pos=0.0000 s_hot_err=0.000000 s_bg_err=0.000000 s_gap=0.000000 conf_cos=0.0000 conf_proj=0.00 val_mse=0.35841890 val_mae=0.41867870
[worker2/etth1_all_methods_long_v2] [time_series][epoch 167] lambda=0.0000 g_scale=0.000 train_total=0.06261716 train_sup=0.06261716 train_imit=0.00000000 mean_w=0.0000 active=0.0000 s_dense=0.00 s_pos=0.0000 s_sel=0.0000 s_sel_pos=0.0000 s_hot_err=0.000000 s_bg_err=0.000000 s_gap=0.000000 conf_cos=0.0000 conf_proj=0.00 val_mse=0.38012187 val_mae=0.43314598
[worker2/etth1_all_methods_long_v2] [time_series][epoch 168] lambda=0.0000 g_scale=0.000 train_total=0.06250099 train_sup=0.06250099 train_imit=0.00000000 mean_w=0.0000 active=0.0000 s_dense=0.00 s_pos=0.0000 s_sel=0.0000 s_sel_pos=0.0000 s_hot_err=0.000000 s_bg_err=0.000000 s_gap=0.000000 conf_cos=0.0000 conf_proj=0.00 val_mse=0.36023311 val_mae=0.41764416
[worker2/etth1_all_methods_long_v2] [time_series][epoch 169] lambda=0.0000 g_scale=0.000 train_total=0.06215419 train_sup=0.06215419 train_imit=0.00000000 mean_w=0.0000 active=0.0000 s_dense=0.00 s_pos=0.0000 s_sel=0.0000 s_sel_pos=0.0000 s_hot_err=0.000000 s_bg_err=0.000000 s_gap=0.000000 conf_cos=0.0000 conf_proj=0.00 val_mse=0.37468855 val_mae=0.42599121
[worker2/etth1_all_methods_long_v2] [time_series][epoch 170] lambda=0.0000 g_scale=0.000 train_total=0.06228906 train_sup=0.06228906 train_imit=0.00000000 mean_w=0.0000 active=0.0000 s_dense=0.00 s_pos=0.0000 s_sel=0.0000 s_sel_pos=0.0000 s_hot_err=0.000000 s_bg_err=0.000000 s_gap=0.000000 conf_cos=0.0000 conf_proj=0.00 val_mse=0.36309695 val_mae=0.41962811
[worker2/etth1_all_methods_long_v2] [time_series][epoch 170] updated live plot
[worker2/etth1_all_methods_long_v2] [time_series][epoch 171] lambda=0.0000 g_scale=0.000 train_total=0.06200898 train_sup=0.06200898 train_imit=0.00000000 mean_w=0.0000 active=0.0000 s_dense=0.00 s_pos=0.0000 s_sel=0.0000 s_sel_pos=0.0000 s_hot_err=0.000000 s_bg_err=0.000000 s_gap=0.000000 conf_cos=0.0000 conf_proj=0.00 val_mse=0.36641742 val_mae=0.42493278
[worker2/etth1_all_methods_long_v2] [time_series][epoch 172] lambda=0.0000 g_scale=0.000 train_total=0.06214617 train_sup=0.06214617 train_imit=0.00000000 mean_w=0.0000 active=0.0000 s_dense=0.00 s_pos=0.0000 s_sel=0.0000 s_sel_pos=0.0000 s_hot_err=0.000000 s_bg_err=0.000000 s_gap=0.000000 conf_cos=0.0000 conf_proj=0.00 val_mse=0.35794278 val_mae=0.42125209
[worker2/etth1_all_methods_long_v2] [time_series][epoch 173] lambda=0.0000 g_scale=0.000 train_total=0.06208390 train_sup=0.06208390 train_imit=0.00000000 mean_w=0.0000 active=0.0000 s_dense=0.00 s_pos=0.0000 s_sel=0.0000 s_sel_pos=0.0000 s_hot_err=0.000000 s_bg_err=0.000000 s_gap=0.000000 conf_cos=0.0000 conf_proj=0.00 val_mse=0.37947677 val_mae=0.43073427
[worker2/etth1_all_methods_long_v2] [time_series][epoch 174] lambda=0.0000 g_scale=0.000 train_total=0.06164742 train_sup=0.06164742 train_imit=0.00000000 mean_w=0.0000 active=0.0000 s_dense=0.00 s_pos=0.0000 s_sel=0.0000 s_sel_pos=0.0000 s_hot_err=0.000000 s_bg_err=0.000000 s_gap=0.000000 conf_cos=0.0000 conf_proj=0.00 val_mse=0.35901221 val_mae=0.42241545
[worker2/etth1_all_methods_long_v2] [time_series][epoch 175] lambda=0.0000 g_scale=0.000 train_total=0.06183452 train_sup=0.06183452 train_imit=0.00000000 mean_w=0.0000 active=0.0000 s_dense=0.00 s_pos=0.0000 s_sel=0.0000 s_sel_pos=0.0000 s_hot_err=0.000000 s_bg_err=0.000000 s_gap=0.000000 conf_cos=0.0000 conf_proj=0.00 val_mse=0.35953679 val_mae=0.42093045
[worker2/etth1_all_methods_long_v2] [time_series][epoch 176] lambda=0.0000 g_scale=0.000 train_total=0.06209505 train_sup=0.06209505 train_imit=0.00000000 mean_w=0.0000 active=0.0000 s_dense=0.00 s_pos=0.0000 s_sel=0.0000 s_sel_pos=0.0000 s_hot_err=0.000000 s_bg_err=0.000000 s_gap=0.000000 conf_cos=0.0000 conf_proj=0.00 val_mse=0.36979783 val_mae=0.42573779
[worker2/etth1_all_methods_long_v2] [time_series][epoch 177] lambda=0.0000 g_scale=0.000 train_total=0.06182414 train_sup=0.06182414 train_imit=0.00000000 mean_w=0.0000 active=0.0000 s_dense=0.00 s_pos=0.0000 s_sel=0.0000 s_sel_pos=0.0000 s_hot_err=0.000000 s_bg_err=0.000000 s_gap=0.000000 conf_cos=0.0000 conf_proj=0.00 val_mse=0.36793053 val_mae=0.42687424
[worker2/etth1_all_methods_long_v2] [time_series][epoch 178] lambda=0.0000 g_scale=0.000 train_total=0.06136086 train_sup=0.06136086 train_imit=0.00000000 mean_w=0.0000 active=0.0000 s_dense=0.00 s_pos=0.0000 s_sel=0.0000 s_sel_pos=0.0000 s_hot_err=0.000000 s_bg_err=0.000000 s_gap=0.000000 conf_cos=0.0000 conf_proj=0.00 val_mse=0.36727715 val_mae=0.42191445
[worker2/etth1_all_methods_long_v2] [time_series][epoch 179] lambda=0.0000 g_scale=0.000 train_total=0.06184324 train_sup=0.06184324 train_imit=0.00000000 mean_w=0.0000 active=0.0000 s_dense=0.00 s_pos=0.0000 s_sel=0.0000 s_sel_pos=0.0000 s_hot_err=0.000000 s_bg_err=0.000000 s_gap=0.000000 conf_cos=0.0000 conf_proj=0.00 val_mse=0.35756563 val_mae=0.41421461
[worker2/etth1_all_methods_long_v2] [time_series][epoch 180] lambda=0.0000 g_scale=0.000 train_total=0.06230632 train_sup=0.06230632 train_imit=0.00000000 mean_w=0.0000 active=0.0000 s_dense=0.00 s_pos=0.0000 s_sel=0.0000 s_sel_pos=0.0000 s_hot_err=0.000000 s_bg_err=0.000000 s_gap=0.000000 conf_cos=0.0000 conf_proj=0.00 val_mse=0.35108851 val_mae=0.41393597
[worker2/etth1_all_methods_long_v2] [time_series][epoch 180] updated live plot
[worker2/etth1_all_methods_long_v2] [time_series][epoch 181] lambda=0.0000 g_scale=0.000 train_total=0.06135909 train_sup=0.06135909 train_imit=0.00000000 mean_w=0.0000 active=0.0000 s_dense=0.00 s_pos=0.0000 s_sel=0.0000 s_sel_pos=0.0000 s_hot_err=0.000000 s_bg_err=0.000000 s_gap=0.000000 conf_cos=0.0000 conf_proj=0.00 val_mse=0.36487464 val_mae=0.42454854
[worker2/etth1_all_methods_long_v2] [time_series][epoch 182] lambda=0.0000 g_scale=0.000 train_total=0.06112987 train_sup=0.06112987 train_imit=0.00000000 mean_w=0.0000 active=0.0000 s_dense=0.00 s_pos=0.0000 s_sel=0.0000 s_sel_pos=0.0000 s_hot_err=0.000000 s_bg_err=0.000000 s_gap=0.000000 conf_cos=0.0000 conf_proj=0.00 val_mse=0.37358842 val_mae=0.42650235
[worker2/etth1_all_methods_long_v2] [time_series][epoch 183] lambda=0.0000 g_scale=0.000 train_total=0.06118319 train_sup=0.06118319 train_imit=0.00000000 mean_w=0.0000 active=0.0000 s_dense=0.00 s_pos=0.0000 s_sel=0.0000 s_sel_pos=0.0000 s_hot_err=0.000000 s_bg_err=0.000000 s_gap=0.000000 conf_cos=0.0000 conf_proj=0.00 val_mse=0.36003333 val_mae=0.41553685
[worker2/etth1_all_methods_long_v2] [time_series][epoch 184] lambda=0.0000 g_scale=0.000 train_total=0.06117044 train_sup=0.06117044 train_imit=0.00000000 mean_w=0.0000 active=0.0000 s_dense=0.00 s_pos=0.0000 s_sel=0.0000 s_sel_pos=0.0000 s_hot_err=0.000000 s_bg_err=0.000000 s_gap=0.000000 conf_cos=0.0000 conf_proj=0.00 val_mse=0.35497774 val_mae=0.41618025
[worker2/etth1_all_methods_long_v2] [time_series][epoch 185] lambda=0.0000 g_scale=0.000 train_total=0.06113953 train_sup=0.06113953 train_imit=0.00000000 mean_w=0.0000 active=0.0000 s_dense=0.00 s_pos=0.0000 s_sel=0.0000 s_sel_pos=0.0000 s_hot_err=0.000000 s_bg_err=0.000000 s_gap=0.000000 conf_cos=0.0000 conf_proj=0.00 val_mse=0.37057316 val_mae=0.42740248
[worker2/etth1_all_methods_long_v2] [time_series][epoch 186] lambda=0.0000 g_scale=0.000 train_total=0.06132370 train_sup=0.06132370 train_imit=0.00000000 mean_w=0.0000 active=0.0000 s_dense=0.00 s_pos=0.0000 s_sel=0.0000 s_sel_pos=0.0000 s_hot_err=0.000000 s_bg_err=0.000000 s_gap=0.000000 conf_cos=0.0000 conf_proj=0.00 val_mse=0.36836901 val_mae=0.42820025
[worker2/etth1_all_methods_long_v2] [time_series][epoch 187] lambda=0.0000 g_scale=0.000 train_total=0.06101981 train_sup=0.06101981 train_imit=0.00000000 mean_w=0.0000 active=0.0000 s_dense=0.00 s_pos=0.0000 s_sel=0.0000 s_sel_pos=0.0000 s_hot_err=0.000000 s_bg_err=0.000000 s_gap=0.000000 conf_cos=0.0000 conf_proj=0.00 val_mse=0.36950938 val_mae=0.42755576
[worker2/etth1_all_methods_long_v2] [time_series][epoch 188] lambda=0.0000 g_scale=0.000 train_total=0.06076497 train_sup=0.06076497 train_imit=0.00000000 mean_w=0.0000 active=0.0000 s_dense=0.00 s_pos=0.0000 s_sel=0.0000 s_sel_pos=0.0000 s_hot_err=0.000000 s_bg_err=0.000000 s_gap=0.000000 conf_cos=0.0000 conf_proj=0.00 val_mse=0.36405373 val_mae=0.42437316
[worker2/etth1_all_methods_long_v2] [time_series][epoch 189] lambda=0.0000 g_scale=0.000 train_total=0.06063781 train_sup=0.06063781 train_imit=0.00000000 mean_w=0.0000 active=0.0000 s_dense=0.00 s_pos=0.0000 s_sel=0.0000 s_sel_pos=0.0000 s_hot_err=0.000000 s_bg_err=0.000000 s_gap=0.000000 conf_cos=0.0000 conf_proj=0.00 val_mse=0.36651448 val_mae=0.42613534
[worker2/etth1_all_methods_long_v2] [time_series][epoch 190] lambda=0.0000 g_scale=0.000 train_total=0.06052723 train_sup=0.06052723 train_imit=0.00000000 mean_w=0.0000 active=0.0000 s_dense=0.00 s_pos=0.0000 s_sel=0.0000 s_sel_pos=0.0000 s_hot_err=0.000000 s_bg_err=0.000000 s_gap=0.000000 conf_cos=0.0000 conf_proj=0.00 val_mse=0.36732091 val_mae=0.42512070
[worker2/etth1_all_methods_long_v2] [time_series][epoch 190] updated live plot
[worker2/etth1_all_methods_long_v2] [time_series][epoch 191] lambda=0.0000 g_scale=0.000 train_total=0.06063766 train_sup=0.06063766 train_imit=0.00000000 mean_w=0.0000 active=0.0000 s_dense=0.00 s_pos=0.0000 s_sel=0.0000 s_sel_pos=0.0000 s_hot_err=0.000000 s_bg_err=0.000000 s_gap=0.000000 conf_cos=0.0000 conf_proj=0.00 val_mse=0.36936896 val_mae=0.42758976
[worker2/etth1_all_methods_long_v2] [time_series][epoch 192] lambda=0.0000 g_scale=0.000 train_total=0.06074546 train_sup=0.06074546 train_imit=0.00000000 mean_w=0.0000 active=0.0000 s_dense=0.00 s_pos=0.0000 s_sel=0.0000 s_sel_pos=0.0000 s_hot_err=0.000000 s_bg_err=0.000000 s_gap=0.000000 conf_cos=0.0000 conf_proj=0.00 val_mse=0.36412638 val_mae=0.42483617
[worker2/etth1_all_methods_long_v2] [time_series][epoch 193] lambda=0.0000 g_scale=0.000 train_total=0.06075446 train_sup=0.06075446 train_imit=0.00000000 mean_w=0.0000 active=0.0000 s_dense=0.00 s_pos=0.0000 s_sel=0.0000 s_sel_pos=0.0000 s_hot_err=0.000000 s_bg_err=0.000000 s_gap=0.000000 conf_cos=0.0000 conf_proj=0.00 val_mse=0.37590822 val_mae=0.43434259
[worker2/etth1_all_methods_long_v2] [time_series][epoch 194] lambda=0.0000 g_scale=0.000 train_total=0.06058608 train_sup=0.06058608 train_imit=0.00000000 mean_w=0.0000 active=0.0000 s_dense=0.00 s_pos=0.0000 s_sel=0.0000 s_sel_pos=0.0000 s_hot_err=0.000000 s_bg_err=0.000000 s_gap=0.000000 conf_cos=0.0000 conf_proj=0.00 val_mse=0.37795278 val_mae=0.42880683
[worker2/etth1_all_methods_long_v2] [time_series][epoch 195] lambda=0.0000 g_scale=0.000 train_total=0.06076817 train_sup=0.06076817 train_imit=0.00000000 mean_w=0.0000 active=0.0000 s_dense=0.00 s_pos=0.0000 s_sel=0.0000 s_sel_pos=0.0000 s_hot_err=0.000000 s_bg_err=0.000000 s_gap=0.000000 conf_cos=0.0000 conf_proj=0.00 val_mse=0.36559195 val_mae=0.42560884
[worker2/etth1_all_methods_long_v2] [time_series][epoch 196] lambda=0.0000 g_scale=0.000 train_total=0.06028340 train_sup=0.06028340 train_imit=0.00000000 mean_w=0.0000 active=0.0000 s_dense=0.00 s_pos=0.0000 s_sel=0.0000 s_sel_pos=0.0000 s_hot_err=0.000000 s_bg_err=0.000000 s_gap=0.000000 conf_cos=0.0000 conf_proj=0.00 val_mse=0.35294017 val_mae=0.41450626
[worker2/etth1_all_methods_long_v2] [time_series][epoch 197] lambda=0.0000 g_scale=0.000 train_total=0.06044407 train_sup=0.06044407 train_imit=0.00000000 mean_w=0.0000 active=0.0000 s_dense=0.00 s_pos=0.0000 s_sel=0.0000 s_sel_pos=0.0000 s_hot_err=0.000000 s_bg_err=0.000000 s_gap=0.000000 conf_cos=0.0000 conf_proj=0.00 val_mse=0.36991432 val_mae=0.42386900
[worker2/etth1_all_methods_long_v2] [time_series][epoch 198] lambda=0.0000 g_scale=0.000 train_total=0.06009723 train_sup=0.06009723 train_imit=0.00000000 mean_w=0.0000 active=0.0000 s_dense=0.00 s_pos=0.0000 s_sel=0.0000 s_sel_pos=0.0000 s_hot_err=0.000000 s_bg_err=0.000000 s_gap=0.000000 conf_cos=0.0000 conf_proj=0.00 val_mse=0.35669135 val_mae=0.41871535
[worker2/etth1_all_methods_long_v2] [time_series][epoch 199] lambda=0.0000 g_scale=0.000 train_total=0.06054086 train_sup=0.06054086 train_imit=0.00000000 mean_w=0.0000 active=0.0000 s_dense=0.00 s_pos=0.0000 s_sel=0.0000 s_sel_pos=0.0000 s_hot_err=0.000000 s_bg_err=0.000000 s_gap=0.000000 conf_cos=0.0000 conf_proj=0.00 val_mse=0.36757041 val_mae=0.42742012
[worker2/etth1_all_methods_long_v2] [time_series][epoch 200] lambda=0.0000 g_scale=0.000 train_total=0.06019319 train_sup=0.06019319 train_imit=0.00000000 mean_w=0.0000 active=0.0000 s_dense=0.00 s_pos=0.0000 s_sel=0.0000 s_sel_pos=0.0000 s_hot_err=0.000000 s_bg_err=0.000000 s_gap=0.000000 conf_cos=0.0000 conf_proj=0.00 val_mse=0.36287256 val_mae=0.42308550
[worker2/etth1_all_methods_long_v2] [time_series][epoch 200] updated live plot
[worker2/etth1_all_methods_long_v2] [time_series] done
[worker2/etth1_all_methods_long_v2] [time_series] dataset=etth1 pair=transformer:dlinear method=dml seed=0 pred_len=24
[worker2/etth1_all_methods_long_v2] [time_series] run_dir=results/time_series_etth1_all_methods_long_v2/time_series/etth1/transformer__dlinear_dml_huber_seed0
[worker2/etth1_all_methods_long_v2] [time_series] params=419240
[worker2/etth1_all_methods_long_v2] [time_series][epoch 001] lambda=0.0010 g_scale=0.000 train_total=0.37420592 train_sup=0.37405548 train_imit=0.15043508 mean_w=0.0244 active=0.4002 s_dense=0.00 s_pos=0.0000 s_sel=0.0000 s_sel_pos=0.0000 s_hot_err=0.000000 s_bg_err=0.000000 s_gap=0.000000 conf_cos=0.0000 conf_proj=0.00 val_mse=0.34214488 val_mae=0.40223642 | p_pos=0.0000 p_dense=0.00 p_sel=0.0000 p_sel_pos=0.0000 p_hot_err=0.000000 p_bg_err=0.000000 p_gap=0.000000 peer_val_mse=0.31981413 peer_val_mae=0.38303848
[worker2/etth1_all_methods_long_v2] [time_series][epoch 002] lambda=0.0010 g_scale=0.000 train_total=0.25378392 train_sup=0.25367420 train_imit=0.10972823 mean_w=0.0226 active=0.4412 s_dense=0.00 s_pos=0.0000 s_sel=0.0000 s_sel_pos=0.0000 s_hot_err=0.000000 s_bg_err=0.000000 s_gap=0.000000 conf_cos=0.0000 conf_proj=0.00 val_mse=0.34189316 val_mae=0.40550168 | p_pos=0.0000 p_dense=0.00 p_sel=0.0000 p_sel_pos=0.0000 p_hot_err=0.000000 p_bg_err=0.000000 p_gap=0.000000 peer_val_mse=0.29962369 peer_val_mae=0.36847014
[worker2/etth1_all_methods_long_v2] [time_series][epoch 003] lambda=0.0010 g_scale=0.000 train_total=0.23457225 train_sup=0.23445637 train_imit=0.11588667 mean_w=0.0249 active=0.4630 s_dense=0.00 s_pos=0.0000 s_sel=0.0000 s_sel_pos=0.0000 s_hot_err=0.000000 s_bg_err=0.000000 s_gap=0.000000 conf_cos=0.0000 conf_proj=0.00 val_mse=0.32677176 val_mae=0.39617148 | p_pos=0.0000 p_dense=0.00 p_sel=0.0000 p_sel_pos=0.0000 p_hot_err=0.000000 p_bg_err=0.000000 p_gap=0.000000 peer_val_mse=0.29034028 peer_val_mae=0.36007879
[worker2/etth1_all_methods_long_v2] [time_series][epoch 004] lambda=0.0010 g_scale=0.000 train_total=0.21944910 train_sup=0.21931985 train_imit=0.12925167 mean_w=0.0279 active=0.4917 s_dense=0.00 s_pos=0.0000 s_sel=0.0000 s_sel_pos=0.0000 s_hot_err=0.000000 s_bg_err=0.000000 s_gap=0.000000 conf_cos=0.0000 conf_proj=0.00 val_mse=0.34968487 val_mae=0.40628250 | p_pos=0.0000 p_dense=0.00 p_sel=0.0000 p_sel_pos=0.0000 p_hot_err=0.000000 p_bg_err=0.000000 p_gap=0.000000 peer_val_mse=0.28588129 peer_val_mae=0.35525255
[worker2/etth1_all_methods_long_v2] [time_series][epoch 005] lambda=0.0010 g_scale=0.000 train_total=0.20825886 train_sup=0.20812635 train_imit=0.13251044 mean_w=0.0307 active=0.5173 s_dense=0.00 s_pos=0.0000 s_sel=0.0000 s_sel_pos=0.0000 s_hot_err=0.000000 s_bg_err=0.000000 s_gap=0.000000 conf_cos=0.0000 conf_proj=0.00 val_mse=0.36054447 val_mae=0.41989979 | p_pos=0.0000 p_dense=0.00 p_sel=0.0000 p_sel_pos=0.0000 p_hot_err=0.000000 p_bg_err=0.000000 p_gap=0.000000 peer_val_mse=0.28066488 peer_val_mae=0.34947145
[worker2/etth1_all_methods_long_v2] [time_series][epoch 006] lambda=0.0010 g_scale=0.000 train_total=0.19670044 train_sup=0.19656165 train_imit=0.13879503 mean_w=0.0336 active=0.5482 s_dense=0.00 s_pos=0.0000 s_sel=0.0000 s_sel_pos=0.0000 s_hot_err=0.000000 s_bg_err=0.000000 s_gap=0.000000 conf_cos=0.0000 conf_proj=0.00 val_mse=0.33738999 val_mae=0.39917214 | p_pos=0.0000 p_dense=0.00 p_sel=0.0000 p_sel_pos=0.0000 p_hot_err=0.000000 p_bg_err=0.000000 p_gap=0.000000 peer_val_mse=0.28103171 peer_val_mae=0.35279833
[worker2/etth1_all_methods_long_v2] [time_series][epoch 007] lambda=0.0010 g_scale=0.000 train_total=0.18537580 train_sup=0.18523044 train_imit=0.14535851 mean_w=0.0372 active=0.5827 s_dense=0.00 s_pos=0.0000 s_sel=0.0000 s_sel_pos=0.0000 s_hot_err=0.000000 s_bg_err=0.000000 s_gap=0.000000 conf_cos=0.0000 conf_proj=0.00 val_mse=0.35006082 val_mae=0.41209405 | p_pos=0.0000 p_dense=0.00 p_sel=0.0000 p_sel_pos=0.0000 p_hot_err=0.000000 p_bg_err=0.000000 p_gap=0.000000 peer_val_mse=0.27667323 peer_val_mae=0.34549454
[worker2/etth1_all_methods_long_v2] [time_series][epoch 008] lambda=0.0010 g_scale=0.000 train_total=0.17735019 train_sup=0.17720037 train_imit=0.14981499 mean_w=0.0398 active=0.6000 s_dense=0.00 s_pos=0.0000 s_sel=0.0000 s_sel_pos=0.0000 s_hot_err=0.000000 s_bg_err=0.000000 s_gap=0.000000 conf_cos=0.0000 conf_proj=0.00 val_mse=0.37401969 val_mae=0.43293466 | p_pos=0.0000 p_dense=0.00 p_sel=0.0000 p_sel_pos=0.0000 p_hot_err=0.000000 p_bg_err=0.000000 p_gap=0.000000 peer_val_mse=0.27621805 peer_val_mae=0.34453333
[worker2/etth1_all_methods_long_v2] [time_series][epoch 009] lambda=0.0010 g_scale=0.000 train_total=0.16741389 train_sup=0.16725872 train_imit=0.15517018 mean_w=0.0429 active=0.6272 s_dense=0.00 s_pos=0.0000 s_sel=0.0000 s_sel_pos=0.0000 s_hot_err=0.000000 s_bg_err=0.000000 s_gap=0.000000 conf_cos=0.0000 conf_proj=0.00 val_mse=0.35426578 val_mae=0.41295905 | p_pos=0.0000 p_dense=0.00 p_sel=0.0000 p_sel_pos=0.0000 p_hot_err=0.000000 p_bg_err=0.000000 p_gap=0.000000 peer_val_mse=0.27567383 peer_val_mae=0.34335380
[worker2/etth1_all_methods_long_v2] [time_series][epoch 010] lambda=0.0010 g_scale=0.000 train_total=0.15750407 train_sup=0.15734533 train_imit=0.15873395 mean_w=0.0462 active=0.6558 s_dense=0.00 s_pos=0.0000 s_sel=0.0000 s_sel_pos=0.0000 s_hot_err=0.000000 s_bg_err=0.000000 s_gap=0.000000 conf_cos=0.0000 conf_proj=0.00 val_mse=0.37897229 val_mae=0.43161181 | p_pos=0.0000 p_dense=0.00 p_sel=0.0000 p_sel_pos=0.0000 p_hot_err=0.000000 p_bg_err=0.000000 p_gap=0.000000 peer_val_mse=0.27844938 peer_val_mae=0.34866540
[worker2/etth1_all_methods_long_v2] [time_series][epoch 010] updated live plot
[worker2/etth1_all_methods_long_v2] [time_series][epoch 011] lambda=0.0010 g_scale=0.000 train_total=0.15086244 train_sup=0.15070404 train_imit=0.16204718 mean_w=0.0483 active=0.6791 s_dense=0.00 s_pos=0.0000 s_sel=0.0000 s_sel_pos=0.0000 s_hot_err=0.000000 s_bg_err=0.000000 s_gap=0.000000 conf_cos=0.0000 conf_proj=0.00 val_mse=0.38623804 val_mae=0.43829621 | p_pos=0.0000 p_dense=0.00 p_sel=0.0000 p_sel_pos=0.0000 p_hot_err=0.000000 p_bg_err=0.000000 p_gap=0.000000 peer_val_mse=0.27548199 peer_val_mae=0.34398869
[worker2/etth1_all_methods_long_v2] [time_series][epoch 012] lambda=0.0010 g_scale=0.000 train_total=0.14393957 train_sup=0.14378210 train_imit=0.16489116 mean_w=0.0509 active=0.7027 s_dense=0.00 s_pos=0.0000 s_sel=0.0000 s_sel_pos=0.0000 s_hot_err=0.000000 s_bg_err=0.000000 s_gap=0.000000 conf_cos=0.0000 conf_proj=0.00 val_mse=0.34882840 val_mae=0.41338746 | p_pos=0.0000 p_dense=0.00 p_sel=0.0000 p_sel_pos=0.0000 p_hot_err=0.000000 p_bg_err=0.000000 p_gap=0.000000 peer_val_mse=0.27543924 peer_val_mae=0.34424160
[worker2/etth1_all_methods_long_v2] [time_series][epoch 013] lambda=0.0009 g_scale=0.000 train_total=0.13674499 train_sup=0.13658676 train_imit=0.16968361 mean_w=0.0531 active=0.7281 s_dense=0.00 s_pos=0.0000 s_sel=0.0000 s_sel_pos=0.0000 s_hot_err=0.000000 s_bg_err=0.000000 s_gap=0.000000 conf_cos=0.0000 conf_proj=0.00 val_mse=0.40003472 val_mae=0.44926983 | p_pos=0.0000 p_dense=0.00 p_sel=0.0000 p_sel_pos=0.0000 p_hot_err=0.000000 p_bg_err=0.000000 p_gap=0.000000 peer_val_mse=0.27520351 peer_val_mae=0.34282707
[worker2/etth1_all_methods_long_v2] [time_series][epoch 014] lambda=0.0009 g_scale=0.000 train_total=0.13151611 train_sup=0.13136123 train_imit=0.17020134 mean_w=0.0550 active=0.7437 s_dense=0.00 s_pos=0.0000 s_sel=0.0000 s_sel_pos=0.0000 s_hot_err=0.000000 s_bg_err=0.000000 s_gap=0.000000 conf_cos=0.0000 conf_proj=0.00 val_mse=0.37935252 val_mae=0.43523756 | p_pos=0.0000 p_dense=0.00 p_sel=0.0000 p_sel_pos=0.0000 p_hot_err=0.000000 p_bg_err=0.000000 p_gap=0.000000 peer_val_mse=0.27629908 peer_val_mae=0.34803050
[worker2/etth1_all_methods_long_v2] [time_series][epoch 015] lambda=0.0009 g_scale=0.000 train_total=0.12771708 train_sup=0.12756642 train_imit=0.16975739 mean_w=0.0565 active=0.7567 s_dense=0.00 s_pos=0.0000 s_sel=0.0000 s_sel_pos=0.0000 s_hot_err=0.000000 s_bg_err=0.000000 s_gap=0.000000 conf_cos=0.0000 conf_proj=0.00 val_mse=0.42665094 val_mae=0.46540616 | p_pos=0.0000 p_dense=0.00 p_sel=0.0000 p_sel_pos=0.0000 p_hot_err=0.000000 p_bg_err=0.000000 p_gap=0.000000 peer_val_mse=0.27588732 peer_val_mae=0.34439758
[worker2/etth1_all_methods_long_v2] [time_series][epoch 016] lambda=0.0009 g_scale=0.000 train_total=0.12374676 train_sup=0.12359782 train_imit=0.17218908 mean_w=0.0580 active=0.7703 s_dense=0.00 s_pos=0.0000 s_sel=0.0000 s_sel_pos=0.0000 s_hot_err=0.000000 s_bg_err=0.000000 s_gap=0.000000 conf_cos=0.0000 conf_proj=0.00 val_mse=0.41570085 val_mae=0.45989393 | p_pos=0.0000 p_dense=0.00 p_sel=0.0000 p_sel_pos=0.0000 p_hot_err=0.000000 p_bg_err=0.000000 p_gap=0.000000 peer_val_mse=0.27805487 peer_val_mae=0.34925668
[worker2/etth1_all_methods_long_v2] [time_series][epoch 017] lambda=0.0008 g_scale=0.000 train_total=0.12036397 train_sup=0.12021860 train_imit=0.17253556 mean_w=0.0595 active=0.7852 s_dense=0.00 s_pos=0.0000 s_sel=0.0000 s_sel_pos=0.0000 s_hot_err=0.000000 s_bg_err=0.000000 s_gap=0.000000 conf_cos=0.0000 conf_proj=0.00 val_mse=0.38251293 val_mae=0.42974244 | p_pos=0.0000 p_dense=0.00 p_sel=0.0000 p_sel_pos=0.0000 p_hot_err=0.000000 p_bg_err=0.000000 p_gap=0.000000 peer_val_mse=0.27492729 peer_val_mae=0.34646671
[worker2/etth1_all_methods_long_v2] [time_series][epoch 018] lambda=0.0008 g_scale=0.000 train_total=0.11774968 train_sup=0.11760746 train_imit=0.17343110 mean_w=0.0603 active=0.7916 s_dense=0.00 s_pos=0.0000 s_sel=0.0000 s_sel_pos=0.0000 s_hot_err=0.000000 s_bg_err=0.000000 s_gap=0.000000 conf_cos=0.0000 conf_proj=0.00 val_mse=0.39630938 val_mae=0.44258151 | p_pos=0.0000 p_dense=0.00 p_sel=0.0000 p_sel_pos=0.0000 p_hot_err=0.000000 p_bg_err=0.000000 p_gap=0.000000 peer_val_mse=0.27437964 peer_val_mae=0.34354106
[worker2/etth1_all_methods_long_v2] [time_series][epoch 019] lambda=0.0008 g_scale=0.000 train_total=0.11474106 train_sup=0.11460195 train_imit=0.17442583 mean_w=0.0615 active=0.8049 s_dense=0.00 s_pos=0.0000 s_sel=0.0000 s_sel_pos=0.0000 s_hot_err=0.000000 s_bg_err=0.000000 s_gap=0.000000 conf_cos=0.0000 conf_proj=0.00 val_mse=0.42175953 val_mae=0.45412376 | p_pos=0.0000 p_dense=0.00 p_sel=0.0000 p_sel_pos=0.0000 p_hot_err=0.000000 p_bg_err=0.000000 p_gap=0.000000 peer_val_mse=0.27418469 peer_val_mae=0.34315321
[worker2/etth1_all_methods_long_v2] [time_series][epoch 020] lambda=0.0008 g_scale=0.000 train_total=0.11151941 train_sup=0.11138392 train_imit=0.17482071 mean_w=0.0628 active=0.8184 s_dense=0.00 s_pos=0.0000 s_sel=0.0000 s_sel_pos=0.0000 s_hot_err=0.000000 s_bg_err=0.000000 s_gap=0.000000 conf_cos=0.0000 conf_proj=0.00 val_mse=0.42313166 val_mae=0.47024164 | p_pos=0.0000 p_dense=0.00 p_sel=0.0000 p_sel_pos=0.0000 p_hot_err=0.000000 p_bg_err=0.000000 p_gap=0.000000 peer_val_mse=0.27296021 peer_val_mae=0.34144023
[worker2/etth1_all_methods_long_v2] [time_series][epoch 020] updated live plot
[worker2/etth1_all_methods_long_v2] [time_series][epoch 021] lambda=0.0008 g_scale=0.000 train_total=0.10923373 train_sup=0.10910184 train_imit=0.17527340 mean_w=0.0638 active=0.8238 s_dense=0.00 s_pos=0.0000 s_sel=0.0000 s_sel_pos=0.0000 s_hot_err=0.000000 s_bg_err=0.000000 s_gap=0.000000 conf_cos=0.0000 conf_proj=0.00 val_mse=0.38097701 val_mae=0.43450703 | p_pos=0.0000 p_dense=0.00 p_sel=0.0000 p_sel_pos=0.0000 p_hot_err=0.000000 p_bg_err=0.000000 p_gap=0.000000 peer_val_mse=0.27260200 peer_val_mae=0.34167199
[worker2/etth1_all_methods_long_v2] [time_series][epoch 022] lambda=0.0007 g_scale=0.000 train_total=0.10725332 train_sup=0.10712470 train_imit=0.17619041 mean_w=0.0644 active=0.8278 s_dense=0.00 s_pos=0.0000 s_sel=0.0000 s_sel_pos=0.0000 s_hot_err=0.000000 s_bg_err=0.000000 s_gap=0.000000 conf_cos=0.0000 conf_proj=0.00 val_mse=0.38979083 val_mae=0.43609752 | p_pos=0.0000 p_dense=0.00 p_sel=0.0000 p_sel_pos=0.0000 p_hot_err=0.000000 p_bg_err=0.000000 p_gap=0.000000 peer_val_mse=0.27430904 peer_val_mae=0.34337235
[worker2/etth1_all_methods_long_v2] [time_series][epoch 023] lambda=0.0007 g_scale=0.000 train_total=0.10534151 train_sup=0.10521619 train_imit=0.17713162 mean_w=0.0652 active=0.8377 s_dense=0.00 s_pos=0.0000 s_sel=0.0000 s_sel_pos=0.0000 s_hot_err=0.000000 s_bg_err=0.000000 s_gap=0.000000 conf_cos=0.0000 conf_proj=0.00 val_mse=0.40771516 val_mae=0.45038224 | p_pos=0.0000 p_dense=0.00 p_sel=0.0000 p_sel_pos=0.0000 p_hot_err=0.000000 p_bg_err=0.000000 p_gap=0.000000 peer_val_mse=0.27551493 peer_val_mae=0.34449399
[worker2/etth1_all_methods_long_v2] [time_series][epoch 024] lambda=0.0007 g_scale=0.000 train_total=0.10501601 train_sup=0.10489484 train_imit=0.17688662 mean_w=0.0653 active=0.8417 s_dense=0.00 s_pos=0.0000 s_sel=0.0000 s_sel_pos=0.0000 s_hot_err=0.000000 s_bg_err=0.000000 s_gap=0.000000 conf_cos=0.0000 conf_proj=0.00 val_mse=0.42180547 val_mae=0.46260740 | p_pos=0.0000 p_dense=0.00 p_sel=0.0000 p_sel_pos=0.0000 p_hot_err=0.000000 p_bg_err=0.000000 p_gap=0.000000 peer_val_mse=0.27396422 peer_val_mae=0.34200998
[worker2/etth1_all_methods_long_v2] [time_series][epoch 025] lambda=0.0007 g_scale=0.000 train_total=0.10287963 train_sup=0.10276151 train_imit=0.17829405 mean_w=0.0662 active=0.8475 s_dense=0.00 s_pos=0.0000 s_sel=0.0000 s_sel_pos=0.0000 s_hot_err=0.000000 s_bg_err=0.000000 s_gap=0.000000 conf_cos=0.0000 conf_proj=0.00 val_mse=0.40240996 val_mae=0.44475742 | p_pos=0.0000 p_dense=0.00 p_sel=0.0000 p_sel_pos=0.0000 p_hot_err=0.000000 p_bg_err=0.000000 p_gap=0.000000 peer_val_mse=0.27720338 peer_val_mae=0.34829516
[worker2/etth1_all_methods_long_v2] [time_series][epoch 026] lambda=0.0006 g_scale=0.000 train_total=0.10090352 train_sup=0.10079006 train_imit=0.17728761 mean_w=0.0669 active=0.8571 s_dense=0.00 s_pos=0.0000 s_sel=0.0000 s_sel_pos=0.0000 s_hot_err=0.000000 s_bg_err=0.000000 s_gap=0.000000 conf_cos=0.0000 conf_proj=0.00 val_mse=0.42503985 val_mae=0.46149007 | p_pos=0.0000 p_dense=0.00 p_sel=0.0000 p_sel_pos=0.0000 p_hot_err=0.000000 p_bg_err=0.000000 p_gap=0.000000 peer_val_mse=0.27362699 peer_val_mae=0.34171478
[worker2/etth1_all_methods_long_v2] [time_series][epoch 027] lambda=0.0006 g_scale=0.000 train_total=0.10079806 train_sup=0.10068853 train_imit=0.17737826 mean_w=0.0671 active=0.8554 s_dense=0.00 s_pos=0.0000 s_sel=0.0000 s_sel_pos=0.0000 s_hot_err=0.000000 s_bg_err=0.000000 s_gap=0.000000 conf_cos=0.0000 conf_proj=0.00 val_mse=0.42246516 val_mae=0.46334925 | p_pos=0.0000 p_dense=0.00 p_sel=0.0000 p_sel_pos=0.0000 p_hot_err=0.000000 p_bg_err=0.000000 p_gap=0.000000 peer_val_mse=0.27537120 peer_val_mae=0.34463620
[worker2/etth1_all_methods_long_v2] [time_series][epoch 028] lambda=0.0006 g_scale=0.000 train_total=0.09850746 train_sup=0.09840195 train_imit=0.17733963 mean_w=0.0680 active=0.8623 s_dense=0.00 s_pos=0.0000 s_sel=0.0000 s_sel_pos=0.0000 s_hot_err=0.000000 s_bg_err=0.000000 s_gap=0.000000 conf_cos=0.0000 conf_proj=0.00 val_mse=0.45571280 val_mae=0.48403741 | p_pos=0.0000 p_dense=0.00 p_sel=0.0000 p_sel_pos=0.0000 p_hot_err=0.000000 p_bg_err=0.000000 p_gap=0.000000 peer_val_mse=0.27677178 peer_val_mae=0.34712982
[worker2/etth1_all_methods_long_v2] [time_series][epoch 029] lambda=0.0006 g_scale=0.000 train_total=0.09668111 train_sup=0.09657840 train_imit=0.17940201 mean_w=0.0688 active=0.8691 s_dense=0.00 s_pos=0.0000 s_sel=0.0000 s_sel_pos=0.0000 s_hot_err=0.000000 s_bg_err=0.000000 s_gap=0.000000 conf_cos=0.0000 conf_proj=0.00 val_mse=0.43708821 val_mae=0.47627951 | p_pos=0.0000 p_dense=0.00 p_sel=0.0000 p_sel_pos=0.0000 p_hot_err=0.000000 p_bg_err=0.000000 p_gap=0.000000 peer_val_mse=0.27298890 peer_val_mae=0.34141206
[worker2/etth1_all_methods_long_v2] [time_series][epoch 030] lambda=0.0006 g_scale=0.000 train_total=0.09639678 train_sup=0.09629878 train_imit=0.17819108 mean_w=0.0690 active=0.8681 s_dense=0.00 s_pos=0.0000 s_sel=0.0000 s_sel_pos=0.0000 s_hot_err=0.000000 s_bg_err=0.000000 s_gap=0.000000 conf_cos=0.0000 conf_proj=0.00 val_mse=0.43290581 val_mae=0.46514390 | p_pos=0.0000 p_dense=0.00 p_sel=0.0000 p_sel_pos=0.0000 p_hot_err=0.000000 p_bg_err=0.000000 p_gap=0.000000 peer_val_mse=0.27540572 peer_val_mae=0.34321724
[worker2/etth1_all_methods_long_v2] [time_series][epoch 030] updated live plot
[worker2/etth1_all_methods_long_v2] [time_series][epoch 031] lambda=0.0005 g_scale=0.000 train_total=0.09535749 train_sup=0.09526329 train_imit=0.17856475 mean_w=0.0693 active=0.8741 s_dense=0.00 s_pos=0.0000 s_sel=0.0000 s_sel_pos=0.0000 s_hot_err=0.000000 s_bg_err=0.000000 s_gap=0.000000 conf_cos=0.0000 conf_proj=0.00 val_mse=0.45654452 val_mae=0.48198781 | p_pos=0.0000 p_dense=0.00 p_sel=0.0000 p_sel_pos=0.0000 p_hot_err=0.000000 p_bg_err=0.000000 p_gap=0.000000 peer_val_mse=0.27384153 peer_val_mae=0.34242843
[worker2/etth1_all_methods_long_v2] [time_series][epoch 032] lambda=0.0005 g_scale=0.000 train_total=0.09447009 train_sup=0.09438004 train_imit=0.17831056 mean_w=0.0696 active=0.8794 s_dense=0.00 s_pos=0.0000 s_sel=0.0000 s_sel_pos=0.0000 s_hot_err=0.000000 s_bg_err=0.000000 s_gap=0.000000 conf_cos=0.0000 conf_proj=0.00 val_mse=0.42158977 val_mae=0.46310104 | p_pos=0.0000 p_dense=0.00 p_sel=0.0000 p_sel_pos=0.0000 p_hot_err=0.000000 p_bg_err=0.000000 p_gap=0.000000 peer_val_mse=0.27684664 peer_val_mae=0.34656175
[worker2/etth1_all_methods_long_v2] [time_series][epoch 033] lambda=0.0005 g_scale=0.000 train_total=0.09398937 train_sup=0.09390295 train_imit=0.17910891 mean_w=0.0699 active=0.8788 s_dense=0.00 s_pos=0.0000 s_sel=0.0000 s_sel_pos=0.0000 s_hot_err=0.000000 s_bg_err=0.000000 s_gap=0.000000 conf_cos=0.0000 conf_proj=0.00 val_mse=0.45278522 val_mae=0.48441704 | p_pos=0.0000 p_dense=0.00 p_sel=0.0000 p_sel_pos=0.0000 p_hot_err=0.000000 p_bg_err=0.000000 p_gap=0.000000 peer_val_mse=0.27414454 peer_val_mae=0.34237018
[worker2/etth1_all_methods_long_v2] [time_series][epoch 034] lambda=0.0005 g_scale=0.000 train_total=0.09311344 train_sup=0.09303132 train_imit=0.17851784 mean_w=0.0703 active=0.8841 s_dense=0.00 s_pos=0.0000 s_sel=0.0000 s_sel_pos=0.0000 s_hot_err=0.000000 s_bg_err=0.000000 s_gap=0.000000 conf_cos=0.0000 conf_proj=0.00 val_mse=0.43724461 val_mae=0.46944672 | p_pos=0.0000 p_dense=0.00 p_sel=0.0000 p_sel_pos=0.0000 p_hot_err=0.000000 p_bg_err=0.000000 p_gap=0.000000 peer_val_mse=0.27346350 peer_val_mae=0.34224514
[worker2/etth1_all_methods_long_v2] [time_series][epoch 035] lambda=0.0004 g_scale=0.000 train_total=0.09230493 train_sup=0.09222677 train_imit=0.17865962 mean_w=0.0707 active=0.8864 s_dense=0.00 s_pos=0.0000 s_sel=0.0000 s_sel_pos=0.0000 s_hot_err=0.000000 s_bg_err=0.000000 s_gap=0.000000 conf_cos=0.0000 conf_proj=0.00 val_mse=0.44435208 val_mae=0.47578207 | p_pos=0.0000 p_dense=0.00 p_sel=0.0000 p_sel_pos=0.0000 p_hot_err=0.000000 p_bg_err=0.000000 p_gap=0.000000 peer_val_mse=0.27427995 peer_val_mae=0.34504033
[worker2/etth1_all_methods_long_v2] [time_series][epoch 036] lambda=0.0004 g_scale=0.000 train_total=0.09105726 train_sup=0.09098252 train_imit=0.18010902 mean_w=0.0712 active=0.8899 s_dense=0.00 s_pos=0.0000 s_sel=0.0000 s_sel_pos=0.0000 s_hot_err=0.000000 s_bg_err=0.000000 s_gap=0.000000 conf_cos=0.0000 conf_proj=0.00 val_mse=0.45271633 val_mae=0.47750582 | p_pos=0.0000 p_dense=0.00 p_sel=0.0000 p_sel_pos=0.0000 p_hot_err=0.000000 p_bg_err=0.000000 p_gap=0.000000 peer_val_mse=0.27586172 peer_val_mae=0.34403465
[worker2/etth1_all_methods_long_v2] [time_series][epoch 037] lambda=0.0004 g_scale=0.000 train_total=0.08976511 train_sup=0.08969460 train_imit=0.17965182 mean_w=0.0718 active=0.8959 s_dense=0.00 s_pos=0.0000 s_sel=0.0000 s_sel_pos=0.0000 s_hot_err=0.000000 s_bg_err=0.000000 s_gap=0.000000 conf_cos=0.0000 conf_proj=0.00 val_mse=0.44085244 val_mae=0.47966096 | p_pos=0.0000 p_dense=0.00 p_sel=0.0000 p_sel_pos=0.0000 p_hot_err=0.000000 p_bg_err=0.000000 p_gap=0.000000 peer_val_mse=0.27310963 peer_val_mae=0.34244773
[worker2/etth1_all_methods_long_v2] [time_series][epoch 038] lambda=0.0004 g_scale=0.000 train_total=0.08908277 train_sup=0.08901650 train_imit=0.17910938 mean_w=0.0720 active=0.8968 s_dense=0.00 s_pos=0.0000 s_sel=0.0000 s_sel_pos=0.0000 s_hot_err=0.000000 s_bg_err=0.000000 s_gap=0.000000 conf_cos=0.0000 conf_proj=0.00 val_mse=0.43526606 val_mae=0.47052865 | p_pos=0.0000 p_dense=0.00 p_sel=0.0000 p_sel_pos=0.0000 p_hot_err=0.000000 p_bg_err=0.000000 p_gap=0.000000 peer_val_mse=0.27540912 peer_val_mae=0.34740006
[worker2/etth1_all_methods_long_v2] [time_series][epoch 039] lambda=0.0003 g_scale=0.000 train_total=0.08933088 train_sup=0.08926867 train_imit=0.17903468 mean_w=0.0719 active=0.8952 s_dense=0.00 s_pos=0.0000 s_sel=0.0000 s_sel_pos=0.0000 s_hot_err=0.000000 s_bg_err=0.000000 s_gap=0.000000 conf_cos=0.0000 conf_proj=0.00 val_mse=0.47095642 val_mae=0.49764065 | p_pos=0.0000 p_dense=0.00 p_sel=0.0000 p_sel_pos=0.0000 p_hot_err=0.000000 p_bg_err=0.000000 p_gap=0.000000 peer_val_mse=0.27556482 peer_val_mae=0.34365287
[worker2/etth1_all_methods_long_v2] [time_series][epoch 040] lambda=0.0003 g_scale=0.000 train_total=0.08847097 train_sup=0.08841262 train_imit=0.17952037 mean_w=0.0723 active=0.8989 s_dense=0.00 s_pos=0.0000 s_sel=0.0000 s_sel_pos=0.0000 s_hot_err=0.000000 s_bg_err=0.000000 s_gap=0.000000 conf_cos=0.0000 conf_proj=0.00 val_mse=0.43523946 val_mae=0.46773235 | p_pos=0.0000 p_dense=0.00 p_sel=0.0000 p_sel_pos=0.0000 p_hot_err=0.000000 p_bg_err=0.000000 p_gap=0.000000 peer_val_mse=0.27358027 peer_val_mae=0.34095252
[worker2/etth1_all_methods_long_v2] [time_series][epoch 040] updated live plot
[worker2/etth1_all_methods_long_v2] [time_series][epoch 041] lambda=0.0003 g_scale=0.000 train_total=0.08777482 train_sup=0.08772072 train_imit=0.17886842 mean_w=0.0726 active=0.8983 s_dense=0.00 s_pos=0.0000 s_sel=0.0000 s_sel_pos=0.0000 s_hot_err=0.000000 s_bg_err=0.000000 s_gap=0.000000 conf_cos=0.0000 conf_proj=0.00 val_mse=0.47044011 val_mae=0.49206981 | p_pos=0.0000 p_dense=0.00 p_sel=0.0000 p_sel_pos=0.0000 p_hot_err=0.000000 p_bg_err=0.000000 p_gap=0.000000 peer_val_mse=0.27406588 peer_val_mae=0.34134380
[worker2/etth1_all_methods_long_v2] [time_series][epoch 042] lambda=0.0003 g_scale=0.000 train_total=0.08835953 train_sup=0.08830966 train_imit=0.17809901 mean_w=0.0726 active=0.9019 s_dense=0.00 s_pos=0.0000 s_sel=0.0000 s_sel_pos=0.0000 s_hot_err=0.000000 s_bg_err=0.000000 s_gap=0.000000 conf_cos=0.0000 conf_proj=0.00 val_mse=0.41137735 val_mae=0.45277191 | p_pos=0.0000 p_dense=0.00 p_sel=0.0000 p_sel_pos=0.0000 p_hot_err=0.000000 p_bg_err=0.000000 p_gap=0.000000 peer_val_mse=0.27276298 peer_val_mae=0.34099475
[worker2/etth1_all_methods_long_v2] [time_series][epoch 043] lambda=0.0003 g_scale=0.000 train_total=0.08638075 train_sup=0.08633458 train_imit=0.17930353 mean_w=0.0735 active=0.9073 s_dense=0.00 s_pos=0.0000 s_sel=0.0000 s_sel_pos=0.0000 s_hot_err=0.000000 s_bg_err=0.000000 s_gap=0.000000 conf_cos=0.0000 conf_proj=0.00 val_mse=0.42938291 val_mae=0.46439845 | p_pos=0.0000 p_dense=0.00 p_sel=0.0000 p_sel_pos=0.0000 p_hot_err=0.000000 p_bg_err=0.000000 p_gap=0.000000 peer_val_mse=0.27550886 peer_val_mae=0.34468167
[worker2/etth1_all_methods_long_v2] [time_series][epoch 044] lambda=0.0002 g_scale=0.000 train_total=0.08633399 train_sup=0.08629185 train_imit=0.17930640 mean_w=0.0733 active=0.9074 s_dense=0.00 s_pos=0.0000 s_sel=0.0000 s_sel_pos=0.0000 s_hot_err=0.000000 s_bg_err=0.000000 s_gap=0.000000 conf_cos=0.0000 conf_proj=0.00 val_mse=0.41147316 val_mae=0.45427821 | p_pos=0.0000 p_dense=0.00 p_sel=0.0000 p_sel_pos=0.0000 p_hot_err=0.000000 p_bg_err=0.000000 p_gap=0.000000 peer_val_mse=0.27590570 peer_val_mae=0.34581649
[worker2/etth1_all_methods_long_v2] [time_series][epoch 045] lambda=0.0002 g_scale=0.000 train_total=0.08523619 train_sup=0.08519787 train_imit=0.18037282 mean_w=0.0737 active=0.9116 s_dense=0.00 s_pos=0.0000 s_sel=0.0000 s_sel_pos=0.0000 s_hot_err=0.000000 s_bg_err=0.000000 s_gap=0.000000 conf_cos=0.0000 conf_proj=0.00 val_mse=0.42328595 val_mae=0.46027814 | p_pos=0.0000 p_dense=0.00 p_sel=0.0000 p_sel_pos=0.0000 p_hot_err=0.000000 p_bg_err=0.000000 p_gap=0.000000 peer_val_mse=0.27833366 peer_val_mae=0.35001112
[worker2/etth1_all_methods_long_v2] [time_series][epoch 046] lambda=0.0002 g_scale=0.000 train_total=0.08454189 train_sup=0.08450760 train_imit=0.18044078 mean_w=0.0739 active=0.9106 s_dense=0.00 s_pos=0.0000 s_sel=0.0000 s_sel_pos=0.0000 s_hot_err=0.000000 s_bg_err=0.000000 s_gap=0.000000 conf_cos=0.0000 conf_proj=0.00 val_mse=0.43175557 val_mae=0.46647720 | p_pos=0.0000 p_dense=0.00 p_sel=0.0000 p_sel_pos=0.0000 p_hot_err=0.000000 p_bg_err=0.000000 p_gap=0.000000 peer_val_mse=0.27255940 peer_val_mae=0.34117052
[worker2/etth1_all_methods_long_v2] [time_series][epoch 047] lambda=0.0002 g_scale=0.000 train_total=0.08445476 train_sup=0.08442496 train_imit=0.17785681 mean_w=0.0741 active=0.9086 s_dense=0.00 s_pos=0.0000 s_sel=0.0000 s_sel_pos=0.0000 s_hot_err=0.000000 s_bg_err=0.000000 s_gap=0.000000 conf_cos=0.0000 conf_proj=0.00 val_mse=0.47172789 val_mae=0.49417999 | p_pos=0.0000 p_dense=0.00 p_sel=0.0000 p_sel_pos=0.0000 p_hot_err=0.000000 p_bg_err=0.000000 p_gap=0.000000 peer_val_mse=0.27518249 peer_val_mae=0.34635815
[worker2/etth1_all_methods_long_v2] [time_series][epoch 048] lambda=0.0001 g_scale=0.000 train_total=0.08369291 train_sup=0.08366678 train_imit=0.18022021 mean_w=0.0745 active=0.9152 s_dense=0.00 s_pos=0.0000 s_sel=0.0000 s_sel_pos=0.0000 s_hot_err=0.000000 s_bg_err=0.000000 s_gap=0.000000 conf_cos=0.0000 conf_proj=0.00 val_mse=0.41373724 val_mae=0.45406301 | p_pos=0.0000 p_dense=0.00 p_sel=0.0000 p_sel_pos=0.0000 p_hot_err=0.000000 p_bg_err=0.000000 p_gap=0.000000 peer_val_mse=0.27321622 peer_val_mae=0.34077491
[worker2/etth1_all_methods_long_v2] [time_series][epoch 049] lambda=0.0001 g_scale=0.000 train_total=0.08335266 train_sup=0.08333081 train_imit=0.17841048 mean_w=0.0748 active=0.9132 s_dense=0.00 s_pos=0.0000 s_sel=0.0000 s_sel_pos=0.0000 s_hot_err=0.000000 s_bg_err=0.000000 s_gap=0.000000 conf_cos=0.0000 conf_proj=0.00 val_mse=0.45786587 val_mae=0.48360855 | p_pos=0.0000 p_dense=0.00 p_sel=0.0000 p_sel_pos=0.0000 p_hot_err=0.000000 p_bg_err=0.000000 p_gap=0.000000 peer_val_mse=0.27709602 peer_val_mae=0.34805455
[worker2/etth1_all_methods_long_v2] [time_series][epoch 050] lambda=0.0001 g_scale=0.000 train_total=0.08249093 train_sup=0.08247293 train_imit=0.17991775 mean_w=0.0751 active=0.9202 s_dense=0.00 s_pos=0.0000 s_sel=0.0000 s_sel_pos=0.0000 s_hot_err=0.000000 s_bg_err=0.000000 s_gap=0.000000 conf_cos=0.0000 conf_proj=0.00 val_mse=0.44682067 val_mae=0.48245227 | p_pos=0.0000 p_dense=0.00 p_sel=0.0000 p_sel_pos=0.0000 p_hot_err=0.000000 p_bg_err=0.000000 p_gap=0.000000 peer_val_mse=0.27610867 peer_val_mae=0.34523336
[worker2/etth1_all_methods_long_v2] [time_series][epoch 050] updated live plot
[worker2/etth1_all_methods_long_v2] [time_series][epoch 051] lambda=0.0001 g_scale=0.000 train_total=0.08352808 train_sup=0.08351038 train_imit=0.17701199 mean_w=0.0746 active=0.9141 s_dense=0.00 s_pos=0.0000 s_sel=0.0000 s_sel_pos=0.0000 s_hot_err=0.000000 s_bg_err=0.000000 s_gap=0.000000 conf_cos=0.0000 conf_proj=0.00 val_mse=0.49856899 val_mae=0.51232762 | p_pos=0.0000 p_dense=0.00 p_sel=0.0000 p_sel_pos=0.0000 p_hot_err=0.000000 p_bg_err=0.000000 p_gap=0.000000 peer_val_mse=0.27409398 peer_val_mae=0.34408255
[worker2/etth1_all_methods_long_v2] [time_series][epoch 052] lambda=0.0001 g_scale=0.000 train_total=0.08291829 train_sup=0.08290041 train_imit=0.17884360 mean_w=0.0749 active=0.9189 s_dense=0.00 s_pos=0.0000 s_sel=0.0000 s_sel_pos=0.0000 s_hot_err=0.000000 s_bg_err=0.000000 s_gap=0.000000 conf_cos=0.0000 conf_proj=0.00 val_mse=0.45424360 val_mae=0.48184748 | p_pos=0.0000 p_dense=0.00 p_sel=0.0000 p_sel_pos=0.0000 p_hot_err=0.000000 p_bg_err=0.000000 p_gap=0.000000 peer_val_mse=0.27401205 peer_val_mae=0.34377505
[worker2/etth1_all_methods_long_v2] [time_series][epoch 053] lambda=0.0001 g_scale=0.000 train_total=0.08122079 train_sup=0.08120282 train_imit=0.17962080 mean_w=0.0755 active=0.9242 s_dense=0.00 s_pos=0.0000 s_sel=0.0000 s_sel_pos=0.0000 s_hot_err=0.000000 s_bg_err=0.000000 s_gap=0.000000 conf_cos=0.0000 conf_proj=0.00 val_mse=0.44003278 val_mae=0.47295268 | p_pos=0.0000 p_dense=0.00 p_sel=0.0000 p_sel_pos=0.0000 p_hot_err=0.000000 p_bg_err=0.000000 p_gap=0.000000 peer_val_mse=0.27673099 peer_val_mae=0.34631504
[worker2/etth1_all_methods_long_v2] [time_series][epoch 054] lambda=0.0001 g_scale=0.000 train_total=0.08097803 train_sup=0.08095986 train_imit=0.18163727 mean_w=0.0756 active=0.9227 s_dense=0.00 s_pos=0.0000 s_sel=0.0000 s_sel_pos=0.0000 s_hot_err=0.000000 s_bg_err=0.000000 s_gap=0.000000 conf_cos=0.0000 conf_proj=0.00 val_mse=0.45291759 val_mae=0.48132869 | p_pos=0.0000 p_dense=0.00 p_sel=0.0000 p_sel_pos=0.0000 p_hot_err=0.000000 p_bg_err=0.000000 p_gap=0.000000 peer_val_mse=0.27498009 peer_val_mae=0.34343921
[worker2/etth1_all_methods_long_v2] [time_series][epoch 055] lambda=0.0001 g_scale=0.000 train_total=0.08080836 train_sup=0.08079052 train_imit=0.17839412 mean_w=0.0758 active=0.9230 s_dense=0.00 s_pos=0.0000 s_sel=0.0000 s_sel_pos=0.0000 s_hot_err=0.000000 s_bg_err=0.000000 s_gap=0.000000 conf_cos=0.0000 conf_proj=0.00 val_mse=0.44308600 val_mae=0.47678208 | p_pos=0.0000 p_dense=0.00 p_sel=0.0000 p_sel_pos=0.0000 p_hot_err=0.000000 p_bg_err=0.000000 p_gap=0.000000 peer_val_mse=0.27368403 peer_val_mae=0.34383462
[worker2/etth1_all_methods_long_v2] [time_series][epoch 056] lambda=0.0001 g_scale=0.000 train_total=0.08061803 train_sup=0.08060007 train_imit=0.17961154 mean_w=0.0759 active=0.9231 s_dense=0.00 s_pos=0.0000 s_sel=0.0000 s_sel_pos=0.0000 s_hot_err=0.000000 s_bg_err=0.000000 s_gap=0.000000 conf_cos=0.0000 conf_proj=0.00 val_mse=0.44428131 val_mae=0.47906770 | p_pos=0.0000 p_dense=0.00 p_sel=0.0000 p_sel_pos=0.0000 p_hot_err=0.000000 p_bg_err=0.000000 p_gap=0.000000 peer_val_mse=0.27312389 peer_val_mae=0.34180061
[worker2/etth1_all_methods_long_v2] [time_series][epoch 057] lambda=0.0001 g_scale=0.000 train_total=0.07965476 train_sup=0.07963675 train_imit=0.18006643 mean_w=0.0762 active=0.9275 s_dense=0.00 s_pos=0.0000 s_sel=0.0000 s_sel_pos=0.0000 s_hot_err=0.000000 s_bg_err=0.000000 s_gap=0.000000 conf_cos=0.0000 conf_proj=0.00 val_mse=0.46441541 val_mae=0.49311069 | p_pos=0.0000 p_dense=0.00 p_sel=0.0000 p_sel_pos=0.0000 p_hot_err=0.000000 p_bg_err=0.000000 p_gap=0.000000 peer_val_mse=0.27348729 peer_val_mae=0.34106912
[worker2/etth1_all_methods_long_v2] [time_series][epoch 058] lambda=0.0001 g_scale=0.000 train_total=0.07964908 train_sup=0.07963107 train_imit=0.18005597 mean_w=0.0763 active=0.9261 s_dense=0.00 s_pos=0.0000 s_sel=0.0000 s_sel_pos=0.0000 s_hot_err=0.000000 s_bg_err=0.000000 s_gap=0.000000 conf_cos=0.0000 conf_proj=0.00 val_mse=0.47995931 val_mae=0.50414181 | p_pos=0.0000 p_dense=0.00 p_sel=0.0000 p_sel_pos=0.0000 p_hot_err=0.000000 p_bg_err=0.000000 p_gap=0.000000 peer_val_mse=0.27557101 peer_val_mae=0.34566345
[worker2/etth1_all_methods_long_v2] [time_series][epoch 059] lambda=0.0001 g_scale=0.000 train_total=0.07964662 train_sup=0.07962861 train_imit=0.18007846 mean_w=0.0762 active=0.9259 s_dense=0.00 s_pos=0.0000 s_sel=0.0000 s_sel_pos=0.0000 s_hot_err=0.000000 s_bg_err=0.000000 s_gap=0.000000 conf_cos=0.0000 conf_proj=0.00 val_mse=0.45492121 val_mae=0.48128577 | p_pos=0.0000 p_dense=0.00 p_sel=0.0000 p_sel_pos=0.0000 p_hot_err=0.000000 p_bg_err=0.000000 p_gap=0.000000 peer_val_mse=0.27425745 peer_val_mae=0.34258772
[worker2/etth1_all_methods_long_v2] [time_series][epoch 060] lambda=0.0001 g_scale=0.000 train_total=0.07830875 train_sup=0.07829065 train_imit=0.18107071 mean_w=0.0768 active=0.9302 s_dense=0.00 s_pos=0.0000 s_sel=0.0000 s_sel_pos=0.0000 s_hot_err=0.000000 s_bg_err=0.000000 s_gap=0.000000 conf_cos=0.0000 conf_proj=0.00 val_mse=0.45775285 val_mae=0.48331478 | p_pos=0.0000 p_dense=0.00 p_sel=0.0000 p_sel_pos=0.0000 p_hot_err=0.000000 p_bg_err=0.000000 p_gap=0.000000 peer_val_mse=0.27415205 peer_val_mae=0.34350350
[worker2/etth1_all_methods_long_v2] [time_series][epoch 060] updated live plot
[worker2/etth1_all_methods_long_v2] [time_series][epoch 061] lambda=0.0001 g_scale=0.000 train_total=0.07889727 train_sup=0.07887924 train_imit=0.18032685 mean_w=0.0767 active=0.9280 s_dense=0.00 s_pos=0.0000 s_sel=0.0000 s_sel_pos=0.0000 s_hot_err=0.000000 s_bg_err=0.000000 s_gap=0.000000 conf_cos=0.0000 conf_proj=0.00 val_mse=0.46040745 val_mae=0.48645746 | p_pos=0.0000 p_dense=0.00 p_sel=0.0000 p_sel_pos=0.0000 p_hot_err=0.000000 p_bg_err=0.000000 p_gap=0.000000 peer_val_mse=0.27271043 peer_val_mae=0.34201977
[worker2/etth1_all_methods_long_v2] [time_series][epoch 062] lambda=0.0001 g_scale=0.000 train_total=0.07793089 train_sup=0.07791290 train_imit=0.17988670 mean_w=0.0769 active=0.9328 s_dense=0.00 s_pos=0.0000 s_sel=0.0000 s_sel_pos=0.0000 s_hot_err=0.000000 s_bg_err=0.000000 s_gap=0.000000 conf_cos=0.0000 conf_proj=0.00 val_mse=0.47757369 val_mae=0.49836305 | p_pos=0.0000 p_dense=0.00 p_sel=0.0000 p_sel_pos=0.0000 p_hot_err=0.000000 p_bg_err=0.000000 p_gap=0.000000 peer_val_mse=0.27311367 peer_val_mae=0.34181235
[worker2/etth1_all_methods_long_v2] [time_series][epoch 063] lambda=0.0001 g_scale=0.000 train_total=0.07790143 train_sup=0.07788360 train_imit=0.17833693 mean_w=0.0770 active=0.9334 s_dense=0.00 s_pos=0.0000 s_sel=0.0000 s_sel_pos=0.0000 s_hot_err=0.000000 s_bg_err=0.000000 s_gap=0.000000 conf_cos=0.0000 conf_proj=0.00 val_mse=0.48136300 val_mae=0.50423983 | p_pos=0.0000 p_dense=0.00 p_sel=0.0000 p_sel_pos=0.0000 p_hot_err=0.000000 p_bg_err=0.000000 p_gap=0.000000 peer_val_mse=0.27359322 peer_val_mae=0.34255089
[worker2/etth1_all_methods_long_v2] [time_series][epoch 064] lambda=0.0001 g_scale=0.000 train_total=0.07775369 train_sup=0.07773558 train_imit=0.18109975 mean_w=0.0771 active=0.9308 s_dense=0.00 s_pos=0.0000 s_sel=0.0000 s_sel_pos=0.0000 s_hot_err=0.000000 s_bg_err=0.000000 s_gap=0.000000 conf_cos=0.0000 conf_proj=0.00 val_mse=0.49601931 val_mae=0.51022102 | p_pos=0.0000 p_dense=0.00 p_sel=0.0000 p_sel_pos=0.0000 p_hot_err=0.000000 p_bg_err=0.000000 p_gap=0.000000 peer_val_mse=0.27421809 peer_val_mae=0.34315070
[worker2/etth1_all_methods_long_v2] [time_series][epoch 065] lambda=0.0001 g_scale=0.000 train_total=0.07718416 train_sup=0.07716621 train_imit=0.17944332 mean_w=0.0773 active=0.9324 s_dense=0.00 s_pos=0.0000 s_sel=0.0000 s_sel_pos=0.0000 s_hot_err=0.000000 s_bg_err=0.000000 s_gap=0.000000 conf_cos=0.0000 conf_proj=0.00 val_mse=0.48517684 val_mae=0.50127263 | p_pos=0.0000 p_dense=0.00 p_sel=0.0000 p_sel_pos=0.0000 p_hot_err=0.000000 p_bg_err=0.000000 p_gap=0.000000 peer_val_mse=0.27257561 peer_val_mae=0.33984892
[worker2/etth1_all_methods_long_v2] [time_series][epoch 066] lambda=0.0001 g_scale=0.000 train_total=0.07663502 train_sup=0.07661685 train_imit=0.18165283 mean_w=0.0776 active=0.9348 s_dense=0.00 s_pos=0.0000 s_sel=0.0000 s_sel_pos=0.0000 s_hot_err=0.000000 s_bg_err=0.000000 s_gap=0.000000 conf_cos=0.0000 conf_proj=0.00 val_mse=0.44705217 val_mae=0.47593524 | p_pos=0.0000 p_dense=0.00 p_sel=0.0000 p_sel_pos=0.0000 p_hot_err=0.000000 p_bg_err=0.000000 p_gap=0.000000 peer_val_mse=0.27244799 peer_val_mae=0.34115204
[worker2/etth1_all_methods_long_v2] [time_series][epoch 067] lambda=0.0001 g_scale=0.000 train_total=0.07701242 train_sup=0.07699450 train_imit=0.17914157 mean_w=0.0776 active=0.9366 s_dense=0.00 s_pos=0.0000 s_sel=0.0000 s_sel_pos=0.0000 s_hot_err=0.000000 s_bg_err=0.000000 s_gap=0.000000 conf_cos=0.0000 conf_proj=0.00 val_mse=0.45183281 val_mae=0.48107499 | p_pos=0.0000 p_dense=0.00 p_sel=0.0000 p_sel_pos=0.0000 p_hot_err=0.000000 p_bg_err=0.000000 p_gap=0.000000 peer_val_mse=0.27344421 peer_val_mae=0.34110692
[worker2/etth1_all_methods_long_v2] [time_series][epoch 068] lambda=0.0001 g_scale=0.000 train_total=0.07600301 train_sup=0.07598484 train_imit=0.18168997 mean_w=0.0778 active=0.9344 s_dense=0.00 s_pos=0.0000 s_sel=0.0000 s_sel_pos=0.0000 s_hot_err=0.000000 s_bg_err=0.000000 s_gap=0.000000 conf_cos=0.0000 conf_proj=0.00 val_mse=0.44600570 val_mae=0.47521752 | p_pos=0.0000 p_dense=0.00 p_sel=0.0000 p_sel_pos=0.0000 p_hot_err=0.000000 p_bg_err=0.000000 p_gap=0.000000 peer_val_mse=0.27647702 peer_val_mae=0.34683467
[worker2/etth1_all_methods_long_v2] [time_series][epoch 069] lambda=0.0001 g_scale=0.000 train_total=0.07570893 train_sup=0.07569090 train_imit=0.18028455 mean_w=0.0779 active=0.9370 s_dense=0.00 s_pos=0.0000 s_sel=0.0000 s_sel_pos=0.0000 s_hot_err=0.000000 s_bg_err=0.000000 s_gap=0.000000 conf_cos=0.0000 conf_proj=0.00 val_mse=0.46134064 val_mae=0.48901186 | p_pos=0.0000 p_dense=0.00 p_sel=0.0000 p_sel_pos=0.0000 p_hot_err=0.000000 p_bg_err=0.000000 p_gap=0.000000 peer_val_mse=0.27391177 peer_val_mae=0.34299954
[worker2/etth1_all_methods_long_v2] [time_series][epoch 070] lambda=0.0001 g_scale=0.000 train_total=0.07524353 train_sup=0.07522541 train_imit=0.18118843 mean_w=0.0781 active=0.9380 s_dense=0.00 s_pos=0.0000 s_sel=0.0000 s_sel_pos=0.0000 s_hot_err=0.000000 s_bg_err=0.000000 s_gap=0.000000 conf_cos=0.0000 conf_proj=0.00 val_mse=0.43839466 val_mae=0.47315450 | p_pos=0.0000 p_dense=0.00 p_sel=0.0000 p_sel_pos=0.0000 p_hot_err=0.000000 p_bg_err=0.000000 p_gap=0.000000 peer_val_mse=0.27732511 peer_val_mae=0.34895112
[worker2/etth1_all_methods_long_v2] [time_series][epoch 070] updated live plot
[worker2/etth1_all_methods_long_v2] [time_series][epoch 071] lambda=0.0001 g_scale=0.000 train_total=0.07551739 train_sup=0.07549933 train_imit=0.18057184 mean_w=0.0780 active=0.9395 s_dense=0.00 s_pos=0.0000 s_sel=0.0000 s_sel_pos=0.0000 s_hot_err=0.000000 s_bg_err=0.000000 s_gap=0.000000 conf_cos=0.0000 conf_proj=0.00 val_mse=0.49098855 val_mae=0.50788189 | p_pos=0.0000 p_dense=0.00 p_sel=0.0000 p_sel_pos=0.0000 p_hot_err=0.000000 p_bg_err=0.000000 p_gap=0.000000 peer_val_mse=0.27626489 peer_val_mae=0.34687111
[worker2/etth1_all_methods_long_v2] [time_series][epoch 072] lambda=0.0001 g_scale=0.000 train_total=0.07519757 train_sup=0.07517956 train_imit=0.18001313 mean_w=0.0781 active=0.9384 s_dense=0.00 s_pos=0.0000 s_sel=0.0000 s_sel_pos=0.0000 s_hot_err=0.000000 s_bg_err=0.000000 s_gap=0.000000 conf_cos=0.0000 conf_proj=0.00 val_mse=0.48063551 val_mae=0.50477722 | p_pos=0.0000 p_dense=0.00 p_sel=0.0000 p_sel_pos=0.0000 p_hot_err=0.000000 p_bg_err=0.000000 p_gap=0.000000 peer_val_mse=0.27638949 peer_val_mae=0.34567541
[worker2/etth1_all_methods_long_v2] [time_series][epoch 073] lambda=0.0001 g_scale=0.000 train_total=0.07469158 train_sup=0.07467350 train_imit=0.18078149 mean_w=0.0785 active=0.9386 s_dense=0.00 s_pos=0.0000 s_sel=0.0000 s_sel_pos=0.0000 s_hot_err=0.000000 s_bg_err=0.000000 s_gap=0.000000 conf_cos=0.0000 conf_proj=0.00 val_mse=0.47279415 val_mae=0.49332444 | p_pos=0.0000 p_dense=0.00 p_sel=0.0000 p_sel_pos=0.0000 p_hot_err=0.000000 p_bg_err=0.000000 p_gap=0.000000 peer_val_mse=0.27477989 peer_val_mae=0.34219500
[worker2/etth1_all_methods_long_v2] [time_series][epoch 074] lambda=0.0001 g_scale=0.000 train_total=0.07454911 train_sup=0.07453107 train_imit=0.18041302 mean_w=0.0785 active=0.9397 s_dense=0.00 s_pos=0.0000 s_sel=0.0000 s_sel_pos=0.0000 s_hot_err=0.000000 s_bg_err=0.000000 s_gap=0.000000 conf_cos=0.0000 conf_proj=0.00 val_mse=0.45894355 val_mae=0.48544188 | p_pos=0.0000 p_dense=0.00 p_sel=0.0000 p_sel_pos=0.0000 p_hot_err=0.000000 p_bg_err=0.000000 p_gap=0.000000 peer_val_mse=0.27392332 peer_val_mae=0.34161353
[worker2/etth1_all_methods_long_v2] [time_series][epoch 075] lambda=0.0001 g_scale=0.000 train_total=0.07446473 train_sup=0.07444671 train_imit=0.18019044 mean_w=0.0784 active=0.9422 s_dense=0.00 s_pos=0.0000 s_sel=0.0000 s_sel_pos=0.0000 s_hot_err=0.000000 s_bg_err=0.000000 s_gap=0.000000 conf_cos=0.0000 conf_proj=0.00 val_mse=0.45291078 val_mae=0.48510145 | p_pos=0.0000 p_dense=0.00 p_sel=0.0000 p_sel_pos=0.0000 p_hot_err=0.000000 p_bg_err=0.000000 p_gap=0.000000 peer_val_mse=0.27401771 peer_val_mae=0.34309511
[worker2/etth1_all_methods_long_v2] [time_series][epoch 076] lambda=0.0001 g_scale=0.000 train_total=0.07507765 train_sup=0.07505972 train_imit=0.17927891 mean_w=0.0781 active=0.9405 s_dense=0.00 s_pos=0.0000 s_sel=0.0000 s_sel_pos=0.0000 s_hot_err=0.000000 s_bg_err=0.000000 s_gap=0.000000 conf_cos=0.0000 conf_proj=0.00 val_mse=0.50407692 val_mae=0.51773059 | p_pos=0.0000 p_dense=0.00 p_sel=0.0000 p_sel_pos=0.0000 p_hot_err=0.000000 p_bg_err=0.000000 p_gap=0.000000 peer_val_mse=0.27270269 peer_val_mae=0.34043723
[worker2/etth1_all_methods_long_v2] [time_series][epoch 077] lambda=0.0001 g_scale=0.000 train_total=0.07352373 train_sup=0.07350567 train_imit=0.18059648 mean_w=0.0789 active=0.9445 s_dense=0.00 s_pos=0.0000 s_sel=0.0000 s_sel_pos=0.0000 s_hot_err=0.000000 s_bg_err=0.000000 s_gap=0.000000 conf_cos=0.0000 conf_proj=0.00 val_mse=0.46620721 val_mae=0.48935356 | p_pos=0.0000 p_dense=0.00 p_sel=0.0000 p_sel_pos=0.0000 p_hot_err=0.000000 p_bg_err=0.000000 p_gap=0.000000 peer_val_mse=0.27657982 peer_val_mae=0.34803326
[worker2/etth1_all_methods_long_v2] [time_series][epoch 078] lambda=0.0001 g_scale=0.000 train_total=0.07325281 train_sup=0.07323478 train_imit=0.18028493 mean_w=0.0791 active=0.9436 s_dense=0.00 s_pos=0.0000 s_sel=0.0000 s_sel_pos=0.0000 s_hot_err=0.000000 s_bg_err=0.000000 s_gap=0.000000 conf_cos=0.0000 conf_proj=0.00 val_mse=0.46179404 val_mae=0.48492933 | p_pos=0.0000 p_dense=0.00 p_sel=0.0000 p_sel_pos=0.0000 p_hot_err=0.000000 p_bg_err=0.000000 p_gap=0.000000 peer_val_mse=0.27655060 peer_val_mae=0.34799192
[worker2/etth1_all_methods_long_v2] [time_series][epoch 079] lambda=0.0001 g_scale=0.000 train_total=0.07303089 train_sup=0.07301282 train_imit=0.18078535 mean_w=0.0794 active=0.9448 s_dense=0.00 s_pos=0.0000 s_sel=0.0000 s_sel_pos=0.0000 s_hot_err=0.000000 s_bg_err=0.000000 s_gap=0.000000 conf_cos=0.0000 conf_proj=0.00 val_mse=0.48212483 val_mae=0.50396923 | p_pos=0.0000 p_dense=0.00 p_sel=0.0000 p_sel_pos=0.0000 p_hot_err=0.000000 p_bg_err=0.000000 p_gap=0.000000 peer_val_mse=0.27590416 peer_val_mae=0.34618168
[worker2/etth1_all_methods_long_v2] [time_series][epoch 080] lambda=0.0001 g_scale=0.000 train_total=0.07274282 train_sup=0.07272475 train_imit=0.18075385 mean_w=0.0793 active=0.9458 s_dense=0.00 s_pos=0.0000 s_sel=0.0000 s_sel_pos=0.0000 s_hot_err=0.000000 s_bg_err=0.000000 s_gap=0.000000 conf_cos=0.0000 conf_proj=0.00 val_mse=0.45274307 val_mae=0.47993095 | p_pos=0.0000 p_dense=0.00 p_sel=0.0000 p_sel_pos=0.0000 p_hot_err=0.000000 p_bg_err=0.000000 p_gap=0.000000 peer_val_mse=0.27563078 peer_val_mae=0.34523228
[worker2/etth1_all_methods_long_v2] [time_series][epoch 080] updated live plot
[worker2/etth1_all_methods_long_v2] [time_series][epoch 081] lambda=0.0001 g_scale=0.000 train_total=0.07238058 train_sup=0.07236246 train_imit=0.18116634 mean_w=0.0796 active=0.9477 s_dense=0.00 s_pos=0.0000 s_sel=0.0000 s_sel_pos=0.0000 s_hot_err=0.000000 s_bg_err=0.000000 s_gap=0.000000 conf_cos=0.0000 conf_proj=0.00 val_mse=0.48913866 val_mae=0.50590441 | p_pos=0.0000 p_dense=0.00 p_sel=0.0000 p_sel_pos=0.0000 p_hot_err=0.000000 p_bg_err=0.000000 p_gap=0.000000 peer_val_mse=0.27474440 peer_val_mae=0.34396677
[worker2/etth1_all_methods_long_v2] [time_series][epoch 082] lambda=0.0001 g_scale=0.000 train_total=0.07271858 train_sup=0.07270060 train_imit=0.17981218 mean_w=0.0794 active=0.9461 s_dense=0.00 s_pos=0.0000 s_sel=0.0000 s_sel_pos=0.0000 s_hot_err=0.000000 s_bg_err=0.000000 s_gap=0.000000 conf_cos=0.0000 conf_proj=0.00 val_mse=0.47707032 val_mae=0.49701324 | p_pos=0.0000 p_dense=0.00 p_sel=0.0000 p_sel_pos=0.0000 p_hot_err=0.000000 p_bg_err=0.000000 p_gap=0.000000 peer_val_mse=0.27909097 peer_val_mae=0.35169977
[worker2/etth1_all_methods_long_v2] [time_series][epoch 083] lambda=0.0001 g_scale=0.000 train_total=0.07244031 train_sup=0.07242219 train_imit=0.18113800 mean_w=0.0794 active=0.9438 s_dense=0.00 s_pos=0.0000 s_sel=0.0000 s_sel_pos=0.0000 s_hot_err=0.000000 s_bg_err=0.000000 s_gap=0.000000 conf_cos=0.0000 conf_proj=0.00 val_mse=0.45922190 val_mae=0.48490854 | p_pos=0.0000 p_dense=0.00 p_sel=0.0000 p_sel_pos=0.0000 p_hot_err=0.000000 p_bg_err=0.000000 p_gap=0.000000 peer_val_mse=0.27434259 peer_val_mae=0.34247838
[worker2/etth1_all_methods_long_v2] [time_series][epoch 084] lambda=0.0001 g_scale=0.000 train_total=0.07222683 train_sup=0.07220882 train_imit=0.18004283 mean_w=0.0795 active=0.9486 s_dense=0.00 s_pos=0.0000 s_sel=0.0000 s_sel_pos=0.0000 s_hot_err=0.000000 s_bg_err=0.000000 s_gap=0.000000 conf_cos=0.0000 conf_proj=0.00 val_mse=0.47492456 val_mae=0.49785489 | p_pos=0.0000 p_dense=0.00 p_sel=0.0000 p_sel_pos=0.0000 p_hot_err=0.000000 p_bg_err=0.000000 p_gap=0.000000 peer_val_mse=0.27416773 peer_val_mae=0.34175182
[worker2/etth1_all_methods_long_v2] [time_series][epoch 085] lambda=0.0001 g_scale=0.000 train_total=0.07155741 train_sup=0.07153947 train_imit=0.17943584 mean_w=0.0798 active=0.9476 s_dense=0.00 s_pos=0.0000 s_sel=0.0000 s_sel_pos=0.0000 s_hot_err=0.000000 s_bg_err=0.000000 s_gap=0.000000 conf_cos=0.0000 conf_proj=0.00 val_mse=0.47579468 val_mae=0.49566309 | p_pos=0.0000 p_dense=0.00 p_sel=0.0000 p_sel_pos=0.0000 p_hot_err=0.000000 p_bg_err=0.000000 p_gap=0.000000 peer_val_mse=0.27417868 peer_val_mae=0.34313458
[worker2/etth1_all_methods_long_v2] [time_series][epoch 086] lambda=0.0001 g_scale=0.000 train_total=0.07161966 train_sup=0.07160154 train_imit=0.18117682 mean_w=0.0798 active=0.9456 s_dense=0.00 s_pos=0.0000 s_sel=0.0000 s_sel_pos=0.0000 s_hot_err=0.000000 s_bg_err=0.000000 s_gap=0.000000 conf_cos=0.0000 conf_proj=0.00 val_mse=0.49967496 val_mae=0.50969983 | p_pos=0.0000 p_dense=0.00 p_sel=0.0000 p_sel_pos=0.0000 p_hot_err=0.000000 p_bg_err=0.000000 p_gap=0.000000 peer_val_mse=0.27614650 peer_val_mae=0.34560712
[worker2/etth1_all_methods_long_v2] [time_series][epoch 087] lambda=0.0001 g_scale=0.000 train_total=0.07105579 train_sup=0.07103776 train_imit=0.18029053 mean_w=0.0800 active=0.9504 s_dense=0.00 s_pos=0.0000 s_sel=0.0000 s_sel_pos=0.0000 s_hot_err=0.000000 s_bg_err=0.000000 s_gap=0.000000 conf_cos=0.0000 conf_proj=0.00 val_mse=0.45560341 val_mae=0.48654595 | p_pos=0.0000 p_dense=0.00 p_sel=0.0000 p_sel_pos=0.0000 p_hot_err=0.000000 p_bg_err=0.000000 p_gap=0.000000 peer_val_mse=0.27321267 peer_val_mae=0.34225960
[worker2/etth1_all_methods_long_v2] [time_series][epoch 088] lambda=0.0001 g_scale=0.000 train_total=0.07083585 train_sup=0.07081783 train_imit=0.18020024 mean_w=0.0801 active=0.9465 s_dense=0.00 s_pos=0.0000 s_sel=0.0000 s_sel_pos=0.0000 s_hot_err=0.000000 s_bg_err=0.000000 s_gap=0.000000 conf_cos=0.0000 conf_proj=0.00 val_mse=0.46446495 val_mae=0.49284343 | p_pos=0.0000 p_dense=0.00 p_sel=0.0000 p_sel_pos=0.0000 p_hot_err=0.000000 p_bg_err=0.000000 p_gap=0.000000 peer_val_mse=0.27716357 peer_val_mae=0.35020988
[worker2/etth1_all_methods_long_v2] [time_series][epoch 089] lambda=0.0001 g_scale=0.000 train_total=0.07126937 train_sup=0.07125141 train_imit=0.17953442 mean_w=0.0801 active=0.9502 s_dense=0.00 s_pos=0.0000 s_sel=0.0000 s_sel_pos=0.0000 s_hot_err=0.000000 s_bg_err=0.000000 s_gap=0.000000 conf_cos=0.0000 conf_proj=0.00 val_mse=0.48842341 val_mae=0.50228526 | p_pos=0.0000 p_dense=0.00 p_sel=0.0000 p_sel_pos=0.0000 p_hot_err=0.000000 p_bg_err=0.000000 p_gap=0.000000 peer_val_mse=0.27348710 peer_val_mae=0.34126479
[worker2/etth1_all_methods_long_v2] [time_series][epoch 090] lambda=0.0001 g_scale=0.000 train_total=0.07106938 train_sup=0.07105122 train_imit=0.18160014 mean_w=0.0800 active=0.9478 s_dense=0.00 s_pos=0.0000 s_sel=0.0000 s_sel_pos=0.0000 s_hot_err=0.000000 s_bg_err=0.000000 s_gap=0.000000 conf_cos=0.0000 conf_proj=0.00 val_mse=0.45317713 val_mae=0.47712710 | p_pos=0.0000 p_dense=0.00 p_sel=0.0000 p_sel_pos=0.0000 p_hot_err=0.000000 p_bg_err=0.000000 p_gap=0.000000 peer_val_mse=0.27699449 peer_val_mae=0.34739757
[worker2/etth1_all_methods_long_v2] [time_series][epoch 090] updated live plot
[worker2/etth1_all_methods_long_v2] [time_series][epoch 091] lambda=0.0001 g_scale=0.000 train_total=0.07091497 train_sup=0.07089688 train_imit=0.18086470 mean_w=0.0801 active=0.9511 s_dense=0.00 s_pos=0.0000 s_sel=0.0000 s_sel_pos=0.0000 s_hot_err=0.000000 s_bg_err=0.000000 s_gap=0.000000 conf_cos=0.0000 conf_proj=0.00 val_mse=0.45974793 val_mae=0.48725213 | p_pos=0.0000 p_dense=0.00 p_sel=0.0000 p_sel_pos=0.0000 p_hot_err=0.000000 p_bg_err=0.000000 p_gap=0.000000 peer_val_mse=0.27409236 peer_val_mae=0.34353117
[worker2/etth1_all_methods_long_v2] [time_series][epoch 092] lambda=0.0001 g_scale=0.000 train_total=0.07073482 train_sup=0.07071685 train_imit=0.17963441 mean_w=0.0803 active=0.9496 s_dense=0.00 s_pos=0.0000 s_sel=0.0000 s_sel_pos=0.0000 s_hot_err=0.000000 s_bg_err=0.000000 s_gap=0.000000 conf_cos=0.0000 conf_proj=0.00 val_mse=0.46814278 val_mae=0.48514416 | p_pos=0.0000 p_dense=0.00 p_sel=0.0000 p_sel_pos=0.0000 p_hot_err=0.000000 p_bg_err=0.000000 p_gap=0.000000 peer_val_mse=0.27371127 peer_val_mae=0.34371493
[worker2/etth1_all_methods_long_v2] [time_series][epoch 093] lambda=0.0001 g_scale=0.000 train_total=0.07005490 train_sup=0.07003693 train_imit=0.17976385 mean_w=0.0805 active=0.9539 s_dense=0.00 s_pos=0.0000 s_sel=0.0000 s_sel_pos=0.0000 s_hot_err=0.000000 s_bg_err=0.000000 s_gap=0.000000 conf_cos=0.0000 conf_proj=0.00 val_mse=0.48196326 val_mae=0.49777120 | p_pos=0.0000 p_dense=0.00 p_sel=0.0000 p_sel_pos=0.0000 p_hot_err=0.000000 p_bg_err=0.000000 p_gap=0.000000 peer_val_mse=0.27488868 peer_val_mae=0.34361796
[worker2/etth1_all_methods_long_v2] [time_series][epoch 094] lambda=0.0001 g_scale=0.000 train_total=0.07007523 train_sup=0.07005715 train_imit=0.18077254 mean_w=0.0805 active=0.9535 s_dense=0.00 s_pos=0.0000 s_sel=0.0000 s_sel_pos=0.0000 s_hot_err=0.000000 s_bg_err=0.000000 s_gap=0.000000 conf_cos=0.0000 conf_proj=0.00 val_mse=0.50486556 val_mae=0.51675644 | p_pos=0.0000 p_dense=0.00 p_sel=0.0000 p_sel_pos=0.0000 p_hot_err=0.000000 p_bg_err=0.000000 p_gap=0.000000 peer_val_mse=0.27304951 peer_val_mae=0.34153668
[worker2/etth1_all_methods_long_v2] [time_series][epoch 095] lambda=0.0001 g_scale=0.000 train_total=0.07010755 train_sup=0.07008956 train_imit=0.17985262 mean_w=0.0805 active=0.9519 s_dense=0.00 s_pos=0.0000 s_sel=0.0000 s_sel_pos=0.0000 s_hot_err=0.000000 s_bg_err=0.000000 s_gap=0.000000 conf_cos=0.0000 conf_proj=0.00 val_mse=0.46226056 val_mae=0.48543593 | p_pos=0.0000 p_dense=0.00 p_sel=0.0000 p_sel_pos=0.0000 p_hot_err=0.000000 p_bg_err=0.000000 p_gap=0.000000 peer_val_mse=0.27490196 peer_val_mae=0.34349006
[worker2/etth1_all_methods_long_v2] [time_series][epoch 096] lambda=0.0001 g_scale=0.000 train_total=0.06978203 train_sup=0.06976399 train_imit=0.18035167 mean_w=0.0806 active=0.9518 s_dense=0.00 s_pos=0.0000 s_sel=0.0000 s_sel_pos=0.0000 s_hot_err=0.000000 s_bg_err=0.000000 s_gap=0.000000 conf_cos=0.0000 conf_proj=0.00 val_mse=0.48343053 val_mae=0.49938126 | p_pos=0.0000 p_dense=0.00 p_sel=0.0000 p_sel_pos=0.0000 p_hot_err=0.000000 p_bg_err=0.000000 p_gap=0.000000 peer_val_mse=0.27486714 peer_val_mae=0.34422730
[worker2/etth1_all_methods_long_v2] [time_series][epoch 097] lambda=0.0001 g_scale=0.000 train_total=0.06987133 train_sup=0.06985337 train_imit=0.17962109 mean_w=0.0808 active=0.9511 s_dense=0.00 s_pos=0.0000 s_sel=0.0000 s_sel_pos=0.0000 s_hot_err=0.000000 s_bg_err=0.000000 s_gap=0.000000 conf_cos=0.0000 conf_proj=0.00 val_mse=0.45055532 val_mae=0.47960248 | p_pos=0.0000 p_dense=0.00 p_sel=0.0000 p_sel_pos=0.0000 p_hot_err=0.000000 p_bg_err=0.000000 p_gap=0.000000 peer_val_mse=0.27545389 peer_val_mae=0.34599603
[worker2/etth1_all_methods_long_v2] [time_series][epoch 098] lambda=0.0001 g_scale=0.000 train_total=0.06976979 train_sup=0.06975178 train_imit=0.18017792 mean_w=0.0807 active=0.9533 s_dense=0.00 s_pos=0.0000 s_sel=0.0000 s_sel_pos=0.0000 s_hot_err=0.000000 s_bg_err=0.000000 s_gap=0.000000 conf_cos=0.0000 conf_proj=0.00 val_mse=0.47616211 val_mae=0.49522813 | p_pos=0.0000 p_dense=0.00 p_sel=0.0000 p_sel_pos=0.0000 p_hot_err=0.000000 p_bg_err=0.000000 p_gap=0.000000 peer_val_mse=0.27468600 peer_val_mae=0.34268058
[worker2/etth1_all_methods_long_v2] [time_series][epoch 099] lambda=0.0001 g_scale=0.000 train_total=0.06913497 train_sup=0.06911685 train_imit=0.18121574 mean_w=0.0809 active=0.9555 s_dense=0.00 s_pos=0.0000 s_sel=0.0000 s_sel_pos=0.0000 s_hot_err=0.000000 s_bg_err=0.000000 s_gap=0.000000 conf_cos=0.0000 conf_proj=0.00 val_mse=0.46201314 val_mae=0.48812957 | p_pos=0.0000 p_dense=0.00 p_sel=0.0000 p_sel_pos=0.0000 p_hot_err=0.000000 p_bg_err=0.000000 p_gap=0.000000 peer_val_mse=0.27480331 peer_val_mae=0.34469976
[worker2/etth1_all_methods_long_v2] [time_series][epoch 100] lambda=0.0001 g_scale=0.000 train_total=0.06852873 train_sup=0.06851073 train_imit=0.18002980 mean_w=0.0812 active=0.9564 s_dense=0.00 s_pos=0.0000 s_sel=0.0000 s_sel_pos=0.0000 s_hot_err=0.000000 s_bg_err=0.000000 s_gap=0.000000 conf_cos=0.0000 conf_proj=0.00 val_mse=0.46747611 val_mae=0.48771166 | p_pos=0.0000 p_dense=0.00 p_sel=0.0000 p_sel_pos=0.0000 p_hot_err=0.000000 p_bg_err=0.000000 p_gap=0.000000 peer_val_mse=0.27630007 peer_val_mae=0.34764707
[worker2/etth1_all_methods_long_v2] [time_series][epoch 100] updated live plot
[worker2/etth1_all_methods_long_v2] [time_series][epoch 101] lambda=0.0001 g_scale=0.000 train_total=0.06827819 train_sup=0.06826011 train_imit=0.18080727 mean_w=0.0813 active=0.9578 s_dense=0.00 s_pos=0.0000 s_sel=0.0000 s_sel_pos=0.0000 s_hot_err=0.000000 s_bg_err=0.000000 s_gap=0.000000 conf_cos=0.0000 conf_proj=0.00 val_mse=0.45703023 val_mae=0.48309935 | p_pos=0.0000 p_dense=0.00 p_sel=0.0000 p_sel_pos=0.0000 p_hot_err=0.000000 p_bg_err=0.000000 p_gap=0.000000 peer_val_mse=0.27625396 peer_val_mae=0.34668051
[worker2/etth1_all_methods_long_v2] [time_series][epoch 102] lambda=0.0001 g_scale=0.000 train_total=0.06827922 train_sup=0.06826127 train_imit=0.17954279 mean_w=0.0813 active=0.9569 s_dense=0.00 s_pos=0.0000 s_sel=0.0000 s_sel_pos=0.0000 s_hot_err=0.000000 s_bg_err=0.000000 s_gap=0.000000 conf_cos=0.0000 conf_proj=0.00 val_mse=0.45014480 val_mae=0.47940518 | p_pos=0.0000 p_dense=0.00 p_sel=0.0000 p_sel_pos=0.0000 p_hot_err=0.000000 p_bg_err=0.000000 p_gap=0.000000 peer_val_mse=0.27366188 peer_val_mae=0.34231549
[worker2/etth1_all_methods_long_v2] [time_series][epoch 103] lambda=0.0001 g_scale=0.000 train_total=0.06822464 train_sup=0.06820660 train_imit=0.18041194 mean_w=0.0814 active=0.9552 s_dense=0.00 s_pos=0.0000 s_sel=0.0000 s_sel_pos=0.0000 s_hot_err=0.000000 s_bg_err=0.000000 s_gap=0.000000 conf_cos=0.0000 conf_proj=0.00 val_mse=0.41893421 val_mae=0.45631707 | p_pos=0.0000 p_dense=0.00 p_sel=0.0000 p_sel_pos=0.0000 p_hot_err=0.000000 p_bg_err=0.000000 p_gap=0.000000 peer_val_mse=0.27268445 peer_val_mae=0.34036735
[worker2/etth1_all_methods_long_v2] [time_series][epoch 104] lambda=0.0001 g_scale=0.000 train_total=0.06813419 train_sup=0.06811625 train_imit=0.17938497 mean_w=0.0815 active=0.9554 s_dense=0.00 s_pos=0.0000 s_sel=0.0000 s_sel_pos=0.0000 s_hot_err=0.000000 s_bg_err=0.000000 s_gap=0.000000 conf_cos=0.0000 conf_proj=0.00 val_mse=0.45785433 val_mae=0.48418142 | p_pos=0.0000 p_dense=0.00 p_sel=0.0000 p_sel_pos=0.0000 p_hot_err=0.000000 p_bg_err=0.000000 p_gap=0.000000 peer_val_mse=0.27562088 peer_val_mae=0.34616862
[worker2/etth1_all_methods_long_v2] [time_series][epoch 105] lambda=0.0001 g_scale=0.000 train_total=0.06858192 train_sup=0.06856386 train_imit=0.18056387 mean_w=0.0812 active=0.9528 s_dense=0.00 s_pos=0.0000 s_sel=0.0000 s_sel_pos=0.0000 s_hot_err=0.000000 s_bg_err=0.000000 s_gap=0.000000 conf_cos=0.0000 conf_proj=0.00 val_mse=0.44710106 val_mae=0.48018748 | p_pos=0.0000 p_dense=0.00 p_sel=0.0000 p_sel_pos=0.0000 p_hot_err=0.000000 p_bg_err=0.000000 p_gap=0.000000 peer_val_mse=0.27247526 peer_val_mae=0.34040412
[worker2/etth1_all_methods_long_v2] [time_series][epoch 106] lambda=0.0001 g_scale=0.000 train_total=0.06841704 train_sup=0.06839905 train_imit=0.17988067 mean_w=0.0814 active=0.9566 s_dense=0.00 s_pos=0.0000 s_sel=0.0000 s_sel_pos=0.0000 s_hot_err=0.000000 s_bg_err=0.000000 s_gap=0.000000 conf_cos=0.0000 conf_proj=0.00 val_mse=0.44576265 val_mae=0.47675634 | p_pos=0.0000 p_dense=0.00 p_sel=0.0000 p_sel_pos=0.0000 p_hot_err=0.000000 p_bg_err=0.000000 p_gap=0.000000 peer_val_mse=0.27594609 peer_val_mae=0.34620746
[worker2/etth1_all_methods_long_v2] [time_series][epoch 107] lambda=0.0001 g_scale=0.000 train_total=0.06787307 train_sup=0.06785511 train_imit=0.17952223 mean_w=0.0815 active=0.9544 s_dense=0.00 s_pos=0.0000 s_sel=0.0000 s_sel_pos=0.0000 s_hot_err=0.000000 s_bg_err=0.000000 s_gap=0.000000 conf_cos=0.0000 conf_proj=0.00 val_mse=0.44843798 val_mae=0.47726989 | p_pos=0.0000 p_dense=0.00 p_sel=0.0000 p_sel_pos=0.0000 p_hot_err=0.000000 p_bg_err=0.000000 p_gap=0.000000 peer_val_mse=0.28052280 peer_val_mae=0.35470023
[worker2/etth1_all_methods_long_v2] [time_series][epoch 108] lambda=0.0001 g_scale=0.000 train_total=0.06741694 train_sup=0.06739888 train_imit=0.18060384 mean_w=0.0817 active=0.9590 s_dense=0.00 s_pos=0.0000 s_sel=0.0000 s_sel_pos=0.0000 s_hot_err=0.000000 s_bg_err=0.000000 s_gap=0.000000 conf_cos=0.0000 conf_proj=0.00 val_mse=0.45051524 val_mae=0.47632087 | p_pos=0.0000 p_dense=0.00 p_sel=0.0000 p_sel_pos=0.0000 p_hot_err=0.000000 p_bg_err=0.000000 p_gap=0.000000 peer_val_mse=0.27284877 peer_val_mae=0.34246002
[worker2/etth1_all_methods_long_v2] [time_series][epoch 109] lambda=0.0001 g_scale=0.000 train_total=0.06766078 train_sup=0.06764287 train_imit=0.17908155 mean_w=0.0817 active=0.9574 s_dense=0.00 s_pos=0.0000 s_sel=0.0000 s_sel_pos=0.0000 s_hot_err=0.000000 s_bg_err=0.000000 s_gap=0.000000 conf_cos=0.0000 conf_proj=0.00 val_mse=0.46587195 val_mae=0.48498128 | p_pos=0.0000 p_dense=0.00 p_sel=0.0000 p_sel_pos=0.0000 p_hot_err=0.000000 p_bg_err=0.000000 p_gap=0.000000 peer_val_mse=0.27374949 peer_val_mae=0.34195978
[worker2/etth1_all_methods_long_v2] [time_series][epoch 110] lambda=0.0001 g_scale=0.000 train_total=0.06724141 train_sup=0.06722335 train_imit=0.18061444 mean_w=0.0818 active=0.9611 s_dense=0.00 s_pos=0.0000 s_sel=0.0000 s_sel_pos=0.0000 s_hot_err=0.000000 s_bg_err=0.000000 s_gap=0.000000 conf_cos=0.0000 conf_proj=0.00 val_mse=0.50183449 val_mae=0.51010236 | p_pos=0.0000 p_dense=0.00 p_sel=0.0000 p_sel_pos=0.0000 p_hot_err=0.000000 p_bg_err=0.000000 p_gap=0.000000 peer_val_mse=0.27446591 peer_val_mae=0.34398897
[worker2/etth1_all_methods_long_v2] [time_series][epoch 110] updated live plot
[worker2/etth1_all_methods_long_v2] [time_series][epoch 111] lambda=0.0001 g_scale=0.000 train_total=0.06744167 train_sup=0.06742375 train_imit=0.17922997 mean_w=0.0817 active=0.9574 s_dense=0.00 s_pos=0.0000 s_sel=0.0000 s_sel_pos=0.0000 s_hot_err=0.000000 s_bg_err=0.000000 s_gap=0.000000 conf_cos=0.0000 conf_proj=0.00 val_mse=0.46462458 val_mae=0.48611028 | p_pos=0.0000 p_dense=0.00 p_sel=0.0000 p_sel_pos=0.0000 p_hot_err=0.000000 p_bg_err=0.000000 p_gap=0.000000 peer_val_mse=0.27717669 peer_val_mae=0.34963465
[worker2/etth1_all_methods_long_v2] [time_series][epoch 112] lambda=0.0001 g_scale=0.000 train_total=0.06712735 train_sup=0.06710924 train_imit=0.18111367 mean_w=0.0818 active=0.9588 s_dense=0.00 s_pos=0.0000 s_sel=0.0000 s_sel_pos=0.0000 s_hot_err=0.000000 s_bg_err=0.000000 s_gap=0.000000 conf_cos=0.0000 conf_proj=0.00 val_mse=0.44701460 val_mae=0.47309301 | p_pos=0.0000 p_dense=0.00 p_sel=0.0000 p_sel_pos=0.0000 p_hot_err=0.000000 p_bg_err=0.000000 p_gap=0.000000 peer_val_mse=0.27612540 peer_val_mae=0.34722429
[worker2/etth1_all_methods_long_v2] [time_series][epoch 113] lambda=0.0001 g_scale=0.000 train_total=0.06720411 train_sup=0.06718620 train_imit=0.17909236 mean_w=0.0818 active=0.9589 s_dense=0.00 s_pos=0.0000 s_sel=0.0000 s_sel_pos=0.0000 s_hot_err=0.000000 s_bg_err=0.000000 s_gap=0.000000 conf_cos=0.0000 conf_proj=0.00 val_mse=0.48096142 val_mae=0.49725726 | p_pos=0.0000 p_dense=0.00 p_sel=0.0000 p_sel_pos=0.0000 p_hot_err=0.000000 p_bg_err=0.000000 p_gap=0.000000 peer_val_mse=0.27440348 peer_val_mae=0.34403446
[worker2/etth1_all_methods_long_v2] [time_series][epoch 114] lambda=0.0001 g_scale=0.000 train_total=0.06675472 train_sup=0.06673659 train_imit=0.18135530 mean_w=0.0820 active=0.9575 s_dense=0.00 s_pos=0.0000 s_sel=0.0000 s_sel_pos=0.0000 s_hot_err=0.000000 s_bg_err=0.000000 s_gap=0.000000 conf_cos=0.0000 conf_proj=0.00 val_mse=0.43770638 val_mae=0.47037648 | p_pos=0.0000 p_dense=0.00 p_sel=0.0000 p_sel_pos=0.0000 p_hot_err=0.000000 p_bg_err=0.000000 p_gap=0.000000 peer_val_mse=0.27389580 peer_val_mae=0.34194400
[worker2/etth1_all_methods_long_v2] [time_series][epoch 115] lambda=0.0001 g_scale=0.000 train_total=0.06662968 train_sup=0.06661163 train_imit=0.18048233 mean_w=0.0821 active=0.9603 s_dense=0.00 s_pos=0.0000 s_sel=0.0000 s_sel_pos=0.0000 s_hot_err=0.000000 s_bg_err=0.000000 s_gap=0.000000 conf_cos=0.0000 conf_proj=0.00 val_mse=0.45166026 val_mae=0.47955901 | p_pos=0.0000 p_dense=0.00 p_sel=0.0000 p_sel_pos=0.0000 p_hot_err=0.000000 p_bg_err=0.000000 p_gap=0.000000 peer_val_mse=0.27467335 peer_val_mae=0.34287782
[worker2/etth1_all_methods_long_v2] [time_series][epoch 116] lambda=0.0001 g_scale=0.000 train_total=0.06662540 train_sup=0.06660737 train_imit=0.18035162 mean_w=0.0821 active=0.9611 s_dense=0.00 s_pos=0.0000 s_sel=0.0000 s_sel_pos=0.0000 s_hot_err=0.000000 s_bg_err=0.000000 s_gap=0.000000 conf_cos=0.0000 conf_proj=0.00 val_mse=0.46718271 val_mae=0.48220905 | p_pos=0.0000 p_dense=0.00 p_sel=0.0000 p_sel_pos=0.0000 p_hot_err=0.000000 p_bg_err=0.000000 p_gap=0.000000 peer_val_mse=0.27294157 peer_val_mae=0.34228153
[worker2/etth1_all_methods_long_v2] [time_series][epoch 117] lambda=0.0001 g_scale=0.000 train_total=0.06651721 train_sup=0.06649928 train_imit=0.17934339 mean_w=0.0822 active=0.9612 s_dense=0.00 s_pos=0.0000 s_sel=0.0000 s_sel_pos=0.0000 s_hot_err=0.000000 s_bg_err=0.000000 s_gap=0.000000 conf_cos=0.0000 conf_proj=0.00 val_mse=0.46533753 val_mae=0.48588136 | p_pos=0.0000 p_dense=0.00 p_sel=0.0000 p_sel_pos=0.0000 p_hot_err=0.000000 p_bg_err=0.000000 p_gap=0.000000 peer_val_mse=0.27308151 peer_val_mae=0.34270451
[worker2/etth1_all_methods_long_v2] [time_series][epoch 118] lambda=0.0001 g_scale=0.000 train_total=0.06714340 train_sup=0.06712537 train_imit=0.18033782 mean_w=0.0819 active=0.9580 s_dense=0.00 s_pos=0.0000 s_sel=0.0000 s_sel_pos=0.0000 s_hot_err=0.000000 s_bg_err=0.000000 s_gap=0.000000 conf_cos=0.0000 conf_proj=0.00 val_mse=0.46594260 val_mae=0.48696129 | p_pos=0.0000 p_dense=0.00 p_sel=0.0000 p_sel_pos=0.0000 p_hot_err=0.000000 p_bg_err=0.000000 p_gap=0.000000 peer_val_mse=0.27450989 peer_val_mae=0.34461040
[worker2/etth1_all_methods_long_v2] [time_series][epoch 119] lambda=0.0001 g_scale=0.000 train_total=0.06636834 train_sup=0.06635028 train_imit=0.18063463 mean_w=0.0823 active=0.9611 s_dense=0.00 s_pos=0.0000 s_sel=0.0000 s_sel_pos=0.0000 s_hot_err=0.000000 s_bg_err=0.000000 s_gap=0.000000 conf_cos=0.0000 conf_proj=0.00 val_mse=0.45562645 val_mae=0.48020411 | p_pos=0.0000 p_dense=0.00 p_sel=0.0000 p_sel_pos=0.0000 p_hot_err=0.000000 p_bg_err=0.000000 p_gap=0.000000 peer_val_mse=0.27437071 peer_val_mae=0.34164239
[worker2/etth1_all_methods_long_v2] [time_series][epoch 120] lambda=0.0001 g_scale=0.000 train_total=0.06588112 train_sup=0.06586306 train_imit=0.18060118 mean_w=0.0825 active=0.9615 s_dense=0.00 s_pos=0.0000 s_sel=0.0000 s_sel_pos=0.0000 s_hot_err=0.000000 s_bg_err=0.000000 s_gap=0.000000 conf_cos=0.0000 conf_proj=0.00 val_mse=0.44827807 val_mae=0.47235987 | p_pos=0.0000 p_dense=0.00 p_sel=0.0000 p_sel_pos=0.0000 p_hot_err=0.000000 p_bg_err=0.000000 p_gap=0.000000 peer_val_mse=0.27465203 peer_val_mae=0.34284291
[worker2/etth1_all_methods_long_v2] [time_series][epoch 120] updated live plot
[worker2/etth1_all_methods_long_v2] [time_series][epoch 121] lambda=0.0001 g_scale=0.000 train_total=0.06569890 train_sup=0.06568085 train_imit=0.18053758 mean_w=0.0825 active=0.9629 s_dense=0.00 s_pos=0.0000 s_sel=0.0000 s_sel_pos=0.0000 s_hot_err=0.000000 s_bg_err=0.000000 s_gap=0.000000 conf_cos=0.0000 conf_proj=0.00 val_mse=0.44099936 val_mae=0.46634681 | p_pos=0.0000 p_dense=0.00 p_sel=0.0000 p_sel_pos=0.0000 p_hot_err=0.000000 p_bg_err=0.000000 p_gap=0.000000 peer_val_mse=0.28008889 peer_val_mae=0.35534265
[worker2/etth1_all_methods_long_v2] [time_series][epoch 122] lambda=0.0001 g_scale=0.000 train_total=0.06575348 train_sup=0.06573549 train_imit=0.17992917 mean_w=0.0825 active=0.9614 s_dense=0.00 s_pos=0.0000 s_sel=0.0000 s_sel_pos=0.0000 s_hot_err=0.000000 s_bg_err=0.000000 s_gap=0.000000 conf_cos=0.0000 conf_proj=0.00 val_mse=0.44019937 val_mae=0.46778400 | p_pos=0.0000 p_dense=0.00 p_sel=0.0000 p_sel_pos=0.0000 p_hot_err=0.000000 p_bg_err=0.000000 p_gap=0.000000 peer_val_mse=0.27482358 peer_val_mae=0.34643937
[worker2/etth1_all_methods_long_v2] [time_series][epoch 123] lambda=0.0001 g_scale=0.000 train_total=0.06552715 train_sup=0.06550913 train_imit=0.18015038 mean_w=0.0826 active=0.9627 s_dense=0.00 s_pos=0.0000 s_sel=0.0000 s_sel_pos=0.0000 s_hot_err=0.000000 s_bg_err=0.000000 s_gap=0.000000 conf_cos=0.0000 conf_proj=0.00 val_mse=0.45264358 val_mae=0.47240356 | p_pos=0.0000 p_dense=0.00 p_sel=0.0000 p_sel_pos=0.0000 p_hot_err=0.000000 p_bg_err=0.000000 p_gap=0.000000 peer_val_mse=0.27617604 peer_val_mae=0.34653536
[worker2/etth1_all_methods_long_v2] [time_series][epoch 124] lambda=0.0001 g_scale=0.000 train_total=0.06539051 train_sup=0.06537261 train_imit=0.17900292 mean_w=0.0827 active=0.9618 s_dense=0.00 s_pos=0.0000 s_sel=0.0000 s_sel_pos=0.0000 s_hot_err=0.000000 s_bg_err=0.000000 s_gap=0.000000 conf_cos=0.0000 conf_proj=0.00 val_mse=0.45279269 val_mae=0.47886359 | p_pos=0.0000 p_dense=0.00 p_sel=0.0000 p_sel_pos=0.0000 p_hot_err=0.000000 p_bg_err=0.000000 p_gap=0.000000 peer_val_mse=0.27451717 peer_val_mae=0.34196299
[worker2/etth1_all_methods_long_v2] [time_series][epoch 125] lambda=0.0001 g_scale=0.000 train_total=0.06566067 train_sup=0.06564259 train_imit=0.18083667 mean_w=0.0827 active=0.9612 s_dense=0.00 s_pos=0.0000 s_sel=0.0000 s_sel_pos=0.0000 s_hot_err=0.000000 s_bg_err=0.000000 s_gap=0.000000 conf_cos=0.0000 conf_proj=0.00 val_mse=0.43916570 val_mae=0.46308957 | p_pos=0.0000 p_dense=0.00 p_sel=0.0000 p_sel_pos=0.0000 p_hot_err=0.000000 p_bg_err=0.000000 p_gap=0.000000 peer_val_mse=0.27365600 peer_val_mae=0.34315595
[worker2/etth1_all_methods_long_v2] [time_series][epoch 126] lambda=0.0001 g_scale=0.000 train_total=0.06553696 train_sup=0.06551900 train_imit=0.17965035 mean_w=0.0825 active=0.9637 s_dense=0.00 s_pos=0.0000 s_sel=0.0000 s_sel_pos=0.0000 s_hot_err=0.000000 s_bg_err=0.000000 s_gap=0.000000 conf_cos=0.0000 conf_proj=0.00 val_mse=0.45600080 val_mae=0.47767878 | p_pos=0.0000 p_dense=0.00 p_sel=0.0000 p_sel_pos=0.0000 p_hot_err=0.000000 p_bg_err=0.000000 p_gap=0.000000 peer_val_mse=0.27820542 peer_val_mae=0.35177628
[worker2/etth1_all_methods_long_v2] [time_series][epoch 127] lambda=0.0001 g_scale=0.000 train_total=0.06578211 train_sup=0.06576415 train_imit=0.17961371 mean_w=0.0827 active=0.9638 s_dense=0.00 s_pos=0.0000 s_sel=0.0000 s_sel_pos=0.0000 s_hot_err=0.000000 s_bg_err=0.000000 s_gap=0.000000 conf_cos=0.0000 conf_proj=0.00 val_mse=0.45702864 val_mae=0.47840256 | p_pos=0.0000 p_dense=0.00 p_sel=0.0000 p_sel_pos=0.0000 p_hot_err=0.000000 p_bg_err=0.000000 p_gap=0.000000 peer_val_mse=0.27465422 peer_val_mae=0.34267967
[worker2/etth1_all_methods_long_v2] [time_series][epoch 128] lambda=0.0001 g_scale=0.000 train_total=0.06492824 train_sup=0.06491022 train_imit=0.18017026 mean_w=0.0831 active=0.9643 s_dense=0.00 s_pos=0.0000 s_sel=0.0000 s_sel_pos=0.0000 s_hot_err=0.000000 s_bg_err=0.000000 s_gap=0.000000 conf_cos=0.0000 conf_proj=0.00 val_mse=0.45702842 val_mae=0.48252052 | p_pos=0.0000 p_dense=0.00 p_sel=0.0000 p_sel_pos=0.0000 p_hot_err=0.000000 p_bg_err=0.000000 p_gap=0.000000 peer_val_mse=0.27656636 peer_val_mae=0.34727732
[worker2/etth1_all_methods_long_v2] [time_series][epoch 129] lambda=0.0001 g_scale=0.000 train_total=0.06500287 train_sup=0.06498489 train_imit=0.17979162 mean_w=0.0829 active=0.9622 s_dense=0.00 s_pos=0.0000 s_sel=0.0000 s_sel_pos=0.0000 s_hot_err=0.000000 s_bg_err=0.000000 s_gap=0.000000 conf_cos=0.0000 conf_proj=0.00 val_mse=0.47842690 val_mae=0.49273609 | p_pos=0.0000 p_dense=0.00 p_sel=0.0000 p_sel_pos=0.0000 p_hot_err=0.000000 p_bg_err=0.000000 p_gap=0.000000 peer_val_mse=0.27588679 peer_val_mae=0.34572203
[worker2/etth1_all_methods_long_v2] [time_series][epoch 130] lambda=0.0001 g_scale=0.000 train_total=0.06570965 train_sup=0.06569176 train_imit=0.17889990 mean_w=0.0826 active=0.9641 s_dense=0.00 s_pos=0.0000 s_sel=0.0000 s_sel_pos=0.0000 s_hot_err=0.000000 s_bg_err=0.000000 s_gap=0.000000 conf_cos=0.0000 conf_proj=0.00 val_mse=0.44731604 val_mae=0.47010047 | p_pos=0.0000 p_dense=0.00 p_sel=0.0000 p_sel_pos=0.0000 p_hot_err=0.000000 p_bg_err=0.000000 p_gap=0.000000 peer_val_mse=0.27515781 peer_val_mae=0.34463397
[worker2/etth1_all_methods_long_v2] [time_series][epoch 130] updated live plot
[worker2/etth1_all_methods_long_v2] [time_series][epoch 131] lambda=0.0001 g_scale=0.000 train_total=0.06497565 train_sup=0.06495768 train_imit=0.17976945 mean_w=0.0830 active=0.9640 s_dense=0.00 s_pos=0.0000 s_sel=0.0000 s_sel_pos=0.0000 s_hot_err=0.000000 s_bg_err=0.000000 s_gap=0.000000 conf_cos=0.0000 conf_proj=0.00 val_mse=0.46503991 val_mae=0.48760945 | p_pos=0.0000 p_dense=0.00 p_sel=0.0000 p_sel_pos=0.0000 p_hot_err=0.000000 p_bg_err=0.000000 p_gap=0.000000 peer_val_mse=0.27570619 peer_val_mae=0.34469840
[worker2/etth1_all_methods_long_v2] [time_series][epoch 132] lambda=0.0001 g_scale=0.000 train_total=0.06456069 train_sup=0.06454266 train_imit=0.18030397 mean_w=0.0833 active=0.9649 s_dense=0.00 s_pos=0.0000 s_sel=0.0000 s_sel_pos=0.0000 s_hot_err=0.000000 s_bg_err=0.000000 s_gap=0.000000 conf_cos=0.0000 conf_proj=0.00 val_mse=0.45398054 val_mae=0.47573661 | p_pos=0.0000 p_dense=0.00 p_sel=0.0000 p_sel_pos=0.0000 p_hot_err=0.000000 p_bg_err=0.000000 p_gap=0.000000 peer_val_mse=0.27582394 peer_val_mae=0.34499729
[worker2/etth1_all_methods_long_v2] [time_series][epoch 133] lambda=0.0001 g_scale=0.000 train_total=0.06443189 train_sup=0.06441377 train_imit=0.18118137 mean_w=0.0831 active=0.9638 s_dense=0.00 s_pos=0.0000 s_sel=0.0000 s_sel_pos=0.0000 s_hot_err=0.000000 s_bg_err=0.000000 s_gap=0.000000 conf_cos=0.0000 conf_proj=0.00 val_mse=0.44988639 val_mae=0.47212943 | p_pos=0.0000 p_dense=0.00 p_sel=0.0000 p_sel_pos=0.0000 p_hot_err=0.000000 p_bg_err=0.000000 p_gap=0.000000 peer_val_mse=0.27416410 peer_val_mae=0.34324801
[worker2/etth1_all_methods_long_v2] [time_series][epoch 134] lambda=0.0001 g_scale=0.000 train_total=0.06439954 train_sup=0.06438165 train_imit=0.17891889 mean_w=0.0831 active=0.9640 s_dense=0.00 s_pos=0.0000 s_sel=0.0000 s_sel_pos=0.0000 s_hot_err=0.000000 s_bg_err=0.000000 s_gap=0.000000 conf_cos=0.0000 conf_proj=0.00 val_mse=0.45407131 val_mae=0.47734040 | p_pos=0.0000 p_dense=0.00 p_sel=0.0000 p_sel_pos=0.0000 p_hot_err=0.000000 p_bg_err=0.000000 p_gap=0.000000 peer_val_mse=0.27247513 peer_val_mae=0.34051563
[worker2/etth1_all_methods_long_v2] [time_series][epoch 135] lambda=0.0001 g_scale=0.000 train_total=0.06431254 train_sup=0.06429452 train_imit=0.18022095 mean_w=0.0832 active=0.9676 s_dense=0.00 s_pos=0.0000 s_sel=0.0000 s_sel_pos=0.0000 s_hot_err=0.000000 s_bg_err=0.000000 s_gap=0.000000 conf_cos=0.0000 conf_proj=0.00 val_mse=0.42154283 val_mae=0.45674590 | p_pos=0.0000 p_dense=0.00 p_sel=0.0000 p_sel_pos=0.0000 p_hot_err=0.000000 p_bg_err=0.000000 p_gap=0.000000 peer_val_mse=0.27704761 peer_val_mae=0.34902494
[worker2/etth1_all_methods_long_v2] [time_series][epoch 136] lambda=0.0001 g_scale=0.000 train_total=0.06435227 train_sup=0.06433425 train_imit=0.18016432 mean_w=0.0832 active=0.9644 s_dense=0.00 s_pos=0.0000 s_sel=0.0000 s_sel_pos=0.0000 s_hot_err=0.000000 s_bg_err=0.000000 s_gap=0.000000 conf_cos=0.0000 conf_proj=0.00 val_mse=0.44154741 val_mae=0.47168746 | p_pos=0.0000 p_dense=0.00 p_sel=0.0000 p_sel_pos=0.0000 p_hot_err=0.000000 p_bg_err=0.000000 p_gap=0.000000 peer_val_mse=0.27332746 peer_val_mae=0.34289003
[worker2/etth1_all_methods_long_v2] [time_series][epoch 137] lambda=0.0001 g_scale=0.000 train_total=0.06379228 train_sup=0.06377422 train_imit=0.18055646 mean_w=0.0835 active=0.9666 s_dense=0.00 s_pos=0.0000 s_sel=0.0000 s_sel_pos=0.0000 s_hot_err=0.000000 s_bg_err=0.000000 s_gap=0.000000 conf_cos=0.0000 conf_proj=0.00 val_mse=0.43432089 val_mae=0.46607951 | p_pos=0.0000 p_dense=0.00 p_sel=0.0000 p_sel_pos=0.0000 p_hot_err=0.000000 p_bg_err=0.000000 p_gap=0.000000 peer_val_mse=0.27473569 peer_val_mae=0.34463414
[worker2/etth1_all_methods_long_v2] [time_series][epoch 138] lambda=0.0001 g_scale=0.000 train_total=0.06386281 train_sup=0.06384468 train_imit=0.18123132 mean_w=0.0834 active=0.9670 s_dense=0.00 s_pos=0.0000 s_sel=0.0000 s_sel_pos=0.0000 s_hot_err=0.000000 s_bg_err=0.000000 s_gap=0.000000 conf_cos=0.0000 conf_proj=0.00 val_mse=0.45652893 val_mae=0.47616145 | p_pos=0.0000 p_dense=0.00 p_sel=0.0000 p_sel_pos=0.0000 p_hot_err=0.000000 p_bg_err=0.000000 p_gap=0.000000 peer_val_mse=0.27461321 peer_val_mae=0.34433190
[worker2/etth1_all_methods_long_v2] [time_series][epoch 139] lambda=0.0001 g_scale=0.000 train_total=0.06393564 train_sup=0.06391764 train_imit=0.18002560 mean_w=0.0834 active=0.9668 s_dense=0.00 s_pos=0.0000 s_sel=0.0000 s_sel_pos=0.0000 s_hot_err=0.000000 s_bg_err=0.000000 s_gap=0.000000 conf_cos=0.0000 conf_proj=0.00 val_mse=0.45358120 val_mae=0.47461700 | p_pos=0.0000 p_dense=0.00 p_sel=0.0000 p_sel_pos=0.0000 p_hot_err=0.000000 p_bg_err=0.000000 p_gap=0.000000 peer_val_mse=0.27456848 peer_val_mae=0.34373261
[worker2/etth1_all_methods_long_v2] [time_series][epoch 140] lambda=0.0001 g_scale=0.000 train_total=0.06392244 train_sup=0.06390442 train_imit=0.18023550 mean_w=0.0835 active=0.9646 s_dense=0.00 s_pos=0.0000 s_sel=0.0000 s_sel_pos=0.0000 s_hot_err=0.000000 s_bg_err=0.000000 s_gap=0.000000 conf_cos=0.0000 conf_proj=0.00 val_mse=0.45384332 val_mae=0.47418978 | p_pos=0.0000 p_dense=0.00 p_sel=0.0000 p_sel_pos=0.0000 p_hot_err=0.000000 p_bg_err=0.000000 p_gap=0.000000 peer_val_mse=0.27800858 peer_val_mae=0.34963977
[worker2/etth1_all_methods_long_v2] [time_series][epoch 140] updated live plot
[worker2/etth1_all_methods_long_v2] [time_series][epoch 141] lambda=0.0001 g_scale=0.000 train_total=0.06370480 train_sup=0.06368689 train_imit=0.17910712 mean_w=0.0835 active=0.9678 s_dense=0.00 s_pos=0.0000 s_sel=0.0000 s_sel_pos=0.0000 s_hot_err=0.000000 s_bg_err=0.000000 s_gap=0.000000 conf_cos=0.0000 conf_proj=0.00 val_mse=0.45298114 val_mae=0.48144199 | p_pos=0.0000 p_dense=0.00 p_sel=0.0000 p_sel_pos=0.0000 p_hot_err=0.000000 p_bg_err=0.000000 p_gap=0.000000 peer_val_mse=0.27461362 peer_val_mae=0.34388349
[worker2/etth1_all_methods_long_v2] [time_series][epoch 142] lambda=0.0001 g_scale=0.000 train_total=0.06374796 train_sup=0.06372992 train_imit=0.18041551 mean_w=0.0834 active=0.9667 s_dense=0.00 s_pos=0.0000 s_sel=0.0000 s_sel_pos=0.0000 s_hot_err=0.000000 s_bg_err=0.000000 s_gap=0.000000 conf_cos=0.0000 conf_proj=0.00 val_mse=0.43966412 val_mae=0.46387335 | p_pos=0.0000 p_dense=0.00 p_sel=0.0000 p_sel_pos=0.0000 p_hot_err=0.000000 p_bg_err=0.000000 p_gap=0.000000 peer_val_mse=0.27402998 peer_val_mae=0.34348164
[worker2/etth1_all_methods_long_v2] [time_series][epoch 143] lambda=0.0001 g_scale=0.000 train_total=0.06361504 train_sup=0.06359698 train_imit=0.18054784 mean_w=0.0836 active=0.9677 s_dense=0.00 s_pos=0.0000 s_sel=0.0000 s_sel_pos=0.0000 s_hot_err=0.000000 s_bg_err=0.000000 s_gap=0.000000 conf_cos=0.0000 conf_proj=0.00 val_mse=0.41472008 val_mae=0.45250947 | p_pos=0.0000 p_dense=0.00 p_sel=0.0000 p_sel_pos=0.0000 p_hot_err=0.000000 p_bg_err=0.000000 p_gap=0.000000 peer_val_mse=0.27287556 peer_val_mae=0.34070171
[worker2/etth1_all_methods_long_v2] [time_series][epoch 144] lambda=0.0001 g_scale=0.000 train_total=0.06360330 train_sup=0.06358536 train_imit=0.17944000 mean_w=0.0835 active=0.9671 s_dense=0.00 s_pos=0.0000 s_sel=0.0000 s_sel_pos=0.0000 s_hot_err=0.000000 s_bg_err=0.000000 s_gap=0.000000 conf_cos=0.0000 conf_proj=0.00 val_mse=0.46102633 val_mae=0.48188309 | p_pos=0.0000 p_dense=0.00 p_sel=0.0000 p_sel_pos=0.0000 p_hot_err=0.000000 p_bg_err=0.000000 p_gap=0.000000 peer_val_mse=0.27325741 peer_val_mae=0.34233376
[worker2/etth1_all_methods_long_v2] [time_series][epoch 145] lambda=0.0001 g_scale=0.000 train_total=0.06397800 train_sup=0.06396007 train_imit=0.17923237 mean_w=0.0836 active=0.9649 s_dense=0.00 s_pos=0.0000 s_sel=0.0000 s_sel_pos=0.0000 s_hot_err=0.000000 s_bg_err=0.000000 s_gap=0.000000 conf_cos=0.0000 conf_proj=0.00 val_mse=0.43195850 val_mae=0.46039275 | p_pos=0.0000 p_dense=0.00 p_sel=0.0000 p_sel_pos=0.0000 p_hot_err=0.000000 p_bg_err=0.000000 p_gap=0.000000 peer_val_mse=0.27223556 peer_val_mae=0.34027930
[worker2/etth1_all_methods_long_v2] [time_series][epoch 146] lambda=0.0001 g_scale=0.000 train_total=0.06327709 train_sup=0.06325911 train_imit=0.17974398 mean_w=0.0837 active=0.9676 s_dense=0.00 s_pos=0.0000 s_sel=0.0000 s_sel_pos=0.0000 s_hot_err=0.000000 s_bg_err=0.000000 s_gap=0.000000 conf_cos=0.0000 conf_proj=0.00 val_mse=0.47430728 val_mae=0.48863678 | p_pos=0.0000 p_dense=0.00 p_sel=0.0000 p_sel_pos=0.0000 p_hot_err=0.000000 p_bg_err=0.000000 p_gap=0.000000 peer_val_mse=0.27275021 peer_val_mae=0.34064396
[worker2/etth1_all_methods_long_v2] [time_series][epoch 147] lambda=0.0001 g_scale=0.000 train_total=0.06296266 train_sup=0.06294466 train_imit=0.17999222 mean_w=0.0838 active=0.9670 s_dense=0.00 s_pos=0.0000 s_sel=0.0000 s_sel_pos=0.0000 s_hot_err=0.000000 s_bg_err=0.000000 s_gap=0.000000 conf_cos=0.0000 conf_proj=0.00 val_mse=0.46919848 val_mae=0.48547327 | p_pos=0.0000 p_dense=0.00 p_sel=0.0000 p_sel_pos=0.0000 p_hot_err=0.000000 p_bg_err=0.000000 p_gap=0.000000 peer_val_mse=0.27492788 peer_val_mae=0.34497023
[worker2/etth1_all_methods_long_v2] [time_series][epoch 148] lambda=0.0001 g_scale=0.000 train_total=0.06267583 train_sup=0.06265779 train_imit=0.18046334 mean_w=0.0839 active=0.9688 s_dense=0.00 s_pos=0.0000 s_sel=0.0000 s_sel_pos=0.0000 s_hot_err=0.000000 s_bg_err=0.000000 s_gap=0.000000 conf_cos=0.0000 conf_proj=0.00 val_mse=0.46834683 val_mae=0.48828645 | p_pos=0.0000 p_dense=0.00 p_sel=0.0000 p_sel_pos=0.0000 p_hot_err=0.000000 p_bg_err=0.000000 p_gap=0.000000 peer_val_mse=0.27571686 peer_val_mae=0.34487504
[worker2/etth1_all_methods_long_v2] [time_series][epoch 149] lambda=0.0001 g_scale=0.000 train_total=0.06307066 train_sup=0.06305257 train_imit=0.18085370 mean_w=0.0838 active=0.9687 s_dense=0.00 s_pos=0.0000 s_sel=0.0000 s_sel_pos=0.0000 s_hot_err=0.000000 s_bg_err=0.000000 s_gap=0.000000 conf_cos=0.0000 conf_proj=0.00 val_mse=0.45695414 val_mae=0.47688376 | p_pos=0.0000 p_dense=0.00 p_sel=0.0000 p_sel_pos=0.0000 p_hot_err=0.000000 p_bg_err=0.000000 p_gap=0.000000 peer_val_mse=0.27388773 peer_val_mae=0.34266671
[worker2/etth1_all_methods_long_v2] [time_series][epoch 150] lambda=0.0001 g_scale=0.000 train_total=0.06291617 train_sup=0.06289829 train_imit=0.17877276 mean_w=0.0839 active=0.9670 s_dense=0.00 s_pos=0.0000 s_sel=0.0000 s_sel_pos=0.0000 s_hot_err=0.000000 s_bg_err=0.000000 s_gap=0.000000 conf_cos=0.0000 conf_proj=0.00 val_mse=0.47138052 val_mae=0.48718257 | p_pos=0.0000 p_dense=0.00 p_sel=0.0000 p_sel_pos=0.0000 p_hot_err=0.000000 p_bg_err=0.000000 p_gap=0.000000 peer_val_mse=0.27525646 peer_val_mae=0.34602934
[worker2/etth1_all_methods_long_v2] [time_series][epoch 150] updated live plot
[worker2/etth1_all_methods_long_v2] [time_series][epoch 151] lambda=0.0001 g_scale=0.000 train_total=0.06300739 train_sup=0.06298926 train_imit=0.18134824 mean_w=0.0838 active=0.9667 s_dense=0.00 s_pos=0.0000 s_sel=0.0000 s_sel_pos=0.0000 s_hot_err=0.000000 s_bg_err=0.000000 s_gap=0.000000 conf_cos=0.0000 conf_proj=0.00 val_mse=0.45184065 val_mae=0.47718371 | p_pos=0.0000 p_dense=0.00 p_sel=0.0000 p_sel_pos=0.0000 p_hot_err=0.000000 p_bg_err=0.000000 p_gap=0.000000 peer_val_mse=0.27623815 peer_val_mae=0.34678242
[worker2/etth1_all_methods_long_v2] [time_series][epoch 152] lambda=0.0001 g_scale=0.000 train_total=0.06272361 train_sup=0.06270564 train_imit=0.17966661 mean_w=0.0841 active=0.9674 s_dense=0.00 s_pos=0.0000 s_sel=0.0000 s_sel_pos=0.0000 s_hot_err=0.000000 s_bg_err=0.000000 s_gap=0.000000 conf_cos=0.0000 conf_proj=0.00 val_mse=0.43019170 val_mae=0.45957883 | p_pos=0.0000 p_dense=0.00 p_sel=0.0000 p_sel_pos=0.0000 p_hot_err=0.000000 p_bg_err=0.000000 p_gap=0.000000 peer_val_mse=0.27602476 peer_val_mae=0.34687535
[worker2/etth1_all_methods_long_v2] [time_series][epoch 153] lambda=0.0001 g_scale=0.000 train_total=0.06300356 train_sup=0.06298545 train_imit=0.18107581 mean_w=0.0839 active=0.9667 s_dense=0.00 s_pos=0.0000 s_sel=0.0000 s_sel_pos=0.0000 s_hot_err=0.000000 s_bg_err=0.000000 s_gap=0.000000 conf_cos=0.0000 conf_proj=0.00 val_mse=0.44209375 val_mae=0.47289684 | p_pos=0.0000 p_dense=0.00 p_sel=0.0000 p_sel_pos=0.0000 p_hot_err=0.000000 p_bg_err=0.000000 p_gap=0.000000 peer_val_mse=0.27416781 peer_val_mae=0.34327358
[worker2/etth1_all_methods_long_v2] [time_series][epoch 154] lambda=0.0001 g_scale=0.000 train_total=0.06228311 train_sup=0.06226511 train_imit=0.18003382 mean_w=0.0842 active=0.9688 s_dense=0.00 s_pos=0.0000 s_sel=0.0000 s_sel_pos=0.0000 s_hot_err=0.000000 s_bg_err=0.000000 s_gap=0.000000 conf_cos=0.0000 conf_proj=0.00 val_mse=0.47264513 val_mae=0.48647547 | p_pos=0.0000 p_dense=0.00 p_sel=0.0000 p_sel_pos=0.0000 p_hot_err=0.000000 p_bg_err=0.000000 p_gap=0.000000 peer_val_mse=0.27592986 peer_val_mae=0.34557739
[worker2/etth1_all_methods_long_v2] [time_series][epoch 155] lambda=0.0001 g_scale=0.000 train_total=0.06254673 train_sup=0.06252886 train_imit=0.17865708 mean_w=0.0841 active=0.9700 s_dense=0.00 s_pos=0.0000 s_sel=0.0000 s_sel_pos=0.0000 s_hot_err=0.000000 s_bg_err=0.000000 s_gap=0.000000 conf_cos=0.0000 conf_proj=0.00 val_mse=0.47298299 val_mae=0.48818814 | p_pos=0.0000 p_dense=0.00 p_sel=0.0000 p_sel_pos=0.0000 p_hot_err=0.000000 p_bg_err=0.000000 p_gap=0.000000 peer_val_mse=0.27409928 peer_val_mae=0.34260188
[worker2/etth1_all_methods_long_v2] [time_series][epoch 156] lambda=0.0001 g_scale=0.000 train_total=0.06227176 train_sup=0.06225375 train_imit=0.18005834 mean_w=0.0841 active=0.9680 s_dense=0.00 s_pos=0.0000 s_sel=0.0000 s_sel_pos=0.0000 s_hot_err=0.000000 s_bg_err=0.000000 s_gap=0.000000 conf_cos=0.0000 conf_proj=0.00 val_mse=0.44589314 val_mae=0.46907549 | p_pos=0.0000 p_dense=0.00 p_sel=0.0000 p_sel_pos=0.0000 p_hot_err=0.000000 p_bg_err=0.000000 p_gap=0.000000 peer_val_mse=0.27372038 peer_val_mae=0.34242933
[worker2/etth1_all_methods_long_v2] [time_series][epoch 157] lambda=0.0001 g_scale=0.000 train_total=0.06216303 train_sup=0.06214497 train_imit=0.18066111 mean_w=0.0841 active=0.9683 s_dense=0.00 s_pos=0.0000 s_sel=0.0000 s_sel_pos=0.0000 s_hot_err=0.000000 s_bg_err=0.000000 s_gap=0.000000 conf_cos=0.0000 conf_proj=0.00 val_mse=0.43326096 val_mae=0.46382288 | p_pos=0.0000 p_dense=0.00 p_sel=0.0000 p_sel_pos=0.0000 p_hot_err=0.000000 p_bg_err=0.000000 p_gap=0.000000 peer_val_mse=0.27501797 peer_val_mae=0.34430630
[worker2/etth1_all_methods_long_v2] [time_series][epoch 158] lambda=0.0001 g_scale=0.000 train_total=0.06214693 train_sup=0.06212888 train_imit=0.18054916 mean_w=0.0842 active=0.9690 s_dense=0.00 s_pos=0.0000 s_sel=0.0000 s_sel_pos=0.0000 s_hot_err=0.000000 s_bg_err=0.000000 s_gap=0.000000 conf_cos=0.0000 conf_proj=0.00 val_mse=0.46744442 val_mae=0.48165592 | p_pos=0.0000 p_dense=0.00 p_sel=0.0000 p_sel_pos=0.0000 p_hot_err=0.000000 p_bg_err=0.000000 p_gap=0.000000 peer_val_mse=0.27318130 peer_val_mae=0.34130010
[worker2/etth1_all_methods_long_v2] [time_series][epoch 159] lambda=0.0001 g_scale=0.000 train_total=0.06194485 train_sup=0.06192679 train_imit=0.18059621 mean_w=0.0843 active=0.9680 s_dense=0.00 s_pos=0.0000 s_sel=0.0000 s_sel_pos=0.0000 s_hot_err=0.000000 s_bg_err=0.000000 s_gap=0.000000 conf_cos=0.0000 conf_proj=0.00 val_mse=0.43983324 val_mae=0.46981225 | p_pos=0.0000 p_dense=0.00 p_sel=0.0000 p_sel_pos=0.0000 p_hot_err=0.000000 p_bg_err=0.000000 p_gap=0.000000 peer_val_mse=0.27522447 peer_val_mae=0.34463910
[worker2/etth1_all_methods_long_v2] [time_series][epoch 160] lambda=0.0001 g_scale=0.000 train_total=0.06206140 train_sup=0.06204341 train_imit=0.17992182 mean_w=0.0843 active=0.9689 s_dense=0.00 s_pos=0.0000 s_sel=0.0000 s_sel_pos=0.0000 s_hot_err=0.000000 s_bg_err=0.000000 s_gap=0.000000 conf_cos=0.0000 conf_proj=0.00 val_mse=0.44772607 val_mae=0.47212554 | p_pos=0.0000 p_dense=0.00 p_sel=0.0000 p_sel_pos=0.0000 p_hot_err=0.000000 p_bg_err=0.000000 p_gap=0.000000 peer_val_mse=0.27330334 peer_val_mae=0.34136537
[worker2/etth1_all_methods_long_v2] [time_series][epoch 160] updated live plot
[worker2/etth1_all_methods_long_v2] [time_series][epoch 161] lambda=0.0001 g_scale=0.000 train_total=0.06175671 train_sup=0.06173876 train_imit=0.17954180 mean_w=0.0845 active=0.9694 s_dense=0.00 s_pos=0.0000 s_sel=0.0000 s_sel_pos=0.0000 s_hot_err=0.000000 s_bg_err=0.000000 s_gap=0.000000 conf_cos=0.0000 conf_proj=0.00 val_mse=0.46895286 val_mae=0.48286505 | p_pos=0.0000 p_dense=0.00 p_sel=0.0000 p_sel_pos=0.0000 p_hot_err=0.000000 p_bg_err=0.000000 p_gap=0.000000 peer_val_mse=0.27448529 peer_val_mae=0.34321119
[worker2/etth1_all_methods_long_v2] [time_series][epoch 162] lambda=0.0001 g_scale=0.000 train_total=0.06213160 train_sup=0.06211359 train_imit=0.18005272 mean_w=0.0843 active=0.9686 s_dense=0.00 s_pos=0.0000 s_sel=0.0000 s_sel_pos=0.0000 s_hot_err=0.000000 s_bg_err=0.000000 s_gap=0.000000 conf_cos=0.0000 conf_proj=0.00 val_mse=0.49713014 val_mae=0.50746393 | p_pos=0.0000 p_dense=0.00 p_sel=0.0000 p_sel_pos=0.0000 p_hot_err=0.000000 p_bg_err=0.000000 p_gap=0.000000 peer_val_mse=0.27572347 peer_val_mae=0.34597667
[worker2/etth1_all_methods_long_v2] [time_series][epoch 163] lambda=0.0001 g_scale=0.000 train_total=0.06214466 train_sup=0.06212675 train_imit=0.17910128 mean_w=0.0843 active=0.9706 s_dense=0.00 s_pos=0.0000 s_sel=0.0000 s_sel_pos=0.0000 s_hot_err=0.000000 s_bg_err=0.000000 s_gap=0.000000 conf_cos=0.0000 conf_proj=0.00 val_mse=0.45010512 val_mae=0.47185185 | p_pos=0.0000 p_dense=0.00 p_sel=0.0000 p_sel_pos=0.0000 p_hot_err=0.000000 p_bg_err=0.000000 p_gap=0.000000 peer_val_mse=0.27374610 peer_val_mae=0.34207219
[worker2/etth1_all_methods_long_v2] [time_series][epoch 164] lambda=0.0001 g_scale=0.000 train_total=0.06160592 train_sup=0.06158793 train_imit=0.17987532 mean_w=0.0844 active=0.9692 s_dense=0.00 s_pos=0.0000 s_sel=0.0000 s_sel_pos=0.0000 s_hot_err=0.000000 s_bg_err=0.000000 s_gap=0.000000 conf_cos=0.0000 conf_proj=0.00 val_mse=0.47590848 val_mae=0.49068186 | p_pos=0.0000 p_dense=0.00 p_sel=0.0000 p_sel_pos=0.0000 p_hot_err=0.000000 p_bg_err=0.000000 p_gap=0.000000 peer_val_mse=0.27574814 peer_val_mae=0.34599522
[worker2/etth1_all_methods_long_v2] [time_series][epoch 165] lambda=0.0001 g_scale=0.000 train_total=0.06162043 train_sup=0.06160246 train_imit=0.17967556 mean_w=0.0845 active=0.9696 s_dense=0.00 s_pos=0.0000 s_sel=0.0000 s_sel_pos=0.0000 s_hot_err=0.000000 s_bg_err=0.000000 s_gap=0.000000 conf_cos=0.0000 conf_proj=0.00 val_mse=0.45317788 val_mae=0.47326063 | p_pos=0.0000 p_dense=0.00 p_sel=0.0000 p_sel_pos=0.0000 p_hot_err=0.000000 p_bg_err=0.000000 p_gap=0.000000 peer_val_mse=0.27490349 peer_val_mae=0.34300781
[worker2/etth1_all_methods_long_v2] [time_series][epoch 166] lambda=0.0001 g_scale=0.000 train_total=0.06150110 train_sup=0.06148311 train_imit=0.17992115 mean_w=0.0846 active=0.9708 s_dense=0.00 s_pos=0.0000 s_sel=0.0000 s_sel_pos=0.0000 s_hot_err=0.000000 s_bg_err=0.000000 s_gap=0.000000 conf_cos=0.0000 conf_proj=0.00 val_mse=0.46268410 val_mae=0.47871193 | p_pos=0.0000 p_dense=0.00 p_sel=0.0000 p_sel_pos=0.0000 p_hot_err=0.000000 p_bg_err=0.000000 p_gap=0.000000 peer_val_mse=0.27587585 peer_val_mae=0.34695927
[worker2/etth1_all_methods_long_v2] [time_series][epoch 167] lambda=0.0001 g_scale=0.000 train_total=0.06141941 train_sup=0.06140151 train_imit=0.17899501 mean_w=0.0846 active=0.9705 s_dense=0.00 s_pos=0.0000 s_sel=0.0000 s_sel_pos=0.0000 s_hot_err=0.000000 s_bg_err=0.000000 s_gap=0.000000 conf_cos=0.0000 conf_proj=0.00 val_mse=0.45016726 val_mae=0.47481208 | p_pos=0.0000 p_dense=0.00 p_sel=0.0000 p_sel_pos=0.0000 p_hot_err=0.000000 p_bg_err=0.000000 p_gap=0.000000 peer_val_mse=0.27414911 peer_val_mae=0.34422494
[worker2/etth1_all_methods_long_v2] [time_series][epoch 168] lambda=0.0001 g_scale=0.000 train_total=0.06170166 train_sup=0.06168367 train_imit=0.17988526 mean_w=0.0845 active=0.9699 s_dense=0.00 s_pos=0.0000 s_sel=0.0000 s_sel_pos=0.0000 s_hot_err=0.000000 s_bg_err=0.000000 s_gap=0.000000 conf_cos=0.0000 conf_proj=0.00 val_mse=0.44672204 val_mae=0.47043697 | p_pos=0.0000 p_dense=0.00 p_sel=0.0000 p_sel_pos=0.0000 p_hot_err=0.000000 p_bg_err=0.000000 p_gap=0.000000 peer_val_mse=0.27471572 peer_val_mae=0.34385605
[worker2/etth1_all_methods_long_v2] [time_series][epoch 169] lambda=0.0001 g_scale=0.000 train_total=0.06114886 train_sup=0.06113071 train_imit=0.18145448 mean_w=0.0847 active=0.9703 s_dense=0.00 s_pos=0.0000 s_sel=0.0000 s_sel_pos=0.0000 s_hot_err=0.000000 s_bg_err=0.000000 s_gap=0.000000 conf_cos=0.0000 conf_proj=0.00 val_mse=0.43909799 val_mae=0.46629370 | p_pos=0.0000 p_dense=0.00 p_sel=0.0000 p_sel_pos=0.0000 p_hot_err=0.000000 p_bg_err=0.000000 p_gap=0.000000 peer_val_mse=0.27419900 peer_val_mae=0.34204704
[worker2/etth1_all_methods_long_v2] [time_series][epoch 170] lambda=0.0001 g_scale=0.000 train_total=0.06130055 train_sup=0.06128255 train_imit=0.18002003 mean_w=0.0845 active=0.9694 s_dense=0.00 s_pos=0.0000 s_sel=0.0000 s_sel_pos=0.0000 s_hot_err=0.000000 s_bg_err=0.000000 s_gap=0.000000 conf_cos=0.0000 conf_proj=0.00 val_mse=0.48127864 val_mae=0.49749542 | p_pos=0.0000 p_dense=0.00 p_sel=0.0000 p_sel_pos=0.0000 p_hot_err=0.000000 p_bg_err=0.000000 p_gap=0.000000 peer_val_mse=0.27509629 peer_val_mae=0.34399077
[worker2/etth1_all_methods_long_v2] [time_series][epoch 170] updated live plot
[worker2/etth1_all_methods_long_v2] [time_series][epoch 171] lambda=0.0001 g_scale=0.000 train_total=0.06109796 train_sup=0.06107989 train_imit=0.18067300 mean_w=0.0848 active=0.9709 s_dense=0.00 s_pos=0.0000 s_sel=0.0000 s_sel_pos=0.0000 s_hot_err=0.000000 s_bg_err=0.000000 s_gap=0.000000 conf_cos=0.0000 conf_proj=0.00 val_mse=0.45433972 val_mae=0.47654651 | p_pos=0.0000 p_dense=0.00 p_sel=0.0000 p_sel_pos=0.0000 p_hot_err=0.000000 p_bg_err=0.000000 p_gap=0.000000 peer_val_mse=0.27412854 peer_val_mae=0.34177477
[worker2/etth1_all_methods_long_v2] [time_series][epoch 172] lambda=0.0001 g_scale=0.000 train_total=0.06107688 train_sup=0.06105894 train_imit=0.17936600 mean_w=0.0848 active=0.9702 s_dense=0.00 s_pos=0.0000 s_sel=0.0000 s_sel_pos=0.0000 s_hot_err=0.000000 s_bg_err=0.000000 s_gap=0.000000 conf_cos=0.0000 conf_proj=0.00 val_mse=0.46794629 val_mae=0.48403589 | p_pos=0.0000 p_dense=0.00 p_sel=0.0000 p_sel_pos=0.0000 p_hot_err=0.000000 p_bg_err=0.000000 p_gap=0.000000 peer_val_mse=0.27287146 peer_val_mae=0.34170821
[worker2/etth1_all_methods_long_v2] [time_series][epoch 173] lambda=0.0001 g_scale=0.000 train_total=0.06089783 train_sup=0.06087971 train_imit=0.18115923 mean_w=0.0847 active=0.9702 s_dense=0.00 s_pos=0.0000 s_sel=0.0000 s_sel_pos=0.0000 s_hot_err=0.000000 s_bg_err=0.000000 s_gap=0.000000 conf_cos=0.0000 conf_proj=0.00 val_mse=0.46217447 val_mae=0.48289461 | p_pos=0.0000 p_dense=0.00 p_sel=0.0000 p_sel_pos=0.0000 p_hot_err=0.000000 p_bg_err=0.000000 p_gap=0.000000 peer_val_mse=0.27312921 peer_val_mae=0.34128105
[worker2/etth1_all_methods_long_v2] [time_series][epoch 174] lambda=0.0001 g_scale=0.000 train_total=0.06096402 train_sup=0.06094608 train_imit=0.17937014 mean_w=0.0848 active=0.9701 s_dense=0.00 s_pos=0.0000 s_sel=0.0000 s_sel_pos=0.0000 s_hot_err=0.000000 s_bg_err=0.000000 s_gap=0.000000 conf_cos=0.0000 conf_proj=0.00 val_mse=0.46864594 val_mae=0.48865614 | p_pos=0.0000 p_dense=0.00 p_sel=0.0000 p_sel_pos=0.0000 p_hot_err=0.000000 p_bg_err=0.000000 p_gap=0.000000 peer_val_mse=0.27377562 peer_val_mae=0.34290824
[worker2/etth1_all_methods_long_v2] [time_series][epoch 175] lambda=0.0001 g_scale=0.000 train_total=0.06065515 train_sup=0.06063721 train_imit=0.17941337 mean_w=0.0849 active=0.9721 s_dense=0.00 s_pos=0.0000 s_sel=0.0000 s_sel_pos=0.0000 s_hot_err=0.000000 s_bg_err=0.000000 s_gap=0.000000 conf_cos=0.0000 conf_proj=0.00 val_mse=0.47550658 val_mae=0.49254211 | p_pos=0.0000 p_dense=0.00 p_sel=0.0000 p_sel_pos=0.0000 p_hot_err=0.000000 p_bg_err=0.000000 p_gap=0.000000 peer_val_mse=0.27371958 peer_val_mae=0.34320594
[worker2/etth1_all_methods_long_v2] [time_series][epoch 176] lambda=0.0001 g_scale=0.000 train_total=0.06080249 train_sup=0.06078455 train_imit=0.17938247 mean_w=0.0848 active=0.9702 s_dense=0.00 s_pos=0.0000 s_sel=0.0000 s_sel_pos=0.0000 s_hot_err=0.000000 s_bg_err=0.000000 s_gap=0.000000 conf_cos=0.0000 conf_proj=0.00 val_mse=0.44596410 val_mae=0.46686242 | p_pos=0.0000 p_dense=0.00 p_sel=0.0000 p_sel_pos=0.0000 p_hot_err=0.000000 p_bg_err=0.000000 p_gap=0.000000 peer_val_mse=0.27362894 peer_val_mae=0.34279877
[worker2/etth1_all_methods_long_v2] [time_series][epoch 177] lambda=0.0001 g_scale=0.000 train_total=0.06080607 train_sup=0.06078818 train_imit=0.17889591 mean_w=0.0849 active=0.9727 s_dense=0.00 s_pos=0.0000 s_sel=0.0000 s_sel_pos=0.0000 s_hot_err=0.000000 s_bg_err=0.000000 s_gap=0.000000 conf_cos=0.0000 conf_proj=0.00 val_mse=0.45876537 val_mae=0.48040312 | p_pos=0.0000 p_dense=0.00 p_sel=0.0000 p_sel_pos=0.0000 p_hot_err=0.000000 p_bg_err=0.000000 p_gap=0.000000 peer_val_mse=0.27678045 peer_val_mae=0.34826766
[worker2/etth1_all_methods_long_v2] [time_series][epoch 178] lambda=0.0001 g_scale=0.000 train_total=0.06044637 train_sup=0.06042841 train_imit=0.17955335 mean_w=0.0850 active=0.9732 s_dense=0.00 s_pos=0.0000 s_sel=0.0000 s_sel_pos=0.0000 s_hot_err=0.000000 s_bg_err=0.000000 s_gap=0.000000 conf_cos=0.0000 conf_proj=0.00 val_mse=0.43625224 val_mae=0.46169016 | p_pos=0.0000 p_dense=0.00 p_sel=0.0000 p_sel_pos=0.0000 p_hot_err=0.000000 p_bg_err=0.000000 p_gap=0.000000 peer_val_mse=0.27434001 peer_val_mae=0.34484199
[worker2/etth1_all_methods_long_v2] [time_series][epoch 179] lambda=0.0001 g_scale=0.000 train_total=0.06043712 train_sup=0.06041911 train_imit=0.18008946 mean_w=0.0852 active=0.9728 s_dense=0.00 s_pos=0.0000 s_sel=0.0000 s_sel_pos=0.0000 s_hot_err=0.000000 s_bg_err=0.000000 s_gap=0.000000 conf_cos=0.0000 conf_proj=0.00 val_mse=0.46949728 val_mae=0.48645778 | p_pos=0.0000 p_dense=0.00 p_sel=0.0000 p_sel_pos=0.0000 p_hot_err=0.000000 p_bg_err=0.000000 p_gap=0.000000 peer_val_mse=0.27565572 peer_val_mae=0.34730982
[worker2/etth1_all_methods_long_v2] [time_series][epoch 180] lambda=0.0001 g_scale=0.000 train_total=0.06045100 train_sup=0.06043301 train_imit=0.17999666 mean_w=0.0851 active=0.9726 s_dense=0.00 s_pos=0.0000 s_sel=0.0000 s_sel_pos=0.0000 s_hot_err=0.000000 s_bg_err=0.000000 s_gap=0.000000 conf_cos=0.0000 conf_proj=0.00 val_mse=0.44824830 val_mae=0.46905115 | p_pos=0.0000 p_dense=0.00 p_sel=0.0000 p_sel_pos=0.0000 p_hot_err=0.000000 p_bg_err=0.000000 p_gap=0.000000 peer_val_mse=0.27461188 peer_val_mae=0.34197863
[worker2/etth1_all_methods_long_v2] [time_series][epoch 180] updated live plot
[worker2/etth1_all_methods_long_v2] [time_series][epoch 181] lambda=0.0001 g_scale=0.000 train_total=0.06055781 train_sup=0.06053983 train_imit=0.17976300 mean_w=0.0851 active=0.9716 s_dense=0.00 s_pos=0.0000 s_sel=0.0000 s_sel_pos=0.0000 s_hot_err=0.000000 s_bg_err=0.000000 s_gap=0.000000 conf_cos=0.0000 conf_proj=0.00 val_mse=0.43930714 val_mae=0.46335670 | p_pos=0.0000 p_dense=0.00 p_sel=0.0000 p_sel_pos=0.0000 p_hot_err=0.000000 p_bg_err=0.000000 p_gap=0.000000 peer_val_mse=0.27447749 peer_val_mae=0.34505873
[worker2/etth1_all_methods_long_v2] [time_series][epoch 182] lambda=0.0001 g_scale=0.000 train_total=0.06030224 train_sup=0.06028419 train_imit=0.18046028 mean_w=0.0852 active=0.9719 s_dense=0.00 s_pos=0.0000 s_sel=0.0000 s_sel_pos=0.0000 s_hot_err=0.000000 s_bg_err=0.000000 s_gap=0.000000 conf_cos=0.0000 conf_proj=0.00 val_mse=0.44771779 val_mae=0.46906944 | p_pos=0.0000 p_dense=0.00 p_sel=0.0000 p_sel_pos=0.0000 p_hot_err=0.000000 p_bg_err=0.000000 p_gap=0.000000 peer_val_mse=0.27473306 peer_val_mae=0.34379935
[worker2/etth1_all_methods_long_v2] [time_series][epoch 183] lambda=0.0001 g_scale=0.000 train_total=0.06019460 train_sup=0.06017658 train_imit=0.18016998 mean_w=0.0853 active=0.9718 s_dense=0.00 s_pos=0.0000 s_sel=0.0000 s_sel_pos=0.0000 s_hot_err=0.000000 s_bg_err=0.000000 s_gap=0.000000 conf_cos=0.0000 conf_proj=0.00 val_mse=0.45991219 val_mae=0.47615577 | p_pos=0.0000 p_dense=0.00 p_sel=0.0000 p_sel_pos=0.0000 p_hot_err=0.000000 p_bg_err=0.000000 p_gap=0.000000 peer_val_mse=0.27296721 peer_val_mae=0.34131999
[worker2/etth1_all_methods_long_v2] [time_series][epoch 184] lambda=0.0001 g_scale=0.000 train_total=0.06036409 train_sup=0.06034616 train_imit=0.17924359 mean_w=0.0850 active=0.9718 s_dense=0.00 s_pos=0.0000 s_sel=0.0000 s_sel_pos=0.0000 s_hot_err=0.000000 s_bg_err=0.000000 s_gap=0.000000 conf_cos=0.0000 conf_proj=0.00 val_mse=0.46205326 val_mae=0.48528150 | p_pos=0.0000 p_dense=0.00 p_sel=0.0000 p_sel_pos=0.0000 p_hot_err=0.000000 p_bg_err=0.000000 p_gap=0.000000 peer_val_mse=0.27341777 peer_val_mae=0.34222145
[worker2/etth1_all_methods_long_v2] [time_series][epoch 185] lambda=0.0001 g_scale=0.000 train_total=0.06024559 train_sup=0.06022769 train_imit=0.17901085 mean_w=0.0852 active=0.9716 s_dense=0.00 s_pos=0.0000 s_sel=0.0000 s_sel_pos=0.0000 s_hot_err=0.000000 s_bg_err=0.000000 s_gap=0.000000 conf_cos=0.0000 conf_proj=0.00 val_mse=0.45198126 val_mae=0.47194729 | p_pos=0.0000 p_dense=0.00 p_sel=0.0000 p_sel_pos=0.0000 p_hot_err=0.000000 p_bg_err=0.000000 p_gap=0.000000 peer_val_mse=0.27387033 peer_val_mae=0.34148936
[worker2/etth1_all_methods_long_v2] [time_series][epoch 186] lambda=0.0001 g_scale=0.000 train_total=0.06035139 train_sup=0.06033336 train_imit=0.18028217 mean_w=0.0851 active=0.9721 s_dense=0.00 s_pos=0.0000 s_sel=0.0000 s_sel_pos=0.0000 s_hot_err=0.000000 s_bg_err=0.000000 s_gap=0.000000 conf_cos=0.0000 conf_proj=0.00 val_mse=0.45436449 val_mae=0.47851689 | p_pos=0.0000 p_dense=0.00 p_sel=0.0000 p_sel_pos=0.0000 p_hot_err=0.000000 p_bg_err=0.000000 p_gap=0.000000 peer_val_mse=0.27452067 peer_val_mae=0.34185432
[worker2/etth1_all_methods_long_v2] [time_series][epoch 187] lambda=0.0001 g_scale=0.000 train_total=0.06014434 train_sup=0.06012632 train_imit=0.18026070 mean_w=0.0853 active=0.9725 s_dense=0.00 s_pos=0.0000 s_sel=0.0000 s_sel_pos=0.0000 s_hot_err=0.000000 s_bg_err=0.000000 s_gap=0.000000 conf_cos=0.0000 conf_proj=0.00 val_mse=0.45574249 val_mae=0.47717879 | p_pos=0.0000 p_dense=0.00 p_sel=0.0000 p_sel_pos=0.0000 p_hot_err=0.000000 p_bg_err=0.000000 p_gap=0.000000 peer_val_mse=0.27533978 peer_val_mae=0.34415710
[worker2/etth1_all_methods_long_v2] [time_series][epoch 188] lambda=0.0001 g_scale=0.000 train_total=0.06015896 train_sup=0.06014099 train_imit=0.17973447 mean_w=0.0851 active=0.9727 s_dense=0.00 s_pos=0.0000 s_sel=0.0000 s_sel_pos=0.0000 s_hot_err=0.000000 s_bg_err=0.000000 s_gap=0.000000 conf_cos=0.0000 conf_proj=0.00 val_mse=0.45969506 val_mae=0.47954555 | p_pos=0.0000 p_dense=0.00 p_sel=0.0000 p_sel_pos=0.0000 p_hot_err=0.000000 p_bg_err=0.000000 p_gap=0.000000 peer_val_mse=0.27422699 peer_val_mae=0.34318725
[worker2/etth1_all_methods_long_v2] [time_series][epoch 189] lambda=0.0001 g_scale=0.000 train_total=0.06002451 train_sup=0.06000657 train_imit=0.17934920 mean_w=0.0853 active=0.9719 s_dense=0.00 s_pos=0.0000 s_sel=0.0000 s_sel_pos=0.0000 s_hot_err=0.000000 s_bg_err=0.000000 s_gap=0.000000 conf_cos=0.0000 conf_proj=0.00 val_mse=0.44538885 val_mae=0.46873108 | p_pos=0.0000 p_dense=0.00 p_sel=0.0000 p_sel_pos=0.0000 p_hot_err=0.000000 p_bg_err=0.000000 p_gap=0.000000 peer_val_mse=0.27730559 peer_val_mae=0.34890917
[worker2/etth1_all_methods_long_v2] [time_series][epoch 190] lambda=0.0001 g_scale=0.000 train_total=0.05981380 train_sup=0.05979593 train_imit=0.17867946 mean_w=0.0854 active=0.9723 s_dense=0.00 s_pos=0.0000 s_sel=0.0000 s_sel_pos=0.0000 s_hot_err=0.000000 s_bg_err=0.000000 s_gap=0.000000 conf_cos=0.0000 conf_proj=0.00 val_mse=0.44789310 val_mae=0.46798443 | p_pos=0.0000 p_dense=0.00 p_sel=0.0000 p_sel_pos=0.0000 p_hot_err=0.000000 p_bg_err=0.000000 p_gap=0.000000 peer_val_mse=0.27534177 peer_val_mae=0.34588484
[worker2/etth1_all_methods_long_v2] [time_series][epoch 190] updated live plot
[worker2/etth1_all_methods_long_v2] [time_series][epoch 191] lambda=0.0001 g_scale=0.000 train_total=0.05978803 train_sup=0.05977008 train_imit=0.17950109 mean_w=0.0854 active=0.9733 s_dense=0.00 s_pos=0.0000 s_sel=0.0000 s_sel_pos=0.0000 s_hot_err=0.000000 s_bg_err=0.000000 s_gap=0.000000 conf_cos=0.0000 conf_proj=0.00 val_mse=0.45296396 val_mae=0.47381510 | p_pos=0.0000 p_dense=0.00 p_sel=0.0000 p_sel_pos=0.0000 p_hot_err=0.000000 p_bg_err=0.000000 p_gap=0.000000 peer_val_mse=0.27479463 peer_val_mae=0.34431175
[worker2/etth1_all_methods_long_v2] [time_series][epoch 192] lambda=0.0001 g_scale=0.000 train_total=0.05971974 train_sup=0.05970178 train_imit=0.17958241 mean_w=0.0854 active=0.9731 s_dense=0.00 s_pos=0.0000 s_sel=0.0000 s_sel_pos=0.0000 s_hot_err=0.000000 s_bg_err=0.000000 s_gap=0.000000 conf_cos=0.0000 conf_proj=0.00 val_mse=0.46191701 val_mae=0.47699114 | p_pos=0.0000 p_dense=0.00 p_sel=0.0000 p_sel_pos=0.0000 p_hot_err=0.000000 p_bg_err=0.000000 p_gap=0.000000 peer_val_mse=0.27529039 peer_val_mae=0.34482771
[worker2/etth1_all_methods_long_v2] [time_series][epoch 193] lambda=0.0001 g_scale=0.000 train_total=0.05946186 train_sup=0.05944386 train_imit=0.17992900 mean_w=0.0855 active=0.9735 s_dense=0.00 s_pos=0.0000 s_sel=0.0000 s_sel_pos=0.0000 s_hot_err=0.000000 s_bg_err=0.000000 s_gap=0.000000 conf_cos=0.0000 conf_proj=0.00 val_mse=0.45309858 val_mae=0.47475042 | p_pos=0.0000 p_dense=0.00 p_sel=0.0000 p_sel_pos=0.0000 p_hot_err=0.000000 p_bg_err=0.000000 p_gap=0.000000 peer_val_mse=0.27496478 peer_val_mae=0.34338428
[worker2/etth1_all_methods_long_v2] [time_series][epoch 194] lambda=0.0001 g_scale=0.000 train_total=0.05940717 train_sup=0.05938913 train_imit=0.18034116 mean_w=0.0857 active=0.9742 s_dense=0.00 s_pos=0.0000 s_sel=0.0000 s_sel_pos=0.0000 s_hot_err=0.000000 s_bg_err=0.000000 s_gap=0.000000 conf_cos=0.0000 conf_proj=0.00 val_mse=0.44197338 val_mae=0.46455784 | p_pos=0.0000 p_dense=0.00 p_sel=0.0000 p_sel_pos=0.0000 p_hot_err=0.000000 p_bg_err=0.000000 p_gap=0.000000 peer_val_mse=0.27570374 peer_val_mae=0.34590881
[worker2/etth1_all_methods_long_v2] [time_series][epoch 195] lambda=0.0001 g_scale=0.000 train_total=0.05928248 train_sup=0.05926455 train_imit=0.17933190 mean_w=0.0856 active=0.9752 s_dense=0.00 s_pos=0.0000 s_sel=0.0000 s_sel_pos=0.0000 s_hot_err=0.000000 s_bg_err=0.000000 s_gap=0.000000 conf_cos=0.0000 conf_proj=0.00 val_mse=0.46595929 val_mae=0.48129060 | p_pos=0.0000 p_dense=0.00 p_sel=0.0000 p_sel_pos=0.0000 p_hot_err=0.000000 p_bg_err=0.000000 p_gap=0.000000 peer_val_mse=0.27695530 peer_val_mae=0.34960470
[worker2/etth1_all_methods_long_v2] [time_series][epoch 196] lambda=0.0001 g_scale=0.000 train_total=0.05940805 train_sup=0.05939004 train_imit=0.18010276 mean_w=0.0855 active=0.9740 s_dense=0.00 s_pos=0.0000 s_sel=0.0000 s_sel_pos=0.0000 s_hot_err=0.000000 s_bg_err=0.000000 s_gap=0.000000 conf_cos=0.0000 conf_proj=0.00 val_mse=0.45726821 val_mae=0.47629718 | p_pos=0.0000 p_dense=0.00 p_sel=0.0000 p_sel_pos=0.0000 p_hot_err=0.000000 p_bg_err=0.000000 p_gap=0.000000 peer_val_mse=0.27464633 peer_val_mae=0.34502866
[worker2/etth1_all_methods_long_v2] [time_series][epoch 197] lambda=0.0001 g_scale=0.000 train_total=0.05970025 train_sup=0.05968243 train_imit=0.17817012 mean_w=0.0854 active=0.9733 s_dense=0.00 s_pos=0.0000 s_sel=0.0000 s_sel_pos=0.0000 s_hot_err=0.000000 s_bg_err=0.000000 s_gap=0.000000 conf_cos=0.0000 conf_proj=0.00 val_mse=0.44149537 val_mae=0.46754787 | p_pos=0.0000 p_dense=0.00 p_sel=0.0000 p_sel_pos=0.0000 p_hot_err=0.000000 p_bg_err=0.000000 p_gap=0.000000 peer_val_mse=0.27231217 peer_val_mae=0.34090591
[worker2/etth1_all_methods_long_v2] [time_series][epoch 198] lambda=0.0001 g_scale=0.000 train_total=0.05951062 train_sup=0.05949259 train_imit=0.18037320 mean_w=0.0857 active=0.9739 s_dense=0.00 s_pos=0.0000 s_sel=0.0000 s_sel_pos=0.0000 s_hot_err=0.000000 s_bg_err=0.000000 s_gap=0.000000 conf_cos=0.0000 conf_proj=0.00 val_mse=0.45245084 val_mae=0.47362054 | p_pos=0.0000 p_dense=0.00 p_sel=0.0000 p_sel_pos=0.0000 p_hot_err=0.000000 p_bg_err=0.000000 p_gap=0.000000 peer_val_mse=0.27388230 peer_val_mae=0.34166588
[worker2/etth1_all_methods_long_v2] [time_series][epoch 199] lambda=0.0001 g_scale=0.000 train_total=0.05957145 train_sup=0.05955345 train_imit=0.18000066 mean_w=0.0855 active=0.9737 s_dense=0.00 s_pos=0.0000 s_sel=0.0000 s_sel_pos=0.0000 s_hot_err=0.000000 s_bg_err=0.000000 s_gap=0.000000 conf_cos=0.0000 conf_proj=0.00 val_mse=0.45649268 val_mae=0.47783747 | p_pos=0.0000 p_dense=0.00 p_sel=0.0000 p_sel_pos=0.0000 p_hot_err=0.000000 p_bg_err=0.000000 p_gap=0.000000 peer_val_mse=0.27498269 peer_val_mae=0.34525731
[worker2/etth1_all_methods_long_v2] [time_series][epoch 200] lambda=0.0001 g_scale=0.000 train_total=0.05941859 train_sup=0.05940058 train_imit=0.18010825 mean_w=0.0855 active=0.9728 s_dense=0.00 s_pos=0.0000 s_sel=0.0000 s_sel_pos=0.0000 s_hot_err=0.000000 s_bg_err=0.000000 s_gap=0.000000 conf_cos=0.0000 conf_proj=0.00 val_mse=0.44694005 val_mae=0.47100018 | p_pos=0.0000 p_dense=0.00 p_sel=0.0000 p_sel_pos=0.0000 p_hot_err=0.000000 p_bg_err=0.000000 p_gap=0.000000 peer_val_mse=0.27562522 peer_val_mae=0.34721201
[worker2/etth1_all_methods_long_v2] [time_series][epoch 200] updated live plot
[worker2/etth1_all_methods_long_v2] [time_series] done
[worker2/etth1_all_methods_long_v2] [time_series] dataset=etth1 pair=transformer:dlinear method=dml seed=1 pred_len=24
[worker2/etth1_all_methods_long_v2] [time_series] run_dir=results/time_series_etth1_all_methods_long_v2/time_series/etth1/transformer__dlinear_dml_huber_seed1
[worker2/etth1_all_methods_long_v2] [time_series] params=419240
[worker2/etth1_all_methods_long_v2] [time_series][epoch 001] lambda=0.0010 g_scale=0.000 train_total=0.36157187 train_sup=0.36143315 train_imit=0.13871647 mean_w=0.0285 active=0.4778 s_dense=0.00 s_pos=0.0000 s_sel=0.0000 s_sel_pos=0.0000 s_hot_err=0.000000 s_bg_err=0.000000 s_gap=0.000000 conf_cos=0.0000 conf_proj=0.00 val_mse=0.34827655 val_mae=0.41878632 | p_pos=0.0000 p_dense=0.00 p_sel=0.0000 p_sel_pos=0.0000 p_hot_err=0.000000 p_bg_err=0.000000 p_gap=0.000000 peer_val_mse=0.32393948 peer_val_mae=0.38970269
[worker2/etth1_all_methods_long_v2] [time_series][epoch 002] lambda=0.0010 g_scale=0.000 train_total=0.25423185 train_sup=0.25412861 train_imit=0.10323542 mean_w=0.0227 active=0.4570 s_dense=0.00 s_pos=0.0000 s_sel=0.0000 s_sel_pos=0.0000 s_hot_err=0.000000 s_bg_err=0.000000 s_gap=0.000000 conf_cos=0.0000 conf_proj=0.00 val_mse=0.35943419 val_mae=0.42135635 | p_pos=0.0000 p_dense=0.00 p_sel=0.0000 p_sel_pos=0.0000 p_hot_err=0.000000 p_bg_err=0.000000 p_gap=0.000000 peer_val_mse=0.29896592 peer_val_mae=0.36820073
[worker2/etth1_all_methods_long_v2] [time_series][epoch 003] lambda=0.0010 g_scale=0.000 train_total=0.23161629 train_sup=0.23150830 train_imit=0.10799005 mean_w=0.0255 active=0.4864 s_dense=0.00 s_pos=0.0000 s_sel=0.0000 s_sel_pos=0.0000 s_hot_err=0.000000 s_bg_err=0.000000 s_gap=0.000000 conf_cos=0.0000 conf_proj=0.00 val_mse=0.33268347 val_mae=0.39920955 | p_pos=0.0000 p_dense=0.00 p_sel=0.0000 p_sel_pos=0.0000 p_hot_err=0.000000 p_bg_err=0.000000 p_gap=0.000000 peer_val_mse=0.28834910 peer_val_mae=0.35670905
[worker2/etth1_all_methods_long_v2] [time_series][epoch 004] lambda=0.0010 g_scale=0.000 train_total=0.21563570 train_sup=0.21551746 train_imit=0.11823569 mean_w=0.0291 active=0.5229 s_dense=0.00 s_pos=0.0000 s_sel=0.0000 s_sel_pos=0.0000 s_hot_err=0.000000 s_bg_err=0.000000 s_gap=0.000000 conf_cos=0.0000 conf_proj=0.00 val_mse=0.33545504 val_mae=0.39715509 | p_pos=0.0000 p_dense=0.00 p_sel=0.0000 p_sel_pos=0.0000 p_hot_err=0.000000 p_bg_err=0.000000 p_gap=0.000000 peer_val_mse=0.28650027 peer_val_mae=0.35660126
[worker2/etth1_all_methods_long_v2] [time_series][epoch 005] lambda=0.0010 g_scale=0.000 train_total=0.20359246 train_sup=0.20346502 train_imit=0.12744043 mean_w=0.0324 active=0.5429 s_dense=0.00 s_pos=0.0000 s_sel=0.0000 s_sel_pos=0.0000 s_hot_err=0.000000 s_bg_err=0.000000 s_gap=0.000000 conf_cos=0.0000 conf_proj=0.00 val_mse=0.34883812 val_mae=0.40729340 | p_pos=0.0000 p_dense=0.00 p_sel=0.0000 p_sel_pos=0.0000 p_hot_err=0.000000 p_bg_err=0.000000 p_gap=0.000000 peer_val_mse=0.28069921 peer_val_mae=0.35011982
[worker2/etth1_all_methods_long_v2] [time_series][epoch 006] lambda=0.0010 g_scale=0.000 train_total=0.19036341 train_sup=0.19022519 train_imit=0.13821291 mean_w=0.0361 active=0.5748 s_dense=0.00 s_pos=0.0000 s_sel=0.0000 s_sel_pos=0.0000 s_hot_err=0.000000 s_bg_err=0.000000 s_gap=0.000000 conf_cos=0.0000 conf_proj=0.00 val_mse=0.34189298 val_mae=0.40215210 | p_pos=0.0000 p_dense=0.00 p_sel=0.0000 p_sel_pos=0.0000 p_hot_err=0.000000 p_bg_err=0.000000 p_gap=0.000000 peer_val_mse=0.27970755 peer_val_mae=0.34911543
[worker2/etth1_all_methods_long_v2] [time_series][epoch 007] lambda=0.0010 g_scale=0.000 train_total=0.17933921 train_sup=0.17919053 train_imit=0.14868270 mean_w=0.0394 active=0.6051 s_dense=0.00 s_pos=0.0000 s_sel=0.0000 s_sel_pos=0.0000 s_hot_err=0.000000 s_bg_err=0.000000 s_gap=0.000000 conf_cos=0.0000 conf_proj=0.00 val_mse=0.36852149 val_mae=0.42273017 | p_pos=0.0000 p_dense=0.00 p_sel=0.0000 p_sel_pos=0.0000 p_hot_err=0.000000 p_bg_err=0.000000 p_gap=0.000000 peer_val_mse=0.27956667 peer_val_mae=0.34949432
[worker2/etth1_all_methods_long_v2] [time_series][epoch 008] lambda=0.0010 g_scale=0.000 train_total=0.16848919 train_sup=0.16833517 train_imit=0.15401914 mean_w=0.0427 active=0.6318 s_dense=0.00 s_pos=0.0000 s_sel=0.0000 s_sel_pos=0.0000 s_hot_err=0.000000 s_bg_err=0.000000 s_gap=0.000000 conf_cos=0.0000 conf_proj=0.00 val_mse=0.41511878 val_mae=0.44464523 | p_pos=0.0000 p_dense=0.00 p_sel=0.0000 p_sel_pos=0.0000 p_hot_err=0.000000 p_bg_err=0.000000 p_gap=0.000000 peer_val_mse=0.27438943 peer_val_mae=0.34278803
[worker2/etth1_all_methods_long_v2] [time_series][epoch 009] lambda=0.0010 g_scale=0.000 train_total=0.15940622 train_sup=0.15924665 train_imit=0.15957285 mean_w=0.0456 active=0.6630 s_dense=0.00 s_pos=0.0000 s_sel=0.0000 s_sel_pos=0.0000 s_hot_err=0.000000 s_bg_err=0.000000 s_gap=0.000000 conf_cos=0.0000 conf_proj=0.00 val_mse=0.40506763 val_mae=0.44422359 | p_pos=0.0000 p_dense=0.00 p_sel=0.0000 p_sel_pos=0.0000 p_hot_err=0.000000 p_bg_err=0.000000 p_gap=0.000000 peer_val_mse=0.27455631 peer_val_mae=0.34342543
[worker2/etth1_all_methods_long_v2] [time_series][epoch 010] lambda=0.0010 g_scale=0.000 train_total=0.15030633 train_sup=0.15014330 train_imit=0.16303450 mean_w=0.0485 active=0.6843 s_dense=0.00 s_pos=0.0000 s_sel=0.0000 s_sel_pos=0.0000 s_hot_err=0.000000 s_bg_err=0.000000 s_gap=0.000000 conf_cos=0.0000 conf_proj=0.00 val_mse=0.45296069 val_mae=0.47099745 | p_pos=0.0000 p_dense=0.00 p_sel=0.0000 p_sel_pos=0.0000 p_hot_err=0.000000 p_bg_err=0.000000 p_gap=0.000000 peer_val_mse=0.27613902 peer_val_mae=0.34716999
[worker2/etth1_all_methods_long_v2] [time_series][epoch 010] updated live plot
[worker2/etth1_all_methods_long_v2] [time_series][epoch 011] lambda=0.0010 g_scale=0.000 train_total=0.14305026 train_sup=0.14288768 train_imit=0.16632100 mean_w=0.0511 active=0.7089 s_dense=0.00 s_pos=0.0000 s_sel=0.0000 s_sel_pos=0.0000 s_hot_err=0.000000 s_bg_err=0.000000 s_gap=0.000000 conf_cos=0.0000 conf_proj=0.00 val_mse=0.41692841 val_mae=0.44491347 | p_pos=0.0000 p_dense=0.00 p_sel=0.0000 p_sel_pos=0.0000 p_hot_err=0.000000 p_bg_err=0.000000 p_gap=0.000000 peer_val_mse=0.27552536 peer_val_mae=0.34385372
[worker2/etth1_all_methods_long_v2] [time_series][epoch 012] lambda=0.0010 g_scale=0.000 train_total=0.13833239 train_sup=0.13817168 train_imit=0.16828194 mean_w=0.0530 active=0.7217 s_dense=0.00 s_pos=0.0000 s_sel=0.0000 s_sel_pos=0.0000 s_hot_err=0.000000 s_bg_err=0.000000 s_gap=0.000000 conf_cos=0.0000 conf_proj=0.00 val_mse=0.36774194 val_mae=0.42009486 | p_pos=0.0000 p_dense=0.00 p_sel=0.0000 p_sel_pos=0.0000 p_hot_err=0.000000 p_bg_err=0.000000 p_gap=0.000000 peer_val_mse=0.27454571 peer_val_mae=0.34498875
[worker2/etth1_all_methods_long_v2] [time_series][epoch 013] lambda=0.0009 g_scale=0.000 train_total=0.13082225 train_sup=0.13066344 train_imit=0.17030344 mean_w=0.0555 active=0.7495 s_dense=0.00 s_pos=0.0000 s_sel=0.0000 s_sel_pos=0.0000 s_hot_err=0.000000 s_bg_err=0.000000 s_gap=0.000000 conf_cos=0.0000 conf_proj=0.00 val_mse=0.38716439 val_mae=0.43669203 | p_pos=0.0000 p_dense=0.00 p_sel=0.0000 p_sel_pos=0.0000 p_hot_err=0.000000 p_bg_err=0.000000 p_gap=0.000000 peer_val_mse=0.27585632 peer_val_mae=0.34704514
[worker2/etth1_all_methods_long_v2] [time_series][epoch 014] lambda=0.0009 g_scale=0.000 train_total=0.12734857 train_sup=0.12719079 train_imit=0.17338110 mean_w=0.0567 active=0.7599 s_dense=0.00 s_pos=0.0000 s_sel=0.0000 s_sel_pos=0.0000 s_hot_err=0.000000 s_bg_err=0.000000 s_gap=0.000000 conf_cos=0.0000 conf_proj=0.00 val_mse=0.40640705 val_mae=0.44371615 | p_pos=0.0000 p_dense=0.00 p_sel=0.0000 p_sel_pos=0.0000 p_hot_err=0.000000 p_bg_err=0.000000 p_gap=0.000000 peer_val_mse=0.27540881 peer_val_mae=0.34605863
[worker2/etth1_all_methods_long_v2] [time_series][epoch 015] lambda=0.0009 g_scale=0.000 train_total=0.12384317 train_sup=0.12368999 train_imit=0.17259369 mean_w=0.0581 active=0.7718 s_dense=0.00 s_pos=0.0000 s_sel=0.0000 s_sel_pos=0.0000 s_hot_err=0.000000 s_bg_err=0.000000 s_gap=0.000000 conf_cos=0.0000 conf_proj=0.00 val_mse=0.39640044 val_mae=0.44363057 | p_pos=0.0000 p_dense=0.00 p_sel=0.0000 p_sel_pos=0.0000 p_hot_err=0.000000 p_bg_err=0.000000 p_gap=0.000000 peer_val_mse=0.27557478 peer_val_mae=0.34553244
[worker2/etth1_all_methods_long_v2] [time_series][epoch 016] lambda=0.0009 g_scale=0.000 train_total=0.11970614 train_sup=0.11955634 train_imit=0.17317888 mean_w=0.0596 active=0.7879 s_dense=0.00 s_pos=0.0000 s_sel=0.0000 s_sel_pos=0.0000 s_hot_err=0.000000 s_bg_err=0.000000 s_gap=0.000000 conf_cos=0.0000 conf_proj=0.00 val_mse=0.39045828 val_mae=0.44150984 | p_pos=0.0000 p_dense=0.00 p_sel=0.0000 p_sel_pos=0.0000 p_hot_err=0.000000 p_bg_err=0.000000 p_gap=0.000000 peer_val_mse=0.27544645 peer_val_mae=0.34631427
[worker2/etth1_all_methods_long_v2] [time_series][epoch 017] lambda=0.0008 g_scale=0.000 train_total=0.11629311 train_sup=0.11614588 train_imit=0.17475687 mean_w=0.0608 active=0.8011 s_dense=0.00 s_pos=0.0000 s_sel=0.0000 s_sel_pos=0.0000 s_hot_err=0.000000 s_bg_err=0.000000 s_gap=0.000000 conf_cos=0.0000 conf_proj=0.00 val_mse=0.40124246 val_mae=0.44838483 | p_pos=0.0000 p_dense=0.00 p_sel=0.0000 p_sel_pos=0.0000 p_hot_err=0.000000 p_bg_err=0.000000 p_gap=0.000000 peer_val_mse=0.27454606 peer_val_mae=0.34398865
[worker2/etth1_all_methods_long_v2] [time_series][epoch 018] lambda=0.0008 g_scale=0.000 train_total=0.11290318 train_sup=0.11275920 train_imit=0.17559194 mean_w=0.0621 active=0.8126 s_dense=0.00 s_pos=0.0000 s_sel=0.0000 s_sel_pos=0.0000 s_hot_err=0.000000 s_bg_err=0.000000 s_gap=0.000000 conf_cos=0.0000 conf_proj=0.00 val_mse=0.39803487 val_mae=0.44023392 | p_pos=0.0000 p_dense=0.00 p_sel=0.0000 p_sel_pos=0.0000 p_hot_err=0.000000 p_bg_err=0.000000 p_gap=0.000000 peer_val_mse=0.27350358 peer_val_mae=0.34350272
[worker2/etth1_all_methods_long_v2] [time_series][epoch 019] lambda=0.0008 g_scale=0.000 train_total=0.11002177 train_sup=0.10988069 train_imit=0.17690575 mean_w=0.0633 active=0.8207 s_dense=0.00 s_pos=0.0000 s_sel=0.0000 s_sel_pos=0.0000 s_hot_err=0.000000 s_bg_err=0.000000 s_gap=0.000000 conf_cos=0.0000 conf_proj=0.00 val_mse=0.38732344 val_mae=0.43148252 | p_pos=0.0000 p_dense=0.00 p_sel=0.0000 p_sel_pos=0.0000 p_hot_err=0.000000 p_bg_err=0.000000 p_gap=0.000000 peer_val_mse=0.27448280 peer_val_mae=0.34329827
[worker2/etth1_all_methods_long_v2] [time_series][epoch 020] lambda=0.0008 g_scale=0.000 train_total=0.10827349 train_sup=0.10813703 train_imit=0.17607110 mean_w=0.0639 active=0.8272 s_dense=0.00 s_pos=0.0000 s_sel=0.0000 s_sel_pos=0.0000 s_hot_err=0.000000 s_bg_err=0.000000 s_gap=0.000000 conf_cos=0.0000 conf_proj=0.00 val_mse=0.38446367 val_mae=0.43223743 | p_pos=0.0000 p_dense=0.00 p_sel=0.0000 p_sel_pos=0.0000 p_hot_err=0.000000 p_bg_err=0.000000 p_gap=0.000000 peer_val_mse=0.27801122 peer_val_mae=0.35012081
[worker2/etth1_all_methods_long_v2] [time_series][epoch 020] updated live plot
[worker2/etth1_all_methods_long_v2] [time_series][epoch 021] lambda=0.0008 g_scale=0.000 train_total=0.10611580 train_sup=0.10598222 train_imit=0.17751054 mean_w=0.0648 active=0.8356 s_dense=0.00 s_pos=0.0000 s_sel=0.0000 s_sel_pos=0.0000 s_hot_err=0.000000 s_bg_err=0.000000 s_gap=0.000000 conf_cos=0.0000 conf_proj=0.00 val_mse=0.37673481 val_mae=0.43215554 | p_pos=0.0000 p_dense=0.00 p_sel=0.0000 p_sel_pos=0.0000 p_hot_err=0.000000 p_bg_err=0.000000 p_gap=0.000000 peer_val_mse=0.27462712 peer_val_mae=0.34496956
[worker2/etth1_all_methods_long_v2] [time_series][epoch 022] lambda=0.0007 g_scale=0.000 train_total=0.10522278 train_sup=0.10509314 train_imit=0.17760046 mean_w=0.0654 active=0.8387 s_dense=0.00 s_pos=0.0000 s_sel=0.0000 s_sel_pos=0.0000 s_hot_err=0.000000 s_bg_err=0.000000 s_gap=0.000000 conf_cos=0.0000 conf_proj=0.00 val_mse=0.40869727 val_mae=0.45626844 | p_pos=0.0000 p_dense=0.00 p_sel=0.0000 p_sel_pos=0.0000 p_hot_err=0.000000 p_bg_err=0.000000 p_gap=0.000000 peer_val_mse=0.27830676 peer_val_mae=0.35142135
[worker2/etth1_all_methods_long_v2] [time_series][epoch 023] lambda=0.0007 g_scale=0.000 train_total=0.10273829 train_sup=0.10261330 train_imit=0.17665689 mean_w=0.0662 active=0.8497 s_dense=0.00 s_pos=0.0000 s_sel=0.0000 s_sel_pos=0.0000 s_hot_err=0.000000 s_bg_err=0.000000 s_gap=0.000000 conf_cos=0.0000 conf_proj=0.00 val_mse=0.43000082 val_mae=0.46771535 | p_pos=0.0000 p_dense=0.00 p_sel=0.0000 p_sel_pos=0.0000 p_hot_err=0.000000 p_bg_err=0.000000 p_gap=0.000000 peer_val_mse=0.27583616 peer_val_mae=0.34551430
[worker2/etth1_all_methods_long_v2] [time_series][epoch 024] lambda=0.0007 g_scale=0.000 train_total=0.10148917 train_sup=0.10136796 train_imit=0.17694714 mean_w=0.0667 active=0.8524 s_dense=0.00 s_pos=0.0000 s_sel=0.0000 s_sel_pos=0.0000 s_hot_err=0.000000 s_bg_err=0.000000 s_gap=0.000000 conf_cos=0.0000 conf_proj=0.00 val_mse=0.38998727 val_mae=0.44118855 | p_pos=0.0000 p_dense=0.00 p_sel=0.0000 p_sel_pos=0.0000 p_hot_err=0.000000 p_bg_err=0.000000 p_gap=0.000000 peer_val_mse=0.27627472 peer_val_mae=0.34516509
[worker2/etth1_all_methods_long_v2] [time_series][epoch 025] lambda=0.0007 g_scale=0.000 train_total=0.09935031 train_sup=0.09923284 train_imit=0.17731259 mean_w=0.0675 active=0.8632 s_dense=0.00 s_pos=0.0000 s_sel=0.0000 s_sel_pos=0.0000 s_hot_err=0.000000 s_bg_err=0.000000 s_gap=0.000000 conf_cos=0.0000 conf_proj=0.00 val_mse=0.39359339 val_mae=0.44275211 | p_pos=0.0000 p_dense=0.00 p_sel=0.0000 p_sel_pos=0.0000 p_hot_err=0.000000 p_bg_err=0.000000 p_gap=0.000000 peer_val_mse=0.27554691 peer_val_mae=0.34712103
[worker2/etth1_all_methods_long_v2] [time_series][epoch 026] lambda=0.0006 g_scale=0.000 train_total=0.09813571 train_sup=0.09802148 train_imit=0.17847920 mean_w=0.0683 active=0.8620 s_dense=0.00 s_pos=0.0000 s_sel=0.0000 s_sel_pos=0.0000 s_hot_err=0.000000 s_bg_err=0.000000 s_gap=0.000000 conf_cos=0.0000 conf_proj=0.00 val_mse=0.41788621 val_mae=0.46402305 | p_pos=0.0000 p_dense=0.00 p_sel=0.0000 p_sel_pos=0.0000 p_hot_err=0.000000 p_bg_err=0.000000 p_gap=0.000000 peer_val_mse=0.27337577 peer_val_mae=0.34255083
[worker2/etth1_all_methods_long_v2] [time_series][epoch 027] lambda=0.0006 g_scale=0.000 train_total=0.09744007 train_sup=0.09733004 train_imit=0.17819307 mean_w=0.0683 active=0.8650 s_dense=0.00 s_pos=0.0000 s_sel=0.0000 s_sel_pos=0.0000 s_hot_err=0.000000 s_bg_err=0.000000 s_gap=0.000000 conf_cos=0.0000 conf_proj=0.00 val_mse=0.40308185 val_mae=0.45517393 | p_pos=0.0000 p_dense=0.00 p_sel=0.0000 p_sel_pos=0.0000 p_hot_err=0.000000 p_bg_err=0.000000 p_gap=0.000000 peer_val_mse=0.27588178 peer_val_mae=0.34633388
[worker2/etth1_all_methods_long_v2] [time_series][epoch 028] lambda=0.0006 g_scale=0.000 train_total=0.09569382 train_sup=0.09558734 train_imit=0.17895999 mean_w=0.0691 active=0.8717 s_dense=0.00 s_pos=0.0000 s_sel=0.0000 s_sel_pos=0.0000 s_hot_err=0.000000 s_bg_err=0.000000 s_gap=0.000000 conf_cos=0.0000 conf_proj=0.00 val_mse=0.40435041 val_mae=0.45000425 | p_pos=0.0000 p_dense=0.00 p_sel=0.0000 p_sel_pos=0.0000 p_hot_err=0.000000 p_bg_err=0.000000 p_gap=0.000000 peer_val_mse=0.27693446 peer_val_mae=0.34720194
[worker2/etth1_all_methods_long_v2] [time_series][epoch 029] lambda=0.0006 g_scale=0.000 train_total=0.09471270 train_sup=0.09460964 train_imit=0.18001718 mean_w=0.0697 active=0.8757 s_dense=0.00 s_pos=0.0000 s_sel=0.0000 s_sel_pos=0.0000 s_hot_err=0.000000 s_bg_err=0.000000 s_gap=0.000000 conf_cos=0.0000 conf_proj=0.00 val_mse=0.41400505 val_mae=0.45904572 | p_pos=0.0000 p_dense=0.00 p_sel=0.0000 p_sel_pos=0.0000 p_hot_err=0.000000 p_bg_err=0.000000 p_gap=0.000000 peer_val_mse=0.27671555 peer_val_mae=0.34650105
[worker2/etth1_all_methods_long_v2] [time_series][epoch 030] lambda=0.0006 g_scale=0.000 train_total=0.09411226 train_sup=0.09401414 train_imit=0.17840470 mean_w=0.0699 active=0.8766 s_dense=0.00 s_pos=0.0000 s_sel=0.0000 s_sel_pos=0.0000 s_hot_err=0.000000 s_bg_err=0.000000 s_gap=0.000000 conf_cos=0.0000 conf_proj=0.00 val_mse=0.40970040 val_mae=0.45272996 | p_pos=0.0000 p_dense=0.00 p_sel=0.0000 p_sel_pos=0.0000 p_hot_err=0.000000 p_bg_err=0.000000 p_gap=0.000000 peer_val_mse=0.27577379 peer_val_mae=0.34532508
[worker2/etth1_all_methods_long_v2] [time_series][epoch 030] updated live plot
[worker2/etth1_all_methods_long_v2] [time_series][epoch 031] lambda=0.0005 g_scale=0.000 train_total=0.09232397 train_sup=0.09222968 train_imit=0.17876293 mean_w=0.0706 active=0.8871 s_dense=0.00 s_pos=0.0000 s_sel=0.0000 s_sel_pos=0.0000 s_hot_err=0.000000 s_bg_err=0.000000 s_gap=0.000000 conf_cos=0.0000 conf_proj=0.00 val_mse=0.40361249 val_mae=0.45075983 | p_pos=0.0000 p_dense=0.00 p_sel=0.0000 p_sel_pos=0.0000 p_hot_err=0.000000 p_bg_err=0.000000 p_gap=0.000000 peer_val_mse=0.27572579 peer_val_mae=0.34674579
[worker2/etth1_all_methods_long_v2] [time_series][epoch 032] lambda=0.0005 g_scale=0.000 train_total=0.09092974 train_sup=0.09083857 train_imit=0.18052143 mean_w=0.0711 active=0.8887 s_dense=0.00 s_pos=0.0000 s_sel=0.0000 s_sel_pos=0.0000 s_hot_err=0.000000 s_bg_err=0.000000 s_gap=0.000000 conf_cos=0.0000 conf_proj=0.00 val_mse=0.41089246 val_mae=0.45748207 | p_pos=0.0000 p_dense=0.00 p_sel=0.0000 p_sel_pos=0.0000 p_hot_err=0.000000 p_bg_err=0.000000 p_gap=0.000000 peer_val_mse=0.27586811 peer_val_mae=0.34724931
[worker2/etth1_all_methods_long_v2] [time_series][epoch 033] lambda=0.0005 g_scale=0.000 train_total=0.09039288 train_sup=0.09030632 train_imit=0.17940391 mean_w=0.0714 active=0.8913 s_dense=0.00 s_pos=0.0000 s_sel=0.0000 s_sel_pos=0.0000 s_hot_err=0.000000 s_bg_err=0.000000 s_gap=0.000000 conf_cos=0.0000 conf_proj=0.00 val_mse=0.41540883 val_mae=0.45973292 | p_pos=0.0000 p_dense=0.00 p_sel=0.0000 p_sel_pos=0.0000 p_hot_err=0.000000 p_bg_err=0.000000 p_gap=0.000000 peer_val_mse=0.27280830 peer_val_mae=0.34047923
[worker2/etth1_all_methods_long_v2] [time_series][epoch 034] lambda=0.0005 g_scale=0.000 train_total=0.09028051 train_sup=0.09019741 train_imit=0.18065981 mean_w=0.0713 active=0.8909 s_dense=0.00 s_pos=0.0000 s_sel=0.0000 s_sel_pos=0.0000 s_hot_err=0.000000 s_bg_err=0.000000 s_gap=0.000000 conf_cos=0.0000 conf_proj=0.00 val_mse=0.40744182 val_mae=0.45457625 | p_pos=0.0000 p_dense=0.00 p_sel=0.0000 p_sel_pos=0.0000 p_hot_err=0.000000 p_bg_err=0.000000 p_gap=0.000000 peer_val_mse=0.27414530 peer_val_mae=0.34304950
[worker2/etth1_all_methods_long_v2] [time_series][epoch 035] lambda=0.0004 g_scale=0.000 train_total=0.08837646 train_sup=0.08829778 train_imit=0.17984825 mean_w=0.0723 active=0.8994 s_dense=0.00 s_pos=0.0000 s_sel=0.0000 s_sel_pos=0.0000 s_hot_err=0.000000 s_bg_err=0.000000 s_gap=0.000000 conf_cos=0.0000 conf_proj=0.00 val_mse=0.42070464 val_mae=0.46701080 | p_pos=0.0000 p_dense=0.00 p_sel=0.0000 p_sel_pos=0.0000 p_hot_err=0.000000 p_bg_err=0.000000 p_gap=0.000000 peer_val_mse=0.27337897 peer_val_mae=0.34130365
[worker2/etth1_all_methods_long_v2] [time_series][epoch 036] lambda=0.0004 g_scale=0.000 train_total=0.08893484 train_sup=0.08886020 train_imit=0.17984212 mean_w=0.0721 active=0.8977 s_dense=0.00 s_pos=0.0000 s_sel=0.0000 s_sel_pos=0.0000 s_hot_err=0.000000 s_bg_err=0.000000 s_gap=0.000000 conf_cos=0.0000 conf_proj=0.00 val_mse=0.40335486 val_mae=0.45206772 | p_pos=0.0000 p_dense=0.00 p_sel=0.0000 p_sel_pos=0.0000 p_hot_err=0.000000 p_bg_err=0.000000 p_gap=0.000000 peer_val_mse=0.27748583 peer_val_mae=0.34614801
[worker2/etth1_all_methods_long_v2] [time_series][epoch 037] lambda=0.0004 g_scale=0.000 train_total=0.08766725 train_sup=0.08759673 train_imit=0.17968637 mean_w=0.0724 active=0.9005 s_dense=0.00 s_pos=0.0000 s_sel=0.0000 s_sel_pos=0.0000 s_hot_err=0.000000 s_bg_err=0.000000 s_gap=0.000000 conf_cos=0.0000 conf_proj=0.00 val_mse=0.42948845 val_mae=0.46687091 | p_pos=0.0000 p_dense=0.00 p_sel=0.0000 p_sel_pos=0.0000 p_hot_err=0.000000 p_bg_err=0.000000 p_gap=0.000000 peer_val_mse=0.27310815 peer_val_mae=0.34143183
[worker2/etth1_all_methods_long_v2] [time_series][epoch 038] lambda=0.0004 g_scale=0.000 train_total=0.08680381 train_sup=0.08673673 train_imit=0.18130579 mean_w=0.0728 active=0.8995 s_dense=0.00 s_pos=0.0000 s_sel=0.0000 s_sel_pos=0.0000 s_hot_err=0.000000 s_bg_err=0.000000 s_gap=0.000000 conf_cos=0.0000 conf_proj=0.00 val_mse=0.42934070 val_mae=0.46907418 | p_pos=0.0000 p_dense=0.00 p_sel=0.0000 p_sel_pos=0.0000 p_hot_err=0.000000 p_bg_err=0.000000 p_gap=0.000000 peer_val_mse=0.27341537 peer_val_mae=0.34220714
[worker2/etth1_all_methods_long_v2] [time_series][epoch 039] lambda=0.0003 g_scale=0.000 train_total=0.08633631 train_sup=0.08627364 train_imit=0.18034352 mean_w=0.0731 active=0.9048 s_dense=0.00 s_pos=0.0000 s_sel=0.0000 s_sel_pos=0.0000 s_hot_err=0.000000 s_bg_err=0.000000 s_gap=0.000000 conf_cos=0.0000 conf_proj=0.00 val_mse=0.41733828 val_mae=0.46057785 | p_pos=0.0000 p_dense=0.00 p_sel=0.0000 p_sel_pos=0.0000 p_hot_err=0.000000 p_bg_err=0.000000 p_gap=0.000000 peer_val_mse=0.27319310 peer_val_mae=0.34161379
[worker2/etth1_all_methods_long_v2] [time_series][epoch 040] lambda=0.0003 g_scale=0.000 train_total=0.08584999 train_sup=0.08579119 train_imit=0.18094637 mean_w=0.0734 active=0.9058 s_dense=0.00 s_pos=0.0000 s_sel=0.0000 s_sel_pos=0.0000 s_hot_err=0.000000 s_bg_err=0.000000 s_gap=0.000000 conf_cos=0.0000 conf_proj=0.00 val_mse=0.44260577 val_mae=0.47939251 | p_pos=0.0000 p_dense=0.00 p_sel=0.0000 p_sel_pos=0.0000 p_hot_err=0.000000 p_bg_err=0.000000 p_gap=0.000000 peer_val_mse=0.27553074 peer_val_mae=0.34493057
[worker2/etth1_all_methods_long_v2] [time_series][epoch 040] updated live plot
[worker2/etth1_all_methods_long_v2] [time_series][epoch 041] lambda=0.0003 g_scale=0.000 train_total=0.08508718 train_sup=0.08503272 train_imit=0.18005085 mean_w=0.0737 active=0.9079 s_dense=0.00 s_pos=0.0000 s_sel=0.0000 s_sel_pos=0.0000 s_hot_err=0.000000 s_bg_err=0.000000 s_gap=0.000000 conf_cos=0.0000 conf_proj=0.00 val_mse=0.40480310 val_mae=0.45365637 | p_pos=0.0000 p_dense=0.00 p_sel=0.0000 p_sel_pos=0.0000 p_hot_err=0.000000 p_bg_err=0.000000 p_gap=0.000000 peer_val_mse=0.27971648 peer_val_mae=0.35449692
[worker2/etth1_all_methods_long_v2] [time_series][epoch 042] lambda=0.0003 g_scale=0.000 train_total=0.08451103 train_sup=0.08446032 train_imit=0.18112106 mean_w=0.0739 active=0.9106 s_dense=0.00 s_pos=0.0000 s_sel=0.0000 s_sel_pos=0.0000 s_hot_err=0.000000 s_bg_err=0.000000 s_gap=0.000000 conf_cos=0.0000 conf_proj=0.00 val_mse=0.40966049 val_mae=0.45483160 | p_pos=0.0000 p_dense=0.00 p_sel=0.0000 p_sel_pos=0.0000 p_hot_err=0.000000 p_bg_err=0.000000 p_gap=0.000000 peer_val_mse=0.27316555 peer_val_mae=0.34164437
[worker2/etth1_all_methods_long_v2] [time_series][epoch 043] lambda=0.0003 g_scale=0.000 train_total=0.08379586 train_sup=0.08374945 train_imit=0.18025033 mean_w=0.0743 active=0.9155 s_dense=0.00 s_pos=0.0000 s_sel=0.0000 s_sel_pos=0.0000 s_hot_err=0.000000 s_bg_err=0.000000 s_gap=0.000000 conf_cos=0.0000 conf_proj=0.00 val_mse=0.42997279 val_mae=0.46520549 | p_pos=0.0000 p_dense=0.00 p_sel=0.0000 p_sel_pos=0.0000 p_hot_err=0.000000 p_bg_err=0.000000 p_gap=0.000000 peer_val_mse=0.27528158 peer_val_mae=0.34397656
[worker2/etth1_all_methods_long_v2] [time_series][epoch 044] lambda=0.0002 g_scale=0.000 train_total=0.08393523 train_sup=0.08389280 train_imit=0.18054683 mean_w=0.0742 active=0.9136 s_dense=0.00 s_pos=0.0000 s_sel=0.0000 s_sel_pos=0.0000 s_hot_err=0.000000 s_bg_err=0.000000 s_gap=0.000000 conf_cos=0.0000 conf_proj=0.00 val_mse=0.43447192 val_mae=0.47240785 | p_pos=0.0000 p_dense=0.00 p_sel=0.0000 p_sel_pos=0.0000 p_hot_err=0.000000 p_bg_err=0.000000 p_gap=0.000000 peer_val_mse=0.27409283 peer_val_mae=0.34221312
[worker2/etth1_all_methods_long_v2] [time_series][epoch 045] lambda=0.0002 g_scale=0.000 train_total=0.08318813 train_sup=0.08314968 train_imit=0.18096278 mean_w=0.0745 active=0.9158 s_dense=0.00 s_pos=0.0000 s_sel=0.0000 s_sel_pos=0.0000 s_hot_err=0.000000 s_bg_err=0.000000 s_gap=0.000000 conf_cos=0.0000 conf_proj=0.00 val_mse=0.43994230 val_mae=0.47836078 | p_pos=0.0000 p_dense=0.00 p_sel=0.0000 p_sel_pos=0.0000 p_hot_err=0.000000 p_bg_err=0.000000 p_gap=0.000000 peer_val_mse=0.27383296 peer_val_mae=0.34273489
[worker2/etth1_all_methods_long_v2] [time_series][epoch 046] lambda=0.0002 g_scale=0.000 train_total=0.08240118 train_sup=0.08236691 train_imit=0.18033795 mean_w=0.0749 active=0.9173 s_dense=0.00 s_pos=0.0000 s_sel=0.0000 s_sel_pos=0.0000 s_hot_err=0.000000 s_bg_err=0.000000 s_gap=0.000000 conf_cos=0.0000 conf_proj=0.00 val_mse=0.42104820 val_mae=0.46052384 | p_pos=0.0000 p_dense=0.00 p_sel=0.0000 p_sel_pos=0.0000 p_hot_err=0.000000 p_bg_err=0.000000 p_gap=0.000000 peer_val_mse=0.27409904 peer_val_mae=0.34298405
[worker2/etth1_all_methods_long_v2] [time_series][epoch 047] lambda=0.0002 g_scale=0.000 train_total=0.08189257 train_sup=0.08186244 train_imit=0.17990247 mean_w=0.0750 active=0.9183 s_dense=0.00 s_pos=0.0000 s_sel=0.0000 s_sel_pos=0.0000 s_hot_err=0.000000 s_bg_err=0.000000 s_gap=0.000000 conf_cos=0.0000 conf_proj=0.00 val_mse=0.44461924 val_mae=0.47742314 | p_pos=0.0000 p_dense=0.00 p_sel=0.0000 p_sel_pos=0.0000 p_hot_err=0.000000 p_bg_err=0.000000 p_gap=0.000000 peer_val_mse=0.27414744 peer_val_mae=0.34356201
[worker2/etth1_all_methods_long_v2] [time_series][epoch 048] lambda=0.0001 g_scale=0.000 train_total=0.08123312 train_sup=0.08120694 train_imit=0.18053147 mean_w=0.0753 active=0.9174 s_dense=0.00 s_pos=0.0000 s_sel=0.0000 s_sel_pos=0.0000 s_hot_err=0.000000 s_bg_err=0.000000 s_gap=0.000000 conf_cos=0.0000 conf_proj=0.00 val_mse=0.40593479 val_mae=0.44651273 | p_pos=0.0000 p_dense=0.00 p_sel=0.0000 p_sel_pos=0.0000 p_hot_err=0.000000 p_bg_err=0.000000 p_gap=0.000000 peer_val_mse=0.27268959 peer_val_mae=0.34093095
[worker2/etth1_all_methods_long_v2] [time_series][epoch 049] lambda=0.0001 g_scale=0.000 train_total=0.08033879 train_sup=0.08031664 train_imit=0.18080408 mean_w=0.0758 active=0.9247 s_dense=0.00 s_pos=0.0000 s_sel=0.0000 s_sel_pos=0.0000 s_hot_err=0.000000 s_bg_err=0.000000 s_gap=0.000000 conf_cos=0.0000 conf_proj=0.00 val_mse=0.43332877 val_mae=0.47053848 | p_pos=0.0000 p_dense=0.00 p_sel=0.0000 p_sel_pos=0.0000 p_hot_err=0.000000 p_bg_err=0.000000 p_gap=0.000000 peer_val_mse=0.27230167 peer_val_mae=0.34058031
[worker2/etth1_all_methods_long_v2] [time_series][epoch 050] lambda=0.0001 g_scale=0.000 train_total=0.07983285 train_sup=0.07981469 train_imit=0.18159871 mean_w=0.0761 active=0.9260 s_dense=0.00 s_pos=0.0000 s_sel=0.0000 s_sel_pos=0.0000 s_hot_err=0.000000 s_bg_err=0.000000 s_gap=0.000000 conf_cos=0.0000 conf_proj=0.00 val_mse=0.42946976 val_mae=0.46621847 | p_pos=0.0000 p_dense=0.00 p_sel=0.0000 p_sel_pos=0.0000 p_hot_err=0.000000 p_bg_err=0.000000 p_gap=0.000000 peer_val_mse=0.27328518 peer_val_mae=0.34128945
[worker2/etth1_all_methods_long_v2] [time_series][epoch 050] updated live plot
[worker2/etth1_all_methods_long_v2] [time_series][epoch 051] lambda=0.0001 g_scale=0.000 train_total=0.08004583 train_sup=0.08002769 train_imit=0.18145629 mean_w=0.0759 active=0.9244 s_dense=0.00 s_pos=0.0000 s_sel=0.0000 s_sel_pos=0.0000 s_hot_err=0.000000 s_bg_err=0.000000 s_gap=0.000000 conf_cos=0.0000 conf_proj=0.00 val_mse=0.41980271 val_mae=0.46514461 | p_pos=0.0000 p_dense=0.00 p_sel=0.0000 p_sel_pos=0.0000 p_hot_err=0.000000 p_bg_err=0.000000 p_gap=0.000000 peer_val_mse=0.27741094 peer_val_mae=0.34886413
[worker2/etth1_all_methods_long_v2] [time_series][epoch 052] lambda=0.0001 g_scale=0.000 train_total=0.07909539 train_sup=0.07907728 train_imit=0.18109857 mean_w=0.0764 active=0.9285 s_dense=0.00 s_pos=0.0000 s_sel=0.0000 s_sel_pos=0.0000 s_hot_err=0.000000 s_bg_err=0.000000 s_gap=0.000000 conf_cos=0.0000 conf_proj=0.00 val_mse=0.41252645 val_mae=0.45798078 | p_pos=0.0000 p_dense=0.00 p_sel=0.0000 p_sel_pos=0.0000 p_hot_err=0.000000 p_bg_err=0.000000 p_gap=0.000000 peer_val_mse=0.27437360 peer_val_mae=0.34382242
[worker2/etth1_all_methods_long_v2] [time_series][epoch 053] lambda=0.0001 g_scale=0.000 train_total=0.07943842 train_sup=0.07942041 train_imit=0.18012389 mean_w=0.0762 active=0.9252 s_dense=0.00 s_pos=0.0000 s_sel=0.0000 s_sel_pos=0.0000 s_hot_err=0.000000 s_bg_err=0.000000 s_gap=0.000000 conf_cos=0.0000 conf_proj=0.00 val_mse=0.41568880 val_mae=0.45916007 | p_pos=0.0000 p_dense=0.00 p_sel=0.0000 p_sel_pos=0.0000 p_hot_err=0.000000 p_bg_err=0.000000 p_gap=0.000000 peer_val_mse=0.27683230 peer_val_mae=0.34682757
[worker2/etth1_all_methods_long_v2] [time_series][epoch 054] lambda=0.0001 g_scale=0.000 train_total=0.07869416 train_sup=0.07867610 train_imit=0.18059854 mean_w=0.0765 active=0.9289 s_dense=0.00 s_pos=0.0000 s_sel=0.0000 s_sel_pos=0.0000 s_hot_err=0.000000 s_bg_err=0.000000 s_gap=0.000000 conf_cos=0.0000 conf_proj=0.00 val_mse=0.40400777 val_mae=0.45364486 | p_pos=0.0000 p_dense=0.00 p_sel=0.0000 p_sel_pos=0.0000 p_hot_err=0.000000 p_bg_err=0.000000 p_gap=0.000000 peer_val_mse=0.27510294 peer_val_mae=0.34518057
[worker2/etth1_all_methods_long_v2] [time_series][epoch 055] lambda=0.0001 g_scale=0.000 train_total=0.07855014 train_sup=0.07853206 train_imit=0.18077322 mean_w=0.0766 active=0.9299 s_dense=0.00 s_pos=0.0000 s_sel=0.0000 s_sel_pos=0.0000 s_hot_err=0.000000 s_bg_err=0.000000 s_gap=0.000000 conf_cos=0.0000 conf_proj=0.00 val_mse=0.41151243 val_mae=0.45668190 | p_pos=0.0000 p_dense=0.00 p_sel=0.0000 p_sel_pos=0.0000 p_hot_err=0.000000 p_bg_err=0.000000 p_gap=0.000000 peer_val_mse=0.27931657 peer_val_mae=0.35166702
[worker2/etth1_all_methods_long_v2] [time_series][epoch 056] lambda=0.0001 g_scale=0.000 train_total=0.07782634 train_sup=0.07780831 train_imit=0.18025946 mean_w=0.0770 active=0.9318 s_dense=0.00 s_pos=0.0000 s_sel=0.0000 s_sel_pos=0.0000 s_hot_err=0.000000 s_bg_err=0.000000 s_gap=0.000000 conf_cos=0.0000 conf_proj=0.00 val_mse=0.43482754 val_mae=0.47280923 | p_pos=0.0000 p_dense=0.00 p_sel=0.0000 p_sel_pos=0.0000 p_hot_err=0.000000 p_bg_err=0.000000 p_gap=0.000000 peer_val_mse=0.27353410 peer_val_mae=0.34222602
[worker2/etth1_all_methods_long_v2] [time_series][epoch 057] lambda=0.0001 g_scale=0.000 train_total=0.07791307 train_sup=0.07789488 train_imit=0.18192776 mean_w=0.0768 active=0.9299 s_dense=0.00 s_pos=0.0000 s_sel=0.0000 s_sel_pos=0.0000 s_hot_err=0.000000 s_bg_err=0.000000 s_gap=0.000000 conf_cos=0.0000 conf_proj=0.00 val_mse=0.42692180 val_mae=0.46677387 | p_pos=0.0000 p_dense=0.00 p_sel=0.0000 p_sel_pos=0.0000 p_hot_err=0.000000 p_bg_err=0.000000 p_gap=0.000000 peer_val_mse=0.27495170 peer_val_mae=0.34453087
[worker2/etth1_all_methods_long_v2] [time_series][epoch 058] lambda=0.0001 g_scale=0.000 train_total=0.07774428 train_sup=0.07772633 train_imit=0.17950112 mean_w=0.0769 active=0.9328 s_dense=0.00 s_pos=0.0000 s_sel=0.0000 s_sel_pos=0.0000 s_hot_err=0.000000 s_bg_err=0.000000 s_gap=0.000000 conf_cos=0.0000 conf_proj=0.00 val_mse=0.40625820 val_mae=0.44972923 | p_pos=0.0000 p_dense=0.00 p_sel=0.0000 p_sel_pos=0.0000 p_hot_err=0.000000 p_bg_err=0.000000 p_gap=0.000000 peer_val_mse=0.27378090 peer_val_mae=0.34224019
[worker2/etth1_all_methods_long_v2] [time_series][epoch 059] lambda=0.0001 g_scale=0.000 train_total=0.07698607 train_sup=0.07696805 train_imit=0.18016547 mean_w=0.0773 active=0.9347 s_dense=0.00 s_pos=0.0000 s_sel=0.0000 s_sel_pos=0.0000 s_hot_err=0.000000 s_bg_err=0.000000 s_gap=0.000000 conf_cos=0.0000 conf_proj=0.00 val_mse=0.40709921 val_mae=0.45311503 | p_pos=0.0000 p_dense=0.00 p_sel=0.0000 p_sel_pos=0.0000 p_hot_err=0.000000 p_bg_err=0.000000 p_gap=0.000000 peer_val_mse=0.27275358 peer_val_mae=0.34171333
[worker2/etth1_all_methods_long_v2] [time_series][epoch 060] lambda=0.0001 g_scale=0.000 train_total=0.07691036 train_sup=0.07689231 train_imit=0.18051381 mean_w=0.0773 active=0.9338 s_dense=0.00 s_pos=0.0000 s_sel=0.0000 s_sel_pos=0.0000 s_hot_err=0.000000 s_bg_err=0.000000 s_gap=0.000000 conf_cos=0.0000 conf_proj=0.00 val_mse=0.41856769 val_mae=0.45970883 | p_pos=0.0000 p_dense=0.00 p_sel=0.0000 p_sel_pos=0.0000 p_hot_err=0.000000 p_bg_err=0.000000 p_gap=0.000000 peer_val_mse=0.27268606 peer_val_mae=0.34045975
[worker2/etth1_all_methods_long_v2] [time_series][epoch 060] updated live plot
[worker2/etth1_all_methods_long_v2] [time_series][epoch 061] lambda=0.0001 g_scale=0.000 train_total=0.07595625 train_sup=0.07593818 train_imit=0.18077453 mean_w=0.0779 active=0.9383 s_dense=0.00 s_pos=0.0000 s_sel=0.0000 s_sel_pos=0.0000 s_hot_err=0.000000 s_bg_err=0.000000 s_gap=0.000000 conf_cos=0.0000 conf_proj=0.00 val_mse=0.44049001 val_mae=0.47318924 | p_pos=0.0000 p_dense=0.00 p_sel=0.0000 p_sel_pos=0.0000 p_hot_err=0.000000 p_bg_err=0.000000 p_gap=0.000000 peer_val_mse=0.27293304 peer_val_mae=0.34060339
[worker2/etth1_all_methods_long_v2] [time_series][epoch 062] lambda=0.0001 g_scale=0.000 train_total=0.07571990 train_sup=0.07570190 train_imit=0.17997716 mean_w=0.0780 active=0.9380 s_dense=0.00 s_pos=0.0000 s_sel=0.0000 s_sel_pos=0.0000 s_hot_err=0.000000 s_bg_err=0.000000 s_gap=0.000000 conf_cos=0.0000 conf_proj=0.00 val_mse=0.43957233 val_mae=0.46742982 | p_pos=0.0000 p_dense=0.00 p_sel=0.0000 p_sel_pos=0.0000 p_hot_err=0.000000 p_bg_err=0.000000 p_gap=0.000000 peer_val_mse=0.27282323 peer_val_mae=0.34167356
[worker2/etth1_all_methods_long_v2] [time_series][epoch 063] lambda=0.0001 g_scale=0.000 train_total=0.07527893 train_sup=0.07526091 train_imit=0.18020015 mean_w=0.0779 active=0.9380 s_dense=0.00 s_pos=0.0000 s_sel=0.0000 s_sel_pos=0.0000 s_hot_err=0.000000 s_bg_err=0.000000 s_gap=0.000000 conf_cos=0.0000 conf_proj=0.00 val_mse=0.42366642 val_mae=0.46481736 | p_pos=0.0000 p_dense=0.00 p_sel=0.0000 p_sel_pos=0.0000 p_hot_err=0.000000 p_bg_err=0.000000 p_gap=0.000000 peer_val_mse=0.27904563 peer_val_mae=0.35207609
[worker2/etth1_all_methods_long_v2] [time_series][epoch 064] lambda=0.0001 g_scale=0.000 train_total=0.07534818 train_sup=0.07533018 train_imit=0.17998378 mean_w=0.0782 active=0.9407 s_dense=0.00 s_pos=0.0000 s_sel=0.0000 s_sel_pos=0.0000 s_hot_err=0.000000 s_bg_err=0.000000 s_gap=0.000000 conf_cos=0.0000 conf_proj=0.00 val_mse=0.44070026 val_mae=0.47567105 | p_pos=0.0000 p_dense=0.00 p_sel=0.0000 p_sel_pos=0.0000 p_hot_err=0.000000 p_bg_err=0.000000 p_gap=0.000000 peer_val_mse=0.27607079 peer_val_mae=0.34582688
[worker2/etth1_all_methods_long_v2] [time_series][epoch 065] lambda=0.0001 g_scale=0.000 train_total=0.07539760 train_sup=0.07537956 train_imit=0.18032942 mean_w=0.0780 active=0.9388 s_dense=0.00 s_pos=0.0000 s_sel=0.0000 s_sel_pos=0.0000 s_hot_err=0.000000 s_bg_err=0.000000 s_gap=0.000000 conf_cos=0.0000 conf_proj=0.00 val_mse=0.41406157 val_mae=0.44709641 | p_pos=0.0000 p_dense=0.00 p_sel=0.0000 p_sel_pos=0.0000 p_hot_err=0.000000 p_bg_err=0.000000 p_gap=0.000000 peer_val_mse=0.27351699 peer_val_mae=0.34362032
[worker2/etth1_all_methods_long_v2] [time_series][epoch 066] lambda=0.0001 g_scale=0.000 train_total=0.07464843 train_sup=0.07463045 train_imit=0.17978994 mean_w=0.0783 active=0.9399 s_dense=0.00 s_pos=0.0000 s_sel=0.0000 s_sel_pos=0.0000 s_hot_err=0.000000 s_bg_err=0.000000 s_gap=0.000000 conf_cos=0.0000 conf_proj=0.00 val_mse=0.45346412 val_mae=0.48217681 | p_pos=0.0000 p_dense=0.00 p_sel=0.0000 p_sel_pos=0.0000 p_hot_err=0.000000 p_bg_err=0.000000 p_gap=0.000000 peer_val_mse=0.27707209 peer_val_mae=0.34785123
[worker2/etth1_all_methods_long_v2] [time_series][epoch 067] lambda=0.0001 g_scale=0.000 train_total=0.07499393 train_sup=0.07497588 train_imit=0.18045529 mean_w=0.0783 active=0.9401 s_dense=0.00 s_pos=0.0000 s_sel=0.0000 s_sel_pos=0.0000 s_hot_err=0.000000 s_bg_err=0.000000 s_gap=0.000000 conf_cos=0.0000 conf_proj=0.00 val_mse=0.41292015 val_mae=0.45467671 | p_pos=0.0000 p_dense=0.00 p_sel=0.0000 p_sel_pos=0.0000 p_hot_err=0.000000 p_bg_err=0.000000 p_gap=0.000000 peer_val_mse=0.27315312 peer_val_mae=0.34069926
[worker2/etth1_all_methods_long_v2] [time_series][epoch 068] lambda=0.0001 g_scale=0.000 train_total=0.07412691 train_sup=0.07410888 train_imit=0.18035531 mean_w=0.0785 active=0.9431 s_dense=0.00 s_pos=0.0000 s_sel=0.0000 s_sel_pos=0.0000 s_hot_err=0.000000 s_bg_err=0.000000 s_gap=0.000000 conf_cos=0.0000 conf_proj=0.00 val_mse=0.39458165 val_mae=0.44147996 | p_pos=0.0000 p_dense=0.00 p_sel=0.0000 p_sel_pos=0.0000 p_hot_err=0.000000 p_bg_err=0.000000 p_gap=0.000000 peer_val_mse=0.27594541 peer_val_mae=0.34678766
[worker2/etth1_all_methods_long_v2] [time_series][epoch 069] lambda=0.0001 g_scale=0.000 train_total=0.07381835 train_sup=0.07380035 train_imit=0.18007269 mean_w=0.0787 active=0.9436 s_dense=0.00 s_pos=0.0000 s_sel=0.0000 s_sel_pos=0.0000 s_hot_err=0.000000 s_bg_err=0.000000 s_gap=0.000000 conf_cos=0.0000 conf_proj=0.00 val_mse=0.43796327 val_mae=0.47125034 | p_pos=0.0000 p_dense=0.00 p_sel=0.0000 p_sel_pos=0.0000 p_hot_err=0.000000 p_bg_err=0.000000 p_gap=0.000000 peer_val_mse=0.27717039 peer_val_mae=0.34802441
[worker2/etth1_all_methods_long_v2] [time_series][epoch 070] lambda=0.0001 g_scale=0.000 train_total=0.07361766 train_sup=0.07359961 train_imit=0.18049053 mean_w=0.0788 active=0.9415 s_dense=0.00 s_pos=0.0000 s_sel=0.0000 s_sel_pos=0.0000 s_hot_err=0.000000 s_bg_err=0.000000 s_gap=0.000000 conf_cos=0.0000 conf_proj=0.00 val_mse=0.40701337 val_mae=0.45127866 | p_pos=0.0000 p_dense=0.00 p_sel=0.0000 p_sel_pos=0.0000 p_hot_err=0.000000 p_bg_err=0.000000 p_gap=0.000000 peer_val_mse=0.27412475 peer_val_mae=0.34270608
[worker2/etth1_all_methods_long_v2] [time_series][epoch 070] updated live plot
[worker2/etth1_all_methods_long_v2] [time_series][epoch 071] lambda=0.0001 g_scale=0.000 train_total=0.07354855 train_sup=0.07353054 train_imit=0.18013334 mean_w=0.0789 active=0.9429 s_dense=0.00 s_pos=0.0000 s_sel=0.0000 s_sel_pos=0.0000 s_hot_err=0.000000 s_bg_err=0.000000 s_gap=0.000000 conf_cos=0.0000 conf_proj=0.00 val_mse=0.43145764 val_mae=0.46685291 | p_pos=0.0000 p_dense=0.00 p_sel=0.0000 p_sel_pos=0.0000 p_hot_err=0.000000 p_bg_err=0.000000 p_gap=0.000000 peer_val_mse=0.27426457 peer_val_mae=0.34281756
[worker2/etth1_all_methods_long_v2] [time_series][epoch 072] lambda=0.0001 g_scale=0.000 train_total=0.07307721 train_sup=0.07305917 train_imit=0.18035625 mean_w=0.0790 active=0.9450 s_dense=0.00 s_pos=0.0000 s_sel=0.0000 s_sel_pos=0.0000 s_hot_err=0.000000 s_bg_err=0.000000 s_gap=0.000000 conf_cos=0.0000 conf_proj=0.00 val_mse=0.44495555 val_mae=0.47683812 | p_pos=0.0000 p_dense=0.00 p_sel=0.0000 p_sel_pos=0.0000 p_hot_err=0.000000 p_bg_err=0.000000 p_gap=0.000000 peer_val_mse=0.27326105 peer_val_mae=0.34319571
[worker2/etth1_all_methods_long_v2] [time_series][epoch 073] lambda=0.0001 g_scale=0.000 train_total=0.07260136 train_sup=0.07258344 train_imit=0.17922917 mean_w=0.0795 active=0.9466 s_dense=0.00 s_pos=0.0000 s_sel=0.0000 s_sel_pos=0.0000 s_hot_err=0.000000 s_bg_err=0.000000 s_gap=0.000000 conf_cos=0.0000 conf_proj=0.00 val_mse=0.41029578 val_mae=0.44794922 | p_pos=0.0000 p_dense=0.00 p_sel=0.0000 p_sel_pos=0.0000 p_hot_err=0.000000 p_bg_err=0.000000 p_gap=0.000000 peer_val_mse=0.27450401 peer_val_mae=0.34458235
[worker2/etth1_all_methods_long_v2] [time_series][epoch 074] lambda=0.0001 g_scale=0.000 train_total=0.07255805 train_sup=0.07253998 train_imit=0.18071222 mean_w=0.0795 active=0.9444 s_dense=0.00 s_pos=0.0000 s_sel=0.0000 s_sel_pos=0.0000 s_hot_err=0.000000 s_bg_err=0.000000 s_gap=0.000000 conf_cos=0.0000 conf_proj=0.00 val_mse=0.42559018 val_mae=0.46490470 | p_pos=0.0000 p_dense=0.00 p_sel=0.0000 p_sel_pos=0.0000 p_hot_err=0.000000 p_bg_err=0.000000 p_gap=0.000000 peer_val_mse=0.27436727 peer_val_mae=0.34294081
[worker2/etth1_all_methods_long_v2] [time_series][epoch 075] lambda=0.0001 g_scale=0.000 train_total=0.07177379 train_sup=0.07175572 train_imit=0.18065370 mean_w=0.0797 active=0.9477 s_dense=0.00 s_pos=0.0000 s_sel=0.0000 s_sel_pos=0.0000 s_hot_err=0.000000 s_bg_err=0.000000 s_gap=0.000000 conf_cos=0.0000 conf_proj=0.00 val_mse=0.44975680 val_mae=0.47402389 | p_pos=0.0000 p_dense=0.00 p_sel=0.0000 p_sel_pos=0.0000 p_hot_err=0.000000 p_bg_err=0.000000 p_gap=0.000000 peer_val_mse=0.27439008 peer_val_mae=0.34335715
[worker2/etth1_all_methods_long_v2] [time_series][epoch 076] lambda=0.0001 g_scale=0.000 train_total=0.07248584 train_sup=0.07246774 train_imit=0.18100833 mean_w=0.0795 active=0.9455 s_dense=0.00 s_pos=0.0000 s_sel=0.0000 s_sel_pos=0.0000 s_hot_err=0.000000 s_bg_err=0.000000 s_gap=0.000000 conf_cos=0.0000 conf_proj=0.00 val_mse=0.44858980 val_mae=0.47616540 | p_pos=0.0000 p_dense=0.00 p_sel=0.0000 p_sel_pos=0.0000 p_hot_err=0.000000 p_bg_err=0.000000 p_gap=0.000000 peer_val_mse=0.27604716 peer_val_mae=0.34569103
[worker2/etth1_all_methods_long_v2] [time_series][epoch 077] lambda=0.0001 g_scale=0.000 train_total=0.07183794 train_sup=0.07181985 train_imit=0.18090363 mean_w=0.0796 active=0.9498 s_dense=0.00 s_pos=0.0000 s_sel=0.0000 s_sel_pos=0.0000 s_hot_err=0.000000 s_bg_err=0.000000 s_gap=0.000000 conf_cos=0.0000 conf_proj=0.00 val_mse=0.43137406 val_mae=0.46586097 | p_pos=0.0000 p_dense=0.00 p_sel=0.0000 p_sel_pos=0.0000 p_hot_err=0.000000 p_bg_err=0.000000 p_gap=0.000000 peer_val_mse=0.27435453 peer_val_mae=0.34177999
[worker2/etth1_all_methods_long_v2] [time_series][epoch 078] lambda=0.0001 g_scale=0.000 train_total=0.07169460 train_sup=0.07167645 train_imit=0.18147949 mean_w=0.0797 active=0.9491 s_dense=0.00 s_pos=0.0000 s_sel=0.0000 s_sel_pos=0.0000 s_hot_err=0.000000 s_bg_err=0.000000 s_gap=0.000000 conf_cos=0.0000 conf_proj=0.00 val_mse=0.45788804 val_mae=0.48664945 | p_pos=0.0000 p_dense=0.00 p_sel=0.0000 p_sel_pos=0.0000 p_hot_err=0.000000 p_bg_err=0.000000 p_gap=0.000000 peer_val_mse=0.27686316 peer_val_mae=0.34838197
[worker2/etth1_all_methods_long_v2] [time_series][epoch 079] lambda=0.0001 g_scale=0.000 train_total=0.07167844 train_sup=0.07166044 train_imit=0.17997306 mean_w=0.0796 active=0.9484 s_dense=0.00 s_pos=0.0000 s_sel=0.0000 s_sel_pos=0.0000 s_hot_err=0.000000 s_bg_err=0.000000 s_gap=0.000000 conf_cos=0.0000 conf_proj=0.00 val_mse=0.44058079 val_mae=0.47075041 | p_pos=0.0000 p_dense=0.00 p_sel=0.0000 p_sel_pos=0.0000 p_hot_err=0.000000 p_bg_err=0.000000 p_gap=0.000000 peer_val_mse=0.27256622 peer_val_mae=0.34071259
[worker2/etth1_all_methods_long_v2] [time_series][epoch 080] lambda=0.0001 g_scale=0.000 train_total=0.07147917 train_sup=0.07146121 train_imit=0.17964356 mean_w=0.0798 active=0.9520 s_dense=0.00 s_pos=0.0000 s_sel=0.0000 s_sel_pos=0.0000 s_hot_err=0.000000 s_bg_err=0.000000 s_gap=0.000000 conf_cos=0.0000 conf_proj=0.00 val_mse=0.43072738 val_mae=0.46222303 | p_pos=0.0000 p_dense=0.00 p_sel=0.0000 p_sel_pos=0.0000 p_hot_err=0.000000 p_bg_err=0.000000 p_gap=0.000000 peer_val_mse=0.27601010 peer_val_mae=0.34426064
[worker2/etth1_all_methods_long_v2] [time_series][epoch 080] updated live plot
[worker2/etth1_all_methods_long_v2] [time_series][epoch 081] lambda=0.0001 g_scale=0.000 train_total=0.07147429 train_sup=0.07145613 train_imit=0.18156692 mean_w=0.0799 active=0.9480 s_dense=0.00 s_pos=0.0000 s_sel=0.0000 s_sel_pos=0.0000 s_hot_err=0.000000 s_bg_err=0.000000 s_gap=0.000000 conf_cos=0.0000 conf_proj=0.00 val_mse=0.42149180 val_mae=0.45679673 | p_pos=0.0000 p_dense=0.00 p_sel=0.0000 p_sel_pos=0.0000 p_hot_err=0.000000 p_bg_err=0.000000 p_gap=0.000000 peer_val_mse=0.27376104 peer_val_mae=0.34333580
[worker2/etth1_all_methods_long_v2] [time_series][epoch 082] lambda=0.0001 g_scale=0.000 train_total=0.07079703 train_sup=0.07077898 train_imit=0.18049690 mean_w=0.0802 active=0.9521 s_dense=0.00 s_pos=0.0000 s_sel=0.0000 s_sel_pos=0.0000 s_hot_err=0.000000 s_bg_err=0.000000 s_gap=0.000000 conf_cos=0.0000 conf_proj=0.00 val_mse=0.40594084 val_mae=0.45119010 | p_pos=0.0000 p_dense=0.00 p_sel=0.0000 p_sel_pos=0.0000 p_hot_err=0.000000 p_bg_err=0.000000 p_gap=0.000000 peer_val_mse=0.27472292 peer_val_mae=0.34354606
[worker2/etth1_all_methods_long_v2] [time_series][epoch 083] lambda=0.0001 g_scale=0.000 train_total=0.07045108 train_sup=0.07043299 train_imit=0.18089934 mean_w=0.0804 active=0.9506 s_dense=0.00 s_pos=0.0000 s_sel=0.0000 s_sel_pos=0.0000 s_hot_err=0.000000 s_bg_err=0.000000 s_gap=0.000000 conf_cos=0.0000 conf_proj=0.00 val_mse=0.43102532 val_mae=0.46214294 | p_pos=0.0000 p_dense=0.00 p_sel=0.0000 p_sel_pos=0.0000 p_hot_err=0.000000 p_bg_err=0.000000 p_gap=0.000000 peer_val_mse=0.27205616 peer_val_mae=0.34002482
[worker2/etth1_all_methods_long_v2] [time_series][epoch 084] lambda=0.0001 g_scale=0.000 train_total=0.07110183 train_sup=0.07108380 train_imit=0.18034119 mean_w=0.0800 active=0.9515 s_dense=0.00 s_pos=0.0000 s_sel=0.0000 s_sel_pos=0.0000 s_hot_err=0.000000 s_bg_err=0.000000 s_gap=0.000000 conf_cos=0.0000 conf_proj=0.00 val_mse=0.42650572 val_mae=0.46090318 | p_pos=0.0000 p_dense=0.00 p_sel=0.0000 p_sel_pos=0.0000 p_hot_err=0.000000 p_bg_err=0.000000 p_gap=0.000000 peer_val_mse=0.27441308 peer_val_mae=0.34301441
[worker2/etth1_all_methods_long_v2] [time_series][epoch 085] lambda=0.0001 g_scale=0.000 train_total=0.06989338 train_sup=0.06987538 train_imit=0.17998529 mean_w=0.0806 active=0.9534 s_dense=0.00 s_pos=0.0000 s_sel=0.0000 s_sel_pos=0.0000 s_hot_err=0.000000 s_bg_err=0.000000 s_gap=0.000000 conf_cos=0.0000 conf_proj=0.00 val_mse=0.44103329 val_mae=0.46954161 | p_pos=0.0000 p_dense=0.00 p_sel=0.0000 p_sel_pos=0.0000 p_hot_err=0.000000 p_bg_err=0.000000 p_gap=0.000000 peer_val_mse=0.27602077 peer_val_mae=0.34693821
[worker2/etth1_all_methods_long_v2] [time_series][epoch 086] lambda=0.0001 g_scale=0.000 train_total=0.06969790 train_sup=0.06967992 train_imit=0.17978764 mean_w=0.0807 active=0.9551 s_dense=0.00 s_pos=0.0000 s_sel=0.0000 s_sel_pos=0.0000 s_hot_err=0.000000 s_bg_err=0.000000 s_gap=0.000000 conf_cos=0.0000 conf_proj=0.00 val_mse=0.42956457 val_mae=0.46516510 | p_pos=0.0000 p_dense=0.00 p_sel=0.0000 p_sel_pos=0.0000 p_hot_err=0.000000 p_bg_err=0.000000 p_gap=0.000000 peer_val_mse=0.27257131 peer_val_mae=0.34104402
[worker2/etth1_all_methods_long_v2] [time_series][epoch 087] lambda=0.0001 g_scale=0.000 train_total=0.06977708 train_sup=0.06975904 train_imit=0.18043023 mean_w=0.0806 active=0.9535 s_dense=0.00 s_pos=0.0000 s_sel=0.0000 s_sel_pos=0.0000 s_hot_err=0.000000 s_bg_err=0.000000 s_gap=0.000000 conf_cos=0.0000 conf_proj=0.00 val_mse=0.43979306 val_mae=0.47058511 | p_pos=0.0000 p_dense=0.00 p_sel=0.0000 p_sel_pos=0.0000 p_hot_err=0.000000 p_bg_err=0.000000 p_gap=0.000000 peer_val_mse=0.27506283 peer_val_mae=0.34438052
[worker2/etth1_all_methods_long_v2] [time_series][epoch 088] lambda=0.0001 g_scale=0.000 train_total=0.06982650 train_sup=0.06980839 train_imit=0.18109397 mean_w=0.0805 active=0.9552 s_dense=0.00 s_pos=0.0000 s_sel=0.0000 s_sel_pos=0.0000 s_hot_err=0.000000 s_bg_err=0.000000 s_gap=0.000000 conf_cos=0.0000 conf_proj=0.00 val_mse=0.43581941 val_mae=0.46907054 | p_pos=0.0000 p_dense=0.00 p_sel=0.0000 p_sel_pos=0.0000 p_hot_err=0.000000 p_bg_err=0.000000 p_gap=0.000000 peer_val_mse=0.27792141 peer_val_mae=0.34958285
[worker2/etth1_all_methods_long_v2] [time_series][epoch 089] lambda=0.0001 g_scale=0.000 train_total=0.06947397 train_sup=0.06945606 train_imit=0.17906080 mean_w=0.0811 active=0.9552 s_dense=0.00 s_pos=0.0000 s_sel=0.0000 s_sel_pos=0.0000 s_hot_err=0.000000 s_bg_err=0.000000 s_gap=0.000000 conf_cos=0.0000 conf_proj=0.00 val_mse=0.43865947 val_mae=0.46904572 | p_pos=0.0000 p_dense=0.00 p_sel=0.0000 p_sel_pos=0.0000 p_hot_err=0.000000 p_bg_err=0.000000 p_gap=0.000000 peer_val_mse=0.27471355 peer_val_mae=0.34462111
[worker2/etth1_all_methods_long_v2] [time_series][epoch 090] lambda=0.0001 g_scale=0.000 train_total=0.06917716 train_sup=0.06915912 train_imit=0.18046447 mean_w=0.0809 active=0.9554 s_dense=0.00 s_pos=0.0000 s_sel=0.0000 s_sel_pos=0.0000 s_hot_err=0.000000 s_bg_err=0.000000 s_gap=0.000000 conf_cos=0.0000 conf_proj=0.00 val_mse=0.42992199 val_mae=0.46160287 | p_pos=0.0000 p_dense=0.00 p_sel=0.0000 p_sel_pos=0.0000 p_hot_err=0.000000 p_bg_err=0.000000 p_gap=0.000000 peer_val_mse=0.27550894 peer_val_mae=0.34483530
[worker2/etth1_all_methods_long_v2] [time_series][epoch 090] updated live plot
[worker2/etth1_all_methods_long_v2] [time_series][epoch 091] lambda=0.0001 g_scale=0.000 train_total=0.06932560 train_sup=0.06930761 train_imit=0.17990841 mean_w=0.0808 active=0.9555 s_dense=0.00 s_pos=0.0000 s_sel=0.0000 s_sel_pos=0.0000 s_hot_err=0.000000 s_bg_err=0.000000 s_gap=0.000000 conf_cos=0.0000 conf_proj=0.00 val_mse=0.40403705 val_mae=0.44416899 | p_pos=0.0000 p_dense=0.00 p_sel=0.0000 p_sel_pos=0.0000 p_hot_err=0.000000 p_bg_err=0.000000 p_gap=0.000000 peer_val_mse=0.27530942 peer_val_mae=0.34681551
[worker2/etth1_all_methods_long_v2] [time_series][epoch 092] lambda=0.0001 g_scale=0.000 train_total=0.06859122 train_sup=0.06857318 train_imit=0.18042119 mean_w=0.0811 active=0.9564 s_dense=0.00 s_pos=0.0000 s_sel=0.0000 s_sel_pos=0.0000 s_hot_err=0.000000 s_bg_err=0.000000 s_gap=0.000000 conf_cos=0.0000 conf_proj=0.00 val_mse=0.41395294 val_mae=0.45410941 | p_pos=0.0000 p_dense=0.00 p_sel=0.0000 p_sel_pos=0.0000 p_hot_err=0.000000 p_bg_err=0.000000 p_gap=0.000000 peer_val_mse=0.27461316 peer_val_mae=0.34351177
[worker2/etth1_all_methods_long_v2] [time_series][epoch 093] lambda=0.0001 g_scale=0.000 train_total=0.06867122 train_sup=0.06865321 train_imit=0.18011223 mean_w=0.0812 active=0.9559 s_dense=0.00 s_pos=0.0000 s_sel=0.0000 s_sel_pos=0.0000 s_hot_err=0.000000 s_bg_err=0.000000 s_gap=0.000000 conf_cos=0.0000 conf_proj=0.00 val_mse=0.43352879 val_mae=0.46750586 | p_pos=0.0000 p_dense=0.00 p_sel=0.0000 p_sel_pos=0.0000 p_hot_err=0.000000 p_bg_err=0.000000 p_gap=0.000000 peer_val_mse=0.27662056 peer_val_mae=0.34603856
[worker2/etth1_all_methods_long_v2] [time_series][epoch 094] lambda=0.0001 g_scale=0.000 train_total=0.06883381 train_sup=0.06881575 train_imit=0.18060258 mean_w=0.0810 active=0.9557 s_dense=0.00 s_pos=0.0000 s_sel=0.0000 s_sel_pos=0.0000 s_hot_err=0.000000 s_bg_err=0.000000 s_gap=0.000000 conf_cos=0.0000 conf_proj=0.00 val_mse=0.42571019 val_mae=0.46528584 | p_pos=0.0000 p_dense=0.00 p_sel=0.0000 p_sel_pos=0.0000 p_hot_err=0.000000 p_bg_err=0.000000 p_gap=0.000000 peer_val_mse=0.27435082 peer_val_mae=0.34367819
[worker2/etth1_all_methods_long_v2] [time_series][epoch 095] lambda=0.0001 g_scale=0.000 train_total=0.06830016 train_sup=0.06828208 train_imit=0.18078800 mean_w=0.0813 active=0.9555 s_dense=0.00 s_pos=0.0000 s_sel=0.0000 s_sel_pos=0.0000 s_hot_err=0.000000 s_bg_err=0.000000 s_gap=0.000000 conf_cos=0.0000 conf_proj=0.00 val_mse=0.40897418 val_mae=0.45097959 | p_pos=0.0000 p_dense=0.00 p_sel=0.0000 p_sel_pos=0.0000 p_hot_err=0.000000 p_bg_err=0.000000 p_gap=0.000000 peer_val_mse=0.27740665 peer_val_mae=0.34979066
[worker2/etth1_all_methods_long_v2] [time_series][epoch 096] lambda=0.0001 g_scale=0.000 train_total=0.06805992 train_sup=0.06804187 train_imit=0.18055325 mean_w=0.0815 active=0.9588 s_dense=0.00 s_pos=0.0000 s_sel=0.0000 s_sel_pos=0.0000 s_hot_err=0.000000 s_bg_err=0.000000 s_gap=0.000000 conf_cos=0.0000 conf_proj=0.00 val_mse=0.43923883 val_mae=0.46988177 | p_pos=0.0000 p_dense=0.00 p_sel=0.0000 p_sel_pos=0.0000 p_hot_err=0.000000 p_bg_err=0.000000 p_gap=0.000000 peer_val_mse=0.27492211 peer_val_mae=0.34530581
[worker2/etth1_all_methods_long_v2] [time_series][epoch 097] lambda=0.0001 g_scale=0.000 train_total=0.06786323 train_sup=0.06784521 train_imit=0.18017478 mean_w=0.0815 active=0.9591 s_dense=0.00 s_pos=0.0000 s_sel=0.0000 s_sel_pos=0.0000 s_hot_err=0.000000 s_bg_err=0.000000 s_gap=0.000000 conf_cos=0.0000 conf_proj=0.00 val_mse=0.42383249 val_mae=0.46137411 | p_pos=0.0000 p_dense=0.00 p_sel=0.0000 p_sel_pos=0.0000 p_hot_err=0.000000 p_bg_err=0.000000 p_gap=0.000000 peer_val_mse=0.27336413 peer_val_mae=0.34188004
[worker2/etth1_all_methods_long_v2] [time_series][epoch 098] lambda=0.0001 g_scale=0.000 train_total=0.06761514 train_sup=0.06759712 train_imit=0.18015025 mean_w=0.0816 active=0.9580 s_dense=0.00 s_pos=0.0000 s_sel=0.0000 s_sel_pos=0.0000 s_hot_err=0.000000 s_bg_err=0.000000 s_gap=0.000000 conf_cos=0.0000 conf_proj=0.00 val_mse=0.41841855 val_mae=0.45539326 | p_pos=0.0000 p_dense=0.00 p_sel=0.0000 p_sel_pos=0.0000 p_hot_err=0.000000 p_bg_err=0.000000 p_gap=0.000000 peer_val_mse=0.27716203 peer_val_mae=0.34907893
[worker2/etth1_all_methods_long_v2] [time_series][epoch 099] lambda=0.0001 g_scale=0.000 train_total=0.06792691 train_sup=0.06790884 train_imit=0.18075546 mean_w=0.0815 active=0.9581 s_dense=0.00 s_pos=0.0000 s_sel=0.0000 s_sel_pos=0.0000 s_hot_err=0.000000 s_bg_err=0.000000 s_gap=0.000000 conf_cos=0.0000 conf_proj=0.00 val_mse=0.43356310 val_mae=0.46521628 | p_pos=0.0000 p_dense=0.00 p_sel=0.0000 p_sel_pos=0.0000 p_hot_err=0.000000 p_bg_err=0.000000 p_gap=0.000000 peer_val_mse=0.27865068 peer_val_mae=0.35114529
[worker2/etth1_all_methods_long_v2] [time_series][epoch 100] lambda=0.0001 g_scale=0.000 train_total=0.06761319 train_sup=0.06759522 train_imit=0.17967262 mean_w=0.0817 active=0.9593 s_dense=0.00 s_pos=0.0000 s_sel=0.0000 s_sel_pos=0.0000 s_hot_err=0.000000 s_bg_err=0.000000 s_gap=0.000000 conf_cos=0.0000 conf_proj=0.00 val_mse=0.44808617 val_mae=0.47891451 | p_pos=0.0000 p_dense=0.00 p_sel=0.0000 p_sel_pos=0.0000 p_hot_err=0.000000 p_bg_err=0.000000 p_gap=0.000000 peer_val_mse=0.27252570 peer_val_mae=0.34077773
[worker2/etth1_all_methods_long_v2] [time_series][epoch 100] updated live plot
[worker2/etth1_all_methods_long_v2] [time_series][epoch 101] lambda=0.0001 g_scale=0.000 train_total=0.06782147 train_sup=0.06780343 train_imit=0.18037172 mean_w=0.0817 active=0.9593 s_dense=0.00 s_pos=0.0000 s_sel=0.0000 s_sel_pos=0.0000 s_hot_err=0.000000 s_bg_err=0.000000 s_gap=0.000000 conf_cos=0.0000 conf_proj=0.00 val_mse=0.44565270 val_mae=0.47349471 | p_pos=0.0000 p_dense=0.00 p_sel=0.0000 p_sel_pos=0.0000 p_hot_err=0.000000 p_bg_err=0.000000 p_gap=0.000000 peer_val_mse=0.27502454 peer_val_mae=0.34305960
[worker2/etth1_all_methods_long_v2] [time_series][epoch 102] lambda=0.0001 g_scale=0.000 train_total=0.06727909 train_sup=0.06726098 train_imit=0.18111710 mean_w=0.0817 active=0.9588 s_dense=0.00 s_pos=0.0000 s_sel=0.0000 s_sel_pos=0.0000 s_hot_err=0.000000 s_bg_err=0.000000 s_gap=0.000000 conf_cos=0.0000 conf_proj=0.00 val_mse=0.45099571 val_mae=0.47972017 | p_pos=0.0000 p_dense=0.00 p_sel=0.0000 p_sel_pos=0.0000 p_hot_err=0.000000 p_bg_err=0.000000 p_gap=0.000000 peer_val_mse=0.27412576 peer_val_mae=0.34564824
[worker2/etth1_all_methods_long_v2] [time_series][epoch 103] lambda=0.0001 g_scale=0.000 train_total=0.06736148 train_sup=0.06734342 train_imit=0.18066447 mean_w=0.0818 active=0.9595 s_dense=0.00 s_pos=0.0000 s_sel=0.0000 s_sel_pos=0.0000 s_hot_err=0.000000 s_bg_err=0.000000 s_gap=0.000000 conf_cos=0.0000 conf_proj=0.00 val_mse=0.44771543 val_mae=0.47614431 | p_pos=0.0000 p_dense=0.00 p_sel=0.0000 p_sel_pos=0.0000 p_hot_err=0.000000 p_bg_err=0.000000 p_gap=0.000000 peer_val_mse=0.27923327 peer_val_mae=0.35060552
[worker2/etth1_all_methods_long_v2] [time_series][epoch 104] lambda=0.0001 g_scale=0.000 train_total=0.06695077 train_sup=0.06693279 train_imit=0.17982520 mean_w=0.0819 active=0.9612 s_dense=0.00 s_pos=0.0000 s_sel=0.0000 s_sel_pos=0.0000 s_hot_err=0.000000 s_bg_err=0.000000 s_gap=0.000000 conf_cos=0.0000 conf_proj=0.00 val_mse=0.46282757 val_mae=0.48847107 | p_pos=0.0000 p_dense=0.00 p_sel=0.0000 p_sel_pos=0.0000 p_hot_err=0.000000 p_bg_err=0.000000 p_gap=0.000000 peer_val_mse=0.27406915 peer_val_mae=0.34370662
[worker2/etth1_all_methods_long_v2] [time_series][epoch 105] lambda=0.0001 g_scale=0.000 train_total=0.06678018 train_sup=0.06676222 train_imit=0.17957659 mean_w=0.0820 active=0.9608 s_dense=0.00 s_pos=0.0000 s_sel=0.0000 s_sel_pos=0.0000 s_hot_err=0.000000 s_bg_err=0.000000 s_gap=0.000000 conf_cos=0.0000 conf_proj=0.00 val_mse=0.42813540 val_mae=0.46308990 | p_pos=0.0000 p_dense=0.00 p_sel=0.0000 p_sel_pos=0.0000 p_hot_err=0.000000 p_bg_err=0.000000 p_gap=0.000000 peer_val_mse=0.27507199 peer_val_mae=0.34574360
[worker2/etth1_all_methods_long_v2] [time_series][epoch 106] lambda=0.0001 g_scale=0.000 train_total=0.06672010 train_sup=0.06670218 train_imit=0.17917509 mean_w=0.0821 active=0.9615 s_dense=0.00 s_pos=0.0000 s_sel=0.0000 s_sel_pos=0.0000 s_hot_err=0.000000 s_bg_err=0.000000 s_gap=0.000000 conf_cos=0.0000 conf_proj=0.00 val_mse=0.43706021 val_mae=0.46664947 | p_pos=0.0000 p_dense=0.00 p_sel=0.0000 p_sel_pos=0.0000 p_hot_err=0.000000 p_bg_err=0.000000 p_gap=0.000000 peer_val_mse=0.27373270 peer_val_mae=0.34287286
[worker2/etth1_all_methods_long_v2] [time_series][epoch 107] lambda=0.0001 g_scale=0.000 train_total=0.06656979 train_sup=0.06655185 train_imit=0.17937562 mean_w=0.0821 active=0.9617 s_dense=0.00 s_pos=0.0000 s_sel=0.0000 s_sel_pos=0.0000 s_hot_err=0.000000 s_bg_err=0.000000 s_gap=0.000000 conf_cos=0.0000 conf_proj=0.00 val_mse=0.41095423 val_mae=0.44844243 | p_pos=0.0000 p_dense=0.00 p_sel=0.0000 p_sel_pos=0.0000 p_hot_err=0.000000 p_bg_err=0.000000 p_gap=0.000000 peer_val_mse=0.27498700 peer_val_mae=0.34392948
[worker2/etth1_all_methods_long_v2] [time_series][epoch 108] lambda=0.0001 g_scale=0.000 train_total=0.06662542 train_sup=0.06660751 train_imit=0.17913290 mean_w=0.0821 active=0.9607 s_dense=0.00 s_pos=0.0000 s_sel=0.0000 s_sel_pos=0.0000 s_hot_err=0.000000 s_bg_err=0.000000 s_gap=0.000000 conf_cos=0.0000 conf_proj=0.00 val_mse=0.41368423 val_mae=0.44811871 | p_pos=0.0000 p_dense=0.00 p_sel=0.0000 p_sel_pos=0.0000 p_hot_err=0.000000 p_bg_err=0.000000 p_gap=0.000000 peer_val_mse=0.27576496 peer_val_mae=0.34561323
[worker2/etth1_all_methods_long_v2] [time_series][epoch 109] lambda=0.0001 g_scale=0.000 train_total=0.06635164 train_sup=0.06633367 train_imit=0.17966263 mean_w=0.0822 active=0.9614 s_dense=0.00 s_pos=0.0000 s_sel=0.0000 s_sel_pos=0.0000 s_hot_err=0.000000 s_bg_err=0.000000 s_gap=0.000000 conf_cos=0.0000 conf_proj=0.00 val_mse=0.43024406 val_mae=0.46398265 | p_pos=0.0000 p_dense=0.00 p_sel=0.0000 p_sel_pos=0.0000 p_hot_err=0.000000 p_bg_err=0.000000 p_gap=0.000000 peer_val_mse=0.27571405 peer_val_mae=0.34550950
[worker2/etth1_all_methods_long_v2] [time_series][epoch 110] lambda=0.0001 g_scale=0.000 train_total=0.06605783 train_sup=0.06603992 train_imit=0.17912510 mean_w=0.0823 active=0.9619 s_dense=0.00 s_pos=0.0000 s_sel=0.0000 s_sel_pos=0.0000 s_hot_err=0.000000 s_bg_err=0.000000 s_gap=0.000000 conf_cos=0.0000 conf_proj=0.00 val_mse=0.41317478 val_mae=0.45012263 | p_pos=0.0000 p_dense=0.00 p_sel=0.0000 p_sel_pos=0.0000 p_hot_err=0.000000 p_bg_err=0.000000 p_gap=0.000000 peer_val_mse=0.27349926 peer_val_mae=0.34097460
[worker2/etth1_all_methods_long_v2] [time_series][epoch 110] updated live plot
[worker2/etth1_all_methods_long_v2] [time_series][epoch 111] lambda=0.0001 g_scale=0.000 train_total=0.06618301 train_sup=0.06616499 train_imit=0.18018261 mean_w=0.0822 active=0.9617 s_dense=0.00 s_pos=0.0000 s_sel=0.0000 s_sel_pos=0.0000 s_hot_err=0.000000 s_bg_err=0.000000 s_gap=0.000000 conf_cos=0.0000 conf_proj=0.00 val_mse=0.41778146 val_mae=0.45467055 | p_pos=0.0000 p_dense=0.00 p_sel=0.0000 p_sel_pos=0.0000 p_hot_err=0.000000 p_bg_err=0.000000 p_gap=0.000000 peer_val_mse=0.27451504 peer_val_mae=0.34382989
[worker2/etth1_all_methods_long_v2] [time_series][epoch 112] lambda=0.0001 g_scale=0.000 train_total=0.06611323 train_sup=0.06609525 train_imit=0.17982426 mean_w=0.0823 active=0.9622 s_dense=0.00 s_pos=0.0000 s_sel=0.0000 s_sel_pos=0.0000 s_hot_err=0.000000 s_bg_err=0.000000 s_gap=0.000000 conf_cos=0.0000 conf_proj=0.00 val_mse=0.43211135 val_mae=0.46600012 | p_pos=0.0000 p_dense=0.00 p_sel=0.0000 p_sel_pos=0.0000 p_hot_err=0.000000 p_bg_err=0.000000 p_gap=0.000000 peer_val_mse=0.27409705 peer_val_mae=0.34449957
[worker2/etth1_all_methods_long_v2] [time_series][epoch 113] lambda=0.0001 g_scale=0.000 train_total=0.06567513 train_sup=0.06565701 train_imit=0.18121676 mean_w=0.0825 active=0.9639 s_dense=0.00 s_pos=0.0000 s_sel=0.0000 s_sel_pos=0.0000 s_hot_err=0.000000 s_bg_err=0.000000 s_gap=0.000000 conf_cos=0.0000 conf_proj=0.00 val_mse=0.43049501 val_mae=0.46448228 | p_pos=0.0000 p_dense=0.00 p_sel=0.0000 p_sel_pos=0.0000 p_hot_err=0.000000 p_bg_err=0.000000 p_gap=0.000000 peer_val_mse=0.27490425 peer_val_mae=0.34447677
[worker2/etth1_all_methods_long_v2] [time_series][epoch 114] lambda=0.0001 g_scale=0.000 train_total=0.06559981 train_sup=0.06558180 train_imit=0.18017359 mean_w=0.0825 active=0.9629 s_dense=0.00 s_pos=0.0000 s_sel=0.0000 s_sel_pos=0.0000 s_hot_err=0.000000 s_bg_err=0.000000 s_gap=0.000000 conf_cos=0.0000 conf_proj=0.00 val_mse=0.42807326 val_mae=0.46494673 | p_pos=0.0000 p_dense=0.00 p_sel=0.0000 p_sel_pos=0.0000 p_hot_err=0.000000 p_bg_err=0.000000 p_gap=0.000000 peer_val_mse=0.27492113 peer_val_mae=0.34380504
[worker2/etth1_all_methods_long_v2] [time_series][epoch 115] lambda=0.0001 g_scale=0.000 train_total=0.06528442 train_sup=0.06526656 train_imit=0.17862588 mean_w=0.0827 active=0.9633 s_dense=0.00 s_pos=0.0000 s_sel=0.0000 s_sel_pos=0.0000 s_hot_err=0.000000 s_bg_err=0.000000 s_gap=0.000000 conf_cos=0.0000 conf_proj=0.00 val_mse=0.41482395 val_mae=0.45227006 | p_pos=0.0000 p_dense=0.00 p_sel=0.0000 p_sel_pos=0.0000 p_hot_err=0.000000 p_bg_err=0.000000 p_gap=0.000000 peer_val_mse=0.27884756 peer_val_mae=0.34901353
[worker2/etth1_all_methods_long_v2] [time_series][epoch 116] lambda=0.0001 g_scale=0.000 train_total=0.06573180 train_sup=0.06571386 train_imit=0.17936369 mean_w=0.0825 active=0.9631 s_dense=0.00 s_pos=0.0000 s_sel=0.0000 s_sel_pos=0.0000 s_hot_err=0.000000 s_bg_err=0.000000 s_gap=0.000000 conf_cos=0.0000 conf_proj=0.00 val_mse=0.41777781 val_mae=0.45464254 | p_pos=0.0000 p_dense=0.00 p_sel=0.0000 p_sel_pos=0.0000 p_hot_err=0.000000 p_bg_err=0.000000 p_gap=0.000000 peer_val_mse=0.27440181 peer_val_mae=0.34522542
[worker2/etth1_all_methods_long_v2] [time_series][epoch 117] lambda=0.0001 g_scale=0.000 train_total=0.06521640 train_sup=0.06519824 train_imit=0.18156188 mean_w=0.0827 active=0.9638 s_dense=0.00 s_pos=0.0000 s_sel=0.0000 s_sel_pos=0.0000 s_hot_err=0.000000 s_bg_err=0.000000 s_gap=0.000000 conf_cos=0.0000 conf_proj=0.00 val_mse=0.42213133 val_mae=0.45736376 | p_pos=0.0000 p_dense=0.00 p_sel=0.0000 p_sel_pos=0.0000 p_hot_err=0.000000 p_bg_err=0.000000 p_gap=0.000000 peer_val_mse=0.27283924 peer_val_mae=0.34153869
[worker2/etth1_all_methods_long_v2] [time_series][epoch 118] lambda=0.0001 g_scale=0.000 train_total=0.06504779 train_sup=0.06502979 train_imit=0.18006923 mean_w=0.0827 active=0.9649 s_dense=0.00 s_pos=0.0000 s_sel=0.0000 s_sel_pos=0.0000 s_hot_err=0.000000 s_bg_err=0.000000 s_gap=0.000000 conf_cos=0.0000 conf_proj=0.00 val_mse=0.42574280 val_mae=0.46010474 | p_pos=0.0000 p_dense=0.00 p_sel=0.0000 p_sel_pos=0.0000 p_hot_err=0.000000 p_bg_err=0.000000 p_gap=0.000000 peer_val_mse=0.27937142 peer_val_mae=0.35106410
[worker2/etth1_all_methods_long_v2] [time_series][epoch 119] lambda=0.0001 g_scale=0.000 train_total=0.06482426 train_sup=0.06480622 train_imit=0.18039741 mean_w=0.0829 active=0.9633 s_dense=0.00 s_pos=0.0000 s_sel=0.0000 s_sel_pos=0.0000 s_hot_err=0.000000 s_bg_err=0.000000 s_gap=0.000000 conf_cos=0.0000 conf_proj=0.00 val_mse=0.43752037 val_mae=0.47015909 | p_pos=0.0000 p_dense=0.00 p_sel=0.0000 p_sel_pos=0.0000 p_hot_err=0.000000 p_bg_err=0.000000 p_gap=0.000000 peer_val_mse=0.27423381 peer_val_mae=0.34256025
[worker2/etth1_all_methods_long_v2] [time_series][epoch 120] lambda=0.0001 g_scale=0.000 train_total=0.06475061 train_sup=0.06473253 train_imit=0.18079010 mean_w=0.0829 active=0.9642 s_dense=0.00 s_pos=0.0000 s_sel=0.0000 s_sel_pos=0.0000 s_hot_err=0.000000 s_bg_err=0.000000 s_gap=0.000000 conf_cos=0.0000 conf_proj=0.00 val_mse=0.43858902 val_mae=0.47067920 | p_pos=0.0000 p_dense=0.00 p_sel=0.0000 p_sel_pos=0.0000 p_hot_err=0.000000 p_bg_err=0.000000 p_gap=0.000000 peer_val_mse=0.27321892 peer_val_mae=0.34254366
[worker2/etth1_all_methods_long_v2] [time_series][epoch 120] updated live plot
[worker2/etth1_all_methods_long_v2] [time_series][epoch 121] lambda=0.0001 g_scale=0.000 train_total=0.06469601 train_sup=0.06467809 train_imit=0.17923657 mean_w=0.0831 active=0.9643 s_dense=0.00 s_pos=0.0000 s_sel=0.0000 s_sel_pos=0.0000 s_hot_err=0.000000 s_bg_err=0.000000 s_gap=0.000000 conf_cos=0.0000 conf_proj=0.00 val_mse=0.43145432 val_mae=0.46698078 | p_pos=0.0000 p_dense=0.00 p_sel=0.0000 p_sel_pos=0.0000 p_hot_err=0.000000 p_bg_err=0.000000 p_gap=0.000000 peer_val_mse=0.27292282 peer_val_mae=0.34209033
[worker2/etth1_all_methods_long_v2] [time_series][epoch 122] lambda=0.0001 g_scale=0.000 train_total=0.06472980 train_sup=0.06471181 train_imit=0.17989620 mean_w=0.0830 active=0.9665 s_dense=0.00 s_pos=0.0000 s_sel=0.0000 s_sel_pos=0.0000 s_hot_err=0.000000 s_bg_err=0.000000 s_gap=0.000000 conf_cos=0.0000 conf_proj=0.00 val_mse=0.42703580 val_mae=0.46137295 | p_pos=0.0000 p_dense=0.00 p_sel=0.0000 p_sel_pos=0.0000 p_hot_err=0.000000 p_bg_err=0.000000 p_gap=0.000000 peer_val_mse=0.27521241 peer_val_mae=0.34613927
[worker2/etth1_all_methods_long_v2] [time_series][epoch 123] lambda=0.0001 g_scale=0.000 train_total=0.06475425 train_sup=0.06473622 train_imit=0.18029745 mean_w=0.0829 active=0.9652 s_dense=0.00 s_pos=0.0000 s_sel=0.0000 s_sel_pos=0.0000 s_hot_err=0.000000 s_bg_err=0.000000 s_gap=0.000000 conf_cos=0.0000 conf_proj=0.00 val_mse=0.43115814 val_mae=0.46590261 | p_pos=0.0000 p_dense=0.00 p_sel=0.0000 p_sel_pos=0.0000 p_hot_err=0.000000 p_bg_err=0.000000 p_gap=0.000000 peer_val_mse=0.27508262 peer_val_mae=0.34405121
[worker2/etth1_all_methods_long_v2] [time_series][epoch 124] lambda=0.0001 g_scale=0.000 train_total=0.06426503 train_sup=0.06424699 train_imit=0.18034503 mean_w=0.0831 active=0.9670 s_dense=0.00 s_pos=0.0000 s_sel=0.0000 s_sel_pos=0.0000 s_hot_err=0.000000 s_bg_err=0.000000 s_gap=0.000000 conf_cos=0.0000 conf_proj=0.00 val_mse=0.42402128 val_mae=0.45811168 | p_pos=0.0000 p_dense=0.00 p_sel=0.0000 p_sel_pos=0.0000 p_hot_err=0.000000 p_bg_err=0.000000 p_gap=0.000000 peer_val_mse=0.27463294 peer_val_mae=0.34346563
[worker2/etth1_all_methods_long_v2] [time_series][epoch 125] lambda=0.0001 g_scale=0.000 train_total=0.06415609 train_sup=0.06413805 train_imit=0.18033568 mean_w=0.0834 active=0.9641 s_dense=0.00 s_pos=0.0000 s_sel=0.0000 s_sel_pos=0.0000 s_hot_err=0.000000 s_bg_err=0.000000 s_gap=0.000000 conf_cos=0.0000 conf_proj=0.00 val_mse=0.43002741 val_mae=0.45898734 | p_pos=0.0000 p_dense=0.00 p_sel=0.0000 p_sel_pos=0.0000 p_hot_err=0.000000 p_bg_err=0.000000 p_gap=0.000000 peer_val_mse=0.27730852 peer_val_mae=0.34701204
[worker2/etth1_all_methods_long_v2] [time_series][epoch 126] lambda=0.0001 g_scale=0.000 train_total=0.06416618 train_sup=0.06414821 train_imit=0.17974197 mean_w=0.0833 active=0.9637 s_dense=0.00 s_pos=0.0000 s_sel=0.0000 s_sel_pos=0.0000 s_hot_err=0.000000 s_bg_err=0.000000 s_gap=0.000000 conf_cos=0.0000 conf_proj=0.00 val_mse=0.43982779 val_mae=0.46901599 | p_pos=0.0000 p_dense=0.00 p_sel=0.0000 p_sel_pos=0.0000 p_hot_err=0.000000 p_bg_err=0.000000 p_gap=0.000000 peer_val_mse=0.27573652 peer_val_mae=0.34516276
[worker2/etth1_all_methods_long_v2] [time_series][epoch 127] lambda=0.0001 g_scale=0.000 train_total=0.06389279 train_sup=0.06387478 train_imit=0.18006769 mean_w=0.0834 active=0.9675 s_dense=0.00 s_pos=0.0000 s_sel=0.0000 s_sel_pos=0.0000 s_hot_err=0.000000 s_bg_err=0.000000 s_gap=0.000000 conf_cos=0.0000 conf_proj=0.00 val_mse=0.41353644 val_mae=0.45062912 | p_pos=0.0000 p_dense=0.00 p_sel=0.0000 p_sel_pos=0.0000 p_hot_err=0.000000 p_bg_err=0.000000 p_gap=0.000000 peer_val_mse=0.27414802 peer_val_mae=0.34370528
[worker2/etth1_all_methods_long_v2] [time_series][epoch 128] lambda=0.0001 g_scale=0.000 train_total=0.06394683 train_sup=0.06392880 train_imit=0.18026949 mean_w=0.0833 active=0.9670 s_dense=0.00 s_pos=0.0000 s_sel=0.0000 s_sel_pos=0.0000 s_hot_err=0.000000 s_bg_err=0.000000 s_gap=0.000000 conf_cos=0.0000 conf_proj=0.00 val_mse=0.43214979 val_mae=0.46496666 | p_pos=0.0000 p_dense=0.00 p_sel=0.0000 p_sel_pos=0.0000 p_hot_err=0.000000 p_bg_err=0.000000 p_gap=0.000000 peer_val_mse=0.27464846 peer_val_mae=0.34392442
[worker2/etth1_all_methods_long_v2] [time_series][epoch 129] lambda=0.0001 g_scale=0.000 train_total=0.06413610 train_sup=0.06411813 train_imit=0.17967308 mean_w=0.0833 active=0.9666 s_dense=0.00 s_pos=0.0000 s_sel=0.0000 s_sel_pos=0.0000 s_hot_err=0.000000 s_bg_err=0.000000 s_gap=0.000000 conf_cos=0.0000 conf_proj=0.00 val_mse=0.41681141 val_mae=0.45588092 | p_pos=0.0000 p_dense=0.00 p_sel=0.0000 p_sel_pos=0.0000 p_hot_err=0.000000 p_bg_err=0.000000 p_gap=0.000000 peer_val_mse=0.27234171 peer_val_mae=0.34076556
[worker2/etth1_all_methods_long_v2] [time_series][epoch 130] lambda=0.0001 g_scale=0.000 train_total=0.06354291 train_sup=0.06352485 train_imit=0.18063802 mean_w=0.0834 active=0.9669 s_dense=0.00 s_pos=0.0000 s_sel=0.0000 s_sel_pos=0.0000 s_hot_err=0.000000 s_bg_err=0.000000 s_gap=0.000000 conf_cos=0.0000 conf_proj=0.00 val_mse=0.40373951 val_mae=0.44763736 | p_pos=0.0000 p_dense=0.00 p_sel=0.0000 p_sel_pos=0.0000 p_hot_err=0.000000 p_bg_err=0.000000 p_gap=0.000000 peer_val_mse=0.27490681 peer_val_mae=0.34387899
[worker2/etth1_all_methods_long_v2] [time_series][epoch 130] updated live plot
[worker2/etth1_all_methods_long_v2] [time_series][epoch 131] lambda=0.0001 g_scale=0.000 train_total=0.06365396 train_sup=0.06363610 train_imit=0.17860006 mean_w=0.0835 active=0.9670 s_dense=0.00 s_pos=0.0000 s_sel=0.0000 s_sel_pos=0.0000 s_hot_err=0.000000 s_bg_err=0.000000 s_gap=0.000000 conf_cos=0.0000 conf_proj=0.00 val_mse=0.43090385 val_mae=0.46367185 | p_pos=0.0000 p_dense=0.00 p_sel=0.0000 p_sel_pos=0.0000 p_hot_err=0.000000 p_bg_err=0.000000 p_gap=0.000000 peer_val_mse=0.27483367 peer_val_mae=0.34220973
[worker2/etth1_all_methods_long_v2] [time_series][epoch 132] lambda=0.0001 g_scale=0.000 train_total=0.06378280 train_sup=0.06376484 train_imit=0.17957395 mean_w=0.0835 active=0.9660 s_dense=0.00 s_pos=0.0000 s_sel=0.0000 s_sel_pos=0.0000 s_hot_err=0.000000 s_bg_err=0.000000 s_gap=0.000000 conf_cos=0.0000 conf_proj=0.00 val_mse=0.42613538 val_mae=0.46029749 | p_pos=0.0000 p_dense=0.00 p_sel=0.0000 p_sel_pos=0.0000 p_hot_err=0.000000 p_bg_err=0.000000 p_gap=0.000000 peer_val_mse=0.27577675 peer_val_mae=0.34630763
[worker2/etth1_all_methods_long_v2] [time_series][epoch 133] lambda=0.0001 g_scale=0.000 train_total=0.06334562 train_sup=0.06332759 train_imit=0.18026204 mean_w=0.0837 active=0.9680 s_dense=0.00 s_pos=0.0000 s_sel=0.0000 s_sel_pos=0.0000 s_hot_err=0.000000 s_bg_err=0.000000 s_gap=0.000000 conf_cos=0.0000 conf_proj=0.00 val_mse=0.41659508 val_mae=0.45430107 | p_pos=0.0000 p_dense=0.00 p_sel=0.0000 p_sel_pos=0.0000 p_hot_err=0.000000 p_bg_err=0.000000 p_gap=0.000000 peer_val_mse=0.27423745 peer_val_mae=0.34421522
[worker2/etth1_all_methods_long_v2] [time_series][epoch 134] lambda=0.0001 g_scale=0.000 train_total=0.06318693 train_sup=0.06316899 train_imit=0.17940000 mean_w=0.0837 active=0.9670 s_dense=0.00 s_pos=0.0000 s_sel=0.0000 s_sel_pos=0.0000 s_hot_err=0.000000 s_bg_err=0.000000 s_gap=0.000000 conf_cos=0.0000 conf_proj=0.00 val_mse=0.40641999 val_mae=0.45347856 | p_pos=0.0000 p_dense=0.00 p_sel=0.0000 p_sel_pos=0.0000 p_hot_err=0.000000 p_bg_err=0.000000 p_gap=0.000000 peer_val_mse=0.27513623 peer_val_mae=0.34490461
[worker2/etth1_all_methods_long_v2] [time_series][epoch 135] lambda=0.0001 g_scale=0.000 train_total=0.06288436 train_sup=0.06286630 train_imit=0.18057697 mean_w=0.0840 active=0.9678 s_dense=0.00 s_pos=0.0000 s_sel=0.0000 s_sel_pos=0.0000 s_hot_err=0.000000 s_bg_err=0.000000 s_gap=0.000000 conf_cos=0.0000 conf_proj=0.00 val_mse=0.45336383 val_mae=0.47798327 | p_pos=0.0000 p_dense=0.00 p_sel=0.0000 p_sel_pos=0.0000 p_hot_err=0.000000 p_bg_err=0.000000 p_gap=0.000000 peer_val_mse=0.27358228 peer_val_mae=0.34250418
[worker2/etth1_all_methods_long_v2] [time_series][epoch 136] lambda=0.0001 g_scale=0.000 train_total=0.06317597 train_sup=0.06315798 train_imit=0.17990269 mean_w=0.0837 active=0.9675 s_dense=0.00 s_pos=0.0000 s_sel=0.0000 s_sel_pos=0.0000 s_hot_err=0.000000 s_bg_err=0.000000 s_gap=0.000000 conf_cos=0.0000 conf_proj=0.00 val_mse=0.42448504 val_mae=0.46048715 | p_pos=0.0000 p_dense=0.00 p_sel=0.0000 p_sel_pos=0.0000 p_hot_err=0.000000 p_bg_err=0.000000 p_gap=0.000000 peer_val_mse=0.27370404 peer_val_mae=0.34423499
[worker2/etth1_all_methods_long_v2] [time_series][epoch 137] lambda=0.0001 g_scale=0.000 train_total=0.06296744 train_sup=0.06294938 train_imit=0.18056795 mean_w=0.0839 active=0.9697 s_dense=0.00 s_pos=0.0000 s_sel=0.0000 s_sel_pos=0.0000 s_hot_err=0.000000 s_bg_err=0.000000 s_gap=0.000000 conf_cos=0.0000 conf_proj=0.00 val_mse=0.42513433 val_mae=0.45856333 | p_pos=0.0000 p_dense=0.00 p_sel=0.0000 p_sel_pos=0.0000 p_hot_err=0.000000 p_bg_err=0.000000 p_gap=0.000000 peer_val_mse=0.27558521 peer_val_mae=0.34555602
[worker2/etth1_all_methods_long_v2] [time_series][epoch 138] lambda=0.0001 g_scale=0.000 train_total=0.06328165 train_sup=0.06326366 train_imit=0.17991758 mean_w=0.0837 active=0.9683 s_dense=0.00 s_pos=0.0000 s_sel=0.0000 s_sel_pos=0.0000 s_hot_err=0.000000 s_bg_err=0.000000 s_gap=0.000000 conf_cos=0.0000 conf_proj=0.00 val_mse=0.41732035 val_mae=0.45817427 | p_pos=0.0000 p_dense=0.00 p_sel=0.0000 p_sel_pos=0.0000 p_hot_err=0.000000 p_bg_err=0.000000 p_gap=0.000000 peer_val_mse=0.27551099 peer_val_mae=0.34318760
[worker2/etth1_all_methods_long_v2] [time_series][epoch 139] lambda=0.0001 g_scale=0.000 train_total=0.06285567 train_sup=0.06283779 train_imit=0.17888583 mean_w=0.0839 active=0.9680 s_dense=0.00 s_pos=0.0000 s_sel=0.0000 s_sel_pos=0.0000 s_hot_err=0.000000 s_bg_err=0.000000 s_gap=0.000000 conf_cos=0.0000 conf_proj=0.00 val_mse=0.41664430 val_mae=0.45256994 | p_pos=0.0000 p_dense=0.00 p_sel=0.0000 p_sel_pos=0.0000 p_hot_err=0.000000 p_bg_err=0.000000 p_gap=0.000000 peer_val_mse=0.27621204 peer_val_mae=0.34667877
[worker2/etth1_all_methods_long_v2] [time_series][epoch 140] lambda=0.0001 g_scale=0.000 train_total=0.06304630 train_sup=0.06302834 train_imit=0.17963567 mean_w=0.0838 active=0.9704 s_dense=0.00 s_pos=0.0000 s_sel=0.0000 s_sel_pos=0.0000 s_hot_err=0.000000 s_bg_err=0.000000 s_gap=0.000000 conf_cos=0.0000 conf_proj=0.00 val_mse=0.43414904 val_mae=0.46949968 | p_pos=0.0000 p_dense=0.00 p_sel=0.0000 p_sel_pos=0.0000 p_hot_err=0.000000 p_bg_err=0.000000 p_gap=0.000000 peer_val_mse=0.27499617 peer_val_mae=0.34260311
[worker2/etth1_all_methods_long_v2] [time_series][epoch 140] updated live plot
[worker2/etth1_all_methods_long_v2] [time_series][epoch 141] lambda=0.0001 g_scale=0.000 train_total=0.06296212 train_sup=0.06294420 train_imit=0.17922405 mean_w=0.0840 active=0.9679 s_dense=0.00 s_pos=0.0000 s_sel=0.0000 s_sel_pos=0.0000 s_hot_err=0.000000 s_bg_err=0.000000 s_gap=0.000000 conf_cos=0.0000 conf_proj=0.00 val_mse=0.40012132 val_mae=0.43920469 | p_pos=0.0000 p_dense=0.00 p_sel=0.0000 p_sel_pos=0.0000 p_hot_err=0.000000 p_bg_err=0.000000 p_gap=0.000000 peer_val_mse=0.27551096 peer_val_mae=0.34512731
[worker2/etth1_all_methods_long_v2] [time_series][epoch 142] lambda=0.0001 g_scale=0.000 train_total=0.06253840 train_sup=0.06252038 train_imit=0.18013642 mean_w=0.0840 active=0.9698 s_dense=0.00 s_pos=0.0000 s_sel=0.0000 s_sel_pos=0.0000 s_hot_err=0.000000 s_bg_err=0.000000 s_gap=0.000000 conf_cos=0.0000 conf_proj=0.00 val_mse=0.43955718 val_mae=0.47261368 | p_pos=0.0000 p_dense=0.00 p_sel=0.0000 p_sel_pos=0.0000 p_hot_err=0.000000 p_bg_err=0.000000 p_gap=0.000000 peer_val_mse=0.27467219 peer_val_mae=0.34322633
[worker2/etth1_all_methods_long_v2] [time_series][epoch 143] lambda=0.0001 g_scale=0.000 train_total=0.06264611 train_sup=0.06262818 train_imit=0.17932019 mean_w=0.0839 active=0.9683 s_dense=0.00 s_pos=0.0000 s_sel=0.0000 s_sel_pos=0.0000 s_hot_err=0.000000 s_bg_err=0.000000 s_gap=0.000000 conf_cos=0.0000 conf_proj=0.00 val_mse=0.42526293 val_mae=0.46041455 | p_pos=0.0000 p_dense=0.00 p_sel=0.0000 p_sel_pos=0.0000 p_hot_err=0.000000 p_bg_err=0.000000 p_gap=0.000000 peer_val_mse=0.27435057 peer_val_mae=0.34362713
[worker2/etth1_all_methods_long_v2] [time_series][epoch 144] lambda=0.0001 g_scale=0.000 train_total=0.06267428 train_sup=0.06265623 train_imit=0.18055137 mean_w=0.0841 active=0.9680 s_dense=0.00 s_pos=0.0000 s_sel=0.0000 s_sel_pos=0.0000 s_hot_err=0.000000 s_bg_err=0.000000 s_gap=0.000000 conf_cos=0.0000 conf_proj=0.00 val_mse=0.42801832 val_mae=0.46262739 | p_pos=0.0000 p_dense=0.00 p_sel=0.0000 p_sel_pos=0.0000 p_hot_err=0.000000 p_bg_err=0.000000 p_gap=0.000000 peer_val_mse=0.27296244 peer_val_mae=0.34234608
[worker2/etth1_all_methods_long_v2] [time_series][epoch 145] lambda=0.0001 g_scale=0.000 train_total=0.06226939 train_sup=0.06225150 train_imit=0.17883153 mean_w=0.0842 active=0.9713 s_dense=0.00 s_pos=0.0000 s_sel=0.0000 s_sel_pos=0.0000 s_hot_err=0.000000 s_bg_err=0.000000 s_gap=0.000000 conf_cos=0.0000 conf_proj=0.00 val_mse=0.41066240 val_mae=0.45174848 | p_pos=0.0000 p_dense=0.00 p_sel=0.0000 p_sel_pos=0.0000 p_hot_err=0.000000 p_bg_err=0.000000 p_gap=0.000000 peer_val_mse=0.27505301 peer_val_mae=0.34283119
[worker2/etth1_all_methods_long_v2] [time_series][epoch 146] lambda=0.0001 g_scale=0.000 train_total=0.06221203 train_sup=0.06219399 train_imit=0.18044610 mean_w=0.0842 active=0.9715 s_dense=0.00 s_pos=0.0000 s_sel=0.0000 s_sel_pos=0.0000 s_hot_err=0.000000 s_bg_err=0.000000 s_gap=0.000000 conf_cos=0.0000 conf_proj=0.00 val_mse=0.43323292 val_mae=0.46571638 | p_pos=0.0000 p_dense=0.00 p_sel=0.0000 p_sel_pos=0.0000 p_hot_err=0.000000 p_bg_err=0.000000 p_gap=0.000000 peer_val_mse=0.27634906 peer_val_mae=0.34757616
[worker2/etth1_all_methods_long_v2] [time_series][epoch 147] lambda=0.0001 g_scale=0.000 train_total=0.06205737 train_sup=0.06203943 train_imit=0.17935133 mean_w=0.0843 active=0.9699 s_dense=0.00 s_pos=0.0000 s_sel=0.0000 s_sel_pos=0.0000 s_hot_err=0.000000 s_bg_err=0.000000 s_gap=0.000000 conf_cos=0.0000 conf_proj=0.00 val_mse=0.42528923 val_mae=0.46189668 | p_pos=0.0000 p_dense=0.00 p_sel=0.0000 p_sel_pos=0.0000 p_hot_err=0.000000 p_bg_err=0.000000 p_gap=0.000000 peer_val_mse=0.27526855 peer_val_mae=0.34382258
[worker2/etth1_all_methods_long_v2] [time_series][epoch 148] lambda=0.0001 g_scale=0.000 train_total=0.06176033 train_sup=0.06174241 train_imit=0.17927390 mean_w=0.0843 active=0.9698 s_dense=0.00 s_pos=0.0000 s_sel=0.0000 s_sel_pos=0.0000 s_hot_err=0.000000 s_bg_err=0.000000 s_gap=0.000000 conf_cos=0.0000 conf_proj=0.00 val_mse=0.41109674 val_mae=0.45034875 | p_pos=0.0000 p_dense=0.00 p_sel=0.0000 p_sel_pos=0.0000 p_hot_err=0.000000 p_bg_err=0.000000 p_gap=0.000000 peer_val_mse=0.27609926 peer_val_mae=0.34664078
[worker2/etth1_all_methods_long_v2] [time_series][epoch 149] lambda=0.0001 g_scale=0.000 train_total=0.06202280 train_sup=0.06200484 train_imit=0.17961454 mean_w=0.0842 active=0.9710 s_dense=0.00 s_pos=0.0000 s_sel=0.0000 s_sel_pos=0.0000 s_hot_err=0.000000 s_bg_err=0.000000 s_gap=0.000000 conf_cos=0.0000 conf_proj=0.00 val_mse=0.40294616 val_mae=0.44409280 | p_pos=0.0000 p_dense=0.00 p_sel=0.0000 p_sel_pos=0.0000 p_hot_err=0.000000 p_bg_err=0.000000 p_gap=0.000000 peer_val_mse=0.27365275 peer_val_mae=0.34381820
[worker2/etth1_all_methods_long_v2] [time_series][epoch 150] lambda=0.0001 g_scale=0.000 train_total=0.06156621 train_sup=0.06154815 train_imit=0.18065911 mean_w=0.0846 active=0.9703 s_dense=0.00 s_pos=0.0000 s_sel=0.0000 s_sel_pos=0.0000 s_hot_err=0.000000 s_bg_err=0.000000 s_gap=0.000000 conf_cos=0.0000 conf_proj=0.00 val_mse=0.40153175 val_mae=0.44291531 | p_pos=0.0000 p_dense=0.00 p_sel=0.0000 p_sel_pos=0.0000 p_hot_err=0.000000 p_bg_err=0.000000 p_gap=0.000000 peer_val_mse=0.27563311 peer_val_mae=0.34667390
[worker2/etth1_all_methods_long_v2] [time_series][epoch 150] updated live plot
[worker2/etth1_all_methods_long_v2] [time_series][epoch 151] lambda=0.0001 g_scale=0.000 train_total=0.06151748 train_sup=0.06149954 train_imit=0.17946314 mean_w=0.0845 active=0.9705 s_dense=0.00 s_pos=0.0000 s_sel=0.0000 s_sel_pos=0.0000 s_hot_err=0.000000 s_bg_err=0.000000 s_gap=0.000000 conf_cos=0.0000 conf_proj=0.00 val_mse=0.42075247 val_mae=0.45803328 | p_pos=0.0000 p_dense=0.00 p_sel=0.0000 p_sel_pos=0.0000 p_hot_err=0.000000 p_bg_err=0.000000 p_gap=0.000000 peer_val_mse=0.27413654 peer_val_mae=0.34416356
[worker2/etth1_all_methods_long_v2] [time_series][epoch 152] lambda=0.0001 g_scale=0.000 train_total=0.06176605 train_sup=0.06174806 train_imit=0.17987409 mean_w=0.0844 active=0.9701 s_dense=0.00 s_pos=0.0000 s_sel=0.0000 s_sel_pos=0.0000 s_hot_err=0.000000 s_bg_err=0.000000 s_gap=0.000000 conf_cos=0.0000 conf_proj=0.00 val_mse=0.41373437 val_mae=0.44984751 | p_pos=0.0000 p_dense=0.00 p_sel=0.0000 p_sel_pos=0.0000 p_hot_err=0.000000 p_bg_err=0.000000 p_gap=0.000000 peer_val_mse=0.27289044 peer_val_mae=0.34161203
[worker2/etth1_all_methods_long_v2] [time_series][epoch 153] lambda=0.0001 g_scale=0.000 train_total=0.06167383 train_sup=0.06165584 train_imit=0.17995722 mean_w=0.0845 active=0.9710 s_dense=0.00 s_pos=0.0000 s_sel=0.0000 s_sel_pos=0.0000 s_hot_err=0.000000 s_bg_err=0.000000 s_gap=0.000000 conf_cos=0.0000 conf_proj=0.00 val_mse=0.41530487 val_mae=0.45227742 | p_pos=0.0000 p_dense=0.00 p_sel=0.0000 p_sel_pos=0.0000 p_hot_err=0.000000 p_bg_err=0.000000 p_gap=0.000000 peer_val_mse=0.27492982 peer_val_mae=0.34560872
[worker2/etth1_all_methods_long_v2] [time_series][epoch 154] lambda=0.0001 g_scale=0.000 train_total=0.06141019 train_sup=0.06139221 train_imit=0.17978207 mean_w=0.0846 active=0.9705 s_dense=0.00 s_pos=0.0000 s_sel=0.0000 s_sel_pos=0.0000 s_hot_err=0.000000 s_bg_err=0.000000 s_gap=0.000000 conf_cos=0.0000 conf_proj=0.00 val_mse=0.42299034 val_mae=0.45762885 | p_pos=0.0000 p_dense=0.00 p_sel=0.0000 p_sel_pos=0.0000 p_hot_err=0.000000 p_bg_err=0.000000 p_gap=0.000000 peer_val_mse=0.28033299 peer_val_mae=0.35345729
[worker2/etth1_all_methods_long_v2] [time_series][epoch 155] lambda=0.0001 g_scale=0.000 train_total=0.06136188 train_sup=0.06134393 train_imit=0.17947988 mean_w=0.0846 active=0.9713 s_dense=0.00 s_pos=0.0000 s_sel=0.0000 s_sel_pos=0.0000 s_hot_err=0.000000 s_bg_err=0.000000 s_gap=0.000000 conf_cos=0.0000 conf_proj=0.00 val_mse=0.41965776 val_mae=0.45985744 | p_pos=0.0000 p_dense=0.00 p_sel=0.0000 p_sel_pos=0.0000 p_hot_err=0.000000 p_bg_err=0.000000 p_gap=0.000000 peer_val_mse=0.27352114 peer_val_mae=0.34216140
[worker2/etth1_all_methods_long_v2] [time_series][epoch 156] lambda=0.0001 g_scale=0.000 train_total=0.06136444 train_sup=0.06134649 train_imit=0.17951265 mean_w=0.0845 active=0.9708 s_dense=0.00 s_pos=0.0000 s_sel=0.0000 s_sel_pos=0.0000 s_hot_err=0.000000 s_bg_err=0.000000 s_gap=0.000000 conf_cos=0.0000 conf_proj=0.00 val_mse=0.42195054 val_mae=0.45935541 | p_pos=0.0000 p_dense=0.00 p_sel=0.0000 p_sel_pos=0.0000 p_hot_err=0.000000 p_bg_err=0.000000 p_gap=0.000000 peer_val_mse=0.27320206 peer_val_mae=0.34094214
[worker2/etth1_all_methods_long_v2] [time_series][epoch 157] lambda=0.0001 g_scale=0.000 train_total=0.06147072 train_sup=0.06145269 train_imit=0.18023416 mean_w=0.0845 active=0.9708 s_dense=0.00 s_pos=0.0000 s_sel=0.0000 s_sel_pos=0.0000 s_hot_err=0.000000 s_bg_err=0.000000 s_gap=0.000000 conf_cos=0.0000 conf_proj=0.00 val_mse=0.40147450 val_mae=0.44221647 | p_pos=0.0000 p_dense=0.00 p_sel=0.0000 p_sel_pos=0.0000 p_hot_err=0.000000 p_bg_err=0.000000 p_gap=0.000000 peer_val_mse=0.27385271 peer_val_mae=0.34232789
[worker2/etth1_all_methods_long_v2] [time_series][epoch 158] lambda=0.0001 g_scale=0.000 train_total=0.06121563 train_sup=0.06119757 train_imit=0.18064457 mean_w=0.0846 active=0.9729 s_dense=0.00 s_pos=0.0000 s_sel=0.0000 s_sel_pos=0.0000 s_hot_err=0.000000 s_bg_err=0.000000 s_gap=0.000000 conf_cos=0.0000 conf_proj=0.00 val_mse=0.39844062 val_mae=0.44299723 | p_pos=0.0000 p_dense=0.00 p_sel=0.0000 p_sel_pos=0.0000 p_hot_err=0.000000 p_bg_err=0.000000 p_gap=0.000000 peer_val_mse=0.27383856 peer_val_mae=0.34162320
[worker2/etth1_all_methods_long_v2] [time_series][epoch 159] lambda=0.0001 g_scale=0.000 train_total=0.06161729 train_sup=0.06159938 train_imit=0.17911582 mean_w=0.0845 active=0.9697 s_dense=0.00 s_pos=0.0000 s_sel=0.0000 s_sel_pos=0.0000 s_hot_err=0.000000 s_bg_err=0.000000 s_gap=0.000000 conf_cos=0.0000 conf_proj=0.00 val_mse=0.44306932 val_mae=0.47666603 | p_pos=0.0000 p_dense=0.00 p_sel=0.0000 p_sel_pos=0.0000 p_hot_err=0.000000 p_bg_err=0.000000 p_gap=0.000000 peer_val_mse=0.27332074 peer_val_mae=0.34184187
[worker2/etth1_all_methods_long_v2] [time_series][epoch 160] lambda=0.0001 g_scale=0.000 train_total=0.06093421 train_sup=0.06091620 train_imit=0.18007340 mean_w=0.0847 active=0.9732 s_dense=0.00 s_pos=0.0000 s_sel=0.0000 s_sel_pos=0.0000 s_hot_err=0.000000 s_bg_err=0.000000 s_gap=0.000000 conf_cos=0.0000 conf_proj=0.00 val_mse=0.44417621 val_mae=0.47641720 | p_pos=0.0000 p_dense=0.00 p_sel=0.0000 p_sel_pos=0.0000 p_hot_err=0.000000 p_bg_err=0.000000 p_gap=0.000000 peer_val_mse=0.27311246 peer_val_mae=0.34147668
[worker2/etth1_all_methods_long_v2] [time_series][epoch 160] updated live plot
[worker2/etth1_all_methods_long_v2] [time_series][epoch 161] lambda=0.0001 g_scale=0.000 train_total=0.06112092 train_sup=0.06110292 train_imit=0.18008555 mean_w=0.0847 active=0.9730 s_dense=0.00 s_pos=0.0000 s_sel=0.0000 s_sel_pos=0.0000 s_hot_err=0.000000 s_bg_err=0.000000 s_gap=0.000000 conf_cos=0.0000 conf_proj=0.00 val_mse=0.42467795 val_mae=0.45766429 | p_pos=0.0000 p_dense=0.00 p_sel=0.0000 p_sel_pos=0.0000 p_hot_err=0.000000 p_bg_err=0.000000 p_gap=0.000000 peer_val_mse=0.27327575 peer_val_mae=0.34127476
[worker2/etth1_all_methods_long_v2] [time_series][epoch 162] lambda=0.0001 g_scale=0.000 train_total=0.06091373 train_sup=0.06089579 train_imit=0.17941102 mean_w=0.0848 active=0.9723 s_dense=0.00 s_pos=0.0000 s_sel=0.0000 s_sel_pos=0.0000 s_hot_err=0.000000 s_bg_err=0.000000 s_gap=0.000000 conf_cos=0.0000 conf_proj=0.00 val_mse=0.43233356 val_mae=0.46314118 | p_pos=0.0000 p_dense=0.00 p_sel=0.0000 p_sel_pos=0.0000 p_hot_err=0.000000 p_bg_err=0.000000 p_gap=0.000000 peer_val_mse=0.27251722 peer_val_mae=0.34105212
[worker2/etth1_all_methods_long_v2] [time_series][epoch 163] lambda=0.0001 g_scale=0.000 train_total=0.06083588 train_sup=0.06081794 train_imit=0.17939036 mean_w=0.0849 active=0.9730 s_dense=0.00 s_pos=0.0000 s_sel=0.0000 s_sel_pos=0.0000 s_hot_err=0.000000 s_bg_err=0.000000 s_gap=0.000000 conf_cos=0.0000 conf_proj=0.00 val_mse=0.42138534 val_mae=0.45930259 | p_pos=0.0000 p_dense=0.00 p_sel=0.0000 p_sel_pos=0.0000 p_hot_err=0.000000 p_bg_err=0.000000 p_gap=0.000000 peer_val_mse=0.27227147 peer_val_mae=0.34023961
[worker2/etth1_all_methods_long_v2] [time_series][epoch 164] lambda=0.0001 g_scale=0.000 train_total=0.06094720 train_sup=0.06092922 train_imit=0.17981328 mean_w=0.0849 active=0.9730 s_dense=0.00 s_pos=0.0000 s_sel=0.0000 s_sel_pos=0.0000 s_hot_err=0.000000 s_bg_err=0.000000 s_gap=0.000000 conf_cos=0.0000 conf_proj=0.00 val_mse=0.42961142 val_mae=0.46436112 | p_pos=0.0000 p_dense=0.00 p_sel=0.0000 p_sel_pos=0.0000 p_hot_err=0.000000 p_bg_err=0.000000 p_gap=0.000000 peer_val_mse=0.27479576 peer_val_mae=0.34440711
[worker2/etth1_all_methods_long_v2] [time_series][epoch 165] lambda=0.0001 g_scale=0.000 train_total=0.06075515 train_sup=0.06073717 train_imit=0.17977563 mean_w=0.0849 active=0.9729 s_dense=0.00 s_pos=0.0000 s_sel=0.0000 s_sel_pos=0.0000 s_hot_err=0.000000 s_bg_err=0.000000 s_gap=0.000000 conf_cos=0.0000 conf_proj=0.00 val_mse=0.40587305 val_mae=0.44597971 | p_pos=0.0000 p_dense=0.00 p_sel=0.0000 p_sel_pos=0.0000 p_hot_err=0.000000 p_bg_err=0.000000 p_gap=0.000000 peer_val_mse=0.27360248 peer_val_mae=0.34210637
[worker2/etth1_all_methods_long_v2] [time_series][epoch 166] lambda=0.0001 g_scale=0.000 train_total=0.06049131 train_sup=0.06047337 train_imit=0.17940006 mean_w=0.0851 active=0.9721 s_dense=0.00 s_pos=0.0000 s_sel=0.0000 s_sel_pos=0.0000 s_hot_err=0.000000 s_bg_err=0.000000 s_gap=0.000000 conf_cos=0.0000 conf_proj=0.00 val_mse=0.42540033 val_mae=0.45958678 | p_pos=0.0000 p_dense=0.00 p_sel=0.0000 p_sel_pos=0.0000 p_hot_err=0.000000 p_bg_err=0.000000 p_gap=0.000000 peer_val_mse=0.27499769 peer_val_mae=0.34543818
[worker2/etth1_all_methods_long_v2] [time_series][epoch 167] lambda=0.0001 g_scale=0.000 train_total=0.06050848 train_sup=0.06049063 train_imit=0.17843499 mean_w=0.0849 active=0.9738 s_dense=0.00 s_pos=0.0000 s_sel=0.0000 s_sel_pos=0.0000 s_hot_err=0.000000 s_bg_err=0.000000 s_gap=0.000000 conf_cos=0.0000 conf_proj=0.00 val_mse=0.41813146 val_mae=0.45604182 | p_pos=0.0000 p_dense=0.00 p_sel=0.0000 p_sel_pos=0.0000 p_hot_err=0.000000 p_bg_err=0.000000 p_gap=0.000000 peer_val_mse=0.27270587 peer_val_mae=0.34084387
[worker2/etth1_all_methods_long_v2] [time_series][epoch 168] lambda=0.0001 g_scale=0.000 train_total=0.06023608 train_sup=0.06021807 train_imit=0.18011569 mean_w=0.0852 active=0.9724 s_dense=0.00 s_pos=0.0000 s_sel=0.0000 s_sel_pos=0.0000 s_hot_err=0.000000 s_bg_err=0.000000 s_gap=0.000000 conf_cos=0.0000 conf_proj=0.00 val_mse=0.44359472 val_mae=0.47158528 | p_pos=0.0000 p_dense=0.00 p_sel=0.0000 p_sel_pos=0.0000 p_hot_err=0.000000 p_bg_err=0.000000 p_gap=0.000000 peer_val_mse=0.27553919 peer_val_mae=0.34542655
[worker2/etth1_all_methods_long_v2] [time_series][epoch 169] lambda=0.0001 g_scale=0.000 train_total=0.06078462 train_sup=0.06076674 train_imit=0.17880715 mean_w=0.0849 active=0.9736 s_dense=0.00 s_pos=0.0000 s_sel=0.0000 s_sel_pos=0.0000 s_hot_err=0.000000 s_bg_err=0.000000 s_gap=0.000000 conf_cos=0.0000 conf_proj=0.00 val_mse=0.43737334 val_mae=0.46705860 | p_pos=0.0000 p_dense=0.00 p_sel=0.0000 p_sel_pos=0.0000 p_hot_err=0.000000 p_bg_err=0.000000 p_gap=0.000000 peer_val_mse=0.27535862 peer_val_mae=0.34538861
[worker2/etth1_all_methods_long_v2] [time_series][epoch 170] lambda=0.0001 g_scale=0.000 train_total=0.06037395 train_sup=0.06035598 train_imit=0.17978516 mean_w=0.0850 active=0.9723 s_dense=0.00 s_pos=0.0000 s_sel=0.0000 s_sel_pos=0.0000 s_hot_err=0.000000 s_bg_err=0.000000 s_gap=0.000000 conf_cos=0.0000 conf_proj=0.00 val_mse=0.42202101 val_mae=0.45651868 | p_pos=0.0000 p_dense=0.00 p_sel=0.0000 p_sel_pos=0.0000 p_hot_err=0.000000 p_bg_err=0.000000 p_gap=0.000000 peer_val_mse=0.27450570 peer_val_mae=0.34261890
[worker2/etth1_all_methods_long_v2] [time_series][epoch 170] updated live plot
[worker2/etth1_all_methods_long_v2] [time_series][epoch 171] lambda=0.0001 g_scale=0.000 train_total=0.06024954 train_sup=0.06023154 train_imit=0.18000196 mean_w=0.0850 active=0.9731 s_dense=0.00 s_pos=0.0000 s_sel=0.0000 s_sel_pos=0.0000 s_hot_err=0.000000 s_bg_err=0.000000 s_gap=0.000000 conf_cos=0.0000 conf_proj=0.00 val_mse=0.40855612 val_mae=0.44558309 | p_pos=0.0000 p_dense=0.00 p_sel=0.0000 p_sel_pos=0.0000 p_hot_err=0.000000 p_bg_err=0.000000 p_gap=0.000000 peer_val_mse=0.27470055 peer_val_mae=0.34347395
[worker2/etth1_all_methods_long_v2] [time_series][epoch 172] lambda=0.0001 g_scale=0.000 train_total=0.06018365 train_sup=0.06016572 train_imit=0.17934701 mean_w=0.0851 active=0.9748 s_dense=0.00 s_pos=0.0000 s_sel=0.0000 s_sel_pos=0.0000 s_hot_err=0.000000 s_bg_err=0.000000 s_gap=0.000000 conf_cos=0.0000 conf_proj=0.00 val_mse=0.44348424 val_mae=0.47092175 | p_pos=0.0000 p_dense=0.00 p_sel=0.0000 p_sel_pos=0.0000 p_hot_err=0.000000 p_bg_err=0.000000 p_gap=0.000000 peer_val_mse=0.27642908 peer_val_mae=0.34572733
[worker2/etth1_all_methods_long_v2] [time_series][epoch 173] lambda=0.0001 g_scale=0.000 train_total=0.06031088 train_sup=0.06029290 train_imit=0.17980861 mean_w=0.0851 active=0.9728 s_dense=0.00 s_pos=0.0000 s_sel=0.0000 s_sel_pos=0.0000 s_hot_err=0.000000 s_bg_err=0.000000 s_gap=0.000000 conf_cos=0.0000 conf_proj=0.00 val_mse=0.41598481 val_mae=0.45295365 | p_pos=0.0000 p_dense=0.00 p_sel=0.0000 p_sel_pos=0.0000 p_hot_err=0.000000 p_bg_err=0.000000 p_gap=0.000000 peer_val_mse=0.27460480 peer_val_mae=0.34228047
[worker2/etth1_all_methods_long_v2] [time_series][epoch 174] lambda=0.0001 g_scale=0.000 train_total=0.06001067 train_sup=0.05999267 train_imit=0.18001334 mean_w=0.0853 active=0.9738 s_dense=0.00 s_pos=0.0000 s_sel=0.0000 s_sel_pos=0.0000 s_hot_err=0.000000 s_bg_err=0.000000 s_gap=0.000000 conf_cos=0.0000 conf_proj=0.00 val_mse=0.42630550 val_mae=0.45957663 | p_pos=0.0000 p_dense=0.00 p_sel=0.0000 p_sel_pos=0.0000 p_hot_err=0.000000 p_bg_err=0.000000 p_gap=0.000000 peer_val_mse=0.27594528 peer_val_mae=0.34445290
[worker2/etth1_all_methods_long_v2] [time_series][epoch 175] lambda=0.0001 g_scale=0.000 train_total=0.05969108 train_sup=0.05967305 train_imit=0.18029411 mean_w=0.0854 active=0.9746 s_dense=0.00 s_pos=0.0000 s_sel=0.0000 s_sel_pos=0.0000 s_hot_err=0.000000 s_bg_err=0.000000 s_gap=0.000000 conf_cos=0.0000 conf_proj=0.00 val_mse=0.40914336 val_mae=0.44819764 | p_pos=0.0000 p_dense=0.00 p_sel=0.0000 p_sel_pos=0.0000 p_hot_err=0.000000 p_bg_err=0.000000 p_gap=0.000000 peer_val_mse=0.27630062 peer_val_mae=0.34565355
[worker2/etth1_all_methods_long_v2] [time_series][epoch 176] lambda=0.0001 g_scale=0.000 train_total=0.05983612 train_sup=0.05981811 train_imit=0.18007845 mean_w=0.0854 active=0.9737 s_dense=0.00 s_pos=0.0000 s_sel=0.0000 s_sel_pos=0.0000 s_hot_err=0.000000 s_bg_err=0.000000 s_gap=0.000000 conf_cos=0.0000 conf_proj=0.00 val_mse=0.40964085 val_mae=0.44837552 | p_pos=0.0000 p_dense=0.00 p_sel=0.0000 p_sel_pos=0.0000 p_hot_err=0.000000 p_bg_err=0.000000 p_gap=0.000000 peer_val_mse=0.27305369 peer_val_mae=0.34180340
[worker2/etth1_all_methods_long_v2] [time_series][epoch 177] lambda=0.0001 g_scale=0.000 train_total=0.06000104 train_sup=0.05998310 train_imit=0.17939787 mean_w=0.0853 active=0.9745 s_dense=0.00 s_pos=0.0000 s_sel=0.0000 s_sel_pos=0.0000 s_hot_err=0.000000 s_bg_err=0.000000 s_gap=0.000000 conf_cos=0.0000 conf_proj=0.00 val_mse=0.41135662 val_mae=0.45152591 | p_pos=0.0000 p_dense=0.00 p_sel=0.0000 p_sel_pos=0.0000 p_hot_err=0.000000 p_bg_err=0.000000 p_gap=0.000000 peer_val_mse=0.27336587 peer_val_mae=0.34292585
[worker2/etth1_all_methods_long_v2] [time_series][epoch 178] lambda=0.0001 g_scale=0.000 train_total=0.05976625 train_sup=0.05974835 train_imit=0.17897685 mean_w=0.0854 active=0.9741 s_dense=0.00 s_pos=0.0000 s_sel=0.0000 s_sel_pos=0.0000 s_hot_err=0.000000 s_bg_err=0.000000 s_gap=0.000000 conf_cos=0.0000 conf_proj=0.00 val_mse=0.42148978 val_mae=0.46020408 | p_pos=0.0000 p_dense=0.00 p_sel=0.0000 p_sel_pos=0.0000 p_hot_err=0.000000 p_bg_err=0.000000 p_gap=0.000000 peer_val_mse=0.27662614 peer_val_mae=0.34806339
[worker2/etth1_all_methods_long_v2] [time_series][epoch 179] lambda=0.0001 g_scale=0.000 train_total=0.05977302 train_sup=0.05975508 train_imit=0.17931430 mean_w=0.0853 active=0.9734 s_dense=0.00 s_pos=0.0000 s_sel=0.0000 s_sel_pos=0.0000 s_hot_err=0.000000 s_bg_err=0.000000 s_gap=0.000000 conf_cos=0.0000 conf_proj=0.00 val_mse=0.41111317 val_mae=0.44862854 | p_pos=0.0000 p_dense=0.00 p_sel=0.0000 p_sel_pos=0.0000 p_hot_err=0.000000 p_bg_err=0.000000 p_gap=0.000000 peer_val_mse=0.27602868 peer_val_mae=0.34576244
[worker2/etth1_all_methods_long_v2] [time_series][epoch 180] lambda=0.0001 g_scale=0.000 train_total=0.05959812 train_sup=0.05958020 train_imit=0.17924067 mean_w=0.0854 active=0.9742 s_dense=0.00 s_pos=0.0000 s_sel=0.0000 s_sel_pos=0.0000 s_hot_err=0.000000 s_bg_err=0.000000 s_gap=0.000000 conf_cos=0.0000 conf_proj=0.00 val_mse=0.41420469 val_mae=0.45151455 | p_pos=0.0000 p_dense=0.00 p_sel=0.0000 p_sel_pos=0.0000 p_hot_err=0.000000 p_bg_err=0.000000 p_gap=0.000000 peer_val_mse=0.27405550 peer_val_mae=0.34490512
[worker2/etth1_all_methods_long_v2] [time_series][epoch 180] updated live plot
[worker2/etth1_all_methods_long_v2] [time_series][epoch 181] lambda=0.0001 g_scale=0.000 train_total=0.05962305 train_sup=0.05960517 train_imit=0.17880332 mean_w=0.0854 active=0.9737 s_dense=0.00 s_pos=0.0000 s_sel=0.0000 s_sel_pos=0.0000 s_hot_err=0.000000 s_bg_err=0.000000 s_gap=0.000000 conf_cos=0.0000 conf_proj=0.00 val_mse=0.43231878 val_mae=0.46650756 | p_pos=0.0000 p_dense=0.00 p_sel=0.0000 p_sel_pos=0.0000 p_hot_err=0.000000 p_bg_err=0.000000 p_gap=0.000000 peer_val_mse=0.27737752 peer_val_mae=0.34774491
[worker2/etth1_all_methods_long_v2] [time_series][epoch 182] lambda=0.0001 g_scale=0.000 train_total=0.05943269 train_sup=0.05941473 train_imit=0.17961331 mean_w=0.0855 active=0.9756 s_dense=0.00 s_pos=0.0000 s_sel=0.0000 s_sel_pos=0.0000 s_hot_err=0.000000 s_bg_err=0.000000 s_gap=0.000000 conf_cos=0.0000 conf_proj=0.00 val_mse=0.41839159 val_mae=0.45562541 | p_pos=0.0000 p_dense=0.00 p_sel=0.0000 p_sel_pos=0.0000 p_hot_err=0.000000 p_bg_err=0.000000 p_gap=0.000000 peer_val_mse=0.27592881 peer_val_mae=0.34633468
[worker2/etth1_all_methods_long_v2] [time_series][epoch 183] lambda=0.0001 g_scale=0.000 train_total=0.05948550 train_sup=0.05946755 train_imit=0.17951219 mean_w=0.0855 active=0.9746 s_dense=0.00 s_pos=0.0000 s_sel=0.0000 s_sel_pos=0.0000 s_hot_err=0.000000 s_bg_err=0.000000 s_gap=0.000000 conf_cos=0.0000 conf_proj=0.00 val_mse=0.43123702 val_mae=0.46289565 | p_pos=0.0000 p_dense=0.00 p_sel=0.0000 p_sel_pos=0.0000 p_hot_err=0.000000 p_bg_err=0.000000 p_gap=0.000000 peer_val_mse=0.27579843 peer_val_mae=0.34674713
[worker2/etth1_all_methods_long_v2] [time_series][epoch 184] lambda=0.0001 g_scale=0.000 train_total=0.05925715 train_sup=0.05923915 train_imit=0.17996065 mean_w=0.0856 active=0.9762 s_dense=0.00 s_pos=0.0000 s_sel=0.0000 s_sel_pos=0.0000 s_hot_err=0.000000 s_bg_err=0.000000 s_gap=0.000000 conf_cos=0.0000 conf_proj=0.00 val_mse=0.40375263 val_mae=0.44591882 | p_pos=0.0000 p_dense=0.00 p_sel=0.0000 p_sel_pos=0.0000 p_hot_err=0.000000 p_bg_err=0.000000 p_gap=0.000000 peer_val_mse=0.27388392 peer_val_mae=0.34274223
[worker2/etth1_all_methods_long_v2] [time_series][epoch 185] lambda=0.0001 g_scale=0.000 train_total=0.05944135 train_sup=0.05942334 train_imit=0.18010980 mean_w=0.0854 active=0.9733 s_dense=0.00 s_pos=0.0000 s_sel=0.0000 s_sel_pos=0.0000 s_hot_err=0.000000 s_bg_err=0.000000 s_gap=0.000000 conf_cos=0.0000 conf_proj=0.00 val_mse=0.41253133 val_mae=0.45027025 | p_pos=0.0000 p_dense=0.00 p_sel=0.0000 p_sel_pos=0.0000 p_hot_err=0.000000 p_bg_err=0.000000 p_gap=0.000000 peer_val_mse=0.27434472 peer_val_mae=0.34292178
[worker2/etth1_all_methods_long_v2] [time_series][epoch 186] lambda=0.0001 g_scale=0.000 train_total=0.05926244 train_sup=0.05924443 train_imit=0.18006180 mean_w=0.0856 active=0.9744 s_dense=0.00 s_pos=0.0000 s_sel=0.0000 s_sel_pos=0.0000 s_hot_err=0.000000 s_bg_err=0.000000 s_gap=0.000000 conf_cos=0.0000 conf_proj=0.00 val_mse=0.39694569 val_mae=0.43829456 | p_pos=0.0000 p_dense=0.00 p_sel=0.0000 p_sel_pos=0.0000 p_hot_err=0.000000 p_bg_err=0.000000 p_gap=0.000000 peer_val_mse=0.27443167 peer_val_mae=0.34340850
[worker2/etth1_all_methods_long_v2] [time_series][epoch 187] lambda=0.0001 g_scale=0.000 train_total=0.05911409 train_sup=0.05909619 train_imit=0.17899023 mean_w=0.0857 active=0.9745 s_dense=0.00 s_pos=0.0000 s_sel=0.0000 s_sel_pos=0.0000 s_hot_err=0.000000 s_bg_err=0.000000 s_gap=0.000000 conf_cos=0.0000 conf_proj=0.00 val_mse=0.43355182 val_mae=0.46349535 | p_pos=0.0000 p_dense=0.00 p_sel=0.0000 p_sel_pos=0.0000 p_hot_err=0.000000 p_bg_err=0.000000 p_gap=0.000000 peer_val_mse=0.27760383 peer_val_mae=0.34933168
[worker2/etth1_all_methods_long_v2] [time_series][epoch 188] lambda=0.0001 g_scale=0.000 train_total=0.05917335 train_sup=0.05915532 train_imit=0.18034348 mean_w=0.0857 active=0.9744 s_dense=0.00 s_pos=0.0000 s_sel=0.0000 s_sel_pos=0.0000 s_hot_err=0.000000 s_bg_err=0.000000 s_gap=0.000000 conf_cos=0.0000 conf_proj=0.00 val_mse=0.40974465 val_mae=0.44726057 | p_pos=0.0000 p_dense=0.00 p_sel=0.0000 p_sel_pos=0.0000 p_hot_err=0.000000 p_bg_err=0.000000 p_gap=0.000000 peer_val_mse=0.27474496 peer_val_mae=0.34360306
[worker2/etth1_all_methods_long_v2] [time_series][epoch 189] lambda=0.0001 g_scale=0.000 train_total=0.05901155 train_sup=0.05899361 train_imit=0.17945240 mean_w=0.0857 active=0.9752 s_dense=0.00 s_pos=0.0000 s_sel=0.0000 s_sel_pos=0.0000 s_hot_err=0.000000 s_bg_err=0.000000 s_gap=0.000000 conf_cos=0.0000 conf_proj=0.00 val_mse=0.39833352 val_mae=0.44124900 | p_pos=0.0000 p_dense=0.00 p_sel=0.0000 p_sel_pos=0.0000 p_hot_err=0.000000 p_bg_err=0.000000 p_gap=0.000000 peer_val_mse=0.27422760 peer_val_mae=0.34242470
[worker2/etth1_all_methods_long_v2] [time_series][epoch 190] lambda=0.0001 g_scale=0.000 train_total=0.05890482 train_sup=0.05888688 train_imit=0.17946451 mean_w=0.0857 active=0.9757 s_dense=0.00 s_pos=0.0000 s_sel=0.0000 s_sel_pos=0.0000 s_hot_err=0.000000 s_bg_err=0.000000 s_gap=0.000000 conf_cos=0.0000 conf_proj=0.00 val_mse=0.42216696 val_mae=0.45940539 | p_pos=0.0000 p_dense=0.00 p_sel=0.0000 p_sel_pos=0.0000 p_hot_err=0.000000 p_bg_err=0.000000 p_gap=0.000000 peer_val_mse=0.27601673 peer_val_mae=0.34674493
[worker2/etth1_all_methods_long_v2] [time_series][epoch 190] updated live plot
[worker2/etth1_all_methods_long_v2] [time_series][epoch 191] lambda=0.0001 g_scale=0.000 train_total=0.05888203 train_sup=0.05886416 train_imit=0.17867586 mean_w=0.0858 active=0.9750 s_dense=0.00 s_pos=0.0000 s_sel=0.0000 s_sel_pos=0.0000 s_hot_err=0.000000 s_bg_err=0.000000 s_gap=0.000000 conf_cos=0.0000 conf_proj=0.00 val_mse=0.41992587 val_mae=0.45656604 | p_pos=0.0000 p_dense=0.00 p_sel=0.0000 p_sel_pos=0.0000 p_hot_err=0.000000 p_bg_err=0.000000 p_gap=0.000000 peer_val_mse=0.27363935 peer_val_mae=0.34114872
[worker2/etth1_all_methods_long_v2] [time_series][epoch 192] lambda=0.0001 g_scale=0.000 train_total=0.05858780 train_sup=0.05856991 train_imit=0.17896731 mean_w=0.0860 active=0.9758 s_dense=0.00 s_pos=0.0000 s_sel=0.0000 s_sel_pos=0.0000 s_hot_err=0.000000 s_bg_err=0.000000 s_gap=0.000000 conf_cos=0.0000 conf_proj=0.00 val_mse=0.42227381 val_mae=0.45899438 | p_pos=0.0000 p_dense=0.00 p_sel=0.0000 p_sel_pos=0.0000 p_hot_err=0.000000 p_bg_err=0.000000 p_gap=0.000000 peer_val_mse=0.27504291 peer_val_mae=0.34467546
[worker2/etth1_all_methods_long_v2] [time_series][epoch 193] lambda=0.0001 g_scale=0.000 train_total=0.05898305 train_sup=0.05896510 train_imit=0.17944521 mean_w=0.0857 active=0.9759 s_dense=0.00 s_pos=0.0000 s_sel=0.0000 s_sel_pos=0.0000 s_hot_err=0.000000 s_bg_err=0.000000 s_gap=0.000000 conf_cos=0.0000 conf_proj=0.00 val_mse=0.40229246 val_mae=0.44482347 | p_pos=0.0000 p_dense=0.00 p_sel=0.0000 p_sel_pos=0.0000 p_hot_err=0.000000 p_bg_err=0.000000 p_gap=0.000000 peer_val_mse=0.27317155 peer_val_mae=0.34134325
[worker2/etth1_all_methods_long_v2] [time_series][epoch 194] lambda=0.0001 g_scale=0.000 train_total=0.05887582 train_sup=0.05885779 train_imit=0.18031083 mean_w=0.0857 active=0.9754 s_dense=0.00 s_pos=0.0000 s_sel=0.0000 s_sel_pos=0.0000 s_hot_err=0.000000 s_bg_err=0.000000 s_gap=0.000000 conf_cos=0.0000 conf_proj=0.00 val_mse=0.41234988 val_mae=0.45249901 | p_pos=0.0000 p_dense=0.00 p_sel=0.0000 p_sel_pos=0.0000 p_hot_err=0.000000 p_bg_err=0.000000 p_gap=0.000000 peer_val_mse=0.27627645 peer_val_mae=0.34809585
[worker2/etth1_all_methods_long_v2] [time_series][epoch 195] lambda=0.0001 g_scale=0.000 train_total=0.05849595 train_sup=0.05847803 train_imit=0.17919564 mean_w=0.0859 active=0.9752 s_dense=0.00 s_pos=0.0000 s_sel=0.0000 s_sel_pos=0.0000 s_hot_err=0.000000 s_bg_err=0.000000 s_gap=0.000000 conf_cos=0.0000 conf_proj=0.00 val_mse=0.44671339 val_mae=0.47587818 | p_pos=0.0000 p_dense=0.00 p_sel=0.0000 p_sel_pos=0.0000 p_hot_err=0.000000 p_bg_err=0.000000 p_gap=0.000000 peer_val_mse=0.27270791 peer_val_mae=0.34041579
[worker2/etth1_all_methods_long_v2] [time_series][epoch 196] lambda=0.0001 g_scale=0.000 train_total=0.05888510 train_sup=0.05886712 train_imit=0.17979488 mean_w=0.0858 active=0.9755 s_dense=0.00 s_pos=0.0000 s_sel=0.0000 s_sel_pos=0.0000 s_hot_err=0.000000 s_bg_err=0.000000 s_gap=0.000000 conf_cos=0.0000 conf_proj=0.00 val_mse=0.41760511 val_mae=0.45677625 | p_pos=0.0000 p_dense=0.00 p_sel=0.0000 p_sel_pos=0.0000 p_hot_err=0.000000 p_bg_err=0.000000 p_gap=0.000000 peer_val_mse=0.27290848 peer_val_mae=0.34140135
[worker2/etth1_all_methods_long_v2] [time_series][epoch 197] lambda=0.0001 g_scale=0.000 train_total=0.05869492 train_sup=0.05867689 train_imit=0.18031291 mean_w=0.0858 active=0.9737 s_dense=0.00 s_pos=0.0000 s_sel=0.0000 s_sel_pos=0.0000 s_hot_err=0.000000 s_bg_err=0.000000 s_gap=0.000000 conf_cos=0.0000 conf_proj=0.00 val_mse=0.43271916 val_mae=0.46733410 | p_pos=0.0000 p_dense=0.00 p_sel=0.0000 p_sel_pos=0.0000 p_hot_err=0.000000 p_bg_err=0.000000 p_gap=0.000000 peer_val_mse=0.27452024 peer_val_mae=0.34613433
[worker2/etth1_all_methods_long_v2] [time_series][epoch 198] lambda=0.0001 g_scale=0.000 train_total=0.05853517 train_sup=0.05851717 train_imit=0.17996242 mean_w=0.0860 active=0.9758 s_dense=0.00 s_pos=0.0000 s_sel=0.0000 s_sel_pos=0.0000 s_hot_err=0.000000 s_bg_err=0.000000 s_gap=0.000000 conf_cos=0.0000 conf_proj=0.00 val_mse=0.44117988 val_mae=0.47292501 | p_pos=0.0000 p_dense=0.00 p_sel=0.0000 p_sel_pos=0.0000 p_hot_err=0.000000 p_bg_err=0.000000 p_gap=0.000000 peer_val_mse=0.27366763 peer_val_mae=0.34211451
[worker2/etth1_all_methods_long_v2] [time_series][epoch 199] lambda=0.0001 g_scale=0.000 train_total=0.05836202 train_sup=0.05834405 train_imit=0.17967953 mean_w=0.0860 active=0.9769 s_dense=0.00 s_pos=0.0000 s_sel=0.0000 s_sel_pos=0.0000 s_hot_err=0.000000 s_bg_err=0.000000 s_gap=0.000000 conf_cos=0.0000 conf_proj=0.00 val_mse=0.41809901 val_mae=0.45421362 | p_pos=0.0000 p_dense=0.00 p_sel=0.0000 p_sel_pos=0.0000 p_hot_err=0.000000 p_bg_err=0.000000 p_gap=0.000000 peer_val_mse=0.27731555 peer_val_mae=0.35029346
[worker2/etth1_all_methods_long_v2] [time_series][epoch 200] lambda=0.0001 g_scale=0.000 train_total=0.05846167 train_sup=0.05844373 train_imit=0.17944275 mean_w=0.0860 active=0.9776 s_dense=0.00 s_pos=0.0000 s_sel=0.0000 s_sel_pos=0.0000 s_hot_err=0.000000 s_bg_err=0.000000 s_gap=0.000000 conf_cos=0.0000 conf_proj=0.00 val_mse=0.41943155 val_mae=0.45661176 | p_pos=0.0000 p_dense=0.00 p_sel=0.0000 p_sel_pos=0.0000 p_hot_err=0.000000 p_bg_err=0.000000 p_gap=0.000000 peer_val_mse=0.27701793 peer_val_mae=0.34657352
[worker2/etth1_all_methods_long_v2] [time_series][epoch 200] updated live plot
[worker2/etth1_all_methods_long_v2] [time_series] done
[worker2/etth1_all_methods_long_v2] [time_series] dataset=etth1 pair=transformer:dlinear method=dml seed=2 pred_len=24
[worker2/etth1_all_methods_long_v2] [time_series] run_dir=results/time_series_etth1_all_methods_long_v2/time_series/etth1/transformer__dlinear_dml_huber_seed2
[worker2/etth1_all_methods_long_v2] [time_series] params=419240
[worker2/etth1_all_methods_long_v2] [time_series][epoch 001] lambda=0.0010 g_scale=0.000 train_total=0.36016068 train_sup=0.36001255 train_imit=0.14813163 mean_w=0.0347 active=0.4963 s_dense=0.00 s_pos=0.0000 s_sel=0.0000 s_sel_pos=0.0000 s_hot_err=0.000000 s_bg_err=0.000000 s_gap=0.000000 conf_cos=0.0000 conf_proj=0.00 val_mse=0.35580684 val_mae=0.41411516 | p_pos=0.0000 p_dense=0.00 p_sel=0.0000 p_sel_pos=0.0000 p_hot_err=0.000000 p_bg_err=0.000000 p_gap=0.000000 peer_val_mse=0.32379337 peer_val_mae=0.38684388
[worker2/etth1_all_methods_long_v2] [time_series][epoch 002] lambda=0.0010 g_scale=0.000 train_total=0.25344255 train_sup=0.25333629 train_imit=0.10625947 mean_w=0.0227 active=0.4522 s_dense=0.00 s_pos=0.0000 s_sel=0.0000 s_sel_pos=0.0000 s_hot_err=0.000000 s_bg_err=0.000000 s_gap=0.000000 conf_cos=0.0000 conf_proj=0.00 val_mse=0.32435159 val_mae=0.39023166 | p_pos=0.0000 p_dense=0.00 p_sel=0.0000 p_sel_pos=0.0000 p_hot_err=0.000000 p_bg_err=0.000000 p_gap=0.000000 peer_val_mse=0.29736357 peer_val_mae=0.36487702
[worker2/etth1_all_methods_long_v2] [time_series][epoch 003] lambda=0.0010 g_scale=0.000 train_total=0.23399408 train_sup=0.23388325 train_imit=0.11083197 mean_w=0.0247 active=0.4661 s_dense=0.00 s_pos=0.0000 s_sel=0.0000 s_sel_pos=0.0000 s_hot_err=0.000000 s_bg_err=0.000000 s_gap=0.000000 conf_cos=0.0000 conf_proj=0.00 val_mse=0.33377739 val_mae=0.39465162 | p_pos=0.0000 p_dense=0.00 p_sel=0.0000 p_sel_pos=0.0000 p_hot_err=0.000000 p_bg_err=0.000000 p_gap=0.000000 peer_val_mse=0.28965485 peer_val_mae=0.35995681
[worker2/etth1_all_methods_long_v2] [time_series][epoch 004] lambda=0.0010 g_scale=0.000 train_total=0.21870427 train_sup=0.21858030 train_imit=0.12396518 mean_w=0.0278 active=0.4928 s_dense=0.00 s_pos=0.0000 s_sel=0.0000 s_sel_pos=0.0000 s_hot_err=0.000000 s_bg_err=0.000000 s_gap=0.000000 conf_cos=0.0000 conf_proj=0.00 val_mse=0.32008337 val_mae=0.39032495 | p_pos=0.0000 p_dense=0.00 p_sel=0.0000 p_sel_pos=0.0000 p_hot_err=0.000000 p_bg_err=0.000000 p_gap=0.000000 peer_val_mse=0.28475014 peer_val_mae=0.35489810
[worker2/etth1_all_methods_long_v2] [time_series][epoch 005] lambda=0.0010 g_scale=0.000 train_total=0.20449741 train_sup=0.20436467 train_imit=0.13273414 mean_w=0.0314 active=0.5292 s_dense=0.00 s_pos=0.0000 s_sel=0.0000 s_sel_pos=0.0000 s_hot_err=0.000000 s_bg_err=0.000000 s_gap=0.000000 conf_cos=0.0000 conf_proj=0.00 val_mse=0.31721822 val_mae=0.38855102 | p_pos=0.0000 p_dense=0.00 p_sel=0.0000 p_sel_pos=0.0000 p_hot_err=0.000000 p_bg_err=0.000000 p_gap=0.000000 peer_val_mse=0.28219298 peer_val_mae=0.35135875
[worker2/etth1_all_methods_long_v2] [time_series][epoch 006] lambda=0.0010 g_scale=0.000 train_total=0.19410310 train_sup=0.19396219 train_imit=0.14091148 mean_w=0.0345 active=0.5480 s_dense=0.00 s_pos=0.0000 s_sel=0.0000 s_sel_pos=0.0000 s_hot_err=0.000000 s_bg_err=0.000000 s_gap=0.000000 conf_cos=0.0000 conf_proj=0.00 val_mse=0.33887024 val_mae=0.40078519 | p_pos=0.0000 p_dense=0.00 p_sel=0.0000 p_sel_pos=0.0000 p_hot_err=0.000000 p_bg_err=0.000000 p_gap=0.000000 peer_val_mse=0.27989426 peer_val_mae=0.34876056
[worker2/etth1_all_methods_long_v2] [time_series][epoch 007] lambda=0.0010 g_scale=0.000 train_total=0.18280002 train_sup=0.18265110 train_imit=0.14892353 mean_w=0.0379 active=0.5858 s_dense=0.00 s_pos=0.0000 s_sel=0.0000 s_sel_pos=0.0000 s_hot_err=0.000000 s_bg_err=0.000000 s_gap=0.000000 conf_cos=0.0000 conf_proj=0.00 val_mse=0.33040484 val_mae=0.39341764 | p_pos=0.0000 p_dense=0.00 p_sel=0.0000 p_sel_pos=0.0000 p_hot_err=0.000000 p_bg_err=0.000000 p_gap=0.000000 peer_val_mse=0.27794662 peer_val_mae=0.34694387
[worker2/etth1_all_methods_long_v2] [time_series][epoch 008] lambda=0.0010 g_scale=0.000 train_total=0.17401237 train_sup=0.17385851 train_imit=0.15386003 mean_w=0.0407 active=0.6071 s_dense=0.00 s_pos=0.0000 s_sel=0.0000 s_sel_pos=0.0000 s_hot_err=0.000000 s_bg_err=0.000000 s_gap=0.000000 conf_cos=0.0000 conf_proj=0.00 val_mse=0.36480675 val_mae=0.41531848 | p_pos=0.0000 p_dense=0.00 p_sel=0.0000 p_sel_pos=0.0000 p_hot_err=0.000000 p_bg_err=0.000000 p_gap=0.000000 peer_val_mse=0.27750427 peer_val_mae=0.34728328
[worker2/etth1_all_methods_long_v2] [time_series][epoch 009] lambda=0.0010 g_scale=0.000 train_total=0.16526486 train_sup=0.16510595 train_imit=0.15891473 mean_w=0.0434 active=0.6342 s_dense=0.00 s_pos=0.0000 s_sel=0.0000 s_sel_pos=0.0000 s_hot_err=0.000000 s_bg_err=0.000000 s_gap=0.000000 conf_cos=0.0000 conf_proj=0.00 val_mse=0.34778093 val_mae=0.40509355 | p_pos=0.0000 p_dense=0.00 p_sel=0.0000 p_sel_pos=0.0000 p_hot_err=0.000000 p_bg_err=0.000000 p_gap=0.000000 peer_val_mse=0.27565279 peer_val_mae=0.34484554
[worker2/etth1_all_methods_long_v2] [time_series][epoch 010] lambda=0.0010 g_scale=0.000 train_total=0.15718483 train_sup=0.15702335 train_imit=0.16147782 mean_w=0.0460 active=0.6557 s_dense=0.00 s_pos=0.0000 s_sel=0.0000 s_sel_pos=0.0000 s_hot_err=0.000000 s_bg_err=0.000000 s_gap=0.000000 conf_cos=0.0000 conf_proj=0.00 val_mse=0.38282060 val_mae=0.42832324 | p_pos=0.0000 p_dense=0.00 p_sel=0.0000 p_sel_pos=0.0000 p_hot_err=0.000000 p_bg_err=0.000000 p_gap=0.000000 peer_val_mse=0.27417801 peer_val_mae=0.34213523
[worker2/etth1_all_methods_long_v2] [time_series][epoch 010] updated live plot
[worker2/etth1_all_methods_long_v2] [time_series][epoch 011] lambda=0.0010 g_scale=0.000 train_total=0.14748302 train_sup=0.14732038 train_imit=0.16638019 mean_w=0.0493 active=0.6880 s_dense=0.00 s_pos=0.0000 s_sel=0.0000 s_sel_pos=0.0000 s_hot_err=0.000000 s_bg_err=0.000000 s_gap=0.000000 conf_cos=0.0000 conf_proj=0.00 val_mse=0.35164553 val_mae=0.40456265 | p_pos=0.0000 p_dense=0.00 p_sel=0.0000 p_sel_pos=0.0000 p_hot_err=0.000000 p_bg_err=0.000000 p_gap=0.000000 peer_val_mse=0.27642764 peer_val_mae=0.34701537
[worker2/etth1_all_methods_long_v2] [time_series][epoch 012] lambda=0.0010 g_scale=0.000 train_total=0.14236796 train_sup=0.14220940 train_imit=0.16603795 mean_w=0.0512 active=0.7069 s_dense=0.00 s_pos=0.0000 s_sel=0.0000 s_sel_pos=0.0000 s_hot_err=0.000000 s_bg_err=0.000000 s_gap=0.000000 conf_cos=0.0000 conf_proj=0.00 val_mse=0.36725853 val_mae=0.42225726 | p_pos=0.0000 p_dense=0.00 p_sel=0.0000 p_sel_pos=0.0000 p_hot_err=0.000000 p_bg_err=0.000000 p_gap=0.000000 peer_val_mse=0.27455460 peer_val_mae=0.34373322
[worker2/etth1_all_methods_long_v2] [time_series][epoch 013] lambda=0.0009 g_scale=0.000 train_total=0.13658279 train_sup=0.13642601 train_imit=0.16813042 mean_w=0.0532 active=0.7297 s_dense=0.00 s_pos=0.0000 s_sel=0.0000 s_sel_pos=0.0000 s_hot_err=0.000000 s_bg_err=0.000000 s_gap=0.000000 conf_cos=0.0000 conf_proj=0.00 val_mse=0.34129944 val_mae=0.40330348 | p_pos=0.0000 p_dense=0.00 p_sel=0.0000 p_sel_pos=0.0000 p_hot_err=0.000000 p_bg_err=0.000000 p_gap=0.000000 peer_val_mse=0.27422627 peer_val_mae=0.34157430
[worker2/etth1_all_methods_long_v2] [time_series][epoch 014] lambda=0.0009 g_scale=0.000 train_total=0.13088995 train_sup=0.13073437 train_imit=0.17096509 mean_w=0.0554 active=0.7477 s_dense=0.00 s_pos=0.0000 s_sel=0.0000 s_sel_pos=0.0000 s_hot_err=0.000000 s_bg_err=0.000000 s_gap=0.000000 conf_cos=0.0000 conf_proj=0.00 val_mse=0.37993425 val_mae=0.42613220 | p_pos=0.0000 p_dense=0.00 p_sel=0.0000 p_sel_pos=0.0000 p_hot_err=0.000000 p_bg_err=0.000000 p_gap=0.000000 peer_val_mse=0.27326941 peer_val_mae=0.34205147
[worker2/etth1_all_methods_long_v2] [time_series][epoch 015] lambda=0.0009 g_scale=0.000 train_total=0.12673893 train_sup=0.12658569 train_imit=0.17266866 mean_w=0.0567 active=0.7549 s_dense=0.00 s_pos=0.0000 s_sel=0.0000 s_sel_pos=0.0000 s_hot_err=0.000000 s_bg_err=0.000000 s_gap=0.000000 conf_cos=0.0000 conf_proj=0.00 val_mse=0.38058484 val_mae=0.42854059 | p_pos=0.0000 p_dense=0.00 p_sel=0.0000 p_sel_pos=0.0000 p_hot_err=0.000000 p_bg_err=0.000000 p_gap=0.000000 peer_val_mse=0.27377964 peer_val_mae=0.34291062
[worker2/etth1_all_methods_long_v2] [time_series][epoch 016] lambda=0.0009 g_scale=0.000 train_total=0.12377629 train_sup=0.12362657 train_imit=0.17308187 mean_w=0.0579 active=0.7738 s_dense=0.00 s_pos=0.0000 s_sel=0.0000 s_sel_pos=0.0000 s_hot_err=0.000000 s_bg_err=0.000000 s_gap=0.000000 conf_cos=0.0000 conf_proj=0.00 val_mse=0.35835062 val_mae=0.41370486 | p_pos=0.0000 p_dense=0.00 p_sel=0.0000 p_sel_pos=0.0000 p_hot_err=0.000000 p_bg_err=0.000000 p_gap=0.000000 peer_val_mse=0.27305204 peer_val_mae=0.34225001
[worker2/etth1_all_methods_long_v2] [time_series][epoch 017] lambda=0.0008 g_scale=0.000 train_total=0.11870363 train_sup=0.11855610 train_imit=0.17511923 mean_w=0.0598 active=0.7901 s_dense=0.00 s_pos=0.0000 s_sel=0.0000 s_sel_pos=0.0000 s_hot_err=0.000000 s_bg_err=0.000000 s_gap=0.000000 conf_cos=0.0000 conf_proj=0.00 val_mse=0.40226544 val_mae=0.44026329 | p_pos=0.0000 p_dense=0.00 p_sel=0.0000 p_sel_pos=0.0000 p_hot_err=0.000000 p_bg_err=0.000000 p_gap=0.000000 peer_val_mse=0.27349800 peer_val_mae=0.34145462
[worker2/etth1_all_methods_long_v2] [time_series][epoch 018] lambda=0.0008 g_scale=0.000 train_total=0.11560630 train_sup=0.11546242 train_imit=0.17546219 mean_w=0.0610 active=0.8006 s_dense=0.00 s_pos=0.0000 s_sel=0.0000 s_sel_pos=0.0000 s_hot_err=0.000000 s_bg_err=0.000000 s_gap=0.000000 conf_cos=0.0000 conf_proj=0.00 val_mse=0.39681433 val_mae=0.44430360 | p_pos=0.0000 p_dense=0.00 p_sel=0.0000 p_sel_pos=0.0000 p_hot_err=0.000000 p_bg_err=0.000000 p_gap=0.000000 peer_val_mse=0.27600091 peer_val_mae=0.34699602
[worker2/etth1_all_methods_long_v2] [time_series][epoch 019] lambda=0.0008 g_scale=0.000 train_total=0.11327207 train_sup=0.11313206 train_imit=0.17555653 mean_w=0.0620 active=0.8110 s_dense=0.00 s_pos=0.0000 s_sel=0.0000 s_sel_pos=0.0000 s_hot_err=0.000000 s_bg_err=0.000000 s_gap=0.000000 conf_cos=0.0000 conf_proj=0.00 val_mse=0.38570348 val_mae=0.43026259 | p_pos=0.0000 p_dense=0.00 p_sel=0.0000 p_sel_pos=0.0000 p_hot_err=0.000000 p_bg_err=0.000000 p_gap=0.000000 peer_val_mse=0.27341169 peer_val_mae=0.34176745
[worker2/etth1_all_methods_long_v2] [time_series][epoch 020] lambda=0.0008 g_scale=0.000 train_total=0.11037922 train_sup=0.11024090 train_imit=0.17847681 mean_w=0.0630 active=0.8178 s_dense=0.00 s_pos=0.0000 s_sel=0.0000 s_sel_pos=0.0000 s_hot_err=0.000000 s_bg_err=0.000000 s_gap=0.000000 conf_cos=0.0000 conf_proj=0.00 val_mse=0.37632780 val_mae=0.42319024 | p_pos=0.0000 p_dense=0.00 p_sel=0.0000 p_sel_pos=0.0000 p_hot_err=0.000000 p_bg_err=0.000000 p_gap=0.000000 peer_val_mse=0.27576985 peer_val_mae=0.34654565
[worker2/etth1_all_methods_long_v2] [time_series][epoch 020] updated live plot
[worker2/etth1_all_methods_long_v2] [time_series][epoch 021] lambda=0.0008 g_scale=0.000 train_total=0.10853060 train_sup=0.10839877 train_imit=0.17519052 mean_w=0.0639 active=0.8293 s_dense=0.00 s_pos=0.0000 s_sel=0.0000 s_sel_pos=0.0000 s_hot_err=0.000000 s_bg_err=0.000000 s_gap=0.000000 conf_cos=0.0000 conf_proj=0.00 val_mse=0.39268520 val_mae=0.43689685 | p_pos=0.0000 p_dense=0.00 p_sel=0.0000 p_sel_pos=0.0000 p_hot_err=0.000000 p_bg_err=0.000000 p_gap=0.000000 peer_val_mse=0.27348485 peer_val_mae=0.34153716
[worker2/etth1_all_methods_long_v2] [time_series][epoch 022] lambda=0.0007 g_scale=0.000 train_total=0.10664996 train_sup=0.10651914 train_imit=0.17919886 mean_w=0.0646 active=0.8317 s_dense=0.00 s_pos=0.0000 s_sel=0.0000 s_sel_pos=0.0000 s_hot_err=0.000000 s_bg_err=0.000000 s_gap=0.000000 conf_cos=0.0000 conf_proj=0.00 val_mse=0.38525237 val_mae=0.43198765 | p_pos=0.0000 p_dense=0.00 p_sel=0.0000 p_sel_pos=0.0000 p_hot_err=0.000000 p_bg_err=0.000000 p_gap=0.000000 peer_val_mse=0.27560296 peer_val_mae=0.34416572
[worker2/etth1_all_methods_long_v2] [time_series][epoch 023] lambda=0.0007 g_scale=0.000 train_total=0.10447748 train_sup=0.10435216 train_imit=0.17713315 mean_w=0.0655 active=0.8407 s_dense=0.00 s_pos=0.0000 s_sel=0.0000 s_sel_pos=0.0000 s_hot_err=0.000000 s_bg_err=0.000000 s_gap=0.000000 conf_cos=0.0000 conf_proj=0.00 val_mse=0.38560681 val_mae=0.43608473 | p_pos=0.0000 p_dense=0.00 p_sel=0.0000 p_sel_pos=0.0000 p_hot_err=0.000000 p_bg_err=0.000000 p_gap=0.000000 peer_val_mse=0.27317524 peer_val_mae=0.34178063
[worker2/etth1_all_methods_long_v2] [time_series][epoch 024] lambda=0.0007 g_scale=0.000 train_total=0.10328372 train_sup=0.10316311 train_imit=0.17607290 mean_w=0.0660 active=0.8488 s_dense=0.00 s_pos=0.0000 s_sel=0.0000 s_sel_pos=0.0000 s_hot_err=0.000000 s_bg_err=0.000000 s_gap=0.000000 conf_cos=0.0000 conf_proj=0.00 val_mse=0.40116836 val_mae=0.44204663 | p_pos=0.0000 p_dense=0.00 p_sel=0.0000 p_sel_pos=0.0000 p_hot_err=0.000000 p_bg_err=0.000000 p_gap=0.000000 peer_val_mse=0.27349652 peer_val_mae=0.34226399
[worker2/etth1_all_methods_long_v2] [time_series][epoch 025] lambda=0.0007 g_scale=0.000 train_total=0.10175299 train_sup=0.10163507 train_imit=0.17798976 mean_w=0.0666 active=0.8521 s_dense=0.00 s_pos=0.0000 s_sel=0.0000 s_sel_pos=0.0000 s_hot_err=0.000000 s_bg_err=0.000000 s_gap=0.000000 conf_cos=0.0000 conf_proj=0.00 val_mse=0.41234005 val_mae=0.44451799 | p_pos=0.0000 p_dense=0.00 p_sel=0.0000 p_sel_pos=0.0000 p_hot_err=0.000000 p_bg_err=0.000000 p_gap=0.000000 peer_val_mse=0.27574402 peer_val_mae=0.34751122
[worker2/etth1_all_methods_long_v2] [time_series][epoch 026] lambda=0.0006 g_scale=0.000 train_total=0.10034836 train_sup=0.10023356 train_imit=0.17937985 mean_w=0.0672 active=0.8588 s_dense=0.00 s_pos=0.0000 s_sel=0.0000 s_sel_pos=0.0000 s_hot_err=0.000000 s_bg_err=0.000000 s_gap=0.000000 conf_cos=0.0000 conf_proj=0.00 val_mse=0.40393707 val_mae=0.43970468 | p_pos=0.0000 p_dense=0.00 p_sel=0.0000 p_sel_pos=0.0000 p_hot_err=0.000000 p_bg_err=0.000000 p_gap=0.000000 peer_val_mse=0.27724208 peer_val_mae=0.34968493
[worker2/etth1_all_methods_long_v2] [time_series][epoch 027] lambda=0.0006 g_scale=0.000 train_total=0.09945057 train_sup=0.09934119 train_imit=0.17712855 mean_w=0.0676 active=0.8585 s_dense=0.00 s_pos=0.0000 s_sel=0.0000 s_sel_pos=0.0000 s_hot_err=0.000000 s_bg_err=0.000000 s_gap=0.000000 conf_cos=0.0000 conf_proj=0.00 val_mse=0.38235254 val_mae=0.42554089 | p_pos=0.0000 p_dense=0.00 p_sel=0.0000 p_sel_pos=0.0000 p_hot_err=0.000000 p_bg_err=0.000000 p_gap=0.000000 peer_val_mse=0.27428554 peer_val_mae=0.34304747
[worker2/etth1_all_methods_long_v2] [time_series][epoch 028] lambda=0.0006 g_scale=0.000 train_total=0.09790530 train_sup=0.09779951 train_imit=0.17779285 mean_w=0.0684 active=0.8654 s_dense=0.00 s_pos=0.0000 s_sel=0.0000 s_sel_pos=0.0000 s_hot_err=0.000000 s_bg_err=0.000000 s_gap=0.000000 conf_cos=0.0000 conf_proj=0.00 val_mse=0.39763788 val_mae=0.43931618 | p_pos=0.0000 p_dense=0.00 p_sel=0.0000 p_sel_pos=0.0000 p_hot_err=0.000000 p_bg_err=0.000000 p_gap=0.000000 peer_val_mse=0.27198537 peer_val_mae=0.34123376
[worker2/etth1_all_methods_long_v2] [time_series][epoch 029] lambda=0.0006 g_scale=0.000 train_total=0.09640887 train_sup=0.09630738 train_imit=0.17728196 mean_w=0.0689 active=0.8747 s_dense=0.00 s_pos=0.0000 s_sel=0.0000 s_sel_pos=0.0000 s_hot_err=0.000000 s_bg_err=0.000000 s_gap=0.000000 conf_cos=0.0000 conf_proj=0.00 val_mse=0.39832212 val_mae=0.43572845 | p_pos=0.0000 p_dense=0.00 p_sel=0.0000 p_sel_pos=0.0000 p_hot_err=0.000000 p_bg_err=0.000000 p_gap=0.000000 peer_val_mse=0.27250776 peer_val_mae=0.34005878
[worker2/etth1_all_methods_long_v2] [time_series][epoch 030] lambda=0.0006 g_scale=0.000 train_total=0.09501137 train_sup=0.09491343 train_imit=0.17808581 mean_w=0.0695 active=0.8730 s_dense=0.00 s_pos=0.0000 s_sel=0.0000 s_sel_pos=0.0000 s_hot_err=0.000000 s_bg_err=0.000000 s_gap=0.000000 conf_cos=0.0000 conf_proj=0.00 val_mse=0.41417499 val_mae=0.44946169 | p_pos=0.0000 p_dense=0.00 p_sel=0.0000 p_sel_pos=0.0000 p_hot_err=0.000000 p_bg_err=0.000000 p_gap=0.000000 peer_val_mse=0.27521779 peer_val_mae=0.34553030
[worker2/etth1_all_methods_long_v2] [time_series][epoch 030] updated live plot
[worker2/etth1_all_methods_long_v2] [time_series][epoch 031] lambda=0.0005 g_scale=0.000 train_total=0.09514061 train_sup=0.09504701 train_imit=0.17745266 mean_w=0.0694 active=0.8753 s_dense=0.00 s_pos=0.0000 s_sel=0.0000 s_sel_pos=0.0000 s_hot_err=0.000000 s_bg_err=0.000000 s_gap=0.000000 conf_cos=0.0000 conf_proj=0.00 val_mse=0.41564338 val_mae=0.45304396 | p_pos=0.0000 p_dense=0.00 p_sel=0.0000 p_sel_pos=0.0000 p_hot_err=0.000000 p_bg_err=0.000000 p_gap=0.000000 peer_val_mse=0.27457609 peer_val_mae=0.34342076
[worker2/etth1_all_methods_long_v2] [time_series][epoch 032] lambda=0.0005 g_scale=0.000 train_total=0.09401521 train_sup=0.09392518 train_imit=0.17827035 mean_w=0.0699 active=0.8770 s_dense=0.00 s_pos=0.0000 s_sel=0.0000 s_sel_pos=0.0000 s_hot_err=0.000000 s_bg_err=0.000000 s_gap=0.000000 conf_cos=0.0000 conf_proj=0.00 val_mse=0.38744141 val_mae=0.43514590 | p_pos=0.0000 p_dense=0.00 p_sel=0.0000 p_sel_pos=0.0000 p_hot_err=0.000000 p_bg_err=0.000000 p_gap=0.000000 peer_val_mse=0.27289569 peer_val_mae=0.34175573
[worker2/etth1_all_methods_long_v2] [time_series][epoch 033] lambda=0.0005 g_scale=0.000 train_total=0.09271069 train_sup=0.09262466 train_imit=0.17829291 mean_w=0.0706 active=0.8856 s_dense=0.00 s_pos=0.0000 s_sel=0.0000 s_sel_pos=0.0000 s_hot_err=0.000000 s_bg_err=0.000000 s_gap=0.000000 conf_cos=0.0000 conf_proj=0.00 val_mse=0.38241459 val_mae=0.42912277 | p_pos=0.0000 p_dense=0.00 p_sel=0.0000 p_sel_pos=0.0000 p_hot_err=0.000000 p_bg_err=0.000000 p_gap=0.000000 peer_val_mse=0.27418694 peer_val_mae=0.34356241
[worker2/etth1_all_methods_long_v2] [time_series][epoch 034] lambda=0.0005 g_scale=0.000 train_total=0.09208706 train_sup=0.09200480 train_imit=0.17881175 mean_w=0.0707 active=0.8886 s_dense=0.00 s_pos=0.0000 s_sel=0.0000 s_sel_pos=0.0000 s_hot_err=0.000000 s_bg_err=0.000000 s_gap=0.000000 conf_cos=0.0000 conf_proj=0.00 val_mse=0.38657758 val_mae=0.43404994 | p_pos=0.0000 p_dense=0.00 p_sel=0.0000 p_sel_pos=0.0000 p_hot_err=0.000000 p_bg_err=0.000000 p_gap=0.000000 peer_val_mse=0.27640589 peer_val_mae=0.34535845
[worker2/etth1_all_methods_long_v2] [time_series][epoch 035] lambda=0.0004 g_scale=0.000 train_total=0.09091854 train_sup=0.09084013 train_imit=0.17924071 mean_w=0.0715 active=0.8918 s_dense=0.00 s_pos=0.0000 s_sel=0.0000 s_sel_pos=0.0000 s_hot_err=0.000000 s_bg_err=0.000000 s_gap=0.000000 conf_cos=0.0000 conf_proj=0.00 val_mse=0.37656935 val_mae=0.43132162 | p_pos=0.0000 p_dense=0.00 p_sel=0.0000 p_sel_pos=0.0000 p_hot_err=0.000000 p_bg_err=0.000000 p_gap=0.000000 peer_val_mse=0.27284523 peer_val_mae=0.34218797
[worker2/etth1_all_methods_long_v2] [time_series][epoch 036] lambda=0.0004 g_scale=0.000 train_total=0.09054317 train_sup=0.09046914 train_imit=0.17837899 mean_w=0.0714 active=0.8925 s_dense=0.00 s_pos=0.0000 s_sel=0.0000 s_sel_pos=0.0000 s_hot_err=0.000000 s_bg_err=0.000000 s_gap=0.000000 conf_cos=0.0000 conf_proj=0.00 val_mse=0.39172421 val_mae=0.42988330 | p_pos=0.0000 p_dense=0.00 p_sel=0.0000 p_sel_pos=0.0000 p_hot_err=0.000000 p_bg_err=0.000000 p_gap=0.000000 peer_val_mse=0.27437883 peer_val_mae=0.34186109
[worker2/etth1_all_methods_long_v2] [time_series][epoch 037] lambda=0.0004 g_scale=0.000 train_total=0.08916256 train_sup=0.08909171 train_imit=0.18049541 mean_w=0.0719 active=0.8964 s_dense=0.00 s_pos=0.0000 s_sel=0.0000 s_sel_pos=0.0000 s_hot_err=0.000000 s_bg_err=0.000000 s_gap=0.000000 conf_cos=0.0000 conf_proj=0.00 val_mse=0.39832345 val_mae=0.43914360 | p_pos=0.0000 p_dense=0.00 p_sel=0.0000 p_sel_pos=0.0000 p_hot_err=0.000000 p_bg_err=0.000000 p_gap=0.000000 peer_val_mse=0.27611771 peer_val_mae=0.34704265
[worker2/etth1_all_methods_long_v2] [time_series][epoch 038] lambda=0.0004 g_scale=0.000 train_total=0.08945197 train_sup=0.08938584 train_imit=0.17873883 mean_w=0.0718 active=0.8940 s_dense=0.00 s_pos=0.0000 s_sel=0.0000 s_sel_pos=0.0000 s_hot_err=0.000000 s_bg_err=0.000000 s_gap=0.000000 conf_cos=0.0000 conf_proj=0.00 val_mse=0.42021519 val_mae=0.45430179 | p_pos=0.0000 p_dense=0.00 p_sel=0.0000 p_sel_pos=0.0000 p_hot_err=0.000000 p_bg_err=0.000000 p_gap=0.000000 peer_val_mse=0.27455139 peer_val_mae=0.34263373
[worker2/etth1_all_methods_long_v2] [time_series][epoch 039] lambda=0.0003 g_scale=0.000 train_total=0.08810201 train_sup=0.08803961 train_imit=0.17957399 mean_w=0.0724 active=0.8992 s_dense=0.00 s_pos=0.0000 s_sel=0.0000 s_sel_pos=0.0000 s_hot_err=0.000000 s_bg_err=0.000000 s_gap=0.000000 conf_cos=0.0000 conf_proj=0.00 val_mse=0.40000657 val_mae=0.44576172 | p_pos=0.0000 p_dense=0.00 p_sel=0.0000 p_sel_pos=0.0000 p_hot_err=0.000000 p_bg_err=0.000000 p_gap=0.000000 peer_val_mse=0.27552138 peer_val_mae=0.34599734
[worker2/etth1_all_methods_long_v2] [time_series][epoch 040] lambda=0.0003 g_scale=0.000 train_total=0.08712399 train_sup=0.08706529 train_imit=0.18060989 mean_w=0.0729 active=0.9034 s_dense=0.00 s_pos=0.0000 s_sel=0.0000 s_sel_pos=0.0000 s_hot_err=0.000000 s_bg_err=0.000000 s_gap=0.000000 conf_cos=0.0000 conf_proj=0.00 val_mse=0.40225217 val_mae=0.44393148 | p_pos=0.0000 p_dense=0.00 p_sel=0.0000 p_sel_pos=0.0000 p_hot_err=0.000000 p_bg_err=0.000000 p_gap=0.000000 peer_val_mse=0.27304908 peer_val_mae=0.34245218
[worker2/etth1_all_methods_long_v2] [time_series][epoch 040] updated live plot
[worker2/etth1_all_methods_long_v2] [time_series][epoch 041] lambda=0.0003 g_scale=0.000 train_total=0.08701237 train_sup=0.08695775 train_imit=0.18058021 mean_w=0.0729 active=0.9043 s_dense=0.00 s_pos=0.0000 s_sel=0.0000 s_sel_pos=0.0000 s_hot_err=0.000000 s_bg_err=0.000000 s_gap=0.000000 conf_cos=0.0000 conf_proj=0.00 val_mse=0.41483050 val_mae=0.45171310 | p_pos=0.0000 p_dense=0.00 p_sel=0.0000 p_sel_pos=0.0000 p_hot_err=0.000000 p_bg_err=0.000000 p_gap=0.000000 peer_val_mse=0.27603329 peer_val_mae=0.34463962
[worker2/etth1_all_methods_long_v2] [time_series][epoch 042] lambda=0.0003 g_scale=0.000 train_total=0.08580459 train_sup=0.08575428 train_imit=0.17969883 mean_w=0.0733 active=0.9043 s_dense=0.00 s_pos=0.0000 s_sel=0.0000 s_sel_pos=0.0000 s_hot_err=0.000000 s_bg_err=0.000000 s_gap=0.000000 conf_cos=0.0000 conf_proj=0.00 val_mse=0.43425164 val_mae=0.46213836 | p_pos=0.0000 p_dense=0.00 p_sel=0.0000 p_sel_pos=0.0000 p_hot_err=0.000000 p_bg_err=0.000000 p_gap=0.000000 peer_val_mse=0.27364088 peer_val_mae=0.34247090
[worker2/etth1_all_methods_long_v2] [time_series][epoch 043] lambda=0.0003 g_scale=0.000 train_total=0.08528841 train_sup=0.08524226 train_imit=0.17923347 mean_w=0.0738 active=0.9103 s_dense=0.00 s_pos=0.0000 s_sel=0.0000 s_sel_pos=0.0000 s_hot_err=0.000000 s_bg_err=0.000000 s_gap=0.000000 conf_cos=0.0000 conf_proj=0.00 val_mse=0.39752421 val_mae=0.44017256 | p_pos=0.0000 p_dense=0.00 p_sel=0.0000 p_sel_pos=0.0000 p_hot_err=0.000000 p_bg_err=0.000000 p_gap=0.000000 peer_val_mse=0.27428582 peer_val_mae=0.34288359
[worker2/etth1_all_methods_long_v2] [time_series][epoch 044] lambda=0.0002 g_scale=0.000 train_total=0.08451218 train_sup=0.08446976 train_imit=0.18050439 mean_w=0.0739 active=0.9076 s_dense=0.00 s_pos=0.0000 s_sel=0.0000 s_sel_pos=0.0000 s_hot_err=0.000000 s_bg_err=0.000000 s_gap=0.000000 conf_cos=0.0000 conf_proj=0.00 val_mse=0.41484020 val_mae=0.45064487 | p_pos=0.0000 p_dense=0.00 p_sel=0.0000 p_sel_pos=0.0000 p_hot_err=0.000000 p_bg_err=0.000000 p_gap=0.000000 peer_val_mse=0.27386362 peer_val_mae=0.34238361
[worker2/etth1_all_methods_long_v2] [time_series][epoch 045] lambda=0.0002 g_scale=0.000 train_total=0.08430042 train_sup=0.08426196 train_imit=0.18097597 mean_w=0.0741 active=0.9116 s_dense=0.00 s_pos=0.0000 s_sel=0.0000 s_sel_pos=0.0000 s_hot_err=0.000000 s_bg_err=0.000000 s_gap=0.000000 conf_cos=0.0000 conf_proj=0.00 val_mse=0.40346628 val_mae=0.44837527 | p_pos=0.0000 p_dense=0.00 p_sel=0.0000 p_sel_pos=0.0000 p_hot_err=0.000000 p_bg_err=0.000000 p_gap=0.000000 peer_val_mse=0.27533874 peer_val_mae=0.34492450
[worker2/etth1_all_methods_long_v2] [time_series][epoch 046] lambda=0.0002 g_scale=0.000 train_total=0.08426542 train_sup=0.08423112 train_imit=0.18053136 mean_w=0.0742 active=0.9114 s_dense=0.00 s_pos=0.0000 s_sel=0.0000 s_sel_pos=0.0000 s_hot_err=0.000000 s_bg_err=0.000000 s_gap=0.000000 conf_cos=0.0000 conf_proj=0.00 val_mse=0.39473003 val_mae=0.43507521 | p_pos=0.0000 p_dense=0.00 p_sel=0.0000 p_sel_pos=0.0000 p_hot_err=0.000000 p_bg_err=0.000000 p_gap=0.000000 peer_val_mse=0.27727756 peer_val_mae=0.34860011
[worker2/etth1_all_methods_long_v2] [time_series][epoch 047] lambda=0.0002 g_scale=0.000 train_total=0.08309600 train_sup=0.08306555 train_imit=0.18180697 mean_w=0.0746 active=0.9153 s_dense=0.00 s_pos=0.0000 s_sel=0.0000 s_sel_pos=0.0000 s_hot_err=0.000000 s_bg_err=0.000000 s_gap=0.000000 conf_cos=0.0000 conf_proj=0.00 val_mse=0.39778190 val_mae=0.44086732 | p_pos=0.0000 p_dense=0.00 p_sel=0.0000 p_sel_pos=0.0000 p_hot_err=0.000000 p_bg_err=0.000000 p_gap=0.000000 peer_val_mse=0.27305376 peer_val_mae=0.34103049
[worker2/etth1_all_methods_long_v2] [time_series][epoch 048] lambda=0.0001 g_scale=0.000 train_total=0.08282987 train_sup=0.08280379 train_imit=0.17983258 mean_w=0.0747 active=0.9189 s_dense=0.00 s_pos=0.0000 s_sel=0.0000 s_sel_pos=0.0000 s_hot_err=0.000000 s_bg_err=0.000000 s_gap=0.000000 conf_cos=0.0000 conf_proj=0.00 val_mse=0.38459581 val_mae=0.43164037 | p_pos=0.0000 p_dense=0.00 p_sel=0.0000 p_sel_pos=0.0000 p_hot_err=0.000000 p_bg_err=0.000000 p_gap=0.000000 peer_val_mse=0.27394141 peer_val_mae=0.34143004
[worker2/etth1_all_methods_long_v2] [time_series][epoch 049] lambda=0.0001 g_scale=0.000 train_total=0.08217767 train_sup=0.08215549 train_imit=0.18103539 mean_w=0.0750 active=0.9188 s_dense=0.00 s_pos=0.0000 s_sel=0.0000 s_sel_pos=0.0000 s_hot_err=0.000000 s_bg_err=0.000000 s_gap=0.000000 conf_cos=0.0000 conf_proj=0.00 val_mse=0.38730534 val_mae=0.43468282 | p_pos=0.0000 p_dense=0.00 p_sel=0.0000 p_sel_pos=0.0000 p_hot_err=0.000000 p_bg_err=0.000000 p_gap=0.000000 peer_val_mse=0.27453924 peer_val_mae=0.34266975
[worker2/etth1_all_methods_long_v2] [time_series][epoch 050] lambda=0.0001 g_scale=0.000 train_total=0.08203857 train_sup=0.08202059 train_imit=0.17980665 mean_w=0.0749 active=0.9180 s_dense=0.00 s_pos=0.0000 s_sel=0.0000 s_sel_pos=0.0000 s_hot_err=0.000000 s_bg_err=0.000000 s_gap=0.000000 conf_cos=0.0000 conf_proj=0.00 val_mse=0.38435630 val_mae=0.44040791 | p_pos=0.0000 p_dense=0.00 p_sel=0.0000 p_sel_pos=0.0000 p_hot_err=0.000000 p_bg_err=0.000000 p_gap=0.000000 peer_val_mse=0.27407211 peer_val_mae=0.34517049
[worker2/etth1_all_methods_long_v2] [time_series][epoch 050] updated live plot
[worker2/etth1_all_methods_long_v2] [time_series][epoch 051] lambda=0.0001 g_scale=0.000 train_total=0.08122489 train_sup=0.08120673 train_imit=0.18159718 mean_w=0.0754 active=0.9212 s_dense=0.00 s_pos=0.0000 s_sel=0.0000 s_sel_pos=0.0000 s_hot_err=0.000000 s_bg_err=0.000000 s_gap=0.000000 conf_cos=0.0000 conf_proj=0.00 val_mse=0.39368706 val_mae=0.43976589 | p_pos=0.0000 p_dense=0.00 p_sel=0.0000 p_sel_pos=0.0000 p_hot_err=0.000000 p_bg_err=0.000000 p_gap=0.000000 peer_val_mse=0.27457454 peer_val_mae=0.34393237
[worker2/etth1_all_methods_long_v2] [time_series][epoch 052] lambda=0.0001 g_scale=0.000 train_total=0.08142644 train_sup=0.08140836 train_imit=0.18074380 mean_w=0.0754 active=0.9217 s_dense=0.00 s_pos=0.0000 s_sel=0.0000 s_sel_pos=0.0000 s_hot_err=0.000000 s_bg_err=0.000000 s_gap=0.000000 conf_cos=0.0000 conf_proj=0.00 val_mse=0.39288331 val_mae=0.43960766 | p_pos=0.0000 p_dense=0.00 p_sel=0.0000 p_sel_pos=0.0000 p_hot_err=0.000000 p_bg_err=0.000000 p_gap=0.000000 peer_val_mse=0.27564318 peer_val_mae=0.34607604
[worker2/etth1_all_methods_long_v2] [time_series][epoch 053] lambda=0.0001 g_scale=0.000 train_total=0.08064567 train_sup=0.08062748 train_imit=0.18187390 mean_w=0.0756 active=0.9219 s_dense=0.00 s_pos=0.0000 s_sel=0.0000 s_sel_pos=0.0000 s_hot_err=0.000000 s_bg_err=0.000000 s_gap=0.000000 conf_cos=0.0000 conf_proj=0.00 val_mse=0.40275213 val_mae=0.44794305 | p_pos=0.0000 p_dense=0.00 p_sel=0.0000 p_sel_pos=0.0000 p_hot_err=0.000000 p_bg_err=0.000000 p_gap=0.000000 peer_val_mse=0.27414132 peer_val_mae=0.34316467
[worker2/etth1_all_methods_long_v2] [time_series][epoch 054] lambda=0.0001 g_scale=0.000 train_total=0.07984271 train_sup=0.07982449 train_imit=0.18213540 mean_w=0.0760 active=0.9270 s_dense=0.00 s_pos=0.0000 s_sel=0.0000 s_sel_pos=0.0000 s_hot_err=0.000000 s_bg_err=0.000000 s_gap=0.000000 conf_cos=0.0000 conf_proj=0.00 val_mse=0.38369048 val_mae=0.43748158 | p_pos=0.0000 p_dense=0.00 p_sel=0.0000 p_sel_pos=0.0000 p_hot_err=0.000000 p_bg_err=0.000000 p_gap=0.000000 peer_val_mse=0.27566814 peer_val_mae=0.34586664
[worker2/etth1_all_methods_long_v2] [time_series][epoch 055] lambda=0.0001 g_scale=0.000 train_total=0.07947009 train_sup=0.07945211 train_imit=0.17985998 mean_w=0.0763 active=0.9270 s_dense=0.00 s_pos=0.0000 s_sel=0.0000 s_sel_pos=0.0000 s_hot_err=0.000000 s_bg_err=0.000000 s_gap=0.000000 conf_cos=0.0000 conf_proj=0.00 val_mse=0.39627525 val_mae=0.43962342 | p_pos=0.0000 p_dense=0.00 p_sel=0.0000 p_sel_pos=0.0000 p_hot_err=0.000000 p_bg_err=0.000000 p_gap=0.000000 peer_val_mse=0.27492381 peer_val_mae=0.34424953
[worker2/etth1_all_methods_long_v2] [time_series][epoch 056] lambda=0.0001 g_scale=0.000 train_total=0.07969148 train_sup=0.07967347 train_imit=0.18011542 mean_w=0.0762 active=0.9258 s_dense=0.00 s_pos=0.0000 s_sel=0.0000 s_sel_pos=0.0000 s_hot_err=0.000000 s_bg_err=0.000000 s_gap=0.000000 conf_cos=0.0000 conf_proj=0.00 val_mse=0.38134836 val_mae=0.43397038 | p_pos=0.0000 p_dense=0.00 p_sel=0.0000 p_sel_pos=0.0000 p_hot_err=0.000000 p_bg_err=0.000000 p_gap=0.000000 peer_val_mse=0.27334685 peer_val_mae=0.34137875
[worker2/etth1_all_methods_long_v2] [time_series][epoch 057] lambda=0.0001 g_scale=0.000 train_total=0.07891523 train_sup=0.07889707 train_imit=0.18167718 mean_w=0.0765 active=0.9304 s_dense=0.00 s_pos=0.0000 s_sel=0.0000 s_sel_pos=0.0000 s_hot_err=0.000000 s_bg_err=0.000000 s_gap=0.000000 conf_cos=0.0000 conf_proj=0.00 val_mse=0.38193298 val_mae=0.43516755 | p_pos=0.0000 p_dense=0.00 p_sel=0.0000 p_sel_pos=0.0000 p_hot_err=0.000000 p_bg_err=0.000000 p_gap=0.000000 peer_val_mse=0.27663743 peer_val_mae=0.34756050
[worker2/etth1_all_methods_long_v2] [time_series][epoch 058] lambda=0.0001 g_scale=0.000 train_total=0.07817890 train_sup=0.07816087 train_imit=0.18031996 mean_w=0.0768 active=0.9314 s_dense=0.00 s_pos=0.0000 s_sel=0.0000 s_sel_pos=0.0000 s_hot_err=0.000000 s_bg_err=0.000000 s_gap=0.000000 conf_cos=0.0000 conf_proj=0.00 val_mse=0.39193617 val_mae=0.44167316 | p_pos=0.0000 p_dense=0.00 p_sel=0.0000 p_sel_pos=0.0000 p_hot_err=0.000000 p_bg_err=0.000000 p_gap=0.000000 peer_val_mse=0.27582614 peer_val_mae=0.34526314
[worker2/etth1_all_methods_long_v2] [time_series][epoch 059] lambda=0.0001 g_scale=0.000 train_total=0.07837725 train_sup=0.07835927 train_imit=0.17973907 mean_w=0.0767 active=0.9333 s_dense=0.00 s_pos=0.0000 s_sel=0.0000 s_sel_pos=0.0000 s_hot_err=0.000000 s_bg_err=0.000000 s_gap=0.000000 conf_cos=0.0000 conf_proj=0.00 val_mse=0.40682834 val_mae=0.44938412 | p_pos=0.0000 p_dense=0.00 p_sel=0.0000 p_sel_pos=0.0000 p_hot_err=0.000000 p_bg_err=0.000000 p_gap=0.000000 peer_val_mse=0.27547892 peer_val_mae=0.34645862
[worker2/etth1_all_methods_long_v2] [time_series][epoch 060] lambda=0.0001 g_scale=0.000 train_total=0.07814205 train_sup=0.07812392 train_imit=0.18124192 mean_w=0.0768 active=0.9312 s_dense=0.00 s_pos=0.0000 s_sel=0.0000 s_sel_pos=0.0000 s_hot_err=0.000000 s_bg_err=0.000000 s_gap=0.000000 conf_cos=0.0000 conf_proj=0.00 val_mse=0.39297715 val_mae=0.44417807 | p_pos=0.0000 p_dense=0.00 p_sel=0.0000 p_sel_pos=0.0000 p_hot_err=0.000000 p_bg_err=0.000000 p_gap=0.000000 peer_val_mse=0.27408004 peer_val_mae=0.34308882
[worker2/etth1_all_methods_long_v2] [time_series][epoch 060] updated live plot
[worker2/etth1_all_methods_long_v2] [time_series][epoch 061] lambda=0.0001 g_scale=0.000 train_total=0.07789322 train_sup=0.07787516 train_imit=0.18065020 mean_w=0.0768 active=0.9324 s_dense=0.00 s_pos=0.0000 s_sel=0.0000 s_sel_pos=0.0000 s_hot_err=0.000000 s_bg_err=0.000000 s_gap=0.000000 conf_cos=0.0000 conf_proj=0.00 val_mse=0.38160299 val_mae=0.43553717 | p_pos=0.0000 p_dense=0.00 p_sel=0.0000 p_sel_pos=0.0000 p_hot_err=0.000000 p_bg_err=0.000000 p_gap=0.000000 peer_val_mse=0.27238773 peer_val_mae=0.34107690
[worker2/etth1_all_methods_long_v2] [time_series][epoch 062] lambda=0.0001 g_scale=0.000 train_total=0.07721714 train_sup=0.07719899 train_imit=0.18145358 mean_w=0.0771 active=0.9316 s_dense=0.00 s_pos=0.0000 s_sel=0.0000 s_sel_pos=0.0000 s_hot_err=0.000000 s_bg_err=0.000000 s_gap=0.000000 conf_cos=0.0000 conf_proj=0.00 val_mse=0.37964291 val_mae=0.43374041 | p_pos=0.0000 p_dense=0.00 p_sel=0.0000 p_sel_pos=0.0000 p_hot_err=0.000000 p_bg_err=0.000000 p_gap=0.000000 peer_val_mse=0.27426119 peer_val_mae=0.34321789
[worker2/etth1_all_methods_long_v2] [time_series][epoch 063] lambda=0.0001 g_scale=0.000 train_total=0.07717827 train_sup=0.07716011 train_imit=0.18165039 mean_w=0.0773 active=0.9352 s_dense=0.00 s_pos=0.0000 s_sel=0.0000 s_sel_pos=0.0000 s_hot_err=0.000000 s_bg_err=0.000000 s_gap=0.000000 conf_cos=0.0000 conf_proj=0.00 val_mse=0.39448078 val_mae=0.44355279 | p_pos=0.0000 p_dense=0.00 p_sel=0.0000 p_sel_pos=0.0000 p_hot_err=0.000000 p_bg_err=0.000000 p_gap=0.000000 peer_val_mse=0.27530565 peer_val_mae=0.34314627
[worker2/etth1_all_methods_long_v2] [time_series][epoch 064] lambda=0.0001 g_scale=0.000 train_total=0.07657867 train_sup=0.07656068 train_imit=0.17991625 mean_w=0.0774 active=0.9357 s_dense=0.00 s_pos=0.0000 s_sel=0.0000 s_sel_pos=0.0000 s_hot_err=0.000000 s_bg_err=0.000000 s_gap=0.000000 conf_cos=0.0000 conf_proj=0.00 val_mse=0.40280229 val_mae=0.45075200 | p_pos=0.0000 p_dense=0.00 p_sel=0.0000 p_sel_pos=0.0000 p_hot_err=0.000000 p_bg_err=0.000000 p_gap=0.000000 peer_val_mse=0.27660237 peer_val_mae=0.34805626
[worker2/etth1_all_methods_long_v2] [time_series][epoch 065] lambda=0.0001 g_scale=0.000 train_total=0.07651869 train_sup=0.07650054 train_imit=0.18143350 mean_w=0.0774 active=0.9358 s_dense=0.00 s_pos=0.0000 s_sel=0.0000 s_sel_pos=0.0000 s_hot_err=0.000000 s_bg_err=0.000000 s_gap=0.000000 conf_cos=0.0000 conf_proj=0.00 val_mse=0.39192841 val_mae=0.44212013 | p_pos=0.0000 p_dense=0.00 p_sel=0.0000 p_sel_pos=0.0000 p_hot_err=0.000000 p_bg_err=0.000000 p_gap=0.000000 peer_val_mse=0.27750611 peer_val_mae=0.34704513
[worker2/etth1_all_methods_long_v2] [time_series][epoch 066] lambda=0.0001 g_scale=0.000 train_total=0.07606346 train_sup=0.07604547 train_imit=0.17993952 mean_w=0.0777 active=0.9385 s_dense=0.00 s_pos=0.0000 s_sel=0.0000 s_sel_pos=0.0000 s_hot_err=0.000000 s_bg_err=0.000000 s_gap=0.000000 conf_cos=0.0000 conf_proj=0.00 val_mse=0.39811891 val_mae=0.44856943 | p_pos=0.0000 p_dense=0.00 p_sel=0.0000 p_sel_pos=0.0000 p_hot_err=0.000000 p_bg_err=0.000000 p_gap=0.000000 peer_val_mse=0.27575064 peer_val_mae=0.34610025
[worker2/etth1_all_methods_long_v2] [time_series][epoch 067] lambda=0.0001 g_scale=0.000 train_total=0.07558927 train_sup=0.07557120 train_imit=0.18066568 mean_w=0.0780 active=0.9388 s_dense=0.00 s_pos=0.0000 s_sel=0.0000 s_sel_pos=0.0000 s_hot_err=0.000000 s_bg_err=0.000000 s_gap=0.000000 conf_cos=0.0000 conf_proj=0.00 val_mse=0.37919739 val_mae=0.43244474 | p_pos=0.0000 p_dense=0.00 p_sel=0.0000 p_sel_pos=0.0000 p_hot_err=0.000000 p_bg_err=0.000000 p_gap=0.000000 peer_val_mse=0.27392720 peer_val_mae=0.34241830
[worker2/etth1_all_methods_long_v2] [time_series][epoch 068] lambda=0.0001 g_scale=0.000 train_total=0.07558013 train_sup=0.07556207 train_imit=0.18058191 mean_w=0.0781 active=0.9380 s_dense=0.00 s_pos=0.0000 s_sel=0.0000 s_sel_pos=0.0000 s_hot_err=0.000000 s_bg_err=0.000000 s_gap=0.000000 conf_cos=0.0000 conf_proj=0.00 val_mse=0.38935222 val_mae=0.44064328 | p_pos=0.0000 p_dense=0.00 p_sel=0.0000 p_sel_pos=0.0000 p_hot_err=0.000000 p_bg_err=0.000000 p_gap=0.000000 peer_val_mse=0.27522941 peer_val_mae=0.34468359
[worker2/etth1_all_methods_long_v2] [time_series][epoch 069] lambda=0.0001 g_scale=0.000 train_total=0.07520907 train_sup=0.07519099 train_imit=0.18079096 mean_w=0.0782 active=0.9389 s_dense=0.00 s_pos=0.0000 s_sel=0.0000 s_sel_pos=0.0000 s_hot_err=0.000000 s_bg_err=0.000000 s_gap=0.000000 conf_cos=0.0000 conf_proj=0.00 val_mse=0.39029061 val_mae=0.43913329 | p_pos=0.0000 p_dense=0.00 p_sel=0.0000 p_sel_pos=0.0000 p_hot_err=0.000000 p_bg_err=0.000000 p_gap=0.000000 peer_val_mse=0.27458191 peer_val_mae=0.34368131
[worker2/etth1_all_methods_long_v2] [time_series][epoch 070] lambda=0.0001 g_scale=0.000 train_total=0.07505644 train_sup=0.07503836 train_imit=0.18086024 mean_w=0.0782 active=0.9409 s_dense=0.00 s_pos=0.0000 s_sel=0.0000 s_sel_pos=0.0000 s_hot_err=0.000000 s_bg_err=0.000000 s_gap=0.000000 conf_cos=0.0000 conf_proj=0.00 val_mse=0.37299298 val_mae=0.42799657 | p_pos=0.0000 p_dense=0.00 p_sel=0.0000 p_sel_pos=0.0000 p_hot_err=0.000000 p_bg_err=0.000000 p_gap=0.000000 peer_val_mse=0.27492100 peer_val_mae=0.34396873
[worker2/etth1_all_methods_long_v2] [time_series][epoch 070] updated live plot
[worker2/etth1_all_methods_long_v2] [time_series][epoch 071] lambda=0.0001 g_scale=0.000 train_total=0.07454307 train_sup=0.07452506 train_imit=0.18009524 mean_w=0.0784 active=0.9424 s_dense=0.00 s_pos=0.0000 s_sel=0.0000 s_sel_pos=0.0000 s_hot_err=0.000000 s_bg_err=0.000000 s_gap=0.000000 conf_cos=0.0000 conf_proj=0.00 val_mse=0.37135763 val_mae=0.43001221 | p_pos=0.0000 p_dense=0.00 p_sel=0.0000 p_sel_pos=0.0000 p_hot_err=0.000000 p_bg_err=0.000000 p_gap=0.000000 peer_val_mse=0.27640518 peer_val_mae=0.34703492
[worker2/etth1_all_methods_long_v2] [time_series][epoch 072] lambda=0.0001 g_scale=0.000 train_total=0.07440663 train_sup=0.07438860 train_imit=0.18037199 mean_w=0.0785 active=0.9410 s_dense=0.00 s_pos=0.0000 s_sel=0.0000 s_sel_pos=0.0000 s_hot_err=0.000000 s_bg_err=0.000000 s_gap=0.000000 conf_cos=0.0000 conf_proj=0.00 val_mse=0.39081267 val_mae=0.43664451 | p_pos=0.0000 p_dense=0.00 p_sel=0.0000 p_sel_pos=0.0000 p_hot_err=0.000000 p_bg_err=0.000000 p_gap=0.000000 peer_val_mse=0.27362018 peer_val_mae=0.34139387
[worker2/etth1_all_methods_long_v2] [time_series][epoch 073] lambda=0.0001 g_scale=0.000 train_total=0.07371656 train_sup=0.07369859 train_imit=0.17965209 mean_w=0.0789 active=0.9440 s_dense=0.00 s_pos=0.0000 s_sel=0.0000 s_sel_pos=0.0000 s_hot_err=0.000000 s_bg_err=0.000000 s_gap=0.000000 conf_cos=0.0000 conf_proj=0.00 val_mse=0.39852588 val_mae=0.44438153 | p_pos=0.0000 p_dense=0.00 p_sel=0.0000 p_sel_pos=0.0000 p_hot_err=0.000000 p_bg_err=0.000000 p_gap=0.000000 peer_val_mse=0.27523331 peer_val_mae=0.34649599
[worker2/etth1_all_methods_long_v2] [time_series][epoch 074] lambda=0.0001 g_scale=0.000 train_total=0.07387339 train_sup=0.07385526 train_imit=0.18132475 mean_w=0.0787 active=0.9448 s_dense=0.00 s_pos=0.0000 s_sel=0.0000 s_sel_pos=0.0000 s_hot_err=0.000000 s_bg_err=0.000000 s_gap=0.000000 conf_cos=0.0000 conf_proj=0.00 val_mse=0.38705118 val_mae=0.43528686 | p_pos=0.0000 p_dense=0.00 p_sel=0.0000 p_sel_pos=0.0000 p_hot_err=0.000000 p_bg_err=0.000000 p_gap=0.000000 peer_val_mse=0.27774569 peer_val_mae=0.34912931
[worker2/etth1_all_methods_long_v2] [time_series][epoch 075] lambda=0.0001 g_scale=0.000 train_total=0.07354366 train_sup=0.07352556 train_imit=0.18094672 mean_w=0.0789 active=0.9445 s_dense=0.00 s_pos=0.0000 s_sel=0.0000 s_sel_pos=0.0000 s_hot_err=0.000000 s_bg_err=0.000000 s_gap=0.000000 conf_cos=0.0000 conf_proj=0.00 val_mse=0.40203712 val_mae=0.44515224 | p_pos=0.0000 p_dense=0.00 p_sel=0.0000 p_sel_pos=0.0000 p_hot_err=0.000000 p_bg_err=0.000000 p_gap=0.000000 peer_val_mse=0.27493210 peer_val_mae=0.34509480
[worker2/etth1_all_methods_long_v2] [time_series][epoch 076] lambda=0.0001 g_scale=0.000 train_total=0.07285424 train_sup=0.07283630 train_imit=0.17938514 mean_w=0.0792 active=0.9451 s_dense=0.00 s_pos=0.0000 s_sel=0.0000 s_sel_pos=0.0000 s_hot_err=0.000000 s_bg_err=0.000000 s_gap=0.000000 conf_cos=0.0000 conf_proj=0.00 val_mse=0.38042968 val_mae=0.43280083 | p_pos=0.0000 p_dense=0.00 p_sel=0.0000 p_sel_pos=0.0000 p_hot_err=0.000000 p_bg_err=0.000000 p_gap=0.000000 peer_val_mse=0.27299524 peer_val_mae=0.34116691
[worker2/etth1_all_methods_long_v2] [time_series][epoch 077] lambda=0.0001 g_scale=0.000 train_total=0.07327425 train_sup=0.07325615 train_imit=0.18097532 mean_w=0.0791 active=0.9472 s_dense=0.00 s_pos=0.0000 s_sel=0.0000 s_sel_pos=0.0000 s_hot_err=0.000000 s_bg_err=0.000000 s_gap=0.000000 conf_cos=0.0000 conf_proj=0.00 val_mse=0.39125467 val_mae=0.43785018 | p_pos=0.0000 p_dense=0.00 p_sel=0.0000 p_sel_pos=0.0000 p_hot_err=0.000000 p_bg_err=0.000000 p_gap=0.000000 peer_val_mse=0.27415674 peer_val_mae=0.34366461
[worker2/etth1_all_methods_long_v2] [time_series][epoch 078] lambda=0.0001 g_scale=0.000 train_total=0.07343848 train_sup=0.07342035 train_imit=0.18129107 mean_w=0.0792 active=0.9434 s_dense=0.00 s_pos=0.0000 s_sel=0.0000 s_sel_pos=0.0000 s_hot_err=0.000000 s_bg_err=0.000000 s_gap=0.000000 conf_cos=0.0000 conf_proj=0.00 val_mse=0.39614780 val_mae=0.44365561 | p_pos=0.0000 p_dense=0.00 p_sel=0.0000 p_sel_pos=0.0000 p_hot_err=0.000000 p_bg_err=0.000000 p_gap=0.000000 peer_val_mse=0.27286405 peer_val_mae=0.34107516
[worker2/etth1_all_methods_long_v2] [time_series][epoch 079] lambda=0.0001 g_scale=0.000 train_total=0.07250008 train_sup=0.07248207 train_imit=0.18013666 mean_w=0.0794 active=0.9466 s_dense=0.00 s_pos=0.0000 s_sel=0.0000 s_sel_pos=0.0000 s_hot_err=0.000000 s_bg_err=0.000000 s_gap=0.000000 conf_cos=0.0000 conf_proj=0.00 val_mse=0.39892756 val_mae=0.44366500 | p_pos=0.0000 p_dense=0.00 p_sel=0.0000 p_sel_pos=0.0000 p_hot_err=0.000000 p_bg_err=0.000000 p_gap=0.000000 peer_val_mse=0.27293927 peer_val_mae=0.34180680
[worker2/etth1_all_methods_long_v2] [time_series][epoch 080] lambda=0.0001 g_scale=0.000 train_total=0.07220457 train_sup=0.07218643 train_imit=0.18138839 mean_w=0.0795 active=0.9482 s_dense=0.00 s_pos=0.0000 s_sel=0.0000 s_sel_pos=0.0000 s_hot_err=0.000000 s_bg_err=0.000000 s_gap=0.000000 conf_cos=0.0000 conf_proj=0.00 val_mse=0.40358126 val_mae=0.45058592 | p_pos=0.0000 p_dense=0.00 p_sel=0.0000 p_sel_pos=0.0000 p_hot_err=0.000000 p_bg_err=0.000000 p_gap=0.000000 peer_val_mse=0.27469740 peer_val_mae=0.34317786
[worker2/etth1_all_methods_long_v2] [time_series][epoch 080] updated live plot
[worker2/etth1_all_methods_long_v2] [time_series][epoch 081] lambda=0.0001 g_scale=0.000 train_total=0.07187800 train_sup=0.07185991 train_imit=0.18091550 mean_w=0.0797 active=0.9486 s_dense=0.00 s_pos=0.0000 s_sel=0.0000 s_sel_pos=0.0000 s_hot_err=0.000000 s_bg_err=0.000000 s_gap=0.000000 conf_cos=0.0000 conf_proj=0.00 val_mse=0.40900297 val_mae=0.44681214 | p_pos=0.0000 p_dense=0.00 p_sel=0.0000 p_sel_pos=0.0000 p_hot_err=0.000000 p_bg_err=0.000000 p_gap=0.000000 peer_val_mse=0.27307573 peer_val_mae=0.34174450
[worker2/etth1_all_methods_long_v2] [time_series][epoch 082] lambda=0.0001 g_scale=0.000 train_total=0.07156776 train_sup=0.07154972 train_imit=0.18039003 mean_w=0.0798 active=0.9482 s_dense=0.00 s_pos=0.0000 s_sel=0.0000 s_sel_pos=0.0000 s_hot_err=0.000000 s_bg_err=0.000000 s_gap=0.000000 conf_cos=0.0000 conf_proj=0.00 val_mse=0.39940590 val_mae=0.44412246 | p_pos=0.0000 p_dense=0.00 p_sel=0.0000 p_sel_pos=0.0000 p_hot_err=0.000000 p_bg_err=0.000000 p_gap=0.000000 peer_val_mse=0.27472551 peer_val_mae=0.34440421
[worker2/etth1_all_methods_long_v2] [time_series][epoch 083] lambda=0.0001 g_scale=0.000 train_total=0.07175957 train_sup=0.07174149 train_imit=0.18076034 mean_w=0.0797 active=0.9505 s_dense=0.00 s_pos=0.0000 s_sel=0.0000 s_sel_pos=0.0000 s_hot_err=0.000000 s_bg_err=0.000000 s_gap=0.000000 conf_cos=0.0000 conf_proj=0.00 val_mse=0.38826344 val_mae=0.43525523 | p_pos=0.0000 p_dense=0.00 p_sel=0.0000 p_sel_pos=0.0000 p_hot_err=0.000000 p_bg_err=0.000000 p_gap=0.000000 peer_val_mse=0.27463201 peer_val_mae=0.34368006
[worker2/etth1_all_methods_long_v2] [time_series][epoch 084] lambda=0.0001 g_scale=0.000 train_total=0.07169248 train_sup=0.07167441 train_imit=0.18074905 mean_w=0.0797 active=0.9505 s_dense=0.00 s_pos=0.0000 s_sel=0.0000 s_sel_pos=0.0000 s_hot_err=0.000000 s_bg_err=0.000000 s_gap=0.000000 conf_cos=0.0000 conf_proj=0.00 val_mse=0.38894333 val_mae=0.44148026 | p_pos=0.0000 p_dense=0.00 p_sel=0.0000 p_sel_pos=0.0000 p_hot_err=0.000000 p_bg_err=0.000000 p_gap=0.000000 peer_val_mse=0.27310700 peer_val_mae=0.34145899
[worker2/etth1_all_methods_long_v2] [time_series][epoch 085] lambda=0.0001 g_scale=0.000 train_total=0.07131634 train_sup=0.07129836 train_imit=0.17982243 mean_w=0.0799 active=0.9500 s_dense=0.00 s_pos=0.0000 s_sel=0.0000 s_sel_pos=0.0000 s_hot_err=0.000000 s_bg_err=0.000000 s_gap=0.000000 conf_cos=0.0000 conf_proj=0.00 val_mse=0.38329003 val_mae=0.43203249 | p_pos=0.0000 p_dense=0.00 p_sel=0.0000 p_sel_pos=0.0000 p_hot_err=0.000000 p_bg_err=0.000000 p_gap=0.000000 peer_val_mse=0.27485682 peer_val_mae=0.34325614
[worker2/etth1_all_methods_long_v2] [time_series][epoch 086] lambda=0.0001 g_scale=0.000 train_total=0.07068038 train_sup=0.07066232 train_imit=0.18050908 mean_w=0.0802 active=0.9529 s_dense=0.00 s_pos=0.0000 s_sel=0.0000 s_sel_pos=0.0000 s_hot_err=0.000000 s_bg_err=0.000000 s_gap=0.000000 conf_cos=0.0000 conf_proj=0.00 val_mse=0.37641635 val_mae=0.42996229 | p_pos=0.0000 p_dense=0.00 p_sel=0.0000 p_sel_pos=0.0000 p_hot_err=0.000000 p_bg_err=0.000000 p_gap=0.000000 peer_val_mse=0.27161253 peer_val_mae=0.33963807
[worker2/etth1_all_methods_long_v2] [time_series][epoch 087] lambda=0.0001 g_scale=0.000 train_total=0.07129102 train_sup=0.07127301 train_imit=0.18006023 mean_w=0.0800 active=0.9506 s_dense=0.00 s_pos=0.0000 s_sel=0.0000 s_sel_pos=0.0000 s_hot_err=0.000000 s_bg_err=0.000000 s_gap=0.000000 conf_cos=0.0000 conf_proj=0.00 val_mse=0.38783245 val_mae=0.43615522 | p_pos=0.0000 p_dense=0.00 p_sel=0.0000 p_sel_pos=0.0000 p_hot_err=0.000000 p_bg_err=0.000000 p_gap=0.000000 peer_val_mse=0.27551732 peer_val_mae=0.34439731
[worker2/etth1_all_methods_long_v2] [time_series][epoch 088] lambda=0.0001 g_scale=0.000 train_total=0.07099026 train_sup=0.07097233 train_imit=0.17932496 mean_w=0.0801 active=0.9519 s_dense=0.00 s_pos=0.0000 s_sel=0.0000 s_sel_pos=0.0000 s_hot_err=0.000000 s_bg_err=0.000000 s_gap=0.000000 conf_cos=0.0000 conf_proj=0.00 val_mse=0.37663704 val_mae=0.43121882 | p_pos=0.0000 p_dense=0.00 p_sel=0.0000 p_sel_pos=0.0000 p_hot_err=0.000000 p_bg_err=0.000000 p_gap=0.000000 peer_val_mse=0.27238929 peer_val_mae=0.34086620
[worker2/etth1_all_methods_long_v2] [time_series][epoch 089] lambda=0.0001 g_scale=0.000 train_total=0.07067490 train_sup=0.07065700 train_imit=0.17901461 mean_w=0.0802 active=0.9532 s_dense=0.00 s_pos=0.0000 s_sel=0.0000 s_sel_pos=0.0000 s_hot_err=0.000000 s_bg_err=0.000000 s_gap=0.000000 conf_cos=0.0000 conf_proj=0.00 val_mse=0.38056469 val_mae=0.43064533 | p_pos=0.0000 p_dense=0.00 p_sel=0.0000 p_sel_pos=0.0000 p_hot_err=0.000000 p_bg_err=0.000000 p_gap=0.000000 peer_val_mse=0.27392715 peer_val_mae=0.34172492
[worker2/etth1_all_methods_long_v2] [time_series][epoch 090] lambda=0.0001 g_scale=0.000 train_total=0.07053496 train_sup=0.07051686 train_imit=0.18094812 mean_w=0.0803 active=0.9520 s_dense=0.00 s_pos=0.0000 s_sel=0.0000 s_sel_pos=0.0000 s_hot_err=0.000000 s_bg_err=0.000000 s_gap=0.000000 conf_cos=0.0000 conf_proj=0.00 val_mse=0.38830915 val_mae=0.44039449 | p_pos=0.0000 p_dense=0.00 p_sel=0.0000 p_sel_pos=0.0000 p_hot_err=0.000000 p_bg_err=0.000000 p_gap=0.000000 peer_val_mse=0.27470836 peer_val_mae=0.34381871
[worker2/etth1_all_methods_long_v2] [time_series][epoch 090] updated live plot
[worker2/etth1_all_methods_long_v2] [time_series][epoch 091] lambda=0.0001 g_scale=0.000 train_total=0.07030515 train_sup=0.07028723 train_imit=0.17915997 mean_w=0.0804 active=0.9538 s_dense=0.00 s_pos=0.0000 s_sel=0.0000 s_sel_pos=0.0000 s_hot_err=0.000000 s_bg_err=0.000000 s_gap=0.000000 conf_cos=0.0000 conf_proj=0.00 val_mse=0.38920149 val_mae=0.43650927 | p_pos=0.0000 p_dense=0.00 p_sel=0.0000 p_sel_pos=0.0000 p_hot_err=0.000000 p_bg_err=0.000000 p_gap=0.000000 peer_val_mse=0.27423140 peer_val_mae=0.34210994
[worker2/etth1_all_methods_long_v2] [time_series][epoch 092] lambda=0.0001 g_scale=0.000 train_total=0.07019149 train_sup=0.07017349 train_imit=0.18003967 mean_w=0.0804 active=0.9530 s_dense=0.00 s_pos=0.0000 s_sel=0.0000 s_sel_pos=0.0000 s_hot_err=0.000000 s_bg_err=0.000000 s_gap=0.000000 conf_cos=0.0000 conf_proj=0.00 val_mse=0.39216172 val_mae=0.44236218 | p_pos=0.0000 p_dense=0.00 p_sel=0.0000 p_sel_pos=0.0000 p_hot_err=0.000000 p_bg_err=0.000000 p_gap=0.000000 peer_val_mse=0.27617159 peer_val_mae=0.34468329
[worker2/etth1_all_methods_long_v2] [time_series][epoch 093] lambda=0.0001 g_scale=0.000 train_total=0.06954651 train_sup=0.06952842 train_imit=0.18092904 mean_w=0.0808 active=0.9533 s_dense=0.00 s_pos=0.0000 s_sel=0.0000 s_sel_pos=0.0000 s_hot_err=0.000000 s_bg_err=0.000000 s_gap=0.000000 conf_cos=0.0000 conf_proj=0.00 val_mse=0.37834459 val_mae=0.43059836 | p_pos=0.0000 p_dense=0.00 p_sel=0.0000 p_sel_pos=0.0000 p_hot_err=0.000000 p_bg_err=0.000000 p_gap=0.000000 peer_val_mse=0.27307500 peer_val_mae=0.34130259
[worker2/etth1_all_methods_long_v2] [time_series][epoch 094] lambda=0.0001 g_scale=0.000 train_total=0.06938698 train_sup=0.06936903 train_imit=0.17957455 mean_w=0.0809 active=0.9548 s_dense=0.00 s_pos=0.0000 s_sel=0.0000 s_sel_pos=0.0000 s_hot_err=0.000000 s_bg_err=0.000000 s_gap=0.000000 conf_cos=0.0000 conf_proj=0.00 val_mse=0.39341889 val_mae=0.44093261 | p_pos=0.0000 p_dense=0.00 p_sel=0.0000 p_sel_pos=0.0000 p_hot_err=0.000000 p_bg_err=0.000000 p_gap=0.000000 peer_val_mse=0.27435579 peer_val_mae=0.34273894
[worker2/etth1_all_methods_long_v2] [time_series][epoch 095] lambda=0.0001 g_scale=0.000 train_total=0.06958046 train_sup=0.06956241 train_imit=0.18051280 mean_w=0.0807 active=0.9520 s_dense=0.00 s_pos=0.0000 s_sel=0.0000 s_sel_pos=0.0000 s_hot_err=0.000000 s_bg_err=0.000000 s_gap=0.000000 conf_cos=0.0000 conf_proj=0.00 val_mse=0.38324847 val_mae=0.43515739 | p_pos=0.0000 p_dense=0.00 p_sel=0.0000 p_sel_pos=0.0000 p_hot_err=0.000000 p_bg_err=0.000000 p_gap=0.000000 peer_val_mse=0.27574962 peer_val_mae=0.34631720
[worker2/etth1_all_methods_long_v2] [time_series][epoch 096] lambda=0.0001 g_scale=0.000 train_total=0.06919092 train_sup=0.06917298 train_imit=0.17949124 mean_w=0.0808 active=0.9535 s_dense=0.00 s_pos=0.0000 s_sel=0.0000 s_sel_pos=0.0000 s_hot_err=0.000000 s_bg_err=0.000000 s_gap=0.000000 conf_cos=0.0000 conf_proj=0.00 val_mse=0.38907859 val_mae=0.43834294 | p_pos=0.0000 p_dense=0.00 p_sel=0.0000 p_sel_pos=0.0000 p_hot_err=0.000000 p_bg_err=0.000000 p_gap=0.000000 peer_val_mse=0.27481539 peer_val_mae=0.34282705
[worker2/etth1_all_methods_long_v2] [time_series][epoch 097] lambda=0.0001 g_scale=0.000 train_total=0.06908027 train_sup=0.06906227 train_imit=0.17996804 mean_w=0.0809 active=0.9578 s_dense=0.00 s_pos=0.0000 s_sel=0.0000 s_sel_pos=0.0000 s_hot_err=0.000000 s_bg_err=0.000000 s_gap=0.000000 conf_cos=0.0000 conf_proj=0.00 val_mse=0.38571288 val_mae=0.43521302 | p_pos=0.0000 p_dense=0.00 p_sel=0.0000 p_sel_pos=0.0000 p_hot_err=0.000000 p_bg_err=0.000000 p_gap=0.000000 peer_val_mse=0.27546696 peer_val_mae=0.34566835
[worker2/etth1_all_methods_long_v2] [time_series][epoch 098] lambda=0.0001 g_scale=0.000 train_total=0.06863664 train_sup=0.06861864 train_imit=0.17997559 mean_w=0.0813 active=0.9562 s_dense=0.00 s_pos=0.0000 s_sel=0.0000 s_sel_pos=0.0000 s_hot_err=0.000000 s_bg_err=0.000000 s_gap=0.000000 conf_cos=0.0000 conf_proj=0.00 val_mse=0.40023671 val_mae=0.44584587 | p_pos=0.0000 p_dense=0.00 p_sel=0.0000 p_sel_pos=0.0000 p_hot_err=0.000000 p_bg_err=0.000000 p_gap=0.000000 peer_val_mse=0.27347094 peer_val_mae=0.34118317
[worker2/etth1_all_methods_long_v2] [time_series][epoch 099] lambda=0.0001 g_scale=0.000 train_total=0.06853545 train_sup=0.06851748 train_imit=0.17969947 mean_w=0.0813 active=0.9534 s_dense=0.00 s_pos=0.0000 s_sel=0.0000 s_sel_pos=0.0000 s_hot_err=0.000000 s_bg_err=0.000000 s_gap=0.000000 conf_cos=0.0000 conf_proj=0.00 val_mse=0.38228019 val_mae=0.43121722 | p_pos=0.0000 p_dense=0.00 p_sel=0.0000 p_sel_pos=0.0000 p_hot_err=0.000000 p_bg_err=0.000000 p_gap=0.000000 peer_val_mse=0.27220672 peer_val_mae=0.33998054
[worker2/etth1_all_methods_long_v2] [time_series][epoch 100] lambda=0.0001 g_scale=0.000 train_total=0.06879207 train_sup=0.06877404 train_imit=0.18030792 mean_w=0.0811 active=0.9559 s_dense=0.00 s_pos=0.0000 s_sel=0.0000 s_sel_pos=0.0000 s_hot_err=0.000000 s_bg_err=0.000000 s_gap=0.000000 conf_cos=0.0000 conf_proj=0.00 val_mse=0.38433952 val_mae=0.43141019 | p_pos=0.0000 p_dense=0.00 p_sel=0.0000 p_sel_pos=0.0000 p_hot_err=0.000000 p_bg_err=0.000000 p_gap=0.000000 peer_val_mse=0.27533689 peer_val_mae=0.34505259
[worker2/etth1_all_methods_long_v2] [time_series][epoch 100] updated live plot
[worker2/etth1_all_methods_long_v2] [time_series][epoch 101] lambda=0.0001 g_scale=0.000 train_total=0.06853879 train_sup=0.06852075 train_imit=0.18041791 mean_w=0.0813 active=0.9578 s_dense=0.00 s_pos=0.0000 s_sel=0.0000 s_sel_pos=0.0000 s_hot_err=0.000000 s_bg_err=0.000000 s_gap=0.000000 conf_cos=0.0000 conf_proj=0.00 val_mse=0.39371985 val_mae=0.44705353 | p_pos=0.0000 p_dense=0.00 p_sel=0.0000 p_sel_pos=0.0000 p_hot_err=0.000000 p_bg_err=0.000000 p_gap=0.000000 peer_val_mse=0.27417594 peer_val_mae=0.34331314
[worker2/etth1_all_methods_long_v2] [time_series][epoch 102] lambda=0.0001 g_scale=0.000 train_total=0.06824635 train_sup=0.06822830 train_imit=0.18045818 mean_w=0.0816 active=0.9572 s_dense=0.00 s_pos=0.0000 s_sel=0.0000 s_sel_pos=0.0000 s_hot_err=0.000000 s_bg_err=0.000000 s_gap=0.000000 conf_cos=0.0000 conf_proj=0.00 val_mse=0.39666322 val_mae=0.44475675 | p_pos=0.0000 p_dense=0.00 p_sel=0.0000 p_sel_pos=0.0000 p_hot_err=0.000000 p_bg_err=0.000000 p_gap=0.000000 peer_val_mse=0.27763553 peer_val_mae=0.34692195
[worker2/etth1_all_methods_long_v2] [time_series][epoch 103] lambda=0.0001 g_scale=0.000 train_total=0.06782268 train_sup=0.06780460 train_imit=0.18074882 mean_w=0.0815 active=0.9578 s_dense=0.00 s_pos=0.0000 s_sel=0.0000 s_sel_pos=0.0000 s_hot_err=0.000000 s_bg_err=0.000000 s_gap=0.000000 conf_cos=0.0000 conf_proj=0.00 val_mse=0.38834028 val_mae=0.43943337 | p_pos=0.0000 p_dense=0.00 p_sel=0.0000 p_sel_pos=0.0000 p_hot_err=0.000000 p_bg_err=0.000000 p_gap=0.000000 peer_val_mse=0.27534274 peer_val_mae=0.34559559
[worker2/etth1_all_methods_long_v2] [time_series][epoch 104] lambda=0.0001 g_scale=0.000 train_total=0.06792683 train_sup=0.06790874 train_imit=0.18089451 mean_w=0.0815 active=0.9583 s_dense=0.00 s_pos=0.0000 s_sel=0.0000 s_sel_pos=0.0000 s_hot_err=0.000000 s_bg_err=0.000000 s_gap=0.000000 conf_cos=0.0000 conf_proj=0.00 val_mse=0.39521540 val_mae=0.44124934 | p_pos=0.0000 p_dense=0.00 p_sel=0.0000 p_sel_pos=0.0000 p_hot_err=0.000000 p_bg_err=0.000000 p_gap=0.000000 peer_val_mse=0.27562556 peer_val_mae=0.34376658
