[operator_burgers_relay_v1] gpu=0 seeds=0 1 2 epochs=140
[operator_burgers_relay_v1] init_template=results/operator_burgers_followup_v1/burgers_l005_m0_w12_d60_120_ow1/operator/burgers/deeponet_independent_mse_seed{seed}/model.pt
[operator_burgers_relay_v1] peer_init_template=results/operator_burgers_followup_v1/burgers_l005_m0_w12_d60_120_ow1/operator/burgers/fno_independent_mse_seed{seed}/model.pt
[operator_burgers_relay_v1] case_specs=burgers_relay_coarse:0.00030:0.030:25,45,35:coarse:linear burgers_relay_hotspot:0.00025:0.025:30,40,35:hotspot:cosine
[operator_burgers_relay_v1] burgers data present: /home/namkyeong/ssmo/data/burgers_data_R10.mat
[operator_burgers_relay_v1/burgers_relay_coarse] lock -> /home/namkyeong/ssmo/results/.locks/operator_burgers_relay_v1_burgers_relay_coarse.lock
[operator_burgers_relay_v1/burgers_relay_coarse] log -> results/logs/operator_burgers_relay_v1/burgers_relay_coarse.log
[operator_burgers_relay_v1/burgers_relay_coarse] [operator] output_dir=results/operator_burgers_relay_v1/burgers_relay_coarse
[operator_burgers_relay_v1/burgers_relay_coarse] [operator] methods=ssml
[operator_burgers_relay_v1/burgers_relay_coarse] [operator] model_pairs=deeponet:fno
[operator_burgers_relay_v1/burgers_relay_coarse] [operator] relay_stage_epochs=25,45,35
[operator_burgers_relay_v1/burgers_relay_coarse] [operator] relay_hint_mode=coarse
[operator_burgers_relay_v1/burgers_relay_coarse] [operator] relay_taper_schedule=linear
[operator_burgers_relay_v1/burgers_relay_coarse] [operator] dataset=burgers pair=deeponet:fno method=ssml seed=0
[operator_burgers_relay_v1/burgers_relay_coarse] [operator] loaded init_checkpoint=results/operator_burgers_followup_v1/burgers_l005_m0_w12_d60_120_ow1/operator/burgers/deeponet_independent_mse_seed0/model.pt
[operator_burgers_relay_v1/burgers_relay_coarse] [operator] loaded peer_init_checkpoint=results/operator_burgers_followup_v1/burgers_l005_m0_w12_d60_120_ow1/operator/burgers/fno_independent_mse_seed0/model.pt
[operator_burgers_relay_v1/burgers_relay_coarse] [operator] run_dir=results/operator_burgers_relay_v1/burgers_relay_coarse/operator/burgers/deeponet__fno_ssml_mse_seed0
[operator_burgers_relay_v1/burgers_relay_coarse] [operator] params=198656
[operator_burgers_relay_v1/burgers_relay_coarse] [operator] granularity=element student_only=True freeze_peer=True peer_updates_disabled=True relay_stage_epochs=(25, 45, 35) relay_hint_mode=coarse relay_taper_schedule=linear
[operator_burgers_relay_v1/burgers_relay_coarse] [operator][epoch 001] lambda=0.0300 relay_stage=control relay_scale=0.000 relay_hotspot=0.0000 train_mse=0.02376318 val_mse=0.02260331 val_mae=0.09999025 | peer_val_mse=0.00001140 peer_val_mae=0.00234668
[operator_burgers_relay_v1/burgers_relay_coarse] [operator][epoch 002] lambda=0.0300 relay_stage=control relay_scale=0.000 relay_hotspot=0.0000 train_mse=0.01902872 val_mse=0.02028384 val_mae=0.09241719 | peer_val_mse=0.00001140 peer_val_mae=0.00234668
[operator_burgers_relay_v1/burgers_relay_coarse] [operator][epoch 003] lambda=0.0300 relay_stage=control relay_scale=0.000 relay_hotspot=0.0000 train_mse=0.01769481 val_mse=0.02000332 val_mae=0.09124392 | peer_val_mse=0.00001140 peer_val_mae=0.00234668
[operator_burgers_relay_v1/burgers_relay_coarse] [operator][epoch 004] lambda=0.0300 relay_stage=control relay_scale=0.000 relay_hotspot=0.0000 train_mse=0.01724111 val_mse=0.02472981 val_mae=0.11009853 | peer_val_mse=0.00001140 peer_val_mae=0.00234668
[operator_burgers_relay_v1/burgers_relay_coarse] [operator][epoch 005] lambda=0.0300 relay_stage=control relay_scale=0.000 relay_hotspot=0.0000 train_mse=0.01699870 val_mse=0.01795606 val_mae=0.08558016 | peer_val_mse=0.00001140 peer_val_mae=0.00234668
[operator_burgers_relay_v1/burgers_relay_coarse] [operator][epoch 006] lambda=0.0300 relay_stage=control relay_scale=0.000 relay_hotspot=0.0000 train_mse=0.01460183 val_mse=0.01801028 val_mae=0.08599304 | peer_val_mse=0.00001140 peer_val_mae=0.00234668
[operator_burgers_relay_v1/burgers_relay_coarse] [operator][epoch 007] lambda=0.0300 relay_stage=control relay_scale=0.000 relay_hotspot=0.0000 train_mse=0.01680182 val_mse=0.01701992 val_mae=0.08349037 | peer_val_mse=0.00001140 peer_val_mae=0.00234668
[operator_burgers_relay_v1/burgers_relay_coarse] [operator][epoch 008] lambda=0.0300 relay_stage=control relay_scale=0.000 relay_hotspot=0.0000 train_mse=0.01458711 val_mse=0.01756538 val_mae=0.08565188 | peer_val_mse=0.00001140 peer_val_mae=0.00234668
[operator_burgers_relay_v1/burgers_relay_coarse] [operator][epoch 009] lambda=0.0300 relay_stage=control relay_scale=0.000 relay_hotspot=0.0000 train_mse=0.01292201 val_mse=0.01423803 val_mae=0.07399456 | peer_val_mse=0.00001140 peer_val_mae=0.00234668
[operator_burgers_relay_v1/burgers_relay_coarse] [operator][epoch 010] lambda=0.0300 relay_stage=control relay_scale=0.000 relay_hotspot=0.0000 train_mse=0.01235571 val_mse=0.01442337 val_mae=0.07387302 | peer_val_mse=0.00001140 peer_val_mae=0.00234668
[operator_burgers_relay_v1/burgers_relay_coarse] [operator][epoch 011] lambda=0.0300 relay_stage=control relay_scale=0.000 relay_hotspot=0.0000 train_mse=0.01222820 val_mse=0.01369415 val_mae=0.07331086 | peer_val_mse=0.00001140 peer_val_mae=0.00234668
[operator_burgers_relay_v1/burgers_relay_coarse] [operator][epoch 012] lambda=0.0300 relay_stage=control relay_scale=0.000 relay_hotspot=0.0000 train_mse=0.01320423 val_mse=0.01662400 val_mae=0.08187248 | peer_val_mse=0.00001140 peer_val_mae=0.00234668
[operator_burgers_relay_v1/burgers_relay_coarse] [operator][epoch 013] lambda=0.0300 relay_stage=control relay_scale=0.000 relay_hotspot=0.0000 train_mse=0.01160573 val_mse=0.01447246 val_mae=0.07591288 | peer_val_mse=0.00001140 peer_val_mae=0.00234668
[operator_burgers_relay_v1/burgers_relay_coarse] [operator][epoch 014] lambda=0.0300 relay_stage=control relay_scale=0.000 relay_hotspot=0.0000 train_mse=0.01042294 val_mse=0.01273939 val_mae=0.06902290 | peer_val_mse=0.00001140 peer_val_mae=0.00234668
[operator_burgers_relay_v1/burgers_relay_coarse] [operator][epoch 015] lambda=0.0300 relay_stage=control relay_scale=0.000 relay_hotspot=0.0000 train_mse=0.01120522 val_mse=0.01454519 val_mae=0.07827098 | peer_val_mse=0.00001140 peer_val_mae=0.00234668
[operator_burgers_relay_v1/burgers_relay_coarse] [operator][epoch 016] lambda=0.0300 relay_stage=control relay_scale=0.000 relay_hotspot=0.0000 train_mse=0.01216017 val_mse=0.01409957 val_mae=0.07513250 | peer_val_mse=0.00001140 peer_val_mae=0.00234668
[operator_burgers_relay_v1/burgers_relay_coarse] [operator][epoch 017] lambda=0.0300 relay_stage=control relay_scale=0.000 relay_hotspot=0.0000 train_mse=0.01137841 val_mse=0.01724332 val_mae=0.08387585 | peer_val_mse=0.00001140 peer_val_mae=0.00234668
[operator_burgers_relay_v1/burgers_relay_coarse] [operator][epoch 018] lambda=0.0300 relay_stage=control relay_scale=0.000 relay_hotspot=0.0000 train_mse=0.01167955 val_mse=0.01367877 val_mae=0.07570009 | peer_val_mse=0.00001140 peer_val_mae=0.00234668
[operator_burgers_relay_v1/burgers_relay_coarse] [operator][epoch 019] lambda=0.0300 relay_stage=control relay_scale=0.000 relay_hotspot=0.0000 train_mse=0.01110716 val_mse=0.01506501 val_mae=0.07921274 | peer_val_mse=0.00001140 peer_val_mae=0.00234668
[operator_burgers_relay_v1/burgers_relay_coarse] [operator][epoch 020] lambda=0.0300 relay_stage=control relay_scale=0.000 relay_hotspot=0.0000 train_mse=0.01051604 val_mse=0.01207971 val_mae=0.06813936 | peer_val_mse=0.00001140 peer_val_mae=0.00234668
[operator_burgers_relay_v1/burgers_relay_coarse] [operator][epoch 020] updated live plot
[operator_burgers_relay_v1/burgers_relay_coarse] [operator][epoch 021] lambda=0.0300 relay_stage=control relay_scale=0.000 relay_hotspot=0.0000 train_mse=0.00927767 val_mse=0.01203288 val_mae=0.06683397 | peer_val_mse=0.00001140 peer_val_mae=0.00234668
[operator_burgers_relay_v1/burgers_relay_coarse] [operator][epoch 022] lambda=0.0300 relay_stage=control relay_scale=0.000 relay_hotspot=0.0000 train_mse=0.01179620 val_mse=0.01582617 val_mae=0.08160191 | peer_val_mse=0.00001140 peer_val_mae=0.00234668
[operator_burgers_relay_v1/burgers_relay_coarse] [operator][epoch 023] lambda=0.0300 relay_stage=control relay_scale=0.000 relay_hotspot=0.0000 train_mse=0.00969599 val_mse=0.01213417 val_mae=0.06674239 | peer_val_mse=0.00001140 peer_val_mae=0.00234668
[operator_burgers_relay_v1/burgers_relay_coarse] [operator][epoch 024] lambda=0.0300 relay_stage=control relay_scale=0.000 relay_hotspot=0.0000 train_mse=0.00983893 val_mse=0.01288517 val_mae=0.07178065 | peer_val_mse=0.00001140 peer_val_mae=0.00234668
[operator_burgers_relay_v1/burgers_relay_coarse] [operator][epoch 025] lambda=0.0300 relay_stage=control relay_scale=0.000 relay_hotspot=0.0000 train_mse=0.01217166 val_mse=0.01302337 val_mae=0.07348455 | peer_val_mse=0.00001140 peer_val_mae=0.00234668
[operator_burgers_relay_v1/burgers_relay_coarse] [operator][epoch 026] lambda=0.0300 relay_stage=relay relay_scale=1.000 relay_hotspot=0.0000 train_mse=0.01202743 val_mse=0.01250865 val_mae=0.06740344 | peer_val_mse=0.00001140 peer_val_mae=0.00234668
[operator_burgers_relay_v1/burgers_relay_coarse] [operator][epoch 027] lambda=0.0300 relay_stage=relay relay_scale=1.000 relay_hotspot=0.0000 train_mse=0.00937703 val_mse=0.01089383 val_mae=0.06362421 | peer_val_mse=0.00001140 peer_val_mae=0.00234668
[operator_burgers_relay_v1/burgers_relay_coarse] [operator][epoch 028] lambda=0.0300 relay_stage=relay relay_scale=1.000 relay_hotspot=0.0000 train_mse=0.00861430 val_mse=0.01100873 val_mae=0.06454116 | peer_val_mse=0.00001140 peer_val_mae=0.00234668
[operator_burgers_relay_v1/burgers_relay_coarse] [operator][epoch 029] lambda=0.0300 relay_stage=relay relay_scale=1.000 relay_hotspot=0.0000 train_mse=0.00828622 val_mse=0.01094640 val_mae=0.06302834 | peer_val_mse=0.00001140 peer_val_mae=0.00234668
[operator_burgers_relay_v1/burgers_relay_coarse] [operator][epoch 030] lambda=0.0300 relay_stage=relay relay_scale=1.000 relay_hotspot=0.0000 train_mse=0.00812727 val_mse=0.01097867 val_mae=0.06315165 | peer_val_mse=0.00001140 peer_val_mae=0.00234668
[operator_burgers_relay_v1/burgers_relay_coarse] [operator][epoch 031] lambda=0.0300 relay_stage=relay relay_scale=1.000 relay_hotspot=0.0000 train_mse=0.00968135 val_mse=0.01293201 val_mae=0.06875430 | peer_val_mse=0.00001140 peer_val_mae=0.00234668
[operator_burgers_relay_v1/burgers_relay_coarse] [operator][epoch 032] lambda=0.0300 relay_stage=relay relay_scale=1.000 relay_hotspot=0.0000 train_mse=0.01063469 val_mse=0.01166101 val_mae=0.06531690 | peer_val_mse=0.00001140 peer_val_mae=0.00234668
[operator_burgers_relay_v1/burgers_relay_coarse] [operator][epoch 033] lambda=0.0300 relay_stage=relay relay_scale=1.000 relay_hotspot=0.0000 train_mse=0.01010846 val_mse=0.01203617 val_mae=0.06613100 | peer_val_mse=0.00001140 peer_val_mae=0.00234668
[operator_burgers_relay_v1/burgers_relay_coarse] [operator][epoch 034] lambda=0.0300 relay_stage=relay relay_scale=1.000 relay_hotspot=0.0000 train_mse=0.00851883 val_mse=0.01128929 val_mae=0.06375344 | peer_val_mse=0.00001140 peer_val_mae=0.00234668
[operator_burgers_relay_v1/burgers_relay_coarse] [operator][epoch 035] lambda=0.0300 relay_stage=relay relay_scale=1.000 relay_hotspot=0.0000 train_mse=0.00842137 val_mse=0.01328908 val_mae=0.07149663 | peer_val_mse=0.00001140 peer_val_mae=0.00234668
[operator_burgers_relay_v1/burgers_relay_coarse] [operator][epoch 036] lambda=0.0300 relay_stage=relay relay_scale=1.000 relay_hotspot=0.0000 train_mse=0.01064872 val_mse=0.01091586 val_mae=0.06528004 | peer_val_mse=0.00001140 peer_val_mae=0.00234668
[operator_burgers_relay_v1/burgers_relay_coarse] [operator][epoch 037] lambda=0.0300 relay_stage=relay relay_scale=1.000 relay_hotspot=0.0000 train_mse=0.00851671 val_mse=0.01054160 val_mae=0.06190812 | peer_val_mse=0.00001140 peer_val_mae=0.00234668
[operator_burgers_relay_v1/burgers_relay_coarse] [operator][epoch 038] lambda=0.0300 relay_stage=relay relay_scale=1.000 relay_hotspot=0.0000 train_mse=0.00919980 val_mse=0.01582352 val_mae=0.07970481 | peer_val_mse=0.00001140 peer_val_mae=0.00234668
[operator_burgers_relay_v1/burgers_relay_coarse] [operator][epoch 039] lambda=0.0300 relay_stage=relay relay_scale=1.000 relay_hotspot=0.0000 train_mse=0.01160100 val_mse=0.01107055 val_mae=0.06616314 | peer_val_mse=0.00001140 peer_val_mae=0.00234668
[operator_burgers_relay_v1/burgers_relay_coarse] [operator][epoch 040] lambda=0.0300 relay_stage=relay relay_scale=1.000 relay_hotspot=0.0000 train_mse=0.00802023 val_mse=0.00915819 val_mae=0.05627109 | peer_val_mse=0.00001140 peer_val_mae=0.00234668
[operator_burgers_relay_v1/burgers_relay_coarse] [operator][epoch 040] updated live plot
[operator_burgers_relay_v1/burgers_relay_coarse] [operator][epoch 041] lambda=0.0300 relay_stage=relay relay_scale=1.000 relay_hotspot=0.0000 train_mse=0.00723106 val_mse=0.01074741 val_mae=0.06446096 | peer_val_mse=0.00001140 peer_val_mae=0.00234668
[operator_burgers_relay_v1/burgers_relay_coarse] [operator][epoch 042] lambda=0.0300 relay_stage=relay relay_scale=1.000 relay_hotspot=0.0000 train_mse=0.00791484 val_mse=0.01067879 val_mae=0.06041793 | peer_val_mse=0.00001140 peer_val_mae=0.00234668
[operator_burgers_relay_v1/burgers_relay_coarse] [operator][epoch 043] lambda=0.0300 relay_stage=relay relay_scale=1.000 relay_hotspot=0.0000 train_mse=0.00862987 val_mse=0.01019327 val_mae=0.06091570 | peer_val_mse=0.00001140 peer_val_mae=0.00234668
[operator_burgers_relay_v1/burgers_relay_coarse] [operator][epoch 044] lambda=0.0300 relay_stage=relay relay_scale=1.000 relay_hotspot=0.0000 train_mse=0.00919830 val_mse=0.01033011 val_mae=0.05928859 | peer_val_mse=0.00001140 peer_val_mae=0.00234668
[operator_burgers_relay_v1/burgers_relay_coarse] [operator][epoch 045] lambda=0.0300 relay_stage=relay relay_scale=1.000 relay_hotspot=0.0000 train_mse=0.00742018 val_mse=0.00943307 val_mae=0.05469791 | peer_val_mse=0.00001140 peer_val_mae=0.00234668
[operator_burgers_relay_v1/burgers_relay_coarse] [operator][epoch 046] lambda=0.0300 relay_stage=relay relay_scale=1.000 relay_hotspot=0.0000 train_mse=0.00784310 val_mse=0.01100987 val_mae=0.06531119 | peer_val_mse=0.00001140 peer_val_mae=0.00234668
[operator_burgers_relay_v1/burgers_relay_coarse] [operator][epoch 047] lambda=0.0300 relay_stage=relay relay_scale=1.000 relay_hotspot=0.0000 train_mse=0.00743233 val_mse=0.01141169 val_mae=0.06143116 | peer_val_mse=0.00001140 peer_val_mae=0.00234668
[operator_burgers_relay_v1/burgers_relay_coarse] [operator][epoch 048] lambda=0.0300 relay_stage=relay relay_scale=1.000 relay_hotspot=0.0000 train_mse=0.00733077 val_mse=0.00943500 val_mae=0.05502907 | peer_val_mse=0.00001140 peer_val_mae=0.00234668
[operator_burgers_relay_v1/burgers_relay_coarse] [operator][epoch 049] lambda=0.0300 relay_stage=relay relay_scale=1.000 relay_hotspot=0.0000 train_mse=0.00705464 val_mse=0.00965169 val_mae=0.05806294 | peer_val_mse=0.00001140 peer_val_mae=0.00234668
[operator_burgers_relay_v1/burgers_relay_coarse] [operator][epoch 050] lambda=0.0300 relay_stage=relay relay_scale=1.000 relay_hotspot=0.0000 train_mse=0.00738825 val_mse=0.00989867 val_mae=0.05654542 | peer_val_mse=0.00001140 peer_val_mae=0.00234668
[operator_burgers_relay_v1/burgers_relay_coarse] [operator][epoch 051] lambda=0.0300 relay_stage=relay relay_scale=1.000 relay_hotspot=0.0000 train_mse=0.00849518 val_mse=0.00941005 val_mae=0.05800885 | peer_val_mse=0.00001140 peer_val_mae=0.00234668
[operator_burgers_relay_v1/burgers_relay_coarse] [operator][epoch 052] lambda=0.0300 relay_stage=relay relay_scale=1.000 relay_hotspot=0.0000 train_mse=0.00830426 val_mse=0.01033145 val_mae=0.06175066 | peer_val_mse=0.00001140 peer_val_mae=0.00234668
[operator_burgers_relay_v1/burgers_relay_coarse] [operator][epoch 053] lambda=0.0300 relay_stage=relay relay_scale=1.000 relay_hotspot=0.0000 train_mse=0.00768952 val_mse=0.00975893 val_mae=0.05910198 | peer_val_mse=0.00001140 peer_val_mae=0.00234668
[operator_burgers_relay_v1/burgers_relay_coarse] [operator][epoch 054] lambda=0.0300 relay_stage=relay relay_scale=1.000 relay_hotspot=0.0000 train_mse=0.00797565 val_mse=0.01178445 val_mae=0.06682886 | peer_val_mse=0.00001140 peer_val_mae=0.00234668
[operator_burgers_relay_v1/burgers_relay_coarse] [operator][epoch 055] lambda=0.0300 relay_stage=relay relay_scale=1.000 relay_hotspot=0.0000 train_mse=0.00806067 val_mse=0.01255138 val_mae=0.06795843 | peer_val_mse=0.00001140 peer_val_mae=0.00234668
[operator_burgers_relay_v1/burgers_relay_coarse] [operator][epoch 056] lambda=0.0300 relay_stage=relay relay_scale=1.000 relay_hotspot=0.0000 train_mse=0.00819639 val_mse=0.00907338 val_mae=0.05240585 | peer_val_mse=0.00001140 peer_val_mae=0.00234668
[operator_burgers_relay_v1/burgers_relay_coarse] [operator][epoch 057] lambda=0.0300 relay_stage=relay relay_scale=1.000 relay_hotspot=0.0000 train_mse=0.00758701 val_mse=0.00909081 val_mae=0.05630498 | peer_val_mse=0.00001140 peer_val_mae=0.00234668
[operator_burgers_relay_v1/burgers_relay_coarse] [operator][epoch 058] lambda=0.0300 relay_stage=relay relay_scale=1.000 relay_hotspot=0.0000 train_mse=0.00709526 val_mse=0.01086665 val_mae=0.06395277 | peer_val_mse=0.00001140 peer_val_mae=0.00234668
[operator_burgers_relay_v1/burgers_relay_coarse] [operator][epoch 059] lambda=0.0300 relay_stage=relay relay_scale=1.000 relay_hotspot=0.0000 train_mse=0.01062688 val_mse=0.01638594 val_mae=0.08167530 | peer_val_mse=0.00001140 peer_val_mae=0.00234668
[operator_burgers_relay_v1/burgers_relay_coarse] [operator][epoch 060] lambda=0.0300 relay_stage=relay relay_scale=1.000 relay_hotspot=0.0000 train_mse=0.01014647 val_mse=0.01039809 val_mae=0.06236990 | peer_val_mse=0.00001140 peer_val_mae=0.00234668
[operator_burgers_relay_v1/burgers_relay_coarse] [operator][epoch 060] updated live plot
[operator_burgers_relay_v1/burgers_relay_coarse] [operator][epoch 061] lambda=0.0300 relay_stage=relay relay_scale=1.000 relay_hotspot=0.0000 train_mse=0.00928977 val_mse=0.00988745 val_mae=0.06007088 | peer_val_mse=0.00001140 peer_val_mae=0.00234668
[operator_burgers_relay_v1/burgers_relay_coarse] [operator][epoch 062] lambda=0.0300 relay_stage=relay relay_scale=1.000 relay_hotspot=0.0000 train_mse=0.00645917 val_mse=0.00838934 val_mae=0.05026513 | peer_val_mse=0.00001140 peer_val_mae=0.00234668
[operator_burgers_relay_v1/burgers_relay_coarse] [operator][epoch 063] lambda=0.0300 relay_stage=relay relay_scale=1.000 relay_hotspot=0.0000 train_mse=0.00630025 val_mse=0.00889053 val_mae=0.05392294 | peer_val_mse=0.00001140 peer_val_mae=0.00234668
[operator_burgers_relay_v1/burgers_relay_coarse] [operator][epoch 064] lambda=0.0300 relay_stage=relay relay_scale=1.000 relay_hotspot=0.0000 train_mse=0.00643841 val_mse=0.00865026 val_mae=0.05163189 | peer_val_mse=0.00001140 peer_val_mae=0.00234668
[operator_burgers_relay_v1/burgers_relay_coarse] [operator][epoch 065] lambda=0.0300 relay_stage=relay relay_scale=1.000 relay_hotspot=0.0000 train_mse=0.00698488 val_mse=0.01036004 val_mae=0.06072602 | peer_val_mse=0.00001140 peer_val_mae=0.00234668
[operator_burgers_relay_v1/burgers_relay_coarse] [operator][epoch 066] lambda=0.0300 relay_stage=relay relay_scale=1.000 relay_hotspot=0.0000 train_mse=0.00936567 val_mse=0.01117354 val_mae=0.06434549 | peer_val_mse=0.00001140 peer_val_mae=0.00234668
[operator_burgers_relay_v1/burgers_relay_coarse] [operator][epoch 067] lambda=0.0300 relay_stage=relay relay_scale=1.000 relay_hotspot=0.0000 train_mse=0.00953576 val_mse=0.01248532 val_mae=0.06817884 | peer_val_mse=0.00001140 peer_val_mae=0.00234668
[operator_burgers_relay_v1/burgers_relay_coarse] [operator][epoch 068] lambda=0.0300 relay_stage=relay relay_scale=1.000 relay_hotspot=0.0000 train_mse=0.00713582 val_mse=0.00818597 val_mae=0.05116748 | peer_val_mse=0.00001140 peer_val_mae=0.00234668
[operator_burgers_relay_v1/burgers_relay_coarse] [operator][epoch 069] lambda=0.0300 relay_stage=relay relay_scale=1.000 relay_hotspot=0.0000 train_mse=0.00620103 val_mse=0.00883242 val_mae=0.05348804 | peer_val_mse=0.00001140 peer_val_mae=0.00234668
[operator_burgers_relay_v1/burgers_relay_coarse] [operator][epoch 070] lambda=0.0300 relay_stage=relay relay_scale=1.000 relay_hotspot=0.0000 train_mse=0.00662853 val_mse=0.00851587 val_mae=0.05024901 | peer_val_mse=0.00001140 peer_val_mae=0.00234668
[operator_burgers_relay_v1/burgers_relay_coarse] [operator][epoch 071] lambda=0.0300 relay_stage=taper relay_scale=1.000 relay_hotspot=0.0000 train_mse=0.00664987 val_mse=0.00896725 val_mae=0.05282803 | peer_val_mse=0.00001140 peer_val_mae=0.00234668
[operator_burgers_relay_v1/burgers_relay_coarse] [operator][epoch 072] lambda=0.0300 relay_stage=taper relay_scale=0.971 relay_hotspot=0.0000 train_mse=0.00671888 val_mse=0.00955107 val_mae=0.05858915 | peer_val_mse=0.00001140 peer_val_mae=0.00234668
[operator_burgers_relay_v1/burgers_relay_coarse] [operator][epoch 073] lambda=0.0300 relay_stage=taper relay_scale=0.941 relay_hotspot=0.0000 train_mse=0.00632743 val_mse=0.00819486 val_mae=0.05049864 | peer_val_mse=0.00001140 peer_val_mae=0.00234668
[operator_burgers_relay_v1/burgers_relay_coarse] [operator][epoch 074] lambda=0.0300 relay_stage=taper relay_scale=0.912 relay_hotspot=0.0000 train_mse=0.00608285 val_mse=0.00853691 val_mae=0.05446220 | peer_val_mse=0.00001140 peer_val_mae=0.00234668
[operator_burgers_relay_v1/burgers_relay_coarse] [operator][epoch 075] lambda=0.0300 relay_stage=taper relay_scale=0.882 relay_hotspot=0.0000 train_mse=0.00614532 val_mse=0.00826326 val_mae=0.05056163 | peer_val_mse=0.00001140 peer_val_mae=0.00234668
[operator_burgers_relay_v1/burgers_relay_coarse] [operator][epoch 076] lambda=0.0300 relay_stage=taper relay_scale=0.853 relay_hotspot=0.0000 train_mse=0.00596950 val_mse=0.00820651 val_mae=0.05373840 | peer_val_mse=0.00001140 peer_val_mae=0.00234668
[operator_burgers_relay_v1/burgers_relay_coarse] [operator][epoch 077] lambda=0.0300 relay_stage=taper relay_scale=0.824 relay_hotspot=0.0000 train_mse=0.00668763 val_mse=0.01137982 val_mae=0.06134760 | peer_val_mse=0.00001140 peer_val_mae=0.00234668
[operator_burgers_relay_v1/burgers_relay_coarse] [operator][epoch 078] lambda=0.0300 relay_stage=taper relay_scale=0.794 relay_hotspot=0.0000 train_mse=0.00741373 val_mse=0.01022010 val_mae=0.05958412 | peer_val_mse=0.00001140 peer_val_mae=0.00234668
[operator_burgers_relay_v1/burgers_relay_coarse] [operator][epoch 079] lambda=0.0300 relay_stage=taper relay_scale=0.765 relay_hotspot=0.0000 train_mse=0.00802823 val_mse=0.01052631 val_mae=0.06145284 | peer_val_mse=0.00001140 peer_val_mae=0.00234668
[operator_burgers_relay_v1/burgers_relay_coarse] [operator][epoch 080] lambda=0.0300 relay_stage=taper relay_scale=0.735 relay_hotspot=0.0000 train_mse=0.00731964 val_mse=0.00883932 val_mae=0.05282328 | peer_val_mse=0.00001140 peer_val_mae=0.00234668
[operator_burgers_relay_v1/burgers_relay_coarse] [operator][epoch 080] updated live plot
[operator_burgers_relay_v1/burgers_relay_coarse] [operator][epoch 081] lambda=0.0300 relay_stage=taper relay_scale=0.706 relay_hotspot=0.0000 train_mse=0.00647422 val_mse=0.00799934 val_mae=0.05082700 | peer_val_mse=0.00001140 peer_val_mae=0.00234668
[operator_burgers_relay_v1/burgers_relay_coarse] [operator][epoch 082] lambda=0.0300 relay_stage=taper relay_scale=0.676 relay_hotspot=0.0000 train_mse=0.00655223 val_mse=0.01077478 val_mae=0.06002802 | peer_val_mse=0.00001140 peer_val_mae=0.00234668
[operator_burgers_relay_v1/burgers_relay_coarse] [operator][epoch 083] lambda=0.0300 relay_stage=taper relay_scale=0.647 relay_hotspot=0.0000 train_mse=0.00750311 val_mse=0.01033526 val_mae=0.06277148 | peer_val_mse=0.00001140 peer_val_mae=0.00234668
[operator_burgers_relay_v1/burgers_relay_coarse] [operator][epoch 084] lambda=0.0300 relay_stage=taper relay_scale=0.618 relay_hotspot=0.0000 train_mse=0.00943322 val_mse=0.01112111 val_mae=0.06645740 | peer_val_mse=0.00001140 peer_val_mae=0.00234668
[operator_burgers_relay_v1/burgers_relay_coarse] [operator][epoch 085] lambda=0.0300 relay_stage=taper relay_scale=0.588 relay_hotspot=0.0000 train_mse=0.00735066 val_mse=0.00861919 val_mae=0.05216209 | peer_val_mse=0.00001140 peer_val_mae=0.00234668
[operator_burgers_relay_v1/burgers_relay_coarse] [operator][epoch 086] lambda=0.0300 relay_stage=taper relay_scale=0.559 relay_hotspot=0.0000 train_mse=0.00582774 val_mse=0.00826033 val_mae=0.05193606 | peer_val_mse=0.00001140 peer_val_mae=0.00234668
[operator_burgers_relay_v1/burgers_relay_coarse] [operator][epoch 087] lambda=0.0300 relay_stage=taper relay_scale=0.529 relay_hotspot=0.0000 train_mse=0.00669285 val_mse=0.01111695 val_mae=0.06085796 | peer_val_mse=0.00001140 peer_val_mae=0.00234668
[operator_burgers_relay_v1/burgers_relay_coarse] [operator][epoch 088] lambda=0.0300 relay_stage=taper relay_scale=0.500 relay_hotspot=0.0000 train_mse=0.00676123 val_mse=0.00873611 val_mae=0.05576116 | peer_val_mse=0.00001140 peer_val_mae=0.00234668
[operator_burgers_relay_v1/burgers_relay_coarse] [operator][epoch 089] lambda=0.0300 relay_stage=taper relay_scale=0.471 relay_hotspot=0.0000 train_mse=0.00613399 val_mse=0.00755323 val_mae=0.04767402 | peer_val_mse=0.00001140 peer_val_mae=0.00234668
[operator_burgers_relay_v1/burgers_relay_coarse] [operator][epoch 090] lambda=0.0300 relay_stage=taper relay_scale=0.441 relay_hotspot=0.0000 train_mse=0.00518757 val_mse=0.00762868 val_mae=0.04845176 | peer_val_mse=0.00001140 peer_val_mae=0.00234668
[operator_burgers_relay_v1/burgers_relay_coarse] [operator][epoch 091] lambda=0.0300 relay_stage=taper relay_scale=0.412 relay_hotspot=0.0000 train_mse=0.00696929 val_mse=0.01044784 val_mae=0.06192997 | peer_val_mse=0.00001140 peer_val_mae=0.00234668
[operator_burgers_relay_v1/burgers_relay_coarse] [operator][epoch 092] lambda=0.0300 relay_stage=taper relay_scale=0.382 relay_hotspot=0.0000 train_mse=0.00743244 val_mse=0.00817779 val_mae=0.05252852 | peer_val_mse=0.00001140 peer_val_mae=0.00234668
[operator_burgers_relay_v1/burgers_relay_coarse] [operator][epoch 093] lambda=0.0300 relay_stage=taper relay_scale=0.353 relay_hotspot=0.0000 train_mse=0.00586673 val_mse=0.00724656 val_mae=0.04796742 | peer_val_mse=0.00001140 peer_val_mae=0.00234668
[operator_burgers_relay_v1/burgers_relay_coarse] [operator][epoch 094] lambda=0.0300 relay_stage=taper relay_scale=0.324 relay_hotspot=0.0000 train_mse=0.00572249 val_mse=0.00911728 val_mae=0.05470384 | peer_val_mse=0.00001140 peer_val_mae=0.00234668
[operator_burgers_relay_v1/burgers_relay_coarse] [operator][epoch 095] lambda=0.0300 relay_stage=taper relay_scale=0.294 relay_hotspot=0.0000 train_mse=0.00940121 val_mse=0.01131402 val_mae=0.06656025 | peer_val_mse=0.00001140 peer_val_mae=0.00234668
[operator_burgers_relay_v1/burgers_relay_coarse] [operator][epoch 096] lambda=0.0300 relay_stage=taper relay_scale=0.265 relay_hotspot=0.0000 train_mse=0.00776941 val_mse=0.00774948 val_mae=0.05119778 | peer_val_mse=0.00001140 peer_val_mae=0.00234668
[operator_burgers_relay_v1/burgers_relay_coarse] [operator][epoch 097] lambda=0.0300 relay_stage=taper relay_scale=0.235 relay_hotspot=0.0000 train_mse=0.00863639 val_mse=0.01455250 val_mae=0.08054022 | peer_val_mse=0.00001140 peer_val_mae=0.00234668
[operator_burgers_relay_v1/burgers_relay_coarse] [operator][epoch 098] lambda=0.0300 relay_stage=taper relay_scale=0.206 relay_hotspot=0.0000 train_mse=0.00780285 val_mse=0.00916859 val_mae=0.05465750 | peer_val_mse=0.00001140 peer_val_mae=0.00234668
[operator_burgers_relay_v1/burgers_relay_coarse] [operator][epoch 099] lambda=0.0300 relay_stage=taper relay_scale=0.176 relay_hotspot=0.0000 train_mse=0.00643762 val_mse=0.00873863 val_mae=0.05483226 | peer_val_mse=0.00001140 peer_val_mae=0.00234668
[operator_burgers_relay_v1/burgers_relay_coarse] [operator][epoch 100] lambda=0.0300 relay_stage=taper relay_scale=0.147 relay_hotspot=0.0000 train_mse=0.00583605 val_mse=0.00819247 val_mae=0.05119794 | peer_val_mse=0.00001140 peer_val_mae=0.00234668
[operator_burgers_relay_v1/burgers_relay_coarse] [operator][epoch 100] updated live plot
[operator_burgers_relay_v1/burgers_relay_coarse] [operator][epoch 101] lambda=0.0300 relay_stage=taper relay_scale=0.118 relay_hotspot=0.0000 train_mse=0.00527858 val_mse=0.00692356 val_mae=0.04528232 | peer_val_mse=0.00001140 peer_val_mae=0.00234668
[operator_burgers_relay_v1/burgers_relay_coarse] [operator][epoch 102] lambda=0.0300 relay_stage=taper relay_scale=0.088 relay_hotspot=0.0000 train_mse=0.00549508 val_mse=0.00780147 val_mae=0.05401537 | peer_val_mse=0.00001140 peer_val_mae=0.00234668
[operator_burgers_relay_v1/burgers_relay_coarse] [operator][epoch 103] lambda=0.0300 relay_stage=taper relay_scale=0.059 relay_hotspot=0.0000 train_mse=0.00581112 val_mse=0.00998999 val_mae=0.05638722 | peer_val_mse=0.00001140 peer_val_mae=0.00234668
[operator_burgers_relay_v1/burgers_relay_coarse] [operator][epoch 104] lambda=0.0300 relay_stage=taper relay_scale=0.029 relay_hotspot=0.0000 train_mse=0.00584346 val_mse=0.00724140 val_mae=0.04828719 | peer_val_mse=0.00001140 peer_val_mae=0.00234668
[operator_burgers_relay_v1/burgers_relay_coarse] [operator][epoch 105] lambda=0.0300 relay_stage=taper relay_scale=0.000 relay_hotspot=0.0000 train_mse=0.00560141 val_mse=0.00710332 val_mae=0.04837007 | peer_val_mse=0.00001140 peer_val_mae=0.00234668
[operator_burgers_relay_v1/burgers_relay_coarse] [operator][epoch 106] lambda=0.0300 relay_stage=finetune relay_scale=0.000 relay_hotspot=0.0000 train_mse=0.00530467 val_mse=0.00705063 val_mae=0.04674273 | peer_val_mse=0.00001140 peer_val_mae=0.00234668
[operator_burgers_relay_v1/burgers_relay_coarse] [operator][epoch 107] lambda=0.0300 relay_stage=finetune relay_scale=0.000 relay_hotspot=0.0000 train_mse=0.00702670 val_mse=0.01091604 val_mae=0.07013243 | peer_val_mse=0.00001140 peer_val_mae=0.00234668
[operator_burgers_relay_v1/burgers_relay_coarse] [operator][epoch 108] lambda=0.0300 relay_stage=finetune relay_scale=0.000 relay_hotspot=0.0000 train_mse=0.00689969 val_mse=0.00871858 val_mae=0.05827745 | peer_val_mse=0.00001140 peer_val_mae=0.00234668
[operator_burgers_relay_v1/burgers_relay_coarse] [operator][epoch 109] lambda=0.0300 relay_stage=finetune relay_scale=0.000 relay_hotspot=0.0000 train_mse=0.00518246 val_mse=0.00668169 val_mae=0.04493951 | peer_val_mse=0.00001140 peer_val_mae=0.00234668
[operator_burgers_relay_v1/burgers_relay_coarse] [operator][epoch 110] lambda=0.0300 relay_stage=finetune relay_scale=0.000 relay_hotspot=0.0000 train_mse=0.00553959 val_mse=0.00832913 val_mae=0.05500034 | peer_val_mse=0.00001140 peer_val_mae=0.00234668
[operator_burgers_relay_v1/burgers_relay_coarse] [operator][epoch 111] lambda=0.0300 relay_stage=finetune relay_scale=0.000 relay_hotspot=0.0000 train_mse=0.00625634 val_mse=0.00776273 val_mae=0.05203256 | peer_val_mse=0.00001140 peer_val_mae=0.00234668
[operator_burgers_relay_v1/burgers_relay_coarse] [operator][epoch 112] lambda=0.0300 relay_stage=finetune relay_scale=0.000 relay_hotspot=0.0000 train_mse=0.00560114 val_mse=0.00833446 val_mae=0.05150807 | peer_val_mse=0.00001140 peer_val_mae=0.00234668
[operator_burgers_relay_v1/burgers_relay_coarse] [operator][epoch 113] lambda=0.0300 relay_stage=finetune relay_scale=0.000 relay_hotspot=0.0000 train_mse=0.00672423 val_mse=0.00786466 val_mae=0.05261586 | peer_val_mse=0.00001140 peer_val_mae=0.00234668
[operator_burgers_relay_v1/burgers_relay_coarse] [operator][epoch 114] lambda=0.0300 relay_stage=finetune relay_scale=0.000 relay_hotspot=0.0000 train_mse=0.00543705 val_mse=0.00659481 val_mae=0.04343750 | peer_val_mse=0.00001140 peer_val_mae=0.00234668
[operator_burgers_relay_v1/burgers_relay_coarse] [operator][epoch 115] lambda=0.0300 relay_stage=finetune relay_scale=0.000 relay_hotspot=0.0000 train_mse=0.00462586 val_mse=0.00722958 val_mae=0.04793684 | peer_val_mse=0.00001140 peer_val_mae=0.00234668
[operator_burgers_relay_v1/burgers_relay_coarse] [operator][epoch 116] lambda=0.0300 relay_stage=finetune relay_scale=0.000 relay_hotspot=0.0000 train_mse=0.00541214 val_mse=0.00712147 val_mae=0.04721517 | peer_val_mse=0.00001140 peer_val_mae=0.00234668
[operator_burgers_relay_v1/burgers_relay_coarse] [operator][epoch 117] lambda=0.0300 relay_stage=finetune relay_scale=0.000 relay_hotspot=0.0000 train_mse=0.00523851 val_mse=0.00798185 val_mae=0.05337209 | peer_val_mse=0.00001140 peer_val_mae=0.00234668
[operator_burgers_relay_v1/burgers_relay_coarse] [operator][epoch 118] lambda=0.0300 relay_stage=finetune relay_scale=0.000 relay_hotspot=0.0000 train_mse=0.00696453 val_mse=0.01105230 val_mae=0.07092304 | peer_val_mse=0.00001140 peer_val_mae=0.00234668
[operator_burgers_relay_v1/burgers_relay_coarse] [operator][epoch 119] lambda=0.0300 relay_stage=finetune relay_scale=0.000 relay_hotspot=0.0000 train_mse=0.00748824 val_mse=0.00718964 val_mae=0.04896871 | peer_val_mse=0.00001140 peer_val_mae=0.00234668
[operator_burgers_relay_v1/burgers_relay_coarse] [operator][epoch 120] lambda=0.0300 relay_stage=finetune relay_scale=0.000 relay_hotspot=0.0000 train_mse=0.00509454 val_mse=0.00665713 val_mae=0.04532653 | peer_val_mse=0.00001140 peer_val_mae=0.00234668
[operator_burgers_relay_v1/burgers_relay_coarse] [operator][epoch 120] updated live plot
[operator_burgers_relay_v1/burgers_relay_coarse] [operator][epoch 121] lambda=0.0300 relay_stage=finetune relay_scale=0.000 relay_hotspot=0.0000 train_mse=0.00510074 val_mse=0.00675448 val_mae=0.04692797 | peer_val_mse=0.00001140 peer_val_mae=0.00234668
[operator_burgers_relay_v1/burgers_relay_coarse] [operator][epoch 122] lambda=0.0300 relay_stage=finetune relay_scale=0.000 relay_hotspot=0.0000 train_mse=0.00514115 val_mse=0.00705777 val_mae=0.04710362 | peer_val_mse=0.00001140 peer_val_mae=0.00234668
[operator_burgers_relay_v1/burgers_relay_coarse] [operator][epoch 123] lambda=0.0300 relay_stage=finetune relay_scale=0.000 relay_hotspot=0.0000 train_mse=0.00463522 val_mse=0.00691488 val_mae=0.04728341 | peer_val_mse=0.00001140 peer_val_mae=0.00234668
[operator_burgers_relay_v1/burgers_relay_coarse] [operator][epoch 124] lambda=0.0300 relay_stage=finetune relay_scale=0.000 relay_hotspot=0.0000 train_mse=0.00901140 val_mse=0.00934997 val_mae=0.05939303 | peer_val_mse=0.00001140 peer_val_mae=0.00234668
[operator_burgers_relay_v1/burgers_relay_coarse] [operator][epoch 125] lambda=0.0300 relay_stage=finetune relay_scale=0.000 relay_hotspot=0.0000 train_mse=0.00581973 val_mse=0.00767123 val_mae=0.05047869 | peer_val_mse=0.00001140 peer_val_mae=0.00234668
[operator_burgers_relay_v1/burgers_relay_coarse] [operator][epoch 126] lambda=0.0300 relay_stage=finetune relay_scale=0.000 relay_hotspot=0.0000 train_mse=0.00718020 val_mse=0.00814923 val_mae=0.05634467 | peer_val_mse=0.00001140 peer_val_mae=0.00234668
[operator_burgers_relay_v1/burgers_relay_coarse] [operator][epoch 127] lambda=0.0300 relay_stage=finetune relay_scale=0.000 relay_hotspot=0.0000 train_mse=0.00642306 val_mse=0.00764431 val_mae=0.04957236 | peer_val_mse=0.00001140 peer_val_mae=0.00234668
[operator_burgers_relay_v1/burgers_relay_coarse] [operator][epoch 128] lambda=0.0300 relay_stage=finetune relay_scale=0.000 relay_hotspot=0.0000 train_mse=0.00492613 val_mse=0.00630589 val_mae=0.04325975 | peer_val_mse=0.00001140 peer_val_mae=0.00234668
[operator_burgers_relay_v1/burgers_relay_coarse] [operator][epoch 129] lambda=0.0300 relay_stage=finetune relay_scale=0.000 relay_hotspot=0.0000 train_mse=0.00443988 val_mse=0.00638763 val_mae=0.04524079 | peer_val_mse=0.00001140 peer_val_mae=0.00234668
[operator_burgers_relay_v1/burgers_relay_coarse] [operator][epoch 130] lambda=0.0300 relay_stage=finetune relay_scale=0.000 relay_hotspot=0.0000 train_mse=0.00449438 val_mse=0.00626597 val_mae=0.04352781 | peer_val_mse=0.00001140 peer_val_mae=0.00234668
[operator_burgers_relay_v1/burgers_relay_coarse] [operator][epoch 131] lambda=0.0300 relay_stage=finetune relay_scale=0.000 relay_hotspot=0.0000 train_mse=0.00438483 val_mse=0.00590391 val_mae=0.04123867 | peer_val_mse=0.00001140 peer_val_mae=0.00234668
[operator_burgers_relay_v1/burgers_relay_coarse] [operator][epoch 132] lambda=0.0300 relay_stage=finetune relay_scale=0.000 relay_hotspot=0.0000 train_mse=0.00486997 val_mse=0.00711667 val_mae=0.05052903 | peer_val_mse=0.00001140 peer_val_mae=0.00234668
[operator_burgers_relay_v1/burgers_relay_coarse] [operator][epoch 133] lambda=0.0300 relay_stage=finetune relay_scale=0.000 relay_hotspot=0.0000 train_mse=0.00546928 val_mse=0.00642077 val_mae=0.04718674 | peer_val_mse=0.00001140 peer_val_mae=0.00234668
[operator_burgers_relay_v1/burgers_relay_coarse] [operator][epoch 134] lambda=0.0300 relay_stage=finetune relay_scale=0.000 relay_hotspot=0.0000 train_mse=0.00478533 val_mse=0.00692827 val_mae=0.04606542 | peer_val_mse=0.00001140 peer_val_mae=0.00234668
[operator_burgers_relay_v1/burgers_relay_coarse] [operator][epoch 135] lambda=0.0300 relay_stage=finetune relay_scale=0.000 relay_hotspot=0.0000 train_mse=0.00494641 val_mse=0.00655680 val_mae=0.04673015 | peer_val_mse=0.00001140 peer_val_mae=0.00234668
[operator_burgers_relay_v1/burgers_relay_coarse] [operator][epoch 136] lambda=0.0300 relay_stage=finetune relay_scale=0.000 relay_hotspot=0.0000 train_mse=0.00490402 val_mse=0.00619702 val_mae=0.04328159 | peer_val_mse=0.00001140 peer_val_mae=0.00234668
[operator_burgers_relay_v1/burgers_relay_coarse] [operator][epoch 137] lambda=0.0300 relay_stage=finetune relay_scale=0.000 relay_hotspot=0.0000 train_mse=0.00446316 val_mse=0.00600225 val_mae=0.04169887 | peer_val_mse=0.00001140 peer_val_mae=0.00234668
[operator_burgers_relay_v1/burgers_relay_coarse] [operator][epoch 138] lambda=0.0300 relay_stage=finetune relay_scale=0.000 relay_hotspot=0.0000 train_mse=0.00677267 val_mse=0.01075459 val_mae=0.06227211 | peer_val_mse=0.00001140 peer_val_mae=0.00234668
[operator_burgers_relay_v1/burgers_relay_coarse] [operator][epoch 139] lambda=0.0300 relay_stage=finetune relay_scale=0.000 relay_hotspot=0.0000 train_mse=0.00633063 val_mse=0.00741521 val_mae=0.05052918 | peer_val_mse=0.00001140 peer_val_mae=0.00234668
[operator_burgers_relay_v1/burgers_relay_coarse] [operator][epoch 140] lambda=0.0300 relay_stage=finetune relay_scale=0.000 relay_hotspot=0.0000 train_mse=0.00494559 val_mse=0.00661208 val_mae=0.04540820 | peer_val_mse=0.00001140 peer_val_mae=0.00234668
[operator_burgers_relay_v1/burgers_relay_coarse] [operator][epoch 140] updated live plot
[operator_burgers_relay_v1/burgers_relay_coarse] [operator] done
[operator_burgers_relay_v1/burgers_relay_coarse] [operator] dataset=burgers pair=deeponet:fno method=ssml seed=1
[operator_burgers_relay_v1/burgers_relay_coarse] [operator] loaded init_checkpoint=results/operator_burgers_followup_v1/burgers_l005_m0_w12_d60_120_ow1/operator/burgers/deeponet_independent_mse_seed1/model.pt
[operator_burgers_relay_v1/burgers_relay_coarse] [operator] loaded peer_init_checkpoint=results/operator_burgers_followup_v1/burgers_l005_m0_w12_d60_120_ow1/operator/burgers/fno_independent_mse_seed1/model.pt
[operator_burgers_relay_v1/burgers_relay_coarse] [operator] run_dir=results/operator_burgers_relay_v1/burgers_relay_coarse/operator/burgers/deeponet__fno_ssml_mse_seed1
[operator_burgers_relay_v1/burgers_relay_coarse] [operator] params=198656
[operator_burgers_relay_v1/burgers_relay_coarse] [operator] granularity=element student_only=True freeze_peer=True peer_updates_disabled=True relay_stage_epochs=(25, 45, 35) relay_hint_mode=coarse relay_taper_schedule=linear
[operator_burgers_relay_v1/burgers_relay_coarse] [operator][epoch 001] lambda=0.0300 relay_stage=control relay_scale=0.000 relay_hotspot=0.0000 train_mse=0.02687481 val_mse=0.02312416 val_mae=0.10297046 | peer_val_mse=0.00000429 peer_val_mae=0.00126268
[operator_burgers_relay_v1/burgers_relay_coarse] [operator][epoch 002] lambda=0.0300 relay_stage=control relay_scale=0.000 relay_hotspot=0.0000 train_mse=0.02119933 val_mse=0.01982371 val_mae=0.09555378 | peer_val_mse=0.00000429 peer_val_mae=0.00126268
[operator_burgers_relay_v1/burgers_relay_coarse] [operator][epoch 003] lambda=0.0300 relay_stage=control relay_scale=0.000 relay_hotspot=0.0000 train_mse=0.01779158 val_mse=0.01685543 val_mae=0.08597590 | peer_val_mse=0.00000429 peer_val_mae=0.00126268
[operator_burgers_relay_v1/burgers_relay_coarse] [operator][epoch 004] lambda=0.0300 relay_stage=control relay_scale=0.000 relay_hotspot=0.0000 train_mse=0.01671472 val_mse=0.01823891 val_mae=0.09499019 | peer_val_mse=0.00000429 peer_val_mae=0.00126268
[operator_burgers_relay_v1/burgers_relay_coarse] [operator][epoch 005] lambda=0.0300 relay_stage=control relay_scale=0.000 relay_hotspot=0.0000 train_mse=0.01653503 val_mse=0.01596017 val_mae=0.08527935 | peer_val_mse=0.00000429 peer_val_mae=0.00126268
[operator_burgers_relay_v1/burgers_relay_coarse] [operator][epoch 006] lambda=0.0300 relay_stage=control relay_scale=0.000 relay_hotspot=0.0000 train_mse=0.01503793 val_mse=0.01388859 val_mae=0.07449246 | peer_val_mse=0.00000429 peer_val_mae=0.00126268
[operator_burgers_relay_v1/burgers_relay_coarse] [operator][epoch 007] lambda=0.0300 relay_stage=control relay_scale=0.000 relay_hotspot=0.0000 train_mse=0.01448539 val_mse=0.01418851 val_mae=0.07927954 | peer_val_mse=0.00000429 peer_val_mae=0.00126268
[operator_burgers_relay_v1/burgers_relay_coarse] [operator][epoch 008] lambda=0.0300 relay_stage=control relay_scale=0.000 relay_hotspot=0.0000 train_mse=0.01304488 val_mse=0.01316949 val_mae=0.07430672 | peer_val_mse=0.00000429 peer_val_mae=0.00126268
[operator_burgers_relay_v1/burgers_relay_coarse] [operator][epoch 009] lambda=0.0300 relay_stage=control relay_scale=0.000 relay_hotspot=0.0000 train_mse=0.01404232 val_mse=0.01534375 val_mae=0.08314713 | peer_val_mse=0.00000429 peer_val_mae=0.00126268
[operator_burgers_relay_v1/burgers_relay_coarse] [operator][epoch 010] lambda=0.0300 relay_stage=control relay_scale=0.000 relay_hotspot=0.0000 train_mse=0.01380215 val_mse=0.01163449 val_mae=0.06783915 | peer_val_mse=0.00000429 peer_val_mae=0.00126268
[operator_burgers_relay_v1/burgers_relay_coarse] [operator][epoch 011] lambda=0.0300 relay_stage=control relay_scale=0.000 relay_hotspot=0.0000 train_mse=0.01272862 val_mse=0.01359551 val_mae=0.07758322 | peer_val_mse=0.00000429 peer_val_mae=0.00126268
[operator_burgers_relay_v1/burgers_relay_coarse] [operator][epoch 012] lambda=0.0300 relay_stage=control relay_scale=0.000 relay_hotspot=0.0000 train_mse=0.01327748 val_mse=0.01208694 val_mae=0.07099432 | peer_val_mse=0.00000429 peer_val_mae=0.00126268
[operator_burgers_relay_v1/burgers_relay_coarse] [operator][epoch 013] lambda=0.0300 relay_stage=control relay_scale=0.000 relay_hotspot=0.0000 train_mse=0.01152523 val_mse=0.01355171 val_mae=0.07725530 | peer_val_mse=0.00000429 peer_val_mae=0.00126268
[operator_burgers_relay_v1/burgers_relay_coarse] [operator][epoch 014] lambda=0.0300 relay_stage=control relay_scale=0.000 relay_hotspot=0.0000 train_mse=0.01238364 val_mse=0.01216482 val_mae=0.07292596 | peer_val_mse=0.00000429 peer_val_mae=0.00126268
[operator_burgers_relay_v1/burgers_relay_coarse] [operator][epoch 015] lambda=0.0300 relay_stage=control relay_scale=0.000 relay_hotspot=0.0000 train_mse=0.01187878 val_mse=0.01116357 val_mae=0.06877548 | peer_val_mse=0.00000429 peer_val_mae=0.00126268
[operator_burgers_relay_v1/burgers_relay_coarse] [operator][epoch 016] lambda=0.0300 relay_stage=control relay_scale=0.000 relay_hotspot=0.0000 train_mse=0.01141259 val_mse=0.01135386 val_mae=0.07067611 | peer_val_mse=0.00000429 peer_val_mae=0.00126268
[operator_burgers_relay_v1/burgers_relay_coarse] [operator][epoch 017] lambda=0.0300 relay_stage=control relay_scale=0.000 relay_hotspot=0.0000 train_mse=0.01062196 val_mse=0.01000603 val_mae=0.06342391 | peer_val_mse=0.00000429 peer_val_mae=0.00126268
[operator_burgers_relay_v1/burgers_relay_coarse] [operator][epoch 018] lambda=0.0300 relay_stage=control relay_scale=0.000 relay_hotspot=0.0000 train_mse=0.01390637 val_mse=0.01312149 val_mae=0.07493640 | peer_val_mse=0.00000429 peer_val_mae=0.00126268
[operator_burgers_relay_v1/burgers_relay_coarse] [operator][epoch 019] lambda=0.0300 relay_stage=control relay_scale=0.000 relay_hotspot=0.0000 train_mse=0.01265993 val_mse=0.01234938 val_mae=0.07473370 | peer_val_mse=0.00000429 peer_val_mae=0.00126268
[operator_burgers_relay_v1/burgers_relay_coarse] [operator][epoch 020] lambda=0.0300 relay_stage=control relay_scale=0.000 relay_hotspot=0.0000 train_mse=0.01040512 val_mse=0.01190838 val_mae=0.06942873 | peer_val_mse=0.00000429 peer_val_mae=0.00126268
[operator_burgers_relay_v1/burgers_relay_coarse] [operator][epoch 020] updated live plot
[operator_burgers_relay_v1/burgers_relay_coarse] [operator][epoch 021] lambda=0.0300 relay_stage=control relay_scale=0.000 relay_hotspot=0.0000 train_mse=0.01062163 val_mse=0.00902730 val_mae=0.05991386 | peer_val_mse=0.00000429 peer_val_mae=0.00126268
[operator_burgers_relay_v1/burgers_relay_coarse] [operator][epoch 022] lambda=0.0300 relay_stage=control relay_scale=0.000 relay_hotspot=0.0000 train_mse=0.00874683 val_mse=0.00886727 val_mae=0.05871220 | peer_val_mse=0.00000429 peer_val_mae=0.00126268
[operator_burgers_relay_v1/burgers_relay_coarse] [operator][epoch 023] lambda=0.0300 relay_stage=control relay_scale=0.000 relay_hotspot=0.0000 train_mse=0.00899789 val_mse=0.01179711 val_mae=0.06915313 | peer_val_mse=0.00000429 peer_val_mae=0.00126268
[operator_burgers_relay_v1/burgers_relay_coarse] [operator][epoch 024] lambda=0.0300 relay_stage=control relay_scale=0.000 relay_hotspot=0.0000 train_mse=0.01033442 val_mse=0.01106337 val_mae=0.06967134 | peer_val_mse=0.00000429 peer_val_mae=0.00126268
[operator_burgers_relay_v1/burgers_relay_coarse] [operator][epoch 025] lambda=0.0300 relay_stage=control relay_scale=0.000 relay_hotspot=0.0000 train_mse=0.01070464 val_mse=0.00920104 val_mae=0.06229061 | peer_val_mse=0.00000429 peer_val_mae=0.00126268
[operator_burgers_relay_v1/burgers_relay_coarse] [operator][epoch 026] lambda=0.0300 relay_stage=relay relay_scale=1.000 relay_hotspot=0.0000 train_mse=0.01119698 val_mse=0.01132103 val_mae=0.07139035 | peer_val_mse=0.00000429 peer_val_mae=0.00126268
[operator_burgers_relay_v1/burgers_relay_coarse] [operator][epoch 027] lambda=0.0300 relay_stage=relay relay_scale=1.000 relay_hotspot=0.0000 train_mse=0.00950522 val_mse=0.01273374 val_mae=0.07210943 | peer_val_mse=0.00000429 peer_val_mae=0.00126268
[operator_burgers_relay_v1/burgers_relay_coarse] [operator][epoch 028] lambda=0.0300 relay_stage=relay relay_scale=1.000 relay_hotspot=0.0000 train_mse=0.01078788 val_mse=0.01260478 val_mae=0.07595227 | peer_val_mse=0.00000429 peer_val_mae=0.00126268
[operator_burgers_relay_v1/burgers_relay_coarse] [operator][epoch 029] lambda=0.0300 relay_stage=relay relay_scale=1.000 relay_hotspot=0.0000 train_mse=0.00941638 val_mse=0.00951517 val_mae=0.06139332 | peer_val_mse=0.00000429 peer_val_mae=0.00126268
[operator_burgers_relay_v1/burgers_relay_coarse] [operator][epoch 030] lambda=0.0300 relay_stage=relay relay_scale=1.000 relay_hotspot=0.0000 train_mse=0.00931811 val_mse=0.00854038 val_mae=0.05990439 | peer_val_mse=0.00000429 peer_val_mae=0.00126268
[operator_burgers_relay_v1/burgers_relay_coarse] [operator][epoch 031] lambda=0.0300 relay_stage=relay relay_scale=1.000 relay_hotspot=0.0000 train_mse=0.00909030 val_mse=0.00917661 val_mae=0.06054098 | peer_val_mse=0.00000429 peer_val_mae=0.00126268
[operator_burgers_relay_v1/burgers_relay_coarse] [operator][epoch 032] lambda=0.0300 relay_stage=relay relay_scale=1.000 relay_hotspot=0.0000 train_mse=0.00844176 val_mse=0.00970723 val_mae=0.06335732 | peer_val_mse=0.00000429 peer_val_mae=0.00126268
[operator_burgers_relay_v1/burgers_relay_coarse] [operator][epoch 033] lambda=0.0300 relay_stage=relay relay_scale=1.000 relay_hotspot=0.0000 train_mse=0.00980499 val_mse=0.00928929 val_mae=0.05960242 | peer_val_mse=0.00000429 peer_val_mae=0.00126268
[operator_burgers_relay_v1/burgers_relay_coarse] [operator][epoch 034] lambda=0.0300 relay_stage=relay relay_scale=1.000 relay_hotspot=0.0000 train_mse=0.00964604 val_mse=0.01026493 val_mae=0.06573010 | peer_val_mse=0.00000429 peer_val_mae=0.00126268
[operator_burgers_relay_v1/burgers_relay_coarse] [operator][epoch 035] lambda=0.0300 relay_stage=relay relay_scale=1.000 relay_hotspot=0.0000 train_mse=0.01036961 val_mse=0.01072842 val_mae=0.06615604 | peer_val_mse=0.00000429 peer_val_mae=0.00126268
[operator_burgers_relay_v1/burgers_relay_coarse] [operator][epoch 036] lambda=0.0300 relay_stage=relay relay_scale=1.000 relay_hotspot=0.0000 train_mse=0.00967443 val_mse=0.00788294 val_mae=0.05488988 | peer_val_mse=0.00000429 peer_val_mae=0.00126268
[operator_burgers_relay_v1/burgers_relay_coarse] [operator][epoch 037] lambda=0.0300 relay_stage=relay relay_scale=1.000 relay_hotspot=0.0000 train_mse=0.00801367 val_mse=0.00767623 val_mae=0.05313496 | peer_val_mse=0.00000429 peer_val_mae=0.00126268
[operator_burgers_relay_v1/burgers_relay_coarse] [operator][epoch 038] lambda=0.0300 relay_stage=relay relay_scale=1.000 relay_hotspot=0.0000 train_mse=0.00790844 val_mse=0.00923361 val_mae=0.06141451 | peer_val_mse=0.00000429 peer_val_mae=0.00126268
[operator_burgers_relay_v1/burgers_relay_coarse] [operator][epoch 039] lambda=0.0300 relay_stage=relay relay_scale=1.000 relay_hotspot=0.0000 train_mse=0.00951025 val_mse=0.01082834 val_mae=0.07171421 | peer_val_mse=0.00000429 peer_val_mae=0.00126268
[operator_burgers_relay_v1/burgers_relay_coarse] [operator][epoch 040] lambda=0.0300 relay_stage=relay relay_scale=1.000 relay_hotspot=0.0000 train_mse=0.00931140 val_mse=0.01061443 val_mae=0.06664760 | peer_val_mse=0.00000429 peer_val_mae=0.00126268
[operator_burgers_relay_v1/burgers_relay_coarse] [operator][epoch 040] updated live plot
[operator_burgers_relay_v1/burgers_relay_coarse] [operator][epoch 041] lambda=0.0300 relay_stage=relay relay_scale=1.000 relay_hotspot=0.0000 train_mse=0.00934118 val_mse=0.00966453 val_mae=0.06344788 | peer_val_mse=0.00000429 peer_val_mae=0.00126268
[operator_burgers_relay_v1/burgers_relay_coarse] [operator][epoch 042] lambda=0.0300 relay_stage=relay relay_scale=1.000 relay_hotspot=0.0000 train_mse=0.00863266 val_mse=0.00873618 val_mae=0.06160690 | peer_val_mse=0.00000429 peer_val_mae=0.00126268
[operator_burgers_relay_v1/burgers_relay_coarse] [operator][epoch 043] lambda=0.0300 relay_stage=relay relay_scale=1.000 relay_hotspot=0.0000 train_mse=0.01152728 val_mse=0.01016720 val_mae=0.06770010 | peer_val_mse=0.00000429 peer_val_mae=0.00126268
[operator_burgers_relay_v1/burgers_relay_coarse] [operator][epoch 044] lambda=0.0300 relay_stage=relay relay_scale=1.000 relay_hotspot=0.0000 train_mse=0.01010103 val_mse=0.00908527 val_mae=0.06358907 | peer_val_mse=0.00000429 peer_val_mae=0.00126268
[operator_burgers_relay_v1/burgers_relay_coarse] [operator][epoch 045] lambda=0.0300 relay_stage=relay relay_scale=1.000 relay_hotspot=0.0000 train_mse=0.00852553 val_mse=0.00768359 val_mae=0.05176122 | peer_val_mse=0.00000429 peer_val_mae=0.00126268
[operator_burgers_relay_v1/burgers_relay_coarse] [operator][epoch 046] lambda=0.0300 relay_stage=relay relay_scale=1.000 relay_hotspot=0.0000 train_mse=0.00830886 val_mse=0.00744032 val_mae=0.05319765 | peer_val_mse=0.00000429 peer_val_mae=0.00126268
[operator_burgers_relay_v1/burgers_relay_coarse] [operator][epoch 047] lambda=0.0300 relay_stage=relay relay_scale=1.000 relay_hotspot=0.0000 train_mse=0.00731777 val_mse=0.00750451 val_mae=0.05251791 | peer_val_mse=0.00000429 peer_val_mae=0.00126268
[operator_burgers_relay_v1/burgers_relay_coarse] [operator][epoch 048] lambda=0.0300 relay_stage=relay relay_scale=1.000 relay_hotspot=0.0000 train_mse=0.00759126 val_mse=0.00702767 val_mae=0.05301811 | peer_val_mse=0.00000429 peer_val_mae=0.00126268
[operator_burgers_relay_v1/burgers_relay_coarse] [operator][epoch 049] lambda=0.0300 relay_stage=relay relay_scale=1.000 relay_hotspot=0.0000 train_mse=0.00761993 val_mse=0.00843183 val_mae=0.05788938 | peer_val_mse=0.00000429 peer_val_mae=0.00126268
[operator_burgers_relay_v1/burgers_relay_coarse] [operator][epoch 050] lambda=0.0300 relay_stage=relay relay_scale=1.000 relay_hotspot=0.0000 train_mse=0.00713485 val_mse=0.00922083 val_mae=0.06558019 | peer_val_mse=0.00000429 peer_val_mae=0.00126268
[operator_burgers_relay_v1/burgers_relay_coarse] [operator][epoch 051] lambda=0.0300 relay_stage=relay relay_scale=1.000 relay_hotspot=0.0000 train_mse=0.00814269 val_mse=0.00791505 val_mae=0.05630630 | peer_val_mse=0.00000429 peer_val_mae=0.00126268
[operator_burgers_relay_v1/burgers_relay_coarse] [operator][epoch 052] lambda=0.0300 relay_stage=relay relay_scale=1.000 relay_hotspot=0.0000 train_mse=0.00746361 val_mse=0.00829998 val_mae=0.05788774 | peer_val_mse=0.00000429 peer_val_mae=0.00126268
[operator_burgers_relay_v1/burgers_relay_coarse] [operator][epoch 053] lambda=0.0300 relay_stage=relay relay_scale=1.000 relay_hotspot=0.0000 train_mse=0.00660511 val_mse=0.00647327 val_mae=0.04835345 | peer_val_mse=0.00000429 peer_val_mae=0.00126268
[operator_burgers_relay_v1/burgers_relay_coarse] [operator][epoch 054] lambda=0.0300 relay_stage=relay relay_scale=1.000 relay_hotspot=0.0000 train_mse=0.00712198 val_mse=0.00744480 val_mae=0.05367592 | peer_val_mse=0.00000429 peer_val_mae=0.00126268
[operator_burgers_relay_v1/burgers_relay_coarse] [operator][epoch 055] lambda=0.0300 relay_stage=relay relay_scale=1.000 relay_hotspot=0.0000 train_mse=0.00714785 val_mse=0.00708531 val_mae=0.05093852 | peer_val_mse=0.00000429 peer_val_mae=0.00126268
[operator_burgers_relay_v1/burgers_relay_coarse] [operator][epoch 056] lambda=0.0300 relay_stage=relay relay_scale=1.000 relay_hotspot=0.0000 train_mse=0.00806928 val_mse=0.00831888 val_mae=0.06101760 | peer_val_mse=0.00000429 peer_val_mae=0.00126268
[operator_burgers_relay_v1/burgers_relay_coarse] [operator][epoch 057] lambda=0.0300 relay_stage=relay relay_scale=1.000 relay_hotspot=0.0000 train_mse=0.00855812 val_mse=0.00845946 val_mae=0.05895939 | peer_val_mse=0.00000429 peer_val_mae=0.00126268
[operator_burgers_relay_v1/burgers_relay_coarse] [operator][epoch 058] lambda=0.0300 relay_stage=relay relay_scale=1.000 relay_hotspot=0.0000 train_mse=0.00744354 val_mse=0.00674049 val_mae=0.05150075 | peer_val_mse=0.00000429 peer_val_mae=0.00126268
[operator_burgers_relay_v1/burgers_relay_coarse] [operator][epoch 059] lambda=0.0300 relay_stage=relay relay_scale=1.000 relay_hotspot=0.0000 train_mse=0.00631539 val_mse=0.00639116 val_mae=0.04969818 | peer_val_mse=0.00000429 peer_val_mae=0.00126268
[operator_burgers_relay_v1/burgers_relay_coarse] [operator][epoch 060] lambda=0.0300 relay_stage=relay relay_scale=1.000 relay_hotspot=0.0000 train_mse=0.00684003 val_mse=0.00850677 val_mae=0.05962821 | peer_val_mse=0.00000429 peer_val_mae=0.00126268
[operator_burgers_relay_v1/burgers_relay_coarse] [operator][epoch 060] updated live plot
[operator_burgers_relay_v1/burgers_relay_coarse] [operator][epoch 061] lambda=0.0300 relay_stage=relay relay_scale=1.000 relay_hotspot=0.0000 train_mse=0.00812808 val_mse=0.00671560 val_mae=0.04901561 | peer_val_mse=0.00000429 peer_val_mae=0.00126268
[operator_burgers_relay_v1/burgers_relay_coarse] [operator][epoch 062] lambda=0.0300 relay_stage=relay relay_scale=1.000 relay_hotspot=0.0000 train_mse=0.00706199 val_mse=0.00617362 val_mae=0.04683795 | peer_val_mse=0.00000429 peer_val_mae=0.00126268
[operator_burgers_relay_v1/burgers_relay_coarse] [operator][epoch 063] lambda=0.0300 relay_stage=relay relay_scale=1.000 relay_hotspot=0.0000 train_mse=0.00569872 val_mse=0.00605410 val_mae=0.04714519 | peer_val_mse=0.00000429 peer_val_mae=0.00126268
[operator_burgers_relay_v1/burgers_relay_coarse] [operator][epoch 064] lambda=0.0300 relay_stage=relay relay_scale=1.000 relay_hotspot=0.0000 train_mse=0.00680936 val_mse=0.00770030 val_mae=0.05273136 | peer_val_mse=0.00000429 peer_val_mae=0.00126268
[operator_burgers_relay_v1/burgers_relay_coarse] [operator][epoch 065] lambda=0.0300 relay_stage=relay relay_scale=1.000 relay_hotspot=0.0000 train_mse=0.00697576 val_mse=0.00706283 val_mae=0.05147028 | peer_val_mse=0.00000429 peer_val_mae=0.00126268
[operator_burgers_relay_v1/burgers_relay_coarse] [operator][epoch 066] lambda=0.0300 relay_stage=relay relay_scale=1.000 relay_hotspot=0.0000 train_mse=0.00582160 val_mse=0.00585194 val_mae=0.04551503 | peer_val_mse=0.00000429 peer_val_mae=0.00126268
[operator_burgers_relay_v1/burgers_relay_coarse] [operator][epoch 067] lambda=0.0300 relay_stage=relay relay_scale=1.000 relay_hotspot=0.0000 train_mse=0.00569466 val_mse=0.00638787 val_mae=0.04891842 | peer_val_mse=0.00000429 peer_val_mae=0.00126268
[operator_burgers_relay_v1/burgers_relay_coarse] [operator][epoch 068] lambda=0.0300 relay_stage=relay relay_scale=1.000 relay_hotspot=0.0000 train_mse=0.00579144 val_mse=0.00591045 val_mae=0.04594344 | peer_val_mse=0.00000429 peer_val_mae=0.00126268
[operator_burgers_relay_v1/burgers_relay_coarse] [operator][epoch 069] lambda=0.0300 relay_stage=relay relay_scale=1.000 relay_hotspot=0.0000 train_mse=0.00558206 val_mse=0.00648142 val_mae=0.04896155 | peer_val_mse=0.00000429 peer_val_mae=0.00126268
[operator_burgers_relay_v1/burgers_relay_coarse] [operator][epoch 070] lambda=0.0300 relay_stage=relay relay_scale=1.000 relay_hotspot=0.0000 train_mse=0.00860013 val_mse=0.00805965 val_mae=0.05906768 | peer_val_mse=0.00000429 peer_val_mae=0.00126268
[operator_burgers_relay_v1/burgers_relay_coarse] [operator][epoch 071] lambda=0.0300 relay_stage=taper relay_scale=1.000 relay_hotspot=0.0000 train_mse=0.00701986 val_mse=0.00689032 val_mae=0.05019237 | peer_val_mse=0.00000429 peer_val_mae=0.00126268
[operator_burgers_relay_v1/burgers_relay_coarse] [operator][epoch 072] lambda=0.0300 relay_stage=taper relay_scale=0.971 relay_hotspot=0.0000 train_mse=0.00721981 val_mse=0.00715134 val_mae=0.05491841 | peer_val_mse=0.00000429 peer_val_mae=0.00126268
[operator_burgers_relay_v1/burgers_relay_coarse] [operator][epoch 073] lambda=0.0300 relay_stage=taper relay_scale=0.941 relay_hotspot=0.0000 train_mse=0.00592978 val_mse=0.00589602 val_mae=0.04603048 | peer_val_mse=0.00000429 peer_val_mae=0.00126268
[operator_burgers_relay_v1/burgers_relay_coarse] [operator][epoch 074] lambda=0.0300 relay_stage=taper relay_scale=0.912 relay_hotspot=0.0000 train_mse=0.00560938 val_mse=0.00611466 val_mae=0.04904737 | peer_val_mse=0.00000429 peer_val_mae=0.00126268
[operator_burgers_relay_v1/burgers_relay_coarse] [operator][epoch 075] lambda=0.0300 relay_stage=taper relay_scale=0.882 relay_hotspot=0.0000 train_mse=0.00574266 val_mse=0.00660403 val_mae=0.04877586 | peer_val_mse=0.00000429 peer_val_mae=0.00126268
[operator_burgers_relay_v1/burgers_relay_coarse] [operator][epoch 076] lambda=0.0300 relay_stage=taper relay_scale=0.853 relay_hotspot=0.0000 train_mse=0.00644029 val_mse=0.00630840 val_mae=0.04957237 | peer_val_mse=0.00000429 peer_val_mae=0.00126268
[operator_burgers_relay_v1/burgers_relay_coarse] [operator][epoch 077] lambda=0.0300 relay_stage=taper relay_scale=0.824 relay_hotspot=0.0000 train_mse=0.00573229 val_mse=0.00593272 val_mae=0.04560963 | peer_val_mse=0.00000429 peer_val_mae=0.00126268
[operator_burgers_relay_v1/burgers_relay_coarse] [operator][epoch 078] lambda=0.0300 relay_stage=taper relay_scale=0.794 relay_hotspot=0.0000 train_mse=0.00545549 val_mse=0.00568133 val_mae=0.04474493 | peer_val_mse=0.00000429 peer_val_mae=0.00126268
[operator_burgers_relay_v1/burgers_relay_coarse] [operator][epoch 079] lambda=0.0300 relay_stage=taper relay_scale=0.765 relay_hotspot=0.0000 train_mse=0.00678561 val_mse=0.00691710 val_mae=0.05364722 | peer_val_mse=0.00000429 peer_val_mae=0.00126268
[operator_burgers_relay_v1/burgers_relay_coarse] [operator][epoch 080] lambda=0.0300 relay_stage=taper relay_scale=0.735 relay_hotspot=0.0000 train_mse=0.00602323 val_mse=0.00651991 val_mae=0.05312199 | peer_val_mse=0.00000429 peer_val_mae=0.00126268
[operator_burgers_relay_v1/burgers_relay_coarse] [operator][epoch 080] updated live plot
[operator_burgers_relay_v1/burgers_relay_coarse] [operator][epoch 081] lambda=0.0300 relay_stage=taper relay_scale=0.706 relay_hotspot=0.0000 train_mse=0.00590596 val_mse=0.00580449 val_mae=0.04708828 | peer_val_mse=0.00000429 peer_val_mae=0.00126268
[operator_burgers_relay_v1/burgers_relay_coarse] [operator][epoch 082] lambda=0.0300 relay_stage=taper relay_scale=0.676 relay_hotspot=0.0000 train_mse=0.00576207 val_mse=0.00607298 val_mae=0.04918826 | peer_val_mse=0.00000429 peer_val_mae=0.00126268
[operator_burgers_relay_v1/burgers_relay_coarse] [operator][epoch 083] lambda=0.0300 relay_stage=taper relay_scale=0.647 relay_hotspot=0.0000 train_mse=0.00709897 val_mse=0.00908929 val_mae=0.06067946 | peer_val_mse=0.00000429 peer_val_mae=0.00126268
[operator_burgers_relay_v1/burgers_relay_coarse] [operator][epoch 084] lambda=0.0300 relay_stage=taper relay_scale=0.618 relay_hotspot=0.0000 train_mse=0.00892184 val_mse=0.01363634 val_mae=0.08108905 | peer_val_mse=0.00000429 peer_val_mae=0.00126268
[operator_burgers_relay_v1/burgers_relay_coarse] [operator][epoch 085] lambda=0.0300 relay_stage=taper relay_scale=0.588 relay_hotspot=0.0000 train_mse=0.01007905 val_mse=0.00787895 val_mae=0.05625333 | peer_val_mse=0.00000429 peer_val_mae=0.00126268
[operator_burgers_relay_v1/burgers_relay_coarse] [operator][epoch 086] lambda=0.0300 relay_stage=taper relay_scale=0.559 relay_hotspot=0.0000 train_mse=0.00657618 val_mse=0.00702311 val_mae=0.05399978 | peer_val_mse=0.00000429 peer_val_mae=0.00126268
[operator_burgers_relay_v1/burgers_relay_coarse] [operator][epoch 087] lambda=0.0300 relay_stage=taper relay_scale=0.529 relay_hotspot=0.0000 train_mse=0.00845703 val_mse=0.00957664 val_mae=0.06676047 | peer_val_mse=0.00000429 peer_val_mae=0.00126268
[operator_burgers_relay_v1/burgers_relay_coarse] [operator][epoch 088] lambda=0.0300 relay_stage=taper relay_scale=0.500 relay_hotspot=0.0000 train_mse=0.00700250 val_mse=0.00639759 val_mae=0.05170496 | peer_val_mse=0.00000429 peer_val_mae=0.00126268
[operator_burgers_relay_v1/burgers_relay_coarse] [operator][epoch 089] lambda=0.0300 relay_stage=taper relay_scale=0.471 relay_hotspot=0.0000 train_mse=0.00589061 val_mse=0.00678637 val_mae=0.05107805 | peer_val_mse=0.00000429 peer_val_mae=0.00126268
[operator_burgers_relay_v1/burgers_relay_coarse] [operator][epoch 090] lambda=0.0300 relay_stage=taper relay_scale=0.441 relay_hotspot=0.0000 train_mse=0.00505647 val_mse=0.00562881 val_mae=0.04264137 | peer_val_mse=0.00000429 peer_val_mae=0.00126268
[operator_burgers_relay_v1/burgers_relay_coarse] [operator][epoch 091] lambda=0.0300 relay_stage=taper relay_scale=0.412 relay_hotspot=0.0000 train_mse=0.00520741 val_mse=0.00527147 val_mae=0.04375899 | peer_val_mse=0.00000429 peer_val_mae=0.00126268
[operator_burgers_relay_v1/burgers_relay_coarse] [operator][epoch 092] lambda=0.0300 relay_stage=taper relay_scale=0.382 relay_hotspot=0.0000 train_mse=0.00535510 val_mse=0.00537661 val_mae=0.04398775 | peer_val_mse=0.00000429 peer_val_mae=0.00126268
[operator_burgers_relay_v1/burgers_relay_coarse] [operator][epoch 093] lambda=0.0300 relay_stage=taper relay_scale=0.353 relay_hotspot=0.0000 train_mse=0.00485805 val_mse=0.00510654 val_mae=0.04219516 | peer_val_mse=0.00000429 peer_val_mae=0.00126268
[operator_burgers_relay_v1/burgers_relay_coarse] [operator][epoch 094] lambda=0.0300 relay_stage=taper relay_scale=0.324 relay_hotspot=0.0000 train_mse=0.00520340 val_mse=0.00576848 val_mae=0.04626265 | peer_val_mse=0.00000429 peer_val_mae=0.00126268
[operator_burgers_relay_v1/burgers_relay_coarse] [operator][epoch 095] lambda=0.0300 relay_stage=taper relay_scale=0.294 relay_hotspot=0.0000 train_mse=0.00519500 val_mse=0.00515137 val_mae=0.04226497 | peer_val_mse=0.00000429 peer_val_mae=0.00126268
[operator_burgers_relay_v1/burgers_relay_coarse] [operator][epoch 096] lambda=0.0300 relay_stage=taper relay_scale=0.265 relay_hotspot=0.0000 train_mse=0.00657768 val_mse=0.00792221 val_mae=0.06042381 | peer_val_mse=0.00000429 peer_val_mae=0.00126268
[operator_burgers_relay_v1/burgers_relay_coarse] [operator][epoch 097] lambda=0.0300 relay_stage=taper relay_scale=0.235 relay_hotspot=0.0000 train_mse=0.00666270 val_mse=0.00692263 val_mae=0.05436448 | peer_val_mse=0.00000429 peer_val_mae=0.00126268
[operator_burgers_relay_v1/burgers_relay_coarse] [operator][epoch 098] lambda=0.0300 relay_stage=taper relay_scale=0.206 relay_hotspot=0.0000 train_mse=0.00608132 val_mse=0.00580829 val_mae=0.04661388 | peer_val_mse=0.00000429 peer_val_mae=0.00126268
[operator_burgers_relay_v1/burgers_relay_coarse] [operator][epoch 099] lambda=0.0300 relay_stage=taper relay_scale=0.176 relay_hotspot=0.0000 train_mse=0.00495571 val_mse=0.00558144 val_mae=0.04514189 | peer_val_mse=0.00000429 peer_val_mae=0.00126268
[operator_burgers_relay_v1/burgers_relay_coarse] [operator][epoch 100] lambda=0.0300 relay_stage=taper relay_scale=0.147 relay_hotspot=0.0000 train_mse=0.00534601 val_mse=0.00562086 val_mae=0.04517713 | peer_val_mse=0.00000429 peer_val_mae=0.00126268
[operator_burgers_relay_v1/burgers_relay_coarse] [operator][epoch 100] updated live plot
[operator_burgers_relay_v1/burgers_relay_coarse] [operator][epoch 101] lambda=0.0300 relay_stage=taper relay_scale=0.118 relay_hotspot=0.0000 train_mse=0.00519754 val_mse=0.00545781 val_mae=0.04412400 | peer_val_mse=0.00000429 peer_val_mae=0.00126268
[operator_burgers_relay_v1/burgers_relay_coarse] [operator][epoch 102] lambda=0.0300 relay_stage=taper relay_scale=0.088 relay_hotspot=0.0000 train_mse=0.00508943 val_mse=0.00683687 val_mae=0.04890350 | peer_val_mse=0.00000429 peer_val_mae=0.00126268
[operator_burgers_relay_v1/burgers_relay_coarse] [operator][epoch 103] lambda=0.0300 relay_stage=taper relay_scale=0.059 relay_hotspot=0.0000 train_mse=0.00523507 val_mse=0.00469985 val_mae=0.03983777 | peer_val_mse=0.00000429 peer_val_mae=0.00126268
[operator_burgers_relay_v1/burgers_relay_coarse] [operator][epoch 104] lambda=0.0300 relay_stage=taper relay_scale=0.029 relay_hotspot=0.0000 train_mse=0.00470002 val_mse=0.00569584 val_mae=0.04378833 | peer_val_mse=0.00000429 peer_val_mae=0.00126268
[operator_burgers_relay_v1/burgers_relay_coarse] [operator][epoch 105] lambda=0.0300 relay_stage=taper relay_scale=0.000 relay_hotspot=0.0000 train_mse=0.00566421 val_mse=0.00563765 val_mae=0.04444386 | peer_val_mse=0.00000429 peer_val_mae=0.00126268
[operator_burgers_relay_v1/burgers_relay_coarse] [operator][epoch 106] lambda=0.0300 relay_stage=finetune relay_scale=0.000 relay_hotspot=0.0000 train_mse=0.00518308 val_mse=0.00544511 val_mae=0.04494839 | peer_val_mse=0.00000429 peer_val_mae=0.00126268
[operator_burgers_relay_v1/burgers_relay_coarse] [operator][epoch 107] lambda=0.0300 relay_stage=finetune relay_scale=0.000 relay_hotspot=0.0000 train_mse=0.00507107 val_mse=0.00500086 val_mae=0.04280705 | peer_val_mse=0.00000429 peer_val_mae=0.00126268
[operator_burgers_relay_v1/burgers_relay_coarse] [operator][epoch 108] lambda=0.0300 relay_stage=finetune relay_scale=0.000 relay_hotspot=0.0000 train_mse=0.00609002 val_mse=0.00687071 val_mae=0.05395404 | peer_val_mse=0.00000429 peer_val_mae=0.00126268
[operator_burgers_relay_v1/burgers_relay_coarse] [operator][epoch 109] lambda=0.0300 relay_stage=finetune relay_scale=0.000 relay_hotspot=0.0000 train_mse=0.00706240 val_mse=0.00735980 val_mae=0.05831530 | peer_val_mse=0.00000429 peer_val_mae=0.00126268
[operator_burgers_relay_v1/burgers_relay_coarse] [operator][epoch 110] lambda=0.0300 relay_stage=finetune relay_scale=0.000 relay_hotspot=0.0000 train_mse=0.00566229 val_mse=0.00554113 val_mae=0.04621700 | peer_val_mse=0.00000429 peer_val_mae=0.00126268
[operator_burgers_relay_v1/burgers_relay_coarse] [operator][epoch 111] lambda=0.0300 relay_stage=finetune relay_scale=0.000 relay_hotspot=0.0000 train_mse=0.00556305 val_mse=0.00642346 val_mae=0.05300266 | peer_val_mse=0.00000429 peer_val_mae=0.00126268
[operator_burgers_relay_v1/burgers_relay_coarse] [operator][epoch 112] lambda=0.0300 relay_stage=finetune relay_scale=0.000 relay_hotspot=0.0000 train_mse=0.00775449 val_mse=0.00751043 val_mae=0.05428932 | peer_val_mse=0.00000429 peer_val_mae=0.00126268
[operator_burgers_relay_v1/burgers_relay_coarse] [operator][epoch 113] lambda=0.0300 relay_stage=finetune relay_scale=0.000 relay_hotspot=0.0000 train_mse=0.00669818 val_mse=0.00952819 val_mae=0.05812182 | peer_val_mse=0.00000429 peer_val_mae=0.00126268
[operator_burgers_relay_v1/burgers_relay_coarse] [operator][epoch 114] lambda=0.0300 relay_stage=finetune relay_scale=0.000 relay_hotspot=0.0000 train_mse=0.00576610 val_mse=0.00577979 val_mae=0.04558672 | peer_val_mse=0.00000429 peer_val_mae=0.00126268
[operator_burgers_relay_v1/burgers_relay_coarse] [operator][epoch 115] lambda=0.0300 relay_stage=finetune relay_scale=0.000 relay_hotspot=0.0000 train_mse=0.00527540 val_mse=0.00548291 val_mae=0.04550043 | peer_val_mse=0.00000429 peer_val_mae=0.00126268
[operator_burgers_relay_v1/burgers_relay_coarse] [operator][epoch 116] lambda=0.0300 relay_stage=finetune relay_scale=0.000 relay_hotspot=0.0000 train_mse=0.00545933 val_mse=0.00557927 val_mae=0.04399578 | peer_val_mse=0.00000429 peer_val_mae=0.00126268
[operator_burgers_relay_v1/burgers_relay_coarse] [operator][epoch 117] lambda=0.0300 relay_stage=finetune relay_scale=0.000 relay_hotspot=0.0000 train_mse=0.00456282 val_mse=0.00465251 val_mae=0.04008134 | peer_val_mse=0.00000429 peer_val_mae=0.00126268
[operator_burgers_relay_v1/burgers_relay_coarse] [operator][epoch 118] lambda=0.0300 relay_stage=finetune relay_scale=0.000 relay_hotspot=0.0000 train_mse=0.00476705 val_mse=0.00572180 val_mae=0.04376743 | peer_val_mse=0.00000429 peer_val_mae=0.00126268
[operator_burgers_relay_v1/burgers_relay_coarse] [operator][epoch 119] lambda=0.0300 relay_stage=finetune relay_scale=0.000 relay_hotspot=0.0000 train_mse=0.00508728 val_mse=0.00557107 val_mae=0.04458393 | peer_val_mse=0.00000429 peer_val_mae=0.00126268
[operator_burgers_relay_v1/burgers_relay_coarse] [operator][epoch 120] lambda=0.0300 relay_stage=finetune relay_scale=0.000 relay_hotspot=0.0000 train_mse=0.00491515 val_mse=0.00488074 val_mae=0.04188607 | peer_val_mse=0.00000429 peer_val_mae=0.00126268
[operator_burgers_relay_v1/burgers_relay_coarse] [operator][epoch 120] updated live plot
[operator_burgers_relay_v1/burgers_relay_coarse] [operator][epoch 121] lambda=0.0300 relay_stage=finetune relay_scale=0.000 relay_hotspot=0.0000 train_mse=0.00482045 val_mse=0.00574931 val_mae=0.04668379 | peer_val_mse=0.00000429 peer_val_mae=0.00126268
[operator_burgers_relay_v1/burgers_relay_coarse] [operator][epoch 122] lambda=0.0300 relay_stage=finetune relay_scale=0.000 relay_hotspot=0.0000 train_mse=0.00612698 val_mse=0.00599305 val_mae=0.04760597 | peer_val_mse=0.00000429 peer_val_mae=0.00126268
[operator_burgers_relay_v1/burgers_relay_coarse] [operator][epoch 123] lambda=0.0300 relay_stage=finetune relay_scale=0.000 relay_hotspot=0.0000 train_mse=0.00562043 val_mse=0.00612985 val_mae=0.05036939 | peer_val_mse=0.00000429 peer_val_mae=0.00126268
[operator_burgers_relay_v1/burgers_relay_coarse] [operator][epoch 124] lambda=0.0300 relay_stage=finetune relay_scale=0.000 relay_hotspot=0.0000 train_mse=0.00539069 val_mse=0.00559557 val_mae=0.04628784 | peer_val_mse=0.00000429 peer_val_mae=0.00126268
[operator_burgers_relay_v1/burgers_relay_coarse] [operator][epoch 125] lambda=0.0300 relay_stage=finetune relay_scale=0.000 relay_hotspot=0.0000 train_mse=0.00525027 val_mse=0.00689569 val_mae=0.05073188 | peer_val_mse=0.00000429 peer_val_mae=0.00126268
[operator_burgers_relay_v1/burgers_relay_coarse] [operator][epoch 126] lambda=0.0300 relay_stage=finetune relay_scale=0.000 relay_hotspot=0.0000 train_mse=0.00498505 val_mse=0.00530262 val_mae=0.04370318 | peer_val_mse=0.00000429 peer_val_mae=0.00126268
[operator_burgers_relay_v1/burgers_relay_coarse] [operator][epoch 127] lambda=0.0300 relay_stage=finetune relay_scale=0.000 relay_hotspot=0.0000 train_mse=0.00592377 val_mse=0.00538683 val_mae=0.04441746 | peer_val_mse=0.00000429 peer_val_mae=0.00126268
[operator_burgers_relay_v1/burgers_relay_coarse] [operator][epoch 128] lambda=0.0300 relay_stage=finetune relay_scale=0.000 relay_hotspot=0.0000 train_mse=0.00505999 val_mse=0.00488370 val_mae=0.04188928 | peer_val_mse=0.00000429 peer_val_mae=0.00126268
[operator_burgers_relay_v1/burgers_relay_coarse] [operator][epoch 129] lambda=0.0300 relay_stage=finetune relay_scale=0.000 relay_hotspot=0.0000 train_mse=0.00555358 val_mse=0.00740778 val_mae=0.05354625 | peer_val_mse=0.00000429 peer_val_mae=0.00126268
[operator_burgers_relay_v1/burgers_relay_coarse] [operator][epoch 130] lambda=0.0300 relay_stage=finetune relay_scale=0.000 relay_hotspot=0.0000 train_mse=0.00649740 val_mse=0.00657678 val_mae=0.05306349 | peer_val_mse=0.00000429 peer_val_mae=0.00126268
[operator_burgers_relay_v1/burgers_relay_coarse] [operator][epoch 131] lambda=0.0300 relay_stage=finetune relay_scale=0.000 relay_hotspot=0.0000 train_mse=0.00592929 val_mse=0.00518943 val_mae=0.04531467 | peer_val_mse=0.00000429 peer_val_mae=0.00126268
[operator_burgers_relay_v1/burgers_relay_coarse] [operator][epoch 132] lambda=0.0300 relay_stage=finetune relay_scale=0.000 relay_hotspot=0.0000 train_mse=0.00492135 val_mse=0.00549016 val_mae=0.04675139 | peer_val_mse=0.00000429 peer_val_mae=0.00126268
[operator_burgers_relay_v1/burgers_relay_coarse] [operator][epoch 133] lambda=0.0300 relay_stage=finetune relay_scale=0.000 relay_hotspot=0.0000 train_mse=0.00533113 val_mse=0.00583966 val_mae=0.04751025 | peer_val_mse=0.00000429 peer_val_mae=0.00126268
[operator_burgers_relay_v1/burgers_relay_coarse] [operator][epoch 134] lambda=0.0300 relay_stage=finetune relay_scale=0.000 relay_hotspot=0.0000 train_mse=0.00495459 val_mse=0.00577958 val_mae=0.04536424 | peer_val_mse=0.00000429 peer_val_mae=0.00126268
[operator_burgers_relay_v1/burgers_relay_coarse] [operator][epoch 135] lambda=0.0300 relay_stage=finetune relay_scale=0.000 relay_hotspot=0.0000 train_mse=0.00432051 val_mse=0.00444107 val_mae=0.03742716 | peer_val_mse=0.00000429 peer_val_mae=0.00126268
[operator_burgers_relay_v1/burgers_relay_coarse] [operator][epoch 136] lambda=0.0300 relay_stage=finetune relay_scale=0.000 relay_hotspot=0.0000 train_mse=0.00432166 val_mse=0.00509110 val_mae=0.04132750 | peer_val_mse=0.00000429 peer_val_mae=0.00126268
[operator_burgers_relay_v1/burgers_relay_coarse] [operator][epoch 137] lambda=0.0300 relay_stage=finetune relay_scale=0.000 relay_hotspot=0.0000 train_mse=0.00447382 val_mse=0.00470089 val_mae=0.04089934 | peer_val_mse=0.00000429 peer_val_mae=0.00126268
[operator_burgers_relay_v1/burgers_relay_coarse] [operator][epoch 138] lambda=0.0300 relay_stage=finetune relay_scale=0.000 relay_hotspot=0.0000 train_mse=0.00550147 val_mse=0.00477382 val_mae=0.04106115 | peer_val_mse=0.00000429 peer_val_mae=0.00126268
[operator_burgers_relay_v1/burgers_relay_coarse] [operator][epoch 139] lambda=0.0300 relay_stage=finetune relay_scale=0.000 relay_hotspot=0.0000 train_mse=0.00437924 val_mse=0.00438875 val_mae=0.03811039 | peer_val_mse=0.00000429 peer_val_mae=0.00126268
[operator_burgers_relay_v1/burgers_relay_coarse] [operator][epoch 140] lambda=0.0300 relay_stage=finetune relay_scale=0.000 relay_hotspot=0.0000 train_mse=0.00436252 val_mse=0.00446740 val_mae=0.03871503 | peer_val_mse=0.00000429 peer_val_mae=0.00126268
[operator_burgers_relay_v1/burgers_relay_coarse] [operator][epoch 140] updated live plot
[operator_burgers_relay_v1/burgers_relay_coarse] [operator] done
[operator_burgers_relay_v1/burgers_relay_coarse] [operator] dataset=burgers pair=deeponet:fno method=ssml seed=2
[operator_burgers_relay_v1/burgers_relay_coarse] [operator] loaded init_checkpoint=results/operator_burgers_followup_v1/burgers_l005_m0_w12_d60_120_ow1/operator/burgers/deeponet_independent_mse_seed2/model.pt
[operator_burgers_relay_v1/burgers_relay_coarse] [operator] loaded peer_init_checkpoint=results/operator_burgers_followup_v1/burgers_l005_m0_w12_d60_120_ow1/operator/burgers/fno_independent_mse_seed2/model.pt
[operator_burgers_relay_v1/burgers_relay_coarse] [operator] run_dir=results/operator_burgers_relay_v1/burgers_relay_coarse/operator/burgers/deeponet__fno_ssml_mse_seed2
[operator_burgers_relay_v1/burgers_relay_coarse] [operator] params=198656
[operator_burgers_relay_v1/burgers_relay_coarse] [operator] granularity=element student_only=True freeze_peer=True peer_updates_disabled=True relay_stage_epochs=(25, 45, 35) relay_hint_mode=coarse relay_taper_schedule=linear
[operator_burgers_relay_v1/burgers_relay_coarse] [operator][epoch 001] lambda=0.0300 relay_stage=control relay_scale=0.000 relay_hotspot=0.0000 train_mse=0.01334407 val_mse=0.01023127 val_mae=0.06691455 | peer_val_mse=0.00002690 peer_val_mae=0.00366261
[operator_burgers_relay_v1/burgers_relay_coarse] [operator][epoch 002] lambda=0.0300 relay_stage=control relay_scale=0.000 relay_hotspot=0.0000 train_mse=0.01068057 val_mse=0.01220282 val_mae=0.07498906 | peer_val_mse=0.00002690 peer_val_mae=0.00366261
[operator_burgers_relay_v1/burgers_relay_coarse] [operator][epoch 003] lambda=0.0300 relay_stage=control relay_scale=0.000 relay_hotspot=0.0000 train_mse=0.01085994 val_mse=0.00940370 val_mae=0.06268739 | peer_val_mse=0.00002690 peer_val_mae=0.00366261
[operator_burgers_relay_v1/burgers_relay_coarse] [operator][epoch 004] lambda=0.0300 relay_stage=control relay_scale=0.000 relay_hotspot=0.0000 train_mse=0.00985888 val_mse=0.01024482 val_mae=0.06706540 | peer_val_mse=0.00002690 peer_val_mae=0.00366261
[operator_burgers_relay_v1/burgers_relay_coarse] [operator][epoch 005] lambda=0.0300 relay_stage=control relay_scale=0.000 relay_hotspot=0.0000 train_mse=0.00948876 val_mse=0.01153281 val_mae=0.07354416 | peer_val_mse=0.00002690 peer_val_mae=0.00366261
[operator_burgers_relay_v1/burgers_relay_coarse] [operator][epoch 006] lambda=0.0300 relay_stage=control relay_scale=0.000 relay_hotspot=0.0000 train_mse=0.01247301 val_mse=0.01133133 val_mae=0.06958172 | peer_val_mse=0.00002690 peer_val_mae=0.00366261
[operator_burgers_relay_v1/burgers_relay_coarse] [operator][epoch 007] lambda=0.0300 relay_stage=control relay_scale=0.000 relay_hotspot=0.0000 train_mse=0.01179836 val_mse=0.01146088 val_mae=0.07161465 | peer_val_mse=0.00002690 peer_val_mae=0.00366261
[operator_burgers_relay_v1/burgers_relay_coarse] [operator][epoch 008] lambda=0.0300 relay_stage=control relay_scale=0.000 relay_hotspot=0.0000 train_mse=0.01113996 val_mse=0.00938413 val_mae=0.06153653 | peer_val_mse=0.00002690 peer_val_mae=0.00366261
[operator_burgers_relay_v1/burgers_relay_coarse] [operator][epoch 009] lambda=0.0300 relay_stage=control relay_scale=0.000 relay_hotspot=0.0000 train_mse=0.01094787 val_mse=0.00891564 val_mae=0.06034179 | peer_val_mse=0.00002690 peer_val_mae=0.00366261
[operator_burgers_relay_v1/burgers_relay_coarse] [operator][epoch 010] lambda=0.0300 relay_stage=control relay_scale=0.000 relay_hotspot=0.0000 train_mse=0.00966497 val_mse=0.01025101 val_mae=0.06519358 | peer_val_mse=0.00002690 peer_val_mae=0.00366261
[operator_burgers_relay_v1/burgers_relay_coarse] [operator][epoch 011] lambda=0.0300 relay_stage=control relay_scale=0.000 relay_hotspot=0.0000 train_mse=0.01158673 val_mse=0.01197367 val_mae=0.07433965 | peer_val_mse=0.00002690 peer_val_mae=0.00366261
[operator_burgers_relay_v1/burgers_relay_coarse] [operator][epoch 012] lambda=0.0300 relay_stage=control relay_scale=0.000 relay_hotspot=0.0000 train_mse=0.01962353 val_mse=0.01513207 val_mae=0.08756643 | peer_val_mse=0.00002690 peer_val_mae=0.00366261
[operator_burgers_relay_v1/burgers_relay_coarse] [operator][epoch 013] lambda=0.0300 relay_stage=control relay_scale=0.000 relay_hotspot=0.0000 train_mse=0.01128721 val_mse=0.00996005 val_mae=0.06514488 | peer_val_mse=0.00002690 peer_val_mae=0.00366261
[operator_burgers_relay_v1/burgers_relay_coarse] [operator][epoch 014] lambda=0.0300 relay_stage=control relay_scale=0.000 relay_hotspot=0.0000 train_mse=0.00912330 val_mse=0.00839926 val_mae=0.05842992 | peer_val_mse=0.00002690 peer_val_mae=0.00366261
[operator_burgers_relay_v1/burgers_relay_coarse] [operator][epoch 015] lambda=0.0300 relay_stage=control relay_scale=0.000 relay_hotspot=0.0000 train_mse=0.00895260 val_mse=0.00813461 val_mae=0.05659972 | peer_val_mse=0.00002690 peer_val_mae=0.00366261
[operator_burgers_relay_v1/burgers_relay_coarse] [operator][epoch 016] lambda=0.0300 relay_stage=control relay_scale=0.000 relay_hotspot=0.0000 train_mse=0.00810002 val_mse=0.00817179 val_mae=0.05662190 | peer_val_mse=0.00002690 peer_val_mae=0.00366261
[operator_burgers_relay_v1/burgers_relay_coarse] [operator][epoch 017] lambda=0.0300 relay_stage=control relay_scale=0.000 relay_hotspot=0.0000 train_mse=0.00794066 val_mse=0.00716366 val_mae=0.05255487 | peer_val_mse=0.00002690 peer_val_mae=0.00366261
[operator_burgers_relay_v1/burgers_relay_coarse] [operator][epoch 018] lambda=0.0300 relay_stage=control relay_scale=0.000 relay_hotspot=0.0000 train_mse=0.00846136 val_mse=0.00789851 val_mae=0.05760902 | peer_val_mse=0.00002690 peer_val_mae=0.00366261
[operator_burgers_relay_v1/burgers_relay_coarse] [operator][epoch 019] lambda=0.0300 relay_stage=control relay_scale=0.000 relay_hotspot=0.0000 train_mse=0.01014355 val_mse=0.01053475 val_mae=0.07083501 | peer_val_mse=0.00002690 peer_val_mae=0.00366261
[operator_burgers_relay_v1/burgers_relay_coarse] [operator][epoch 020] lambda=0.0300 relay_stage=control relay_scale=0.000 relay_hotspot=0.0000 train_mse=0.00944742 val_mse=0.00836500 val_mae=0.05753768 | peer_val_mse=0.00002690 peer_val_mae=0.00366261
[operator_burgers_relay_v1/burgers_relay_coarse] [operator][epoch 020] updated live plot
[operator_burgers_relay_v1/burgers_relay_coarse] [operator][epoch 021] lambda=0.0300 relay_stage=control relay_scale=0.000 relay_hotspot=0.0000 train_mse=0.00969101 val_mse=0.01113224 val_mae=0.06838377 | peer_val_mse=0.00002690 peer_val_mae=0.00366261
[operator_burgers_relay_v1/burgers_relay_coarse] [operator][epoch 022] lambda=0.0300 relay_stage=control relay_scale=0.000 relay_hotspot=0.0000 train_mse=0.01092266 val_mse=0.01620791 val_mae=0.08796176 | peer_val_mse=0.00002690 peer_val_mae=0.00366261
[operator_burgers_relay_v1/burgers_relay_coarse] [operator][epoch 023] lambda=0.0300 relay_stage=control relay_scale=0.000 relay_hotspot=0.0000 train_mse=0.01117998 val_mse=0.00935991 val_mae=0.06279293 | peer_val_mse=0.00002690 peer_val_mae=0.00366261
[operator_burgers_relay_v1/burgers_relay_coarse] [operator][epoch 024] lambda=0.0300 relay_stage=control relay_scale=0.000 relay_hotspot=0.0000 train_mse=0.00940471 val_mse=0.00751828 val_mae=0.05610369 | peer_val_mse=0.00002690 peer_val_mae=0.00366261
[operator_burgers_relay_v1/burgers_relay_coarse] [operator][epoch 025] lambda=0.0300 relay_stage=control relay_scale=0.000 relay_hotspot=0.0000 train_mse=0.00832343 val_mse=0.00747902 val_mae=0.05412683 | peer_val_mse=0.00002690 peer_val_mae=0.00366261
[operator_burgers_relay_v1/burgers_relay_coarse] [operator][epoch 026] lambda=0.0300 relay_stage=relay relay_scale=1.000 relay_hotspot=0.0000 train_mse=0.00871112 val_mse=0.00707701 val_mae=0.05147255 | peer_val_mse=0.00002690 peer_val_mae=0.00366261
[operator_burgers_relay_v1/burgers_relay_coarse] [operator][epoch 027] lambda=0.0300 relay_stage=relay relay_scale=1.000 relay_hotspot=0.0000 train_mse=0.00847226 val_mse=0.00823432 val_mae=0.05875962 | peer_val_mse=0.00002690 peer_val_mae=0.00366261
[operator_burgers_relay_v1/burgers_relay_coarse] [operator][epoch 028] lambda=0.0300 relay_stage=relay relay_scale=1.000 relay_hotspot=0.0000 train_mse=0.00970841 val_mse=0.00896510 val_mae=0.06064966 | peer_val_mse=0.00002690 peer_val_mae=0.00366261
[operator_burgers_relay_v1/burgers_relay_coarse] [operator][epoch 029] lambda=0.0300 relay_stage=relay relay_scale=1.000 relay_hotspot=0.0000 train_mse=0.00994329 val_mse=0.00693625 val_mae=0.05113314 | peer_val_mse=0.00002690 peer_val_mae=0.00366261
[operator_burgers_relay_v1/burgers_relay_coarse] [operator][epoch 030] lambda=0.0300 relay_stage=relay relay_scale=1.000 relay_hotspot=0.0000 train_mse=0.00815852 val_mse=0.00777625 val_mae=0.05639834 | peer_val_mse=0.00002690 peer_val_mae=0.00366261
[operator_burgers_relay_v1/burgers_relay_coarse] [operator][epoch 031] lambda=0.0300 relay_stage=relay relay_scale=1.000 relay_hotspot=0.0000 train_mse=0.00813569 val_mse=0.00773538 val_mae=0.05506217 | peer_val_mse=0.00002690 peer_val_mae=0.00366261
[operator_burgers_relay_v1/burgers_relay_coarse] [operator][epoch 032] lambda=0.0300 relay_stage=relay relay_scale=1.000 relay_hotspot=0.0000 train_mse=0.00891839 val_mse=0.00827853 val_mae=0.05689301 | peer_val_mse=0.00002690 peer_val_mae=0.00366261
[operator_burgers_relay_v1/burgers_relay_coarse] [operator][epoch 033] lambda=0.0300 relay_stage=relay relay_scale=1.000 relay_hotspot=0.0000 train_mse=0.01213032 val_mse=0.01091303 val_mae=0.06831981 | peer_val_mse=0.00002690 peer_val_mae=0.00366261
[operator_burgers_relay_v1/burgers_relay_coarse] [operator][epoch 034] lambda=0.0300 relay_stage=relay relay_scale=1.000 relay_hotspot=0.0000 train_mse=0.01015625 val_mse=0.01015044 val_mae=0.07075242 | peer_val_mse=0.00002690 peer_val_mae=0.00366261
[operator_burgers_relay_v1/burgers_relay_coarse] [operator][epoch 035] lambda=0.0300 relay_stage=relay relay_scale=1.000 relay_hotspot=0.0000 train_mse=0.00852230 val_mse=0.00908809 val_mae=0.06054185 | peer_val_mse=0.00002690 peer_val_mae=0.00366261
[operator_burgers_relay_v1/burgers_relay_coarse] [operator][epoch 036] lambda=0.0300 relay_stage=relay relay_scale=1.000 relay_hotspot=0.0000 train_mse=0.00842337 val_mse=0.00759533 val_mae=0.05453944 | peer_val_mse=0.00002690 peer_val_mae=0.00366261
[operator_burgers_relay_v1/burgers_relay_coarse] [operator][epoch 037] lambda=0.0300 relay_stage=relay relay_scale=1.000 relay_hotspot=0.0000 train_mse=0.00828928 val_mse=0.00733471 val_mae=0.05237030 | peer_val_mse=0.00002690 peer_val_mae=0.00366261
[operator_burgers_relay_v1/burgers_relay_coarse] [operator][epoch 038] lambda=0.0300 relay_stage=relay relay_scale=1.000 relay_hotspot=0.0000 train_mse=0.00764523 val_mse=0.00696378 val_mae=0.05240750 | peer_val_mse=0.00002690 peer_val_mae=0.00366261
[operator_burgers_relay_v1/burgers_relay_coarse] [operator][epoch 039] lambda=0.0300 relay_stage=relay relay_scale=1.000 relay_hotspot=0.0000 train_mse=0.00778017 val_mse=0.00810727 val_mae=0.05833278 | peer_val_mse=0.00002690 peer_val_mae=0.00366261
[operator_burgers_relay_v1/burgers_relay_coarse] [operator][epoch 040] lambda=0.0300 relay_stage=relay relay_scale=1.000 relay_hotspot=0.0000 train_mse=0.00815155 val_mse=0.00796658 val_mae=0.05872330 | peer_val_mse=0.00002690 peer_val_mae=0.00366261
[operator_burgers_relay_v1/burgers_relay_coarse] [operator][epoch 040] updated live plot
[operator_burgers_relay_v1/burgers_relay_coarse] [operator][epoch 041] lambda=0.0300 relay_stage=relay relay_scale=1.000 relay_hotspot=0.0000 train_mse=0.00782769 val_mse=0.00782489 val_mae=0.05422682 | peer_val_mse=0.00002690 peer_val_mae=0.00366261
[operator_burgers_relay_v1/burgers_relay_coarse] [operator][epoch 042] lambda=0.0300 relay_stage=relay relay_scale=1.000 relay_hotspot=0.0000 train_mse=0.00724884 val_mse=0.00612553 val_mae=0.04610953 | peer_val_mse=0.00002690 peer_val_mae=0.00366261
[operator_burgers_relay_v1/burgers_relay_coarse] [operator][epoch 043] lambda=0.0300 relay_stage=relay relay_scale=1.000 relay_hotspot=0.0000 train_mse=0.00714098 val_mse=0.00663082 val_mae=0.05113606 | peer_val_mse=0.00002690 peer_val_mae=0.00366261
[operator_burgers_relay_v1/burgers_relay_coarse] [operator][epoch 044] lambda=0.0300 relay_stage=relay relay_scale=1.000 relay_hotspot=0.0000 train_mse=0.00854184 val_mse=0.01058274 val_mae=0.06660943 | peer_val_mse=0.00002690 peer_val_mae=0.00366261
[operator_burgers_relay_v1/burgers_relay_coarse] [operator][epoch 045] lambda=0.0300 relay_stage=relay relay_scale=1.000 relay_hotspot=0.0000 train_mse=0.00795290 val_mse=0.00643481 val_mae=0.04908697 | peer_val_mse=0.00002690 peer_val_mae=0.00366261
[operator_burgers_relay_v1/burgers_relay_coarse] [operator][epoch 046] lambda=0.0300 relay_stage=relay relay_scale=1.000 relay_hotspot=0.0000 train_mse=0.00910266 val_mse=0.01244881 val_mae=0.07679182 | peer_val_mse=0.00002690 peer_val_mae=0.00366261
[operator_burgers_relay_v1/burgers_relay_coarse] [operator][epoch 047] lambda=0.0300 relay_stage=relay relay_scale=1.000 relay_hotspot=0.0000 train_mse=0.00951803 val_mse=0.00657816 val_mae=0.05130662 | peer_val_mse=0.00002690 peer_val_mae=0.00366261
[operator_burgers_relay_v1/burgers_relay_coarse] [operator][epoch 048] lambda=0.0300 relay_stage=relay relay_scale=1.000 relay_hotspot=0.0000 train_mse=0.00693425 val_mse=0.00670961 val_mae=0.05194255 | peer_val_mse=0.00002690 peer_val_mae=0.00366261
[operator_burgers_relay_v1/burgers_relay_coarse] [operator][epoch 049] lambda=0.0300 relay_stage=relay relay_scale=1.000 relay_hotspot=0.0000 train_mse=0.00724588 val_mse=0.00651309 val_mae=0.05130077 | peer_val_mse=0.00002690 peer_val_mae=0.00366261
[operator_burgers_relay_v1/burgers_relay_coarse] [operator][epoch 050] lambda=0.0300 relay_stage=relay relay_scale=1.000 relay_hotspot=0.0000 train_mse=0.00803931 val_mse=0.00990331 val_mae=0.06518336 | peer_val_mse=0.00002690 peer_val_mae=0.00366261
[operator_burgers_relay_v1/burgers_relay_coarse] [operator][epoch 051] lambda=0.0300 relay_stage=relay relay_scale=1.000 relay_hotspot=0.0000 train_mse=0.00963557 val_mse=0.00751854 val_mae=0.05202065 | peer_val_mse=0.00002690 peer_val_mae=0.00366261
[operator_burgers_relay_v1/burgers_relay_coarse] [operator][epoch 052] lambda=0.0300 relay_stage=relay relay_scale=1.000 relay_hotspot=0.0000 train_mse=0.00677439 val_mse=0.00656569 val_mae=0.05147483 | peer_val_mse=0.00002690 peer_val_mae=0.00366261
[operator_burgers_relay_v1/burgers_relay_coarse] [operator][epoch 053] lambda=0.0300 relay_stage=relay relay_scale=1.000 relay_hotspot=0.0000 train_mse=0.00639260 val_mse=0.00566144 val_mae=0.04570310 | peer_val_mse=0.00002690 peer_val_mae=0.00366261
[operator_burgers_relay_v1/burgers_relay_coarse] [operator][epoch 054] lambda=0.0300 relay_stage=relay relay_scale=1.000 relay_hotspot=0.0000 train_mse=0.00639014 val_mse=0.00576754 val_mae=0.04567756 | peer_val_mse=0.00002690 peer_val_mae=0.00366261
[operator_burgers_relay_v1/burgers_relay_coarse] [operator][epoch 055] lambda=0.0300 relay_stage=relay relay_scale=1.000 relay_hotspot=0.0000 train_mse=0.00852389 val_mse=0.01315074 val_mae=0.07884680 | peer_val_mse=0.00002690 peer_val_mae=0.00366261
[operator_burgers_relay_v1/burgers_relay_coarse] [operator][epoch 056] lambda=0.0300 relay_stage=relay relay_scale=1.000 relay_hotspot=0.0000 train_mse=0.01013560 val_mse=0.00687431 val_mae=0.05340150 | peer_val_mse=0.00002690 peer_val_mae=0.00366261
[operator_burgers_relay_v1/burgers_relay_coarse] [operator][epoch 057] lambda=0.0300 relay_stage=relay relay_scale=1.000 relay_hotspot=0.0000 train_mse=0.00726129 val_mse=0.00702803 val_mae=0.05597209 | peer_val_mse=0.00002690 peer_val_mae=0.00366261
[operator_burgers_relay_v1/burgers_relay_coarse] [operator][epoch 058] lambda=0.0300 relay_stage=relay relay_scale=1.000 relay_hotspot=0.0000 train_mse=0.01408539 val_mse=0.00940444 val_mae=0.06520619 | peer_val_mse=0.00002690 peer_val_mae=0.00366261
[operator_burgers_relay_v1/burgers_relay_coarse] [operator][epoch 059] lambda=0.0300 relay_stage=relay relay_scale=1.000 relay_hotspot=0.0000 train_mse=0.00863912 val_mse=0.00745897 val_mae=0.05661827 | peer_val_mse=0.00002690 peer_val_mae=0.00366261
[operator_burgers_relay_v1/burgers_relay_coarse] [operator][epoch 060] lambda=0.0300 relay_stage=relay relay_scale=1.000 relay_hotspot=0.0000 train_mse=0.00647947 val_mse=0.00535471 val_mae=0.04504931 | peer_val_mse=0.00002690 peer_val_mae=0.00366261
[operator_burgers_relay_v1/burgers_relay_coarse] [operator][epoch 060] updated live plot
[operator_burgers_relay_v1/burgers_relay_coarse] [operator][epoch 061] lambda=0.0300 relay_stage=relay relay_scale=1.000 relay_hotspot=0.0000 train_mse=0.00722762 val_mse=0.00918582 val_mae=0.06807787 | peer_val_mse=0.00002690 peer_val_mae=0.00366261
[operator_burgers_relay_v1/burgers_relay_coarse] [operator][epoch 062] lambda=0.0300 relay_stage=relay relay_scale=1.000 relay_hotspot=0.0000 train_mse=0.00845773 val_mse=0.00925082 val_mae=0.06445325 | peer_val_mse=0.00002690 peer_val_mae=0.00366261
[operator_burgers_relay_v1/burgers_relay_coarse] [operator][epoch 063] lambda=0.0300 relay_stage=relay relay_scale=1.000 relay_hotspot=0.0000 train_mse=0.00758328 val_mse=0.00665852 val_mae=0.05132424 | peer_val_mse=0.00002690 peer_val_mae=0.00366261
[operator_burgers_relay_v1/burgers_relay_coarse] [operator][epoch 064] lambda=0.0300 relay_stage=relay relay_scale=1.000 relay_hotspot=0.0000 train_mse=0.00567982 val_mse=0.00520367 val_mae=0.04368988 | peer_val_mse=0.00002690 peer_val_mae=0.00366261
[operator_burgers_relay_v1/burgers_relay_coarse] [operator][epoch 065] lambda=0.0300 relay_stage=relay relay_scale=1.000 relay_hotspot=0.0000 train_mse=0.00580224 val_mse=0.00634571 val_mae=0.05228319 | peer_val_mse=0.00002690 peer_val_mae=0.00366261
[operator_burgers_relay_v1/burgers_relay_coarse] [operator][epoch 066] lambda=0.0300 relay_stage=relay relay_scale=1.000 relay_hotspot=0.0000 train_mse=0.00582226 val_mse=0.00520589 val_mae=0.04466932 | peer_val_mse=0.00002690 peer_val_mae=0.00366261
[operator_burgers_relay_v1/burgers_relay_coarse] [operator][epoch 067] lambda=0.0300 relay_stage=relay relay_scale=1.000 relay_hotspot=0.0000 train_mse=0.00573019 val_mse=0.00570925 val_mae=0.04776809 | peer_val_mse=0.00002690 peer_val_mae=0.00366261
[operator_burgers_relay_v1/burgers_relay_coarse] [operator][epoch 068] lambda=0.0300 relay_stage=relay relay_scale=1.000 relay_hotspot=0.0000 train_mse=0.00641680 val_mse=0.00612453 val_mae=0.05015015 | peer_val_mse=0.00002690 peer_val_mae=0.00366261
[operator_burgers_relay_v1/burgers_relay_coarse] [operator][epoch 069] lambda=0.0300 relay_stage=relay relay_scale=1.000 relay_hotspot=0.0000 train_mse=0.00548099 val_mse=0.00450052 val_mae=0.04012920 | peer_val_mse=0.00002690 peer_val_mae=0.00366261
[operator_burgers_relay_v1/burgers_relay_coarse] [operator][epoch 070] lambda=0.0300 relay_stage=relay relay_scale=1.000 relay_hotspot=0.0000 train_mse=0.00516829 val_mse=0.00543325 val_mae=0.04588919 | peer_val_mse=0.00002690 peer_val_mae=0.00366261
[operator_burgers_relay_v1/burgers_relay_coarse] [operator][epoch 071] lambda=0.0300 relay_stage=taper relay_scale=1.000 relay_hotspot=0.0000 train_mse=0.00567968 val_mse=0.00518654 val_mae=0.04426137 | peer_val_mse=0.00002690 peer_val_mae=0.00366261
[operator_burgers_relay_v1/burgers_relay_coarse] [operator][epoch 072] lambda=0.0300 relay_stage=taper relay_scale=0.971 relay_hotspot=0.0000 train_mse=0.00529938 val_mse=0.00472692 val_mae=0.04219313 | peer_val_mse=0.00002690 peer_val_mae=0.00366261
[operator_burgers_relay_v1/burgers_relay_coarse] [operator][epoch 073] lambda=0.0300 relay_stage=taper relay_scale=0.941 relay_hotspot=0.0000 train_mse=0.00575562 val_mse=0.00548891 val_mae=0.04667961 | peer_val_mse=0.00002690 peer_val_mae=0.00366261
[operator_burgers_relay_v1/burgers_relay_coarse] [operator][epoch 074] lambda=0.0300 relay_stage=taper relay_scale=0.912 relay_hotspot=0.0000 train_mse=0.00718534 val_mse=0.00831954 val_mae=0.06184999 | peer_val_mse=0.00002690 peer_val_mae=0.00366261
[operator_burgers_relay_v1/burgers_relay_coarse] [operator][epoch 075] lambda=0.0300 relay_stage=taper relay_scale=0.882 relay_hotspot=0.0000 train_mse=0.01043116 val_mse=0.00912501 val_mae=0.06490308 | peer_val_mse=0.00002690 peer_val_mae=0.00366261
[operator_burgers_relay_v1/burgers_relay_coarse] [operator][epoch 076] lambda=0.0300 relay_stage=taper relay_scale=0.853 relay_hotspot=0.0000 train_mse=0.00908475 val_mse=0.01097145 val_mae=0.07064283 | peer_val_mse=0.00002690 peer_val_mae=0.00366261
[operator_burgers_relay_v1/burgers_relay_coarse] [operator][epoch 077] lambda=0.0300 relay_stage=taper relay_scale=0.824 relay_hotspot=0.0000 train_mse=0.00977733 val_mse=0.00635262 val_mae=0.05262213 | peer_val_mse=0.00002690 peer_val_mae=0.00366261
[operator_burgers_relay_v1/burgers_relay_coarse] [operator][epoch 078] lambda=0.0300 relay_stage=taper relay_scale=0.794 relay_hotspot=0.0000 train_mse=0.00754439 val_mse=0.00599837 val_mae=0.05049650 | peer_val_mse=0.00002690 peer_val_mae=0.00366261
[operator_burgers_relay_v1/burgers_relay_coarse] [operator][epoch 079] lambda=0.0300 relay_stage=taper relay_scale=0.765 relay_hotspot=0.0000 train_mse=0.00559042 val_mse=0.00488933 val_mae=0.04255671 | peer_val_mse=0.00002690 peer_val_mae=0.00366261
[operator_burgers_relay_v1/burgers_relay_coarse] [operator][epoch 080] lambda=0.0300 relay_stage=taper relay_scale=0.735 relay_hotspot=0.0000 train_mse=0.00509614 val_mse=0.00456493 val_mae=0.04121110 | peer_val_mse=0.00002690 peer_val_mae=0.00366261
[operator_burgers_relay_v1/burgers_relay_coarse] [operator][epoch 080] updated live plot
[operator_burgers_relay_v1/burgers_relay_coarse] [operator][epoch 081] lambda=0.0300 relay_stage=taper relay_scale=0.706 relay_hotspot=0.0000 train_mse=0.00474634 val_mse=0.00438542 val_mae=0.03906023 | peer_val_mse=0.00002690 peer_val_mae=0.00366261
[operator_burgers_relay_v1/burgers_relay_coarse] [operator][epoch 082] lambda=0.0300 relay_stage=taper relay_scale=0.676 relay_hotspot=0.0000 train_mse=0.00496932 val_mse=0.00549282 val_mae=0.04675003 | peer_val_mse=0.00002690 peer_val_mae=0.00366261
[operator_burgers_relay_v1/burgers_relay_coarse] [operator][epoch 083] lambda=0.0300 relay_stage=taper relay_scale=0.647 relay_hotspot=0.0000 train_mse=0.00815115 val_mse=0.00601979 val_mae=0.05131023 | peer_val_mse=0.00002690 peer_val_mae=0.00366261
[operator_burgers_relay_v1/burgers_relay_coarse] [operator][epoch 084] lambda=0.0300 relay_stage=taper relay_scale=0.618 relay_hotspot=0.0000 train_mse=0.00588332 val_mse=0.00614374 val_mae=0.05094261 | peer_val_mse=0.00002690 peer_val_mae=0.00366261
[operator_burgers_relay_v1/burgers_relay_coarse] [operator][epoch 085] lambda=0.0300 relay_stage=taper relay_scale=0.588 relay_hotspot=0.0000 train_mse=0.00585752 val_mse=0.00495536 val_mae=0.04462844 | peer_val_mse=0.00002690 peer_val_mae=0.00366261
[operator_burgers_relay_v1/burgers_relay_coarse] [operator][epoch 086] lambda=0.0300 relay_stage=taper relay_scale=0.559 relay_hotspot=0.0000 train_mse=0.00519614 val_mse=0.00504609 val_mae=0.04371964 | peer_val_mse=0.00002690 peer_val_mae=0.00366261
[operator_burgers_relay_v1/burgers_relay_coarse] [operator][epoch 087] lambda=0.0300 relay_stage=taper relay_scale=0.529 relay_hotspot=0.0000 train_mse=0.00545279 val_mse=0.00633968 val_mae=0.05020399 | peer_val_mse=0.00002690 peer_val_mae=0.00366261
[operator_burgers_relay_v1/burgers_relay_coarse] [operator][epoch 088] lambda=0.0300 relay_stage=taper relay_scale=0.500 relay_hotspot=0.0000 train_mse=0.00708829 val_mse=0.00536577 val_mae=0.04721914 | peer_val_mse=0.00002690 peer_val_mae=0.00366261
[operator_burgers_relay_v1/burgers_relay_coarse] [operator][epoch 089] lambda=0.0300 relay_stage=taper relay_scale=0.471 relay_hotspot=0.0000 train_mse=0.00746008 val_mse=0.00656547 val_mae=0.05288019 | peer_val_mse=0.00002690 peer_val_mae=0.00366261
[operator_burgers_relay_v1/burgers_relay_coarse] [operator][epoch 090] lambda=0.0300 relay_stage=taper relay_scale=0.441 relay_hotspot=0.0000 train_mse=0.00613542 val_mse=0.00587380 val_mae=0.05005971 | peer_val_mse=0.00002690 peer_val_mae=0.00366261
[operator_burgers_relay_v1/burgers_relay_coarse] [operator][epoch 091] lambda=0.0300 relay_stage=taper relay_scale=0.412 relay_hotspot=0.0000 train_mse=0.00637592 val_mse=0.00543609 val_mae=0.04741102 | peer_val_mse=0.00002690 peer_val_mae=0.00366261
[operator_burgers_relay_v1/burgers_relay_coarse] [operator][epoch 092] lambda=0.0300 relay_stage=taper relay_scale=0.382 relay_hotspot=0.0000 train_mse=0.00475734 val_mse=0.00446806 val_mae=0.04067687 | peer_val_mse=0.00002690 peer_val_mae=0.00366261
[operator_burgers_relay_v1/burgers_relay_coarse] [operator][epoch 093] lambda=0.0300 relay_stage=taper relay_scale=0.353 relay_hotspot=0.0000 train_mse=0.00450040 val_mse=0.00412637 val_mae=0.03751113 | peer_val_mse=0.00002690 peer_val_mae=0.00366261
[operator_burgers_relay_v1/burgers_relay_coarse] [operator][epoch 094] lambda=0.0300 relay_stage=taper relay_scale=0.324 relay_hotspot=0.0000 train_mse=0.00464405 val_mse=0.00593490 val_mae=0.04929205 | peer_val_mse=0.00002690 peer_val_mae=0.00366261
[operator_burgers_relay_v1/burgers_relay_coarse] [operator][epoch 095] lambda=0.0300 relay_stage=taper relay_scale=0.294 relay_hotspot=0.0000 train_mse=0.00605497 val_mse=0.00475737 val_mae=0.04402810 | peer_val_mse=0.00002690 peer_val_mae=0.00366261
[operator_burgers_relay_v1/burgers_relay_coarse] [operator][epoch 096] lambda=0.0300 relay_stage=taper relay_scale=0.265 relay_hotspot=0.0000 train_mse=0.00528129 val_mse=0.00532702 val_mae=0.04309319 | peer_val_mse=0.00002690 peer_val_mae=0.00366261
[operator_burgers_relay_v1/burgers_relay_coarse] [operator][epoch 097] lambda=0.0300 relay_stage=taper relay_scale=0.235 relay_hotspot=0.0000 train_mse=0.00531343 val_mse=0.00536803 val_mae=0.04586296 | peer_val_mse=0.00002690 peer_val_mae=0.00366261
[operator_burgers_relay_v1/burgers_relay_coarse] [operator][epoch 098] lambda=0.0300 relay_stage=taper relay_scale=0.206 relay_hotspot=0.0000 train_mse=0.00498804 val_mse=0.00468234 val_mae=0.04165996 | peer_val_mse=0.00002690 peer_val_mae=0.00366261
[operator_burgers_relay_v1/burgers_relay_coarse] [operator][epoch 099] lambda=0.0300 relay_stage=taper relay_scale=0.176 relay_hotspot=0.0000 train_mse=0.00532382 val_mse=0.00605384 val_mae=0.04961572 | peer_val_mse=0.00002690 peer_val_mae=0.00366261
[operator_burgers_relay_v1/burgers_relay_coarse] [operator][epoch 100] lambda=0.0300 relay_stage=taper relay_scale=0.147 relay_hotspot=0.0000 train_mse=0.00819166 val_mse=0.00827881 val_mae=0.06217919 | peer_val_mse=0.00002690 peer_val_mae=0.00366261
[operator_burgers_relay_v1/burgers_relay_coarse] [operator][epoch 100] updated live plot
[operator_burgers_relay_v1/burgers_relay_coarse] [operator][epoch 101] lambda=0.0300 relay_stage=taper relay_scale=0.118 relay_hotspot=0.0000 train_mse=0.00781062 val_mse=0.00612964 val_mae=0.05105395 | peer_val_mse=0.00002690 peer_val_mae=0.00366261
[operator_burgers_relay_v1/burgers_relay_coarse] [operator][epoch 102] lambda=0.0300 relay_stage=taper relay_scale=0.088 relay_hotspot=0.0000 train_mse=0.00630288 val_mse=0.00580885 val_mae=0.04978642 | peer_val_mse=0.00002690 peer_val_mae=0.00366261
[operator_burgers_relay_v1/burgers_relay_coarse] [operator][epoch 103] lambda=0.0300 relay_stage=taper relay_scale=0.059 relay_hotspot=0.0000 train_mse=0.00720446 val_mse=0.00481101 val_mae=0.04300759 | peer_val_mse=0.00002690 peer_val_mae=0.00366261
[operator_burgers_relay_v1/burgers_relay_coarse] [operator][epoch 104] lambda=0.0300 relay_stage=taper relay_scale=0.029 relay_hotspot=0.0000 train_mse=0.00475395 val_mse=0.00472310 val_mae=0.04214249 | peer_val_mse=0.00002690 peer_val_mae=0.00366261
[operator_burgers_relay_v1/burgers_relay_coarse] [operator][epoch 105] lambda=0.0300 relay_stage=taper relay_scale=0.000 relay_hotspot=0.0000 train_mse=0.00546394 val_mse=0.00839774 val_mae=0.06302103 | peer_val_mse=0.00002690 peer_val_mae=0.00366261
[operator_burgers_relay_v1/burgers_relay_coarse] [operator][epoch 106] lambda=0.0300 relay_stage=finetune relay_scale=0.000 relay_hotspot=0.0000 train_mse=0.00695425 val_mse=0.00562317 val_mae=0.04759903 | peer_val_mse=0.00002690 peer_val_mae=0.00366261
[operator_burgers_relay_v1/burgers_relay_coarse] [operator][epoch 107] lambda=0.0300 relay_stage=finetune relay_scale=0.000 relay_hotspot=0.0000 train_mse=0.00584658 val_mse=0.00494861 val_mae=0.04318080 | peer_val_mse=0.00002690 peer_val_mae=0.00366261
[operator_burgers_relay_v1/burgers_relay_coarse] [operator][epoch 108] lambda=0.0300 relay_stage=finetune relay_scale=0.000 relay_hotspot=0.0000 train_mse=0.00554325 val_mse=0.00609579 val_mae=0.05026794 | peer_val_mse=0.00002690 peer_val_mae=0.00366261
[operator_burgers_relay_v1/burgers_relay_coarse] [operator][epoch 109] lambda=0.0300 relay_stage=finetune relay_scale=0.000 relay_hotspot=0.0000 train_mse=0.00622232 val_mse=0.00501502 val_mae=0.04338995 | peer_val_mse=0.00002690 peer_val_mae=0.00366261
[operator_burgers_relay_v1/burgers_relay_coarse] [operator][epoch 110] lambda=0.0300 relay_stage=finetune relay_scale=0.000 relay_hotspot=0.0000 train_mse=0.00524433 val_mse=0.00496123 val_mae=0.04256615 | peer_val_mse=0.00002690 peer_val_mae=0.00366261
[operator_burgers_relay_v1/burgers_relay_coarse] [operator][epoch 111] lambda=0.0300 relay_stage=finetune relay_scale=0.000 relay_hotspot=0.0000 train_mse=0.00504772 val_mse=0.00471039 val_mae=0.04344579 | peer_val_mse=0.00002690 peer_val_mae=0.00366261
[operator_burgers_relay_v1/burgers_relay_coarse] [operator][epoch 112] lambda=0.0300 relay_stage=finetune relay_scale=0.000 relay_hotspot=0.0000 train_mse=0.00442557 val_mse=0.00425662 val_mae=0.03818478 | peer_val_mse=0.00002690 peer_val_mae=0.00366261
[operator_burgers_relay_v1/burgers_relay_coarse] [operator][epoch 113] lambda=0.0300 relay_stage=finetune relay_scale=0.000 relay_hotspot=0.0000 train_mse=0.00456565 val_mse=0.00398322 val_mae=0.03668669 | peer_val_mse=0.00002690 peer_val_mae=0.00366261
[operator_burgers_relay_v1/burgers_relay_coarse] [operator][epoch 114] lambda=0.0300 relay_stage=finetune relay_scale=0.000 relay_hotspot=0.0000 train_mse=0.00416297 val_mse=0.00412735 val_mae=0.03773370 | peer_val_mse=0.00002690 peer_val_mae=0.00366261
[operator_burgers_relay_v1/burgers_relay_coarse] [operator][epoch 115] lambda=0.0300 relay_stage=finetune relay_scale=0.000 relay_hotspot=0.0000 train_mse=0.00445991 val_mse=0.00462980 val_mae=0.04198282 | peer_val_mse=0.00002690 peer_val_mae=0.00366261
[operator_burgers_relay_v1/burgers_relay_coarse] [operator][epoch 116] lambda=0.0300 relay_stage=finetune relay_scale=0.000 relay_hotspot=0.0000 train_mse=0.00477384 val_mse=0.00438960 val_mae=0.04077416 | peer_val_mse=0.00002690 peer_val_mae=0.00366261
[operator_burgers_relay_v1/burgers_relay_coarse] [operator][epoch 117] lambda=0.0300 relay_stage=finetune relay_scale=0.000 relay_hotspot=0.0000 train_mse=0.00506708 val_mse=0.00474370 val_mae=0.04302460 | peer_val_mse=0.00002690 peer_val_mae=0.00366261
[operator_burgers_relay_v1/burgers_relay_coarse] [operator][epoch 118] lambda=0.0300 relay_stage=finetune relay_scale=0.000 relay_hotspot=0.0000 train_mse=0.00521291 val_mse=0.00554690 val_mae=0.04556642 | peer_val_mse=0.00002690 peer_val_mae=0.00366261
[operator_burgers_relay_v1/burgers_relay_coarse] [operator][epoch 119] lambda=0.0300 relay_stage=finetune relay_scale=0.000 relay_hotspot=0.0000 train_mse=0.00602873 val_mse=0.00480285 val_mae=0.04299114 | peer_val_mse=0.00002690 peer_val_mae=0.00366261
[operator_burgers_relay_v1/burgers_relay_coarse] [operator][epoch 120] lambda=0.0300 relay_stage=finetune relay_scale=0.000 relay_hotspot=0.0000 train_mse=0.00457907 val_mse=0.00424789 val_mae=0.03928423 | peer_val_mse=0.00002690 peer_val_mae=0.00366261
[operator_burgers_relay_v1/burgers_relay_coarse] [operator][epoch 120] updated live plot
[operator_burgers_relay_v1/burgers_relay_coarse] [operator][epoch 121] lambda=0.0300 relay_stage=finetune relay_scale=0.000 relay_hotspot=0.0000 train_mse=0.00554861 val_mse=0.00571086 val_mae=0.04964565 | peer_val_mse=0.00002690 peer_val_mae=0.00366261
[operator_burgers_relay_v1/burgers_relay_coarse] [operator][epoch 122] lambda=0.0300 relay_stage=finetune relay_scale=0.000 relay_hotspot=0.0000 train_mse=0.00538202 val_mse=0.00555242 val_mae=0.04671414 | peer_val_mse=0.00002690 peer_val_mae=0.00366261
[operator_burgers_relay_v1/burgers_relay_coarse] [operator][epoch 123] lambda=0.0300 relay_stage=finetune relay_scale=0.000 relay_hotspot=0.0000 train_mse=0.00484962 val_mse=0.00481572 val_mae=0.04244270 | peer_val_mse=0.00002690 peer_val_mae=0.00366261
[operator_burgers_relay_v1/burgers_relay_coarse] [operator][epoch 124] lambda=0.0300 relay_stage=finetune relay_scale=0.000 relay_hotspot=0.0000 train_mse=0.00465353 val_mse=0.00516509 val_mae=0.04446138 | peer_val_mse=0.00002690 peer_val_mae=0.00366261
[operator_burgers_relay_v1/burgers_relay_coarse] [operator][epoch 125] lambda=0.0300 relay_stage=finetune relay_scale=0.000 relay_hotspot=0.0000 train_mse=0.00817824 val_mse=0.00584175 val_mae=0.04902249 | peer_val_mse=0.00002690 peer_val_mae=0.00366261
[operator_burgers_relay_v1/burgers_relay_coarse] [operator][epoch 126] lambda=0.0300 relay_stage=finetune relay_scale=0.000 relay_hotspot=0.0000 train_mse=0.00518313 val_mse=0.00488162 val_mae=0.04396762 | peer_val_mse=0.00002690 peer_val_mae=0.00366261
[operator_burgers_relay_v1/burgers_relay_coarse] [operator][epoch 127] lambda=0.0300 relay_stage=finetune relay_scale=0.000 relay_hotspot=0.0000 train_mse=0.00555830 val_mse=0.00468198 val_mae=0.04223700 | peer_val_mse=0.00002690 peer_val_mae=0.00366261
[operator_burgers_relay_v1/burgers_relay_coarse] [operator][epoch 128] lambda=0.0300 relay_stage=finetune relay_scale=0.000 relay_hotspot=0.0000 train_mse=0.00518320 val_mse=0.00539461 val_mae=0.04632686 | peer_val_mse=0.00002690 peer_val_mae=0.00366261
[operator_burgers_relay_v1/burgers_relay_coarse] [operator][epoch 129] lambda=0.0300 relay_stage=finetune relay_scale=0.000 relay_hotspot=0.0000 train_mse=0.00669823 val_mse=0.00532123 val_mae=0.04832001 | peer_val_mse=0.00002690 peer_val_mae=0.00366261
[operator_burgers_relay_v1/burgers_relay_coarse] [operator][epoch 130] lambda=0.0300 relay_stage=finetune relay_scale=0.000 relay_hotspot=0.0000 train_mse=0.00700022 val_mse=0.00552111 val_mae=0.04886804 | peer_val_mse=0.00002690 peer_val_mae=0.00366261
[operator_burgers_relay_v1/burgers_relay_coarse] [operator][epoch 131] lambda=0.0300 relay_stage=finetune relay_scale=0.000 relay_hotspot=0.0000 train_mse=0.00480939 val_mse=0.00417149 val_mae=0.03920426 | peer_val_mse=0.00002690 peer_val_mae=0.00366261
[operator_burgers_relay_v1/burgers_relay_coarse] [operator][epoch 132] lambda=0.0300 relay_stage=finetune relay_scale=0.000 relay_hotspot=0.0000 train_mse=0.00423750 val_mse=0.00552268 val_mae=0.04622520 | peer_val_mse=0.00002690 peer_val_mae=0.00366261
[operator_burgers_relay_v1/burgers_relay_coarse] [operator][epoch 133] lambda=0.0300 relay_stage=finetune relay_scale=0.000 relay_hotspot=0.0000 train_mse=0.00619021 val_mse=0.00507929 val_mae=0.04557719 | peer_val_mse=0.00002690 peer_val_mae=0.00366261
[operator_burgers_relay_v1/burgers_relay_coarse] [operator][epoch 134] lambda=0.0300 relay_stage=finetune relay_scale=0.000 relay_hotspot=0.0000 train_mse=0.00504614 val_mse=0.00405999 val_mae=0.03691652 | peer_val_mse=0.00002690 peer_val_mae=0.00366261
[operator_burgers_relay_v1/burgers_relay_coarse] [operator][epoch 135] lambda=0.0300 relay_stage=finetune relay_scale=0.000 relay_hotspot=0.0000 train_mse=0.00418687 val_mse=0.00432706 val_mae=0.03985635 | peer_val_mse=0.00002690 peer_val_mae=0.00366261
[operator_burgers_relay_v1/burgers_relay_coarse] [operator][epoch 136] lambda=0.0300 relay_stage=finetune relay_scale=0.000 relay_hotspot=0.0000 train_mse=0.00461144 val_mse=0.00457614 val_mae=0.04102009 | peer_val_mse=0.00002690 peer_val_mae=0.00366261
[operator_burgers_relay_v1/burgers_relay_coarse] [operator][epoch 137] lambda=0.0300 relay_stage=finetune relay_scale=0.000 relay_hotspot=0.0000 train_mse=0.00442598 val_mse=0.00491593 val_mae=0.04199404 | peer_val_mse=0.00002690 peer_val_mae=0.00366261
[operator_burgers_relay_v1/burgers_relay_coarse] [operator][epoch 138] lambda=0.0300 relay_stage=finetune relay_scale=0.000 relay_hotspot=0.0000 train_mse=0.00463856 val_mse=0.00468492 val_mae=0.04272413 | peer_val_mse=0.00002690 peer_val_mae=0.00366261
[operator_burgers_relay_v1/burgers_relay_coarse] [operator][epoch 139] lambda=0.0300 relay_stage=finetune relay_scale=0.000 relay_hotspot=0.0000 train_mse=0.00620999 val_mse=0.00577360 val_mae=0.04940364 | peer_val_mse=0.00002690 peer_val_mae=0.00366261
[operator_burgers_relay_v1/burgers_relay_coarse] [operator][epoch 140] lambda=0.0300 relay_stage=finetune relay_scale=0.000 relay_hotspot=0.0000 train_mse=0.00544434 val_mse=0.00486588 val_mae=0.04403054 | peer_val_mse=0.00002690 peer_val_mae=0.00366261
[operator_burgers_relay_v1/burgers_relay_coarse] [operator][epoch 140] updated live plot
[operator_burgers_relay_v1/burgers_relay_coarse] [operator] done
[operator_burgers_relay_v1/burgers_relay_hotspot] lock -> /home/namkyeong/ssmo/results/.locks/operator_burgers_relay_v1_burgers_relay_hotspot.lock
[operator_burgers_relay_v1/burgers_relay_hotspot] log -> results/logs/operator_burgers_relay_v1/burgers_relay_hotspot.log
[operator_burgers_relay_v1/burgers_relay_hotspot] [operator] output_dir=results/operator_burgers_relay_v1/burgers_relay_hotspot
[operator_burgers_relay_v1/burgers_relay_hotspot] [operator] methods=ssml
[operator_burgers_relay_v1/burgers_relay_hotspot] [operator] model_pairs=deeponet:fno
[operator_burgers_relay_v1/burgers_relay_hotspot] [operator] relay_stage_epochs=30,40,35
[operator_burgers_relay_v1/burgers_relay_hotspot] [operator] relay_hint_mode=hotspot
[operator_burgers_relay_v1/burgers_relay_hotspot] [operator] relay_taper_schedule=cosine
[operator_burgers_relay_v1/burgers_relay_hotspot] [operator] dataset=burgers pair=deeponet:fno method=ssml seed=0
[operator_burgers_relay_v1/burgers_relay_hotspot] [operator] loaded init_checkpoint=results/operator_burgers_followup_v1/burgers_l005_m0_w12_d60_120_ow1/operator/burgers/deeponet_independent_mse_seed0/model.pt
[operator_burgers_relay_v1/burgers_relay_hotspot] [operator] loaded peer_init_checkpoint=results/operator_burgers_followup_v1/burgers_l005_m0_w12_d60_120_ow1/operator/burgers/fno_independent_mse_seed0/model.pt
[operator_burgers_relay_v1/burgers_relay_hotspot] [operator] run_dir=results/operator_burgers_relay_v1/burgers_relay_hotspot/operator/burgers/deeponet__fno_ssml_mse_seed0
[operator_burgers_relay_v1/burgers_relay_hotspot] [operator] params=198656
[operator_burgers_relay_v1/burgers_relay_hotspot] [operator] granularity=element student_only=True freeze_peer=True peer_updates_disabled=True relay_stage_epochs=(30, 40, 35) relay_hint_mode=hotspot relay_taper_schedule=cosine
[operator_burgers_relay_v1/burgers_relay_hotspot] [operator][epoch 001] lambda=0.0250 relay_stage=control relay_scale=0.000 relay_hotspot=0.9841 train_mse=0.02223468 val_mse=0.02269046 val_mae=0.10047250 | peer_val_mse=0.00001140 peer_val_mae=0.00234668
[operator_burgers_relay_v1/burgers_relay_hotspot] [operator][epoch 002] lambda=0.0250 relay_stage=control relay_scale=0.000 relay_hotspot=0.9810 train_mse=0.01843216 val_mse=0.02033214 val_mae=0.09243147 | peer_val_mse=0.00001140 peer_val_mae=0.00234668
[operator_burgers_relay_v1/burgers_relay_hotspot] [operator][epoch 003] lambda=0.0250 relay_stage=control relay_scale=0.000 relay_hotspot=0.9815 train_mse=0.01713269 val_mse=0.01947770 val_mae=0.09010284 | peer_val_mse=0.00001140 peer_val_mae=0.00234668
[operator_burgers_relay_v1/burgers_relay_hotspot] [operator][epoch 004] lambda=0.0250 relay_stage=control relay_scale=0.000 relay_hotspot=0.9798 train_mse=0.01658040 val_mse=0.02299277 val_mae=0.10426458 | peer_val_mse=0.00001140 peer_val_mae=0.00234668
[operator_burgers_relay_v1/burgers_relay_hotspot] [operator][epoch 005] lambda=0.0250 relay_stage=control relay_scale=0.000 relay_hotspot=0.9800 train_mse=0.01575417 val_mse=0.01733127 val_mae=0.08312285 | peer_val_mse=0.00001140 peer_val_mae=0.00234668
[operator_burgers_relay_v1/burgers_relay_hotspot] [operator][epoch 006] lambda=0.0250 relay_stage=control relay_scale=0.000 relay_hotspot=0.9782 train_mse=0.01414694 val_mse=0.01730793 val_mae=0.08264036 | peer_val_mse=0.00001140 peer_val_mae=0.00234668
[operator_burgers_relay_v1/burgers_relay_hotspot] [operator][epoch 007] lambda=0.0250 relay_stage=control relay_scale=0.000 relay_hotspot=0.9817 train_mse=0.01642460 val_mse=0.01778227 val_mae=0.08646811 | peer_val_mse=0.00001140 peer_val_mae=0.00234668
[operator_burgers_relay_v1/burgers_relay_hotspot] [operator][epoch 008] lambda=0.0250 relay_stage=control relay_scale=0.000 relay_hotspot=0.9788 train_mse=0.01445937 val_mse=0.01703380 val_mae=0.08498387 | peer_val_mse=0.00001140 peer_val_mae=0.00234668
[operator_burgers_relay_v1/burgers_relay_hotspot] [operator][epoch 009] lambda=0.0250 relay_stage=control relay_scale=0.000 relay_hotspot=0.9768 train_mse=0.01253722 val_mse=0.01460095 val_mae=0.07515955 | peer_val_mse=0.00001140 peer_val_mae=0.00234668
[operator_burgers_relay_v1/burgers_relay_hotspot] [operator][epoch 010] lambda=0.0250 relay_stage=control relay_scale=0.000 relay_hotspot=0.9759 train_mse=0.01192010 val_mse=0.01429131 val_mae=0.07266335 | peer_val_mse=0.00001140 peer_val_mae=0.00234668
[operator_burgers_relay_v1/burgers_relay_hotspot] [operator][epoch 011] lambda=0.0250 relay_stage=control relay_scale=0.000 relay_hotspot=0.9754 train_mse=0.01173653 val_mse=0.01367413 val_mae=0.07314110 | peer_val_mse=0.00001140 peer_val_mae=0.00234668
[operator_burgers_relay_v1/burgers_relay_hotspot] [operator][epoch 012] lambda=0.0250 relay_stage=control relay_scale=0.000 relay_hotspot=0.9781 train_mse=0.01293094 val_mse=0.01592141 val_mae=0.07969171 | peer_val_mse=0.00001140 peer_val_mae=0.00234668
[operator_burgers_relay_v1/burgers_relay_hotspot] [operator][epoch 013] lambda=0.0250 relay_stage=control relay_scale=0.000 relay_hotspot=0.9753 train_mse=0.01145446 val_mse=0.01437783 val_mae=0.07494255 | peer_val_mse=0.00001140 peer_val_mae=0.00234668
[operator_burgers_relay_v1/burgers_relay_hotspot] [operator][epoch 014] lambda=0.0250 relay_stage=control relay_scale=0.000 relay_hotspot=0.9742 train_mse=0.01032558 val_mse=0.01293965 val_mae=0.06972572 | peer_val_mse=0.00001140 peer_val_mae=0.00234668
[operator_burgers_relay_v1/burgers_relay_hotspot] [operator][epoch 015] lambda=0.0250 relay_stage=control relay_scale=0.000 relay_hotspot=0.9732 train_mse=0.01058831 val_mse=0.01327476 val_mae=0.07299900 | peer_val_mse=0.00001140 peer_val_mae=0.00234668
[operator_burgers_relay_v1/burgers_relay_hotspot] [operator][epoch 016] lambda=0.0250 relay_stage=control relay_scale=0.000 relay_hotspot=0.9754 train_mse=0.01125637 val_mse=0.01370233 val_mae=0.07312257 | peer_val_mse=0.00001140 peer_val_mae=0.00234668
[operator_burgers_relay_v1/burgers_relay_hotspot] [operator][epoch 017] lambda=0.0250 relay_stage=control relay_scale=0.000 relay_hotspot=0.9769 train_mse=0.01112128 val_mse=0.01606798 val_mae=0.08121723 | peer_val_mse=0.00001140 peer_val_mae=0.00234668
[operator_burgers_relay_v1/burgers_relay_hotspot] [operator][epoch 018] lambda=0.0250 relay_stage=control relay_scale=0.000 relay_hotspot=0.9758 train_mse=0.01090991 val_mse=0.01264057 val_mae=0.07104528 | peer_val_mse=0.00001140 peer_val_mae=0.00234668
[operator_burgers_relay_v1/burgers_relay_hotspot] [operator][epoch 019] lambda=0.0250 relay_stage=control relay_scale=0.000 relay_hotspot=0.9720 train_mse=0.01023669 val_mse=0.01411484 val_mae=0.07574311 | peer_val_mse=0.00001140 peer_val_mae=0.00234668
[operator_burgers_relay_v1/burgers_relay_hotspot] [operator][epoch 020] lambda=0.0250 relay_stage=control relay_scale=0.000 relay_hotspot=0.9750 train_mse=0.00998738 val_mse=0.01169182 val_mae=0.06591895 | peer_val_mse=0.00001140 peer_val_mae=0.00234668
[operator_burgers_relay_v1/burgers_relay_hotspot] [operator][epoch 020] updated live plot
[operator_burgers_relay_v1/burgers_relay_hotspot] [operator][epoch 021] lambda=0.0250 relay_stage=control relay_scale=0.000 relay_hotspot=0.9718 train_mse=0.00916744 val_mse=0.01178375 val_mae=0.06546192 | peer_val_mse=0.00001140 peer_val_mae=0.00234668
[operator_burgers_relay_v1/burgers_relay_hotspot] [operator][epoch 022] lambda=0.0250 relay_stage=control relay_scale=0.000 relay_hotspot=0.9735 train_mse=0.01013243 val_mse=0.01433444 val_mae=0.07555578 | peer_val_mse=0.00001140 peer_val_mae=0.00234668
[operator_burgers_relay_v1/burgers_relay_hotspot] [operator][epoch 023] lambda=0.0250 relay_stage=control relay_scale=0.000 relay_hotspot=0.9740 train_mse=0.00928540 val_mse=0.01205344 val_mae=0.06634251 | peer_val_mse=0.00001140 peer_val_mae=0.00234668
[operator_burgers_relay_v1/burgers_relay_hotspot] [operator][epoch 024] lambda=0.0250 relay_stage=control relay_scale=0.000 relay_hotspot=0.9738 train_mse=0.00994930 val_mse=0.01247282 val_mae=0.07224845 | peer_val_mse=0.00001140 peer_val_mae=0.00234668
[operator_burgers_relay_v1/burgers_relay_hotspot] [operator][epoch 025] lambda=0.0250 relay_stage=control relay_scale=0.000 relay_hotspot=0.9768 train_mse=0.01113837 val_mse=0.01349209 val_mae=0.07464405 | peer_val_mse=0.00001140 peer_val_mae=0.00234668
[operator_burgers_relay_v1/burgers_relay_hotspot] [operator][epoch 026] lambda=0.0250 relay_stage=control relay_scale=0.000 relay_hotspot=0.9759 train_mse=0.01127750 val_mse=0.01214106 val_mae=0.06627300 | peer_val_mse=0.00001140 peer_val_mae=0.00234668
[operator_burgers_relay_v1/burgers_relay_hotspot] [operator][epoch 027] lambda=0.0250 relay_stage=control relay_scale=0.000 relay_hotspot=0.9688 train_mse=0.00855633 val_mse=0.01036376 val_mae=0.06077835 | peer_val_mse=0.00001140 peer_val_mae=0.00234668
[operator_burgers_relay_v1/burgers_relay_hotspot] [operator][epoch 028] lambda=0.0250 relay_stage=control relay_scale=0.000 relay_hotspot=0.9680 train_mse=0.00793946 val_mse=0.01054657 val_mae=0.06263833 | peer_val_mse=0.00001140 peer_val_mae=0.00234668
[operator_burgers_relay_v1/burgers_relay_hotspot] [operator][epoch 029] lambda=0.0250 relay_stage=control relay_scale=0.000 relay_hotspot=0.9687 train_mse=0.00776862 val_mse=0.01058819 val_mae=0.06215528 | peer_val_mse=0.00001140 peer_val_mae=0.00234668
[operator_burgers_relay_v1/burgers_relay_hotspot] [operator][epoch 030] lambda=0.0250 relay_stage=control relay_scale=0.000 relay_hotspot=0.9685 train_mse=0.00774713 val_mse=0.01070320 val_mae=0.06198761 | peer_val_mse=0.00001140 peer_val_mae=0.00234668
[operator_burgers_relay_v1/burgers_relay_hotspot] [operator][epoch 031] lambda=0.0250 relay_stage=relay relay_scale=1.000 relay_hotspot=0.9729 train_mse=0.00941590 val_mse=0.01263882 val_mae=0.06836633 | peer_val_mse=0.00001140 peer_val_mae=0.00234668
[operator_burgers_relay_v1/burgers_relay_hotspot] [operator][epoch 032] lambda=0.0250 relay_stage=relay relay_scale=1.000 relay_hotspot=0.9742 train_mse=0.00992468 val_mse=0.01118104 val_mae=0.06385124 | peer_val_mse=0.00001140 peer_val_mae=0.00234668
[operator_burgers_relay_v1/burgers_relay_hotspot] [operator][epoch 033] lambda=0.0250 relay_stage=relay relay_scale=1.000 relay_hotspot=0.9741 train_mse=0.00964200 val_mse=0.01255612 val_mae=0.06791015 | peer_val_mse=0.00001140 peer_val_mae=0.00234668
[operator_burgers_relay_v1/burgers_relay_hotspot] [operator][epoch 034] lambda=0.0250 relay_stage=relay relay_scale=1.000 relay_hotspot=0.9697 train_mse=0.00849227 val_mse=0.01112671 val_mae=0.06308248 | peer_val_mse=0.00001140 peer_val_mae=0.00234668
[operator_burgers_relay_v1/burgers_relay_hotspot] [operator][epoch 035] lambda=0.0250 relay_stage=relay relay_scale=1.000 relay_hotspot=0.9689 train_mse=0.00850075 val_mse=0.01282600 val_mae=0.06923120 | peer_val_mse=0.00001140 peer_val_mae=0.00234668
[operator_burgers_relay_v1/burgers_relay_hotspot] [operator][epoch 036] lambda=0.0250 relay_stage=relay relay_scale=1.000 relay_hotspot=0.9749 train_mse=0.01034428 val_mse=0.01052937 val_mae=0.06337495 | peer_val_mse=0.00001140 peer_val_mae=0.00234668
[operator_burgers_relay_v1/burgers_relay_hotspot] [operator][epoch 037] lambda=0.0250 relay_stage=relay relay_scale=1.000 relay_hotspot=0.9697 train_mse=0.00807048 val_mse=0.01053301 val_mae=0.06219867 | peer_val_mse=0.00001140 peer_val_mae=0.00234668
[operator_burgers_relay_v1/burgers_relay_hotspot] [operator][epoch 038] lambda=0.0250 relay_stage=relay relay_scale=1.000 relay_hotspot=0.9676 train_mse=0.00797350 val_mse=0.01233304 val_mae=0.06791830 | peer_val_mse=0.00001140 peer_val_mae=0.00234668
[operator_burgers_relay_v1/burgers_relay_hotspot] [operator][epoch 039] lambda=0.0250 relay_stage=relay relay_scale=1.000 relay_hotspot=0.9727 train_mse=0.00891284 val_mse=0.01036099 val_mae=0.06462192 | peer_val_mse=0.00001140 peer_val_mae=0.00234668
[operator_burgers_relay_v1/burgers_relay_hotspot] [operator][epoch 040] lambda=0.0250 relay_stage=relay relay_scale=1.000 relay_hotspot=0.9676 train_mse=0.00762582 val_mse=0.00920067 val_mae=0.05593970 | peer_val_mse=0.00001140 peer_val_mae=0.00234668
[operator_burgers_relay_v1/burgers_relay_hotspot] [operator][epoch 040] updated live plot
[operator_burgers_relay_v1/burgers_relay_hotspot] [operator][epoch 041] lambda=0.0250 relay_stage=relay relay_scale=1.000 relay_hotspot=0.9681 train_mse=0.00732456 val_mse=0.01088247 val_mae=0.06439567 | peer_val_mse=0.00001140 peer_val_mae=0.00234668
[operator_burgers_relay_v1/burgers_relay_hotspot] [operator][epoch 042] lambda=0.0250 relay_stage=relay relay_scale=1.000 relay_hotspot=0.9713 train_mse=0.00887630 val_mse=0.01139902 val_mae=0.06336158 | peer_val_mse=0.00001140 peer_val_mae=0.00234668
[operator_burgers_relay_v1/burgers_relay_hotspot] [operator][epoch 043] lambda=0.0250 relay_stage=relay relay_scale=1.000 relay_hotspot=0.9737 train_mse=0.00896879 val_mse=0.01050955 val_mae=0.06274141 | peer_val_mse=0.00001140 peer_val_mae=0.00234668
[operator_burgers_relay_v1/burgers_relay_hotspot] [operator][epoch 044] lambda=0.0250 relay_stage=relay relay_scale=1.000 relay_hotspot=0.9688 train_mse=0.00786509 val_mse=0.00934588 val_mae=0.05644140 | peer_val_mse=0.00001140 peer_val_mae=0.00234668
[operator_burgers_relay_v1/burgers_relay_hotspot] [operator][epoch 045] lambda=0.0250 relay_stage=relay relay_scale=1.000 relay_hotspot=0.9663 train_mse=0.00719883 val_mse=0.00967865 val_mae=0.05565471 | peer_val_mse=0.00001140 peer_val_mae=0.00234668
[operator_burgers_relay_v1/burgers_relay_hotspot] [operator][epoch 046] lambda=0.0250 relay_stage=relay relay_scale=1.000 relay_hotspot=0.9673 train_mse=0.00809702 val_mse=0.01130121 val_mae=0.06692898 | peer_val_mse=0.00001140 peer_val_mae=0.00234668
[operator_burgers_relay_v1/burgers_relay_hotspot] [operator][epoch 047] lambda=0.0250 relay_stage=relay relay_scale=1.000 relay_hotspot=0.9679 train_mse=0.00753138 val_mse=0.01145433 val_mae=0.06217388 | peer_val_mse=0.00001140 peer_val_mae=0.00234668
[operator_burgers_relay_v1/burgers_relay_hotspot] [operator][epoch 048] lambda=0.0250 relay_stage=relay relay_scale=1.000 relay_hotspot=0.9667 train_mse=0.00736103 val_mse=0.00946544 val_mae=0.05542751 | peer_val_mse=0.00001140 peer_val_mae=0.00234668
[operator_burgers_relay_v1/burgers_relay_hotspot] [operator][epoch 049] lambda=0.0250 relay_stage=relay relay_scale=1.000 relay_hotspot=0.9633 train_mse=0.00691116 val_mse=0.00934406 val_mae=0.05620207 | peer_val_mse=0.00001140 peer_val_mae=0.00234668
[operator_burgers_relay_v1/burgers_relay_hotspot] [operator][epoch 050] lambda=0.0250 relay_stage=relay relay_scale=1.000 relay_hotspot=0.9661 train_mse=0.00703104 val_mse=0.00942516 val_mae=0.05461250 | peer_val_mse=0.00001140 peer_val_mae=0.00234668
[operator_burgers_relay_v1/burgers_relay_hotspot] [operator][epoch 051] lambda=0.0250 relay_stage=relay relay_scale=1.000 relay_hotspot=0.9686 train_mse=0.00786350 val_mse=0.00924926 val_mae=0.05681070 | peer_val_mse=0.00001140 peer_val_mae=0.00234668
[operator_burgers_relay_v1/burgers_relay_hotspot] [operator][epoch 052] lambda=0.0250 relay_stage=relay relay_scale=1.000 relay_hotspot=0.9692 train_mse=0.00820019 val_mse=0.01015749 val_mae=0.06075166 | peer_val_mse=0.00001140 peer_val_mae=0.00234668
[operator_burgers_relay_v1/burgers_relay_hotspot] [operator][epoch 053] lambda=0.0250 relay_stage=relay relay_scale=1.000 relay_hotspot=0.9652 train_mse=0.00728281 val_mse=0.00925164 val_mae=0.05651067 | peer_val_mse=0.00001140 peer_val_mae=0.00234668
[operator_burgers_relay_v1/burgers_relay_hotspot] [operator][epoch 054] lambda=0.0250 relay_stage=relay relay_scale=1.000 relay_hotspot=0.9633 train_mse=0.00705524 val_mse=0.00995595 val_mae=0.06016931 | peer_val_mse=0.00001140 peer_val_mae=0.00234668
[operator_burgers_relay_v1/burgers_relay_hotspot] [operator][epoch 055] lambda=0.0250 relay_stage=relay relay_scale=1.000 relay_hotspot=0.9651 train_mse=0.00738045 val_mse=0.01173541 val_mae=0.06527011 | peer_val_mse=0.00001140 peer_val_mae=0.00234668
[operator_burgers_relay_v1/burgers_relay_hotspot] [operator][epoch 056] lambda=0.0250 relay_stage=relay relay_scale=1.000 relay_hotspot=0.9700 train_mse=0.00800667 val_mse=0.00927449 val_mae=0.05415732 | peer_val_mse=0.00001140 peer_val_mae=0.00234668
[operator_burgers_relay_v1/burgers_relay_hotspot] [operator][epoch 057] lambda=0.0250 relay_stage=relay relay_scale=1.000 relay_hotspot=0.9668 train_mse=0.00767374 val_mse=0.00915572 val_mae=0.05647496 | peer_val_mse=0.00001140 peer_val_mae=0.00234668
[operator_burgers_relay_v1/burgers_relay_hotspot] [operator][epoch 058] lambda=0.0250 relay_stage=relay relay_scale=1.000 relay_hotspot=0.9676 train_mse=0.00711737 val_mse=0.00938420 val_mae=0.05715826 | peer_val_mse=0.00001140 peer_val_mae=0.00234668
[operator_burgers_relay_v1/burgers_relay_hotspot] [operator][epoch 059] lambda=0.0250 relay_stage=relay relay_scale=1.000 relay_hotspot=0.9709 train_mse=0.00820544 val_mse=0.01246589 val_mae=0.06980733 | peer_val_mse=0.00001140 peer_val_mae=0.00234668
[operator_burgers_relay_v1/burgers_relay_hotspot] [operator][epoch 060] lambda=0.0250 relay_stage=relay relay_scale=1.000 relay_hotspot=0.9697 train_mse=0.00780566 val_mse=0.00891806 val_mae=0.05483286 | peer_val_mse=0.00001140 peer_val_mae=0.00234668
[operator_burgers_relay_v1/burgers_relay_hotspot] [operator][epoch 060] updated live plot
[operator_burgers_relay_v1/burgers_relay_hotspot] [operator][epoch 061] lambda=0.0250 relay_stage=relay relay_scale=1.000 relay_hotspot=0.9673 train_mse=0.00776461 val_mse=0.00947515 val_mae=0.05822720 | peer_val_mse=0.00001140 peer_val_mae=0.00234668
[operator_burgers_relay_v1/burgers_relay_hotspot] [operator][epoch 062] lambda=0.0250 relay_stage=relay relay_scale=1.000 relay_hotspot=0.9629 train_mse=0.00658646 val_mse=0.00856504 val_mae=0.05160174 | peer_val_mse=0.00001140 peer_val_mae=0.00234668
[operator_burgers_relay_v1/burgers_relay_hotspot] [operator][epoch 063] lambda=0.0250 relay_stage=relay relay_scale=1.000 relay_hotspot=0.9615 train_mse=0.00647447 val_mse=0.00920693 val_mae=0.05520744 | peer_val_mse=0.00001140 peer_val_mae=0.00234668
[operator_burgers_relay_v1/burgers_relay_hotspot] [operator][epoch 064] lambda=0.0250 relay_stage=relay relay_scale=1.000 relay_hotspot=0.9645 train_mse=0.00685336 val_mse=0.00935846 val_mae=0.05540754 | peer_val_mse=0.00001140 peer_val_mae=0.00234668
[operator_burgers_relay_v1/burgers_relay_hotspot] [operator][epoch 065] lambda=0.0250 relay_stage=relay relay_scale=1.000 relay_hotspot=0.9659 train_mse=0.00800718 val_mse=0.01056476 val_mae=0.06013839 | peer_val_mse=0.00001140 peer_val_mae=0.00234668
[operator_burgers_relay_v1/burgers_relay_hotspot] [operator][epoch 066] lambda=0.0250 relay_stage=relay relay_scale=1.000 relay_hotspot=0.9736 train_mse=0.00939020 val_mse=0.01096180 val_mae=0.06551732 | peer_val_mse=0.00001140 peer_val_mae=0.00234668
[operator_burgers_relay_v1/burgers_relay_hotspot] [operator][epoch 067] lambda=0.0250 relay_stage=relay relay_scale=1.000 relay_hotspot=0.9706 train_mse=0.00827902 val_mse=0.01050494 val_mae=0.06030210 | peer_val_mse=0.00001140 peer_val_mae=0.00234668
[operator_burgers_relay_v1/burgers_relay_hotspot] [operator][epoch 068] lambda=0.0250 relay_stage=relay relay_scale=1.000 relay_hotspot=0.9662 train_mse=0.00708751 val_mse=0.00864106 val_mae=0.05354730 | peer_val_mse=0.00001140 peer_val_mae=0.00234668
[operator_burgers_relay_v1/burgers_relay_hotspot] [operator][epoch 069] lambda=0.0250 relay_stage=relay relay_scale=1.000 relay_hotspot=0.9638 train_mse=0.00669207 val_mse=0.00885593 val_mae=0.05341202 | peer_val_mse=0.00001140 peer_val_mae=0.00234668
[operator_burgers_relay_v1/burgers_relay_hotspot] [operator][epoch 070] lambda=0.0250 relay_stage=relay relay_scale=1.000 relay_hotspot=0.9634 train_mse=0.00653115 val_mse=0.00823459 val_mae=0.05038445 | peer_val_mse=0.00001140 peer_val_mae=0.00234668
[operator_burgers_relay_v1/burgers_relay_hotspot] [operator][epoch 071] lambda=0.0250 relay_stage=taper relay_scale=1.000 relay_hotspot=0.9607 train_mse=0.00616881 val_mse=0.00858933 val_mae=0.05156285 | peer_val_mse=0.00001140 peer_val_mae=0.00234668
[operator_burgers_relay_v1/burgers_relay_hotspot] [operator][epoch 072] lambda=0.0250 relay_stage=taper relay_scale=0.998 relay_hotspot=0.9608 train_mse=0.00614902 val_mse=0.00940703 val_mae=0.05900415 | peer_val_mse=0.00001140 peer_val_mae=0.00234668
[operator_burgers_relay_v1/burgers_relay_hotspot] [operator][epoch 073] lambda=0.0250 relay_stage=taper relay_scale=0.991 relay_hotspot=0.9656 train_mse=0.00657182 val_mse=0.00858782 val_mae=0.05491682 | peer_val_mse=0.00001140 peer_val_mae=0.00234668
[operator_burgers_relay_v1/burgers_relay_hotspot] [operator][epoch 074] lambda=0.0250 relay_stage=taper relay_scale=0.981 relay_hotspot=0.9581 train_mse=0.00585099 val_mse=0.00789512 val_mae=0.04960231 | peer_val_mse=0.00001140 peer_val_mae=0.00234668
[operator_burgers_relay_v1/burgers_relay_hotspot] [operator][epoch 075] lambda=0.0250 relay_stage=taper relay_scale=0.966 relay_hotspot=0.9606 train_mse=0.00598984 val_mse=0.00840125 val_mae=0.05220382 | peer_val_mse=0.00001140 peer_val_mae=0.00234668
[operator_burgers_relay_v1/burgers_relay_hotspot] [operator][epoch 076] lambda=0.0250 relay_stage=taper relay_scale=0.948 relay_hotspot=0.9627 train_mse=0.00622256 val_mse=0.00819192 val_mae=0.05331837 | peer_val_mse=0.00001140 peer_val_mae=0.00234668
[operator_burgers_relay_v1/burgers_relay_hotspot] [operator][epoch 077] lambda=0.0250 relay_stage=taper relay_scale=0.925 relay_hotspot=0.9680 train_mse=0.00701441 val_mse=0.01049750 val_mae=0.06190293 | peer_val_mse=0.00001140 peer_val_mae=0.00234668
[operator_burgers_relay_v1/burgers_relay_hotspot] [operator][epoch 078] lambda=0.0250 relay_stage=taper relay_scale=0.899 relay_hotspot=0.9641 train_mse=0.00672701 val_mse=0.00909184 val_mae=0.05516820 | peer_val_mse=0.00001140 peer_val_mae=0.00234668
[operator_burgers_relay_v1/burgers_relay_hotspot] [operator][epoch 079] lambda=0.0250 relay_stage=taper relay_scale=0.870 relay_hotspot=0.9664 train_mse=0.00676005 val_mse=0.00839071 val_mae=0.05241504 | peer_val_mse=0.00001140 peer_val_mae=0.00234668
[operator_burgers_relay_v1/burgers_relay_hotspot] [operator][epoch 080] lambda=0.0250 relay_stage=taper relay_scale=0.837 relay_hotspot=0.9654 train_mse=0.00651523 val_mse=0.00770079 val_mae=0.04940192 | peer_val_mse=0.00001140 peer_val_mae=0.00234668
[operator_burgers_relay_v1/burgers_relay_hotspot] [operator][epoch 080] updated live plot
[operator_burgers_relay_v1/burgers_relay_hotspot] [operator][epoch 081] lambda=0.0250 relay_stage=taper relay_scale=0.801 relay_hotspot=0.9602 train_mse=0.00586114 val_mse=0.00714448 val_mae=0.04724793 | peer_val_mse=0.00001140 peer_val_mae=0.00234668
[operator_burgers_relay_v1/burgers_relay_hotspot] [operator][epoch 082] lambda=0.0250 relay_stage=taper relay_scale=0.763 relay_hotspot=0.9597 train_mse=0.00608886 val_mse=0.01120698 val_mae=0.06071803 | peer_val_mse=0.00001140 peer_val_mae=0.00234668
[operator_burgers_relay_v1/burgers_relay_hotspot] [operator][epoch 083] lambda=0.0250 relay_stage=taper relay_scale=0.723 relay_hotspot=0.9678 train_mse=0.00700740 val_mse=0.01046228 val_mae=0.06209552 | peer_val_mse=0.00001140 peer_val_mae=0.00234668
[operator_burgers_relay_v1/burgers_relay_hotspot] [operator][epoch 084] lambda=0.0250 relay_stage=taper relay_scale=0.681 relay_hotspot=0.9724 train_mse=0.00912008 val_mse=0.01071269 val_mae=0.06426888 | peer_val_mse=0.00001140 peer_val_mae=0.00234668
[operator_burgers_relay_v1/burgers_relay_hotspot] [operator][epoch 085] lambda=0.0250 relay_stage=taper relay_scale=0.637 relay_hotspot=0.9667 train_mse=0.00692312 val_mse=0.00773320 val_mae=0.04864996 | peer_val_mse=0.00001140 peer_val_mae=0.00234668
[operator_burgers_relay_v1/burgers_relay_hotspot] [operator][epoch 086] lambda=0.0250 relay_stage=taper relay_scale=0.592 relay_hotspot=0.9572 train_mse=0.00525015 val_mse=0.00736718 val_mae=0.04722146 | peer_val_mse=0.00001140 peer_val_mae=0.00234668
[operator_burgers_relay_v1/burgers_relay_hotspot] [operator][epoch 087] lambda=0.0250 relay_stage=taper relay_scale=0.546 relay_hotspot=0.9589 train_mse=0.00566770 val_mse=0.00849599 val_mae=0.05147112 | peer_val_mse=0.00001140 peer_val_mae=0.00234668
[operator_burgers_relay_v1/burgers_relay_hotspot] [operator][epoch 088] lambda=0.0250 relay_stage=taper relay_scale=0.500 relay_hotspot=0.9621 train_mse=0.00581060 val_mse=0.00820956 val_mae=0.05541022 | peer_val_mse=0.00001140 peer_val_mae=0.00234668
[operator_burgers_relay_v1/burgers_relay_hotspot] [operator][epoch 089] lambda=0.0250 relay_stage=taper relay_scale=0.454 relay_hotspot=0.9639 train_mse=0.00599957 val_mse=0.00815109 val_mae=0.05163375 | peer_val_mse=0.00001140 peer_val_mae=0.00234668
[operator_burgers_relay_v1/burgers_relay_hotspot] [operator][epoch 090] lambda=0.0250 relay_stage=taper relay_scale=0.408 relay_hotspot=0.9656 train_mse=0.00622463 val_mse=0.00788359 val_mae=0.05160834 | peer_val_mse=0.00001140 peer_val_mae=0.00234668
[operator_burgers_relay_v1/burgers_relay_hotspot] [operator][epoch 091] lambda=0.0250 relay_stage=taper relay_scale=0.363 relay_hotspot=0.9661 train_mse=0.00684418 val_mse=0.01103973 val_mae=0.06639980 | peer_val_mse=0.00001140 peer_val_mae=0.00234668
[operator_burgers_relay_v1/burgers_relay_hotspot] [operator][epoch 092] lambda=0.0250 relay_stage=taper relay_scale=0.319 relay_hotspot=0.9704 train_mse=0.00731702 val_mse=0.00786448 val_mae=0.05070998 | peer_val_mse=0.00001140 peer_val_mae=0.00234668
[operator_burgers_relay_v1/burgers_relay_hotspot] [operator][epoch 093] lambda=0.0250 relay_stage=taper relay_scale=0.277 relay_hotspot=0.9597 train_mse=0.00535835 val_mse=0.00687108 val_mae=0.04618867 | peer_val_mse=0.00001140 peer_val_mae=0.00234668
[operator_burgers_relay_v1/burgers_relay_hotspot] [operator][epoch 094] lambda=0.0250 relay_stage=taper relay_scale=0.237 relay_hotspot=0.9559 train_mse=0.00493837 val_mse=0.00697650 val_mae=0.04663926 | peer_val_mse=0.00001140 peer_val_mae=0.00234668
[operator_burgers_relay_v1/burgers_relay_hotspot] [operator][epoch 095] lambda=0.0250 relay_stage=taper relay_scale=0.199 relay_hotspot=0.9634 train_mse=0.00593014 val_mse=0.00847096 val_mae=0.05496259 | peer_val_mse=0.00001140 peer_val_mae=0.00234668
[operator_burgers_relay_v1/burgers_relay_hotspot] [operator][epoch 096] lambda=0.0250 relay_stage=taper relay_scale=0.163 relay_hotspot=0.9682 train_mse=0.00648650 val_mse=0.00708727 val_mae=0.04911382 | peer_val_mse=0.00001140 peer_val_mae=0.00234668
[operator_burgers_relay_v1/burgers_relay_hotspot] [operator][epoch 097] lambda=0.0250 relay_stage=taper relay_scale=0.130 relay_hotspot=0.9706 train_mse=0.00883420 val_mse=0.01322474 val_mae=0.07305120 | peer_val_mse=0.00001140 peer_val_mae=0.00234668
[operator_burgers_relay_v1/burgers_relay_hotspot] [operator][epoch 098] lambda=0.0250 relay_stage=taper relay_scale=0.101 relay_hotspot=0.9703 train_mse=0.00741835 val_mse=0.00791804 val_mae=0.05114085 | peer_val_mse=0.00001140 peer_val_mae=0.00234668
[operator_burgers_relay_v1/burgers_relay_hotspot] [operator][epoch 099] lambda=0.0250 relay_stage=taper relay_scale=0.075 relay_hotspot=0.9601 train_mse=0.00533834 val_mse=0.00725387 val_mae=0.04903700 | peer_val_mse=0.00001140 peer_val_mae=0.00234668
[operator_burgers_relay_v1/burgers_relay_hotspot] [operator][epoch 100] lambda=0.0250 relay_stage=taper relay_scale=0.052 relay_hotspot=0.9580 train_mse=0.00512463 val_mse=0.00692091 val_mae=0.04685945 | peer_val_mse=0.00001140 peer_val_mae=0.00234668
[operator_burgers_relay_v1/burgers_relay_hotspot] [operator][epoch 100] updated live plot
[operator_burgers_relay_v1/burgers_relay_hotspot] [operator][epoch 101] lambda=0.0250 relay_stage=taper relay_scale=0.034 relay_hotspot=0.9564 train_mse=0.00506436 val_mse=0.00678530 val_mae=0.04622344 | peer_val_mse=0.00001140 peer_val_mae=0.00234668
[operator_burgers_relay_v1/burgers_relay_hotspot] [operator][epoch 102] lambda=0.0250 relay_stage=taper relay_scale=0.019 relay_hotspot=0.9612 train_mse=0.00585395 val_mse=0.00686334 val_mae=0.04780397 | peer_val_mse=0.00001140 peer_val_mae=0.00234668
[operator_burgers_relay_v1/burgers_relay_hotspot] [operator][epoch 103] lambda=0.0250 relay_stage=taper relay_scale=0.009 relay_hotspot=0.9540 train_mse=0.00472584 val_mse=0.00758702 val_mae=0.04849536 | peer_val_mse=0.00001140 peer_val_mae=0.00234668
[operator_burgers_relay_v1/burgers_relay_hotspot] [operator][epoch 104] lambda=0.0250 relay_stage=taper relay_scale=0.002 relay_hotspot=0.9532 train_mse=0.00474831 val_mse=0.00633622 val_mae=0.04426113 | peer_val_mse=0.00001140 peer_val_mae=0.00234668
[operator_burgers_relay_v1/burgers_relay_hotspot] [operator][epoch 105] lambda=0.0250 relay_stage=taper relay_scale=0.000 relay_hotspot=0.9583 train_mse=0.00497453 val_mse=0.00656548 val_mae=0.04581552 | peer_val_mse=0.00001140 peer_val_mae=0.00234668
[operator_burgers_relay_v1/burgers_relay_hotspot] [operator][epoch 106] lambda=0.0250 relay_stage=finetune relay_scale=0.000 relay_hotspot=0.9560 train_mse=0.00481554 val_mse=0.00674991 val_mae=0.04595346 | peer_val_mse=0.00001140 peer_val_mae=0.00234668
[operator_burgers_relay_v1/burgers_relay_hotspot] [operator][epoch 107] lambda=0.0250 relay_stage=finetune relay_scale=0.000 relay_hotspot=0.9686 train_mse=0.00726335 val_mse=0.01101623 val_mae=0.06988545 | peer_val_mse=0.00001140 peer_val_mae=0.00234668
[operator_burgers_relay_v1/burgers_relay_hotspot] [operator][epoch 108] lambda=0.0250 relay_stage=finetune relay_scale=0.000 relay_hotspot=0.9693 train_mse=0.00684607 val_mse=0.00780149 val_mae=0.05360821 | peer_val_mse=0.00001140 peer_val_mae=0.00234668
[operator_burgers_relay_v1/burgers_relay_hotspot] [operator][epoch 109] lambda=0.0250 relay_stage=finetune relay_scale=0.000 relay_hotspot=0.9595 train_mse=0.00548089 val_mse=0.00707176 val_mae=0.04794868 | peer_val_mse=0.00001140 peer_val_mae=0.00234668
[operator_burgers_relay_v1/burgers_relay_hotspot] [operator][epoch 110] lambda=0.0250 relay_stage=finetune relay_scale=0.000 relay_hotspot=0.9640 train_mse=0.00596463 val_mse=0.00791426 val_mae=0.05312732 | peer_val_mse=0.00001140 peer_val_mae=0.00234668
[operator_burgers_relay_v1/burgers_relay_hotspot] [operator][epoch 111] lambda=0.0250 relay_stage=finetune relay_scale=0.000 relay_hotspot=0.9679 train_mse=0.00640247 val_mse=0.00807970 val_mae=0.05439583 | peer_val_mse=0.00001140 peer_val_mae=0.00234668
[operator_burgers_relay_v1/burgers_relay_hotspot] [operator][epoch 112] lambda=0.0250 relay_stage=finetune relay_scale=0.000 relay_hotspot=0.9622 train_mse=0.00525313 val_mse=0.00744228 val_mae=0.04903601 | peer_val_mse=0.00001140 peer_val_mae=0.00234668
[operator_burgers_relay_v1/burgers_relay_hotspot] [operator][epoch 113] lambda=0.0250 relay_stage=finetune relay_scale=0.000 relay_hotspot=0.9625 train_mse=0.00581961 val_mse=0.00811307 val_mae=0.05311638 | peer_val_mse=0.00001140 peer_val_mae=0.00234668
[operator_burgers_relay_v1/burgers_relay_hotspot] [operator][epoch 114] lambda=0.0250 relay_stage=finetune relay_scale=0.000 relay_hotspot=0.9616 train_mse=0.00559548 val_mse=0.00660814 val_mae=0.04515711 | peer_val_mse=0.00001140 peer_val_mae=0.00234668
[operator_burgers_relay_v1/burgers_relay_hotspot] [operator][epoch 115] lambda=0.0250 relay_stage=finetune relay_scale=0.000 relay_hotspot=0.9538 train_mse=0.00455245 val_mse=0.00667298 val_mae=0.04513285 | peer_val_mse=0.00001140 peer_val_mae=0.00234668
[operator_burgers_relay_v1/burgers_relay_hotspot] [operator][epoch 116] lambda=0.0250 relay_stage=finetune relay_scale=0.000 relay_hotspot=0.9582 train_mse=0.00517106 val_mse=0.00696290 val_mae=0.04716781 | peer_val_mse=0.00001140 peer_val_mae=0.00234668
[operator_burgers_relay_v1/burgers_relay_hotspot] [operator][epoch 117] lambda=0.0250 relay_stage=finetune relay_scale=0.000 relay_hotspot=0.9558 train_mse=0.00482331 val_mse=0.00670518 val_mae=0.04621452 | peer_val_mse=0.00001140 peer_val_mae=0.00234668
[operator_burgers_relay_v1/burgers_relay_hotspot] [operator][epoch 118] lambda=0.0250 relay_stage=finetune relay_scale=0.000 relay_hotspot=0.9615 train_mse=0.00575806 val_mse=0.00845504 val_mae=0.05822660 | peer_val_mse=0.00001140 peer_val_mae=0.00234668
[operator_burgers_relay_v1/burgers_relay_hotspot] [operator][epoch 119] lambda=0.0250 relay_stage=finetune relay_scale=0.000 relay_hotspot=0.9683 train_mse=0.00644916 val_mse=0.00855551 val_mae=0.05685172 | peer_val_mse=0.00001140 peer_val_mae=0.00234668
[operator_burgers_relay_v1/burgers_relay_hotspot] [operator][epoch 120] lambda=0.0250 relay_stage=finetune relay_scale=0.000 relay_hotspot=0.9607 train_mse=0.00528507 val_mse=0.00625961 val_mae=0.04356112 | peer_val_mse=0.00001140 peer_val_mae=0.00234668
[operator_burgers_relay_v1/burgers_relay_hotspot] [operator][epoch 120] updated live plot
[operator_burgers_relay_v1/burgers_relay_hotspot] [operator][epoch 121] lambda=0.0250 relay_stage=finetune relay_scale=0.000 relay_hotspot=0.9525 train_mse=0.00434263 val_mse=0.00582324 val_mae=0.04097747 | peer_val_mse=0.00001140 peer_val_mae=0.00234668
[operator_burgers_relay_v1/burgers_relay_hotspot] [operator][epoch 122] lambda=0.0250 relay_stage=finetune relay_scale=0.000 relay_hotspot=0.9484 train_mse=0.00421591 val_mse=0.00615449 val_mae=0.04214360 | peer_val_mse=0.00001140 peer_val_mae=0.00234668
[operator_burgers_relay_v1/burgers_relay_hotspot] [operator][epoch 123] lambda=0.0250 relay_stage=finetune relay_scale=0.000 relay_hotspot=0.9511 train_mse=0.00450047 val_mse=0.00790634 val_mae=0.05267927 | peer_val_mse=0.00001140 peer_val_mae=0.00234668
[operator_burgers_relay_v1/burgers_relay_hotspot] [operator][epoch 124] lambda=0.0250 relay_stage=finetune relay_scale=0.000 relay_hotspot=0.9788 train_mse=0.01579024 val_mse=0.01107537 val_mae=0.06695744 | peer_val_mse=0.00001140 peer_val_mae=0.00234668
[operator_burgers_relay_v1/burgers_relay_hotspot] [operator][epoch 125] lambda=0.0250 relay_stage=finetune relay_scale=0.000 relay_hotspot=0.9681 train_mse=0.00735376 val_mse=0.00820320 val_mae=0.05273451 | peer_val_mse=0.00001140 peer_val_mae=0.00234668
[operator_burgers_relay_v1/burgers_relay_hotspot] [operator][epoch 126] lambda=0.0250 relay_stage=finetune relay_scale=0.000 relay_hotspot=0.9616 train_mse=0.00643858 val_mse=0.00799956 val_mae=0.05270185 | peer_val_mse=0.00001140 peer_val_mae=0.00234668
[operator_burgers_relay_v1/burgers_relay_hotspot] [operator][epoch 127] lambda=0.0250 relay_stage=finetune relay_scale=0.000 relay_hotspot=0.9632 train_mse=0.00629263 val_mse=0.00813047 val_mae=0.05225569 | peer_val_mse=0.00001140 peer_val_mae=0.00234668
[operator_burgers_relay_v1/burgers_relay_hotspot] [operator][epoch 128] lambda=0.0250 relay_stage=finetune relay_scale=0.000 relay_hotspot=0.9562 train_mse=0.00493631 val_mse=0.00620339 val_mae=0.04201691 | peer_val_mse=0.00001140 peer_val_mae=0.00234668
[operator_burgers_relay_v1/burgers_relay_hotspot] [operator][epoch 129] lambda=0.0250 relay_stage=finetune relay_scale=0.000 relay_hotspot=0.9502 train_mse=0.00452015 val_mse=0.00615139 val_mae=0.04359460 | peer_val_mse=0.00001140 peer_val_mae=0.00234668
[operator_burgers_relay_v1/burgers_relay_hotspot] [operator][epoch 130] lambda=0.0250 relay_stage=finetune relay_scale=0.000 relay_hotspot=0.9494 train_mse=0.00438310 val_mse=0.00668777 val_mae=0.04682744 | peer_val_mse=0.00001140 peer_val_mae=0.00234668
[operator_burgers_relay_v1/burgers_relay_hotspot] [operator][epoch 131] lambda=0.0250 relay_stage=finetune relay_scale=0.000 relay_hotspot=0.9611 train_mse=0.00544902 val_mse=0.00628606 val_mae=0.04328615 | peer_val_mse=0.00001140 peer_val_mae=0.00234668
[operator_burgers_relay_v1/burgers_relay_hotspot] [operator][epoch 132] lambda=0.0250 relay_stage=finetune relay_scale=0.000 relay_hotspot=0.9556 train_mse=0.00477569 val_mse=0.00628943 val_mae=0.04419010 | peer_val_mse=0.00001140 peer_val_mae=0.00234668
[operator_burgers_relay_v1/burgers_relay_hotspot] [operator][epoch 133] lambda=0.0250 relay_stage=finetune relay_scale=0.000 relay_hotspot=0.9500 train_mse=0.00433359 val_mse=0.00580882 val_mae=0.04083411 | peer_val_mse=0.00001140 peer_val_mae=0.00234668
[operator_burgers_relay_v1/burgers_relay_hotspot] [operator][epoch 134] lambda=0.0250 relay_stage=finetune relay_scale=0.000 relay_hotspot=0.9493 train_mse=0.00448968 val_mse=0.00691708 val_mae=0.04740044 | peer_val_mse=0.00001140 peer_val_mae=0.00234668
[operator_burgers_relay_v1/burgers_relay_hotspot] [operator][epoch 135] lambda=0.0250 relay_stage=finetune relay_scale=0.000 relay_hotspot=0.9577 train_mse=0.00495111 val_mse=0.00646582 val_mae=0.04498570 | peer_val_mse=0.00001140 peer_val_mae=0.00234668
[operator_burgers_relay_v1/burgers_relay_hotspot] [operator][epoch 136] lambda=0.0250 relay_stage=finetune relay_scale=0.000 relay_hotspot=0.9597 train_mse=0.00482012 val_mse=0.00631860 val_mae=0.04341252 | peer_val_mse=0.00001140 peer_val_mae=0.00234668
[operator_burgers_relay_v1/burgers_relay_hotspot] [operator][epoch 137] lambda=0.0250 relay_stage=finetune relay_scale=0.000 relay_hotspot=0.9519 train_mse=0.00463605 val_mse=0.00636258 val_mae=0.04310815 | peer_val_mse=0.00001140 peer_val_mae=0.00234668
[operator_burgers_relay_v1/burgers_relay_hotspot] [operator][epoch 138] lambda=0.0250 relay_stage=finetune relay_scale=0.000 relay_hotspot=0.9570 train_mse=0.00496391 val_mse=0.00674685 val_mae=0.04806440 | peer_val_mse=0.00001140 peer_val_mae=0.00234668
[operator_burgers_relay_v1/burgers_relay_hotspot] [operator][epoch 139] lambda=0.0250 relay_stage=finetune relay_scale=0.000 relay_hotspot=0.9540 train_mse=0.00451039 val_mse=0.00649636 val_mae=0.04524054 | peer_val_mse=0.00001140 peer_val_mae=0.00234668
[operator_burgers_relay_v1/burgers_relay_hotspot] [operator][epoch 140] lambda=0.0250 relay_stage=finetune relay_scale=0.000 relay_hotspot=0.9498 train_mse=0.00425549 val_mse=0.00669437 val_mae=0.04629748 | peer_val_mse=0.00001140 peer_val_mae=0.00234668
[operator_burgers_relay_v1/burgers_relay_hotspot] [operator][epoch 140] updated live plot
[operator_burgers_relay_v1/burgers_relay_hotspot] [operator] done
[operator_burgers_relay_v1/burgers_relay_hotspot] [operator] dataset=burgers pair=deeponet:fno method=ssml seed=1
[operator_burgers_relay_v1/burgers_relay_hotspot] [operator] loaded init_checkpoint=results/operator_burgers_followup_v1/burgers_l005_m0_w12_d60_120_ow1/operator/burgers/deeponet_independent_mse_seed1/model.pt
[operator_burgers_relay_v1/burgers_relay_hotspot] [operator] loaded peer_init_checkpoint=results/operator_burgers_followup_v1/burgers_l005_m0_w12_d60_120_ow1/operator/burgers/fno_independent_mse_seed1/model.pt
[operator_burgers_relay_v1/burgers_relay_hotspot] [operator] run_dir=results/operator_burgers_relay_v1/burgers_relay_hotspot/operator/burgers/deeponet__fno_ssml_mse_seed1
[operator_burgers_relay_v1/burgers_relay_hotspot] [operator] params=198656
[operator_burgers_relay_v1/burgers_relay_hotspot] [operator] granularity=element student_only=True freeze_peer=True peer_updates_disabled=True relay_stage_epochs=(30, 40, 35) relay_hint_mode=hotspot relay_taper_schedule=cosine
[operator_burgers_relay_v1/burgers_relay_hotspot] [operator][epoch 001] lambda=0.0250 relay_stage=control relay_scale=0.000 relay_hotspot=0.9930 train_mse=0.02516571 val_mse=0.02261281 val_mae=0.10178707 | peer_val_mse=0.00000429 peer_val_mae=0.00126268
[operator_burgers_relay_v1/burgers_relay_hotspot] [operator][epoch 002] lambda=0.0250 relay_stage=control relay_scale=0.000 relay_hotspot=0.9915 train_mse=0.02023315 val_mse=0.01914511 val_mae=0.09320818 | peer_val_mse=0.00000429 peer_val_mae=0.00126268
[operator_burgers_relay_v1/burgers_relay_hotspot] [operator][epoch 003] lambda=0.0250 relay_stage=control relay_scale=0.000 relay_hotspot=0.9911 train_mse=0.01735687 val_mse=0.01666274 val_mae=0.08532257 | peer_val_mse=0.00000429 peer_val_mae=0.00126268
[operator_burgers_relay_v1/burgers_relay_hotspot] [operator][epoch 004] lambda=0.0250 relay_stage=control relay_scale=0.000 relay_hotspot=0.9897 train_mse=0.01636984 val_mse=0.01786156 val_mae=0.09216733 | peer_val_mse=0.00000429 peer_val_mae=0.00126268
[operator_burgers_relay_v1/burgers_relay_hotspot] [operator][epoch 005] lambda=0.0250 relay_stage=control relay_scale=0.000 relay_hotspot=0.9901 train_mse=0.01562962 val_mse=0.01472635 val_mae=0.07964338 | peer_val_mse=0.00000429 peer_val_mae=0.00126268
[operator_burgers_relay_v1/burgers_relay_hotspot] [operator][epoch 006] lambda=0.0250 relay_stage=control relay_scale=0.000 relay_hotspot=0.9901 train_mse=0.01463336 val_mse=0.01387694 val_mae=0.07472102 | peer_val_mse=0.00000429 peer_val_mae=0.00126268
[operator_burgers_relay_v1/burgers_relay_hotspot] [operator][epoch 007] lambda=0.0250 relay_stage=control relay_scale=0.000 relay_hotspot=0.9896 train_mse=0.01421058 val_mse=0.01438226 val_mae=0.07955071 | peer_val_mse=0.00000429 peer_val_mae=0.00126268
[operator_burgers_relay_v1/burgers_relay_hotspot] [operator][epoch 008] lambda=0.0250 relay_stage=control relay_scale=0.000 relay_hotspot=0.9889 train_mse=0.01297270 val_mse=0.01304703 val_mae=0.07336175 | peer_val_mse=0.00000429 peer_val_mae=0.00126268
[operator_burgers_relay_v1/burgers_relay_hotspot] [operator][epoch 009] lambda=0.0250 relay_stage=control relay_scale=0.000 relay_hotspot=0.9894 train_mse=0.01333597 val_mse=0.01447266 val_mae=0.08186667 | peer_val_mse=0.00000429 peer_val_mae=0.00126268
[operator_burgers_relay_v1/burgers_relay_hotspot] [operator][epoch 010] lambda=0.0250 relay_stage=control relay_scale=0.000 relay_hotspot=0.9898 train_mse=0.01369420 val_mse=0.01249329 val_mae=0.07196373 | peer_val_mse=0.00000429 peer_val_mae=0.00126268
[operator_burgers_relay_v1/burgers_relay_hotspot] [operator][epoch 011] lambda=0.0250 relay_stage=control relay_scale=0.000 relay_hotspot=0.9887 train_mse=0.01296949 val_mse=0.01342246 val_mae=0.07565690 | peer_val_mse=0.00000429 peer_val_mae=0.00126268
[operator_burgers_relay_v1/burgers_relay_hotspot] [operator][epoch 012] lambda=0.0250 relay_stage=control relay_scale=0.000 relay_hotspot=0.9893 train_mse=0.01345051 val_mse=0.01231683 val_mae=0.07227425 | peer_val_mse=0.00000429 peer_val_mae=0.00126268
[operator_burgers_relay_v1/burgers_relay_hotspot] [operator][epoch 013] lambda=0.0250 relay_stage=control relay_scale=0.000 relay_hotspot=0.9883 train_mse=0.01187308 val_mse=0.01278111 val_mae=0.07264986 | peer_val_mse=0.00000429 peer_val_mae=0.00126268
[operator_burgers_relay_v1/burgers_relay_hotspot] [operator][epoch 014] lambda=0.0250 relay_stage=control relay_scale=0.000 relay_hotspot=0.9885 train_mse=0.01172708 val_mse=0.01186408 val_mae=0.07073895 | peer_val_mse=0.00000429 peer_val_mae=0.00126268
[operator_burgers_relay_v1/burgers_relay_hotspot] [operator][epoch 015] lambda=0.0250 relay_stage=control relay_scale=0.000 relay_hotspot=0.9882 train_mse=0.01164133 val_mse=0.01064774 val_mae=0.06674592 | peer_val_mse=0.00000429 peer_val_mae=0.00126268
[operator_burgers_relay_v1/burgers_relay_hotspot] [operator][epoch 016] lambda=0.0250 relay_stage=control relay_scale=0.000 relay_hotspot=0.9876 train_mse=0.01094973 val_mse=0.01064558 val_mae=0.06784431 | peer_val_mse=0.00000429 peer_val_mae=0.00126268
[operator_burgers_relay_v1/burgers_relay_hotspot] [operator][epoch 017] lambda=0.0250 relay_stage=control relay_scale=0.000 relay_hotspot=0.9869 train_mse=0.01017150 val_mse=0.01013085 val_mae=0.06435035 | peer_val_mse=0.00000429 peer_val_mae=0.00126268
[operator_burgers_relay_v1/burgers_relay_hotspot] [operator][epoch 018] lambda=0.0250 relay_stage=control relay_scale=0.000 relay_hotspot=0.9885 train_mse=0.01190775 val_mse=0.01089112 val_mae=0.06628466 | peer_val_mse=0.00000429 peer_val_mae=0.00126268
[operator_burgers_relay_v1/burgers_relay_hotspot] [operator][epoch 019] lambda=0.0250 relay_stage=control relay_scale=0.000 relay_hotspot=0.9874 train_mse=0.01044240 val_mse=0.01003631 val_mae=0.06357274 | peer_val_mse=0.00000429 peer_val_mae=0.00126268
[operator_burgers_relay_v1/burgers_relay_hotspot] [operator][epoch 020] lambda=0.0250 relay_stage=control relay_scale=0.000 relay_hotspot=0.9860 train_mse=0.00927615 val_mse=0.00985674 val_mae=0.06130632 | peer_val_mse=0.00000429 peer_val_mae=0.00126268
[operator_burgers_relay_v1/burgers_relay_hotspot] [operator][epoch 020] updated live plot
[operator_burgers_relay_v1/burgers_relay_hotspot] [operator][epoch 021] lambda=0.0250 relay_stage=control relay_scale=0.000 relay_hotspot=0.9859 train_mse=0.00960830 val_mse=0.00943936 val_mae=0.06147992 | peer_val_mse=0.00000429 peer_val_mae=0.00126268
[operator_burgers_relay_v1/burgers_relay_hotspot] [operator][epoch 022] lambda=0.0250 relay_stage=control relay_scale=0.000 relay_hotspot=0.9856 train_mse=0.00892086 val_mse=0.00885778 val_mae=0.05843994 | peer_val_mse=0.00000429 peer_val_mae=0.00126268
[operator_burgers_relay_v1/burgers_relay_hotspot] [operator][epoch 023] lambda=0.0250 relay_stage=control relay_scale=0.000 relay_hotspot=0.9850 train_mse=0.00888414 val_mse=0.01138928 val_mae=0.06793414 | peer_val_mse=0.00000429 peer_val_mae=0.00126268
[operator_burgers_relay_v1/burgers_relay_hotspot] [operator][epoch 024] lambda=0.0250 relay_stage=control relay_scale=0.000 relay_hotspot=0.9870 train_mse=0.00952394 val_mse=0.00978421 val_mae=0.06338613 | peer_val_mse=0.00000429 peer_val_mae=0.00126268
[operator_burgers_relay_v1/burgers_relay_hotspot] [operator][epoch 025] lambda=0.0250 relay_stage=control relay_scale=0.000 relay_hotspot=0.9867 train_mse=0.01006890 val_mse=0.00952671 val_mae=0.06317838 | peer_val_mse=0.00000429 peer_val_mae=0.00126268
[operator_burgers_relay_v1/burgers_relay_hotspot] [operator][epoch 026] lambda=0.0250 relay_stage=control relay_scale=0.000 relay_hotspot=0.9886 train_mse=0.01157065 val_mse=0.01286008 val_mae=0.07888235 | peer_val_mse=0.00000429 peer_val_mae=0.00126268
[operator_burgers_relay_v1/burgers_relay_hotspot] [operator][epoch 027] lambda=0.0250 relay_stage=control relay_scale=0.000 relay_hotspot=0.9870 train_mse=0.00970138 val_mse=0.01170877 val_mae=0.06743588 | peer_val_mse=0.00000429 peer_val_mae=0.00126268
[operator_burgers_relay_v1/burgers_relay_hotspot] [operator][epoch 028] lambda=0.0250 relay_stage=control relay_scale=0.000 relay_hotspot=0.9857 train_mse=0.00912832 val_mse=0.01002526 val_mae=0.06513246 | peer_val_mse=0.00000429 peer_val_mae=0.00126268
[operator_burgers_relay_v1/burgers_relay_hotspot] [operator][epoch 029] lambda=0.0250 relay_stage=control relay_scale=0.000 relay_hotspot=0.9851 train_mse=0.00825138 val_mse=0.00860748 val_mae=0.05725560 | peer_val_mse=0.00000429 peer_val_mae=0.00126268
[operator_burgers_relay_v1/burgers_relay_hotspot] [operator][epoch 030] lambda=0.0250 relay_stage=control relay_scale=0.000 relay_hotspot=0.9858 train_mse=0.00851800 val_mse=0.00821526 val_mae=0.05808957 | peer_val_mse=0.00000429 peer_val_mae=0.00126268
[operator_burgers_relay_v1/burgers_relay_hotspot] [operator][epoch 031] lambda=0.0250 relay_stage=relay relay_scale=1.000 relay_hotspot=0.9851 train_mse=0.00891642 val_mse=0.00955956 val_mae=0.06295978 | peer_val_mse=0.00000429 peer_val_mae=0.00126268
[operator_burgers_relay_v1/burgers_relay_hotspot] [operator][epoch 032] lambda=0.0250 relay_stage=relay relay_scale=1.000 relay_hotspot=0.9857 train_mse=0.00860199 val_mse=0.01148368 val_mae=0.06900880 | peer_val_mse=0.00000429 peer_val_mae=0.00126268
[operator_burgers_relay_v1/burgers_relay_hotspot] [operator][epoch 033] lambda=0.0250 relay_stage=relay relay_scale=1.000 relay_hotspot=0.9875 train_mse=0.01006098 val_mse=0.00892831 val_mae=0.05804511 | peer_val_mse=0.00000429 peer_val_mae=0.00126268
[operator_burgers_relay_v1/burgers_relay_hotspot] [operator][epoch 034] lambda=0.0250 relay_stage=relay relay_scale=1.000 relay_hotspot=0.9862 train_mse=0.00886014 val_mse=0.00924750 val_mae=0.06031668 | peer_val_mse=0.00000429 peer_val_mae=0.00126268
[operator_burgers_relay_v1/burgers_relay_hotspot] [operator][epoch 035] lambda=0.0250 relay_stage=relay relay_scale=1.000 relay_hotspot=0.9856 train_mse=0.00879985 val_mse=0.00861737 val_mae=0.05772338 | peer_val_mse=0.00000429 peer_val_mae=0.00126268
[operator_burgers_relay_v1/burgers_relay_hotspot] [operator][epoch 036] lambda=0.0250 relay_stage=relay relay_scale=1.000 relay_hotspot=0.9844 train_mse=0.00819071 val_mse=0.00750825 val_mae=0.05373360 | peer_val_mse=0.00000429 peer_val_mae=0.00126268
[operator_burgers_relay_v1/burgers_relay_hotspot] [operator][epoch 037] lambda=0.0250 relay_stage=relay relay_scale=1.000 relay_hotspot=0.9839 train_mse=0.00758033 val_mse=0.00762656 val_mae=0.05373308 | peer_val_mse=0.00000429 peer_val_mae=0.00126268
[operator_burgers_relay_v1/burgers_relay_hotspot] [operator][epoch 038] lambda=0.0250 relay_stage=relay relay_scale=1.000 relay_hotspot=0.9822 train_mse=0.00765999 val_mse=0.00858778 val_mae=0.05832183 | peer_val_mse=0.00000429 peer_val_mae=0.00126268
[operator_burgers_relay_v1/burgers_relay_hotspot] [operator][epoch 039] lambda=0.0250 relay_stage=relay relay_scale=1.000 relay_hotspot=0.9850 train_mse=0.00876469 val_mse=0.01040508 val_mae=0.07071602 | peer_val_mse=0.00000429 peer_val_mae=0.00126268
[operator_burgers_relay_v1/burgers_relay_hotspot] [operator][epoch 040] lambda=0.0250 relay_stage=relay relay_scale=1.000 relay_hotspot=0.9855 train_mse=0.00866365 val_mse=0.01044193 val_mae=0.06496714 | peer_val_mse=0.00000429 peer_val_mae=0.00126268
[operator_burgers_relay_v1/burgers_relay_hotspot] [operator][epoch 040] updated live plot
[operator_burgers_relay_v1/burgers_relay_hotspot] [operator][epoch 041] lambda=0.0250 relay_stage=relay relay_scale=1.000 relay_hotspot=0.9855 train_mse=0.00845060 val_mse=0.00813595 val_mae=0.05539116 | peer_val_mse=0.00000429 peer_val_mae=0.00126268
[operator_burgers_relay_v1/burgers_relay_hotspot] [operator][epoch 042] lambda=0.0250 relay_stage=relay relay_scale=1.000 relay_hotspot=0.9835 train_mse=0.00783868 val_mse=0.00798672 val_mae=0.05664370 | peer_val_mse=0.00000429 peer_val_mae=0.00126268
[operator_burgers_relay_v1/burgers_relay_hotspot] [operator][epoch 043] lambda=0.0250 relay_stage=relay relay_scale=1.000 relay_hotspot=0.9871 train_mse=0.01142473 val_mse=0.01066324 val_mae=0.06906290 | peer_val_mse=0.00000429 peer_val_mae=0.00126268
[operator_burgers_relay_v1/burgers_relay_hotspot] [operator][epoch 044] lambda=0.0250 relay_stage=relay relay_scale=1.000 relay_hotspot=0.9875 train_mse=0.00938533 val_mse=0.00775393 val_mae=0.05528813 | peer_val_mse=0.00000429 peer_val_mae=0.00126268
[operator_burgers_relay_v1/burgers_relay_hotspot] [operator][epoch 045] lambda=0.0250 relay_stage=relay relay_scale=1.000 relay_hotspot=0.9849 train_mse=0.00806045 val_mse=0.00767118 val_mae=0.05130401 | peer_val_mse=0.00000429 peer_val_mae=0.00126268
[operator_burgers_relay_v1/burgers_relay_hotspot] [operator][epoch 046] lambda=0.0250 relay_stage=relay relay_scale=1.000 relay_hotspot=0.9851 train_mse=0.00789644 val_mse=0.00716062 val_mae=0.05153292 | peer_val_mse=0.00000429 peer_val_mae=0.00126268
[operator_burgers_relay_v1/burgers_relay_hotspot] [operator][epoch 047] lambda=0.0250 relay_stage=relay relay_scale=1.000 relay_hotspot=0.9820 train_mse=0.00681925 val_mse=0.00685546 val_mae=0.05033119 | peer_val_mse=0.00000429 peer_val_mae=0.00126268
[operator_burgers_relay_v1/burgers_relay_hotspot] [operator][epoch 048] lambda=0.0250 relay_stage=relay relay_scale=1.000 relay_hotspot=0.9830 train_mse=0.00707252 val_mse=0.00676763 val_mae=0.05008435 | peer_val_mse=0.00000429 peer_val_mae=0.00126268
[operator_burgers_relay_v1/burgers_relay_hotspot] [operator][epoch 049] lambda=0.0250 relay_stage=relay relay_scale=1.000 relay_hotspot=0.9826 train_mse=0.00685742 val_mse=0.00765999 val_mae=0.05214423 | peer_val_mse=0.00000429 peer_val_mae=0.00126268
[operator_burgers_relay_v1/burgers_relay_hotspot] [operator][epoch 050] lambda=0.0250 relay_stage=relay relay_scale=1.000 relay_hotspot=0.9819 train_mse=0.00688304 val_mse=0.00882744 val_mae=0.06306482 | peer_val_mse=0.00000429 peer_val_mae=0.00126268
[operator_burgers_relay_v1/burgers_relay_hotspot] [operator][epoch 051] lambda=0.0250 relay_stage=relay relay_scale=1.000 relay_hotspot=0.9849 train_mse=0.00830191 val_mse=0.00874404 val_mae=0.05862607 | peer_val_mse=0.00000429 peer_val_mae=0.00126268
[operator_burgers_relay_v1/burgers_relay_hotspot] [operator][epoch 052] lambda=0.0250 relay_stage=relay relay_scale=1.000 relay_hotspot=0.9851 train_mse=0.00826128 val_mse=0.01050545 val_mae=0.06720978 | peer_val_mse=0.00000429 peer_val_mae=0.00126268
[operator_burgers_relay_v1/burgers_relay_hotspot] [operator][epoch 053] lambda=0.0250 relay_stage=relay relay_scale=1.000 relay_hotspot=0.9856 train_mse=0.00838189 val_mse=0.00776375 val_mae=0.05598495 | peer_val_mse=0.00000429 peer_val_mae=0.00126268
[operator_burgers_relay_v1/burgers_relay_hotspot] [operator][epoch 054] lambda=0.0250 relay_stage=relay relay_scale=1.000 relay_hotspot=0.9840 train_mse=0.00760979 val_mse=0.00875712 val_mae=0.06012869 | peer_val_mse=0.00000429 peer_val_mae=0.00126268
[operator_burgers_relay_v1/burgers_relay_hotspot] [operator][epoch 055] lambda=0.0250 relay_stage=relay relay_scale=1.000 relay_hotspot=0.9858 train_mse=0.00907669 val_mse=0.00774648 val_mae=0.05418210 | peer_val_mse=0.00000429 peer_val_mae=0.00126268
[operator_burgers_relay_v1/burgers_relay_hotspot] [operator][epoch 056] lambda=0.0250 relay_stage=relay relay_scale=1.000 relay_hotspot=0.9842 train_mse=0.00730587 val_mse=0.00696419 val_mae=0.05090610 | peer_val_mse=0.00000429 peer_val_mae=0.00126268
[operator_burgers_relay_v1/burgers_relay_hotspot] [operator][epoch 057] lambda=0.0250 relay_stage=relay relay_scale=1.000 relay_hotspot=0.9838 train_mse=0.00704513 val_mse=0.00720405 val_mae=0.05260187 | peer_val_mse=0.00000429 peer_val_mae=0.00126268
[operator_burgers_relay_v1/burgers_relay_hotspot] [operator][epoch 058] lambda=0.0250 relay_stage=relay relay_scale=1.000 relay_hotspot=0.9808 train_mse=0.00626242 val_mse=0.00693777 val_mae=0.05087366 | peer_val_mse=0.00000429 peer_val_mae=0.00126268
[operator_burgers_relay_v1/burgers_relay_hotspot] [operator][epoch 059] lambda=0.0250 relay_stage=relay relay_scale=1.000 relay_hotspot=0.9811 train_mse=0.00620593 val_mse=0.00641529 val_mae=0.04947525 | peer_val_mse=0.00000429 peer_val_mae=0.00126268
[operator_burgers_relay_v1/burgers_relay_hotspot] [operator][epoch 060] lambda=0.0250 relay_stage=relay relay_scale=1.000 relay_hotspot=0.9826 train_mse=0.00674378 val_mse=0.00833827 val_mae=0.05939639 | peer_val_mse=0.00000429 peer_val_mae=0.00126268
[operator_burgers_relay_v1/burgers_relay_hotspot] [operator][epoch 060] updated live plot
[operator_burgers_relay_v1/burgers_relay_hotspot] [operator][epoch 061] lambda=0.0250 relay_stage=relay relay_scale=1.000 relay_hotspot=0.9847 train_mse=0.00807684 val_mse=0.00758696 val_mae=0.05459191 | peer_val_mse=0.00000429 peer_val_mae=0.00126268
[operator_burgers_relay_v1/burgers_relay_hotspot] [operator][epoch 062] lambda=0.0250 relay_stage=relay relay_scale=1.000 relay_hotspot=0.9857 train_mse=0.00756793 val_mse=0.00698765 val_mae=0.05161032 | peer_val_mse=0.00000429 peer_val_mae=0.00126268
[operator_burgers_relay_v1/burgers_relay_hotspot] [operator][epoch 063] lambda=0.0250 relay_stage=relay relay_scale=1.000 relay_hotspot=0.9829 train_mse=0.00705665 val_mse=0.00698571 val_mae=0.05218010 | peer_val_mse=0.00000429 peer_val_mae=0.00126268
[operator_burgers_relay_v1/burgers_relay_hotspot] [operator][epoch 064] lambda=0.0250 relay_stage=relay relay_scale=1.000 relay_hotspot=0.9819 train_mse=0.00615350 val_mse=0.00604944 val_mae=0.04680336 | peer_val_mse=0.00000429 peer_val_mae=0.00126268
[operator_burgers_relay_v1/burgers_relay_hotspot] [operator][epoch 065] lambda=0.0250 relay_stage=relay relay_scale=1.000 relay_hotspot=0.9812 train_mse=0.00601895 val_mse=0.00669616 val_mae=0.05138450 | peer_val_mse=0.00000429 peer_val_mae=0.00126268
[operator_burgers_relay_v1/burgers_relay_hotspot] [operator][epoch 066] lambda=0.0250 relay_stage=relay relay_scale=1.000 relay_hotspot=0.9809 train_mse=0.00589239 val_mse=0.00590843 val_mae=0.04599323 | peer_val_mse=0.00000429 peer_val_mae=0.00126268
[operator_burgers_relay_v1/burgers_relay_hotspot] [operator][epoch 067] lambda=0.0250 relay_stage=relay relay_scale=1.000 relay_hotspot=0.9809 train_mse=0.00570743 val_mse=0.00712038 val_mae=0.05149340 | peer_val_mse=0.00000429 peer_val_mae=0.00126268
[operator_burgers_relay_v1/burgers_relay_hotspot] [operator][epoch 068] lambda=0.0250 relay_stage=relay relay_scale=1.000 relay_hotspot=0.9834 train_mse=0.00659345 val_mse=0.00678965 val_mae=0.05275697 | peer_val_mse=0.00000429 peer_val_mae=0.00126268
[operator_burgers_relay_v1/burgers_relay_hotspot] [operator][epoch 069] lambda=0.0250 relay_stage=relay relay_scale=1.000 relay_hotspot=0.9820 train_mse=0.00592253 val_mse=0.00606836 val_mae=0.04617746 | peer_val_mse=0.00000429 peer_val_mae=0.00126268
[operator_burgers_relay_v1/burgers_relay_hotspot] [operator][epoch 070] lambda=0.0250 relay_stage=relay relay_scale=1.000 relay_hotspot=0.9821 train_mse=0.00649915 val_mse=0.00650907 val_mae=0.04913466 | peer_val_mse=0.00000429 peer_val_mae=0.00126268
[operator_burgers_relay_v1/burgers_relay_hotspot] [operator][epoch 071] lambda=0.0250 relay_stage=taper relay_scale=1.000 relay_hotspot=0.9825 train_mse=0.00624333 val_mse=0.00668672 val_mae=0.05049810 | peer_val_mse=0.00000429 peer_val_mae=0.00126268
[operator_burgers_relay_v1/burgers_relay_hotspot] [operator][epoch 072] lambda=0.0250 relay_stage=taper relay_scale=0.998 relay_hotspot=0.9851 train_mse=0.00788669 val_mse=0.00822447 val_mae=0.05900946 | peer_val_mse=0.00000429 peer_val_mae=0.00126268
[operator_burgers_relay_v1/burgers_relay_hotspot] [operator][epoch 073] lambda=0.0250 relay_stage=taper relay_scale=0.991 relay_hotspot=0.9828 train_mse=0.00647089 val_mse=0.00557392 val_mae=0.04437171 | peer_val_mse=0.00000429 peer_val_mae=0.00126268
[operator_burgers_relay_v1/burgers_relay_hotspot] [operator][epoch 074] lambda=0.0250 relay_stage=taper relay_scale=0.981 relay_hotspot=0.9824 train_mse=0.00653318 val_mse=0.00734008 val_mae=0.05509164 | peer_val_mse=0.00000429 peer_val_mae=0.00126268
[operator_burgers_relay_v1/burgers_relay_hotspot] [operator][epoch 075] lambda=0.0250 relay_stage=taper relay_scale=0.966 relay_hotspot=0.9832 train_mse=0.00653876 val_mse=0.00752023 val_mae=0.05210200 | peer_val_mse=0.00000429 peer_val_mae=0.00126268
[operator_burgers_relay_v1/burgers_relay_hotspot] [operator][epoch 076] lambda=0.0250 relay_stage=taper relay_scale=0.948 relay_hotspot=0.9836 train_mse=0.00724226 val_mse=0.00666905 val_mae=0.05214214 | peer_val_mse=0.00000429 peer_val_mae=0.00126268
[operator_burgers_relay_v1/burgers_relay_hotspot] [operator][epoch 077] lambda=0.0250 relay_stage=taper relay_scale=0.925 relay_hotspot=0.9805 train_mse=0.00577431 val_mse=0.00579480 val_mae=0.04668468 | peer_val_mse=0.00000429 peer_val_mae=0.00126268
[operator_burgers_relay_v1/burgers_relay_hotspot] [operator][epoch 078] lambda=0.0250 relay_stage=taper relay_scale=0.899 relay_hotspot=0.9798 train_mse=0.00520594 val_mse=0.00548430 val_mae=0.04298883 | peer_val_mse=0.00000429 peer_val_mae=0.00126268
[operator_burgers_relay_v1/burgers_relay_hotspot] [operator][epoch 079] lambda=0.0250 relay_stage=taper relay_scale=0.870 relay_hotspot=0.9802 train_mse=0.00565356 val_mse=0.00617302 val_mae=0.04918579 | peer_val_mse=0.00000429 peer_val_mae=0.00126268
[operator_burgers_relay_v1/burgers_relay_hotspot] [operator][epoch 080] lambda=0.0250 relay_stage=taper relay_scale=0.837 relay_hotspot=0.9797 train_mse=0.00551442 val_mse=0.00555129 val_mae=0.04616990 | peer_val_mse=0.00000429 peer_val_mae=0.00126268
[operator_burgers_relay_v1/burgers_relay_hotspot] [operator][epoch 080] updated live plot
[operator_burgers_relay_v1/burgers_relay_hotspot] [operator][epoch 081] lambda=0.0250 relay_stage=taper relay_scale=0.801 relay_hotspot=0.9793 train_mse=0.00546178 val_mse=0.00556121 val_mae=0.04545878 | peer_val_mse=0.00000429 peer_val_mae=0.00126268
[operator_burgers_relay_v1/burgers_relay_hotspot] [operator][epoch 082] lambda=0.0250 relay_stage=taper relay_scale=0.763 relay_hotspot=0.9791 train_mse=0.00537923 val_mse=0.00543596 val_mae=0.04529813 | peer_val_mse=0.00000429 peer_val_mae=0.00126268
[operator_burgers_relay_v1/burgers_relay_hotspot] [operator][epoch 083] lambda=0.0250 relay_stage=taper relay_scale=0.723 relay_hotspot=0.9801 train_mse=0.00580318 val_mse=0.00743492 val_mae=0.05362054 | peer_val_mse=0.00000429 peer_val_mae=0.00126268
[operator_burgers_relay_v1/burgers_relay_hotspot] [operator][epoch 084] lambda=0.0250 relay_stage=taper relay_scale=0.681 relay_hotspot=0.9830 train_mse=0.00636839 val_mse=0.00680247 val_mae=0.05121291 | peer_val_mse=0.00000429 peer_val_mae=0.00126268
[operator_burgers_relay_v1/burgers_relay_hotspot] [operator][epoch 085] lambda=0.0250 relay_stage=taper relay_scale=0.637 relay_hotspot=0.9831 train_mse=0.00637077 val_mse=0.00564068 val_mae=0.04549710 | peer_val_mse=0.00000429 peer_val_mae=0.00126268
[operator_burgers_relay_v1/burgers_relay_hotspot] [operator][epoch 086] lambda=0.0250 relay_stage=taper relay_scale=0.592 relay_hotspot=0.9828 train_mse=0.00600329 val_mse=0.00667721 val_mae=0.05291813 | peer_val_mse=0.00000429 peer_val_mae=0.00126268
[operator_burgers_relay_v1/burgers_relay_hotspot] [operator][epoch 087] lambda=0.0250 relay_stage=taper relay_scale=0.546 relay_hotspot=0.9866 train_mse=0.00888429 val_mse=0.00765386 val_mae=0.05611190 | peer_val_mse=0.00000429 peer_val_mae=0.00126268
[operator_burgers_relay_v1/burgers_relay_hotspot] [operator][epoch 088] lambda=0.0250 relay_stage=taper relay_scale=0.500 relay_hotspot=0.9841 train_mse=0.00672247 val_mse=0.00537571 val_mae=0.04347939 | peer_val_mse=0.00000429 peer_val_mae=0.00126268
[operator_burgers_relay_v1/burgers_relay_hotspot] [operator][epoch 089] lambda=0.0250 relay_stage=taper relay_scale=0.454 relay_hotspot=0.9783 train_mse=0.00517872 val_mse=0.00538095 val_mae=0.04237742 | peer_val_mse=0.00000429 peer_val_mae=0.00126268
[operator_burgers_relay_v1/burgers_relay_hotspot] [operator][epoch 090] lambda=0.0250 relay_stage=taper relay_scale=0.408 relay_hotspot=0.9782 train_mse=0.00532940 val_mse=0.00745681 val_mae=0.05168727 | peer_val_mse=0.00000429 peer_val_mae=0.00126268
[operator_burgers_relay_v1/burgers_relay_hotspot] [operator][epoch 091] lambda=0.0250 relay_stage=taper relay_scale=0.363 relay_hotspot=0.9827 train_mse=0.00664500 val_mse=0.00591539 val_mae=0.04810303 | peer_val_mse=0.00000429 peer_val_mae=0.00126268
[operator_burgers_relay_v1/burgers_relay_hotspot] [operator][epoch 092] lambda=0.0250 relay_stage=taper relay_scale=0.319 relay_hotspot=0.9808 train_mse=0.00553118 val_mse=0.00527633 val_mae=0.04287832 | peer_val_mse=0.00000429 peer_val_mae=0.00126268
[operator_burgers_relay_v1/burgers_relay_hotspot] [operator][epoch 093] lambda=0.0250 relay_stage=taper relay_scale=0.277 relay_hotspot=0.9779 train_mse=0.00485531 val_mse=0.00509182 val_mae=0.04302581 | peer_val_mse=0.00000429 peer_val_mae=0.00126268
[operator_burgers_relay_v1/burgers_relay_hotspot] [operator][epoch 094] lambda=0.0250 relay_stage=taper relay_scale=0.237 relay_hotspot=0.9796 train_mse=0.00530180 val_mse=0.00565427 val_mae=0.04563104 | peer_val_mse=0.00000429 peer_val_mae=0.00126268
[operator_burgers_relay_v1/burgers_relay_hotspot] [operator][epoch 095] lambda=0.0250 relay_stage=taper relay_scale=0.199 relay_hotspot=0.9824 train_mse=0.00622518 val_mse=0.00588632 val_mae=0.04828106 | peer_val_mse=0.00000429 peer_val_mae=0.00126268
[operator_burgers_relay_v1/burgers_relay_hotspot] [operator][epoch 096] lambda=0.0250 relay_stage=taper relay_scale=0.163 relay_hotspot=0.9790 train_mse=0.00539227 val_mse=0.00533964 val_mae=0.04429387 | peer_val_mse=0.00000429 peer_val_mae=0.00126268
[operator_burgers_relay_v1/burgers_relay_hotspot] [operator][epoch 097] lambda=0.0250 relay_stage=taper relay_scale=0.130 relay_hotspot=0.9791 train_mse=0.00502755 val_mse=0.00608203 val_mae=0.04684259 | peer_val_mse=0.00000429 peer_val_mae=0.00126268
[operator_burgers_relay_v1/burgers_relay_hotspot] [operator][epoch 098] lambda=0.0250 relay_stage=taper relay_scale=0.101 relay_hotspot=0.9806 train_mse=0.00547705 val_mse=0.00541557 val_mae=0.04405108 | peer_val_mse=0.00000429 peer_val_mae=0.00126268
[operator_burgers_relay_v1/burgers_relay_hotspot] [operator][epoch 099] lambda=0.0250 relay_stage=taper relay_scale=0.075 relay_hotspot=0.9773 train_mse=0.00490523 val_mse=0.00544196 val_mae=0.04484919 | peer_val_mse=0.00000429 peer_val_mae=0.00126268
[operator_burgers_relay_v1/burgers_relay_hotspot] [operator][epoch 100] lambda=0.0250 relay_stage=taper relay_scale=0.052 relay_hotspot=0.9770 train_mse=0.00484665 val_mse=0.00515163 val_mae=0.04297908 | peer_val_mse=0.00000429 peer_val_mae=0.00126268
[operator_burgers_relay_v1/burgers_relay_hotspot] [operator][epoch 100] updated live plot
[operator_burgers_relay_v1/burgers_relay_hotspot] [operator][epoch 101] lambda=0.0250 relay_stage=taper relay_scale=0.034 relay_hotspot=0.9776 train_mse=0.00496757 val_mse=0.00538285 val_mae=0.04335896 | peer_val_mse=0.00000429 peer_val_mae=0.00126268
[operator_burgers_relay_v1/burgers_relay_hotspot] [operator][epoch 102] lambda=0.0250 relay_stage=taper relay_scale=0.019 relay_hotspot=0.9778 train_mse=0.00495997 val_mse=0.00683194 val_mae=0.04882453 | peer_val_mse=0.00000429 peer_val_mae=0.00126268
[operator_burgers_relay_v1/burgers_relay_hotspot] [operator][epoch 103] lambda=0.0250 relay_stage=taper relay_scale=0.009 relay_hotspot=0.9789 train_mse=0.00527530 val_mse=0.00473467 val_mae=0.04086125 | peer_val_mse=0.00000429 peer_val_mae=0.00126268
[operator_burgers_relay_v1/burgers_relay_hotspot] [operator][epoch 104] lambda=0.0250 relay_stage=taper relay_scale=0.002 relay_hotspot=0.9781 train_mse=0.00505656 val_mse=0.00720112 val_mae=0.05150017 | peer_val_mse=0.00000429 peer_val_mae=0.00126268
[operator_burgers_relay_v1/burgers_relay_hotspot] [operator][epoch 105] lambda=0.0250 relay_stage=taper relay_scale=0.000 relay_hotspot=0.9829 train_mse=0.00720256 val_mse=0.00572495 val_mae=0.04536751 | peer_val_mse=0.00000429 peer_val_mae=0.00126268
[operator_burgers_relay_v1/burgers_relay_hotspot] [operator][epoch 106] lambda=0.0250 relay_stage=finetune relay_scale=0.000 relay_hotspot=0.9810 train_mse=0.00553003 val_mse=0.00567114 val_mae=0.04355743 | peer_val_mse=0.00000429 peer_val_mae=0.00126268
[operator_burgers_relay_v1/burgers_relay_hotspot] [operator][epoch 107] lambda=0.0250 relay_stage=finetune relay_scale=0.000 relay_hotspot=0.9785 train_mse=0.00512510 val_mse=0.00511630 val_mae=0.04320413 | peer_val_mse=0.00000429 peer_val_mae=0.00126268
[operator_burgers_relay_v1/burgers_relay_hotspot] [operator][epoch 108] lambda=0.0250 relay_stage=finetune relay_scale=0.000 relay_hotspot=0.9813 train_mse=0.00565635 val_mse=0.00632087 val_mae=0.05147087 | peer_val_mse=0.00000429 peer_val_mae=0.00126268
[operator_burgers_relay_v1/burgers_relay_hotspot] [operator][epoch 109] lambda=0.0250 relay_stage=finetune relay_scale=0.000 relay_hotspot=0.9844 train_mse=0.00654164 val_mse=0.00568546 val_mae=0.04668812 | peer_val_mse=0.00000429 peer_val_mae=0.00126268
[operator_burgers_relay_v1/burgers_relay_hotspot] [operator][epoch 110] lambda=0.0250 relay_stage=finetune relay_scale=0.000 relay_hotspot=0.9800 train_mse=0.00507657 val_mse=0.00576706 val_mae=0.04570403 | peer_val_mse=0.00000429 peer_val_mae=0.00126268
[operator_burgers_relay_v1/burgers_relay_hotspot] [operator][epoch 111] lambda=0.0250 relay_stage=finetune relay_scale=0.000 relay_hotspot=0.9792 train_mse=0.00527099 val_mse=0.00712207 val_mae=0.05455059 | peer_val_mse=0.00000429 peer_val_mae=0.00126268
[operator_burgers_relay_v1/burgers_relay_hotspot] [operator][epoch 112] lambda=0.0250 relay_stage=finetune relay_scale=0.000 relay_hotspot=0.9848 train_mse=0.00699634 val_mse=0.00624160 val_mae=0.04698003 | peer_val_mse=0.00000429 peer_val_mae=0.00126268
[operator_burgers_relay_v1/burgers_relay_hotspot] [operator][epoch 113] lambda=0.0250 relay_stage=finetune relay_scale=0.000 relay_hotspot=0.9799 train_mse=0.00519620 val_mse=0.00546719 val_mae=0.04309330 | peer_val_mse=0.00000429 peer_val_mae=0.00126268
[operator_burgers_relay_v1/burgers_relay_hotspot] [operator][epoch 114] lambda=0.0250 relay_stage=finetune relay_scale=0.000 relay_hotspot=0.9781 train_mse=0.00498944 val_mse=0.00504814 val_mae=0.04166222 | peer_val_mse=0.00000429 peer_val_mae=0.00126268
[operator_burgers_relay_v1/burgers_relay_hotspot] [operator][epoch 115] lambda=0.0250 relay_stage=finetune relay_scale=0.000 relay_hotspot=0.9773 train_mse=0.00476827 val_mse=0.00585178 val_mae=0.04694333 | peer_val_mse=0.00000429 peer_val_mae=0.00126268
[operator_burgers_relay_v1/burgers_relay_hotspot] [operator][epoch 116] lambda=0.0250 relay_stage=finetune relay_scale=0.000 relay_hotspot=0.9845 train_mse=0.00728500 val_mse=0.00924367 val_mae=0.06280369 | peer_val_mse=0.00000429 peer_val_mae=0.00126268
[operator_burgers_relay_v1/burgers_relay_hotspot] [operator][epoch 117] lambda=0.0250 relay_stage=finetune relay_scale=0.000 relay_hotspot=0.9824 train_mse=0.00607131 val_mse=0.00519874 val_mae=0.04345105 | peer_val_mse=0.00000429 peer_val_mae=0.00126268
[operator_burgers_relay_v1/burgers_relay_hotspot] [operator][epoch 118] lambda=0.0250 relay_stage=finetune relay_scale=0.000 relay_hotspot=0.9785 train_mse=0.00513115 val_mse=0.00507408 val_mae=0.04078891 | peer_val_mse=0.00000429 peer_val_mae=0.00126268
[operator_burgers_relay_v1/burgers_relay_hotspot] [operator][epoch 119] lambda=0.0250 relay_stage=finetune relay_scale=0.000 relay_hotspot=0.9761 train_mse=0.00441660 val_mse=0.00460868 val_mae=0.03792900 | peer_val_mse=0.00000429 peer_val_mae=0.00126268
[operator_burgers_relay_v1/burgers_relay_hotspot] [operator][epoch 120] lambda=0.0250 relay_stage=finetune relay_scale=0.000 relay_hotspot=0.9760 train_mse=0.00435618 val_mse=0.00449514 val_mae=0.03883106 | peer_val_mse=0.00000429 peer_val_mae=0.00126268
[operator_burgers_relay_v1/burgers_relay_hotspot] [operator][epoch 120] updated live plot
[operator_burgers_relay_v1/burgers_relay_hotspot] [operator][epoch 121] lambda=0.0250 relay_stage=finetune relay_scale=0.000 relay_hotspot=0.9754 train_mse=0.00440019 val_mse=0.00514011 val_mae=0.04277388 | peer_val_mse=0.00000429 peer_val_mae=0.00126268
[operator_burgers_relay_v1/burgers_relay_hotspot] [operator][epoch 122] lambda=0.0250 relay_stage=finetune relay_scale=0.000 relay_hotspot=0.9770 train_mse=0.00454539 val_mse=0.00516393 val_mae=0.04125662 | peer_val_mse=0.00000429 peer_val_mae=0.00126268
[operator_burgers_relay_v1/burgers_relay_hotspot] [operator][epoch 123] lambda=0.0250 relay_stage=finetune relay_scale=0.000 relay_hotspot=0.9787 train_mse=0.00493335 val_mse=0.00562056 val_mae=0.04738915 | peer_val_mse=0.00000429 peer_val_mae=0.00126268
[operator_burgers_relay_v1/burgers_relay_hotspot] [operator][epoch 124] lambda=0.0250 relay_stage=finetune relay_scale=0.000 relay_hotspot=0.9802 train_mse=0.00548350 val_mse=0.00613178 val_mae=0.04911736 | peer_val_mse=0.00000429 peer_val_mae=0.00126268
[operator_burgers_relay_v1/burgers_relay_hotspot] [operator][epoch 125] lambda=0.0250 relay_stage=finetune relay_scale=0.000 relay_hotspot=0.9792 train_mse=0.00521189 val_mse=0.00610152 val_mae=0.04736611 | peer_val_mse=0.00000429 peer_val_mae=0.00126268
[operator_burgers_relay_v1/burgers_relay_hotspot] [operator][epoch 126] lambda=0.0250 relay_stage=finetune relay_scale=0.000 relay_hotspot=0.9776 train_mse=0.00480225 val_mse=0.00518872 val_mae=0.04218840 | peer_val_mse=0.00000429 peer_val_mae=0.00126268
[operator_burgers_relay_v1/burgers_relay_hotspot] [operator][epoch 127] lambda=0.0250 relay_stage=finetune relay_scale=0.000 relay_hotspot=0.9796 train_mse=0.00523825 val_mse=0.00519098 val_mae=0.04490688 | peer_val_mse=0.00000429 peer_val_mae=0.00126268
[operator_burgers_relay_v1/burgers_relay_hotspot] [operator][epoch 128] lambda=0.0250 relay_stage=finetune relay_scale=0.000 relay_hotspot=0.9807 train_mse=0.00532099 val_mse=0.00541204 val_mae=0.04454423 | peer_val_mse=0.00000429 peer_val_mae=0.00126268
[operator_burgers_relay_v1/burgers_relay_hotspot] [operator][epoch 129] lambda=0.0250 relay_stage=finetune relay_scale=0.000 relay_hotspot=0.9815 train_mse=0.00529491 val_mse=0.00687711 val_mae=0.05319276 | peer_val_mse=0.00000429 peer_val_mae=0.00126268
[operator_burgers_relay_v1/burgers_relay_hotspot] [operator][epoch 130] lambda=0.0250 relay_stage=finetune relay_scale=0.000 relay_hotspot=0.9830 train_mse=0.00655480 val_mse=0.00707167 val_mae=0.05669250 | peer_val_mse=0.00000429 peer_val_mae=0.00126268
[operator_burgers_relay_v1/burgers_relay_hotspot] [operator][epoch 131] lambda=0.0250 relay_stage=finetune relay_scale=0.000 relay_hotspot=0.9856 train_mse=0.00763205 val_mse=0.00576161 val_mae=0.04854146 | peer_val_mse=0.00000429 peer_val_mae=0.00126268
[operator_burgers_relay_v1/burgers_relay_hotspot] [operator][epoch 132] lambda=0.0250 relay_stage=finetune relay_scale=0.000 relay_hotspot=0.9801 train_mse=0.00529472 val_mse=0.00541981 val_mae=0.04465838 | peer_val_mse=0.00000429 peer_val_mae=0.00126268
[operator_burgers_relay_v1/burgers_relay_hotspot] [operator][epoch 133] lambda=0.0250 relay_stage=finetune relay_scale=0.000 relay_hotspot=0.9768 train_mse=0.00455979 val_mse=0.00432088 val_mae=0.03826032 | peer_val_mse=0.00000429 peer_val_mae=0.00126268
[operator_burgers_relay_v1/burgers_relay_hotspot] [operator][epoch 134] lambda=0.0250 relay_stage=finetune relay_scale=0.000 relay_hotspot=0.9742 train_mse=0.00417193 val_mse=0.00428270 val_mae=0.03691670 | peer_val_mse=0.00000429 peer_val_mae=0.00126268
[operator_burgers_relay_v1/burgers_relay_hotspot] [operator][epoch 135] lambda=0.0250 relay_stage=finetune relay_scale=0.000 relay_hotspot=0.9741 train_mse=0.00422316 val_mse=0.00517979 val_mae=0.03993999 | peer_val_mse=0.00000429 peer_val_mae=0.00126268
[operator_burgers_relay_v1/burgers_relay_hotspot] [operator][epoch 136] lambda=0.0250 relay_stage=finetune relay_scale=0.000 relay_hotspot=0.9780 train_mse=0.00470457 val_mse=0.00503900 val_mae=0.04148612 | peer_val_mse=0.00000429 peer_val_mae=0.00126268
[operator_burgers_relay_v1/burgers_relay_hotspot] [operator][epoch 137] lambda=0.0250 relay_stage=finetune relay_scale=0.000 relay_hotspot=0.9800 train_mse=0.00511740 val_mse=0.00555717 val_mae=0.04656654 | peer_val_mse=0.00000429 peer_val_mae=0.00126268
[operator_burgers_relay_v1/burgers_relay_hotspot] [operator][epoch 138] lambda=0.0250 relay_stage=finetune relay_scale=0.000 relay_hotspot=0.9814 train_mse=0.00586105 val_mse=0.00527906 val_mae=0.04433200 | peer_val_mse=0.00000429 peer_val_mae=0.00126268
[operator_burgers_relay_v1/burgers_relay_hotspot] [operator][epoch 139] lambda=0.0250 relay_stage=finetune relay_scale=0.000 relay_hotspot=0.9765 train_mse=0.00466199 val_mse=0.00476752 val_mae=0.04049421 | peer_val_mse=0.00000429 peer_val_mae=0.00126268
[operator_burgers_relay_v1/burgers_relay_hotspot] [operator][epoch 140] lambda=0.0250 relay_stage=finetune relay_scale=0.000 relay_hotspot=0.9834 train_mse=0.00667858 val_mse=0.00723876 val_mae=0.05567350 | peer_val_mse=0.00000429 peer_val_mae=0.00126268
[operator_burgers_relay_v1/burgers_relay_hotspot] [operator][epoch 140] updated live plot
[operator_burgers_relay_v1/burgers_relay_hotspot] [operator] done
[operator_burgers_relay_v1/burgers_relay_hotspot] [operator] dataset=burgers pair=deeponet:fno method=ssml seed=2
[operator_burgers_relay_v1/burgers_relay_hotspot] [operator] loaded init_checkpoint=results/operator_burgers_followup_v1/burgers_l005_m0_w12_d60_120_ow1/operator/burgers/deeponet_independent_mse_seed2/model.pt
[operator_burgers_relay_v1/burgers_relay_hotspot] [operator] loaded peer_init_checkpoint=results/operator_burgers_followup_v1/burgers_l005_m0_w12_d60_120_ow1/operator/burgers/fno_independent_mse_seed2/model.pt
[operator_burgers_relay_v1/burgers_relay_hotspot] [operator] run_dir=results/operator_burgers_relay_v1/burgers_relay_hotspot/operator/burgers/deeponet__fno_ssml_mse_seed2
[operator_burgers_relay_v1/burgers_relay_hotspot] [operator] params=198656
[operator_burgers_relay_v1/burgers_relay_hotspot] [operator] granularity=element student_only=True freeze_peer=True peer_updates_disabled=True relay_stage_epochs=(30, 40, 35) relay_hint_mode=hotspot relay_taper_schedule=cosine
[operator_burgers_relay_v1/burgers_relay_hotspot] [operator][epoch 001] lambda=0.0250 relay_stage=control relay_scale=0.000 relay_hotspot=0.9619 train_mse=0.01207929 val_mse=0.00995228 val_mae=0.06570483 | peer_val_mse=0.00002690 peer_val_mae=0.00366261
[operator_burgers_relay_v1/burgers_relay_hotspot] [operator][epoch 002] lambda=0.0250 relay_stage=control relay_scale=0.000 relay_hotspot=0.9558 train_mse=0.00993572 val_mse=0.01124060 val_mae=0.07086063 | peer_val_mse=0.00002690 peer_val_mae=0.00366261
[operator_burgers_relay_v1/burgers_relay_hotspot] [operator][epoch 003] lambda=0.0250 relay_stage=control relay_scale=0.000 relay_hotspot=0.9579 train_mse=0.01021688 val_mse=0.00920469 val_mae=0.06121740 | peer_val_mse=0.00002690 peer_val_mae=0.00366261
[operator_burgers_relay_v1/burgers_relay_hotspot] [operator][epoch 004] lambda=0.0250 relay_stage=control relay_scale=0.000 relay_hotspot=0.9557 train_mse=0.00950721 val_mse=0.00958549 val_mae=0.06375869 | peer_val_mse=0.00002690 peer_val_mae=0.00366261
[operator_burgers_relay_v1/burgers_relay_hotspot] [operator][epoch 005] lambda=0.0250 relay_stage=control relay_scale=0.000 relay_hotspot=0.9542 train_mse=0.00941651 val_mse=0.01025040 val_mae=0.06414040 | peer_val_mse=0.00002690 peer_val_mae=0.00366261
[operator_burgers_relay_v1/burgers_relay_hotspot] [operator][epoch 006] lambda=0.0250 relay_stage=control relay_scale=0.000 relay_hotspot=0.9610 train_mse=0.01105355 val_mse=0.01153959 val_mae=0.07034974 | peer_val_mse=0.00002690 peer_val_mae=0.00366261
[operator_burgers_relay_v1/burgers_relay_hotspot] [operator][epoch 007] lambda=0.0250 relay_stage=control relay_scale=0.000 relay_hotspot=0.9605 train_mse=0.01121418 val_mse=0.01118375 val_mae=0.06712068 | peer_val_mse=0.00002690 peer_val_mae=0.00366261
[operator_burgers_relay_v1/burgers_relay_hotspot] [operator][epoch 008] lambda=0.0250 relay_stage=control relay_scale=0.000 relay_hotspot=0.9622 train_mse=0.01178426 val_mse=0.01042996 val_mae=0.06664997 | peer_val_mse=0.00002690 peer_val_mae=0.00366261
[operator_burgers_relay_v1/burgers_relay_hotspot] [operator][epoch 009] lambda=0.0250 relay_stage=control relay_scale=0.000 relay_hotspot=0.9611 train_mse=0.01069520 val_mse=0.00907943 val_mae=0.06260513 | peer_val_mse=0.00002690 peer_val_mae=0.00366261
[operator_burgers_relay_v1/burgers_relay_hotspot] [operator][epoch 010] lambda=0.0250 relay_stage=control relay_scale=0.000 relay_hotspot=0.9519 train_mse=0.00879871 val_mse=0.00873200 val_mae=0.05876364 | peer_val_mse=0.00002690 peer_val_mae=0.00366261
[operator_burgers_relay_v1/burgers_relay_hotspot] [operator][epoch 011] lambda=0.0250 relay_stage=control relay_scale=0.000 relay_hotspot=0.9505 train_mse=0.00882839 val_mse=0.00780018 val_mae=0.05574812 | peer_val_mse=0.00002690 peer_val_mae=0.00366261
[operator_burgers_relay_v1/burgers_relay_hotspot] [operator][epoch 012] lambda=0.0250 relay_stage=control relay_scale=0.000 relay_hotspot=0.9515 train_mse=0.00869636 val_mse=0.00814972 val_mae=0.05817188 | peer_val_mse=0.00002690 peer_val_mae=0.00366261
[operator_burgers_relay_v1/burgers_relay_hotspot] [operator][epoch 013] lambda=0.0250 relay_stage=control relay_scale=0.000 relay_hotspot=0.9506 train_mse=0.00848037 val_mse=0.00793209 val_mae=0.05555079 | peer_val_mse=0.00002690 peer_val_mae=0.00366261
[operator_burgers_relay_v1/burgers_relay_hotspot] [operator][epoch 014] lambda=0.0250 relay_stage=control relay_scale=0.000 relay_hotspot=0.9526 train_mse=0.00880427 val_mse=0.00956903 val_mae=0.06501848 | peer_val_mse=0.00002690 peer_val_mae=0.00366261
[operator_burgers_relay_v1/burgers_relay_hotspot] [operator][epoch 015] lambda=0.0250 relay_stage=control relay_scale=0.000 relay_hotspot=0.9564 train_mse=0.00940018 val_mse=0.00824515 val_mae=0.05884444 | peer_val_mse=0.00002690 peer_val_mae=0.00366261
[operator_burgers_relay_v1/burgers_relay_hotspot] [operator][epoch 016] lambda=0.0250 relay_stage=control relay_scale=0.000 relay_hotspot=0.9526 train_mse=0.00842629 val_mse=0.00814712 val_mae=0.05800829 | peer_val_mse=0.00002690 peer_val_mae=0.00366261
[operator_burgers_relay_v1/burgers_relay_hotspot] [operator][epoch 017] lambda=0.0250 relay_stage=control relay_scale=0.000 relay_hotspot=0.9476 train_mse=0.00776643 val_mse=0.00720395 val_mae=0.05212949 | peer_val_mse=0.00002690 peer_val_mae=0.00366261
[operator_burgers_relay_v1/burgers_relay_hotspot] [operator][epoch 018] lambda=0.0250 relay_stage=control relay_scale=0.000 relay_hotspot=0.9539 train_mse=0.00843020 val_mse=0.00862712 val_mae=0.06196348 | peer_val_mse=0.00002690 peer_val_mae=0.00366261
[operator_burgers_relay_v1/burgers_relay_hotspot] [operator][epoch 019] lambda=0.0250 relay_stage=control relay_scale=0.000 relay_hotspot=0.9606 train_mse=0.01012023 val_mse=0.01116083 val_mae=0.07487890 | peer_val_mse=0.00002690 peer_val_mae=0.00366261
[operator_burgers_relay_v1/burgers_relay_hotspot] [operator][epoch 020] lambda=0.0250 relay_stage=control relay_scale=0.000 relay_hotspot=0.9599 train_mse=0.01038778 val_mse=0.00930420 val_mae=0.06503159 | peer_val_mse=0.00002690 peer_val_mae=0.00366261
[operator_burgers_relay_v1/burgers_relay_hotspot] [operator][epoch 020] updated live plot
[operator_burgers_relay_v1/burgers_relay_hotspot] [operator][epoch 021] lambda=0.0250 relay_stage=control relay_scale=0.000 relay_hotspot=0.9612 train_mse=0.01110080 val_mse=0.01087137 val_mae=0.06858658 | peer_val_mse=0.00002690 peer_val_mae=0.00366261
[operator_burgers_relay_v1/burgers_relay_hotspot] [operator][epoch 022] lambda=0.0250 relay_stage=control relay_scale=0.000 relay_hotspot=0.9604 train_mse=0.01047728 val_mse=0.01163919 val_mae=0.07056187 | peer_val_mse=0.00002690 peer_val_mae=0.00366261
[operator_burgers_relay_v1/burgers_relay_hotspot] [operator][epoch 023] lambda=0.0250 relay_stage=control relay_scale=0.000 relay_hotspot=0.9573 train_mse=0.00907303 val_mse=0.00800912 val_mae=0.05730351 | peer_val_mse=0.00002690 peer_val_mae=0.00366261
[operator_burgers_relay_v1/burgers_relay_hotspot] [operator][epoch 024] lambda=0.0250 relay_stage=control relay_scale=0.000 relay_hotspot=0.9537 train_mse=0.00860638 val_mse=0.00697678 val_mae=0.05264994 | peer_val_mse=0.00002690 peer_val_mae=0.00366261
[operator_burgers_relay_v1/burgers_relay_hotspot] [operator][epoch 025] lambda=0.0250 relay_stage=control relay_scale=0.000 relay_hotspot=0.9491 train_mse=0.00762957 val_mse=0.00760539 val_mae=0.05450436 | peer_val_mse=0.00002690 peer_val_mae=0.00366261
[operator_burgers_relay_v1/burgers_relay_hotspot] [operator][epoch 026] lambda=0.0250 relay_stage=control relay_scale=0.000 relay_hotspot=0.9505 train_mse=0.00807452 val_mse=0.00664601 val_mae=0.04938152 | peer_val_mse=0.00002690 peer_val_mae=0.00366261
[operator_burgers_relay_v1/burgers_relay_hotspot] [operator][epoch 027] lambda=0.0250 relay_stage=control relay_scale=0.000 relay_hotspot=0.9490 train_mse=0.00787341 val_mse=0.00710302 val_mae=0.05215001 | peer_val_mse=0.00002690 peer_val_mae=0.00366261
[operator_burgers_relay_v1/burgers_relay_hotspot] [operator][epoch 028] lambda=0.0250 relay_stage=control relay_scale=0.000 relay_hotspot=0.9495 train_mse=0.00803291 val_mse=0.00686208 val_mae=0.05133128 | peer_val_mse=0.00002690 peer_val_mae=0.00366261
[operator_burgers_relay_v1/burgers_relay_hotspot] [operator][epoch 029] lambda=0.0250 relay_stage=control relay_scale=0.000 relay_hotspot=0.9486 train_mse=0.00744732 val_mse=0.00658745 val_mae=0.04954215 | peer_val_mse=0.00002690 peer_val_mae=0.00366261
[operator_burgers_relay_v1/burgers_relay_hotspot] [operator][epoch 030] lambda=0.0250 relay_stage=control relay_scale=0.000 relay_hotspot=0.9467 train_mse=0.00739710 val_mse=0.00781362 val_mae=0.05679202 | peer_val_mse=0.00002690 peer_val_mae=0.00366261
[operator_burgers_relay_v1/burgers_relay_hotspot] [operator][epoch 031] lambda=0.0250 relay_stage=relay relay_scale=1.000 relay_hotspot=0.9544 train_mse=0.00840458 val_mse=0.00791760 val_mae=0.05776099 | peer_val_mse=0.00002690 peer_val_mae=0.00366261
[operator_burgers_relay_v1/burgers_relay_hotspot] [operator][epoch 032] lambda=0.0250 relay_stage=relay relay_scale=1.000 relay_hotspot=0.9558 train_mse=0.00963479 val_mse=0.00902759 val_mae=0.06171501 | peer_val_mse=0.00002690 peer_val_mae=0.00366261
[operator_burgers_relay_v1/burgers_relay_hotspot] [operator][epoch 033] lambda=0.0250 relay_stage=relay relay_scale=1.000 relay_hotspot=0.9601 train_mse=0.01144527 val_mse=0.00844937 val_mae=0.05870071 | peer_val_mse=0.00002690 peer_val_mae=0.00366261
[operator_burgers_relay_v1/burgers_relay_hotspot] [operator][epoch 034] lambda=0.0250 relay_stage=relay relay_scale=1.000 relay_hotspot=0.9576 train_mse=0.00982615 val_mse=0.00880379 val_mae=0.06401123 | peer_val_mse=0.00002690 peer_val_mae=0.00366261
[operator_burgers_relay_v1/burgers_relay_hotspot] [operator][epoch 035] lambda=0.0250 relay_stage=relay relay_scale=1.000 relay_hotspot=0.9479 train_mse=0.00795839 val_mse=0.00661371 val_mae=0.04972757 | peer_val_mse=0.00002690 peer_val_mae=0.00366261
[operator_burgers_relay_v1/burgers_relay_hotspot] [operator][epoch 036] lambda=0.0250 relay_stage=relay relay_scale=1.000 relay_hotspot=0.9442 train_mse=0.00735461 val_mse=0.00741084 val_mae=0.05335955 | peer_val_mse=0.00002690 peer_val_mae=0.00366261
[operator_burgers_relay_v1/burgers_relay_hotspot] [operator][epoch 037] lambda=0.0250 relay_stage=relay relay_scale=1.000 relay_hotspot=0.9492 train_mse=0.00808181 val_mse=0.00723275 val_mae=0.05198062 | peer_val_mse=0.00002690 peer_val_mae=0.00366261
[operator_burgers_relay_v1/burgers_relay_hotspot] [operator][epoch 038] lambda=0.0250 relay_stage=relay relay_scale=1.000 relay_hotspot=0.9466 train_mse=0.00752955 val_mse=0.00707259 val_mae=0.05215019 | peer_val_mse=0.00002690 peer_val_mae=0.00366261
[operator_burgers_relay_v1/burgers_relay_hotspot] [operator][epoch 039] lambda=0.0250 relay_stage=relay relay_scale=1.000 relay_hotspot=0.9453 train_mse=0.00745999 val_mse=0.00672234 val_mae=0.05124100 | peer_val_mse=0.00002690 peer_val_mae=0.00366261
[operator_burgers_relay_v1/burgers_relay_hotspot] [operator][epoch 040] lambda=0.0250 relay_stage=relay relay_scale=1.000 relay_hotspot=0.9414 train_mse=0.00685438 val_mse=0.00668457 val_mae=0.04960055 | peer_val_mse=0.00002690 peer_val_mae=0.00366261
[operator_burgers_relay_v1/burgers_relay_hotspot] [operator][epoch 040] updated live plot
[operator_burgers_relay_v1/burgers_relay_hotspot] [operator][epoch 041] lambda=0.0250 relay_stage=relay relay_scale=1.000 relay_hotspot=0.9444 train_mse=0.00662797 val_mse=0.00643087 val_mae=0.04821161 | peer_val_mse=0.00002690 peer_val_mae=0.00366261
[operator_burgers_relay_v1/burgers_relay_hotspot] [operator][epoch 042] lambda=0.0250 relay_stage=relay relay_scale=1.000 relay_hotspot=0.9388 train_mse=0.00684076 val_mse=0.00684177 val_mae=0.05186215 | peer_val_mse=0.00002690 peer_val_mae=0.00366261
[operator_burgers_relay_v1/burgers_relay_hotspot] [operator][epoch 043] lambda=0.0250 relay_stage=relay relay_scale=1.000 relay_hotspot=0.9568 train_mse=0.00859917 val_mse=0.01000471 val_mae=0.06800245 | peer_val_mse=0.00002690 peer_val_mae=0.00366261
[operator_burgers_relay_v1/burgers_relay_hotspot] [operator][epoch 044] lambda=0.0250 relay_stage=relay relay_scale=1.000 relay_hotspot=0.9593 train_mse=0.00938840 val_mse=0.00776705 val_mae=0.05690464 | peer_val_mse=0.00002690 peer_val_mae=0.00366261
[operator_burgers_relay_v1/burgers_relay_hotspot] [operator][epoch 045] lambda=0.0250 relay_stage=relay relay_scale=1.000 relay_hotspot=0.9463 train_mse=0.00707104 val_mse=0.00644402 val_mae=0.04998273 | peer_val_mse=0.00002690 peer_val_mae=0.00366261
[operator_burgers_relay_v1/burgers_relay_hotspot] [operator][epoch 046] lambda=0.0250 relay_stage=relay relay_scale=1.000 relay_hotspot=0.9503 train_mse=0.00783215 val_mse=0.01011097 val_mae=0.06857643 | peer_val_mse=0.00002690 peer_val_mae=0.00366261
[operator_burgers_relay_v1/burgers_relay_hotspot] [operator][epoch 047] lambda=0.0250 relay_stage=relay relay_scale=1.000 relay_hotspot=0.9612 train_mse=0.00984350 val_mse=0.00792217 val_mae=0.05718736 | peer_val_mse=0.00002690 peer_val_mae=0.00366261
[operator_burgers_relay_v1/burgers_relay_hotspot] [operator][epoch 048] lambda=0.0250 relay_stage=relay relay_scale=1.000 relay_hotspot=0.9519 train_mse=0.00825464 val_mse=0.00697828 val_mae=0.05229571 | peer_val_mse=0.00002690 peer_val_mae=0.00366261
[operator_burgers_relay_v1/burgers_relay_hotspot] [operator][epoch 049] lambda=0.0250 relay_stage=relay relay_scale=1.000 relay_hotspot=0.9470 train_mse=0.00734694 val_mse=0.00686830 val_mae=0.05329443 | peer_val_mse=0.00002690 peer_val_mae=0.00366261
[operator_burgers_relay_v1/burgers_relay_hotspot] [operator][epoch 050] lambda=0.0250 relay_stage=relay relay_scale=1.000 relay_hotspot=0.9456 train_mse=0.00740930 val_mse=0.00652024 val_mae=0.05132690 | peer_val_mse=0.00002690 peer_val_mae=0.00366261
[operator_burgers_relay_v1/burgers_relay_hotspot] [operator][epoch 051] lambda=0.0250 relay_stage=relay relay_scale=1.000 relay_hotspot=0.9412 train_mse=0.00671566 val_mse=0.00555248 val_mae=0.04392440 | peer_val_mse=0.00002690 peer_val_mae=0.00366261
[operator_burgers_relay_v1/burgers_relay_hotspot] [operator][epoch 052] lambda=0.0250 relay_stage=relay relay_scale=1.000 relay_hotspot=0.9350 train_mse=0.00610640 val_mse=0.00589924 val_mae=0.04696544 | peer_val_mse=0.00002690 peer_val_mae=0.00366261
[operator_burgers_relay_v1/burgers_relay_hotspot] [operator][epoch 053] lambda=0.0250 relay_stage=relay relay_scale=1.000 relay_hotspot=0.9324 train_mse=0.00594064 val_mse=0.00578083 val_mae=0.04599520 | peer_val_mse=0.00002690 peer_val_mae=0.00366261
[operator_burgers_relay_v1/burgers_relay_hotspot] [operator][epoch 054] lambda=0.0250 relay_stage=relay relay_scale=1.000 relay_hotspot=0.9421 train_mse=0.00648374 val_mse=0.00624159 val_mae=0.04866144 | peer_val_mse=0.00002690 peer_val_mae=0.00366261
[operator_burgers_relay_v1/burgers_relay_hotspot] [operator][epoch 055] lambda=0.0250 relay_stage=relay relay_scale=1.000 relay_hotspot=0.9469 train_mse=0.00793324 val_mse=0.01063472 val_mae=0.06834869 | peer_val_mse=0.00002690 peer_val_mae=0.00366261
[operator_burgers_relay_v1/burgers_relay_hotspot] [operator][epoch 056] lambda=0.0250 relay_stage=relay relay_scale=1.000 relay_hotspot=0.9579 train_mse=0.00919683 val_mse=0.00660699 val_mae=0.05152339 | peer_val_mse=0.00002690 peer_val_mae=0.00366261
[operator_burgers_relay_v1/burgers_relay_hotspot] [operator][epoch 057] lambda=0.0250 relay_stage=relay relay_scale=1.000 relay_hotspot=0.9492 train_mse=0.00744517 val_mse=0.00638459 val_mae=0.05122627 | peer_val_mse=0.00002690 peer_val_mae=0.00366261
[operator_burgers_relay_v1/burgers_relay_hotspot] [operator][epoch 058] lambda=0.0250 relay_stage=relay relay_scale=1.000 relay_hotspot=0.9700 train_mse=0.01620804 val_mse=0.01142155 val_mae=0.07631073 | peer_val_mse=0.00002690 peer_val_mae=0.00366261
[operator_burgers_relay_v1/burgers_relay_hotspot] [operator][epoch 059] lambda=0.0250 relay_stage=relay relay_scale=1.000 relay_hotspot=0.9583 train_mse=0.00961487 val_mse=0.00814689 val_mae=0.06080703 | peer_val_mse=0.00002690 peer_val_mae=0.00366261
[operator_burgers_relay_v1/burgers_relay_hotspot] [operator][epoch 060] lambda=0.0250 relay_stage=relay relay_scale=1.000 relay_hotspot=0.9427 train_mse=0.00661480 val_mse=0.00531544 val_mae=0.04389498 | peer_val_mse=0.00002690 peer_val_mae=0.00366261
[operator_burgers_relay_v1/burgers_relay_hotspot] [operator][epoch 060] updated live plot
[operator_burgers_relay_v1/burgers_relay_hotspot] [operator][epoch 061] lambda=0.0250 relay_stage=relay relay_scale=1.000 relay_hotspot=0.9415 train_mse=0.00616025 val_mse=0.00587718 val_mae=0.04852278 | peer_val_mse=0.00002690 peer_val_mae=0.00366261
[operator_burgers_relay_v1/burgers_relay_hotspot] [operator][epoch 062] lambda=0.0250 relay_stage=relay relay_scale=1.000 relay_hotspot=0.9444 train_mse=0.00635230 val_mse=0.00648075 val_mae=0.05047300 | peer_val_mse=0.00002690 peer_val_mae=0.00366261
[operator_burgers_relay_v1/burgers_relay_hotspot] [operator][epoch 063] lambda=0.0250 relay_stage=relay relay_scale=1.000 relay_hotspot=0.9402 train_mse=0.00610687 val_mse=0.00577877 val_mae=0.04709352 | peer_val_mse=0.00002690 peer_val_mae=0.00366261
[operator_burgers_relay_v1/burgers_relay_hotspot] [operator][epoch 064] lambda=0.0250 relay_stage=relay relay_scale=1.000 relay_hotspot=0.9337 train_mse=0.00556395 val_mse=0.00529947 val_mae=0.04392035 | peer_val_mse=0.00002690 peer_val_mae=0.00366261
[operator_burgers_relay_v1/burgers_relay_hotspot] [operator][epoch 065] lambda=0.0250 relay_stage=relay relay_scale=1.000 relay_hotspot=0.9336 train_mse=0.00555903 val_mse=0.00593604 val_mae=0.04913800 | peer_val_mse=0.00002690 peer_val_mae=0.00366261
[operator_burgers_relay_v1/burgers_relay_hotspot] [operator][epoch 066] lambda=0.0250 relay_stage=relay relay_scale=1.000 relay_hotspot=0.9333 train_mse=0.00534513 val_mse=0.00526525 val_mae=0.04430484 | peer_val_mse=0.00002690 peer_val_mae=0.00366261
[operator_burgers_relay_v1/burgers_relay_hotspot] [operator][epoch 067] lambda=0.0250 relay_stage=relay relay_scale=1.000 relay_hotspot=0.9377 train_mse=0.00570072 val_mse=0.00590648 val_mae=0.04806046 | peer_val_mse=0.00002690 peer_val_mae=0.00366261
[operator_burgers_relay_v1/burgers_relay_hotspot] [operator][epoch 068] lambda=0.0250 relay_stage=relay relay_scale=1.000 relay_hotspot=0.9387 train_mse=0.00579993 val_mse=0.00534095 val_mae=0.04530942 | peer_val_mse=0.00002690 peer_val_mae=0.00366261
[operator_burgers_relay_v1/burgers_relay_hotspot] [operator][epoch 069] lambda=0.0250 relay_stage=relay relay_scale=1.000 relay_hotspot=0.9307 train_mse=0.00509249 val_mse=0.00451512 val_mae=0.03983102 | peer_val_mse=0.00002690 peer_val_mae=0.00366261
[operator_burgers_relay_v1/burgers_relay_hotspot] [operator][epoch 070] lambda=0.0250 relay_stage=relay relay_scale=1.000 relay_hotspot=0.9286 train_mse=0.00514502 val_mse=0.00508110 val_mae=0.04383211 | peer_val_mse=0.00002690 peer_val_mae=0.00366261
[operator_burgers_relay_v1/burgers_relay_hotspot] [operator][epoch 071] lambda=0.0250 relay_stage=taper relay_scale=1.000 relay_hotspot=0.9394 train_mse=0.00566112 val_mse=0.00528878 val_mae=0.04479529 | peer_val_mse=0.00002690 peer_val_mae=0.00366261
[operator_burgers_relay_v1/burgers_relay_hotspot] [operator][epoch 072] lambda=0.0250 relay_stage=taper relay_scale=0.998 relay_hotspot=0.9372 train_mse=0.00541137 val_mse=0.00476422 val_mae=0.04281454 | peer_val_mse=0.00002690 peer_val_mae=0.00366261
[operator_burgers_relay_v1/burgers_relay_hotspot] [operator][epoch 073] lambda=0.0250 relay_stage=taper relay_scale=0.991 relay_hotspot=0.9322 train_mse=0.00533222 val_mse=0.00508449 val_mae=0.04507183 | peer_val_mse=0.00002690 peer_val_mae=0.00366261
[operator_burgers_relay_v1/burgers_relay_hotspot] [operator][epoch 074] lambda=0.0250 relay_stage=taper relay_scale=0.981 relay_hotspot=0.9398 train_mse=0.00578524 val_mse=0.00641885 val_mae=0.05299580 | peer_val_mse=0.00002690 peer_val_mae=0.00366261
[operator_burgers_relay_v1/burgers_relay_hotspot] [operator][epoch 075] lambda=0.0250 relay_stage=taper relay_scale=0.966 relay_hotspot=0.9571 train_mse=0.01009491 val_mse=0.01250262 val_mae=0.08106218 | peer_val_mse=0.00002690 peer_val_mae=0.00366261
[operator_burgers_relay_v1/burgers_relay_hotspot] [operator][epoch 076] lambda=0.0250 relay_stage=taper relay_scale=0.948 relay_hotspot=0.9510 train_mse=0.00797341 val_mse=0.00514802 val_mae=0.04444297 | peer_val_mse=0.00002690 peer_val_mae=0.00366261
[operator_burgers_relay_v1/burgers_relay_hotspot] [operator][epoch 077] lambda=0.0250 relay_stage=taper relay_scale=0.925 relay_hotspot=0.9367 train_mse=0.00554595 val_mse=0.00520252 val_mae=0.04475665 | peer_val_mse=0.00002690 peer_val_mae=0.00366261
[operator_burgers_relay_v1/burgers_relay_hotspot] [operator][epoch 078] lambda=0.0250 relay_stage=taper relay_scale=0.899 relay_hotspot=0.9382 train_mse=0.00564207 val_mse=0.00562340 val_mae=0.04771252 | peer_val_mse=0.00002690 peer_val_mae=0.00366261
[operator_burgers_relay_v1/burgers_relay_hotspot] [operator][epoch 079] lambda=0.0250 relay_stage=taper relay_scale=0.870 relay_hotspot=0.9373 train_mse=0.00541496 val_mse=0.00493382 val_mae=0.04333422 | peer_val_mse=0.00002690 peer_val_mae=0.00366261
[operator_burgers_relay_v1/burgers_relay_hotspot] [operator][epoch 080] lambda=0.0250 relay_stage=taper relay_scale=0.837 relay_hotspot=0.9349 train_mse=0.00508449 val_mse=0.00455903 val_mae=0.04027981 | peer_val_mse=0.00002690 peer_val_mae=0.00366261
[operator_burgers_relay_v1/burgers_relay_hotspot] [operator][epoch 080] updated live plot
[operator_burgers_relay_v1/burgers_relay_hotspot] [operator][epoch 081] lambda=0.0250 relay_stage=taper relay_scale=0.801 relay_hotspot=0.9272 train_mse=0.00474040 val_mse=0.00425949 val_mae=0.03916730 | peer_val_mse=0.00002690 peer_val_mae=0.00366261
[operator_burgers_relay_v1/burgers_relay_hotspot] [operator][epoch 082] lambda=0.0250 relay_stage=taper relay_scale=0.763 relay_hotspot=0.9296 train_mse=0.00477770 val_mse=0.00504740 val_mae=0.04360355 | peer_val_mse=0.00002690 peer_val_mae=0.00366261
[operator_burgers_relay_v1/burgers_relay_hotspot] [operator][epoch 083] lambda=0.0250 relay_stage=taper relay_scale=0.723 relay_hotspot=0.9488 train_mse=0.00734045 val_mse=0.00579438 val_mae=0.04865087 | peer_val_mse=0.00002690 peer_val_mae=0.00366261
[operator_burgers_relay_v1/burgers_relay_hotspot] [operator][epoch 084] lambda=0.0250 relay_stage=taper relay_scale=0.681 relay_hotspot=0.9436 train_mse=0.00593164 val_mse=0.00646250 val_mae=0.05111914 | peer_val_mse=0.00002690 peer_val_mae=0.00366261
[operator_burgers_relay_v1/burgers_relay_hotspot] [operator][epoch 085] lambda=0.0250 relay_stage=taper relay_scale=0.637 relay_hotspot=0.9476 train_mse=0.00626077 val_mse=0.00556951 val_mae=0.04897391 | peer_val_mse=0.00002690 peer_val_mae=0.00366261
[operator_burgers_relay_v1/burgers_relay_hotspot] [operator][epoch 086] lambda=0.0250 relay_stage=taper relay_scale=0.592 relay_hotspot=0.9333 train_mse=0.00498200 val_mse=0.00464945 val_mae=0.04142403 | peer_val_mse=0.00002690 peer_val_mae=0.00366261
[operator_burgers_relay_v1/burgers_relay_hotspot] [operator][epoch 087] lambda=0.0250 relay_stage=taper relay_scale=0.546 relay_hotspot=0.9335 train_mse=0.00498094 val_mse=0.00552083 val_mae=0.04655759 | peer_val_mse=0.00002690 peer_val_mae=0.00366261
[operator_burgers_relay_v1/burgers_relay_hotspot] [operator][epoch 088] lambda=0.0250 relay_stage=taper relay_scale=0.500 relay_hotspot=0.9495 train_mse=0.00661773 val_mse=0.00575992 val_mae=0.04950897 | peer_val_mse=0.00002690 peer_val_mae=0.00366261
[operator_burgers_relay_v1/burgers_relay_hotspot] [operator][epoch 089] lambda=0.0250 relay_stage=taper relay_scale=0.454 relay_hotspot=0.9545 train_mse=0.00848971 val_mse=0.00715302 val_mae=0.05893185 | peer_val_mse=0.00002690 peer_val_mae=0.00366261
[operator_burgers_relay_v1/burgers_relay_hotspot] [operator][epoch 090] lambda=0.0250 relay_stage=taper relay_scale=0.408 relay_hotspot=0.9503 train_mse=0.00680660 val_mse=0.00563303 val_mae=0.04984947 | peer_val_mse=0.00002690 peer_val_mae=0.00366261
[operator_burgers_relay_v1/burgers_relay_hotspot] [operator][epoch 091] lambda=0.0250 relay_stage=taper relay_scale=0.363 relay_hotspot=0.9454 train_mse=0.00637092 val_mse=0.00556588 val_mae=0.04775500 | peer_val_mse=0.00002690 peer_val_mae=0.00366261
[operator_burgers_relay_v1/burgers_relay_hotspot] [operator][epoch 092] lambda=0.0250 relay_stage=taper relay_scale=0.319 relay_hotspot=0.9355 train_mse=0.00483004 val_mse=0.00426069 val_mae=0.03937351 | peer_val_mse=0.00002690 peer_val_mae=0.00366261
[operator_burgers_relay_v1/burgers_relay_hotspot] [operator][epoch 093] lambda=0.0250 relay_stage=taper relay_scale=0.277 relay_hotspot=0.9277 train_mse=0.00455340 val_mse=0.00424873 val_mae=0.03812048 | peer_val_mse=0.00002690 peer_val_mae=0.00366261
[operator_burgers_relay_v1/burgers_relay_hotspot] [operator][epoch 094] lambda=0.0250 relay_stage=taper relay_scale=0.237 relay_hotspot=0.9268 train_mse=0.00464087 val_mse=0.00582575 val_mae=0.04838837 | peer_val_mse=0.00002690 peer_val_mae=0.00366261
[operator_burgers_relay_v1/burgers_relay_hotspot] [operator][epoch 095] lambda=0.0250 relay_stage=taper relay_scale=0.199 relay_hotspot=0.9390 train_mse=0.00563872 val_mse=0.00553179 val_mae=0.04863901 | peer_val_mse=0.00002690 peer_val_mae=0.00366261
[operator_burgers_relay_v1/burgers_relay_hotspot] [operator][epoch 096] lambda=0.0250 relay_stage=taper relay_scale=0.163 relay_hotspot=0.9403 train_mse=0.00531034 val_mse=0.00451920 val_mae=0.03920540 | peer_val_mse=0.00002690 peer_val_mae=0.00366261
[operator_burgers_relay_v1/burgers_relay_hotspot] [operator][epoch 097] lambda=0.0250 relay_stage=taper relay_scale=0.130 relay_hotspot=0.9274 train_mse=0.00457338 val_mse=0.00441403 val_mae=0.03983155 | peer_val_mse=0.00002690 peer_val_mae=0.00366261
[operator_burgers_relay_v1/burgers_relay_hotspot] [operator][epoch 098] lambda=0.0250 relay_stage=taper relay_scale=0.101 relay_hotspot=0.9285 train_mse=0.00467069 val_mse=0.00439636 val_mae=0.03987181 | peer_val_mse=0.00002690 peer_val_mae=0.00366261
[operator_burgers_relay_v1/burgers_relay_hotspot] [operator][epoch 099] lambda=0.0250 relay_stage=taper relay_scale=0.075 relay_hotspot=0.9272 train_mse=0.00470382 val_mse=0.00537991 val_mae=0.04651800 | peer_val_mse=0.00002690 peer_val_mae=0.00366261
[operator_burgers_relay_v1/burgers_relay_hotspot] [operator][epoch 100] lambda=0.0250 relay_stage=taper relay_scale=0.052 relay_hotspot=0.9476 train_mse=0.00682471 val_mse=0.00616960 val_mae=0.05128229 | peer_val_mse=0.00002690 peer_val_mae=0.00366261
[operator_burgers_relay_v1/burgers_relay_hotspot] [operator][epoch 100] updated live plot
[operator_burgers_relay_v1/burgers_relay_hotspot] [operator][epoch 101] lambda=0.0250 relay_stage=taper relay_scale=0.034 relay_hotspot=0.9446 train_mse=0.00622807 val_mse=0.00502846 val_mae=0.04529801 | peer_val_mse=0.00002690 peer_val_mae=0.00366261
[operator_burgers_relay_v1/burgers_relay_hotspot] [operator][epoch 102] lambda=0.0250 relay_stage=taper relay_scale=0.019 relay_hotspot=0.9423 train_mse=0.00596335 val_mse=0.00537125 val_mae=0.04705572 | peer_val_mse=0.00002690 peer_val_mae=0.00366261
[operator_burgers_relay_v1/burgers_relay_hotspot] [operator][epoch 103] lambda=0.0250 relay_stage=taper relay_scale=0.009 relay_hotspot=0.9564 train_mse=0.00883782 val_mse=0.00590476 val_mae=0.05175709 | peer_val_mse=0.00002690 peer_val_mae=0.00366261
[operator_burgers_relay_v1/burgers_relay_hotspot] [operator][epoch 104] lambda=0.0250 relay_stage=taper relay_scale=0.002 relay_hotspot=0.9378 train_mse=0.00520593 val_mse=0.00466901 val_mae=0.04211394 | peer_val_mse=0.00002690 peer_val_mae=0.00366261
[operator_burgers_relay_v1/burgers_relay_hotspot] [operator][epoch 105] lambda=0.0250 relay_stage=taper relay_scale=0.000 relay_hotspot=0.9277 train_mse=0.00468573 val_mse=0.00487486 val_mae=0.04365495 | peer_val_mse=0.00002690 peer_val_mae=0.00366261
[operator_burgers_relay_v1/burgers_relay_hotspot] [operator][epoch 106] lambda=0.0250 relay_stage=finetune relay_scale=0.000 relay_hotspot=0.9241 train_mse=0.00440746 val_mse=0.00497898 val_mae=0.04339757 | peer_val_mse=0.00002690 peer_val_mae=0.00366261
[operator_burgers_relay_v1/burgers_relay_hotspot] [operator][epoch 107] lambda=0.0250 relay_stage=finetune relay_scale=0.000 relay_hotspot=0.9301 train_mse=0.00490805 val_mse=0.00414437 val_mae=0.03747278 | peer_val_mse=0.00002690 peer_val_mae=0.00366261
[operator_burgers_relay_v1/burgers_relay_hotspot] [operator][epoch 108] lambda=0.0250 relay_stage=finetune relay_scale=0.000 relay_hotspot=0.9312 train_mse=0.00487477 val_mse=0.00629776 val_mae=0.04998436 | peer_val_mse=0.00002690 peer_val_mae=0.00366261
[operator_burgers_relay_v1/burgers_relay_hotspot] [operator][epoch 109] lambda=0.0250 relay_stage=finetune relay_scale=0.000 relay_hotspot=0.9517 train_mse=0.00687376 val_mse=0.00570768 val_mae=0.04836055 | peer_val_mse=0.00002690 peer_val_mae=0.00366261
[operator_burgers_relay_v1/burgers_relay_hotspot] [operator][epoch 110] lambda=0.0250 relay_stage=finetune relay_scale=0.000 relay_hotspot=0.9379 train_mse=0.00542935 val_mse=0.00542821 val_mae=0.04530022 | peer_val_mse=0.00002690 peer_val_mae=0.00366261
[operator_burgers_relay_v1/burgers_relay_hotspot] [operator][epoch 111] lambda=0.0250 relay_stage=finetune relay_scale=0.000 relay_hotspot=0.9387 train_mse=0.00522343 val_mse=0.00461749 val_mae=0.04247583 | peer_val_mse=0.00002690 peer_val_mae=0.00366261
[operator_burgers_relay_v1/burgers_relay_hotspot] [operator][epoch 112] lambda=0.0250 relay_stage=finetune relay_scale=0.000 relay_hotspot=0.9284 train_mse=0.00452658 val_mse=0.00475913 val_mae=0.04158147 | peer_val_mse=0.00002690 peer_val_mae=0.00366261
[operator_burgers_relay_v1/burgers_relay_hotspot] [operator][epoch 113] lambda=0.0250 relay_stage=finetune relay_scale=0.000 relay_hotspot=0.9309 train_mse=0.00498827 val_mse=0.00454390 val_mae=0.04093484 | peer_val_mse=0.00002690 peer_val_mae=0.00366261
[operator_burgers_relay_v1/burgers_relay_hotspot] [operator][epoch 114] lambda=0.0250 relay_stage=finetune relay_scale=0.000 relay_hotspot=0.9231 train_mse=0.00435966 val_mse=0.00404484 val_mae=0.03712625 | peer_val_mse=0.00002690 peer_val_mae=0.00366261
[operator_burgers_relay_v1/burgers_relay_hotspot] [operator][epoch 115] lambda=0.0250 relay_stage=finetune relay_scale=0.000 relay_hotspot=0.9287 train_mse=0.00459899 val_mse=0.00422956 val_mae=0.03982441 | peer_val_mse=0.00002690 peer_val_mae=0.00366261
[operator_burgers_relay_v1/burgers_relay_hotspot] [operator][epoch 116] lambda=0.0250 relay_stage=finetune relay_scale=0.000 relay_hotspot=0.9313 train_mse=0.00458075 val_mse=0.00430360 val_mae=0.03985821 | peer_val_mse=0.00002690 peer_val_mae=0.00366261
[operator_burgers_relay_v1/burgers_relay_hotspot] [operator][epoch 117] lambda=0.0250 relay_stage=finetune relay_scale=0.000 relay_hotspot=0.9281 train_mse=0.00450262 val_mse=0.00417365 val_mae=0.03900462 | peer_val_mse=0.00002690 peer_val_mae=0.00366261
[operator_burgers_relay_v1/burgers_relay_hotspot] [operator][epoch 118] lambda=0.0250 relay_stage=finetune relay_scale=0.000 relay_hotspot=0.9256 train_mse=0.00459198 val_mse=0.00485651 val_mae=0.04080743 | peer_val_mse=0.00002690 peer_val_mae=0.00366261
[operator_burgers_relay_v1/burgers_relay_hotspot] [operator][epoch 119] lambda=0.0250 relay_stage=finetune relay_scale=0.000 relay_hotspot=0.9333 train_mse=0.00484026 val_mse=0.00442724 val_mae=0.03933067 | peer_val_mse=0.00002690 peer_val_mae=0.00366261
[operator_burgers_relay_v1/burgers_relay_hotspot] [operator][epoch 120] lambda=0.0250 relay_stage=finetune relay_scale=0.000 relay_hotspot=0.9284 train_mse=0.00469584 val_mse=0.00422107 val_mae=0.03939314 | peer_val_mse=0.00002690 peer_val_mae=0.00366261
[operator_burgers_relay_v1/burgers_relay_hotspot] [operator][epoch 120] updated live plot
[operator_burgers_relay_v1/burgers_relay_hotspot] [operator][epoch 121] lambda=0.0250 relay_stage=finetune relay_scale=0.000 relay_hotspot=0.9327 train_mse=0.00495609 val_mse=0.00491803 val_mae=0.04504138 | peer_val_mse=0.00002690 peer_val_mae=0.00366261
[operator_burgers_relay_v1/burgers_relay_hotspot] [operator][epoch 122] lambda=0.0250 relay_stage=finetune relay_scale=0.000 relay_hotspot=0.9381 train_mse=0.00516647 val_mse=0.00552789 val_mae=0.04628048 | peer_val_mse=0.00002690 peer_val_mae=0.00366261
[operator_burgers_relay_v1/burgers_relay_hotspot] [operator][epoch 123] lambda=0.0250 relay_stage=finetune relay_scale=0.000 relay_hotspot=0.9375 train_mse=0.00515149 val_mse=0.00735855 val_mae=0.05494261 | peer_val_mse=0.00002690 peer_val_mae=0.00366261
[operator_burgers_relay_v1/burgers_relay_hotspot] [operator][epoch 124] lambda=0.0250 relay_stage=finetune relay_scale=0.000 relay_hotspot=0.9383 train_mse=0.00526491 val_mse=0.00424565 val_mae=0.03934212 | peer_val_mse=0.00002690 peer_val_mae=0.00366261
[operator_burgers_relay_v1/burgers_relay_hotspot] [operator][epoch 125] lambda=0.0250 relay_stage=finetune relay_scale=0.000 relay_hotspot=0.9402 train_mse=0.00613083 val_mse=0.00485339 val_mae=0.04327577 | peer_val_mse=0.00002690 peer_val_mae=0.00366261
[operator_burgers_relay_v1/burgers_relay_hotspot] [operator][epoch 126] lambda=0.0250 relay_stage=finetune relay_scale=0.000 relay_hotspot=0.9384 train_mse=0.00522926 val_mse=0.00501756 val_mae=0.04461492 | peer_val_mse=0.00002690 peer_val_mae=0.00366261
[operator_burgers_relay_v1/burgers_relay_hotspot] [operator][epoch 127] lambda=0.0250 relay_stage=finetune relay_scale=0.000 relay_hotspot=0.9355 train_mse=0.00482727 val_mse=0.00410180 val_mae=0.03905469 | peer_val_mse=0.00002690 peer_val_mae=0.00366261
[operator_burgers_relay_v1/burgers_relay_hotspot] [operator][epoch 128] lambda=0.0250 relay_stage=finetune relay_scale=0.000 relay_hotspot=0.9303 train_mse=0.00462640 val_mse=0.00553399 val_mae=0.04560989 | peer_val_mse=0.00002690 peer_val_mae=0.00366261
[operator_burgers_relay_v1/burgers_relay_hotspot] [operator][epoch 129] lambda=0.0250 relay_stage=finetune relay_scale=0.000 relay_hotspot=0.9453 train_mse=0.00656684 val_mse=0.00632427 val_mae=0.05407466 | peer_val_mse=0.00002690 peer_val_mae=0.00366261
[operator_burgers_relay_v1/burgers_relay_hotspot] [operator][epoch 130] lambda=0.0250 relay_stage=finetune relay_scale=0.000 relay_hotspot=0.9538 train_mse=0.00766730 val_mse=0.00587460 val_mae=0.05038542 | peer_val_mse=0.00002690 peer_val_mae=0.00366261
[operator_burgers_relay_v1/burgers_relay_hotspot] [operator][epoch 131] lambda=0.0250 relay_stage=finetune relay_scale=0.000 relay_hotspot=0.9390 train_mse=0.00515659 val_mse=0.00453166 val_mae=0.04207055 | peer_val_mse=0.00002690 peer_val_mae=0.00366261
[operator_burgers_relay_v1/burgers_relay_hotspot] [operator][epoch 132] lambda=0.0250 relay_stage=finetune relay_scale=0.000 relay_hotspot=0.9280 train_mse=0.00446863 val_mse=0.00607123 val_mae=0.04891841 | peer_val_mse=0.00002690 peer_val_mae=0.00366261
[operator_burgers_relay_v1/burgers_relay_hotspot] [operator][epoch 133] lambda=0.0250 relay_stage=finetune relay_scale=0.000 relay_hotspot=0.9410 train_mse=0.00614756 val_mse=0.00473713 val_mae=0.04264313 | peer_val_mse=0.00002690 peer_val_mae=0.00366261
[operator_burgers_relay_v1/burgers_relay_hotspot] [operator][epoch 134] lambda=0.0250 relay_stage=finetune relay_scale=0.000 relay_hotspot=0.9378 train_mse=0.00499867 val_mse=0.00431406 val_mae=0.03956911 | peer_val_mse=0.00002690 peer_val_mae=0.00366261
[operator_burgers_relay_v1/burgers_relay_hotspot] [operator][epoch 135] lambda=0.0250 relay_stage=finetune relay_scale=0.000 relay_hotspot=0.9163 train_mse=0.00401542 val_mse=0.00395621 val_mae=0.03679620 | peer_val_mse=0.00002690 peer_val_mae=0.00366261
[operator_burgers_relay_v1/burgers_relay_hotspot] [operator][epoch 136] lambda=0.0250 relay_stage=finetune relay_scale=0.000 relay_hotspot=0.9169 train_mse=0.00407773 val_mse=0.00426486 val_mae=0.03950151 | peer_val_mse=0.00002690 peer_val_mae=0.00366261
[operator_burgers_relay_v1/burgers_relay_hotspot] [operator][epoch 137] lambda=0.0250 relay_stage=finetune relay_scale=0.000 relay_hotspot=0.9221 train_mse=0.00431079 val_mse=0.00466655 val_mae=0.04081227 | peer_val_mse=0.00002690 peer_val_mae=0.00366261
[operator_burgers_relay_v1/burgers_relay_hotspot] [operator][epoch 138] lambda=0.0250 relay_stage=finetune relay_scale=0.000 relay_hotspot=0.9402 train_mse=0.00538098 val_mse=0.00495400 val_mae=0.04457893 | peer_val_mse=0.00002690 peer_val_mae=0.00366261
[operator_burgers_relay_v1/burgers_relay_hotspot] [operator][epoch 139] lambda=0.0250 relay_stage=finetune relay_scale=0.000 relay_hotspot=0.9433 train_mse=0.00551085 val_mse=0.00484022 val_mae=0.04250586 | peer_val_mse=0.00002690 peer_val_mae=0.00366261
[operator_burgers_relay_v1/burgers_relay_hotspot] [operator][epoch 140] lambda=0.0250 relay_stage=finetune relay_scale=0.000 relay_hotspot=0.9348 train_mse=0.00480201 val_mse=0.00466556 val_mae=0.04320124 | peer_val_mse=0.00002690 peer_val_mae=0.00366261
[operator_burgers_relay_v1/burgers_relay_hotspot] [operator][epoch 140] updated live plot
[operator_burgers_relay_v1/burgers_relay_hotspot] [operator] done
[operator_burgers_relay_v1] done
