[worker3/operator_burgers_fno_polish_fair_v2] log -> results/logs/operator_burgers_fno_polish_fair_v2/worker3/launcher.out
[worker3/operator_burgers_fno_polish_fair_v2] [operator_burgers_fno_polish_fair_v2] output_root=results/operator_burgers_fno_polish_fair_v2/worker3_gpu0
[worker3/operator_burgers_fno_polish_fair_v2] [operator_burgers_fno_polish_fair_v2] gpu=0 seeds=0 1 2 epochs=180 batch_size=16
[worker3/operator_burgers_fno_polish_fair_v2] [operator_burgers_fno_polish_fair_v2] init_checkpoint_template=results/operator_burgers_followup_v1/burgers_l005_m0_w12_d60_120_ow1/operator/burgers/fno_independent_mse_seed{seed}/model.pt
[worker3/operator_burgers_fno_polish_fair_v2] [operator_burgers_fno_polish_fair_v2] peer_init_checkpoint_template=results/operator_burgers_followup_v1/burgers_l005_m0_w12_d60_120_ow1/operator/burgers/deeponet_independent_mse_seed{seed}/model.pt
[worker3/operator_burgers_fno_polish_fair_v2] [operator_burgers_fno_polish_fair_v2] case_specs=fno_polish_coarse_l002_w24_d90_170:0.020:0.00:24:90:170:0.05:coarse:element fno_polish_hotspot_l003_w20_d80_160:0.030:0.00:20:80:160:0.05:hotspot:element fno_polish_full_l0015_w30_d100_180:0.015:0.00:30:100:180:0.05:full:sample
[worker3/operator_burgers_fno_polish_fair_v2] [operator_burgers_fno_polish_fair_v2/fno_polish_coarse_l002_w24_d90_170] lock -> /home/namkyeong/ssmo/results/.locks/operator_burgers_fno_polish_fair_v2_fno_polish_coarse_l002_w24_d90_170.lock
[worker3/operator_burgers_fno_polish_fair_v2] [operator_burgers_fno_polish_fair_v2/fno_polish_coarse_l002_w24_d90_170] log -> results/logs/operator_burgers_fno_polish_fair_v2/worker3/cases/fno_polish_coarse_l002_w24_d90_170.log
[worker3/operator_burgers_fno_polish_fair_v2] [operator_burgers_fno_polish_fair_v2/fno_polish_coarse_l002_w24_d90_170] [operator] output_dir=results/operator_burgers_fno_polish_fair_v2/worker3_gpu0/fno_polish_coarse_l002_w24_d90_170
[worker3/operator_burgers_fno_polish_fair_v2] [operator_burgers_fno_polish_fair_v2/fno_polish_coarse_l002_w24_d90_170] [operator] methods=ssml
[worker3/operator_burgers_fno_polish_fair_v2] [operator_burgers_fno_polish_fair_v2/fno_polish_coarse_l002_w24_d90_170] [operator] model_pairs=fno:deeponet
[worker3/operator_burgers_fno_polish_fair_v2] [operator_burgers_fno_polish_fair_v2/fno_polish_coarse_l002_w24_d90_170] [operator] relay_stage_epochs=
[worker3/operator_burgers_fno_polish_fair_v2] [operator_burgers_fno_polish_fair_v2/fno_polish_coarse_l002_w24_d90_170] [operator] relay_hint_mode=coarse
[worker3/operator_burgers_fno_polish_fair_v2] [operator_burgers_fno_polish_fair_v2/fno_polish_coarse_l002_w24_d90_170] [operator] relay_taper_schedule=linear
[worker3/operator_burgers_fno_polish_fair_v2] [operator_burgers_fno_polish_fair_v2/fno_polish_coarse_l002_w24_d90_170] [operator] dataset=burgers pair=fno:deeponet method=ssml seed=0
[worker3/operator_burgers_fno_polish_fair_v2] [operator_burgers_fno_polish_fair_v2/fno_polish_coarse_l002_w24_d90_170] [operator] loaded init_checkpoint=results/operator_burgers_followup_v1/burgers_l005_m0_w12_d60_120_ow1/operator/burgers/fno_independent_mse_seed0/model.pt
[worker3/operator_burgers_fno_polish_fair_v2] [operator_burgers_fno_polish_fair_v2/fno_polish_coarse_l002_w24_d90_170] [operator] loaded peer_init_checkpoint=results/operator_burgers_followup_v1/burgers_l005_m0_w12_d60_120_ow1/operator/burgers/deeponet_independent_mse_seed0/model.pt
[worker3/operator_burgers_fno_polish_fair_v2] [operator_burgers_fno_polish_fair_v2/fno_polish_coarse_l002_w24_d90_170] [operator] run_dir=results/operator_burgers_fno_polish_fair_v2/worker3_gpu0/fno_polish_coarse_l002_w24_d90_170/operator/burgers/fno__deeponet_ssml_mse_seed0
[worker3/operator_burgers_fno_polish_fair_v2] [operator_burgers_fno_polish_fair_v2/fno_polish_coarse_l002_w24_d90_170] [operator] params=279041
[worker3/operator_burgers_fno_polish_fair_v2] [operator_burgers_fno_polish_fair_v2/fno_polish_coarse_l002_w24_d90_170] [operator] granularity=element student_only=True freeze_peer=True peer_updates_disabled=True relay_stage_epochs=(0, 0, 0) relay_hint_mode=coarse relay_taper_schedule=linear
[worker3/operator_burgers_fno_polish_fair_v2] [operator_burgers_fno_polish_fair_v2/fno_polish_coarse_l002_w24_d90_170] [operator][epoch 001] lambda=0.0000 relay_stage=disabled relay_scale=1.000 relay_hotspot=0.0000 train_mse=0.00034262 val_mse=0.00001659 val_mae=0.00293075 | peer_val_mse=0.02240843 peer_val_mae=0.09563191
[worker3/operator_burgers_fno_polish_fair_v2] [operator_burgers_fno_polish_fair_v2/fno_polish_coarse_l002_w24_d90_170] [operator][epoch 002] lambda=0.0000 relay_stage=disabled relay_scale=1.000 relay_hotspot=0.0000 train_mse=0.00001027 val_mse=0.00001031 val_mae=0.00218656 | peer_val_mse=0.02240843 peer_val_mae=0.09563191
[worker3/operator_burgers_fno_polish_fair_v2] [operator_burgers_fno_polish_fair_v2/fno_polish_coarse_l002_w24_d90_170] [operator][epoch 003] lambda=0.0000 relay_stage=disabled relay_scale=1.000 relay_hotspot=0.0000 train_mse=0.00000585 val_mse=0.00000503 val_mae=0.00145737 | peer_val_mse=0.02240843 peer_val_mae=0.09563191
[worker3/operator_burgers_fno_polish_fair_v2] [operator_burgers_fno_polish_fair_v2/fno_polish_coarse_l002_w24_d90_170] [operator][epoch 004] lambda=0.0000 relay_stage=disabled relay_scale=1.000 relay_hotspot=0.0000 train_mse=0.00000358 val_mse=0.00000584 val_mae=0.00158094 | peer_val_mse=0.02240843 peer_val_mae=0.09563191
[worker3/operator_burgers_fno_polish_fair_v2] [operator_burgers_fno_polish_fair_v2/fno_polish_coarse_l002_w24_d90_170] [operator][epoch 005] lambda=0.0000 relay_stage=disabled relay_scale=1.000 relay_hotspot=0.0000 train_mse=0.00001085 val_mse=0.00000880 val_mae=0.00210813 | peer_val_mse=0.02240843 peer_val_mae=0.09563191
[worker3/operator_burgers_fno_polish_fair_v2] [operator_burgers_fno_polish_fair_v2/fno_polish_coarse_l002_w24_d90_170] [operator][epoch 006] lambda=0.0000 relay_stage=disabled relay_scale=1.000 relay_hotspot=0.0000 train_mse=0.00000562 val_mse=0.00001025 val_mae=0.00198089 | peer_val_mse=0.02240843 peer_val_mae=0.09563191
[worker3/operator_burgers_fno_polish_fair_v2] [operator_burgers_fno_polish_fair_v2/fno_polish_coarse_l002_w24_d90_170] [operator][epoch 007] lambda=0.0000 relay_stage=disabled relay_scale=1.000 relay_hotspot=0.0000 train_mse=0.00000560 val_mse=0.00000499 val_mae=0.00148659 | peer_val_mse=0.02240843 peer_val_mae=0.09563191
[worker3/operator_burgers_fno_polish_fair_v2] [operator_burgers_fno_polish_fair_v2/fno_polish_coarse_l002_w24_d90_170] [operator][epoch 008] lambda=0.0000 relay_stage=disabled relay_scale=1.000 relay_hotspot=0.0000 train_mse=0.00000487 val_mse=0.00000890 val_mae=0.00183025 | peer_val_mse=0.02240843 peer_val_mae=0.09563191
[worker3/operator_burgers_fno_polish_fair_v2] [operator_burgers_fno_polish_fair_v2/fno_polish_coarse_l002_w24_d90_170] [operator][epoch 009] lambda=0.0000 relay_stage=disabled relay_scale=1.000 relay_hotspot=0.0000 train_mse=0.00003681 val_mse=0.00003691 val_mae=0.00458588 | peer_val_mse=0.02240843 peer_val_mae=0.09563191
[worker3/operator_burgers_fno_polish_fair_v2] [operator_burgers_fno_polish_fair_v2/fno_polish_coarse_l002_w24_d90_170] [operator][epoch 010] lambda=0.0000 relay_stage=disabled relay_scale=1.000 relay_hotspot=0.0000 train_mse=0.00004863 val_mse=0.00005551 val_mae=0.00484270 | peer_val_mse=0.02240843 peer_val_mae=0.09563191
[worker3/operator_burgers_fno_polish_fair_v2] [operator_burgers_fno_polish_fair_v2/fno_polish_coarse_l002_w24_d90_170] [operator][epoch 011] lambda=0.0000 relay_stage=disabled relay_scale=1.000 relay_hotspot=0.0000 train_mse=0.00004313 val_mse=0.00004832 val_mae=0.00547780 | peer_val_mse=0.02240843 peer_val_mae=0.09563191
[worker3/operator_burgers_fno_polish_fair_v2] [operator_burgers_fno_polish_fair_v2/fno_polish_coarse_l002_w24_d90_170] [operator][epoch 012] lambda=0.0000 relay_stage=disabled relay_scale=1.000 relay_hotspot=0.0000 train_mse=0.00006444 val_mse=0.00004940 val_mae=0.00578142 | peer_val_mse=0.02240843 peer_val_mae=0.09563191
[worker3/operator_burgers_fno_polish_fair_v2] [operator_burgers_fno_polish_fair_v2/fno_polish_coarse_l002_w24_d90_170] [operator][epoch 013] lambda=0.0000 relay_stage=disabled relay_scale=1.000 relay_hotspot=0.0000 train_mse=0.00002047 val_mse=0.00006762 val_mae=0.00536580 | peer_val_mse=0.02240843 peer_val_mae=0.09563191
[worker3/operator_burgers_fno_polish_fair_v2] [operator_burgers_fno_polish_fair_v2/fno_polish_coarse_l002_w24_d90_170] [operator][epoch 014] lambda=0.0000 relay_stage=disabled relay_scale=1.000 relay_hotspot=0.0000 train_mse=0.00003215 val_mse=0.00001405 val_mae=0.00233365 | peer_val_mse=0.02240843 peer_val_mae=0.09563191
[worker3/operator_burgers_fno_polish_fair_v2] [operator_burgers_fno_polish_fair_v2/fno_polish_coarse_l002_w24_d90_170] [operator][epoch 015] lambda=0.0000 relay_stage=disabled relay_scale=1.000 relay_hotspot=0.0000 train_mse=0.00000886 val_mse=0.00001422 val_mae=0.00209463 | peer_val_mse=0.02240843 peer_val_mae=0.09563191
[worker3/operator_burgers_fno_polish_fair_v2] [operator_burgers_fno_polish_fair_v2/fno_polish_coarse_l002_w24_d90_170] [operator][epoch 016] lambda=0.0000 relay_stage=disabled relay_scale=1.000 relay_hotspot=0.0000 train_mse=0.00000756 val_mse=0.00001110 val_mae=0.00205697 | peer_val_mse=0.02240843 peer_val_mae=0.09563191
[worker3/operator_burgers_fno_polish_fair_v2] [operator_burgers_fno_polish_fair_v2/fno_polish_coarse_l002_w24_d90_170] [operator][epoch 017] lambda=0.0000 relay_stage=disabled relay_scale=1.000 relay_hotspot=0.0000 train_mse=0.00002937 val_mse=0.00001175 val_mae=0.00224845 | peer_val_mse=0.02240843 peer_val_mae=0.09563191
[worker3/operator_burgers_fno_polish_fair_v2] [operator_burgers_fno_polish_fair_v2/fno_polish_coarse_l002_w24_d90_170] [operator][epoch 018] lambda=0.0000 relay_stage=disabled relay_scale=1.000 relay_hotspot=0.0000 train_mse=0.00003612 val_mse=0.00007731 val_mae=0.00559154 | peer_val_mse=0.02240843 peer_val_mae=0.09563191
[worker3/operator_burgers_fno_polish_fair_v2] [operator_burgers_fno_polish_fair_v2/fno_polish_coarse_l002_w24_d90_170] [operator][epoch 019] lambda=0.0000 relay_stage=disabled relay_scale=1.000 relay_hotspot=0.0000 train_mse=0.00004342 val_mse=0.00005994 val_mae=0.00496533 | peer_val_mse=0.02240843 peer_val_mae=0.09563191
[worker3/operator_burgers_fno_polish_fair_v2] [operator_burgers_fno_polish_fair_v2/fno_polish_coarse_l002_w24_d90_170] [operator][epoch 020] lambda=0.0000 relay_stage=disabled relay_scale=1.000 relay_hotspot=0.0000 train_mse=0.00002646 val_mse=0.00001632 val_mae=0.00272321 | peer_val_mse=0.02240843 peer_val_mae=0.09563191
[worker3/operator_burgers_fno_polish_fair_v2] [operator_burgers_fno_polish_fair_v2/fno_polish_coarse_l002_w24_d90_170] [operator][epoch 020] updated live plot
[worker3/operator_burgers_fno_polish_fair_v2] [operator_burgers_fno_polish_fair_v2/fno_polish_coarse_l002_w24_d90_170] [operator][epoch 021] lambda=0.0000 relay_stage=disabled relay_scale=1.000 relay_hotspot=0.0000 train_mse=0.00002764 val_mse=0.00002080 val_mae=0.00279990 | peer_val_mse=0.02240843 peer_val_mae=0.09563191
[worker3/operator_burgers_fno_polish_fair_v2] [operator_burgers_fno_polish_fair_v2/fno_polish_coarse_l002_w24_d90_170] [operator][epoch 022] lambda=0.0000 relay_stage=disabled relay_scale=1.000 relay_hotspot=0.0000 train_mse=0.00006382 val_mse=0.00009993 val_mae=0.00719299 | peer_val_mse=0.02240843 peer_val_mae=0.09563191
[worker3/operator_burgers_fno_polish_fair_v2] [operator_burgers_fno_polish_fair_v2/fno_polish_coarse_l002_w24_d90_170] [operator][epoch 023] lambda=0.0000 relay_stage=disabled relay_scale=1.000 relay_hotspot=0.0000 train_mse=0.00006018 val_mse=0.00003803 val_mae=0.00379426 | peer_val_mse=0.02240843 peer_val_mae=0.09563191
[worker3/operator_burgers_fno_polish_fair_v2] [operator_burgers_fno_polish_fair_v2/fno_polish_coarse_l002_w24_d90_170] [operator][epoch 024] lambda=0.0000 relay_stage=disabled relay_scale=1.000 relay_hotspot=0.0000 train_mse=0.00010399 val_mse=0.00002774 val_mae=0.00379464 | peer_val_mse=0.02240843 peer_val_mae=0.09563191
[worker3/operator_burgers_fno_polish_fair_v2] [operator_burgers_fno_polish_fair_v2/fno_polish_coarse_l002_w24_d90_170] [operator][epoch 025] lambda=0.0200 relay_stage=disabled relay_scale=1.000 relay_hotspot=0.0000 train_mse=0.00001784 val_mse=0.00000834 val_mae=0.00194023 | peer_val_mse=0.02240843 peer_val_mae=0.09563191
[worker3/operator_burgers_fno_polish_fair_v2] [operator_burgers_fno_polish_fair_v2/fno_polish_coarse_l002_w24_d90_170] [operator][epoch 026] lambda=0.0200 relay_stage=disabled relay_scale=1.000 relay_hotspot=0.0000 train_mse=0.00000908 val_mse=0.00001163 val_mae=0.00257326 | peer_val_mse=0.02240843 peer_val_mae=0.09563191
[worker3/operator_burgers_fno_polish_fair_v2] [operator_burgers_fno_polish_fair_v2/fno_polish_coarse_l002_w24_d90_170] [operator][epoch 027] lambda=0.0200 relay_stage=disabled relay_scale=1.000 relay_hotspot=0.0000 train_mse=0.00001173 val_mse=0.00001350 val_mae=0.00264979 | peer_val_mse=0.02240843 peer_val_mae=0.09563191
[worker3/operator_burgers_fno_polish_fair_v2] [operator_burgers_fno_polish_fair_v2/fno_polish_coarse_l002_w24_d90_170] [operator][epoch 028] lambda=0.0200 relay_stage=disabled relay_scale=1.000 relay_hotspot=0.0000 train_mse=0.00001248 val_mse=0.00001063 val_mae=0.00208631 | peer_val_mse=0.02240843 peer_val_mae=0.09563191
[worker3/operator_burgers_fno_polish_fair_v2] [operator_burgers_fno_polish_fair_v2/fno_polish_coarse_l002_w24_d90_170] [operator][epoch 029] lambda=0.0200 relay_stage=disabled relay_scale=1.000 relay_hotspot=0.0000 train_mse=0.00001150 val_mse=0.00001070 val_mae=0.00252673 | peer_val_mse=0.02240843 peer_val_mae=0.09563191
[worker3/operator_burgers_fno_polish_fair_v2] [operator_burgers_fno_polish_fair_v2/fno_polish_coarse_l002_w24_d90_170] [operator][epoch 030] lambda=0.0200 relay_stage=disabled relay_scale=1.000 relay_hotspot=0.0000 train_mse=0.00000871 val_mse=0.00000644 val_mae=0.00170361 | peer_val_mse=0.02240843 peer_val_mae=0.09563191
[worker3/operator_burgers_fno_polish_fair_v2] [operator_burgers_fno_polish_fair_v2/fno_polish_coarse_l002_w24_d90_170] [operator][epoch 031] lambda=0.0200 relay_stage=disabled relay_scale=1.000 relay_hotspot=0.0000 train_mse=0.00000544 val_mse=0.00001087 val_mae=0.00216870 | peer_val_mse=0.02240843 peer_val_mae=0.09563191
[worker3/operator_burgers_fno_polish_fair_v2] [operator_burgers_fno_polish_fair_v2/fno_polish_coarse_l002_w24_d90_170] [operator][epoch 032] lambda=0.0200 relay_stage=disabled relay_scale=1.000 relay_hotspot=0.0000 train_mse=0.00002147 val_mse=0.00002309 val_mae=0.00326560 | peer_val_mse=0.02240843 peer_val_mae=0.09563191
[worker3/operator_burgers_fno_polish_fair_v2] [operator_burgers_fno_polish_fair_v2/fno_polish_coarse_l002_w24_d90_170] [operator][epoch 033] lambda=0.0200 relay_stage=disabled relay_scale=1.000 relay_hotspot=0.0000 train_mse=0.00003151 val_mse=0.00001679 val_mae=0.00246809 | peer_val_mse=0.02240843 peer_val_mae=0.09563191
[worker3/operator_burgers_fno_polish_fair_v2] [operator_burgers_fno_polish_fair_v2/fno_polish_coarse_l002_w24_d90_170] [operator][epoch 034] lambda=0.0200 relay_stage=disabled relay_scale=1.000 relay_hotspot=0.0000 train_mse=0.00001427 val_mse=0.00001313 val_mae=0.00236962 | peer_val_mse=0.02240843 peer_val_mae=0.09563191
[worker3/operator_burgers_fno_polish_fair_v2] [operator_burgers_fno_polish_fair_v2/fno_polish_coarse_l002_w24_d90_170] [operator][epoch 035] lambda=0.0200 relay_stage=disabled relay_scale=1.000 relay_hotspot=0.0000 train_mse=0.00001146 val_mse=0.00001759 val_mae=0.00324456 | peer_val_mse=0.02240843 peer_val_mae=0.09563191
[worker3/operator_burgers_fno_polish_fair_v2] [operator_burgers_fno_polish_fair_v2/fno_polish_coarse_l002_w24_d90_170] [operator][epoch 036] lambda=0.0200 relay_stage=disabled relay_scale=1.000 relay_hotspot=0.0000 train_mse=0.00007434 val_mse=0.00002231 val_mae=0.00354080 | peer_val_mse=0.02240843 peer_val_mae=0.09563191
[worker3/operator_burgers_fno_polish_fair_v2] [operator_burgers_fno_polish_fair_v2/fno_polish_coarse_l002_w24_d90_170] [operator][epoch 037] lambda=0.0200 relay_stage=disabled relay_scale=1.000 relay_hotspot=0.0000 train_mse=0.00003897 val_mse=0.00002675 val_mae=0.00327383 | peer_val_mse=0.02240843 peer_val_mae=0.09563191
[worker3/operator_burgers_fno_polish_fair_v2] [operator_burgers_fno_polish_fair_v2/fno_polish_coarse_l002_w24_d90_170] [operator][epoch 038] lambda=0.0200 relay_stage=disabled relay_scale=1.000 relay_hotspot=0.0000 train_mse=0.00011527 val_mse=0.00006551 val_mae=0.00624325 | peer_val_mse=0.02240843 peer_val_mae=0.09563191
[worker3/operator_burgers_fno_polish_fair_v2] [operator_burgers_fno_polish_fair_v2/fno_polish_coarse_l002_w24_d90_170] [operator][epoch 039] lambda=0.0200 relay_stage=disabled relay_scale=1.000 relay_hotspot=0.0000 train_mse=0.00004070 val_mse=0.00016216 val_mae=0.00680803 | peer_val_mse=0.02240843 peer_val_mae=0.09563191
[worker3/operator_burgers_fno_polish_fair_v2] [operator_burgers_fno_polish_fair_v2/fno_polish_coarse_l002_w24_d90_170] [operator][epoch 040] lambda=0.0200 relay_stage=disabled relay_scale=1.000 relay_hotspot=0.0000 train_mse=0.00006263 val_mse=0.00005435 val_mae=0.00535190 | peer_val_mse=0.02240843 peer_val_mae=0.09563191
[worker3/operator_burgers_fno_polish_fair_v2] [operator_burgers_fno_polish_fair_v2/fno_polish_coarse_l002_w24_d90_170] [operator][epoch 040] updated live plot
[worker3/operator_burgers_fno_polish_fair_v2] [operator_burgers_fno_polish_fair_v2/fno_polish_coarse_l002_w24_d90_170] [operator][epoch 041] lambda=0.0200 relay_stage=disabled relay_scale=1.000 relay_hotspot=0.0000 train_mse=0.00005821 val_mse=0.00004273 val_mae=0.00471432 | peer_val_mse=0.02240843 peer_val_mae=0.09563191
[worker3/operator_burgers_fno_polish_fair_v2] [operator_burgers_fno_polish_fair_v2/fno_polish_coarse_l002_w24_d90_170] [operator][epoch 042] lambda=0.0200 relay_stage=disabled relay_scale=1.000 relay_hotspot=0.0000 train_mse=0.00003786 val_mse=0.00004803 val_mae=0.00449643 | peer_val_mse=0.02240843 peer_val_mae=0.09563191
[worker3/operator_burgers_fno_polish_fair_v2] [operator_burgers_fno_polish_fair_v2/fno_polish_coarse_l002_w24_d90_170] [operator][epoch 043] lambda=0.0200 relay_stage=disabled relay_scale=1.000 relay_hotspot=0.0000 train_mse=0.00007618 val_mse=0.00005218 val_mae=0.00522311 | peer_val_mse=0.02240843 peer_val_mae=0.09563191
[worker3/operator_burgers_fno_polish_fair_v2] [operator_burgers_fno_polish_fair_v2/fno_polish_coarse_l002_w24_d90_170] [operator][epoch 044] lambda=0.0200 relay_stage=disabled relay_scale=1.000 relay_hotspot=0.0000 train_mse=0.00005191 val_mse=0.00006609 val_mae=0.00551704 | peer_val_mse=0.02240843 peer_val_mae=0.09563191
[worker3/operator_burgers_fno_polish_fair_v2] [operator_burgers_fno_polish_fair_v2/fno_polish_coarse_l002_w24_d90_170] [operator][epoch 045] lambda=0.0200 relay_stage=disabled relay_scale=1.000 relay_hotspot=0.0000 train_mse=0.00003922 val_mse=0.00002332 val_mae=0.00329415 | peer_val_mse=0.02240843 peer_val_mae=0.09563191
[worker3/operator_burgers_fno_polish_fair_v2] [operator_burgers_fno_polish_fair_v2/fno_polish_coarse_l002_w24_d90_170] [operator][epoch 046] lambda=0.0200 relay_stage=disabled relay_scale=1.000 relay_hotspot=0.0000 train_mse=0.00001987 val_mse=0.00001390 val_mae=0.00258347 | peer_val_mse=0.02240843 peer_val_mae=0.09563191
[worker3/operator_burgers_fno_polish_fair_v2] [operator_burgers_fno_polish_fair_v2/fno_polish_coarse_l002_w24_d90_170] [operator][epoch 047] lambda=0.0200 relay_stage=disabled relay_scale=1.000 relay_hotspot=0.0000 train_mse=0.00001003 val_mse=0.00001192 val_mae=0.00228161 | peer_val_mse=0.02240843 peer_val_mae=0.09563191
[worker3/operator_burgers_fno_polish_fair_v2] [operator_burgers_fno_polish_fair_v2/fno_polish_coarse_l002_w24_d90_170] [operator][epoch 048] lambda=0.0200 relay_stage=disabled relay_scale=1.000 relay_hotspot=0.0000 train_mse=0.00000916 val_mse=0.00000968 val_mae=0.00195371 | peer_val_mse=0.02240843 peer_val_mae=0.09563191
[worker3/operator_burgers_fno_polish_fair_v2] [operator_burgers_fno_polish_fair_v2/fno_polish_coarse_l002_w24_d90_170] [operator][epoch 049] lambda=0.0200 relay_stage=disabled relay_scale=1.000 relay_hotspot=0.0000 train_mse=0.00000653 val_mse=0.00000742 val_mae=0.00182375 | peer_val_mse=0.02240843 peer_val_mae=0.09563191
[worker3/operator_burgers_fno_polish_fair_v2] [operator_burgers_fno_polish_fair_v2/fno_polish_coarse_l002_w24_d90_170] [operator][epoch 050] lambda=0.0200 relay_stage=disabled relay_scale=1.000 relay_hotspot=0.0000 train_mse=0.00000719 val_mse=0.00000941 val_mae=0.00216568 | peer_val_mse=0.02240843 peer_val_mae=0.09563191
[worker3/operator_burgers_fno_polish_fair_v2] [operator_burgers_fno_polish_fair_v2/fno_polish_coarse_l002_w24_d90_170] [operator][epoch 051] lambda=0.0200 relay_stage=disabled relay_scale=1.000 relay_hotspot=0.0000 train_mse=0.00001419 val_mse=0.00001326 val_mae=0.00284738 | peer_val_mse=0.02240843 peer_val_mae=0.09563191
[worker3/operator_burgers_fno_polish_fair_v2] [operator_burgers_fno_polish_fair_v2/fno_polish_coarse_l002_w24_d90_170] [operator][epoch 052] lambda=0.0200 relay_stage=disabled relay_scale=1.000 relay_hotspot=0.0000 train_mse=0.00000656 val_mse=0.00000641 val_mae=0.00176849 | peer_val_mse=0.02240843 peer_val_mae=0.09563191
[worker3/operator_burgers_fno_polish_fair_v2] [operator_burgers_fno_polish_fair_v2/fno_polish_coarse_l002_w24_d90_170] [operator][epoch 053] lambda=0.0200 relay_stage=disabled relay_scale=1.000 relay_hotspot=0.0000 train_mse=0.00000728 val_mse=0.00000589 val_mae=0.00165990 | peer_val_mse=0.02240843 peer_val_mae=0.09563191
[worker3/operator_burgers_fno_polish_fair_v2] [operator_burgers_fno_polish_fair_v2/fno_polish_coarse_l002_w24_d90_170] [operator][epoch 054] lambda=0.0200 relay_stage=disabled relay_scale=1.000 relay_hotspot=0.0000 train_mse=0.00000754 val_mse=0.00000815 val_mae=0.00178912 | peer_val_mse=0.02240843 peer_val_mae=0.09563191
[worker3/operator_burgers_fno_polish_fair_v2] [operator_burgers_fno_polish_fair_v2/fno_polish_coarse_l002_w24_d90_170] [operator][epoch 055] lambda=0.0200 relay_stage=disabled relay_scale=1.000 relay_hotspot=0.0000 train_mse=0.00000672 val_mse=0.00002212 val_mae=0.00358268 | peer_val_mse=0.02240843 peer_val_mae=0.09563191
[worker3/operator_burgers_fno_polish_fair_v2] [operator_burgers_fno_polish_fair_v2/fno_polish_coarse_l002_w24_d90_170] [operator][epoch 056] lambda=0.0200 relay_stage=disabled relay_scale=1.000 relay_hotspot=0.0000 train_mse=0.00002052 val_mse=0.00003622 val_mae=0.00359743 | peer_val_mse=0.02240843 peer_val_mae=0.09563191
[worker3/operator_burgers_fno_polish_fair_v2] [operator_burgers_fno_polish_fair_v2/fno_polish_coarse_l002_w24_d90_170] [operator][epoch 057] lambda=0.0200 relay_stage=disabled relay_scale=1.000 relay_hotspot=0.0000 train_mse=0.00003180 val_mse=0.00001508 val_mae=0.00278970 | peer_val_mse=0.02240843 peer_val_mae=0.09563191
[worker3/operator_burgers_fno_polish_fair_v2] [operator_burgers_fno_polish_fair_v2/fno_polish_coarse_l002_w24_d90_170] [operator][epoch 058] lambda=0.0200 relay_stage=disabled relay_scale=1.000 relay_hotspot=0.0000 train_mse=0.00007194 val_mse=0.00009104 val_mae=0.00733391 | peer_val_mse=0.02240843 peer_val_mae=0.09563191
[worker3/operator_burgers_fno_polish_fair_v2] [operator_burgers_fno_polish_fair_v2/fno_polish_coarse_l002_w24_d90_170] [operator][epoch 059] lambda=0.0200 relay_stage=disabled relay_scale=1.000 relay_hotspot=0.0000 train_mse=0.00007194 val_mse=0.00002009 val_mae=0.00319472 | peer_val_mse=0.02240843 peer_val_mae=0.09563191
[worker3/operator_burgers_fno_polish_fair_v2] [operator_burgers_fno_polish_fair_v2/fno_polish_coarse_l002_w24_d90_170] [operator][epoch 060] lambda=0.0200 relay_stage=disabled relay_scale=1.000 relay_hotspot=0.0000 train_mse=0.00001886 val_mse=0.00002067 val_mae=0.00349893 | peer_val_mse=0.02240843 peer_val_mae=0.09563191
[worker3/operator_burgers_fno_polish_fair_v2] [operator_burgers_fno_polish_fair_v2/fno_polish_coarse_l002_w24_d90_170] [operator][epoch 060] updated live plot
[worker3/operator_burgers_fno_polish_fair_v2] [operator_burgers_fno_polish_fair_v2/fno_polish_coarse_l002_w24_d90_170] [operator][epoch 061] lambda=0.0200 relay_stage=disabled relay_scale=1.000 relay_hotspot=0.0000 train_mse=0.00001602 val_mse=0.00003063 val_mae=0.00370135 | peer_val_mse=0.02240843 peer_val_mae=0.09563191
[worker3/operator_burgers_fno_polish_fair_v2] [operator_burgers_fno_polish_fair_v2/fno_polish_coarse_l002_w24_d90_170] [operator][epoch 062] lambda=0.0200 relay_stage=disabled relay_scale=1.000 relay_hotspot=0.0000 train_mse=0.00001999 val_mse=0.00002960 val_mae=0.00328986 | peer_val_mse=0.02240843 peer_val_mae=0.09563191
[worker3/operator_burgers_fno_polish_fair_v2] [operator_burgers_fno_polish_fair_v2/fno_polish_coarse_l002_w24_d90_170] [operator][epoch 063] lambda=0.0200 relay_stage=disabled relay_scale=1.000 relay_hotspot=0.0000 train_mse=0.00007099 val_mse=0.00022550 val_mae=0.01224063 | peer_val_mse=0.02240843 peer_val_mae=0.09563191
[worker3/operator_burgers_fno_polish_fair_v2] [operator_burgers_fno_polish_fair_v2/fno_polish_coarse_l002_w24_d90_170] [operator][epoch 064] lambda=0.0200 relay_stage=disabled relay_scale=1.000 relay_hotspot=0.0000 train_mse=0.00009836 val_mse=0.00007572 val_mae=0.00601570 | peer_val_mse=0.02240843 peer_val_mae=0.09563191
[worker3/operator_burgers_fno_polish_fair_v2] [operator_burgers_fno_polish_fair_v2/fno_polish_coarse_l002_w24_d90_170] [operator][epoch 065] lambda=0.0200 relay_stage=disabled relay_scale=1.000 relay_hotspot=0.0000 train_mse=0.00002908 val_mse=0.00003559 val_mae=0.00353545 | peer_val_mse=0.02240843 peer_val_mae=0.09563191
[worker3/operator_burgers_fno_polish_fair_v2] [operator_burgers_fno_polish_fair_v2/fno_polish_coarse_l002_w24_d90_170] [operator][epoch 066] lambda=0.0200 relay_stage=disabled relay_scale=1.000 relay_hotspot=0.0000 train_mse=0.00002981 val_mse=0.00003548 val_mae=0.00440183 | peer_val_mse=0.02240843 peer_val_mae=0.09563191
[worker3/operator_burgers_fno_polish_fair_v2] [operator_burgers_fno_polish_fair_v2/fno_polish_coarse_l002_w24_d90_170] [operator][epoch 067] lambda=0.0200 relay_stage=disabled relay_scale=1.000 relay_hotspot=0.0000 train_mse=0.00005699 val_mse=0.00002152 val_mae=0.00323774 | peer_val_mse=0.02240843 peer_val_mae=0.09563191
[worker3/operator_burgers_fno_polish_fair_v2] [operator_burgers_fno_polish_fair_v2/fno_polish_coarse_l002_w24_d90_170] [operator][epoch 068] lambda=0.0200 relay_stage=disabled relay_scale=1.000 relay_hotspot=0.0000 train_mse=0.00003142 val_mse=0.00005023 val_mae=0.00490774 | peer_val_mse=0.02240843 peer_val_mae=0.09563191
[worker3/operator_burgers_fno_polish_fair_v2] [operator_burgers_fno_polish_fair_v2/fno_polish_coarse_l002_w24_d90_170] [operator][epoch 069] lambda=0.0200 relay_stage=disabled relay_scale=1.000 relay_hotspot=0.0000 train_mse=0.00004251 val_mse=0.00008032 val_mae=0.00645886 | peer_val_mse=0.02240843 peer_val_mae=0.09563191
[worker3/operator_burgers_fno_polish_fair_v2] [operator_burgers_fno_polish_fair_v2/fno_polish_coarse_l002_w24_d90_170] [operator][epoch 070] lambda=0.0200 relay_stage=disabled relay_scale=1.000 relay_hotspot=0.0000 train_mse=0.00004936 val_mse=0.00002886 val_mae=0.00366830 | peer_val_mse=0.02240843 peer_val_mae=0.09563191
[worker3/operator_burgers_fno_polish_fair_v2] [operator_burgers_fno_polish_fair_v2/fno_polish_coarse_l002_w24_d90_170] [operator][epoch 071] lambda=0.0200 relay_stage=disabled relay_scale=1.000 relay_hotspot=0.0000 train_mse=0.00003072 val_mse=0.00002244 val_mae=0.00319525 | peer_val_mse=0.02240843 peer_val_mae=0.09563191
[worker3/operator_burgers_fno_polish_fair_v2] [operator_burgers_fno_polish_fair_v2/fno_polish_coarse_l002_w24_d90_170] [operator][epoch 072] lambda=0.0200 relay_stage=disabled relay_scale=1.000 relay_hotspot=0.0000 train_mse=0.00001229 val_mse=0.00001309 val_mae=0.00226962 | peer_val_mse=0.02240843 peer_val_mae=0.09563191
[worker3/operator_burgers_fno_polish_fair_v2] [operator_burgers_fno_polish_fair_v2/fno_polish_coarse_l002_w24_d90_170] [operator][epoch 073] lambda=0.0200 relay_stage=disabled relay_scale=1.000 relay_hotspot=0.0000 train_mse=0.00001140 val_mse=0.00001143 val_mae=0.00207003 | peer_val_mse=0.02240843 peer_val_mae=0.09563191
[worker3/operator_burgers_fno_polish_fair_v2] [operator_burgers_fno_polish_fair_v2/fno_polish_coarse_l002_w24_d90_170] [operator][epoch 074] lambda=0.0200 relay_stage=disabled relay_scale=1.000 relay_hotspot=0.0000 train_mse=0.00000796 val_mse=0.00001360 val_mae=0.00235107 | peer_val_mse=0.02240843 peer_val_mae=0.09563191
[worker3/operator_burgers_fno_polish_fair_v2] [operator_burgers_fno_polish_fair_v2/fno_polish_coarse_l002_w24_d90_170] [operator][epoch 075] lambda=0.0200 relay_stage=disabled relay_scale=1.000 relay_hotspot=0.0000 train_mse=0.00001148 val_mse=0.00001233 val_mae=0.00255936 | peer_val_mse=0.02240843 peer_val_mae=0.09563191
[worker3/operator_burgers_fno_polish_fair_v2] [operator_burgers_fno_polish_fair_v2/fno_polish_coarse_l002_w24_d90_170] [operator][epoch 076] lambda=0.0200 relay_stage=disabled relay_scale=1.000 relay_hotspot=0.0000 train_mse=0.00000910 val_mse=0.00001340 val_mae=0.00250373 | peer_val_mse=0.02240843 peer_val_mae=0.09563191
[worker3/operator_burgers_fno_polish_fair_v2] [operator_burgers_fno_polish_fair_v2/fno_polish_coarse_l002_w24_d90_170] [operator][epoch 077] lambda=0.0200 relay_stage=disabled relay_scale=1.000 relay_hotspot=0.0000 train_mse=0.00001035 val_mse=0.00001086 val_mae=0.00221760 | peer_val_mse=0.02240843 peer_val_mae=0.09563191
[worker3/operator_burgers_fno_polish_fair_v2] [operator_burgers_fno_polish_fair_v2/fno_polish_coarse_l002_w24_d90_170] [operator][epoch 078] lambda=0.0200 relay_stage=disabled relay_scale=1.000 relay_hotspot=0.0000 train_mse=0.00002740 val_mse=0.00001703 val_mae=0.00266244 | peer_val_mse=0.02240843 peer_val_mae=0.09563191
[worker3/operator_burgers_fno_polish_fair_v2] [operator_burgers_fno_polish_fair_v2/fno_polish_coarse_l002_w24_d90_170] [operator][epoch 079] lambda=0.0200 relay_stage=disabled relay_scale=1.000 relay_hotspot=0.0000 train_mse=0.00000774 val_mse=0.00001013 val_mae=0.00171524 | peer_val_mse=0.02240843 peer_val_mae=0.09563191
[worker3/operator_burgers_fno_polish_fair_v2] [operator_burgers_fno_polish_fair_v2/fno_polish_coarse_l002_w24_d90_170] [operator][epoch 080] lambda=0.0200 relay_stage=disabled relay_scale=1.000 relay_hotspot=0.0000 train_mse=0.00003144 val_mse=0.00001493 val_mae=0.00256220 | peer_val_mse=0.02240843 peer_val_mae=0.09563191
[worker3/operator_burgers_fno_polish_fair_v2] [operator_burgers_fno_polish_fair_v2/fno_polish_coarse_l002_w24_d90_170] [operator][epoch 080] updated live plot
[worker3/operator_burgers_fno_polish_fair_v2] [operator_burgers_fno_polish_fair_v2/fno_polish_coarse_l002_w24_d90_170] [operator][epoch 081] lambda=0.0200 relay_stage=disabled relay_scale=1.000 relay_hotspot=0.0000 train_mse=0.00001800 val_mse=0.00002560 val_mae=0.00383557 | peer_val_mse=0.02240843 peer_val_mae=0.09563191
[worker3/operator_burgers_fno_polish_fair_v2] [operator_burgers_fno_polish_fair_v2/fno_polish_coarse_l002_w24_d90_170] [operator][epoch 082] lambda=0.0200 relay_stage=disabled relay_scale=1.000 relay_hotspot=0.0000 train_mse=0.00001658 val_mse=0.00002103 val_mae=0.00292489 | peer_val_mse=0.02240843 peer_val_mae=0.09563191
[worker3/operator_burgers_fno_polish_fair_v2] [operator_burgers_fno_polish_fair_v2/fno_polish_coarse_l002_w24_d90_170] [operator][epoch 083] lambda=0.0200 relay_stage=disabled relay_scale=1.000 relay_hotspot=0.0000 train_mse=0.00002073 val_mse=0.00002488 val_mae=0.00334293 | peer_val_mse=0.02240843 peer_val_mae=0.09563191
[worker3/operator_burgers_fno_polish_fair_v2] [operator_burgers_fno_polish_fair_v2/fno_polish_coarse_l002_w24_d90_170] [operator][epoch 084] lambda=0.0200 relay_stage=disabled relay_scale=1.000 relay_hotspot=0.0000 train_mse=0.00005713 val_mse=0.00002675 val_mae=0.00389012 | peer_val_mse=0.02240843 peer_val_mae=0.09563191
[worker3/operator_burgers_fno_polish_fair_v2] [operator_burgers_fno_polish_fair_v2/fno_polish_coarse_l002_w24_d90_170] [operator][epoch 085] lambda=0.0200 relay_stage=disabled relay_scale=1.000 relay_hotspot=0.0000 train_mse=0.00001969 val_mse=0.00000747 val_mae=0.00178671 | peer_val_mse=0.02240843 peer_val_mae=0.09563191
[worker3/operator_burgers_fno_polish_fair_v2] [operator_burgers_fno_polish_fair_v2/fno_polish_coarse_l002_w24_d90_170] [operator][epoch 086] lambda=0.0200 relay_stage=disabled relay_scale=1.000 relay_hotspot=0.0000 train_mse=0.00001003 val_mse=0.00001943 val_mae=0.00299822 | peer_val_mse=0.02240843 peer_val_mae=0.09563191
[worker3/operator_burgers_fno_polish_fair_v2] [operator_burgers_fno_polish_fair_v2/fno_polish_coarse_l002_w24_d90_170] [operator][epoch 087] lambda=0.0200 relay_stage=disabled relay_scale=1.000 relay_hotspot=0.0000 train_mse=0.00000943 val_mse=0.00001080 val_mae=0.00243905 | peer_val_mse=0.02240843 peer_val_mae=0.09563191
[worker3/operator_burgers_fno_polish_fair_v2] [operator_burgers_fno_polish_fair_v2/fno_polish_coarse_l002_w24_d90_170] [operator][epoch 088] lambda=0.0200 relay_stage=disabled relay_scale=1.000 relay_hotspot=0.0000 train_mse=0.00000752 val_mse=0.00001649 val_mae=0.00321739 | peer_val_mse=0.02240843 peer_val_mae=0.09563191
[worker3/operator_burgers_fno_polish_fair_v2] [operator_burgers_fno_polish_fair_v2/fno_polish_coarse_l002_w24_d90_170] [operator][epoch 089] lambda=0.0200 relay_stage=disabled relay_scale=1.000 relay_hotspot=0.0000 train_mse=0.00000844 val_mse=0.00001233 val_mae=0.00230109 | peer_val_mse=0.02240843 peer_val_mae=0.09563191
[worker3/operator_burgers_fno_polish_fair_v2] [operator_burgers_fno_polish_fair_v2/fno_polish_coarse_l002_w24_d90_170] [operator][epoch 090] lambda=0.0200 relay_stage=disabled relay_scale=1.000 relay_hotspot=0.0000 train_mse=0.00001134 val_mse=0.00001141 val_mae=0.00241863 | peer_val_mse=0.02240843 peer_val_mae=0.09563191
[worker3/operator_burgers_fno_polish_fair_v2] [operator_burgers_fno_polish_fair_v2/fno_polish_coarse_l002_w24_d90_170] [operator][epoch 091] lambda=0.0198 relay_stage=disabled relay_scale=1.000 relay_hotspot=0.0000 train_mse=0.00003723 val_mse=0.00006964 val_mae=0.00627222 | peer_val_mse=0.02240843 peer_val_mae=0.09563191
[worker3/operator_burgers_fno_polish_fair_v2] [operator_burgers_fno_polish_fair_v2/fno_polish_coarse_l002_w24_d90_170] [operator][epoch 092] lambda=0.0195 relay_stage=disabled relay_scale=1.000 relay_hotspot=0.0000 train_mse=0.00009105 val_mse=0.00003988 val_mae=0.00450512 | peer_val_mse=0.02240843 peer_val_mae=0.09563191
[worker3/operator_burgers_fno_polish_fair_v2] [operator_burgers_fno_polish_fair_v2/fno_polish_coarse_l002_w24_d90_170] [operator][epoch 093] lambda=0.0193 relay_stage=disabled relay_scale=1.000 relay_hotspot=0.0000 train_mse=0.00002097 val_mse=0.00000858 val_mae=0.00195181 | peer_val_mse=0.02240843 peer_val_mae=0.09563191
[worker3/operator_burgers_fno_polish_fair_v2] [operator_burgers_fno_polish_fair_v2/fno_polish_coarse_l002_w24_d90_170] [operator][epoch 094] lambda=0.0191 relay_stage=disabled relay_scale=1.000 relay_hotspot=0.0000 train_mse=0.00001379 val_mse=0.00002493 val_mae=0.00355297 | peer_val_mse=0.02240843 peer_val_mae=0.09563191
[worker3/operator_burgers_fno_polish_fair_v2] [operator_burgers_fno_polish_fair_v2/fno_polish_coarse_l002_w24_d90_170] [operator][epoch 095] lambda=0.0188 relay_stage=disabled relay_scale=1.000 relay_hotspot=0.0000 train_mse=0.00001691 val_mse=0.00001043 val_mae=0.00214831 | peer_val_mse=0.02240843 peer_val_mae=0.09563191
[worker3/operator_burgers_fno_polish_fair_v2] [operator_burgers_fno_polish_fair_v2/fno_polish_coarse_l002_w24_d90_170] [operator][epoch 096] lambda=0.0186 relay_stage=disabled relay_scale=1.000 relay_hotspot=0.0000 train_mse=0.00001583 val_mse=0.00001449 val_mae=0.00274671 | peer_val_mse=0.02240843 peer_val_mae=0.09563191
[worker3/operator_burgers_fno_polish_fair_v2] [operator_burgers_fno_polish_fair_v2/fno_polish_coarse_l002_w24_d90_170] [operator][epoch 097] lambda=0.0183 relay_stage=disabled relay_scale=1.000 relay_hotspot=0.0000 train_mse=0.00001440 val_mse=0.00002620 val_mae=0.00350649 | peer_val_mse=0.02240843 peer_val_mae=0.09563191
[worker3/operator_burgers_fno_polish_fair_v2] [operator_burgers_fno_polish_fair_v2/fno_polish_coarse_l002_w24_d90_170] [operator][epoch 098] lambda=0.0181 relay_stage=disabled relay_scale=1.000 relay_hotspot=0.0000 train_mse=0.00004409 val_mse=0.00003489 val_mae=0.00413397 | peer_val_mse=0.02240843 peer_val_mae=0.09563191
[worker3/operator_burgers_fno_polish_fair_v2] [operator_burgers_fno_polish_fair_v2/fno_polish_coarse_l002_w24_d90_170] [operator][epoch 099] lambda=0.0179 relay_stage=disabled relay_scale=1.000 relay_hotspot=0.0000 train_mse=0.00005595 val_mse=0.00005378 val_mae=0.00545417 | peer_val_mse=0.02240843 peer_val_mae=0.09563191
[worker3/operator_burgers_fno_polish_fair_v2] [operator_burgers_fno_polish_fair_v2/fno_polish_coarse_l002_w24_d90_170] [operator][epoch 100] lambda=0.0176 relay_stage=disabled relay_scale=1.000 relay_hotspot=0.0000 train_mse=0.00005789 val_mse=0.00016002 val_mae=0.00972848 | peer_val_mse=0.02240843 peer_val_mae=0.09563191
[worker3/operator_burgers_fno_polish_fair_v2] [operator_burgers_fno_polish_fair_v2/fno_polish_coarse_l002_w24_d90_170] [operator][epoch 100] updated live plot
[worker3/operator_burgers_fno_polish_fair_v2] [operator_burgers_fno_polish_fair_v2/fno_polish_coarse_l002_w24_d90_170] [operator][epoch 101] lambda=0.0174 relay_stage=disabled relay_scale=1.000 relay_hotspot=0.0000 train_mse=0.00006156 val_mse=0.00006446 val_mae=0.00582427 | peer_val_mse=0.02240843 peer_val_mae=0.09563191
[worker3/operator_burgers_fno_polish_fair_v2] [operator_burgers_fno_polish_fair_v2/fno_polish_coarse_l002_w24_d90_170] [operator][epoch 102] lambda=0.0172 relay_stage=disabled relay_scale=1.000 relay_hotspot=0.0000 train_mse=0.00008079 val_mse=0.00006788 val_mae=0.00459928 | peer_val_mse=0.02240843 peer_val_mae=0.09563191
[worker3/operator_burgers_fno_polish_fair_v2] [operator_burgers_fno_polish_fair_v2/fno_polish_coarse_l002_w24_d90_170] [operator][epoch 103] lambda=0.0169 relay_stage=disabled relay_scale=1.000 relay_hotspot=0.0000 train_mse=0.00004266 val_mse=0.00003779 val_mae=0.00489772 | peer_val_mse=0.02240843 peer_val_mae=0.09563191
[worker3/operator_burgers_fno_polish_fair_v2] [operator_burgers_fno_polish_fair_v2/fno_polish_coarse_l002_w24_d90_170] [operator][epoch 104] lambda=0.0167 relay_stage=disabled relay_scale=1.000 relay_hotspot=0.0000 train_mse=0.00002056 val_mse=0.00001655 val_mae=0.00278766 | peer_val_mse=0.02240843 peer_val_mae=0.09563191
[worker3/operator_burgers_fno_polish_fair_v2] [operator_burgers_fno_polish_fair_v2/fno_polish_coarse_l002_w24_d90_170] [operator][epoch 105] lambda=0.0164 relay_stage=disabled relay_scale=1.000 relay_hotspot=0.0000 train_mse=0.00001276 val_mse=0.00001167 val_mae=0.00239158 | peer_val_mse=0.02240843 peer_val_mae=0.09563191
[worker3/operator_burgers_fno_polish_fair_v2] [operator_burgers_fno_polish_fair_v2/fno_polish_coarse_l002_w24_d90_170] [operator][epoch 106] lambda=0.0162 relay_stage=disabled relay_scale=1.000 relay_hotspot=0.0000 train_mse=0.00000775 val_mse=0.00001398 val_mae=0.00244185 | peer_val_mse=0.02240843 peer_val_mae=0.09563191
[worker3/operator_burgers_fno_polish_fair_v2] [operator_burgers_fno_polish_fair_v2/fno_polish_coarse_l002_w24_d90_170] [operator][epoch 107] lambda=0.0160 relay_stage=disabled relay_scale=1.000 relay_hotspot=0.0000 train_mse=0.00001359 val_mse=0.00001141 val_mae=0.00227499 | peer_val_mse=0.02240843 peer_val_mae=0.09563191
[worker3/operator_burgers_fno_polish_fair_v2] [operator_burgers_fno_polish_fair_v2/fno_polish_coarse_l002_w24_d90_170] [operator][epoch 108] lambda=0.0157 relay_stage=disabled relay_scale=1.000 relay_hotspot=0.0000 train_mse=0.00000602 val_mse=0.00000685 val_mae=0.00169337 | peer_val_mse=0.02240843 peer_val_mae=0.09563191
[worker3/operator_burgers_fno_polish_fair_v2] [operator_burgers_fno_polish_fair_v2/fno_polish_coarse_l002_w24_d90_170] [operator][epoch 109] lambda=0.0155 relay_stage=disabled relay_scale=1.000 relay_hotspot=0.0000 train_mse=0.00000413 val_mse=0.00000509 val_mae=0.00153002 | peer_val_mse=0.02240843 peer_val_mae=0.09563191
[worker3/operator_burgers_fno_polish_fair_v2] [operator_burgers_fno_polish_fair_v2/fno_polish_coarse_l002_w24_d90_170] [operator][epoch 110] lambda=0.0152 relay_stage=disabled relay_scale=1.000 relay_hotspot=0.0000 train_mse=0.00000458 val_mse=0.00000754 val_mae=0.00159293 | peer_val_mse=0.02240843 peer_val_mae=0.09563191
[worker3/operator_burgers_fno_polish_fair_v2] [operator_burgers_fno_polish_fair_v2/fno_polish_coarse_l002_w24_d90_170] [operator][epoch 111] lambda=0.0150 relay_stage=disabled relay_scale=1.000 relay_hotspot=0.0000 train_mse=0.00001044 val_mse=0.00000506 val_mae=0.00139725 | peer_val_mse=0.02240843 peer_val_mae=0.09563191
[worker3/operator_burgers_fno_polish_fair_v2] [operator_burgers_fno_polish_fair_v2/fno_polish_coarse_l002_w24_d90_170] [operator][epoch 112] lambda=0.0148 relay_stage=disabled relay_scale=1.000 relay_hotspot=0.0000 train_mse=0.00000374 val_mse=0.00000414 val_mae=0.00138631 | peer_val_mse=0.02240843 peer_val_mae=0.09563191
[worker3/operator_burgers_fno_polish_fair_v2] [operator_burgers_fno_polish_fair_v2/fno_polish_coarse_l002_w24_d90_170] [operator][epoch 113] lambda=0.0145 relay_stage=disabled relay_scale=1.000 relay_hotspot=0.0000 train_mse=0.00000303 val_mse=0.00000472 val_mae=0.00134020 | peer_val_mse=0.02240843 peer_val_mae=0.09563191
[worker3/operator_burgers_fno_polish_fair_v2] [operator_burgers_fno_polish_fair_v2/fno_polish_coarse_l002_w24_d90_170] [operator][epoch 114] lambda=0.0143 relay_stage=disabled relay_scale=1.000 relay_hotspot=0.0000 train_mse=0.00000344 val_mse=0.00000948 val_mae=0.00228118 | peer_val_mse=0.02240843 peer_val_mae=0.09563191
[worker3/operator_burgers_fno_polish_fair_v2] [operator_burgers_fno_polish_fair_v2/fno_polish_coarse_l002_w24_d90_170] [operator][epoch 115] lambda=0.0141 relay_stage=disabled relay_scale=1.000 relay_hotspot=0.0000 train_mse=0.00000556 val_mse=0.00000457 val_mae=0.00134079 | peer_val_mse=0.02240843 peer_val_mae=0.09563191
[worker3/operator_burgers_fno_polish_fair_v2] [operator_burgers_fno_polish_fair_v2/fno_polish_coarse_l002_w24_d90_170] [operator][epoch 116] lambda=0.0138 relay_stage=disabled relay_scale=1.000 relay_hotspot=0.0000 train_mse=0.00000603 val_mse=0.00000467 val_mae=0.00135026 | peer_val_mse=0.02240843 peer_val_mae=0.09563191
[worker3/operator_burgers_fno_polish_fair_v2] [operator_burgers_fno_polish_fair_v2/fno_polish_coarse_l002_w24_d90_170] [operator][epoch 117] lambda=0.0136 relay_stage=disabled relay_scale=1.000 relay_hotspot=0.0000 train_mse=0.00000238 val_mse=0.00000423 val_mae=0.00134063 | peer_val_mse=0.02240843 peer_val_mae=0.09563191
[worker3/operator_burgers_fno_polish_fair_v2] [operator_burgers_fno_polish_fair_v2/fno_polish_coarse_l002_w24_d90_170] [operator][epoch 118] lambda=0.0134 relay_stage=disabled relay_scale=1.000 relay_hotspot=0.0000 train_mse=0.00000539 val_mse=0.00000906 val_mae=0.00225110 | peer_val_mse=0.02240843 peer_val_mae=0.09563191
[worker3/operator_burgers_fno_polish_fair_v2] [operator_burgers_fno_polish_fair_v2/fno_polish_coarse_l002_w24_d90_170] [operator][epoch 119] lambda=0.0131 relay_stage=disabled relay_scale=1.000 relay_hotspot=0.0000 train_mse=0.00000446 val_mse=0.00000615 val_mae=0.00163895 | peer_val_mse=0.02240843 peer_val_mae=0.09563191
[worker3/operator_burgers_fno_polish_fair_v2] [operator_burgers_fno_polish_fair_v2/fno_polish_coarse_l002_w24_d90_170] [operator][epoch 120] lambda=0.0129 relay_stage=disabled relay_scale=1.000 relay_hotspot=0.0000 train_mse=0.00000830 val_mse=0.00001145 val_mae=0.00235126 | peer_val_mse=0.02240843 peer_val_mae=0.09563191
[worker3/operator_burgers_fno_polish_fair_v2] [operator_burgers_fno_polish_fair_v2/fno_polish_coarse_l002_w24_d90_170] [operator][epoch 120] updated live plot
[worker3/operator_burgers_fno_polish_fair_v2] [operator_burgers_fno_polish_fair_v2/fno_polish_coarse_l002_w24_d90_170] [operator][epoch 121] lambda=0.0126 relay_stage=disabled relay_scale=1.000 relay_hotspot=0.0000 train_mse=0.00001504 val_mse=0.00003071 val_mae=0.00419197 | peer_val_mse=0.02240843 peer_val_mae=0.09563191
[worker3/operator_burgers_fno_polish_fair_v2] [operator_burgers_fno_polish_fair_v2/fno_polish_coarse_l002_w24_d90_170] [operator][epoch 122] lambda=0.0124 relay_stage=disabled relay_scale=1.000 relay_hotspot=0.0000 train_mse=0.00009351 val_mse=0.00008266 val_mae=0.00611493 | peer_val_mse=0.02240843 peer_val_mae=0.09563191
[worker3/operator_burgers_fno_polish_fair_v2] [operator_burgers_fno_polish_fair_v2/fno_polish_coarse_l002_w24_d90_170] [operator][epoch 123] lambda=0.0122 relay_stage=disabled relay_scale=1.000 relay_hotspot=0.0000 train_mse=0.00004913 val_mse=0.00002360 val_mae=0.00353051 | peer_val_mse=0.02240843 peer_val_mae=0.09563191
[worker3/operator_burgers_fno_polish_fair_v2] [operator_burgers_fno_polish_fair_v2/fno_polish_coarse_l002_w24_d90_170] [operator][epoch 124] lambda=0.0119 relay_stage=disabled relay_scale=1.000 relay_hotspot=0.0000 train_mse=0.00007288 val_mse=0.00014407 val_mae=0.00882546 | peer_val_mse=0.02240843 peer_val_mae=0.09563191
[worker3/operator_burgers_fno_polish_fair_v2] [operator_burgers_fno_polish_fair_v2/fno_polish_coarse_l002_w24_d90_170] [operator][epoch 125] lambda=0.0117 relay_stage=disabled relay_scale=1.000 relay_hotspot=0.0000 train_mse=0.00006102 val_mse=0.00003959 val_mae=0.00377386 | peer_val_mse=0.02240843 peer_val_mae=0.09563191
[worker3/operator_burgers_fno_polish_fair_v2] [operator_burgers_fno_polish_fair_v2/fno_polish_coarse_l002_w24_d90_170] [operator][epoch 126] lambda=0.0115 relay_stage=disabled relay_scale=1.000 relay_hotspot=0.0000 train_mse=0.00006948 val_mse=0.00008179 val_mae=0.00635834 | peer_val_mse=0.02240843 peer_val_mae=0.09563191
[worker3/operator_burgers_fno_polish_fair_v2] [operator_burgers_fno_polish_fair_v2/fno_polish_coarse_l002_w24_d90_170] [operator][epoch 127] lambda=0.0112 relay_stage=disabled relay_scale=1.000 relay_hotspot=0.0000 train_mse=0.00004129 val_mse=0.00002377 val_mae=0.00333564 | peer_val_mse=0.02240843 peer_val_mae=0.09563191
[worker3/operator_burgers_fno_polish_fair_v2] [operator_burgers_fno_polish_fair_v2/fno_polish_coarse_l002_w24_d90_170] [operator][epoch 128] lambda=0.0110 relay_stage=disabled relay_scale=1.000 relay_hotspot=0.0000 train_mse=0.00002441 val_mse=0.00001014 val_mae=0.00215881 | peer_val_mse=0.02240843 peer_val_mae=0.09563191
[worker3/operator_burgers_fno_polish_fair_v2] [operator_burgers_fno_polish_fair_v2/fno_polish_coarse_l002_w24_d90_170] [operator][epoch 129] lambda=0.0107 relay_stage=disabled relay_scale=1.000 relay_hotspot=0.0000 train_mse=0.00001012 val_mse=0.00001638 val_mae=0.00249003 | peer_val_mse=0.02240843 peer_val_mae=0.09563191
[worker3/operator_burgers_fno_polish_fair_v2] [operator_burgers_fno_polish_fair_v2/fno_polish_coarse_l002_w24_d90_170] [operator][epoch 130] lambda=0.0105 relay_stage=disabled relay_scale=1.000 relay_hotspot=0.0000 train_mse=0.00000889 val_mse=0.00000657 val_mae=0.00160132 | peer_val_mse=0.02240843 peer_val_mae=0.09563191
[worker3/operator_burgers_fno_polish_fair_v2] [operator_burgers_fno_polish_fair_v2/fno_polish_coarse_l002_w24_d90_170] [operator][epoch 131] lambda=0.0103 relay_stage=disabled relay_scale=1.000 relay_hotspot=0.0000 train_mse=0.00001381 val_mse=0.00000853 val_mae=0.00184775 | peer_val_mse=0.02240843 peer_val_mae=0.09563191
[worker3/operator_burgers_fno_polish_fair_v2] [operator_burgers_fno_polish_fair_v2/fno_polish_coarse_l002_w24_d90_170] [operator][epoch 132] lambda=0.0100 relay_stage=disabled relay_scale=1.000 relay_hotspot=0.0000 train_mse=0.00001139 val_mse=0.00001019 val_mae=0.00209606 | peer_val_mse=0.02240843 peer_val_mae=0.09563191
[worker3/operator_burgers_fno_polish_fair_v2] [operator_burgers_fno_polish_fair_v2/fno_polish_coarse_l002_w24_d90_170] [operator][epoch 133] lambda=0.0098 relay_stage=disabled relay_scale=1.000 relay_hotspot=0.0000 train_mse=0.00001129 val_mse=0.00001327 val_mae=0.00286386 | peer_val_mse=0.02240843 peer_val_mae=0.09563191
[worker3/operator_burgers_fno_polish_fair_v2] [operator_burgers_fno_polish_fair_v2/fno_polish_coarse_l002_w24_d90_170] [operator][epoch 134] lambda=0.0096 relay_stage=disabled relay_scale=1.000 relay_hotspot=0.0000 train_mse=0.00001344 val_mse=0.00005576 val_mae=0.00530799 | peer_val_mse=0.02240843 peer_val_mae=0.09563191
[worker3/operator_burgers_fno_polish_fair_v2] [operator_burgers_fno_polish_fair_v2/fno_polish_coarse_l002_w24_d90_170] [operator][epoch 135] lambda=0.0093 relay_stage=disabled relay_scale=1.000 relay_hotspot=0.0000 train_mse=0.00004793 val_mse=0.00004190 val_mae=0.00419550 | peer_val_mse=0.02240843 peer_val_mae=0.09563191
[worker3/operator_burgers_fno_polish_fair_v2] [operator_burgers_fno_polish_fair_v2/fno_polish_coarse_l002_w24_d90_170] [operator][epoch 136] lambda=0.0091 relay_stage=disabled relay_scale=1.000 relay_hotspot=0.0000 train_mse=0.00004640 val_mse=0.00003396 val_mae=0.00428395 | peer_val_mse=0.02240843 peer_val_mae=0.09563191
[worker3/operator_burgers_fno_polish_fair_v2] [operator_burgers_fno_polish_fair_v2/fno_polish_coarse_l002_w24_d90_170] [operator][epoch 137] lambda=0.0088 relay_stage=disabled relay_scale=1.000 relay_hotspot=0.0000 train_mse=0.00002698 val_mse=0.00002086 val_mae=0.00346004 | peer_val_mse=0.02240843 peer_val_mae=0.09563191
[worker3/operator_burgers_fno_polish_fair_v2] [operator_burgers_fno_polish_fair_v2/fno_polish_coarse_l002_w24_d90_170] [operator][epoch 138] lambda=0.0086 relay_stage=disabled relay_scale=1.000 relay_hotspot=0.0000 train_mse=0.00001301 val_mse=0.00000919 val_mae=0.00214738 | peer_val_mse=0.02240843 peer_val_mae=0.09563191
[worker3/operator_burgers_fno_polish_fair_v2] [operator_burgers_fno_polish_fair_v2/fno_polish_coarse_l002_w24_d90_170] [operator][epoch 139] lambda=0.0084 relay_stage=disabled relay_scale=1.000 relay_hotspot=0.0000 train_mse=0.00000585 val_mse=0.00000618 val_mae=0.00171929 | peer_val_mse=0.02240843 peer_val_mae=0.09563191
[worker3/operator_burgers_fno_polish_fair_v2] [operator_burgers_fno_polish_fair_v2/fno_polish_coarse_l002_w24_d90_170] [operator][epoch 140] lambda=0.0081 relay_stage=disabled relay_scale=1.000 relay_hotspot=0.0000 train_mse=0.00000340 val_mse=0.00000481 val_mae=0.00121818 | peer_val_mse=0.02240843 peer_val_mae=0.09563191
[worker3/operator_burgers_fno_polish_fair_v2] [operator_burgers_fno_polish_fair_v2/fno_polish_coarse_l002_w24_d90_170] [operator][epoch 140] updated live plot
[worker3/operator_burgers_fno_polish_fair_v2] [operator_burgers_fno_polish_fair_v2/fno_polish_coarse_l002_w24_d90_170] [operator][epoch 141] lambda=0.0079 relay_stage=disabled relay_scale=1.000 relay_hotspot=0.0000 train_mse=0.00000420 val_mse=0.00000690 val_mae=0.00194033 | peer_val_mse=0.02240843 peer_val_mae=0.09563191
[worker3/operator_burgers_fno_polish_fair_v2] [operator_burgers_fno_polish_fair_v2/fno_polish_coarse_l002_w24_d90_170] [operator][epoch 142] lambda=0.0077 relay_stage=disabled relay_scale=1.000 relay_hotspot=0.0000 train_mse=0.00000409 val_mse=0.00000458 val_mae=0.00144130 | peer_val_mse=0.02240843 peer_val_mae=0.09563191
[worker3/operator_burgers_fno_polish_fair_v2] [operator_burgers_fno_polish_fair_v2/fno_polish_coarse_l002_w24_d90_170] [operator][epoch 143] lambda=0.0074 relay_stage=disabled relay_scale=1.000 relay_hotspot=0.0000 train_mse=0.00000570 val_mse=0.00000461 val_mae=0.00143079 | peer_val_mse=0.02240843 peer_val_mae=0.09563191
[worker3/operator_burgers_fno_polish_fair_v2] [operator_burgers_fno_polish_fair_v2/fno_polish_coarse_l002_w24_d90_170] [operator][epoch 144] lambda=0.0072 relay_stage=disabled relay_scale=1.000 relay_hotspot=0.0000 train_mse=0.00000316 val_mse=0.00000661 val_mae=0.00176999 | peer_val_mse=0.02240843 peer_val_mae=0.09563191
[worker3/operator_burgers_fno_polish_fair_v2] [operator_burgers_fno_polish_fair_v2/fno_polish_coarse_l002_w24_d90_170] [operator][epoch 145] lambda=0.0069 relay_stage=disabled relay_scale=1.000 relay_hotspot=0.0000 train_mse=0.00000291 val_mse=0.00000365 val_mae=0.00122378 | peer_val_mse=0.02240843 peer_val_mae=0.09563191
[worker3/operator_burgers_fno_polish_fair_v2] [operator_burgers_fno_polish_fair_v2/fno_polish_coarse_l002_w24_d90_170] [operator][epoch 146] lambda=0.0067 relay_stage=disabled relay_scale=1.000 relay_hotspot=0.0000 train_mse=0.00000587 val_mse=0.00000433 val_mae=0.00128734 | peer_val_mse=0.02240843 peer_val_mae=0.09563191
[worker3/operator_burgers_fno_polish_fair_v2] [operator_burgers_fno_polish_fair_v2/fno_polish_coarse_l002_w24_d90_170] [operator][epoch 147] lambda=0.0065 relay_stage=disabled relay_scale=1.000 relay_hotspot=0.0000 train_mse=0.00000498 val_mse=0.00000935 val_mae=0.00204489 | peer_val_mse=0.02240843 peer_val_mae=0.09563191
[worker3/operator_burgers_fno_polish_fair_v2] [operator_burgers_fno_polish_fair_v2/fno_polish_coarse_l002_w24_d90_170] [operator][epoch 148] lambda=0.0062 relay_stage=disabled relay_scale=1.000 relay_hotspot=0.0000 train_mse=0.00000985 val_mse=0.00000554 val_mae=0.00155012 | peer_val_mse=0.02240843 peer_val_mae=0.09563191
[worker3/operator_burgers_fno_polish_fair_v2] [operator_burgers_fno_polish_fair_v2/fno_polish_coarse_l002_w24_d90_170] [operator][epoch 149] lambda=0.0060 relay_stage=disabled relay_scale=1.000 relay_hotspot=0.0000 train_mse=0.00000766 val_mse=0.00001740 val_mae=0.00287169 | peer_val_mse=0.02240843 peer_val_mae=0.09563191
[worker3/operator_burgers_fno_polish_fair_v2] [operator_burgers_fno_polish_fair_v2/fno_polish_coarse_l002_w24_d90_170] [operator][epoch 150] lambda=0.0058 relay_stage=disabled relay_scale=1.000 relay_hotspot=0.0000 train_mse=0.00003464 val_mse=0.00002484 val_mae=0.00334350 | peer_val_mse=0.02240843 peer_val_mae=0.09563191
[worker3/operator_burgers_fno_polish_fair_v2] [operator_burgers_fno_polish_fair_v2/fno_polish_coarse_l002_w24_d90_170] [operator][epoch 151] lambda=0.0055 relay_stage=disabled relay_scale=1.000 relay_hotspot=0.0000 train_mse=0.00005849 val_mse=0.00003122 val_mae=0.00398849 | peer_val_mse=0.02240843 peer_val_mae=0.09563191
[worker3/operator_burgers_fno_polish_fair_v2] [operator_burgers_fno_polish_fair_v2/fno_polish_coarse_l002_w24_d90_170] [operator][epoch 152] lambda=0.0053 relay_stage=disabled relay_scale=1.000 relay_hotspot=0.0000 train_mse=0.00005118 val_mse=0.00003215 val_mae=0.00367171 | peer_val_mse=0.02240843 peer_val_mae=0.09563191
[worker3/operator_burgers_fno_polish_fair_v2] [operator_burgers_fno_polish_fair_v2/fno_polish_coarse_l002_w24_d90_170] [operator][epoch 153] lambda=0.0050 relay_stage=disabled relay_scale=1.000 relay_hotspot=0.0000 train_mse=0.00002336 val_mse=0.00001147 val_mae=0.00237819 | peer_val_mse=0.02240843 peer_val_mae=0.09563191
[worker3/operator_burgers_fno_polish_fair_v2] [operator_burgers_fno_polish_fair_v2/fno_polish_coarse_l002_w24_d90_170] [operator][epoch 154] lambda=0.0048 relay_stage=disabled relay_scale=1.000 relay_hotspot=0.0000 train_mse=0.00001167 val_mse=0.00001496 val_mae=0.00205467 | peer_val_mse=0.02240843 peer_val_mae=0.09563191
[worker3/operator_burgers_fno_polish_fair_v2] [operator_burgers_fno_polish_fair_v2/fno_polish_coarse_l002_w24_d90_170] [operator][epoch 155] lambda=0.0046 relay_stage=disabled relay_scale=1.000 relay_hotspot=0.0000 train_mse=0.00001045 val_mse=0.00000528 val_mae=0.00144244 | peer_val_mse=0.02240843 peer_val_mae=0.09563191
[worker3/operator_burgers_fno_polish_fair_v2] [operator_burgers_fno_polish_fair_v2/fno_polish_coarse_l002_w24_d90_170] [operator][epoch 156] lambda=0.0043 relay_stage=disabled relay_scale=1.000 relay_hotspot=0.0000 train_mse=0.00000658 val_mse=0.00000743 val_mae=0.00157017 | peer_val_mse=0.02240843 peer_val_mae=0.09563191
[worker3/operator_burgers_fno_polish_fair_v2] [operator_burgers_fno_polish_fair_v2/fno_polish_coarse_l002_w24_d90_170] [operator][epoch 157] lambda=0.0041 relay_stage=disabled relay_scale=1.000 relay_hotspot=0.0000 train_mse=0.00000722 val_mse=0.00000498 val_mae=0.00140744 | peer_val_mse=0.02240843 peer_val_mae=0.09563191
[worker3/operator_burgers_fno_polish_fair_v2] [operator_burgers_fno_polish_fair_v2/fno_polish_coarse_l002_w24_d90_170] [operator][epoch 158] lambda=0.0039 relay_stage=disabled relay_scale=1.000 relay_hotspot=0.0000 train_mse=0.00000796 val_mse=0.00001008 val_mae=0.00204922 | peer_val_mse=0.02240843 peer_val_mae=0.09563191
[worker3/operator_burgers_fno_polish_fair_v2] [operator_burgers_fno_polish_fair_v2/fno_polish_coarse_l002_w24_d90_170] [operator][epoch 159] lambda=0.0036 relay_stage=disabled relay_scale=1.000 relay_hotspot=0.0000 train_mse=0.00000735 val_mse=0.00000977 val_mae=0.00205547 | peer_val_mse=0.02240843 peer_val_mae=0.09563191
[worker3/operator_burgers_fno_polish_fair_v2] [operator_burgers_fno_polish_fair_v2/fno_polish_coarse_l002_w24_d90_170] [operator][epoch 160] lambda=0.0034 relay_stage=disabled relay_scale=1.000 relay_hotspot=0.0000 train_mse=0.00000868 val_mse=0.00001150 val_mae=0.00236926 | peer_val_mse=0.02240843 peer_val_mae=0.09563191
[worker3/operator_burgers_fno_polish_fair_v2] [operator_burgers_fno_polish_fair_v2/fno_polish_coarse_l002_w24_d90_170] [operator][epoch 160] updated live plot
[worker3/operator_burgers_fno_polish_fair_v2] [operator_burgers_fno_polish_fair_v2/fno_polish_coarse_l002_w24_d90_170] [operator][epoch 161] lambda=0.0031 relay_stage=disabled relay_scale=1.000 relay_hotspot=0.0000 train_mse=0.00004626 val_mse=0.00002887 val_mae=0.00357688 | peer_val_mse=0.02240843 peer_val_mae=0.09563191
[worker3/operator_burgers_fno_polish_fair_v2] [operator_burgers_fno_polish_fair_v2/fno_polish_coarse_l002_w24_d90_170] [operator][epoch 162] lambda=0.0029 relay_stage=disabled relay_scale=1.000 relay_hotspot=0.0000 train_mse=0.00001988 val_mse=0.00001490 val_mae=0.00266810 | peer_val_mse=0.02240843 peer_val_mae=0.09563191
[worker3/operator_burgers_fno_polish_fair_v2] [operator_burgers_fno_polish_fair_v2/fno_polish_coarse_l002_w24_d90_170] [operator][epoch 163] lambda=0.0027 relay_stage=disabled relay_scale=1.000 relay_hotspot=0.0000 train_mse=0.00002365 val_mse=0.00002570 val_mae=0.00362600 | peer_val_mse=0.02240843 peer_val_mae=0.09563191
[worker3/operator_burgers_fno_polish_fair_v2] [operator_burgers_fno_polish_fair_v2/fno_polish_coarse_l002_w24_d90_170] [operator][epoch 164] lambda=0.0024 relay_stage=disabled relay_scale=1.000 relay_hotspot=0.0000 train_mse=0.00001085 val_mse=0.00001685 val_mae=0.00318617 | peer_val_mse=0.02240843 peer_val_mae=0.09563191
[worker3/operator_burgers_fno_polish_fair_v2] [operator_burgers_fno_polish_fair_v2/fno_polish_coarse_l002_w24_d90_170] [operator][epoch 165] lambda=0.0022 relay_stage=disabled relay_scale=1.000 relay_hotspot=0.0000 train_mse=0.00000869 val_mse=0.00000535 val_mae=0.00144957 | peer_val_mse=0.02240843 peer_val_mae=0.09563191
[worker3/operator_burgers_fno_polish_fair_v2] [operator_burgers_fno_polish_fair_v2/fno_polish_coarse_l002_w24_d90_170] [operator][epoch 166] lambda=0.0020 relay_stage=disabled relay_scale=1.000 relay_hotspot=0.0000 train_mse=0.00000460 val_mse=0.00000484 val_mae=0.00134945 | peer_val_mse=0.02240843 peer_val_mae=0.09563191
[worker3/operator_burgers_fno_polish_fair_v2] [operator_burgers_fno_polish_fair_v2/fno_polish_coarse_l002_w24_d90_170] [operator][epoch 167] lambda=0.0017 relay_stage=disabled relay_scale=1.000 relay_hotspot=0.0000 train_mse=0.00000399 val_mse=0.00000938 val_mae=0.00237082 | peer_val_mse=0.02240843 peer_val_mae=0.09563191
[worker3/operator_burgers_fno_polish_fair_v2] [operator_burgers_fno_polish_fair_v2/fno_polish_coarse_l002_w24_d90_170] [operator][epoch 168] lambda=0.0015 relay_stage=disabled relay_scale=1.000 relay_hotspot=0.0000 train_mse=0.00000612 val_mse=0.00000819 val_mae=0.00179995 | peer_val_mse=0.02240843 peer_val_mae=0.09563191
[worker3/operator_burgers_fno_polish_fair_v2] [operator_burgers_fno_polish_fair_v2/fno_polish_coarse_l002_w24_d90_170] [operator][epoch 169] lambda=0.0012 relay_stage=disabled relay_scale=1.000 relay_hotspot=0.0000 train_mse=0.00002493 val_mse=0.00001870 val_mae=0.00356502 | peer_val_mse=0.02240843 peer_val_mae=0.09563191
[worker3/operator_burgers_fno_polish_fair_v2] [operator_burgers_fno_polish_fair_v2/fno_polish_coarse_l002_w24_d90_170] [operator][epoch 170] lambda=0.0010 relay_stage=disabled relay_scale=1.000 relay_hotspot=0.0000 train_mse=0.00002738 val_mse=0.00005037 val_mae=0.00561156 | peer_val_mse=0.02240843 peer_val_mae=0.09563191
[worker3/operator_burgers_fno_polish_fair_v2] [operator_burgers_fno_polish_fair_v2/fno_polish_coarse_l002_w24_d90_170] [operator][epoch 171] lambda=0.0010 relay_stage=disabled relay_scale=1.000 relay_hotspot=0.0000 train_mse=0.00002683 val_mse=0.00002056 val_mae=0.00303964 | peer_val_mse=0.02240843 peer_val_mae=0.09563191
[worker3/operator_burgers_fno_polish_fair_v2] [operator_burgers_fno_polish_fair_v2/fno_polish_coarse_l002_w24_d90_170] [operator][epoch 172] lambda=0.0010 relay_stage=disabled relay_scale=1.000 relay_hotspot=0.0000 train_mse=0.00002749 val_mse=0.00008544 val_mae=0.00542111 | peer_val_mse=0.02240843 peer_val_mae=0.09563191
[worker3/operator_burgers_fno_polish_fair_v2] [operator_burgers_fno_polish_fair_v2/fno_polish_coarse_l002_w24_d90_170] [operator][epoch 173] lambda=0.0010 relay_stage=disabled relay_scale=1.000 relay_hotspot=0.0000 train_mse=0.00006182 val_mse=0.00003483 val_mae=0.00365344 | peer_val_mse=0.02240843 peer_val_mae=0.09563191
[worker3/operator_burgers_fno_polish_fair_v2] [operator_burgers_fno_polish_fair_v2/fno_polish_coarse_l002_w24_d90_170] [operator][epoch 174] lambda=0.0010 relay_stage=disabled relay_scale=1.000 relay_hotspot=0.0000 train_mse=0.00002605 val_mse=0.00003688 val_mae=0.00369550 | peer_val_mse=0.02240843 peer_val_mae=0.09563191
[worker3/operator_burgers_fno_polish_fair_v2] [operator_burgers_fno_polish_fair_v2/fno_polish_coarse_l002_w24_d90_170] [operator][epoch 175] lambda=0.0010 relay_stage=disabled relay_scale=1.000 relay_hotspot=0.0000 train_mse=0.00002738 val_mse=0.00001524 val_mae=0.00290768 | peer_val_mse=0.02240843 peer_val_mae=0.09563191
[worker3/operator_burgers_fno_polish_fair_v2] [operator_burgers_fno_polish_fair_v2/fno_polish_coarse_l002_w24_d90_170] [operator][epoch 176] lambda=0.0010 relay_stage=disabled relay_scale=1.000 relay_hotspot=0.0000 train_mse=0.00002211 val_mse=0.00002399 val_mae=0.00378047 | peer_val_mse=0.02240843 peer_val_mae=0.09563191
[worker3/operator_burgers_fno_polish_fair_v2] [operator_burgers_fno_polish_fair_v2/fno_polish_coarse_l002_w24_d90_170] [operator][epoch 177] lambda=0.0010 relay_stage=disabled relay_scale=1.000 relay_hotspot=0.0000 train_mse=0.00002304 val_mse=0.00001233 val_mae=0.00208133 | peer_val_mse=0.02240843 peer_val_mae=0.09563191
[worker3/operator_burgers_fno_polish_fair_v2] [operator_burgers_fno_polish_fair_v2/fno_polish_coarse_l002_w24_d90_170] [operator][epoch 178] lambda=0.0010 relay_stage=disabled relay_scale=1.000 relay_hotspot=0.0000 train_mse=0.00000904 val_mse=0.00003471 val_mae=0.00264883 | peer_val_mse=0.02240843 peer_val_mae=0.09563191
[worker3/operator_burgers_fno_polish_fair_v2] [operator_burgers_fno_polish_fair_v2/fno_polish_coarse_l002_w24_d90_170] [operator][epoch 179] lambda=0.0010 relay_stage=disabled relay_scale=1.000 relay_hotspot=0.0000 train_mse=0.00002059 val_mse=0.00000858 val_mae=0.00183834 | peer_val_mse=0.02240843 peer_val_mae=0.09563191
[worker3/operator_burgers_fno_polish_fair_v2] [operator_burgers_fno_polish_fair_v2/fno_polish_coarse_l002_w24_d90_170] [operator][epoch 180] lambda=0.0010 relay_stage=disabled relay_scale=1.000 relay_hotspot=0.0000 train_mse=0.00000943 val_mse=0.00000888 val_mae=0.00198005 | peer_val_mse=0.02240843 peer_val_mae=0.09563191
[worker3/operator_burgers_fno_polish_fair_v2] [operator_burgers_fno_polish_fair_v2/fno_polish_coarse_l002_w24_d90_170] [operator][epoch 180] updated live plot
[worker3/operator_burgers_fno_polish_fair_v2] [operator_burgers_fno_polish_fair_v2/fno_polish_coarse_l002_w24_d90_170] [operator] done
[worker3/operator_burgers_fno_polish_fair_v2] [operator_burgers_fno_polish_fair_v2/fno_polish_coarse_l002_w24_d90_170] [operator] dataset=burgers pair=fno:deeponet method=ssml seed=1
[worker3/operator_burgers_fno_polish_fair_v2] [operator_burgers_fno_polish_fair_v2/fno_polish_coarse_l002_w24_d90_170] [operator] loaded init_checkpoint=results/operator_burgers_followup_v1/burgers_l005_m0_w12_d60_120_ow1/operator/burgers/fno_independent_mse_seed1/model.pt
[worker3/operator_burgers_fno_polish_fair_v2] [operator_burgers_fno_polish_fair_v2/fno_polish_coarse_l002_w24_d90_170] [operator] loaded peer_init_checkpoint=results/operator_burgers_followup_v1/burgers_l005_m0_w12_d60_120_ow1/operator/burgers/deeponet_independent_mse_seed1/model.pt
[worker3/operator_burgers_fno_polish_fair_v2] [operator_burgers_fno_polish_fair_v2/fno_polish_coarse_l002_w24_d90_170] [operator] run_dir=results/operator_burgers_fno_polish_fair_v2/worker3_gpu0/fno_polish_coarse_l002_w24_d90_170/operator/burgers/fno__deeponet_ssml_mse_seed1
[worker3/operator_burgers_fno_polish_fair_v2] [operator_burgers_fno_polish_fair_v2/fno_polish_coarse_l002_w24_d90_170] [operator] params=279041
[worker3/operator_burgers_fno_polish_fair_v2] [operator_burgers_fno_polish_fair_v2/fno_polish_coarse_l002_w24_d90_170] [operator] granularity=element student_only=True freeze_peer=True peer_updates_disabled=True relay_stage_epochs=(0, 0, 0) relay_hint_mode=coarse relay_taper_schedule=linear
[worker3/operator_burgers_fno_polish_fair_v2] [operator_burgers_fno_polish_fair_v2/fno_polish_coarse_l002_w24_d90_170] [operator][epoch 001] lambda=0.0000 relay_stage=disabled relay_scale=1.000 relay_hotspot=0.0000 train_mse=0.00030302 val_mse=0.00001695 val_mae=0.00266786 | peer_val_mse=0.02197969 peer_val_mae=0.10182286
[worker3/operator_burgers_fno_polish_fair_v2] [operator_burgers_fno_polish_fair_v2/fno_polish_coarse_l002_w24_d90_170] [operator][epoch 002] lambda=0.0000 relay_stage=disabled relay_scale=1.000 relay_hotspot=0.0000 train_mse=0.00000765 val_mse=0.00000389 val_mae=0.00131667 | peer_val_mse=0.02197969 peer_val_mae=0.10182286
[worker3/operator_burgers_fno_polish_fair_v2] [operator_burgers_fno_polish_fair_v2/fno_polish_coarse_l002_w24_d90_170] [operator][epoch 003] lambda=0.0000 relay_stage=disabled relay_scale=1.000 relay_hotspot=0.0000 train_mse=0.00000332 val_mse=0.00000462 val_mae=0.00133209 | peer_val_mse=0.02197969 peer_val_mae=0.10182286
[worker3/operator_burgers_fno_polish_fair_v2] [operator_burgers_fno_polish_fair_v2/fno_polish_coarse_l002_w24_d90_170] [operator][epoch 004] lambda=0.0000 relay_stage=disabled relay_scale=1.000 relay_hotspot=0.0000 train_mse=0.00000310 val_mse=0.00000618 val_mae=0.00152037 | peer_val_mse=0.02197969 peer_val_mae=0.10182286
[worker3/operator_burgers_fno_polish_fair_v2] [operator_burgers_fno_polish_fair_v2/fno_polish_coarse_l002_w24_d90_170] [operator][epoch 005] lambda=0.0000 relay_stage=disabled relay_scale=1.000 relay_hotspot=0.0000 train_mse=0.00000712 val_mse=0.00000718 val_mae=0.00180460 | peer_val_mse=0.02197969 peer_val_mae=0.10182286
[worker3/operator_burgers_fno_polish_fair_v2] [operator_burgers_fno_polish_fair_v2/fno_polish_coarse_l002_w24_d90_170] [operator][epoch 006] lambda=0.0000 relay_stage=disabled relay_scale=1.000 relay_hotspot=0.0000 train_mse=0.00000587 val_mse=0.00000632 val_mae=0.00172576 | peer_val_mse=0.02197969 peer_val_mae=0.10182286
[worker3/operator_burgers_fno_polish_fair_v2] [operator_burgers_fno_polish_fair_v2/fno_polish_coarse_l002_w24_d90_170] [operator][epoch 007] lambda=0.0000 relay_stage=disabled relay_scale=1.000 relay_hotspot=0.0000 train_mse=0.00000657 val_mse=0.00002075 val_mae=0.00288777 | peer_val_mse=0.02197969 peer_val_mae=0.10182286
[worker3/operator_burgers_fno_polish_fair_v2] [operator_burgers_fno_polish_fair_v2/fno_polish_coarse_l002_w24_d90_170] [operator][epoch 008] lambda=0.0000 relay_stage=disabled relay_scale=1.000 relay_hotspot=0.0000 train_mse=0.00002349 val_mse=0.00001750 val_mae=0.00278878 | peer_val_mse=0.02197969 peer_val_mae=0.10182286
[worker3/operator_burgers_fno_polish_fair_v2] [operator_burgers_fno_polish_fair_v2/fno_polish_coarse_l002_w24_d90_170] [operator][epoch 009] lambda=0.0000 relay_stage=disabled relay_scale=1.000 relay_hotspot=0.0000 train_mse=0.00002530 val_mse=0.00005394 val_mae=0.00340428 | peer_val_mse=0.02197969 peer_val_mae=0.10182286
[worker3/operator_burgers_fno_polish_fair_v2] [operator_burgers_fno_polish_fair_v2/fno_polish_coarse_l002_w24_d90_170] [operator][epoch 010] lambda=0.0000 relay_stage=disabled relay_scale=1.000 relay_hotspot=0.0000 train_mse=0.00006143 val_mse=0.00002138 val_mae=0.00306936 | peer_val_mse=0.02197969 peer_val_mae=0.10182286
[worker3/operator_burgers_fno_polish_fair_v2] [operator_burgers_fno_polish_fair_v2/fno_polish_coarse_l002_w24_d90_170] [operator][epoch 011] lambda=0.0000 relay_stage=disabled relay_scale=1.000 relay_hotspot=0.0000 train_mse=0.00003661 val_mse=0.00001484 val_mae=0.00275982 | peer_val_mse=0.02197969 peer_val_mae=0.10182286
[worker3/operator_burgers_fno_polish_fair_v2] [operator_burgers_fno_polish_fair_v2/fno_polish_coarse_l002_w24_d90_170] [operator][epoch 012] lambda=0.0000 relay_stage=disabled relay_scale=1.000 relay_hotspot=0.0000 train_mse=0.00001880 val_mse=0.00001077 val_mae=0.00203409 | peer_val_mse=0.02197969 peer_val_mae=0.10182286
[worker3/operator_burgers_fno_polish_fair_v2] [operator_burgers_fno_polish_fair_v2/fno_polish_coarse_l002_w24_d90_170] [operator][epoch 013] lambda=0.0000 relay_stage=disabled relay_scale=1.000 relay_hotspot=0.0000 train_mse=0.00001154 val_mse=0.00001578 val_mae=0.00276721 | peer_val_mse=0.02197969 peer_val_mae=0.10182286
[worker3/operator_burgers_fno_polish_fair_v2] [operator_burgers_fno_polish_fair_v2/fno_polish_coarse_l002_w24_d90_170] [operator][epoch 014] lambda=0.0000 relay_stage=disabled relay_scale=1.000 relay_hotspot=0.0000 train_mse=0.00003525 val_mse=0.00001197 val_mae=0.00247086 | peer_val_mse=0.02197969 peer_val_mae=0.10182286
[worker3/operator_burgers_fno_polish_fair_v2] [operator_burgers_fno_polish_fair_v2/fno_polish_coarse_l002_w24_d90_170] [operator][epoch 015] lambda=0.0000 relay_stage=disabled relay_scale=1.000 relay_hotspot=0.0000 train_mse=0.00002466 val_mse=0.00002605 val_mae=0.00361793 | peer_val_mse=0.02197969 peer_val_mae=0.10182286
[worker3/operator_burgers_fno_polish_fair_v2] [operator_burgers_fno_polish_fair_v2/fno_polish_coarse_l002_w24_d90_170] [operator][epoch 016] lambda=0.0000 relay_stage=disabled relay_scale=1.000 relay_hotspot=0.0000 train_mse=0.00001308 val_mse=0.00000771 val_mae=0.00179422 | peer_val_mse=0.02197969 peer_val_mae=0.10182286
[worker3/operator_burgers_fno_polish_fair_v2] [operator_burgers_fno_polish_fair_v2/fno_polish_coarse_l002_w24_d90_170] [operator][epoch 017] lambda=0.0000 relay_stage=disabled relay_scale=1.000 relay_hotspot=0.0000 train_mse=0.00001151 val_mse=0.00003223 val_mae=0.00338092 | peer_val_mse=0.02197969 peer_val_mae=0.10182286
[worker3/operator_burgers_fno_polish_fair_v2] [operator_burgers_fno_polish_fair_v2/fno_polish_coarse_l002_w24_d90_170] [operator][epoch 018] lambda=0.0000 relay_stage=disabled relay_scale=1.000 relay_hotspot=0.0000 train_mse=0.00005568 val_mse=0.00002502 val_mae=0.00382358 | peer_val_mse=0.02197969 peer_val_mae=0.10182286
[worker3/operator_burgers_fno_polish_fair_v2] [operator_burgers_fno_polish_fair_v2/fno_polish_coarse_l002_w24_d90_170] [operator][epoch 019] lambda=0.0000 relay_stage=disabled relay_scale=1.000 relay_hotspot=0.0000 train_mse=0.00008397 val_mse=0.00003154 val_mae=0.00387789 | peer_val_mse=0.02197969 peer_val_mae=0.10182286
[worker3/operator_burgers_fno_polish_fair_v2] [operator_burgers_fno_polish_fair_v2/fno_polish_coarse_l002_w24_d90_170] [operator][epoch 020] lambda=0.0000 relay_stage=disabled relay_scale=1.000 relay_hotspot=0.0000 train_mse=0.00003170 val_mse=0.00001689 val_mae=0.00251770 | peer_val_mse=0.02197969 peer_val_mae=0.10182286
[worker3/operator_burgers_fno_polish_fair_v2] [operator_burgers_fno_polish_fair_v2/fno_polish_coarse_l002_w24_d90_170] [operator][epoch 020] updated live plot
[worker3/operator_burgers_fno_polish_fair_v2] [operator_burgers_fno_polish_fair_v2/fno_polish_coarse_l002_w24_d90_170] [operator][epoch 021] lambda=0.0000 relay_stage=disabled relay_scale=1.000 relay_hotspot=0.0000 train_mse=0.00001603 val_mse=0.00001000 val_mae=0.00196198 | peer_val_mse=0.02197969 peer_val_mae=0.10182286
[worker3/operator_burgers_fno_polish_fair_v2] [operator_burgers_fno_polish_fair_v2/fno_polish_coarse_l002_w24_d90_170] [operator][epoch 022] lambda=0.0000 relay_stage=disabled relay_scale=1.000 relay_hotspot=0.0000 train_mse=0.00000994 val_mse=0.00001413 val_mae=0.00252542 | peer_val_mse=0.02197969 peer_val_mae=0.10182286
[worker3/operator_burgers_fno_polish_fair_v2] [operator_burgers_fno_polish_fair_v2/fno_polish_coarse_l002_w24_d90_170] [operator][epoch 023] lambda=0.0000 relay_stage=disabled relay_scale=1.000 relay_hotspot=0.0000 train_mse=0.00001386 val_mse=0.00001142 val_mae=0.00233021 | peer_val_mse=0.02197969 peer_val_mae=0.10182286
[worker3/operator_burgers_fno_polish_fair_v2] [operator_burgers_fno_polish_fair_v2/fno_polish_coarse_l002_w24_d90_170] [operator][epoch 024] lambda=0.0000 relay_stage=disabled relay_scale=1.000 relay_hotspot=0.0000 train_mse=0.00002085 val_mse=0.00001809 val_mae=0.00274643 | peer_val_mse=0.02197969 peer_val_mae=0.10182286
[worker3/operator_burgers_fno_polish_fair_v2] [operator_burgers_fno_polish_fair_v2/fno_polish_coarse_l002_w24_d90_170] [operator][epoch 025] lambda=0.0200 relay_stage=disabled relay_scale=1.000 relay_hotspot=0.0000 train_mse=0.00007371 val_mse=0.00005158 val_mae=0.00461363 | peer_val_mse=0.02197969 peer_val_mae=0.10182286
[worker3/operator_burgers_fno_polish_fair_v2] [operator_burgers_fno_polish_fair_v2/fno_polish_coarse_l002_w24_d90_170] [operator][epoch 026] lambda=0.0200 relay_stage=disabled relay_scale=1.000 relay_hotspot=0.0000 train_mse=0.00018113 val_mse=0.00014453 val_mae=0.00838351 | peer_val_mse=0.02197969 peer_val_mae=0.10182286
[worker3/operator_burgers_fno_polish_fair_v2] [operator_burgers_fno_polish_fair_v2/fno_polish_coarse_l002_w24_d90_170] [operator][epoch 027] lambda=0.0200 relay_stage=disabled relay_scale=1.000 relay_hotspot=0.0000 train_mse=0.00011365 val_mse=0.00003722 val_mae=0.00438386 | peer_val_mse=0.02197969 peer_val_mae=0.10182286
[worker3/operator_burgers_fno_polish_fair_v2] [operator_burgers_fno_polish_fair_v2/fno_polish_coarse_l002_w24_d90_170] [operator][epoch 028] lambda=0.0200 relay_stage=disabled relay_scale=1.000 relay_hotspot=0.0000 train_mse=0.00002033 val_mse=0.00003269 val_mae=0.00429600 | peer_val_mse=0.02197969 peer_val_mae=0.10182286
[worker3/operator_burgers_fno_polish_fair_v2] [operator_burgers_fno_polish_fair_v2/fno_polish_coarse_l002_w24_d90_170] [operator][epoch 029] lambda=0.0200 relay_stage=disabled relay_scale=1.000 relay_hotspot=0.0000 train_mse=0.00002564 val_mse=0.00001479 val_mae=0.00267800 | peer_val_mse=0.02197969 peer_val_mae=0.10182286
[worker3/operator_burgers_fno_polish_fair_v2] [operator_burgers_fno_polish_fair_v2/fno_polish_coarse_l002_w24_d90_170] [operator][epoch 030] lambda=0.0200 relay_stage=disabled relay_scale=1.000 relay_hotspot=0.0000 train_mse=0.00001006 val_mse=0.00000733 val_mae=0.00182572 | peer_val_mse=0.02197969 peer_val_mae=0.10182286
[worker3/operator_burgers_fno_polish_fair_v2] [operator_burgers_fno_polish_fair_v2/fno_polish_coarse_l002_w24_d90_170] [operator][epoch 031] lambda=0.0200 relay_stage=disabled relay_scale=1.000 relay_hotspot=0.0000 train_mse=0.00000832 val_mse=0.00000625 val_mae=0.00166388 | peer_val_mse=0.02197969 peer_val_mae=0.10182286
[worker3/operator_burgers_fno_polish_fair_v2] [operator_burgers_fno_polish_fair_v2/fno_polish_coarse_l002_w24_d90_170] [operator][epoch 032] lambda=0.0200 relay_stage=disabled relay_scale=1.000 relay_hotspot=0.0000 train_mse=0.00000702 val_mse=0.00001177 val_mae=0.00222247 | peer_val_mse=0.02197969 peer_val_mae=0.10182286
[worker3/operator_burgers_fno_polish_fair_v2] [operator_burgers_fno_polish_fair_v2/fno_polish_coarse_l002_w24_d90_170] [operator][epoch 033] lambda=0.0200 relay_stage=disabled relay_scale=1.000 relay_hotspot=0.0000 train_mse=0.00000897 val_mse=0.00000889 val_mae=0.00206731 | peer_val_mse=0.02197969 peer_val_mae=0.10182286
[worker3/operator_burgers_fno_polish_fair_v2] [operator_burgers_fno_polish_fair_v2/fno_polish_coarse_l002_w24_d90_170] [operator][epoch 034] lambda=0.0200 relay_stage=disabled relay_scale=1.000 relay_hotspot=0.0000 train_mse=0.00000816 val_mse=0.00000831 val_mae=0.00195473 | peer_val_mse=0.02197969 peer_val_mae=0.10182286
[worker3/operator_burgers_fno_polish_fair_v2] [operator_burgers_fno_polish_fair_v2/fno_polish_coarse_l002_w24_d90_170] [operator][epoch 035] lambda=0.0200 relay_stage=disabled relay_scale=1.000 relay_hotspot=0.0000 train_mse=0.00001520 val_mse=0.00000638 val_mae=0.00163124 | peer_val_mse=0.02197969 peer_val_mae=0.10182286
[worker3/operator_burgers_fno_polish_fair_v2] [operator_burgers_fno_polish_fair_v2/fno_polish_coarse_l002_w24_d90_170] [operator][epoch 036] lambda=0.0200 relay_stage=disabled relay_scale=1.000 relay_hotspot=0.0000 train_mse=0.00000788 val_mse=0.00001098 val_mae=0.00226529 | peer_val_mse=0.02197969 peer_val_mae=0.10182286
[worker3/operator_burgers_fno_polish_fair_v2] [operator_burgers_fno_polish_fair_v2/fno_polish_coarse_l002_w24_d90_170] [operator][epoch 037] lambda=0.0200 relay_stage=disabled relay_scale=1.000 relay_hotspot=0.0000 train_mse=0.00001015 val_mse=0.00000807 val_mae=0.00198311 | peer_val_mse=0.02197969 peer_val_mae=0.10182286
[worker3/operator_burgers_fno_polish_fair_v2] [operator_burgers_fno_polish_fair_v2/fno_polish_coarse_l002_w24_d90_170] [operator][epoch 038] lambda=0.0200 relay_stage=disabled relay_scale=1.000 relay_hotspot=0.0000 train_mse=0.00000653 val_mse=0.00000854 val_mae=0.00205016 | peer_val_mse=0.02197969 peer_val_mae=0.10182286
[worker3/operator_burgers_fno_polish_fair_v2] [operator_burgers_fno_polish_fair_v2/fno_polish_coarse_l002_w24_d90_170] [operator][epoch 039] lambda=0.0200 relay_stage=disabled relay_scale=1.000 relay_hotspot=0.0000 train_mse=0.00001796 val_mse=0.00001603 val_mae=0.00294105 | peer_val_mse=0.02197969 peer_val_mae=0.10182286
[worker3/operator_burgers_fno_polish_fair_v2] [operator_burgers_fno_polish_fair_v2/fno_polish_coarse_l002_w24_d90_170] [operator][epoch 040] lambda=0.0200 relay_stage=disabled relay_scale=1.000 relay_hotspot=0.0000 train_mse=0.00000977 val_mse=0.00000560 val_mae=0.00157907 | peer_val_mse=0.02197969 peer_val_mae=0.10182286
[worker3/operator_burgers_fno_polish_fair_v2] [operator_burgers_fno_polish_fair_v2/fno_polish_coarse_l002_w24_d90_170] [operator][epoch 040] updated live plot
[worker3/operator_burgers_fno_polish_fair_v2] [operator_burgers_fno_polish_fair_v2/fno_polish_coarse_l002_w24_d90_170] [operator][epoch 041] lambda=0.0200 relay_stage=disabled relay_scale=1.000 relay_hotspot=0.0000 train_mse=0.00001262 val_mse=0.00000795 val_mae=0.00207598 | peer_val_mse=0.02197969 peer_val_mae=0.10182286
[worker3/operator_burgers_fno_polish_fair_v2] [operator_burgers_fno_polish_fair_v2/fno_polish_coarse_l002_w24_d90_170] [operator][epoch 042] lambda=0.0200 relay_stage=disabled relay_scale=1.000 relay_hotspot=0.0000 train_mse=0.00000873 val_mse=0.00002207 val_mae=0.00366278 | peer_val_mse=0.02197969 peer_val_mae=0.10182286
[worker3/operator_burgers_fno_polish_fair_v2] [operator_burgers_fno_polish_fair_v2/fno_polish_coarse_l002_w24_d90_170] [operator][epoch 043] lambda=0.0200 relay_stage=disabled relay_scale=1.000 relay_hotspot=0.0000 train_mse=0.00003911 val_mse=0.00005900 val_mae=0.00576984 | peer_val_mse=0.02197969 peer_val_mae=0.10182286
[worker3/operator_burgers_fno_polish_fair_v2] [operator_burgers_fno_polish_fair_v2/fno_polish_coarse_l002_w24_d90_170] [operator][epoch 044] lambda=0.0200 relay_stage=disabled relay_scale=1.000 relay_hotspot=0.0000 train_mse=0.00019858 val_mse=0.00012710 val_mae=0.00903366 | peer_val_mse=0.02197969 peer_val_mae=0.10182286
[worker3/operator_burgers_fno_polish_fair_v2] [operator_burgers_fno_polish_fair_v2/fno_polish_coarse_l002_w24_d90_170] [operator][epoch 045] lambda=0.0200 relay_stage=disabled relay_scale=1.000 relay_hotspot=0.0000 train_mse=0.00007169 val_mse=0.00002725 val_mae=0.00383918 | peer_val_mse=0.02197969 peer_val_mae=0.10182286
[worker3/operator_burgers_fno_polish_fair_v2] [operator_burgers_fno_polish_fair_v2/fno_polish_coarse_l002_w24_d90_170] [operator][epoch 046] lambda=0.0200 relay_stage=disabled relay_scale=1.000 relay_hotspot=0.0000 train_mse=0.00003393 val_mse=0.00002944 val_mae=0.00391436 | peer_val_mse=0.02197969 peer_val_mae=0.10182286
[worker3/operator_burgers_fno_polish_fair_v2] [operator_burgers_fno_polish_fair_v2/fno_polish_coarse_l002_w24_d90_170] [operator][epoch 047] lambda=0.0200 relay_stage=disabled relay_scale=1.000 relay_hotspot=0.0000 train_mse=0.00001357 val_mse=0.00001245 val_mae=0.00238995 | peer_val_mse=0.02197969 peer_val_mae=0.10182286
[worker3/operator_burgers_fno_polish_fair_v2] [operator_burgers_fno_polish_fair_v2/fno_polish_coarse_l002_w24_d90_170] [operator][epoch 048] lambda=0.0200 relay_stage=disabled relay_scale=1.000 relay_hotspot=0.0000 train_mse=0.00001949 val_mse=0.00001808 val_mae=0.00271721 | peer_val_mse=0.02197969 peer_val_mae=0.10182286
[worker3/operator_burgers_fno_polish_fair_v2] [operator_burgers_fno_polish_fair_v2/fno_polish_coarse_l002_w24_d90_170] [operator][epoch 049] lambda=0.0200 relay_stage=disabled relay_scale=1.000 relay_hotspot=0.0000 train_mse=0.00002173 val_mse=0.00000849 val_mae=0.00184135 | peer_val_mse=0.02197969 peer_val_mae=0.10182286
[worker3/operator_burgers_fno_polish_fair_v2] [operator_burgers_fno_polish_fair_v2/fno_polish_coarse_l002_w24_d90_170] [operator][epoch 050] lambda=0.0200 relay_stage=disabled relay_scale=1.000 relay_hotspot=0.0000 train_mse=0.00001532 val_mse=0.00001415 val_mae=0.00248758 | peer_val_mse=0.02197969 peer_val_mae=0.10182286
[worker3/operator_burgers_fno_polish_fair_v2] [operator_burgers_fno_polish_fair_v2/fno_polish_coarse_l002_w24_d90_170] [operator][epoch 051] lambda=0.0200 relay_stage=disabled relay_scale=1.000 relay_hotspot=0.0000 train_mse=0.00003007 val_mse=0.00002348 val_mae=0.00273994 | peer_val_mse=0.02197969 peer_val_mae=0.10182286
[worker3/operator_burgers_fno_polish_fair_v2] [operator_burgers_fno_polish_fair_v2/fno_polish_coarse_l002_w24_d90_170] [operator][epoch 052] lambda=0.0200 relay_stage=disabled relay_scale=1.000 relay_hotspot=0.0000 train_mse=0.00003327 val_mse=0.00001670 val_mae=0.00272942 | peer_val_mse=0.02197969 peer_val_mae=0.10182286
[worker3/operator_burgers_fno_polish_fair_v2] [operator_burgers_fno_polish_fair_v2/fno_polish_coarse_l002_w24_d90_170] [operator][epoch 053] lambda=0.0200 relay_stage=disabled relay_scale=1.000 relay_hotspot=0.0000 train_mse=0.00002019 val_mse=0.00000968 val_mae=0.00208325 | peer_val_mse=0.02197969 peer_val_mae=0.10182286
[worker3/operator_burgers_fno_polish_fair_v2] [operator_burgers_fno_polish_fair_v2/fno_polish_coarse_l002_w24_d90_170] [operator][epoch 054] lambda=0.0200 relay_stage=disabled relay_scale=1.000 relay_hotspot=0.0000 train_mse=0.00001047 val_mse=0.00000722 val_mae=0.00180521 | peer_val_mse=0.02197969 peer_val_mae=0.10182286
[worker3/operator_burgers_fno_polish_fair_v2] [operator_burgers_fno_polish_fair_v2/fno_polish_coarse_l002_w24_d90_170] [operator][epoch 055] lambda=0.0200 relay_stage=disabled relay_scale=1.000 relay_hotspot=0.0000 train_mse=0.00001104 val_mse=0.00002464 val_mae=0.00329327 | peer_val_mse=0.02197969 peer_val_mae=0.10182286
[worker3/operator_burgers_fno_polish_fair_v2] [operator_burgers_fno_polish_fair_v2/fno_polish_coarse_l002_w24_d90_170] [operator][epoch 056] lambda=0.0200 relay_stage=disabled relay_scale=1.000 relay_hotspot=0.0000 train_mse=0.00001886 val_mse=0.00000960 val_mae=0.00225026 | peer_val_mse=0.02197969 peer_val_mae=0.10182286
[worker3/operator_burgers_fno_polish_fair_v2] [operator_burgers_fno_polish_fair_v2/fno_polish_coarse_l002_w24_d90_170] [operator][epoch 057] lambda=0.0200 relay_stage=disabled relay_scale=1.000 relay_hotspot=0.0000 train_mse=0.00005364 val_mse=0.00003716 val_mae=0.00356440 | peer_val_mse=0.02197969 peer_val_mae=0.10182286
[worker3/operator_burgers_fno_polish_fair_v2] [operator_burgers_fno_polish_fair_v2/fno_polish_coarse_l002_w24_d90_170] [operator][epoch 058] lambda=0.0200 relay_stage=disabled relay_scale=1.000 relay_hotspot=0.0000 train_mse=0.00005293 val_mse=0.00007695 val_mae=0.00698622 | peer_val_mse=0.02197969 peer_val_mae=0.10182286
[worker3/operator_burgers_fno_polish_fair_v2] [operator_burgers_fno_polish_fair_v2/fno_polish_coarse_l002_w24_d90_170] [operator][epoch 059] lambda=0.0200 relay_stage=disabled relay_scale=1.000 relay_hotspot=0.0000 train_mse=0.00017806 val_mse=0.00023894 val_mae=0.01172993 | peer_val_mse=0.02197969 peer_val_mae=0.10182286
[worker3/operator_burgers_fno_polish_fair_v2] [operator_burgers_fno_polish_fair_v2/fno_polish_coarse_l002_w24_d90_170] [operator][epoch 060] lambda=0.0200 relay_stage=disabled relay_scale=1.000 relay_hotspot=0.0000 train_mse=0.00009312 val_mse=0.00002083 val_mae=0.00309603 | peer_val_mse=0.02197969 peer_val_mae=0.10182286
[worker3/operator_burgers_fno_polish_fair_v2] [operator_burgers_fno_polish_fair_v2/fno_polish_coarse_l002_w24_d90_170] [operator][epoch 060] updated live plot
[worker3/operator_burgers_fno_polish_fair_v2] [operator_burgers_fno_polish_fair_v2/fno_polish_coarse_l002_w24_d90_170] [operator][epoch 061] lambda=0.0200 relay_stage=disabled relay_scale=1.000 relay_hotspot=0.0000 train_mse=0.00001756 val_mse=0.00002480 val_mae=0.00339202 | peer_val_mse=0.02197969 peer_val_mae=0.10182286
[worker3/operator_burgers_fno_polish_fair_v2] [operator_burgers_fno_polish_fair_v2/fno_polish_coarse_l002_w24_d90_170] [operator][epoch 062] lambda=0.0200 relay_stage=disabled relay_scale=1.000 relay_hotspot=0.0000 train_mse=0.00003532 val_mse=0.00001202 val_mae=0.00243305 | peer_val_mse=0.02197969 peer_val_mae=0.10182286
[worker3/operator_burgers_fno_polish_fair_v2] [operator_burgers_fno_polish_fair_v2/fno_polish_coarse_l002_w24_d90_170] [operator][epoch 063] lambda=0.0200 relay_stage=disabled relay_scale=1.000 relay_hotspot=0.0000 train_mse=0.00000889 val_mse=0.00000662 val_mae=0.00164821 | peer_val_mse=0.02197969 peer_val_mae=0.10182286
[worker3/operator_burgers_fno_polish_fair_v2] [operator_burgers_fno_polish_fair_v2/fno_polish_coarse_l002_w24_d90_170] [operator][epoch 064] lambda=0.0200 relay_stage=disabled relay_scale=1.000 relay_hotspot=0.0000 train_mse=0.00000690 val_mse=0.00000619 val_mae=0.00173787 | peer_val_mse=0.02197969 peer_val_mae=0.10182286
[worker3/operator_burgers_fno_polish_fair_v2] [operator_burgers_fno_polish_fair_v2/fno_polish_coarse_l002_w24_d90_170] [operator][epoch 065] lambda=0.0200 relay_stage=disabled relay_scale=1.000 relay_hotspot=0.0000 train_mse=0.00000389 val_mse=0.00000503 val_mae=0.00135972 | peer_val_mse=0.02197969 peer_val_mae=0.10182286
[worker3/operator_burgers_fno_polish_fair_v2] [operator_burgers_fno_polish_fair_v2/fno_polish_coarse_l002_w24_d90_170] [operator][epoch 066] lambda=0.0200 relay_stage=disabled relay_scale=1.000 relay_hotspot=0.0000 train_mse=0.00000313 val_mse=0.00000476 val_mae=0.00139944 | peer_val_mse=0.02197969 peer_val_mae=0.10182286
[worker3/operator_burgers_fno_polish_fair_v2] [operator_burgers_fno_polish_fair_v2/fno_polish_coarse_l002_w24_d90_170] [operator][epoch 067] lambda=0.0200 relay_stage=disabled relay_scale=1.000 relay_hotspot=0.0000 train_mse=0.00000318 val_mse=0.00000684 val_mae=0.00149232 | peer_val_mse=0.02197969 peer_val_mae=0.10182286
[worker3/operator_burgers_fno_polish_fair_v2] [operator_burgers_fno_polish_fair_v2/fno_polish_coarse_l002_w24_d90_170] [operator][epoch 068] lambda=0.0200 relay_stage=disabled relay_scale=1.000 relay_hotspot=0.0000 train_mse=0.00000303 val_mse=0.00000469 val_mae=0.00128596 | peer_val_mse=0.02197969 peer_val_mae=0.10182286
[worker3/operator_burgers_fno_polish_fair_v2] [operator_burgers_fno_polish_fair_v2/fno_polish_coarse_l002_w24_d90_170] [operator][epoch 069] lambda=0.0200 relay_stage=disabled relay_scale=1.000 relay_hotspot=0.0000 train_mse=0.00000506 val_mse=0.00000721 val_mae=0.00204029 | peer_val_mse=0.02197969 peer_val_mae=0.10182286
[worker3/operator_burgers_fno_polish_fair_v2] [operator_burgers_fno_polish_fair_v2/fno_polish_coarse_l002_w24_d90_170] [operator][epoch 070] lambda=0.0200 relay_stage=disabled relay_scale=1.000 relay_hotspot=0.0000 train_mse=0.00000736 val_mse=0.00000794 val_mae=0.00209478 | peer_val_mse=0.02197969 peer_val_mae=0.10182286
[worker3/operator_burgers_fno_polish_fair_v2] [operator_burgers_fno_polish_fair_v2/fno_polish_coarse_l002_w24_d90_170] [operator][epoch 071] lambda=0.0200 relay_stage=disabled relay_scale=1.000 relay_hotspot=0.0000 train_mse=0.00000551 val_mse=0.00000948 val_mae=0.00216365 | peer_val_mse=0.02197969 peer_val_mae=0.10182286
[worker3/operator_burgers_fno_polish_fair_v2] [operator_burgers_fno_polish_fair_v2/fno_polish_coarse_l002_w24_d90_170] [operator][epoch 072] lambda=0.0200 relay_stage=disabled relay_scale=1.000 relay_hotspot=0.0000 train_mse=0.00000744 val_mse=0.00000392 val_mae=0.00129889 | peer_val_mse=0.02197969 peer_val_mae=0.10182286
[worker3/operator_burgers_fno_polish_fair_v2] [operator_burgers_fno_polish_fair_v2/fno_polish_coarse_l002_w24_d90_170] [operator][epoch 073] lambda=0.0200 relay_stage=disabled relay_scale=1.000 relay_hotspot=0.0000 train_mse=0.00000300 val_mse=0.00000592 val_mae=0.00169601 | peer_val_mse=0.02197969 peer_val_mae=0.10182286
[worker3/operator_burgers_fno_polish_fair_v2] [operator_burgers_fno_polish_fair_v2/fno_polish_coarse_l002_w24_d90_170] [operator][epoch 074] lambda=0.0200 relay_stage=disabled relay_scale=1.000 relay_hotspot=0.0000 train_mse=0.00000606 val_mse=0.00000527 val_mae=0.00146549 | peer_val_mse=0.02197969 peer_val_mae=0.10182286
[worker3/operator_burgers_fno_polish_fair_v2] [operator_burgers_fno_polish_fair_v2/fno_polish_coarse_l002_w24_d90_170] [operator][epoch 075] lambda=0.0200 relay_stage=disabled relay_scale=1.000 relay_hotspot=0.0000 train_mse=0.00000715 val_mse=0.00000548 val_mae=0.00148645 | peer_val_mse=0.02197969 peer_val_mae=0.10182286
[worker3/operator_burgers_fno_polish_fair_v2] [operator_burgers_fno_polish_fair_v2/fno_polish_coarse_l002_w24_d90_170] [operator][epoch 076] lambda=0.0200 relay_stage=disabled relay_scale=1.000 relay_hotspot=0.0000 train_mse=0.00000756 val_mse=0.00001383 val_mae=0.00304585 | peer_val_mse=0.02197969 peer_val_mae=0.10182286
[worker3/operator_burgers_fno_polish_fair_v2] [operator_burgers_fno_polish_fair_v2/fno_polish_coarse_l002_w24_d90_170] [operator][epoch 077] lambda=0.0200 relay_stage=disabled relay_scale=1.000 relay_hotspot=0.0000 train_mse=0.00000783 val_mse=0.00000765 val_mae=0.00175228 | peer_val_mse=0.02197969 peer_val_mae=0.10182286
[worker3/operator_burgers_fno_polish_fair_v2] [operator_burgers_fno_polish_fair_v2/fno_polish_coarse_l002_w24_d90_170] [operator][epoch 078] lambda=0.0200 relay_stage=disabled relay_scale=1.000 relay_hotspot=0.0000 train_mse=0.00001126 val_mse=0.00004695 val_mae=0.00411923 | peer_val_mse=0.02197969 peer_val_mae=0.10182286
[worker3/operator_burgers_fno_polish_fair_v2] [operator_burgers_fno_polish_fair_v2/fno_polish_coarse_l002_w24_d90_170] [operator][epoch 079] lambda=0.0200 relay_stage=disabled relay_scale=1.000 relay_hotspot=0.0000 train_mse=0.00022564 val_mse=0.00006933 val_mae=0.00509047 | peer_val_mse=0.02197969 peer_val_mae=0.10182286
[worker3/operator_burgers_fno_polish_fair_v2] [operator_burgers_fno_polish_fair_v2/fno_polish_coarse_l002_w24_d90_170] [operator][epoch 080] lambda=0.0200 relay_stage=disabled relay_scale=1.000 relay_hotspot=0.0000 train_mse=0.00005552 val_mse=0.00002561 val_mae=0.00352531 | peer_val_mse=0.02197969 peer_val_mae=0.10182286
[worker3/operator_burgers_fno_polish_fair_v2] [operator_burgers_fno_polish_fair_v2/fno_polish_coarse_l002_w24_d90_170] [operator][epoch 080] updated live plot
[worker3/operator_burgers_fno_polish_fair_v2] [operator_burgers_fno_polish_fair_v2/fno_polish_coarse_l002_w24_d90_170] [operator][epoch 081] lambda=0.0200 relay_stage=disabled relay_scale=1.000 relay_hotspot=0.0000 train_mse=0.00001968 val_mse=0.00000953 val_mae=0.00193625 | peer_val_mse=0.02197969 peer_val_mae=0.10182286
[worker3/operator_burgers_fno_polish_fair_v2] [operator_burgers_fno_polish_fair_v2/fno_polish_coarse_l002_w24_d90_170] [operator][epoch 082] lambda=0.0200 relay_stage=disabled relay_scale=1.000 relay_hotspot=0.0000 train_mse=0.00019667 val_mse=0.00011749 val_mae=0.00763607 | peer_val_mse=0.02197969 peer_val_mae=0.10182286
[worker3/operator_burgers_fno_polish_fair_v2] [operator_burgers_fno_polish_fair_v2/fno_polish_coarse_l002_w24_d90_170] [operator][epoch 083] lambda=0.0200 relay_stage=disabled relay_scale=1.000 relay_hotspot=0.0000 train_mse=0.00013202 val_mse=0.00006177 val_mae=0.00521795 | peer_val_mse=0.02197969 peer_val_mae=0.10182286
[worker3/operator_burgers_fno_polish_fair_v2] [operator_burgers_fno_polish_fair_v2/fno_polish_coarse_l002_w24_d90_170] [operator][epoch 084] lambda=0.0200 relay_stage=disabled relay_scale=1.000 relay_hotspot=0.0000 train_mse=0.00004481 val_mse=0.00004299 val_mae=0.00521147 | peer_val_mse=0.02197969 peer_val_mae=0.10182286
[worker3/operator_burgers_fno_polish_fair_v2] [operator_burgers_fno_polish_fair_v2/fno_polish_coarse_l002_w24_d90_170] [operator][epoch 085] lambda=0.0200 relay_stage=disabled relay_scale=1.000 relay_hotspot=0.0000 train_mse=0.00001565 val_mse=0.00001763 val_mae=0.00289249 | peer_val_mse=0.02197969 peer_val_mae=0.10182286
[worker3/operator_burgers_fno_polish_fair_v2] [operator_burgers_fno_polish_fair_v2/fno_polish_coarse_l002_w24_d90_170] [operator][epoch 086] lambda=0.0200 relay_stage=disabled relay_scale=1.000 relay_hotspot=0.0000 train_mse=0.00000909 val_mse=0.00000768 val_mae=0.00181137 | peer_val_mse=0.02197969 peer_val_mae=0.10182286
[worker3/operator_burgers_fno_polish_fair_v2] [operator_burgers_fno_polish_fair_v2/fno_polish_coarse_l002_w24_d90_170] [operator][epoch 087] lambda=0.0200 relay_stage=disabled relay_scale=1.000 relay_hotspot=0.0000 train_mse=0.00000528 val_mse=0.00000620 val_mae=0.00147452 | peer_val_mse=0.02197969 peer_val_mae=0.10182286
[worker3/operator_burgers_fno_polish_fair_v2] [operator_burgers_fno_polish_fair_v2/fno_polish_coarse_l002_w24_d90_170] [operator][epoch 088] lambda=0.0200 relay_stage=disabled relay_scale=1.000 relay_hotspot=0.0000 train_mse=0.00000597 val_mse=0.00000662 val_mae=0.00174838 | peer_val_mse=0.02197969 peer_val_mae=0.10182286
[worker3/operator_burgers_fno_polish_fair_v2] [operator_burgers_fno_polish_fair_v2/fno_polish_coarse_l002_w24_d90_170] [operator][epoch 089] lambda=0.0200 relay_stage=disabled relay_scale=1.000 relay_hotspot=0.0000 train_mse=0.00000520 val_mse=0.00000596 val_mae=0.00147566 | peer_val_mse=0.02197969 peer_val_mae=0.10182286
[worker3/operator_burgers_fno_polish_fair_v2] [operator_burgers_fno_polish_fair_v2/fno_polish_coarse_l002_w24_d90_170] [operator][epoch 090] lambda=0.0200 relay_stage=disabled relay_scale=1.000 relay_hotspot=0.0000 train_mse=0.00000379 val_mse=0.00000581 val_mae=0.00152850 | peer_val_mse=0.02197969 peer_val_mae=0.10182286
[worker3/operator_burgers_fno_polish_fair_v2] [operator_burgers_fno_polish_fair_v2/fno_polish_coarse_l002_w24_d90_170] [operator][epoch 091] lambda=0.0198 relay_stage=disabled relay_scale=1.000 relay_hotspot=0.0000 train_mse=0.00000453 val_mse=0.00000381 val_mae=0.00122919 | peer_val_mse=0.02197969 peer_val_mae=0.10182286
[worker3/operator_burgers_fno_polish_fair_v2] [operator_burgers_fno_polish_fair_v2/fno_polish_coarse_l002_w24_d90_170] [operator][epoch 092] lambda=0.0195 relay_stage=disabled relay_scale=1.000 relay_hotspot=0.0000 train_mse=0.00000429 val_mse=0.00000481 val_mae=0.00131073 | peer_val_mse=0.02197969 peer_val_mae=0.10182286
[worker3/operator_burgers_fno_polish_fair_v2] [operator_burgers_fno_polish_fair_v2/fno_polish_coarse_l002_w24_d90_170] [operator][epoch 093] lambda=0.0193 relay_stage=disabled relay_scale=1.000 relay_hotspot=0.0000 train_mse=0.00000476 val_mse=0.00000543 val_mae=0.00165615 | peer_val_mse=0.02197969 peer_val_mae=0.10182286
[worker3/operator_burgers_fno_polish_fair_v2] [operator_burgers_fno_polish_fair_v2/fno_polish_coarse_l002_w24_d90_170] [operator][epoch 094] lambda=0.0191 relay_stage=disabled relay_scale=1.000 relay_hotspot=0.0000 train_mse=0.00000604 val_mse=0.00001524 val_mae=0.00303065 | peer_val_mse=0.02197969 peer_val_mae=0.10182286
[worker3/operator_burgers_fno_polish_fair_v2] [operator_burgers_fno_polish_fair_v2/fno_polish_coarse_l002_w24_d90_170] [operator][epoch 095] lambda=0.0188 relay_stage=disabled relay_scale=1.000 relay_hotspot=0.0000 train_mse=0.00000771 val_mse=0.00000909 val_mae=0.00217497 | peer_val_mse=0.02197969 peer_val_mae=0.10182286
[worker3/operator_burgers_fno_polish_fair_v2] [operator_burgers_fno_polish_fair_v2/fno_polish_coarse_l002_w24_d90_170] [operator][epoch 096] lambda=0.0186 relay_stage=disabled relay_scale=1.000 relay_hotspot=0.0000 train_mse=0.00000678 val_mse=0.00000611 val_mae=0.00152059 | peer_val_mse=0.02197969 peer_val_mae=0.10182286
[worker3/operator_burgers_fno_polish_fair_v2] [operator_burgers_fno_polish_fair_v2/fno_polish_coarse_l002_w24_d90_170] [operator][epoch 097] lambda=0.0183 relay_stage=disabled relay_scale=1.000 relay_hotspot=0.0000 train_mse=0.00000572 val_mse=0.00000568 val_mae=0.00154785 | peer_val_mse=0.02197969 peer_val_mae=0.10182286
[worker3/operator_burgers_fno_polish_fair_v2] [operator_burgers_fno_polish_fair_v2/fno_polish_coarse_l002_w24_d90_170] [operator][epoch 098] lambda=0.0181 relay_stage=disabled relay_scale=1.000 relay_hotspot=0.0000 train_mse=0.00000523 val_mse=0.00000443 val_mae=0.00135641 | peer_val_mse=0.02197969 peer_val_mae=0.10182286
[worker3/operator_burgers_fno_polish_fair_v2] [operator_burgers_fno_polish_fair_v2/fno_polish_coarse_l002_w24_d90_170] [operator][epoch 099] lambda=0.0179 relay_stage=disabled relay_scale=1.000 relay_hotspot=0.0000 train_mse=0.00000259 val_mse=0.00000371 val_mae=0.00120417 | peer_val_mse=0.02197969 peer_val_mae=0.10182286
[worker3/operator_burgers_fno_polish_fair_v2] [operator_burgers_fno_polish_fair_v2/fno_polish_coarse_l002_w24_d90_170] [operator][epoch 100] lambda=0.0176 relay_stage=disabled relay_scale=1.000 relay_hotspot=0.0000 train_mse=0.00000247 val_mse=0.00000327 val_mae=0.00118405 | peer_val_mse=0.02197969 peer_val_mae=0.10182286
[worker3/operator_burgers_fno_polish_fair_v2] [operator_burgers_fno_polish_fair_v2/fno_polish_coarse_l002_w24_d90_170] [operator][epoch 100] updated live plot
[worker3/operator_burgers_fno_polish_fair_v2] [operator_burgers_fno_polish_fair_v2/fno_polish_coarse_l002_w24_d90_170] [operator][epoch 101] lambda=0.0174 relay_stage=disabled relay_scale=1.000 relay_hotspot=0.0000 train_mse=0.00000334 val_mse=0.00000608 val_mae=0.00145070 | peer_val_mse=0.02197969 peer_val_mae=0.10182286
[worker3/operator_burgers_fno_polish_fair_v2] [operator_burgers_fno_polish_fair_v2/fno_polish_coarse_l002_w24_d90_170] [operator][epoch 102] lambda=0.0172 relay_stage=disabled relay_scale=1.000 relay_hotspot=0.0000 train_mse=0.00000423 val_mse=0.00000594 val_mae=0.00170756 | peer_val_mse=0.02197969 peer_val_mae=0.10182286
[worker3/operator_burgers_fno_polish_fair_v2] [operator_burgers_fno_polish_fair_v2/fno_polish_coarse_l002_w24_d90_170] [operator][epoch 103] lambda=0.0169 relay_stage=disabled relay_scale=1.000 relay_hotspot=0.0000 train_mse=0.00000870 val_mse=0.00000546 val_mae=0.00163088 | peer_val_mse=0.02197969 peer_val_mae=0.10182286
[worker3/operator_burgers_fno_polish_fair_v2] [operator_burgers_fno_polish_fair_v2/fno_polish_coarse_l002_w24_d90_170] [operator][epoch 104] lambda=0.0167 relay_stage=disabled relay_scale=1.000 relay_hotspot=0.0000 train_mse=0.00000574 val_mse=0.00000734 val_mae=0.00187313 | peer_val_mse=0.02197969 peer_val_mae=0.10182286
[worker3/operator_burgers_fno_polish_fair_v2] [operator_burgers_fno_polish_fair_v2/fno_polish_coarse_l002_w24_d90_170] [operator][epoch 105] lambda=0.0164 relay_stage=disabled relay_scale=1.000 relay_hotspot=0.0000 train_mse=0.00000845 val_mse=0.00002296 val_mae=0.00326762 | peer_val_mse=0.02197969 peer_val_mae=0.10182286
[worker3/operator_burgers_fno_polish_fair_v2] [operator_burgers_fno_polish_fair_v2/fno_polish_coarse_l002_w24_d90_170] [operator][epoch 106] lambda=0.0162 relay_stage=disabled relay_scale=1.000 relay_hotspot=0.0000 train_mse=0.00003773 val_mse=0.00002600 val_mae=0.00363117 | peer_val_mse=0.02197969 peer_val_mae=0.10182286
[worker3/operator_burgers_fno_polish_fair_v2] [operator_burgers_fno_polish_fair_v2/fno_polish_coarse_l002_w24_d90_170] [operator][epoch 107] lambda=0.0160 relay_stage=disabled relay_scale=1.000 relay_hotspot=0.0000 train_mse=0.00002494 val_mse=0.00002191 val_mae=0.00354753 | peer_val_mse=0.02197969 peer_val_mae=0.10182286
[worker3/operator_burgers_fno_polish_fair_v2] [operator_burgers_fno_polish_fair_v2/fno_polish_coarse_l002_w24_d90_170] [operator][epoch 108] lambda=0.0157 relay_stage=disabled relay_scale=1.000 relay_hotspot=0.0000 train_mse=0.00001631 val_mse=0.00000660 val_mae=0.00162599 | peer_val_mse=0.02197969 peer_val_mae=0.10182286
[worker3/operator_burgers_fno_polish_fair_v2] [operator_burgers_fno_polish_fair_v2/fno_polish_coarse_l002_w24_d90_170] [operator][epoch 109] lambda=0.0155 relay_stage=disabled relay_scale=1.000 relay_hotspot=0.0000 train_mse=0.00000760 val_mse=0.00000670 val_mae=0.00163855 | peer_val_mse=0.02197969 peer_val_mae=0.10182286
[worker3/operator_burgers_fno_polish_fair_v2] [operator_burgers_fno_polish_fair_v2/fno_polish_coarse_l002_w24_d90_170] [operator][epoch 110] lambda=0.0152 relay_stage=disabled relay_scale=1.000 relay_hotspot=0.0000 train_mse=0.00000831 val_mse=0.00000836 val_mae=0.00209588 | peer_val_mse=0.02197969 peer_val_mae=0.10182286
[worker3/operator_burgers_fno_polish_fair_v2] [operator_burgers_fno_polish_fair_v2/fno_polish_coarse_l002_w24_d90_170] [operator][epoch 111] lambda=0.0150 relay_stage=disabled relay_scale=1.000 relay_hotspot=0.0000 train_mse=0.00001686 val_mse=0.00000926 val_mae=0.00225343 | peer_val_mse=0.02197969 peer_val_mae=0.10182286
[worker3/operator_burgers_fno_polish_fair_v2] [operator_burgers_fno_polish_fair_v2/fno_polish_coarse_l002_w24_d90_170] [operator][epoch 112] lambda=0.0148 relay_stage=disabled relay_scale=1.000 relay_hotspot=0.0000 train_mse=0.00005338 val_mse=0.00001408 val_mae=0.00244724 | peer_val_mse=0.02197969 peer_val_mae=0.10182286
[worker3/operator_burgers_fno_polish_fair_v2] [operator_burgers_fno_polish_fair_v2/fno_polish_coarse_l002_w24_d90_170] [operator][epoch 113] lambda=0.0145 relay_stage=disabled relay_scale=1.000 relay_hotspot=0.0000 train_mse=0.00001642 val_mse=0.00002283 val_mae=0.00275978 | peer_val_mse=0.02197969 peer_val_mae=0.10182286
[worker3/operator_burgers_fno_polish_fair_v2] [operator_burgers_fno_polish_fair_v2/fno_polish_coarse_l002_w24_d90_170] [operator][epoch 114] lambda=0.0143 relay_stage=disabled relay_scale=1.000 relay_hotspot=0.0000 train_mse=0.00002860 val_mse=0.00006958 val_mae=0.00612458 | peer_val_mse=0.02197969 peer_val_mae=0.10182286
[worker3/operator_burgers_fno_polish_fair_v2] [operator_burgers_fno_polish_fair_v2/fno_polish_coarse_l002_w24_d90_170] [operator][epoch 115] lambda=0.0141 relay_stage=disabled relay_scale=1.000 relay_hotspot=0.0000 train_mse=0.00006659 val_mse=0.00010634 val_mae=0.00795115 | peer_val_mse=0.02197969 peer_val_mae=0.10182286
[worker3/operator_burgers_fno_polish_fair_v2] [operator_burgers_fno_polish_fair_v2/fno_polish_coarse_l002_w24_d90_170] [operator][epoch 116] lambda=0.0138 relay_stage=disabled relay_scale=1.000 relay_hotspot=0.0000 train_mse=0.00006348 val_mse=0.00005138 val_mae=0.00548174 | peer_val_mse=0.02197969 peer_val_mae=0.10182286
[worker3/operator_burgers_fno_polish_fair_v2] [operator_burgers_fno_polish_fair_v2/fno_polish_coarse_l002_w24_d90_170] [operator][epoch 117] lambda=0.0136 relay_stage=disabled relay_scale=1.000 relay_hotspot=0.0000 train_mse=0.00005673 val_mse=0.00001860 val_mae=0.00301730 | peer_val_mse=0.02197969 peer_val_mae=0.10182286
[worker3/operator_burgers_fno_polish_fair_v2] [operator_burgers_fno_polish_fair_v2/fno_polish_coarse_l002_w24_d90_170] [operator][epoch 118] lambda=0.0134 relay_stage=disabled relay_scale=1.000 relay_hotspot=0.0000 train_mse=0.00004484 val_mse=0.00004586 val_mae=0.00521249 | peer_val_mse=0.02197969 peer_val_mae=0.10182286
[worker3/operator_burgers_fno_polish_fair_v2] [operator_burgers_fno_polish_fair_v2/fno_polish_coarse_l002_w24_d90_170] [operator][epoch 119] lambda=0.0131 relay_stage=disabled relay_scale=1.000 relay_hotspot=0.0000 train_mse=0.00004423 val_mse=0.00002666 val_mae=0.00354986 | peer_val_mse=0.02197969 peer_val_mae=0.10182286
[worker3/operator_burgers_fno_polish_fair_v2] [operator_burgers_fno_polish_fair_v2/fno_polish_coarse_l002_w24_d90_170] [operator][epoch 120] lambda=0.0129 relay_stage=disabled relay_scale=1.000 relay_hotspot=0.0000 train_mse=0.00001479 val_mse=0.00001815 val_mae=0.00276521 | peer_val_mse=0.02197969 peer_val_mae=0.10182286
[worker3/operator_burgers_fno_polish_fair_v2] [operator_burgers_fno_polish_fair_v2/fno_polish_coarse_l002_w24_d90_170] [operator][epoch 120] updated live plot
[worker3/operator_burgers_fno_polish_fair_v2] [operator_burgers_fno_polish_fair_v2/fno_polish_coarse_l002_w24_d90_170] [operator][epoch 121] lambda=0.0126 relay_stage=disabled relay_scale=1.000 relay_hotspot=0.0000 train_mse=0.00000563 val_mse=0.00000410 val_mae=0.00127792 | peer_val_mse=0.02197969 peer_val_mae=0.10182286
[worker3/operator_burgers_fno_polish_fair_v2] [operator_burgers_fno_polish_fair_v2/fno_polish_coarse_l002_w24_d90_170] [operator][epoch 122] lambda=0.0124 relay_stage=disabled relay_scale=1.000 relay_hotspot=0.0000 train_mse=0.00000370 val_mse=0.00000507 val_mae=0.00139944 | peer_val_mse=0.02197969 peer_val_mae=0.10182286
[worker3/operator_burgers_fno_polish_fair_v2] [operator_burgers_fno_polish_fair_v2/fno_polish_coarse_l002_w24_d90_170] [operator][epoch 123] lambda=0.0122 relay_stage=disabled relay_scale=1.000 relay_hotspot=0.0000 train_mse=0.00001049 val_mse=0.00001344 val_mae=0.00281999 | peer_val_mse=0.02197969 peer_val_mae=0.10182286
[worker3/operator_burgers_fno_polish_fair_v2] [operator_burgers_fno_polish_fair_v2/fno_polish_coarse_l002_w24_d90_170] [operator][epoch 124] lambda=0.0119 relay_stage=disabled relay_scale=1.000 relay_hotspot=0.0000 train_mse=0.00000772 val_mse=0.00000683 val_mae=0.00186641 | peer_val_mse=0.02197969 peer_val_mae=0.10182286
[worker3/operator_burgers_fno_polish_fair_v2] [operator_burgers_fno_polish_fair_v2/fno_polish_coarse_l002_w24_d90_170] [operator][epoch 125] lambda=0.0117 relay_stage=disabled relay_scale=1.000 relay_hotspot=0.0000 train_mse=0.00000643 val_mse=0.00000494 val_mae=0.00156634 | peer_val_mse=0.02197969 peer_val_mae=0.10182286
[worker3/operator_burgers_fno_polish_fair_v2] [operator_burgers_fno_polish_fair_v2/fno_polish_coarse_l002_w24_d90_170] [operator][epoch 126] lambda=0.0115 relay_stage=disabled relay_scale=1.000 relay_hotspot=0.0000 train_mse=0.00000320 val_mse=0.00000443 val_mae=0.00144708 | peer_val_mse=0.02197969 peer_val_mae=0.10182286
[worker3/operator_burgers_fno_polish_fair_v2] [operator_burgers_fno_polish_fair_v2/fno_polish_coarse_l002_w24_d90_170] [operator][epoch 127] lambda=0.0112 relay_stage=disabled relay_scale=1.000 relay_hotspot=0.0000 train_mse=0.00000902 val_mse=0.00000917 val_mae=0.00187470 | peer_val_mse=0.02197969 peer_val_mae=0.10182286
[worker3/operator_burgers_fno_polish_fair_v2] [operator_burgers_fno_polish_fair_v2/fno_polish_coarse_l002_w24_d90_170] [operator][epoch 128] lambda=0.0110 relay_stage=disabled relay_scale=1.000 relay_hotspot=0.0000 train_mse=0.00000667 val_mse=0.00000867 val_mae=0.00206322 | peer_val_mse=0.02197969 peer_val_mae=0.10182286
[worker3/operator_burgers_fno_polish_fair_v2] [operator_burgers_fno_polish_fair_v2/fno_polish_coarse_l002_w24_d90_170] [operator][epoch 129] lambda=0.0107 relay_stage=disabled relay_scale=1.000 relay_hotspot=0.0000 train_mse=0.00000792 val_mse=0.00000690 val_mae=0.00191895 | peer_val_mse=0.02197969 peer_val_mae=0.10182286
[worker3/operator_burgers_fno_polish_fair_v2] [operator_burgers_fno_polish_fair_v2/fno_polish_coarse_l002_w24_d90_170] [operator][epoch 130] lambda=0.0105 relay_stage=disabled relay_scale=1.000 relay_hotspot=0.0000 train_mse=0.00002078 val_mse=0.00001407 val_mae=0.00259891 | peer_val_mse=0.02197969 peer_val_mae=0.10182286
[worker3/operator_burgers_fno_polish_fair_v2] [operator_burgers_fno_polish_fair_v2/fno_polish_coarse_l002_w24_d90_170] [operator][epoch 131] lambda=0.0103 relay_stage=disabled relay_scale=1.000 relay_hotspot=0.0000 train_mse=0.00003065 val_mse=0.00003679 val_mae=0.00513301 | peer_val_mse=0.02197969 peer_val_mae=0.10182286
[worker3/operator_burgers_fno_polish_fair_v2] [operator_burgers_fno_polish_fair_v2/fno_polish_coarse_l002_w24_d90_170] [operator][epoch 132] lambda=0.0100 relay_stage=disabled relay_scale=1.000 relay_hotspot=0.0000 train_mse=0.00001053 val_mse=0.00000843 val_mae=0.00218940 | peer_val_mse=0.02197969 peer_val_mae=0.10182286
[worker3/operator_burgers_fno_polish_fair_v2] [operator_burgers_fno_polish_fair_v2/fno_polish_coarse_l002_w24_d90_170] [operator][epoch 133] lambda=0.0098 relay_stage=disabled relay_scale=1.000 relay_hotspot=0.0000 train_mse=0.00000626 val_mse=0.00000578 val_mae=0.00175133 | peer_val_mse=0.02197969 peer_val_mae=0.10182286
[worker3/operator_burgers_fno_polish_fair_v2] [operator_burgers_fno_polish_fair_v2/fno_polish_coarse_l002_w24_d90_170] [operator][epoch 134] lambda=0.0096 relay_stage=disabled relay_scale=1.000 relay_hotspot=0.0000 train_mse=0.00000411 val_mse=0.00000741 val_mae=0.00177334 | peer_val_mse=0.02197969 peer_val_mae=0.10182286
[worker3/operator_burgers_fno_polish_fair_v2] [operator_burgers_fno_polish_fair_v2/fno_polish_coarse_l002_w24_d90_170] [operator][epoch 135] lambda=0.0093 relay_stage=disabled relay_scale=1.000 relay_hotspot=0.0000 train_mse=0.00000636 val_mse=0.00001118 val_mae=0.00209937 | peer_val_mse=0.02197969 peer_val_mae=0.10182286
[worker3/operator_burgers_fno_polish_fair_v2] [operator_burgers_fno_polish_fair_v2/fno_polish_coarse_l002_w24_d90_170] [operator][epoch 136] lambda=0.0091 relay_stage=disabled relay_scale=1.000 relay_hotspot=0.0000 train_mse=0.00000587 val_mse=0.00000710 val_mae=0.00186913 | peer_val_mse=0.02197969 peer_val_mae=0.10182286
[worker3/operator_burgers_fno_polish_fair_v2] [operator_burgers_fno_polish_fair_v2/fno_polish_coarse_l002_w24_d90_170] [operator][epoch 137] lambda=0.0088 relay_stage=disabled relay_scale=1.000 relay_hotspot=0.0000 train_mse=0.00000628 val_mse=0.00000790 val_mae=0.00211595 | peer_val_mse=0.02197969 peer_val_mae=0.10182286
[worker3/operator_burgers_fno_polish_fair_v2] [operator_burgers_fno_polish_fair_v2/fno_polish_coarse_l002_w24_d90_170] [operator][epoch 138] lambda=0.0086 relay_stage=disabled relay_scale=1.000 relay_hotspot=0.0000 train_mse=0.00001171 val_mse=0.00003369 val_mae=0.00456153 | peer_val_mse=0.02197969 peer_val_mae=0.10182286
[worker3/operator_burgers_fno_polish_fair_v2] [operator_burgers_fno_polish_fair_v2/fno_polish_coarse_l002_w24_d90_170] [operator][epoch 139] lambda=0.0084 relay_stage=disabled relay_scale=1.000 relay_hotspot=0.0000 train_mse=0.00002740 val_mse=0.00000856 val_mae=0.00212044 | peer_val_mse=0.02197969 peer_val_mae=0.10182286
[worker3/operator_burgers_fno_polish_fair_v2] [operator_burgers_fno_polish_fair_v2/fno_polish_coarse_l002_w24_d90_170] [operator][epoch 140] lambda=0.0081 relay_stage=disabled relay_scale=1.000 relay_hotspot=0.0000 train_mse=0.00000948 val_mse=0.00001475 val_mae=0.00275355 | peer_val_mse=0.02197969 peer_val_mae=0.10182286
[worker3/operator_burgers_fno_polish_fair_v2] [operator_burgers_fno_polish_fair_v2/fno_polish_coarse_l002_w24_d90_170] [operator][epoch 140] updated live plot
[worker3/operator_burgers_fno_polish_fair_v2] [operator_burgers_fno_polish_fair_v2/fno_polish_coarse_l002_w24_d90_170] [operator][epoch 141] lambda=0.0079 relay_stage=disabled relay_scale=1.000 relay_hotspot=0.0000 train_mse=0.00000848 val_mse=0.00001574 val_mae=0.00257796 | peer_val_mse=0.02197969 peer_val_mae=0.10182286
[worker3/operator_burgers_fno_polish_fair_v2] [operator_burgers_fno_polish_fair_v2/fno_polish_coarse_l002_w24_d90_170] [operator][epoch 142] lambda=0.0077 relay_stage=disabled relay_scale=1.000 relay_hotspot=0.0000 train_mse=0.00001451 val_mse=0.00001451 val_mae=0.00292614 | peer_val_mse=0.02197969 peer_val_mae=0.10182286
[worker3/operator_burgers_fno_polish_fair_v2] [operator_burgers_fno_polish_fair_v2/fno_polish_coarse_l002_w24_d90_170] [operator][epoch 143] lambda=0.0074 relay_stage=disabled relay_scale=1.000 relay_hotspot=0.0000 train_mse=0.00001103 val_mse=0.00001403 val_mae=0.00298148 | peer_val_mse=0.02197969 peer_val_mae=0.10182286
[worker3/operator_burgers_fno_polish_fair_v2] [operator_burgers_fno_polish_fair_v2/fno_polish_coarse_l002_w24_d90_170] [operator][epoch 144] lambda=0.0072 relay_stage=disabled relay_scale=1.000 relay_hotspot=0.0000 train_mse=0.00003172 val_mse=0.00005030 val_mae=0.00507437 | peer_val_mse=0.02197969 peer_val_mae=0.10182286
[worker3/operator_burgers_fno_polish_fair_v2] [operator_burgers_fno_polish_fair_v2/fno_polish_coarse_l002_w24_d90_170] [operator][epoch 145] lambda=0.0069 relay_stage=disabled relay_scale=1.000 relay_hotspot=0.0000 train_mse=0.00003588 val_mse=0.00003878 val_mae=0.00460301 | peer_val_mse=0.02197969 peer_val_mae=0.10182286
[worker3/operator_burgers_fno_polish_fair_v2] [operator_burgers_fno_polish_fair_v2/fno_polish_coarse_l002_w24_d90_170] [operator][epoch 146] lambda=0.0067 relay_stage=disabled relay_scale=1.000 relay_hotspot=0.0000 train_mse=0.00005012 val_mse=0.00012656 val_mae=0.00799267 | peer_val_mse=0.02197969 peer_val_mae=0.10182286
[worker3/operator_burgers_fno_polish_fair_v2] [operator_burgers_fno_polish_fair_v2/fno_polish_coarse_l002_w24_d90_170] [operator][epoch 147] lambda=0.0065 relay_stage=disabled relay_scale=1.000 relay_hotspot=0.0000 train_mse=0.00014133 val_mse=0.00002699 val_mae=0.00394868 | peer_val_mse=0.02197969 peer_val_mae=0.10182286
[worker3/operator_burgers_fno_polish_fair_v2] [operator_burgers_fno_polish_fair_v2/fno_polish_coarse_l002_w24_d90_170] [operator][epoch 148] lambda=0.0062 relay_stage=disabled relay_scale=1.000 relay_hotspot=0.0000 train_mse=0.00005424 val_mse=0.00004564 val_mae=0.00327910 | peer_val_mse=0.02197969 peer_val_mae=0.10182286
[worker3/operator_burgers_fno_polish_fair_v2] [operator_burgers_fno_polish_fair_v2/fno_polish_coarse_l002_w24_d90_170] [operator][epoch 149] lambda=0.0060 relay_stage=disabled relay_scale=1.000 relay_hotspot=0.0000 train_mse=0.00001789 val_mse=0.00003700 val_mae=0.00485860 | peer_val_mse=0.02197969 peer_val_mae=0.10182286
[worker3/operator_burgers_fno_polish_fair_v2] [operator_burgers_fno_polish_fair_v2/fno_polish_coarse_l002_w24_d90_170] [operator][epoch 150] lambda=0.0058 relay_stage=disabled relay_scale=1.000 relay_hotspot=0.0000 train_mse=0.00002182 val_mse=0.00001003 val_mae=0.00227783 | peer_val_mse=0.02197969 peer_val_mae=0.10182286
[worker3/operator_burgers_fno_polish_fair_v2] [operator_burgers_fno_polish_fair_v2/fno_polish_coarse_l002_w24_d90_170] [operator][epoch 151] lambda=0.0055 relay_stage=disabled relay_scale=1.000 relay_hotspot=0.0000 train_mse=0.00000784 val_mse=0.00001504 val_mae=0.00287058 | peer_val_mse=0.02197969 peer_val_mae=0.10182286
[worker3/operator_burgers_fno_polish_fair_v2] [operator_burgers_fno_polish_fair_v2/fno_polish_coarse_l002_w24_d90_170] [operator][epoch 152] lambda=0.0053 relay_stage=disabled relay_scale=1.000 relay_hotspot=0.0000 train_mse=0.00000859 val_mse=0.00001102 val_mae=0.00243741 | peer_val_mse=0.02197969 peer_val_mae=0.10182286
[worker3/operator_burgers_fno_polish_fair_v2] [operator_burgers_fno_polish_fair_v2/fno_polish_coarse_l002_w24_d90_170] [operator][epoch 153] lambda=0.0050 relay_stage=disabled relay_scale=1.000 relay_hotspot=0.0000 train_mse=0.00001096 val_mse=0.00000922 val_mae=0.00225527 | peer_val_mse=0.02197969 peer_val_mae=0.10182286
[worker3/operator_burgers_fno_polish_fair_v2] [operator_burgers_fno_polish_fair_v2/fno_polish_coarse_l002_w24_d90_170] [operator][epoch 154] lambda=0.0048 relay_stage=disabled relay_scale=1.000 relay_hotspot=0.0000 train_mse=0.00000934 val_mse=0.00000810 val_mae=0.00184332 | peer_val_mse=0.02197969 peer_val_mae=0.10182286
[worker3/operator_burgers_fno_polish_fair_v2] [operator_burgers_fno_polish_fair_v2/fno_polish_coarse_l002_w24_d90_170] [operator][epoch 155] lambda=0.0046 relay_stage=disabled relay_scale=1.000 relay_hotspot=0.0000 train_mse=0.00000567 val_mse=0.00000445 val_mae=0.00138031 | peer_val_mse=0.02197969 peer_val_mae=0.10182286
[worker3/operator_burgers_fno_polish_fair_v2] [operator_burgers_fno_polish_fair_v2/fno_polish_coarse_l002_w24_d90_170] [operator][epoch 156] lambda=0.0043 relay_stage=disabled relay_scale=1.000 relay_hotspot=0.0000 train_mse=0.00000545 val_mse=0.00000581 val_mae=0.00154724 | peer_val_mse=0.02197969 peer_val_mae=0.10182286
[worker3/operator_burgers_fno_polish_fair_v2] [operator_burgers_fno_polish_fair_v2/fno_polish_coarse_l002_w24_d90_170] [operator][epoch 157] lambda=0.0041 relay_stage=disabled relay_scale=1.000 relay_hotspot=0.0000 train_mse=0.00000369 val_mse=0.00000725 val_mae=0.00185169 | peer_val_mse=0.02197969 peer_val_mae=0.10182286
[worker3/operator_burgers_fno_polish_fair_v2] [operator_burgers_fno_polish_fair_v2/fno_polish_coarse_l002_w24_d90_170] [operator][epoch 158] lambda=0.0039 relay_stage=disabled relay_scale=1.000 relay_hotspot=0.0000 train_mse=0.00000552 val_mse=0.00000555 val_mae=0.00146080 | peer_val_mse=0.02197969 peer_val_mae=0.10182286
[worker3/operator_burgers_fno_polish_fair_v2] [operator_burgers_fno_polish_fair_v2/fno_polish_coarse_l002_w24_d90_170] [operator][epoch 159] lambda=0.0036 relay_stage=disabled relay_scale=1.000 relay_hotspot=0.0000 train_mse=0.00000339 val_mse=0.00000450 val_mae=0.00133490 | peer_val_mse=0.02197969 peer_val_mae=0.10182286
[worker3/operator_burgers_fno_polish_fair_v2] [operator_burgers_fno_polish_fair_v2/fno_polish_coarse_l002_w24_d90_170] [operator][epoch 160] lambda=0.0034 relay_stage=disabled relay_scale=1.000 relay_hotspot=0.0000 train_mse=0.00000506 val_mse=0.00000575 val_mae=0.00139108 | peer_val_mse=0.02197969 peer_val_mae=0.10182286
[worker3/operator_burgers_fno_polish_fair_v2] [operator_burgers_fno_polish_fair_v2/fno_polish_coarse_l002_w24_d90_170] [operator][epoch 160] updated live plot
[worker3/operator_burgers_fno_polish_fair_v2] [operator_burgers_fno_polish_fair_v2/fno_polish_coarse_l002_w24_d90_170] [operator][epoch 161] lambda=0.0031 relay_stage=disabled relay_scale=1.000 relay_hotspot=0.0000 train_mse=0.00001338 val_mse=0.00000954 val_mae=0.00207850 | peer_val_mse=0.02197969 peer_val_mae=0.10182286
[worker3/operator_burgers_fno_polish_fair_v2] [operator_burgers_fno_polish_fair_v2/fno_polish_coarse_l002_w24_d90_170] [operator][epoch 162] lambda=0.0029 relay_stage=disabled relay_scale=1.000 relay_hotspot=0.0000 train_mse=0.00001747 val_mse=0.00001020 val_mae=0.00211813 | peer_val_mse=0.02197969 peer_val_mae=0.10182286
[worker3/operator_burgers_fno_polish_fair_v2] [operator_burgers_fno_polish_fair_v2/fno_polish_coarse_l002_w24_d90_170] [operator][epoch 163] lambda=0.0027 relay_stage=disabled relay_scale=1.000 relay_hotspot=0.0000 train_mse=0.00001627 val_mse=0.00003058 val_mae=0.00430327 | peer_val_mse=0.02197969 peer_val_mae=0.10182286
[worker3/operator_burgers_fno_polish_fair_v2] [operator_burgers_fno_polish_fair_v2/fno_polish_coarse_l002_w24_d90_170] [operator][epoch 164] lambda=0.0024 relay_stage=disabled relay_scale=1.000 relay_hotspot=0.0000 train_mse=0.00002622 val_mse=0.00003167 val_mae=0.00431902 | peer_val_mse=0.02197969 peer_val_mae=0.10182286
[worker3/operator_burgers_fno_polish_fair_v2] [operator_burgers_fno_polish_fair_v2/fno_polish_coarse_l002_w24_d90_170] [operator][epoch 165] lambda=0.0022 relay_stage=disabled relay_scale=1.000 relay_hotspot=0.0000 train_mse=0.00002027 val_mse=0.00002717 val_mae=0.00328776 | peer_val_mse=0.02197969 peer_val_mae=0.10182286
[worker3/operator_burgers_fno_polish_fair_v2] [operator_burgers_fno_polish_fair_v2/fno_polish_coarse_l002_w24_d90_170] [operator][epoch 166] lambda=0.0020 relay_stage=disabled relay_scale=1.000 relay_hotspot=0.0000 train_mse=0.00001039 val_mse=0.00001084 val_mae=0.00244933 | peer_val_mse=0.02197969 peer_val_mae=0.10182286
[worker3/operator_burgers_fno_polish_fair_v2] [operator_burgers_fno_polish_fair_v2/fno_polish_coarse_l002_w24_d90_170] [operator][epoch 167] lambda=0.0017 relay_stage=disabled relay_scale=1.000 relay_hotspot=0.0000 train_mse=0.00000831 val_mse=0.00000632 val_mae=0.00170596 | peer_val_mse=0.02197969 peer_val_mae=0.10182286
[worker3/operator_burgers_fno_polish_fair_v2] [operator_burgers_fno_polish_fair_v2/fno_polish_coarse_l002_w24_d90_170] [operator][epoch 168] lambda=0.0015 relay_stage=disabled relay_scale=1.000 relay_hotspot=0.0000 train_mse=0.00000869 val_mse=0.00000841 val_mae=0.00200457 | peer_val_mse=0.02197969 peer_val_mae=0.10182286
[worker3/operator_burgers_fno_polish_fair_v2] [operator_burgers_fno_polish_fair_v2/fno_polish_coarse_l002_w24_d90_170] [operator][epoch 169] lambda=0.0012 relay_stage=disabled relay_scale=1.000 relay_hotspot=0.0000 train_mse=0.00003634 val_mse=0.00004267 val_mae=0.00497782 | peer_val_mse=0.02197969 peer_val_mae=0.10182286
[worker3/operator_burgers_fno_polish_fair_v2] [operator_burgers_fno_polish_fair_v2/fno_polish_coarse_l002_w24_d90_170] [operator][epoch 170] lambda=0.0010 relay_stage=disabled relay_scale=1.000 relay_hotspot=0.0000 train_mse=0.00007404 val_mse=0.00004128 val_mae=0.00484778 | peer_val_mse=0.02197969 peer_val_mae=0.10182286
[worker3/operator_burgers_fno_polish_fair_v2] [operator_burgers_fno_polish_fair_v2/fno_polish_coarse_l002_w24_d90_170] [operator][epoch 171] lambda=0.0010 relay_stage=disabled relay_scale=1.000 relay_hotspot=0.0000 train_mse=0.00003825 val_mse=0.00003315 val_mae=0.00335308 | peer_val_mse=0.02197969 peer_val_mae=0.10182286
[worker3/operator_burgers_fno_polish_fair_v2] [operator_burgers_fno_polish_fair_v2/fno_polish_coarse_l002_w24_d90_170] [operator][epoch 172] lambda=0.0010 relay_stage=disabled relay_scale=1.000 relay_hotspot=0.0000 train_mse=0.00003718 val_mse=0.00003010 val_mae=0.00392311 | peer_val_mse=0.02197969 peer_val_mae=0.10182286
[worker3/operator_burgers_fno_polish_fair_v2] [operator_burgers_fno_polish_fair_v2/fno_polish_coarse_l002_w24_d90_170] [operator][epoch 173] lambda=0.0010 relay_stage=disabled relay_scale=1.000 relay_hotspot=0.0000 train_mse=0.00004213 val_mse=0.00002894 val_mae=0.00391600 | peer_val_mse=0.02197969 peer_val_mae=0.10182286
[worker3/operator_burgers_fno_polish_fair_v2] [operator_burgers_fno_polish_fair_v2/fno_polish_coarse_l002_w24_d90_170] [operator][epoch 174] lambda=0.0010 relay_stage=disabled relay_scale=1.000 relay_hotspot=0.0000 train_mse=0.00001881 val_mse=0.00001991 val_mae=0.00318333 | peer_val_mse=0.02197969 peer_val_mae=0.10182286
[worker3/operator_burgers_fno_polish_fair_v2] [operator_burgers_fno_polish_fair_v2/fno_polish_coarse_l002_w24_d90_170] [operator][epoch 175] lambda=0.0010 relay_stage=disabled relay_scale=1.000 relay_hotspot=0.0000 train_mse=0.00001477 val_mse=0.00001727 val_mae=0.00288628 | peer_val_mse=0.02197969 peer_val_mae=0.10182286
[worker3/operator_burgers_fno_polish_fair_v2] [operator_burgers_fno_polish_fair_v2/fno_polish_coarse_l002_w24_d90_170] [operator][epoch 176] lambda=0.0010 relay_stage=disabled relay_scale=1.000 relay_hotspot=0.0000 train_mse=0.00002034 val_mse=0.00002542 val_mae=0.00381684 | peer_val_mse=0.02197969 peer_val_mae=0.10182286
[worker3/operator_burgers_fno_polish_fair_v2] [operator_burgers_fno_polish_fair_v2/fno_polish_coarse_l002_w24_d90_170] [operator][epoch 177] lambda=0.0010 relay_stage=disabled relay_scale=1.000 relay_hotspot=0.0000 train_mse=0.00001654 val_mse=0.00001638 val_mae=0.00294247 | peer_val_mse=0.02197969 peer_val_mae=0.10182286
[worker3/operator_burgers_fno_polish_fair_v2] [operator_burgers_fno_polish_fair_v2/fno_polish_coarse_l002_w24_d90_170] [operator][epoch 178] lambda=0.0010 relay_stage=disabled relay_scale=1.000 relay_hotspot=0.0000 train_mse=0.00002277 val_mse=0.00001239 val_mae=0.00234649 | peer_val_mse=0.02197969 peer_val_mae=0.10182286
[worker3/operator_burgers_fno_polish_fair_v2] [operator_burgers_fno_polish_fair_v2/fno_polish_coarse_l002_w24_d90_170] [operator][epoch 179] lambda=0.0010 relay_stage=disabled relay_scale=1.000 relay_hotspot=0.0000 train_mse=0.00001243 val_mse=0.00001312 val_mae=0.00246665 | peer_val_mse=0.02197969 peer_val_mae=0.10182286
[worker3/operator_burgers_fno_polish_fair_v2] [operator_burgers_fno_polish_fair_v2/fno_polish_coarse_l002_w24_d90_170] [operator][epoch 180] lambda=0.0010 relay_stage=disabled relay_scale=1.000 relay_hotspot=0.0000 train_mse=0.00000923 val_mse=0.00000655 val_mae=0.00169586 | peer_val_mse=0.02197969 peer_val_mae=0.10182286
[worker3/operator_burgers_fno_polish_fair_v2] [operator_burgers_fno_polish_fair_v2/fno_polish_coarse_l002_w24_d90_170] [operator][epoch 180] updated live plot
[worker3/operator_burgers_fno_polish_fair_v2] [operator_burgers_fno_polish_fair_v2/fno_polish_coarse_l002_w24_d90_170] [operator] done
[worker3/operator_burgers_fno_polish_fair_v2] [operator_burgers_fno_polish_fair_v2/fno_polish_coarse_l002_w24_d90_170] [operator] dataset=burgers pair=fno:deeponet method=ssml seed=2
[worker3/operator_burgers_fno_polish_fair_v2] [operator_burgers_fno_polish_fair_v2/fno_polish_coarse_l002_w24_d90_170] [operator] loaded init_checkpoint=results/operator_burgers_followup_v1/burgers_l005_m0_w12_d60_120_ow1/operator/burgers/fno_independent_mse_seed2/model.pt
[worker3/operator_burgers_fno_polish_fair_v2] [operator_burgers_fno_polish_fair_v2/fno_polish_coarse_l002_w24_d90_170] [operator] loaded peer_init_checkpoint=results/operator_burgers_followup_v1/burgers_l005_m0_w12_d60_120_ow1/operator/burgers/deeponet_independent_mse_seed2/model.pt
[worker3/operator_burgers_fno_polish_fair_v2] [operator_burgers_fno_polish_fair_v2/fno_polish_coarse_l002_w24_d90_170] [operator] run_dir=results/operator_burgers_fno_polish_fair_v2/worker3_gpu0/fno_polish_coarse_l002_w24_d90_170/operator/burgers/fno__deeponet_ssml_mse_seed2
[worker3/operator_burgers_fno_polish_fair_v2] [operator_burgers_fno_polish_fair_v2/fno_polish_coarse_l002_w24_d90_170] [operator] params=279041
[worker3/operator_burgers_fno_polish_fair_v2] [operator_burgers_fno_polish_fair_v2/fno_polish_coarse_l002_w24_d90_170] [operator] granularity=element student_only=True freeze_peer=True peer_updates_disabled=True relay_stage_epochs=(0, 0, 0) relay_hint_mode=coarse relay_taper_schedule=linear
[worker3/operator_burgers_fno_polish_fair_v2] [operator_burgers_fno_polish_fair_v2/fno_polish_coarse_l002_w24_d90_170] [operator][epoch 001] lambda=0.0000 relay_stage=disabled relay_scale=1.000 relay_hotspot=0.0000 train_mse=0.00033464 val_mse=0.00004333 val_mae=0.00454203 | peer_val_mse=0.01632908 peer_val_mae=0.08954499
[worker3/operator_burgers_fno_polish_fair_v2] [operator_burgers_fno_polish_fair_v2/fno_polish_coarse_l002_w24_d90_170] [operator][epoch 002] lambda=0.0000 relay_stage=disabled relay_scale=1.000 relay_hotspot=0.0000 train_mse=0.00002328 val_mse=0.00000492 val_mae=0.00165730 | peer_val_mse=0.01632908 peer_val_mae=0.08954499
[worker3/operator_burgers_fno_polish_fair_v2] [operator_burgers_fno_polish_fair_v2/fno_polish_coarse_l002_w24_d90_170] [operator][epoch 003] lambda=0.0000 relay_stage=disabled relay_scale=1.000 relay_hotspot=0.0000 train_mse=0.00000497 val_mse=0.00000329 val_mae=0.00132980 | peer_val_mse=0.01632908 peer_val_mae=0.08954499
[worker3/operator_burgers_fno_polish_fair_v2] [operator_burgers_fno_polish_fair_v2/fno_polish_coarse_l002_w24_d90_170] [operator][epoch 004] lambda=0.0000 relay_stage=disabled relay_scale=1.000 relay_hotspot=0.0000 train_mse=0.00000402 val_mse=0.00000278 val_mae=0.00120221 | peer_val_mse=0.01632908 peer_val_mae=0.08954499
[worker3/operator_burgers_fno_polish_fair_v2] [operator_burgers_fno_polish_fair_v2/fno_polish_coarse_l002_w24_d90_170] [operator][epoch 005] lambda=0.0000 relay_stage=disabled relay_scale=1.000 relay_hotspot=0.0000 train_mse=0.00000261 val_mse=0.00000293 val_mae=0.00122735 | peer_val_mse=0.01632908 peer_val_mae=0.08954499
[worker3/operator_burgers_fno_polish_fair_v2] [operator_burgers_fno_polish_fair_v2/fno_polish_coarse_l002_w24_d90_170] [operator][epoch 006] lambda=0.0000 relay_stage=disabled relay_scale=1.000 relay_hotspot=0.0000 train_mse=0.00000335 val_mse=0.00000434 val_mae=0.00137702 | peer_val_mse=0.01632908 peer_val_mae=0.08954499
[worker3/operator_burgers_fno_polish_fair_v2] [operator_burgers_fno_polish_fair_v2/fno_polish_coarse_l002_w24_d90_170] [operator][epoch 007] lambda=0.0000 relay_stage=disabled relay_scale=1.000 relay_hotspot=0.0000 train_mse=0.00001562 val_mse=0.00001387 val_mae=0.00300629 | peer_val_mse=0.01632908 peer_val_mae=0.08954499
[worker3/operator_burgers_fno_polish_fair_v2] [operator_burgers_fno_polish_fair_v2/fno_polish_coarse_l002_w24_d90_170] [operator][epoch 008] lambda=0.0000 relay_stage=disabled relay_scale=1.000 relay_hotspot=0.0000 train_mse=0.00000815 val_mse=0.00000405 val_mae=0.00148852 | peer_val_mse=0.01632908 peer_val_mae=0.08954499
[worker3/operator_burgers_fno_polish_fair_v2] [operator_burgers_fno_polish_fair_v2/fno_polish_coarse_l002_w24_d90_170] [operator][epoch 009] lambda=0.0000 relay_stage=disabled relay_scale=1.000 relay_hotspot=0.0000 train_mse=0.00000480 val_mse=0.00000562 val_mae=0.00179662 | peer_val_mse=0.01632908 peer_val_mae=0.08954499
[worker3/operator_burgers_fno_polish_fair_v2] [operator_burgers_fno_polish_fair_v2/fno_polish_coarse_l002_w24_d90_170] [operator][epoch 010] lambda=0.0000 relay_stage=disabled relay_scale=1.000 relay_hotspot=0.0000 train_mse=0.00000508 val_mse=0.00001132 val_mae=0.00236906 | peer_val_mse=0.01632908 peer_val_mae=0.08954499
[worker3/operator_burgers_fno_polish_fair_v2] [operator_burgers_fno_polish_fair_v2/fno_polish_coarse_l002_w24_d90_170] [operator][epoch 011] lambda=0.0000 relay_stage=disabled relay_scale=1.000 relay_hotspot=0.0000 train_mse=0.00001279 val_mse=0.00001362 val_mae=0.00294089 | peer_val_mse=0.01632908 peer_val_mae=0.08954499
[worker3/operator_burgers_fno_polish_fair_v2] [operator_burgers_fno_polish_fair_v2/fno_polish_coarse_l002_w24_d90_170] [operator][epoch 012] lambda=0.0000 relay_stage=disabled relay_scale=1.000 relay_hotspot=0.0000 train_mse=0.00001752 val_mse=0.00000977 val_mae=0.00234996 | peer_val_mse=0.01632908 peer_val_mae=0.08954499
[worker3/operator_burgers_fno_polish_fair_v2] [operator_burgers_fno_polish_fair_v2/fno_polish_coarse_l002_w24_d90_170] [operator][epoch 013] lambda=0.0000 relay_stage=disabled relay_scale=1.000 relay_hotspot=0.0000 train_mse=0.00004696 val_mse=0.00003576 val_mae=0.00362198 | peer_val_mse=0.01632908 peer_val_mae=0.08954499
[worker3/operator_burgers_fno_polish_fair_v2] [operator_burgers_fno_polish_fair_v2/fno_polish_coarse_l002_w24_d90_170] [operator][epoch 014] lambda=0.0000 relay_stage=disabled relay_scale=1.000 relay_hotspot=0.0000 train_mse=0.00003488 val_mse=0.00002214 val_mae=0.00335612 | peer_val_mse=0.01632908 peer_val_mae=0.08954499
[worker3/operator_burgers_fno_polish_fair_v2] [operator_burgers_fno_polish_fair_v2/fno_polish_coarse_l002_w24_d90_170] [operator][epoch 015] lambda=0.0000 relay_stage=disabled relay_scale=1.000 relay_hotspot=0.0000 train_mse=0.00002538 val_mse=0.00001660 val_mae=0.00295448 | peer_val_mse=0.01632908 peer_val_mae=0.08954499
[worker3/operator_burgers_fno_polish_fair_v2] [operator_burgers_fno_polish_fair_v2/fno_polish_coarse_l002_w24_d90_170] [operator][epoch 016] lambda=0.0000 relay_stage=disabled relay_scale=1.000 relay_hotspot=0.0000 train_mse=0.00001647 val_mse=0.00001528 val_mae=0.00295467 | peer_val_mse=0.01632908 peer_val_mae=0.08954499
[worker3/operator_burgers_fno_polish_fair_v2] [operator_burgers_fno_polish_fair_v2/fno_polish_coarse_l002_w24_d90_170] [operator][epoch 017] lambda=0.0000 relay_stage=disabled relay_scale=1.000 relay_hotspot=0.0000 train_mse=0.00007351 val_mse=0.00005971 val_mae=0.00569807 | peer_val_mse=0.01632908 peer_val_mae=0.08954499
[worker3/operator_burgers_fno_polish_fair_v2] [operator_burgers_fno_polish_fair_v2/fno_polish_coarse_l002_w24_d90_170] [operator][epoch 018] lambda=0.0000 relay_stage=disabled relay_scale=1.000 relay_hotspot=0.0000 train_mse=0.00011214 val_mse=0.00003676 val_mae=0.00492728 | peer_val_mse=0.01632908 peer_val_mae=0.08954499
[worker3/operator_burgers_fno_polish_fair_v2] [operator_burgers_fno_polish_fair_v2/fno_polish_coarse_l002_w24_d90_170] [operator][epoch 019] lambda=0.0000 relay_stage=disabled relay_scale=1.000 relay_hotspot=0.0000 train_mse=0.00006164 val_mse=0.00003290 val_mae=0.00467565 | peer_val_mse=0.01632908 peer_val_mae=0.08954499
[worker3/operator_burgers_fno_polish_fair_v2] [operator_burgers_fno_polish_fair_v2/fno_polish_coarse_l002_w24_d90_170] [operator][epoch 020] lambda=0.0000 relay_stage=disabled relay_scale=1.000 relay_hotspot=0.0000 train_mse=0.00002056 val_mse=0.00000877 val_mae=0.00212299 | peer_val_mse=0.01632908 peer_val_mae=0.08954499
[worker3/operator_burgers_fno_polish_fair_v2] [operator_burgers_fno_polish_fair_v2/fno_polish_coarse_l002_w24_d90_170] [operator][epoch 020] updated live plot
[worker3/operator_burgers_fno_polish_fair_v2] [operator_burgers_fno_polish_fair_v2/fno_polish_coarse_l002_w24_d90_170] [operator][epoch 021] lambda=0.0000 relay_stage=disabled relay_scale=1.000 relay_hotspot=0.0000 train_mse=0.00001282 val_mse=0.00001744 val_mae=0.00331395 | peer_val_mse=0.01632908 peer_val_mae=0.08954499
[worker3/operator_burgers_fno_polish_fair_v2] [operator_burgers_fno_polish_fair_v2/fno_polish_coarse_l002_w24_d90_170] [operator][epoch 022] lambda=0.0000 relay_stage=disabled relay_scale=1.000 relay_hotspot=0.0000 train_mse=0.00005355 val_mse=0.00005554 val_mae=0.00611255 | peer_val_mse=0.01632908 peer_val_mae=0.08954499
[worker3/operator_burgers_fno_polish_fair_v2] [operator_burgers_fno_polish_fair_v2/fno_polish_coarse_l002_w24_d90_170] [operator][epoch 023] lambda=0.0000 relay_stage=disabled relay_scale=1.000 relay_hotspot=0.0000 train_mse=0.00002797 val_mse=0.00002000 val_mae=0.00322844 | peer_val_mse=0.01632908 peer_val_mae=0.08954499
[worker3/operator_burgers_fno_polish_fair_v2] [operator_burgers_fno_polish_fair_v2/fno_polish_coarse_l002_w24_d90_170] [operator][epoch 024] lambda=0.0000 relay_stage=disabled relay_scale=1.000 relay_hotspot=0.0000 train_mse=0.00006331 val_mse=0.00004977 val_mae=0.00459091 | peer_val_mse=0.01632908 peer_val_mae=0.08954499
[worker3/operator_burgers_fno_polish_fair_v2] [operator_burgers_fno_polish_fair_v2/fno_polish_coarse_l002_w24_d90_170] [operator][epoch 025] lambda=0.0200 relay_stage=disabled relay_scale=1.000 relay_hotspot=0.0000 train_mse=0.00006588 val_mse=0.00002776 val_mae=0.00401706 | peer_val_mse=0.01632908 peer_val_mae=0.08954499
[worker3/operator_burgers_fno_polish_fair_v2] [operator_burgers_fno_polish_fair_v2/fno_polish_coarse_l002_w24_d90_170] [operator][epoch 026] lambda=0.0200 relay_stage=disabled relay_scale=1.000 relay_hotspot=0.0000 train_mse=0.00003378 val_mse=0.00001149 val_mae=0.00256129 | peer_val_mse=0.01632908 peer_val_mae=0.08954499
[worker3/operator_burgers_fno_polish_fair_v2] [operator_burgers_fno_polish_fair_v2/fno_polish_coarse_l002_w24_d90_170] [operator][epoch 027] lambda=0.0200 relay_stage=disabled relay_scale=1.000 relay_hotspot=0.0000 train_mse=0.00002045 val_mse=0.00001474 val_mae=0.00279146 | peer_val_mse=0.01632908 peer_val_mae=0.08954499
[worker3/operator_burgers_fno_polish_fair_v2] [operator_burgers_fno_polish_fair_v2/fno_polish_coarse_l002_w24_d90_170] [operator][epoch 028] lambda=0.0200 relay_stage=disabled relay_scale=1.000 relay_hotspot=0.0000 train_mse=0.00002131 val_mse=0.00001334 val_mae=0.00279563 | peer_val_mse=0.01632908 peer_val_mae=0.08954499
[worker3/operator_burgers_fno_polish_fair_v2] [operator_burgers_fno_polish_fair_v2/fno_polish_coarse_l002_w24_d90_170] [operator][epoch 029] lambda=0.0200 relay_stage=disabled relay_scale=1.000 relay_hotspot=0.0000 train_mse=0.00001125 val_mse=0.00000640 val_mae=0.00185361 | peer_val_mse=0.01632908 peer_val_mae=0.08954499
[worker3/operator_burgers_fno_polish_fair_v2] [operator_burgers_fno_polish_fair_v2/fno_polish_coarse_l002_w24_d90_170] [operator][epoch 030] lambda=0.0200 relay_stage=disabled relay_scale=1.000 relay_hotspot=0.0000 train_mse=0.00000639 val_mse=0.00000574 val_mae=0.00179433 | peer_val_mse=0.01632908 peer_val_mae=0.08954499
[worker3/operator_burgers_fno_polish_fair_v2] [operator_burgers_fno_polish_fair_v2/fno_polish_coarse_l002_w24_d90_170] [operator][epoch 031] lambda=0.0200 relay_stage=disabled relay_scale=1.000 relay_hotspot=0.0000 train_mse=0.00000707 val_mse=0.00000532 val_mae=0.00164134 | peer_val_mse=0.01632908 peer_val_mae=0.08954499
[worker3/operator_burgers_fno_polish_fair_v2] [operator_burgers_fno_polish_fair_v2/fno_polish_coarse_l002_w24_d90_170] [operator][epoch 032] lambda=0.0200 relay_stage=disabled relay_scale=1.000 relay_hotspot=0.0000 train_mse=0.00000565 val_mse=0.00000657 val_mae=0.00199831 | peer_val_mse=0.01632908 peer_val_mae=0.08954499
[worker3/operator_burgers_fno_polish_fair_v2] [operator_burgers_fno_polish_fair_v2/fno_polish_coarse_l002_w24_d90_170] [operator][epoch 033] lambda=0.0200 relay_stage=disabled relay_scale=1.000 relay_hotspot=0.0000 train_mse=0.00003748 val_mse=0.00002298 val_mae=0.00351562 | peer_val_mse=0.01632908 peer_val_mae=0.08954499
[worker3/operator_burgers_fno_polish_fair_v2] [operator_burgers_fno_polish_fair_v2/fno_polish_coarse_l002_w24_d90_170] [operator][epoch 034] lambda=0.0200 relay_stage=disabled relay_scale=1.000 relay_hotspot=0.0000 train_mse=0.00001547 val_mse=0.00000796 val_mae=0.00197145 | peer_val_mse=0.01632908 peer_val_mae=0.08954499
[worker3/operator_burgers_fno_polish_fair_v2] [operator_burgers_fno_polish_fair_v2/fno_polish_coarse_l002_w24_d90_170] [operator][epoch 035] lambda=0.0200 relay_stage=disabled relay_scale=1.000 relay_hotspot=0.0000 train_mse=0.00001560 val_mse=0.00001011 val_mae=0.00244625 | peer_val_mse=0.01632908 peer_val_mae=0.08954499
[worker3/operator_burgers_fno_polish_fair_v2] [operator_burgers_fno_polish_fair_v2/fno_polish_coarse_l002_w24_d90_170] [operator][epoch 036] lambda=0.0200 relay_stage=disabled relay_scale=1.000 relay_hotspot=0.0000 train_mse=0.00001083 val_mse=0.00001933 val_mae=0.00335225 | peer_val_mse=0.01632908 peer_val_mae=0.08954499
[worker3/operator_burgers_fno_polish_fair_v2] [operator_burgers_fno_polish_fair_v2/fno_polish_coarse_l002_w24_d90_170] [operator][epoch 037] lambda=0.0200 relay_stage=disabled relay_scale=1.000 relay_hotspot=0.0000 train_mse=0.00006541 val_mse=0.00031446 val_mae=0.01386543 | peer_val_mse=0.01632908 peer_val_mae=0.08954499
[worker3/operator_burgers_fno_polish_fair_v2] [operator_burgers_fno_polish_fair_v2/fno_polish_coarse_l002_w24_d90_170] [operator][epoch 038] lambda=0.0200 relay_stage=disabled relay_scale=1.000 relay_hotspot=0.0000 train_mse=0.00023733 val_mse=0.00010842 val_mae=0.00754053 | peer_val_mse=0.01632908 peer_val_mae=0.08954499
[worker3/operator_burgers_fno_polish_fair_v2] [operator_burgers_fno_polish_fair_v2/fno_polish_coarse_l002_w24_d90_170] [operator][epoch 039] lambda=0.0200 relay_stage=disabled relay_scale=1.000 relay_hotspot=0.0000 train_mse=0.00005498 val_mse=0.00003312 val_mae=0.00416704 | peer_val_mse=0.01632908 peer_val_mae=0.08954499
[worker3/operator_burgers_fno_polish_fair_v2] [operator_burgers_fno_polish_fair_v2/fno_polish_coarse_l002_w24_d90_170] [operator][epoch 040] lambda=0.0200 relay_stage=disabled relay_scale=1.000 relay_hotspot=0.0000 train_mse=0.00002679 val_mse=0.00001117 val_mae=0.00243522 | peer_val_mse=0.01632908 peer_val_mae=0.08954499
[worker3/operator_burgers_fno_polish_fair_v2] [operator_burgers_fno_polish_fair_v2/fno_polish_coarse_l002_w24_d90_170] [operator][epoch 040] updated live plot
[worker3/operator_burgers_fno_polish_fair_v2] [operator_burgers_fno_polish_fair_v2/fno_polish_coarse_l002_w24_d90_170] [operator][epoch 041] lambda=0.0200 relay_stage=disabled relay_scale=1.000 relay_hotspot=0.0000 train_mse=0.00001267 val_mse=0.00001101 val_mae=0.00252208 | peer_val_mse=0.01632908 peer_val_mae=0.08954499
[worker3/operator_burgers_fno_polish_fair_v2] [operator_burgers_fno_polish_fair_v2/fno_polish_coarse_l002_w24_d90_170] [operator][epoch 042] lambda=0.0200 relay_stage=disabled relay_scale=1.000 relay_hotspot=0.0000 train_mse=0.00001259 val_mse=0.00000746 val_mae=0.00192733 | peer_val_mse=0.01632908 peer_val_mae=0.08954499
[worker3/operator_burgers_fno_polish_fair_v2] [operator_burgers_fno_polish_fair_v2/fno_polish_coarse_l002_w24_d90_170] [operator][epoch 043] lambda=0.0200 relay_stage=disabled relay_scale=1.000 relay_hotspot=0.0000 train_mse=0.00000997 val_mse=0.00000369 val_mae=0.00137955 | peer_val_mse=0.01632908 peer_val_mae=0.08954499
[worker3/operator_burgers_fno_polish_fair_v2] [operator_burgers_fno_polish_fair_v2/fno_polish_coarse_l002_w24_d90_170] [operator][epoch 044] lambda=0.0200 relay_stage=disabled relay_scale=1.000 relay_hotspot=0.0000 train_mse=0.00000515 val_mse=0.00000536 val_mae=0.00158278 | peer_val_mse=0.01632908 peer_val_mae=0.08954499
[worker3/operator_burgers_fno_polish_fair_v2] [operator_burgers_fno_polish_fair_v2/fno_polish_coarse_l002_w24_d90_170] [operator][epoch 045] lambda=0.0200 relay_stage=disabled relay_scale=1.000 relay_hotspot=0.0000 train_mse=0.00000375 val_mse=0.00000310 val_mae=0.00121481 | peer_val_mse=0.01632908 peer_val_mae=0.08954499
[worker3/operator_burgers_fno_polish_fair_v2] [operator_burgers_fno_polish_fair_v2/fno_polish_coarse_l002_w24_d90_170] [operator][epoch 046] lambda=0.0200 relay_stage=disabled relay_scale=1.000 relay_hotspot=0.0000 train_mse=0.00000833 val_mse=0.00001196 val_mae=0.00280539 | peer_val_mse=0.01632908 peer_val_mae=0.08954499
[worker3/operator_burgers_fno_polish_fair_v2] [operator_burgers_fno_polish_fair_v2/fno_polish_coarse_l002_w24_d90_170] [operator][epoch 047] lambda=0.0200 relay_stage=disabled relay_scale=1.000 relay_hotspot=0.0000 train_mse=0.00000782 val_mse=0.00000485 val_mae=0.00168419 | peer_val_mse=0.01632908 peer_val_mae=0.08954499
[worker3/operator_burgers_fno_polish_fair_v2] [operator_burgers_fno_polish_fair_v2/fno_polish_coarse_l002_w24_d90_170] [operator][epoch 048] lambda=0.0200 relay_stage=disabled relay_scale=1.000 relay_hotspot=0.0000 train_mse=0.00000386 val_mse=0.00000330 val_mae=0.00132653 | peer_val_mse=0.01632908 peer_val_mae=0.08954499
[worker3/operator_burgers_fno_polish_fair_v2] [operator_burgers_fno_polish_fair_v2/fno_polish_coarse_l002_w24_d90_170] [operator][epoch 049] lambda=0.0200 relay_stage=disabled relay_scale=1.000 relay_hotspot=0.0000 train_mse=0.00000407 val_mse=0.00000953 val_mae=0.00220570 | peer_val_mse=0.01632908 peer_val_mae=0.08954499
[worker3/operator_burgers_fno_polish_fair_v2] [operator_burgers_fno_polish_fair_v2/fno_polish_coarse_l002_w24_d90_170] [operator][epoch 050] lambda=0.0200 relay_stage=disabled relay_scale=1.000 relay_hotspot=0.0000 train_mse=0.00000705 val_mse=0.00000810 val_mae=0.00212604 | peer_val_mse=0.01632908 peer_val_mae=0.08954499
[worker3/operator_burgers_fno_polish_fair_v2] [operator_burgers_fno_polish_fair_v2/fno_polish_coarse_l002_w24_d90_170] [operator][epoch 051] lambda=0.0200 relay_stage=disabled relay_scale=1.000 relay_hotspot=0.0000 train_mse=0.00001272 val_mse=0.00001113 val_mae=0.00259870 | peer_val_mse=0.01632908 peer_val_mae=0.08954499
[worker3/operator_burgers_fno_polish_fair_v2] [operator_burgers_fno_polish_fair_v2/fno_polish_coarse_l002_w24_d90_170] [operator][epoch 052] lambda=0.0200 relay_stage=disabled relay_scale=1.000 relay_hotspot=0.0000 train_mse=0.00001016 val_mse=0.00001063 val_mae=0.00248449 | peer_val_mse=0.01632908 peer_val_mae=0.08954499
[worker3/operator_burgers_fno_polish_fair_v2] [operator_burgers_fno_polish_fair_v2/fno_polish_coarse_l002_w24_d90_170] [operator][epoch 053] lambda=0.0200 relay_stage=disabled relay_scale=1.000 relay_hotspot=0.0000 train_mse=0.00001005 val_mse=0.00001276 val_mae=0.00274772 | peer_val_mse=0.01632908 peer_val_mae=0.08954499
[worker3/operator_burgers_fno_polish_fair_v2] [operator_burgers_fno_polish_fair_v2/fno_polish_coarse_l002_w24_d90_170] [operator][epoch 054] lambda=0.0200 relay_stage=disabled relay_scale=1.000 relay_hotspot=0.0000 train_mse=0.00001071 val_mse=0.00000852 val_mae=0.00210698 | peer_val_mse=0.01632908 peer_val_mae=0.08954499
[worker3/operator_burgers_fno_polish_fair_v2] [operator_burgers_fno_polish_fair_v2/fno_polish_coarse_l002_w24_d90_170] [operator][epoch 055] lambda=0.0200 relay_stage=disabled relay_scale=1.000 relay_hotspot=0.0000 train_mse=0.00001768 val_mse=0.00000919 val_mae=0.00223001 | peer_val_mse=0.01632908 peer_val_mae=0.08954499
[worker3/operator_burgers_fno_polish_fair_v2] [operator_burgers_fno_polish_fair_v2/fno_polish_coarse_l002_w24_d90_170] [operator][epoch 056] lambda=0.0200 relay_stage=disabled relay_scale=1.000 relay_hotspot=0.0000 train_mse=0.00001214 val_mse=0.00001595 val_mae=0.00250435 | peer_val_mse=0.01632908 peer_val_mae=0.08954499
[worker3/operator_burgers_fno_polish_fair_v2] [operator_burgers_fno_polish_fair_v2/fno_polish_coarse_l002_w24_d90_170] [operator][epoch 057] lambda=0.0200 relay_stage=disabled relay_scale=1.000 relay_hotspot=0.0000 train_mse=0.00002312 val_mse=0.00001614 val_mae=0.00277577 | peer_val_mse=0.01632908 peer_val_mae=0.08954499
[worker3/operator_burgers_fno_polish_fair_v2] [operator_burgers_fno_polish_fair_v2/fno_polish_coarse_l002_w24_d90_170] [operator][epoch 058] lambda=0.0200 relay_stage=disabled relay_scale=1.000 relay_hotspot=0.0000 train_mse=0.00003621 val_mse=0.00001724 val_mae=0.00322146 | peer_val_mse=0.01632908 peer_val_mae=0.08954499
[worker3/operator_burgers_fno_polish_fair_v2] [operator_burgers_fno_polish_fair_v2/fno_polish_coarse_l002_w24_d90_170] [operator][epoch 059] lambda=0.0200 relay_stage=disabled relay_scale=1.000 relay_hotspot=0.0000 train_mse=0.00002018 val_mse=0.00015820 val_mae=0.01066558 | peer_val_mse=0.01632908 peer_val_mae=0.08954499
[worker3/operator_burgers_fno_polish_fair_v2] [operator_burgers_fno_polish_fair_v2/fno_polish_coarse_l002_w24_d90_170] [operator][epoch 060] lambda=0.0200 relay_stage=disabled relay_scale=1.000 relay_hotspot=0.0000 train_mse=0.00017924 val_mse=0.00015661 val_mae=0.00967250 | peer_val_mse=0.01632908 peer_val_mae=0.08954499
[worker3/operator_burgers_fno_polish_fair_v2] [operator_burgers_fno_polish_fair_v2/fno_polish_coarse_l002_w24_d90_170] [operator][epoch 060] updated live plot
[worker3/operator_burgers_fno_polish_fair_v2] [operator_burgers_fno_polish_fair_v2/fno_polish_coarse_l002_w24_d90_170] [operator][epoch 061] lambda=0.0200 relay_stage=disabled relay_scale=1.000 relay_hotspot=0.0000 train_mse=0.00009044 val_mse=0.00004315 val_mae=0.00489880 | peer_val_mse=0.01632908 peer_val_mae=0.08954499
[worker3/operator_burgers_fno_polish_fair_v2] [operator_burgers_fno_polish_fair_v2/fno_polish_coarse_l002_w24_d90_170] [operator][epoch 062] lambda=0.0200 relay_stage=disabled relay_scale=1.000 relay_hotspot=0.0000 train_mse=0.00019913 val_mse=0.00024128 val_mae=0.01136480 | peer_val_mse=0.01632908 peer_val_mae=0.08954499
[worker3/operator_burgers_fno_polish_fair_v2] [operator_burgers_fno_polish_fair_v2/fno_polish_coarse_l002_w24_d90_170] [operator][epoch 063] lambda=0.0200 relay_stage=disabled relay_scale=1.000 relay_hotspot=0.0000 train_mse=0.00008497 val_mse=0.00002487 val_mae=0.00381860 | peer_val_mse=0.01632908 peer_val_mae=0.08954499
[worker3/operator_burgers_fno_polish_fair_v2] [operator_burgers_fno_polish_fair_v2/fno_polish_coarse_l002_w24_d90_170] [operator][epoch 064] lambda=0.0200 relay_stage=disabled relay_scale=1.000 relay_hotspot=0.0000 train_mse=0.00001912 val_mse=0.00002246 val_mae=0.00333946 | peer_val_mse=0.01632908 peer_val_mae=0.08954499
[worker3/operator_burgers_fno_polish_fair_v2] [operator_burgers_fno_polish_fair_v2/fno_polish_coarse_l002_w24_d90_170] [operator][epoch 065] lambda=0.0200 relay_stage=disabled relay_scale=1.000 relay_hotspot=0.0000 train_mse=0.00001119 val_mse=0.00000553 val_mae=0.00168691 | peer_val_mse=0.01632908 peer_val_mae=0.08954499
[worker3/operator_burgers_fno_polish_fair_v2] [operator_burgers_fno_polish_fair_v2/fno_polish_coarse_l002_w24_d90_170] [operator][epoch 066] lambda=0.0200 relay_stage=disabled relay_scale=1.000 relay_hotspot=0.0000 train_mse=0.00000838 val_mse=0.00000677 val_mae=0.00193832 | peer_val_mse=0.01632908 peer_val_mae=0.08954499
[worker3/operator_burgers_fno_polish_fair_v2] [operator_burgers_fno_polish_fair_v2/fno_polish_coarse_l002_w24_d90_170] [operator][epoch 067] lambda=0.0200 relay_stage=disabled relay_scale=1.000 relay_hotspot=0.0000 train_mse=0.00000516 val_mse=0.00000420 val_mae=0.00149243 | peer_val_mse=0.01632908 peer_val_mae=0.08954499
[worker3/operator_burgers_fno_polish_fair_v2] [operator_burgers_fno_polish_fair_v2/fno_polish_coarse_l002_w24_d90_170] [operator][epoch 068] lambda=0.0200 relay_stage=disabled relay_scale=1.000 relay_hotspot=0.0000 train_mse=0.00000460 val_mse=0.00000588 val_mae=0.00175908 | peer_val_mse=0.01632908 peer_val_mae=0.08954499
[worker3/operator_burgers_fno_polish_fair_v2] [operator_burgers_fno_polish_fair_v2/fno_polish_coarse_l002_w24_d90_170] [operator][epoch 069] lambda=0.0200 relay_stage=disabled relay_scale=1.000 relay_hotspot=0.0000 train_mse=0.00000538 val_mse=0.00000376 val_mae=0.00142579 | peer_val_mse=0.01632908 peer_val_mae=0.08954499
[worker3/operator_burgers_fno_polish_fair_v2] [operator_burgers_fno_polish_fair_v2/fno_polish_coarse_l002_w24_d90_170] [operator][epoch 070] lambda=0.0200 relay_stage=disabled relay_scale=1.000 relay_hotspot=0.0000 train_mse=0.00000393 val_mse=0.00000489 val_mae=0.00165267 | peer_val_mse=0.01632908 peer_val_mae=0.08954499
[worker3/operator_burgers_fno_polish_fair_v2] [operator_burgers_fno_polish_fair_v2/fno_polish_coarse_l002_w24_d90_170] [operator][epoch 071] lambda=0.0200 relay_stage=disabled relay_scale=1.000 relay_hotspot=0.0000 train_mse=0.00000581 val_mse=0.00000438 val_mae=0.00139785 | peer_val_mse=0.01632908 peer_val_mae=0.08954499
[worker3/operator_burgers_fno_polish_fair_v2] [operator_burgers_fno_polish_fair_v2/fno_polish_coarse_l002_w24_d90_170] [operator][epoch 072] lambda=0.0200 relay_stage=disabled relay_scale=1.000 relay_hotspot=0.0000 train_mse=0.00000326 val_mse=0.00000408 val_mae=0.00146444 | peer_val_mse=0.01632908 peer_val_mae=0.08954499
[worker3/operator_burgers_fno_polish_fair_v2] [operator_burgers_fno_polish_fair_v2/fno_polish_coarse_l002_w24_d90_170] [operator][epoch 073] lambda=0.0200 relay_stage=disabled relay_scale=1.000 relay_hotspot=0.0000 train_mse=0.00000434 val_mse=0.00000391 val_mae=0.00146916 | peer_val_mse=0.01632908 peer_val_mae=0.08954499
[worker3/operator_burgers_fno_polish_fair_v2] [operator_burgers_fno_polish_fair_v2/fno_polish_coarse_l002_w24_d90_170] [operator][epoch 074] lambda=0.0200 relay_stage=disabled relay_scale=1.000 relay_hotspot=0.0000 train_mse=0.00000889 val_mse=0.00001700 val_mae=0.00318641 | peer_val_mse=0.01632908 peer_val_mae=0.08954499
[worker3/operator_burgers_fno_polish_fair_v2] [operator_burgers_fno_polish_fair_v2/fno_polish_coarse_l002_w24_d90_170] [operator][epoch 075] lambda=0.0200 relay_stage=disabled relay_scale=1.000 relay_hotspot=0.0000 train_mse=0.00001528 val_mse=0.00001172 val_mae=0.00260411 | peer_val_mse=0.01632908 peer_val_mae=0.08954499
[worker3/operator_burgers_fno_polish_fair_v2] [operator_burgers_fno_polish_fair_v2/fno_polish_coarse_l002_w24_d90_170] [operator][epoch 076] lambda=0.0200 relay_stage=disabled relay_scale=1.000 relay_hotspot=0.0000 train_mse=0.00000790 val_mse=0.00000403 val_mae=0.00139696 | peer_val_mse=0.01632908 peer_val_mae=0.08954499
[worker3/operator_burgers_fno_polish_fair_v2] [operator_burgers_fno_polish_fair_v2/fno_polish_coarse_l002_w24_d90_170] [operator][epoch 077] lambda=0.0200 relay_stage=disabled relay_scale=1.000 relay_hotspot=0.0000 train_mse=0.00000843 val_mse=0.00000913 val_mae=0.00207216 | peer_val_mse=0.01632908 peer_val_mae=0.08954499
[worker3/operator_burgers_fno_polish_fair_v2] [operator_burgers_fno_polish_fair_v2/fno_polish_coarse_l002_w24_d90_170] [operator][epoch 078] lambda=0.0200 relay_stage=disabled relay_scale=1.000 relay_hotspot=0.0000 train_mse=0.00000761 val_mse=0.00000567 val_mae=0.00170426 | peer_val_mse=0.01632908 peer_val_mae=0.08954499
[worker3/operator_burgers_fno_polish_fair_v2] [operator_burgers_fno_polish_fair_v2/fno_polish_coarse_l002_w24_d90_170] [operator][epoch 079] lambda=0.0200 relay_stage=disabled relay_scale=1.000 relay_hotspot=0.0000 train_mse=0.00000751 val_mse=0.00000722 val_mae=0.00188924 | peer_val_mse=0.01632908 peer_val_mae=0.08954499
[worker3/operator_burgers_fno_polish_fair_v2] [operator_burgers_fno_polish_fair_v2/fno_polish_coarse_l002_w24_d90_170] [operator][epoch 080] lambda=0.0200 relay_stage=disabled relay_scale=1.000 relay_hotspot=0.0000 train_mse=0.00001388 val_mse=0.00000657 val_mae=0.00184428 | peer_val_mse=0.01632908 peer_val_mae=0.08954499
[worker3/operator_burgers_fno_polish_fair_v2] [operator_burgers_fno_polish_fair_v2/fno_polish_coarse_l002_w24_d90_170] [operator][epoch 080] updated live plot
[worker3/operator_burgers_fno_polish_fair_v2] [operator_burgers_fno_polish_fair_v2/fno_polish_coarse_l002_w24_d90_170] [operator][epoch 081] lambda=0.0200 relay_stage=disabled relay_scale=1.000 relay_hotspot=0.0000 train_mse=0.00001511 val_mse=0.00004055 val_mae=0.00467949 | peer_val_mse=0.01632908 peer_val_mae=0.08954499
[worker3/operator_burgers_fno_polish_fair_v2] [operator_burgers_fno_polish_fair_v2/fno_polish_coarse_l002_w24_d90_170] [operator][epoch 082] lambda=0.0200 relay_stage=disabled relay_scale=1.000 relay_hotspot=0.0000 train_mse=0.00002588 val_mse=0.00001769 val_mae=0.00312435 | peer_val_mse=0.01632908 peer_val_mae=0.08954499
[worker3/operator_burgers_fno_polish_fair_v2] [operator_burgers_fno_polish_fair_v2/fno_polish_coarse_l002_w24_d90_170] [operator][epoch 083] lambda=0.0200 relay_stage=disabled relay_scale=1.000 relay_hotspot=0.0000 train_mse=0.00002775 val_mse=0.00005183 val_mae=0.00531088 | peer_val_mse=0.01632908 peer_val_mae=0.08954499
[worker3/operator_burgers_fno_polish_fair_v2] [operator_burgers_fno_polish_fair_v2/fno_polish_coarse_l002_w24_d90_170] [operator][epoch 084] lambda=0.0200 relay_stage=disabled relay_scale=1.000 relay_hotspot=0.0000 train_mse=0.00001754 val_mse=0.00001221 val_mae=0.00286428 | peer_val_mse=0.01632908 peer_val_mae=0.08954499
[worker3/operator_burgers_fno_polish_fair_v2] [operator_burgers_fno_polish_fair_v2/fno_polish_coarse_l002_w24_d90_170] [operator][epoch 085] lambda=0.0200 relay_stage=disabled relay_scale=1.000 relay_hotspot=0.0000 train_mse=0.00001111 val_mse=0.00000808 val_mae=0.00226910 | peer_val_mse=0.01632908 peer_val_mae=0.08954499
[worker3/operator_burgers_fno_polish_fair_v2] [operator_burgers_fno_polish_fair_v2/fno_polish_coarse_l002_w24_d90_170] [operator][epoch 086] lambda=0.0200 relay_stage=disabled relay_scale=1.000 relay_hotspot=0.0000 train_mse=0.00000727 val_mse=0.00000435 val_mae=0.00153649 | peer_val_mse=0.01632908 peer_val_mae=0.08954499
[worker3/operator_burgers_fno_polish_fair_v2] [operator_burgers_fno_polish_fair_v2/fno_polish_coarse_l002_w24_d90_170] [operator][epoch 087] lambda=0.0200 relay_stage=disabled relay_scale=1.000 relay_hotspot=0.0000 train_mse=0.00000456 val_mse=0.00001166 val_mae=0.00286404 | peer_val_mse=0.01632908 peer_val_mae=0.08954499
[worker3/operator_burgers_fno_polish_fair_v2] [operator_burgers_fno_polish_fair_v2/fno_polish_coarse_l002_w24_d90_170] [operator][epoch 088] lambda=0.0200 relay_stage=disabled relay_scale=1.000 relay_hotspot=0.0000 train_mse=0.00000499 val_mse=0.00000994 val_mae=0.00254352 | peer_val_mse=0.01632908 peer_val_mae=0.08954499
[worker3/operator_burgers_fno_polish_fair_v2] [operator_burgers_fno_polish_fair_v2/fno_polish_coarse_l002_w24_d90_170] [operator][epoch 089] lambda=0.0200 relay_stage=disabled relay_scale=1.000 relay_hotspot=0.0000 train_mse=0.00000826 val_mse=0.00000682 val_mae=0.00195430 | peer_val_mse=0.01632908 peer_val_mae=0.08954499
[worker3/operator_burgers_fno_polish_fair_v2] [operator_burgers_fno_polish_fair_v2/fno_polish_coarse_l002_w24_d90_170] [operator][epoch 090] lambda=0.0200 relay_stage=disabled relay_scale=1.000 relay_hotspot=0.0000 train_mse=0.00001352 val_mse=0.00004316 val_mae=0.00566375 | peer_val_mse=0.01632908 peer_val_mae=0.08954499
[worker3/operator_burgers_fno_polish_fair_v2] [operator_burgers_fno_polish_fair_v2/fno_polish_coarse_l002_w24_d90_170] [operator][epoch 091] lambda=0.0198 relay_stage=disabled relay_scale=1.000 relay_hotspot=0.0000 train_mse=0.00005658 val_mse=0.00002802 val_mae=0.00417155 | peer_val_mse=0.01632908 peer_val_mae=0.08954499
[worker3/operator_burgers_fno_polish_fair_v2] [operator_burgers_fno_polish_fair_v2/fno_polish_coarse_l002_w24_d90_170] [operator][epoch 092] lambda=0.0195 relay_stage=disabled relay_scale=1.000 relay_hotspot=0.0000 train_mse=0.00004141 val_mse=0.00003867 val_mae=0.00474870 | peer_val_mse=0.01632908 peer_val_mae=0.08954499
[worker3/operator_burgers_fno_polish_fair_v2] [operator_burgers_fno_polish_fair_v2/fno_polish_coarse_l002_w24_d90_170] [operator][epoch 093] lambda=0.0193 relay_stage=disabled relay_scale=1.000 relay_hotspot=0.0000 train_mse=0.00004041 val_mse=0.00008858 val_mae=0.00723341 | peer_val_mse=0.01632908 peer_val_mae=0.08954499
[worker3/operator_burgers_fno_polish_fair_v2] [operator_burgers_fno_polish_fair_v2/fno_polish_coarse_l002_w24_d90_170] [operator][epoch 094] lambda=0.0191 relay_stage=disabled relay_scale=1.000 relay_hotspot=0.0000 train_mse=0.00006513 val_mse=0.00003723 val_mae=0.00439676 | peer_val_mse=0.01632908 peer_val_mae=0.08954499
[worker3/operator_burgers_fno_polish_fair_v2] [operator_burgers_fno_polish_fair_v2/fno_polish_coarse_l002_w24_d90_170] [operator][epoch 095] lambda=0.0188 relay_stage=disabled relay_scale=1.000 relay_hotspot=0.0000 train_mse=0.00003335 val_mse=0.00001954 val_mae=0.00295555 | peer_val_mse=0.01632908 peer_val_mae=0.08954499
[worker3/operator_burgers_fno_polish_fair_v2] [operator_burgers_fno_polish_fair_v2/fno_polish_coarse_l002_w24_d90_170] [operator][epoch 096] lambda=0.0186 relay_stage=disabled relay_scale=1.000 relay_hotspot=0.0000 train_mse=0.00001463 val_mse=0.00001082 val_mae=0.00248151 | peer_val_mse=0.01632908 peer_val_mae=0.08954499
[worker3/operator_burgers_fno_polish_fair_v2] [operator_burgers_fno_polish_fair_v2/fno_polish_coarse_l002_w24_d90_170] [operator][epoch 097] lambda=0.0183 relay_stage=disabled relay_scale=1.000 relay_hotspot=0.0000 train_mse=0.00004362 val_mse=0.00004413 val_mae=0.00523983 | peer_val_mse=0.01632908 peer_val_mae=0.08954499
[worker3/operator_burgers_fno_polish_fair_v2] [operator_burgers_fno_polish_fair_v2/fno_polish_coarse_l002_w24_d90_170] [operator][epoch 098] lambda=0.0181 relay_stage=disabled relay_scale=1.000 relay_hotspot=0.0000 train_mse=0.00003040 val_mse=0.00001112 val_mae=0.00264502 | peer_val_mse=0.01632908 peer_val_mae=0.08954499
[worker3/operator_burgers_fno_polish_fair_v2] [operator_burgers_fno_polish_fair_v2/fno_polish_coarse_l002_w24_d90_170] [operator][epoch 099] lambda=0.0179 relay_stage=disabled relay_scale=1.000 relay_hotspot=0.0000 train_mse=0.00002266 val_mse=0.00001245 val_mae=0.00265808 | peer_val_mse=0.01632908 peer_val_mae=0.08954499
[worker3/operator_burgers_fno_polish_fair_v2] [operator_burgers_fno_polish_fair_v2/fno_polish_coarse_l002_w24_d90_170] [operator][epoch 100] lambda=0.0176 relay_stage=disabled relay_scale=1.000 relay_hotspot=0.0000 train_mse=0.00002180 val_mse=0.00001501 val_mae=0.00304644 | peer_val_mse=0.01632908 peer_val_mae=0.08954499
[worker3/operator_burgers_fno_polish_fair_v2] [operator_burgers_fno_polish_fair_v2/fno_polish_coarse_l002_w24_d90_170] [operator][epoch 100] updated live plot
[worker3/operator_burgers_fno_polish_fair_v2] [operator_burgers_fno_polish_fair_v2/fno_polish_coarse_l002_w24_d90_170] [operator][epoch 101] lambda=0.0174 relay_stage=disabled relay_scale=1.000 relay_hotspot=0.0000 train_mse=0.00002382 val_mse=0.00002654 val_mae=0.00317694 | peer_val_mse=0.01632908 peer_val_mae=0.08954499
[worker3/operator_burgers_fno_polish_fair_v2] [operator_burgers_fno_polish_fair_v2/fno_polish_coarse_l002_w24_d90_170] [operator][epoch 102] lambda=0.0172 relay_stage=disabled relay_scale=1.000 relay_hotspot=0.0000 train_mse=0.00007612 val_mse=0.00005111 val_mae=0.00528230 | peer_val_mse=0.01632908 peer_val_mae=0.08954499
[worker3/operator_burgers_fno_polish_fair_v2] [operator_burgers_fno_polish_fair_v2/fno_polish_coarse_l002_w24_d90_170] [operator][epoch 103] lambda=0.0169 relay_stage=disabled relay_scale=1.000 relay_hotspot=0.0000 train_mse=0.00005394 val_mse=0.00000992 val_mae=0.00208813 | peer_val_mse=0.01632908 peer_val_mae=0.08954499
[worker3/operator_burgers_fno_polish_fair_v2] [operator_burgers_fno_polish_fair_v2/fno_polish_coarse_l002_w24_d90_170] [operator][epoch 104] lambda=0.0167 relay_stage=disabled relay_scale=1.000 relay_hotspot=0.0000 train_mse=0.00001495 val_mse=0.00000943 val_mae=0.00226797 | peer_val_mse=0.01632908 peer_val_mae=0.08954499
[worker3/operator_burgers_fno_polish_fair_v2] [operator_burgers_fno_polish_fair_v2/fno_polish_coarse_l002_w24_d90_170] [operator][epoch 105] lambda=0.0164 relay_stage=disabled relay_scale=1.000 relay_hotspot=0.0000 train_mse=0.00000637 val_mse=0.00000778 val_mae=0.00218801 | peer_val_mse=0.01632908 peer_val_mae=0.08954499
[worker3/operator_burgers_fno_polish_fair_v2] [operator_burgers_fno_polish_fair_v2/fno_polish_coarse_l002_w24_d90_170] [operator][epoch 106] lambda=0.0162 relay_stage=disabled relay_scale=1.000 relay_hotspot=0.0000 train_mse=0.00000603 val_mse=0.00000999 val_mae=0.00203151 | peer_val_mse=0.01632908 peer_val_mae=0.08954499
[worker3/operator_burgers_fno_polish_fair_v2] [operator_burgers_fno_polish_fair_v2/fno_polish_coarse_l002_w24_d90_170] [operator][epoch 107] lambda=0.0160 relay_stage=disabled relay_scale=1.000 relay_hotspot=0.0000 train_mse=0.00000651 val_mse=0.00000515 val_mae=0.00166054 | peer_val_mse=0.01632908 peer_val_mae=0.08954499
[worker3/operator_burgers_fno_polish_fair_v2] [operator_burgers_fno_polish_fair_v2/fno_polish_coarse_l002_w24_d90_170] [operator][epoch 108] lambda=0.0157 relay_stage=disabled relay_scale=1.000 relay_hotspot=0.0000 train_mse=0.00000497 val_mse=0.00000325 val_mae=0.00122994 | peer_val_mse=0.01632908 peer_val_mae=0.08954499
[worker3/operator_burgers_fno_polish_fair_v2] [operator_burgers_fno_polish_fair_v2/fno_polish_coarse_l002_w24_d90_170] [operator][epoch 109] lambda=0.0155 relay_stage=disabled relay_scale=1.000 relay_hotspot=0.0000 train_mse=0.00000387 val_mse=0.00000382 val_mae=0.00149707 | peer_val_mse=0.01632908 peer_val_mae=0.08954499
[worker3/operator_burgers_fno_polish_fair_v2] [operator_burgers_fno_polish_fair_v2/fno_polish_coarse_l002_w24_d90_170] [operator][epoch 110] lambda=0.0152 relay_stage=disabled relay_scale=1.000 relay_hotspot=0.0000 train_mse=0.00000369 val_mse=0.00000317 val_mae=0.00127273 | peer_val_mse=0.01632908 peer_val_mae=0.08954499
[worker3/operator_burgers_fno_polish_fair_v2] [operator_burgers_fno_polish_fair_v2/fno_polish_coarse_l002_w24_d90_170] [operator][epoch 111] lambda=0.0150 relay_stage=disabled relay_scale=1.000 relay_hotspot=0.0000 train_mse=0.00000481 val_mse=0.00000866 val_mae=0.00220560 | peer_val_mse=0.01632908 peer_val_mae=0.08954499
[worker3/operator_burgers_fno_polish_fair_v2] [operator_burgers_fno_polish_fair_v2/fno_polish_coarse_l002_w24_d90_170] [operator][epoch 112] lambda=0.0148 relay_stage=disabled relay_scale=1.000 relay_hotspot=0.0000 train_mse=0.00000487 val_mse=0.00000278 val_mae=0.00116108 | peer_val_mse=0.01632908 peer_val_mae=0.08954499
[worker3/operator_burgers_fno_polish_fair_v2] [operator_burgers_fno_polish_fair_v2/fno_polish_coarse_l002_w24_d90_170] [operator][epoch 113] lambda=0.0145 relay_stage=disabled relay_scale=1.000 relay_hotspot=0.0000 train_mse=0.00000589 val_mse=0.00003084 val_mae=0.00445068 | peer_val_mse=0.01632908 peer_val_mae=0.08954499
[worker3/operator_burgers_fno_polish_fair_v2] [operator_burgers_fno_polish_fair_v2/fno_polish_coarse_l002_w24_d90_170] [operator][epoch 114] lambda=0.0143 relay_stage=disabled relay_scale=1.000 relay_hotspot=0.0000 train_mse=0.00007708 val_mse=0.00004975 val_mae=0.00536028 | peer_val_mse=0.01632908 peer_val_mae=0.08954499
[worker3/operator_burgers_fno_polish_fair_v2] [operator_burgers_fno_polish_fair_v2/fno_polish_coarse_l002_w24_d90_170] [operator][epoch 115] lambda=0.0141 relay_stage=disabled relay_scale=1.000 relay_hotspot=0.0000 train_mse=0.00003708 val_mse=0.00006680 val_mae=0.00661904 | peer_val_mse=0.01632908 peer_val_mae=0.08954499
[worker3/operator_burgers_fno_polish_fair_v2] [operator_burgers_fno_polish_fair_v2/fno_polish_coarse_l002_w24_d90_170] [operator][epoch 116] lambda=0.0138 relay_stage=disabled relay_scale=1.000 relay_hotspot=0.0000 train_mse=0.00004430 val_mse=0.00007575 val_mae=0.00610861 | peer_val_mse=0.01632908 peer_val_mae=0.08954499
[worker3/operator_burgers_fno_polish_fair_v2] [operator_burgers_fno_polish_fair_v2/fno_polish_coarse_l002_w24_d90_170] [operator][epoch 117] lambda=0.0136 relay_stage=disabled relay_scale=1.000 relay_hotspot=0.0000 train_mse=0.00004507 val_mse=0.00001442 val_mae=0.00291546 | peer_val_mse=0.01632908 peer_val_mae=0.08954499
[worker3/operator_burgers_fno_polish_fair_v2] [operator_burgers_fno_polish_fair_v2/fno_polish_coarse_l002_w24_d90_170] [operator][epoch 118] lambda=0.0134 relay_stage=disabled relay_scale=1.000 relay_hotspot=0.0000 train_mse=0.00002022 val_mse=0.00001162 val_mae=0.00261047 | peer_val_mse=0.01632908 peer_val_mae=0.08954499
[worker3/operator_burgers_fno_polish_fair_v2] [operator_burgers_fno_polish_fair_v2/fno_polish_coarse_l002_w24_d90_170] [operator][epoch 119] lambda=0.0131 relay_stage=disabled relay_scale=1.000 relay_hotspot=0.0000 train_mse=0.00003235 val_mse=0.00002302 val_mae=0.00373879 | peer_val_mse=0.01632908 peer_val_mae=0.08954499
[worker3/operator_burgers_fno_polish_fair_v2] [operator_burgers_fno_polish_fair_v2/fno_polish_coarse_l002_w24_d90_170] [operator][epoch 120] lambda=0.0129 relay_stage=disabled relay_scale=1.000 relay_hotspot=0.0000 train_mse=0.00001590 val_mse=0.00001160 val_mae=0.00248736 | peer_val_mse=0.01632908 peer_val_mae=0.08954499
[worker3/operator_burgers_fno_polish_fair_v2] [operator_burgers_fno_polish_fair_v2/fno_polish_coarse_l002_w24_d90_170] [operator][epoch 120] updated live plot
[worker3/operator_burgers_fno_polish_fair_v2] [operator_burgers_fno_polish_fair_v2/fno_polish_coarse_l002_w24_d90_170] [operator][epoch 121] lambda=0.0126 relay_stage=disabled relay_scale=1.000 relay_hotspot=0.0000 train_mse=0.00003072 val_mse=0.00003413 val_mae=0.00341520 | peer_val_mse=0.01632908 peer_val_mae=0.08954499
[worker3/operator_burgers_fno_polish_fair_v2] [operator_burgers_fno_polish_fair_v2/fno_polish_coarse_l002_w24_d90_170] [operator][epoch 122] lambda=0.0124 relay_stage=disabled relay_scale=1.000 relay_hotspot=0.0000 train_mse=0.00008151 val_mse=0.00002871 val_mae=0.00356221 | peer_val_mse=0.01632908 peer_val_mae=0.08954499
[worker3/operator_burgers_fno_polish_fair_v2] [operator_burgers_fno_polish_fair_v2/fno_polish_coarse_l002_w24_d90_170] [operator][epoch 123] lambda=0.0122 relay_stage=disabled relay_scale=1.000 relay_hotspot=0.0000 train_mse=0.00003328 val_mse=0.00002081 val_mae=0.00340000 | peer_val_mse=0.01632908 peer_val_mae=0.08954499
[worker3/operator_burgers_fno_polish_fair_v2] [operator_burgers_fno_polish_fair_v2/fno_polish_coarse_l002_w24_d90_170] [operator][epoch 124] lambda=0.0119 relay_stage=disabled relay_scale=1.000 relay_hotspot=0.0000 train_mse=0.00001289 val_mse=0.00000770 val_mae=0.00189557 | peer_val_mse=0.01632908 peer_val_mae=0.08954499
[worker3/operator_burgers_fno_polish_fair_v2] [operator_burgers_fno_polish_fair_v2/fno_polish_coarse_l002_w24_d90_170] [operator][epoch 125] lambda=0.0117 relay_stage=disabled relay_scale=1.000 relay_hotspot=0.0000 train_mse=0.00000589 val_mse=0.00000516 val_mae=0.00163982 | peer_val_mse=0.01632908 peer_val_mae=0.08954499
[worker3/operator_burgers_fno_polish_fair_v2] [operator_burgers_fno_polish_fair_v2/fno_polish_coarse_l002_w24_d90_170] [operator][epoch 126] lambda=0.0115 relay_stage=disabled relay_scale=1.000 relay_hotspot=0.0000 train_mse=0.00000471 val_mse=0.00000303 val_mae=0.00122782 | peer_val_mse=0.01632908 peer_val_mae=0.08954499
[worker3/operator_burgers_fno_polish_fair_v2] [operator_burgers_fno_polish_fair_v2/fno_polish_coarse_l002_w24_d90_170] [operator][epoch 127] lambda=0.0112 relay_stage=disabled relay_scale=1.000 relay_hotspot=0.0000 train_mse=0.00000587 val_mse=0.00000674 val_mae=0.00169997 | peer_val_mse=0.01632908 peer_val_mae=0.08954499
[worker3/operator_burgers_fno_polish_fair_v2] [operator_burgers_fno_polish_fair_v2/fno_polish_coarse_l002_w24_d90_170] [operator][epoch 128] lambda=0.0110 relay_stage=disabled relay_scale=1.000 relay_hotspot=0.0000 train_mse=0.00000960 val_mse=0.00000488 val_mae=0.00171436 | peer_val_mse=0.01632908 peer_val_mae=0.08954499
[worker3/operator_burgers_fno_polish_fair_v2] [operator_burgers_fno_polish_fair_v2/fno_polish_coarse_l002_w24_d90_170] [operator][epoch 129] lambda=0.0107 relay_stage=disabled relay_scale=1.000 relay_hotspot=0.0000 train_mse=0.00001010 val_mse=0.00000812 val_mae=0.00197066 | peer_val_mse=0.01632908 peer_val_mae=0.08954499
[worker3/operator_burgers_fno_polish_fair_v2] [operator_burgers_fno_polish_fair_v2/fno_polish_coarse_l002_w24_d90_170] [operator][epoch 130] lambda=0.0105 relay_stage=disabled relay_scale=1.000 relay_hotspot=0.0000 train_mse=0.00000983 val_mse=0.00000714 val_mae=0.00201378 | peer_val_mse=0.01632908 peer_val_mae=0.08954499
[worker3/operator_burgers_fno_polish_fair_v2] [operator_burgers_fno_polish_fair_v2/fno_polish_coarse_l002_w24_d90_170] [operator][epoch 131] lambda=0.0103 relay_stage=disabled relay_scale=1.000 relay_hotspot=0.0000 train_mse=0.00002342 val_mse=0.00003854 val_mae=0.00453212 | peer_val_mse=0.01632908 peer_val_mae=0.08954499
[worker3/operator_burgers_fno_polish_fair_v2] [operator_burgers_fno_polish_fair_v2/fno_polish_coarse_l002_w24_d90_170] [operator][epoch 132] lambda=0.0100 relay_stage=disabled relay_scale=1.000 relay_hotspot=0.0000 train_mse=0.00001708 val_mse=0.00000677 val_mae=0.00191578 | peer_val_mse=0.01632908 peer_val_mae=0.08954499
[worker3/operator_burgers_fno_polish_fair_v2] [operator_burgers_fno_polish_fair_v2/fno_polish_coarse_l002_w24_d90_170] [operator][epoch 133] lambda=0.0098 relay_stage=disabled relay_scale=1.000 relay_hotspot=0.0000 train_mse=0.00001542 val_mse=0.00001529 val_mae=0.00274623 | peer_val_mse=0.01632908 peer_val_mae=0.08954499
[worker3/operator_burgers_fno_polish_fair_v2] [operator_burgers_fno_polish_fair_v2/fno_polish_coarse_l002_w24_d90_170] [operator][epoch 134] lambda=0.0096 relay_stage=disabled relay_scale=1.000 relay_hotspot=0.0000 train_mse=0.00000897 val_mse=0.00000524 val_mae=0.00160186 | peer_val_mse=0.01632908 peer_val_mae=0.08954499
[worker3/operator_burgers_fno_polish_fair_v2] [operator_burgers_fno_polish_fair_v2/fno_polish_coarse_l002_w24_d90_170] [operator][epoch 135] lambda=0.0093 relay_stage=disabled relay_scale=1.000 relay_hotspot=0.0000 train_mse=0.00001038 val_mse=0.00000414 val_mae=0.00145215 | peer_val_mse=0.01632908 peer_val_mae=0.08954499
[worker3/operator_burgers_fno_polish_fair_v2] [operator_burgers_fno_polish_fair_v2/fno_polish_coarse_l002_w24_d90_170] [operator][epoch 136] lambda=0.0091 relay_stage=disabled relay_scale=1.000 relay_hotspot=0.0000 train_mse=0.00000588 val_mse=0.00000824 val_mae=0.00233718 | peer_val_mse=0.01632908 peer_val_mae=0.08954499
[worker3/operator_burgers_fno_polish_fair_v2] [operator_burgers_fno_polish_fair_v2/fno_polish_coarse_l002_w24_d90_170] [operator][epoch 137] lambda=0.0088 relay_stage=disabled relay_scale=1.000 relay_hotspot=0.0000 train_mse=0.00000715 val_mse=0.00000792 val_mae=0.00199089 | peer_val_mse=0.01632908 peer_val_mae=0.08954499
[worker3/operator_burgers_fno_polish_fair_v2] [operator_burgers_fno_polish_fair_v2/fno_polish_coarse_l002_w24_d90_170] [operator][epoch 138] lambda=0.0086 relay_stage=disabled relay_scale=1.000 relay_hotspot=0.0000 train_mse=0.00000538 val_mse=0.00000417 val_mae=0.00152983 | peer_val_mse=0.01632908 peer_val_mae=0.08954499
[worker3/operator_burgers_fno_polish_fair_v2] [operator_burgers_fno_polish_fair_v2/fno_polish_coarse_l002_w24_d90_170] [operator][epoch 139] lambda=0.0084 relay_stage=disabled relay_scale=1.000 relay_hotspot=0.0000 train_mse=0.00001228 val_mse=0.00000534 val_mae=0.00163118 | peer_val_mse=0.01632908 peer_val_mae=0.08954499
[worker3/operator_burgers_fno_polish_fair_v2] [operator_burgers_fno_polish_fair_v2/fno_polish_coarse_l002_w24_d90_170] [operator][epoch 140] lambda=0.0081 relay_stage=disabled relay_scale=1.000 relay_hotspot=0.0000 train_mse=0.00000668 val_mse=0.00000523 val_mae=0.00161153 | peer_val_mse=0.01632908 peer_val_mae=0.08954499
[worker3/operator_burgers_fno_polish_fair_v2] [operator_burgers_fno_polish_fair_v2/fno_polish_coarse_l002_w24_d90_170] [operator][epoch 140] updated live plot
[worker3/operator_burgers_fno_polish_fair_v2] [operator_burgers_fno_polish_fair_v2/fno_polish_coarse_l002_w24_d90_170] [operator][epoch 141] lambda=0.0079 relay_stage=disabled relay_scale=1.000 relay_hotspot=0.0000 train_mse=0.00000767 val_mse=0.00000800 val_mae=0.00195805 | peer_val_mse=0.01632908 peer_val_mae=0.08954499
[worker3/operator_burgers_fno_polish_fair_v2] [operator_burgers_fno_polish_fair_v2/fno_polish_coarse_l002_w24_d90_170] [operator][epoch 142] lambda=0.0077 relay_stage=disabled relay_scale=1.000 relay_hotspot=0.0000 train_mse=0.00001599 val_mse=0.00001084 val_mae=0.00242994 | peer_val_mse=0.01632908 peer_val_mae=0.08954499
[worker3/operator_burgers_fno_polish_fair_v2] [operator_burgers_fno_polish_fair_v2/fno_polish_coarse_l002_w24_d90_170] [operator][epoch 143] lambda=0.0074 relay_stage=disabled relay_scale=1.000 relay_hotspot=0.0000 train_mse=0.00002873 val_mse=0.00002878 val_mae=0.00439305 | peer_val_mse=0.01632908 peer_val_mae=0.08954499
[worker3/operator_burgers_fno_polish_fair_v2] [operator_burgers_fno_polish_fair_v2/fno_polish_coarse_l002_w24_d90_170] [operator][epoch 144] lambda=0.0072 relay_stage=disabled relay_scale=1.000 relay_hotspot=0.0000 train_mse=0.00001591 val_mse=0.00001754 val_mae=0.00306912 | peer_val_mse=0.01632908 peer_val_mae=0.08954499
[worker3/operator_burgers_fno_polish_fair_v2] [operator_burgers_fno_polish_fair_v2/fno_polish_coarse_l002_w24_d90_170] [operator][epoch 145] lambda=0.0069 relay_stage=disabled relay_scale=1.000 relay_hotspot=0.0000 train_mse=0.00001544 val_mse=0.00003416 val_mae=0.00501889 | peer_val_mse=0.01632908 peer_val_mae=0.08954499
[worker3/operator_burgers_fno_polish_fair_v2] [operator_burgers_fno_polish_fair_v2/fno_polish_coarse_l002_w24_d90_170] [operator][epoch 146] lambda=0.0067 relay_stage=disabled relay_scale=1.000 relay_hotspot=0.0000 train_mse=0.00003670 val_mse=0.00002238 val_mae=0.00352169 | peer_val_mse=0.01632908 peer_val_mae=0.08954499
[worker3/operator_burgers_fno_polish_fair_v2] [operator_burgers_fno_polish_fair_v2/fno_polish_coarse_l002_w24_d90_170] [operator][epoch 147] lambda=0.0065 relay_stage=disabled relay_scale=1.000 relay_hotspot=0.0000 train_mse=0.00001409 val_mse=0.00000812 val_mae=0.00205753 | peer_val_mse=0.01632908 peer_val_mae=0.08954499
[worker3/operator_burgers_fno_polish_fair_v2] [operator_burgers_fno_polish_fair_v2/fno_polish_coarse_l002_w24_d90_170] [operator][epoch 148] lambda=0.0062 relay_stage=disabled relay_scale=1.000 relay_hotspot=0.0000 train_mse=0.00001963 val_mse=0.00001762 val_mae=0.00296405 | peer_val_mse=0.01632908 peer_val_mae=0.08954499
[worker3/operator_burgers_fno_polish_fair_v2] [operator_burgers_fno_polish_fair_v2/fno_polish_coarse_l002_w24_d90_170] [operator][epoch 149] lambda=0.0060 relay_stage=disabled relay_scale=1.000 relay_hotspot=0.0000 train_mse=0.00003932 val_mse=0.00008895 val_mae=0.00758461 | peer_val_mse=0.01632908 peer_val_mae=0.08954499
[worker3/operator_burgers_fno_polish_fair_v2] [operator_burgers_fno_polish_fair_v2/fno_polish_coarse_l002_w24_d90_170] [operator][epoch 150] lambda=0.0058 relay_stage=disabled relay_scale=1.000 relay_hotspot=0.0000 train_mse=0.00007813 val_mse=0.00002609 val_mae=0.00389313 | peer_val_mse=0.01632908 peer_val_mae=0.08954499
[worker3/operator_burgers_fno_polish_fair_v2] [operator_burgers_fno_polish_fair_v2/fno_polish_coarse_l002_w24_d90_170] [operator][epoch 151] lambda=0.0055 relay_stage=disabled relay_scale=1.000 relay_hotspot=0.0000 train_mse=0.00003118 val_mse=0.00002310 val_mae=0.00352234 | peer_val_mse=0.01632908 peer_val_mae=0.08954499
[worker3/operator_burgers_fno_polish_fair_v2] [operator_burgers_fno_polish_fair_v2/fno_polish_coarse_l002_w24_d90_170] [operator][epoch 152] lambda=0.0053 relay_stage=disabled relay_scale=1.000 relay_hotspot=0.0000 train_mse=0.00001609 val_mse=0.00000726 val_mae=0.00201490 | peer_val_mse=0.01632908 peer_val_mae=0.08954499
[worker3/operator_burgers_fno_polish_fair_v2] [operator_burgers_fno_polish_fair_v2/fno_polish_coarse_l002_w24_d90_170] [operator][epoch 153] lambda=0.0050 relay_stage=disabled relay_scale=1.000 relay_hotspot=0.0000 train_mse=0.00002306 val_mse=0.00000606 val_mae=0.00175573 | peer_val_mse=0.01632908 peer_val_mae=0.08954499
[worker3/operator_burgers_fno_polish_fair_v2] [operator_burgers_fno_polish_fair_v2/fno_polish_coarse_l002_w24_d90_170] [operator][epoch 154] lambda=0.0048 relay_stage=disabled relay_scale=1.000 relay_hotspot=0.0000 train_mse=0.00000836 val_mse=0.00000500 val_mae=0.00146850 | peer_val_mse=0.01632908 peer_val_mae=0.08954499
[worker3/operator_burgers_fno_polish_fair_v2] [operator_burgers_fno_polish_fair_v2/fno_polish_coarse_l002_w24_d90_170] [operator][epoch 155] lambda=0.0046 relay_stage=disabled relay_scale=1.000 relay_hotspot=0.0000 train_mse=0.00000482 val_mse=0.00000338 val_mae=0.00126523 | peer_val_mse=0.01632908 peer_val_mae=0.08954499
[worker3/operator_burgers_fno_polish_fair_v2] [operator_burgers_fno_polish_fair_v2/fno_polish_coarse_l002_w24_d90_170] [operator][epoch 156] lambda=0.0043 relay_stage=disabled relay_scale=1.000 relay_hotspot=0.0000 train_mse=0.00000966 val_mse=0.00001850 val_mae=0.00337216 | peer_val_mse=0.01632908 peer_val_mae=0.08954499
[worker3/operator_burgers_fno_polish_fair_v2] [operator_burgers_fno_polish_fair_v2/fno_polish_coarse_l002_w24_d90_170] [operator][epoch 157] lambda=0.0041 relay_stage=disabled relay_scale=1.000 relay_hotspot=0.0000 train_mse=0.00003539 val_mse=0.00011653 val_mae=0.00784590 | peer_val_mse=0.01632908 peer_val_mae=0.08954499
[worker3/operator_burgers_fno_polish_fair_v2] [operator_burgers_fno_polish_fair_v2/fno_polish_coarse_l002_w24_d90_170] [operator][epoch 158] lambda=0.0039 relay_stage=disabled relay_scale=1.000 relay_hotspot=0.0000 train_mse=0.00003858 val_mse=0.00002175 val_mae=0.00315975 | peer_val_mse=0.01632908 peer_val_mae=0.08954499
[worker3/operator_burgers_fno_polish_fair_v2] [operator_burgers_fno_polish_fair_v2/fno_polish_coarse_l002_w24_d90_170] [operator][epoch 159] lambda=0.0036 relay_stage=disabled relay_scale=1.000 relay_hotspot=0.0000 train_mse=0.00001949 val_mse=0.00001334 val_mae=0.00289665 | peer_val_mse=0.01632908 peer_val_mae=0.08954499
[worker3/operator_burgers_fno_polish_fair_v2] [operator_burgers_fno_polish_fair_v2/fno_polish_coarse_l002_w24_d90_170] [operator][epoch 160] lambda=0.0034 relay_stage=disabled relay_scale=1.000 relay_hotspot=0.0000 train_mse=0.00003776 val_mse=0.00001528 val_mae=0.00278889 | peer_val_mse=0.01632908 peer_val_mae=0.08954499
[worker3/operator_burgers_fno_polish_fair_v2] [operator_burgers_fno_polish_fair_v2/fno_polish_coarse_l002_w24_d90_170] [operator][epoch 160] updated live plot
[worker3/operator_burgers_fno_polish_fair_v2] [operator_burgers_fno_polish_fair_v2/fno_polish_coarse_l002_w24_d90_170] [operator][epoch 161] lambda=0.0031 relay_stage=disabled relay_scale=1.000 relay_hotspot=0.0000 train_mse=0.00002375 val_mse=0.00001776 val_mae=0.00302474 | peer_val_mse=0.01632908 peer_val_mae=0.08954499
[worker3/operator_burgers_fno_polish_fair_v2] [operator_burgers_fno_polish_fair_v2/fno_polish_coarse_l002_w24_d90_170] [operator][epoch 162] lambda=0.0029 relay_stage=disabled relay_scale=1.000 relay_hotspot=0.0000 train_mse=0.00001979 val_mse=0.00001207 val_mae=0.00260971 | peer_val_mse=0.01632908 peer_val_mae=0.08954499
[worker3/operator_burgers_fno_polish_fair_v2] [operator_burgers_fno_polish_fair_v2/fno_polish_coarse_l002_w24_d90_170] [operator][epoch 163] lambda=0.0027 relay_stage=disabled relay_scale=1.000 relay_hotspot=0.0000 train_mse=0.00001174 val_mse=0.00000564 val_mae=0.00179375 | peer_val_mse=0.01632908 peer_val_mae=0.08954499
[worker3/operator_burgers_fno_polish_fair_v2] [operator_burgers_fno_polish_fair_v2/fno_polish_coarse_l002_w24_d90_170] [operator][epoch 164] lambda=0.0024 relay_stage=disabled relay_scale=1.000 relay_hotspot=0.0000 train_mse=0.00000665 val_mse=0.00000827 val_mae=0.00215195 | peer_val_mse=0.01632908 peer_val_mae=0.08954499
[worker3/operator_burgers_fno_polish_fair_v2] [operator_burgers_fno_polish_fair_v2/fno_polish_coarse_l002_w24_d90_170] [operator][epoch 165] lambda=0.0022 relay_stage=disabled relay_scale=1.000 relay_hotspot=0.0000 train_mse=0.00001207 val_mse=0.00003116 val_mae=0.00467780 | peer_val_mse=0.01632908 peer_val_mae=0.08954499
[worker3/operator_burgers_fno_polish_fair_v2] [operator_burgers_fno_polish_fair_v2/fno_polish_coarse_l002_w24_d90_170] [operator][epoch 166] lambda=0.0020 relay_stage=disabled relay_scale=1.000 relay_hotspot=0.0000 train_mse=0.00001413 val_mse=0.00000763 val_mae=0.00212676 | peer_val_mse=0.01632908 peer_val_mae=0.08954499
[worker3/operator_burgers_fno_polish_fair_v2] [operator_burgers_fno_polish_fair_v2/fno_polish_coarse_l002_w24_d90_170] [operator][epoch 167] lambda=0.0017 relay_stage=disabled relay_scale=1.000 relay_hotspot=0.0000 train_mse=0.00000524 val_mse=0.00000554 val_mae=0.00176829 | peer_val_mse=0.01632908 peer_val_mae=0.08954499
[worker3/operator_burgers_fno_polish_fair_v2] [operator_burgers_fno_polish_fair_v2/fno_polish_coarse_l002_w24_d90_170] [operator][epoch 168] lambda=0.0015 relay_stage=disabled relay_scale=1.000 relay_hotspot=0.0000 train_mse=0.00000612 val_mse=0.00000332 val_mae=0.00129236 | peer_val_mse=0.01632908 peer_val_mae=0.08954499
[worker3/operator_burgers_fno_polish_fair_v2] [operator_burgers_fno_polish_fair_v2/fno_polish_coarse_l002_w24_d90_170] [operator][epoch 169] lambda=0.0012 relay_stage=disabled relay_scale=1.000 relay_hotspot=0.0000 train_mse=0.00001304 val_mse=0.00002613 val_mae=0.00351588 | peer_val_mse=0.01632908 peer_val_mae=0.08954499
[worker3/operator_burgers_fno_polish_fair_v2] [operator_burgers_fno_polish_fair_v2/fno_polish_coarse_l002_w24_d90_170] [operator][epoch 170] lambda=0.0010 relay_stage=disabled relay_scale=1.000 relay_hotspot=0.0000 train_mse=0.00002286 val_mse=0.00000928 val_mae=0.00210467 | peer_val_mse=0.01632908 peer_val_mae=0.08954499
[worker3/operator_burgers_fno_polish_fair_v2] [operator_burgers_fno_polish_fair_v2/fno_polish_coarse_l002_w24_d90_170] [operator][epoch 171] lambda=0.0010 relay_stage=disabled relay_scale=1.000 relay_hotspot=0.0000 train_mse=0.00004231 val_mse=0.00002514 val_mae=0.00356428 | peer_val_mse=0.01632908 peer_val_mae=0.08954499
[worker3/operator_burgers_fno_polish_fair_v2] [operator_burgers_fno_polish_fair_v2/fno_polish_coarse_l002_w24_d90_170] [operator][epoch 172] lambda=0.0010 relay_stage=disabled relay_scale=1.000 relay_hotspot=0.0000 train_mse=0.00009779 val_mse=0.00003989 val_mae=0.00470241 | peer_val_mse=0.01632908 peer_val_mae=0.08954499
[worker3/operator_burgers_fno_polish_fair_v2] [operator_burgers_fno_polish_fair_v2/fno_polish_coarse_l002_w24_d90_170] [operator][epoch 173] lambda=0.0010 relay_stage=disabled relay_scale=1.000 relay_hotspot=0.0000 train_mse=0.00002952 val_mse=0.00000993 val_mae=0.00228822 | peer_val_mse=0.01632908 peer_val_mae=0.08954499
[worker3/operator_burgers_fno_polish_fair_v2] [operator_burgers_fno_polish_fair_v2/fno_polish_coarse_l002_w24_d90_170] [operator][epoch 174] lambda=0.0010 relay_stage=disabled relay_scale=1.000 relay_hotspot=0.0000 train_mse=0.00001504 val_mse=0.00000518 val_mae=0.00167624 | peer_val_mse=0.01632908 peer_val_mae=0.08954499
[worker3/operator_burgers_fno_polish_fair_v2] [operator_burgers_fno_polish_fair_v2/fno_polish_coarse_l002_w24_d90_170] [operator][epoch 175] lambda=0.0010 relay_stage=disabled relay_scale=1.000 relay_hotspot=0.0000 train_mse=0.00002275 val_mse=0.00000655 val_mae=0.00184681 | peer_val_mse=0.01632908 peer_val_mae=0.08954499
[worker3/operator_burgers_fno_polish_fair_v2] [operator_burgers_fno_polish_fair_v2/fno_polish_coarse_l002_w24_d90_170] [operator][epoch 176] lambda=0.0010 relay_stage=disabled relay_scale=1.000 relay_hotspot=0.0000 train_mse=0.00000681 val_mse=0.00000496 val_mae=0.00158137 | peer_val_mse=0.01632908 peer_val_mae=0.08954499
[worker3/operator_burgers_fno_polish_fair_v2] [operator_burgers_fno_polish_fair_v2/fno_polish_coarse_l002_w24_d90_170] [operator][epoch 177] lambda=0.0010 relay_stage=disabled relay_scale=1.000 relay_hotspot=0.0000 train_mse=0.00000486 val_mse=0.00000284 val_mae=0.00120662 | peer_val_mse=0.01632908 peer_val_mae=0.08954499
[worker3/operator_burgers_fno_polish_fair_v2] [operator_burgers_fno_polish_fair_v2/fno_polish_coarse_l002_w24_d90_170] [operator][epoch 178] lambda=0.0010 relay_stage=disabled relay_scale=1.000 relay_hotspot=0.0000 train_mse=0.00000360 val_mse=0.00000458 val_mae=0.00140108 | peer_val_mse=0.01632908 peer_val_mae=0.08954499
[worker3/operator_burgers_fno_polish_fair_v2] [operator_burgers_fno_polish_fair_v2/fno_polish_coarse_l002_w24_d90_170] [operator][epoch 179] lambda=0.0010 relay_stage=disabled relay_scale=1.000 relay_hotspot=0.0000 train_mse=0.00000385 val_mse=0.00000250 val_mae=0.00107212 | peer_val_mse=0.01632908 peer_val_mae=0.08954499
[worker3/operator_burgers_fno_polish_fair_v2] [operator_burgers_fno_polish_fair_v2/fno_polish_coarse_l002_w24_d90_170] [operator][epoch 180] lambda=0.0010 relay_stage=disabled relay_scale=1.000 relay_hotspot=0.0000 train_mse=0.00000305 val_mse=0.00000348 val_mae=0.00134100 | peer_val_mse=0.01632908 peer_val_mae=0.08954499
[worker3/operator_burgers_fno_polish_fair_v2] [operator_burgers_fno_polish_fair_v2/fno_polish_coarse_l002_w24_d90_170] [operator][epoch 180] updated live plot
[worker3/operator_burgers_fno_polish_fair_v2] [operator_burgers_fno_polish_fair_v2/fno_polish_coarse_l002_w24_d90_170] [operator] done
[worker3/operator_burgers_fno_polish_fair_v2] [operator_burgers_fno_polish_fair_v2/fno_polish_hotspot_l003_w20_d80_160] lock -> /home/namkyeong/ssmo/results/.locks/operator_burgers_fno_polish_fair_v2_fno_polish_hotspot_l003_w20_d80_160.lock
[worker3/operator_burgers_fno_polish_fair_v2] [operator_burgers_fno_polish_fair_v2/fno_polish_hotspot_l003_w20_d80_160] log -> results/logs/operator_burgers_fno_polish_fair_v2/worker3/cases/fno_polish_hotspot_l003_w20_d80_160.log
[worker3/operator_burgers_fno_polish_fair_v2] [operator_burgers_fno_polish_fair_v2/fno_polish_hotspot_l003_w20_d80_160] [operator] output_dir=results/operator_burgers_fno_polish_fair_v2/worker3_gpu0/fno_polish_hotspot_l003_w20_d80_160
[worker3/operator_burgers_fno_polish_fair_v2] [operator_burgers_fno_polish_fair_v2/fno_polish_hotspot_l003_w20_d80_160] [operator] methods=ssml
[worker3/operator_burgers_fno_polish_fair_v2] [operator_burgers_fno_polish_fair_v2/fno_polish_hotspot_l003_w20_d80_160] [operator] model_pairs=fno:deeponet
[worker3/operator_burgers_fno_polish_fair_v2] [operator_burgers_fno_polish_fair_v2/fno_polish_hotspot_l003_w20_d80_160] [operator] relay_stage_epochs=
[worker3/operator_burgers_fno_polish_fair_v2] [operator_burgers_fno_polish_fair_v2/fno_polish_hotspot_l003_w20_d80_160] [operator] relay_hint_mode=hotspot
[worker3/operator_burgers_fno_polish_fair_v2] [operator_burgers_fno_polish_fair_v2/fno_polish_hotspot_l003_w20_d80_160] [operator] relay_taper_schedule=linear
[worker3/operator_burgers_fno_polish_fair_v2] [operator_burgers_fno_polish_fair_v2/fno_polish_hotspot_l003_w20_d80_160] [operator] dataset=burgers pair=fno:deeponet method=ssml seed=0
[worker3/operator_burgers_fno_polish_fair_v2] [operator_burgers_fno_polish_fair_v2/fno_polish_hotspot_l003_w20_d80_160] [operator] loaded init_checkpoint=results/operator_burgers_followup_v1/burgers_l005_m0_w12_d60_120_ow1/operator/burgers/fno_independent_mse_seed0/model.pt
[worker3/operator_burgers_fno_polish_fair_v2] [operator_burgers_fno_polish_fair_v2/fno_polish_hotspot_l003_w20_d80_160] [operator] loaded peer_init_checkpoint=results/operator_burgers_followup_v1/burgers_l005_m0_w12_d60_120_ow1/operator/burgers/deeponet_independent_mse_seed0/model.pt
[worker3/operator_burgers_fno_polish_fair_v2] [operator_burgers_fno_polish_fair_v2/fno_polish_hotspot_l003_w20_d80_160] [operator] run_dir=results/operator_burgers_fno_polish_fair_v2/worker3_gpu0/fno_polish_hotspot_l003_w20_d80_160/operator/burgers/fno__deeponet_ssml_mse_seed0
[worker3/operator_burgers_fno_polish_fair_v2] [operator_burgers_fno_polish_fair_v2/fno_polish_hotspot_l003_w20_d80_160] [operator] params=279041
[worker3/operator_burgers_fno_polish_fair_v2] [operator_burgers_fno_polish_fair_v2/fno_polish_hotspot_l003_w20_d80_160] [operator] granularity=element student_only=True freeze_peer=True peer_updates_disabled=True relay_stage_epochs=(0, 0, 0) relay_hint_mode=hotspot relay_taper_schedule=linear
[worker3/operator_burgers_fno_polish_fair_v2] [operator_burgers_fno_polish_fair_v2/fno_polish_hotspot_l003_w20_d80_160] [operator][epoch 001] lambda=0.0000 relay_stage=disabled relay_scale=1.000 relay_hotspot=0.0797 train_mse=0.00034262 val_mse=0.00001659 val_mae=0.00293103 | peer_val_mse=0.02240843 peer_val_mae=0.09563191
[worker3/operator_burgers_fno_polish_fair_v2] [operator_burgers_fno_polish_fair_v2/fno_polish_hotspot_l003_w20_d80_160] [operator][epoch 002] lambda=0.0000 relay_stage=disabled relay_scale=1.000 relay_hotspot=0.0161 train_mse=0.00001027 val_mse=0.00001030 val_mae=0.00218634 | peer_val_mse=0.02240843 peer_val_mae=0.09563191
[worker3/operator_burgers_fno_polish_fair_v2] [operator_burgers_fno_polish_fair_v2/fno_polish_hotspot_l003_w20_d80_160] [operator][epoch 003] lambda=0.0000 relay_stage=disabled relay_scale=1.000 relay_hotspot=0.0131 train_mse=0.00000585 val_mse=0.00000503 val_mae=0.00145743 | peer_val_mse=0.02240843 peer_val_mae=0.09563191
[worker3/operator_burgers_fno_polish_fair_v2] [operator_burgers_fno_polish_fair_v2/fno_polish_hotspot_l003_w20_d80_160] [operator][epoch 004] lambda=0.0000 relay_stage=disabled relay_scale=1.000 relay_hotspot=0.0104 train_mse=0.00000358 val_mse=0.00000583 val_mae=0.00157957 | peer_val_mse=0.02240843 peer_val_mae=0.09563191
[worker3/operator_burgers_fno_polish_fair_v2] [operator_burgers_fno_polish_fair_v2/fno_polish_hotspot_l003_w20_d80_160] [operator][epoch 005] lambda=0.0000 relay_stage=disabled relay_scale=1.000 relay_hotspot=0.0187 train_mse=0.00001085 val_mse=0.00000880 val_mae=0.00210787 | peer_val_mse=0.02240843 peer_val_mae=0.09563191
[worker3/operator_burgers_fno_polish_fair_v2] [operator_burgers_fno_polish_fair_v2/fno_polish_hotspot_l003_w20_d80_160] [operator][epoch 006] lambda=0.0000 relay_stage=disabled relay_scale=1.000 relay_hotspot=0.0129 train_mse=0.00000561 val_mse=0.00001030 val_mae=0.00198444 | peer_val_mse=0.02240843 peer_val_mae=0.09563191
[worker3/operator_burgers_fno_polish_fair_v2] [operator_burgers_fno_polish_fair_v2/fno_polish_hotspot_l003_w20_d80_160] [operator][epoch 007] lambda=0.0000 relay_stage=disabled relay_scale=1.000 relay_hotspot=0.0136 train_mse=0.00000561 val_mse=0.00000500 val_mae=0.00148685 | peer_val_mse=0.02240843 peer_val_mae=0.09563191
[worker3/operator_burgers_fno_polish_fair_v2] [operator_burgers_fno_polish_fair_v2/fno_polish_hotspot_l003_w20_d80_160] [operator][epoch 008] lambda=0.0000 relay_stage=disabled relay_scale=1.000 relay_hotspot=0.0128 train_mse=0.00000489 val_mse=0.00000895 val_mae=0.00183433 | peer_val_mse=0.02240843 peer_val_mae=0.09563191
[worker3/operator_burgers_fno_polish_fair_v2] [operator_burgers_fno_polish_fair_v2/fno_polish_hotspot_l003_w20_d80_160] [operator][epoch 009] lambda=0.0000 relay_stage=disabled relay_scale=1.000 relay_hotspot=0.0317 train_mse=0.00003699 val_mse=0.00003732 val_mae=0.00461251 | peer_val_mse=0.02240843 peer_val_mae=0.09563191
[worker3/operator_burgers_fno_polish_fair_v2] [operator_burgers_fno_polish_fair_v2/fno_polish_hotspot_l003_w20_d80_160] [operator][epoch 010] lambda=0.0000 relay_stage=disabled relay_scale=1.000 relay_hotspot=0.0386 train_mse=0.00004896 val_mse=0.00005551 val_mae=0.00484410 | peer_val_mse=0.02240843 peer_val_mae=0.09563191
[worker3/operator_burgers_fno_polish_fair_v2] [operator_burgers_fno_polish_fair_v2/fno_polish_hotspot_l003_w20_d80_160] [operator][epoch 011] lambda=0.0000 relay_stage=disabled relay_scale=1.000 relay_hotspot=0.0370 train_mse=0.00004314 val_mse=0.00004843 val_mae=0.00548134 | peer_val_mse=0.02240843 peer_val_mae=0.09563191
[worker3/operator_burgers_fno_polish_fair_v2] [operator_burgers_fno_polish_fair_v2/fno_polish_hotspot_l003_w20_d80_160] [operator][epoch 012] lambda=0.0000 relay_stage=disabled relay_scale=1.000 relay_hotspot=0.0435 train_mse=0.00006425 val_mse=0.00004967 val_mae=0.00580343 | peer_val_mse=0.02240843 peer_val_mae=0.09563191
[worker3/operator_burgers_fno_polish_fair_v2] [operator_burgers_fno_polish_fair_v2/fno_polish_hotspot_l003_w20_d80_160] [operator][epoch 013] lambda=0.0000 relay_stage=disabled relay_scale=1.000 relay_hotspot=0.0249 train_mse=0.00002023 val_mse=0.00006622 val_mae=0.00530900 | peer_val_mse=0.02240843 peer_val_mae=0.09563191
[worker3/operator_burgers_fno_polish_fair_v2] [operator_burgers_fno_polish_fair_v2/fno_polish_hotspot_l003_w20_d80_160] [operator][epoch 014] lambda=0.0000 relay_stage=disabled relay_scale=1.000 relay_hotspot=0.0324 train_mse=0.00003151 val_mse=0.00001376 val_mae=0.00229997 | peer_val_mse=0.02240843 peer_val_mae=0.09563191
[worker3/operator_burgers_fno_polish_fair_v2] [operator_burgers_fno_polish_fair_v2/fno_polish_hotspot_l003_w20_d80_160] [operator][epoch 015] lambda=0.0000 relay_stage=disabled relay_scale=1.000 relay_hotspot=0.0160 train_mse=0.00000880 val_mse=0.00001418 val_mae=0.00207785 | peer_val_mse=0.02240843 peer_val_mae=0.09563191
[worker3/operator_burgers_fno_polish_fair_v2] [operator_burgers_fno_polish_fair_v2/fno_polish_hotspot_l003_w20_d80_160] [operator][epoch 016] lambda=0.0000 relay_stage=disabled relay_scale=1.000 relay_hotspot=0.0159 train_mse=0.00000764 val_mse=0.00001103 val_mae=0.00205045 | peer_val_mse=0.02240843 peer_val_mae=0.09563191
[worker3/operator_burgers_fno_polish_fair_v2] [operator_burgers_fno_polish_fair_v2/fno_polish_hotspot_l003_w20_d80_160] [operator][epoch 017] lambda=0.0000 relay_stage=disabled relay_scale=1.000 relay_hotspot=0.0288 train_mse=0.00002973 val_mse=0.00001166 val_mae=0.00224110 | peer_val_mse=0.02240843 peer_val_mae=0.09563191
[worker3/operator_burgers_fno_polish_fair_v2] [operator_burgers_fno_polish_fair_v2/fno_polish_hotspot_l003_w20_d80_160] [operator][epoch 018] lambda=0.0000 relay_stage=disabled relay_scale=1.000 relay_hotspot=0.0316 train_mse=0.00003624 val_mse=0.00007804 val_mae=0.00561848 | peer_val_mse=0.02240843 peer_val_mae=0.09563191
[worker3/operator_burgers_fno_polish_fair_v2] [operator_burgers_fno_polish_fair_v2/fno_polish_hotspot_l003_w20_d80_160] [operator][epoch 019] lambda=0.0000 relay_stage=disabled relay_scale=1.000 relay_hotspot=0.0355 train_mse=0.00004347 val_mse=0.00005963 val_mae=0.00495572 | peer_val_mse=0.02240843 peer_val_mae=0.09563191
[worker3/operator_burgers_fno_polish_fair_v2] [operator_burgers_fno_polish_fair_v2/fno_polish_hotspot_l003_w20_d80_160] [operator][epoch 020] lambda=0.0000 relay_stage=disabled relay_scale=1.000 relay_hotspot=0.0295 train_mse=0.00002633 val_mse=0.00001595 val_mae=0.00271811 | peer_val_mse=0.02240843 peer_val_mae=0.09563191
[worker3/operator_burgers_fno_polish_fair_v2] [operator_burgers_fno_polish_fair_v2/fno_polish_hotspot_l003_w20_d80_160] [operator][epoch 020] updated live plot
[worker3/operator_burgers_fno_polish_fair_v2] [operator_burgers_fno_polish_fair_v2/fno_polish_hotspot_l003_w20_d80_160] [operator][epoch 021] lambda=0.0300 relay_stage=disabled relay_scale=1.000 relay_hotspot=0.0311 train_mse=0.00004278 val_mse=0.00003173 val_mae=0.00344105 | peer_val_mse=0.02240843 peer_val_mae=0.09563191
[worker3/operator_burgers_fno_polish_fair_v2] [operator_burgers_fno_polish_fair_v2/fno_polish_hotspot_l003_w20_d80_160] [operator][epoch 022] lambda=0.0300 relay_stage=disabled relay_scale=1.000 relay_hotspot=0.0494 train_mse=0.00008590 val_mse=0.00009791 val_mae=0.00651097 | peer_val_mse=0.02240843 peer_val_mae=0.09563191
[worker3/operator_burgers_fno_polish_fair_v2] [operator_burgers_fno_polish_fair_v2/fno_polish_hotspot_l003_w20_d80_160] [operator][epoch 023] lambda=0.0300 relay_stage=disabled relay_scale=1.000 relay_hotspot=0.0393 train_mse=0.00005423 val_mse=0.00003461 val_mae=0.00383465 | peer_val_mse=0.02240843 peer_val_mae=0.09563191
[worker3/operator_burgers_fno_polish_fair_v2] [operator_burgers_fno_polish_fair_v2/fno_polish_hotspot_l003_w20_d80_160] [operator][epoch 024] lambda=0.0300 relay_stage=disabled relay_scale=1.000 relay_hotspot=0.0417 train_mse=0.00006413 val_mse=0.00003160 val_mae=0.00414129 | peer_val_mse=0.02240843 peer_val_mae=0.09563191
[worker3/operator_burgers_fno_polish_fair_v2] [operator_burgers_fno_polish_fair_v2/fno_polish_hotspot_l003_w20_d80_160] [operator][epoch 025] lambda=0.0300 relay_stage=disabled relay_scale=1.000 relay_hotspot=0.0238 train_mse=0.00001960 val_mse=0.00001329 val_mae=0.00271661 | peer_val_mse=0.02240843 peer_val_mae=0.09563191
[worker3/operator_burgers_fno_polish_fair_v2] [operator_burgers_fno_polish_fair_v2/fno_polish_hotspot_l003_w20_d80_160] [operator][epoch 026] lambda=0.0300 relay_stage=disabled relay_scale=1.000 relay_hotspot=0.0229 train_mse=0.00002056 val_mse=0.00002287 val_mae=0.00355749 | peer_val_mse=0.02240843 peer_val_mae=0.09563191
[worker3/operator_burgers_fno_polish_fair_v2] [operator_burgers_fno_polish_fair_v2/fno_polish_hotspot_l003_w20_d80_160] [operator][epoch 027] lambda=0.0300 relay_stage=disabled relay_scale=1.000 relay_hotspot=0.0254 train_mse=0.00002237 val_mse=0.00002676 val_mae=0.00387543 | peer_val_mse=0.02240843 peer_val_mae=0.09563191
[worker3/operator_burgers_fno_polish_fair_v2] [operator_burgers_fno_polish_fair_v2/fno_polish_hotspot_l003_w20_d80_160] [operator][epoch 028] lambda=0.0300 relay_stage=disabled relay_scale=1.000 relay_hotspot=0.0282 train_mse=0.00002897 val_mse=0.00002490 val_mae=0.00324961 | peer_val_mse=0.02240843 peer_val_mae=0.09563191
[worker3/operator_burgers_fno_polish_fair_v2] [operator_burgers_fno_polish_fair_v2/fno_polish_hotspot_l003_w20_d80_160] [operator][epoch 029] lambda=0.0300 relay_stage=disabled relay_scale=1.000 relay_hotspot=0.0273 train_mse=0.00002410 val_mse=0.00001572 val_mae=0.00311426 | peer_val_mse=0.02240843 peer_val_mae=0.09563191
[worker3/operator_burgers_fno_polish_fair_v2] [operator_burgers_fno_polish_fair_v2/fno_polish_hotspot_l003_w20_d80_160] [operator][epoch 030] lambda=0.0300 relay_stage=disabled relay_scale=1.000 relay_hotspot=0.0222 train_mse=0.00001900 val_mse=0.00001443 val_mae=0.00265616 | peer_val_mse=0.02240843 peer_val_mae=0.09563191
[worker3/operator_burgers_fno_polish_fair_v2] [operator_burgers_fno_polish_fair_v2/fno_polish_hotspot_l003_w20_d80_160] [operator][epoch 031] lambda=0.0300 relay_stage=disabled relay_scale=1.000 relay_hotspot=0.0192 train_mse=0.00001374 val_mse=0.00002086 val_mae=0.00298981 | peer_val_mse=0.02240843 peer_val_mae=0.09563191
[worker3/operator_burgers_fno_polish_fair_v2] [operator_burgers_fno_polish_fair_v2/fno_polish_hotspot_l003_w20_d80_160] [operator][epoch 032] lambda=0.0300 relay_stage=disabled relay_scale=1.000 relay_hotspot=0.0398 train_mse=0.00006080 val_mse=0.00003792 val_mae=0.00348303 | peer_val_mse=0.02240843 peer_val_mae=0.09563191
[worker3/operator_burgers_fno_polish_fair_v2] [operator_burgers_fno_polish_fair_v2/fno_polish_hotspot_l003_w20_d80_160] [operator][epoch 033] lambda=0.0300 relay_stage=disabled relay_scale=1.000 relay_hotspot=0.0723 train_mse=0.00020727 val_mse=0.00005443 val_mae=0.00557154 | peer_val_mse=0.02240843 peer_val_mae=0.09563191
[worker3/operator_burgers_fno_polish_fair_v2] [operator_burgers_fno_polish_fair_v2/fno_polish_hotspot_l003_w20_d80_160] [operator][epoch 034] lambda=0.0300 relay_stage=disabled relay_scale=1.000 relay_hotspot=0.0288 train_mse=0.00002914 val_mse=0.00000998 val_mae=0.00214965 | peer_val_mse=0.02240843 peer_val_mae=0.09563191
[worker3/operator_burgers_fno_polish_fair_v2] [operator_burgers_fno_polish_fair_v2/fno_polish_hotspot_l003_w20_d80_160] [operator][epoch 035] lambda=0.0300 relay_stage=disabled relay_scale=1.000 relay_hotspot=0.0177 train_mse=0.00001119 val_mse=0.00002323 val_mae=0.00332417 | peer_val_mse=0.02240843 peer_val_mae=0.09563191
[worker3/operator_burgers_fno_polish_fair_v2] [operator_burgers_fno_polish_fair_v2/fno_polish_hotspot_l003_w20_d80_160] [operator][epoch 036] lambda=0.0300 relay_stage=disabled relay_scale=1.000 relay_hotspot=0.0341 train_mse=0.00004628 val_mse=0.00002668 val_mae=0.00400295 | peer_val_mse=0.02240843 peer_val_mae=0.09563191
[worker3/operator_burgers_fno_polish_fair_v2] [operator_burgers_fno_polish_fair_v2/fno_polish_hotspot_l003_w20_d80_160] [operator][epoch 037] lambda=0.0300 relay_stage=disabled relay_scale=1.000 relay_hotspot=0.0261 train_mse=0.00002777 val_mse=0.00002594 val_mae=0.00306748 | peer_val_mse=0.02240843 peer_val_mae=0.09563191
[worker3/operator_burgers_fno_polish_fair_v2] [operator_burgers_fno_polish_fair_v2/fno_polish_hotspot_l003_w20_d80_160] [operator][epoch 038] lambda=0.0300 relay_stage=disabled relay_scale=1.000 relay_hotspot=0.0316 train_mse=0.00003643 val_mse=0.00001008 val_mae=0.00215220 | peer_val_mse=0.02240843 peer_val_mae=0.09563191
[worker3/operator_burgers_fno_polish_fair_v2] [operator_burgers_fno_polish_fair_v2/fno_polish_hotspot_l003_w20_d80_160] [operator][epoch 039] lambda=0.0300 relay_stage=disabled relay_scale=1.000 relay_hotspot=0.0170 train_mse=0.00001189 val_mse=0.00004934 val_mae=0.00350398 | peer_val_mse=0.02240843 peer_val_mae=0.09563191
[worker3/operator_burgers_fno_polish_fair_v2] [operator_burgers_fno_polish_fair_v2/fno_polish_hotspot_l003_w20_d80_160] [operator][epoch 040] lambda=0.0300 relay_stage=disabled relay_scale=1.000 relay_hotspot=0.0229 train_mse=0.00001999 val_mse=0.00002340 val_mae=0.00325716 | peer_val_mse=0.02240843 peer_val_mae=0.09563191
[worker3/operator_burgers_fno_polish_fair_v2] [operator_burgers_fno_polish_fair_v2/fno_polish_hotspot_l003_w20_d80_160] [operator][epoch 040] updated live plot
[worker3/operator_burgers_fno_polish_fair_v2] [operator_burgers_fno_polish_fair_v2/fno_polish_hotspot_l003_w20_d80_160] [operator][epoch 041] lambda=0.0300 relay_stage=disabled relay_scale=1.000 relay_hotspot=0.0253 train_mse=0.00002173 val_mse=0.00003355 val_mae=0.00475123 | peer_val_mse=0.02240843 peer_val_mae=0.09563191
[worker3/operator_burgers_fno_polish_fair_v2] [operator_burgers_fno_polish_fair_v2/fno_polish_hotspot_l003_w20_d80_160] [operator][epoch 042] lambda=0.0300 relay_stage=disabled relay_scale=1.000 relay_hotspot=0.0217 train_mse=0.00001478 val_mse=0.00002751 val_mae=0.00297982 | peer_val_mse=0.02240843 peer_val_mae=0.09563191
[worker3/operator_burgers_fno_polish_fair_v2] [operator_burgers_fno_polish_fair_v2/fno_polish_hotspot_l003_w20_d80_160] [operator][epoch 043] lambda=0.0300 relay_stage=disabled relay_scale=1.000 relay_hotspot=0.0319 train_mse=0.00003596 val_mse=0.00003088 val_mae=0.00382397 | peer_val_mse=0.02240843 peer_val_mae=0.09563191
[worker3/operator_burgers_fno_polish_fair_v2] [operator_burgers_fno_polish_fair_v2/fno_polish_hotspot_l003_w20_d80_160] [operator][epoch 044] lambda=0.0300 relay_stage=disabled relay_scale=1.000 relay_hotspot=0.0276 train_mse=0.00002902 val_mse=0.00003643 val_mae=0.00468795 | peer_val_mse=0.02240843 peer_val_mae=0.09563191
[worker3/operator_burgers_fno_polish_fair_v2] [operator_burgers_fno_polish_fair_v2/fno_polish_hotspot_l003_w20_d80_160] [operator][epoch 045] lambda=0.0300 relay_stage=disabled relay_scale=1.000 relay_hotspot=0.0250 train_mse=0.00002064 val_mse=0.00001066 val_mae=0.00229956 | peer_val_mse=0.02240843 peer_val_mae=0.09563191
[worker3/operator_burgers_fno_polish_fair_v2] [operator_burgers_fno_polish_fair_v2/fno_polish_hotspot_l003_w20_d80_160] [operator][epoch 046] lambda=0.0300 relay_stage=disabled relay_scale=1.000 relay_hotspot=0.0175 train_mse=0.00001056 val_mse=0.00001420 val_mae=0.00255646 | peer_val_mse=0.02240843 peer_val_mae=0.09563191
[worker3/operator_burgers_fno_polish_fair_v2] [operator_burgers_fno_polish_fair_v2/fno_polish_hotspot_l003_w20_d80_160] [operator][epoch 047] lambda=0.0300 relay_stage=disabled relay_scale=1.000 relay_hotspot=0.0183 train_mse=0.00001073 val_mse=0.00000793 val_mae=0.00177934 | peer_val_mse=0.02240843 peer_val_mae=0.09563191
[worker3/operator_burgers_fno_polish_fair_v2] [operator_burgers_fno_polish_fair_v2/fno_polish_hotspot_l003_w20_d80_160] [operator][epoch 048] lambda=0.0300 relay_stage=disabled relay_scale=1.000 relay_hotspot=0.0176 train_mse=0.00000985 val_mse=0.00001059 val_mae=0.00213167 | peer_val_mse=0.02240843 peer_val_mae=0.09563191
[worker3/operator_burgers_fno_polish_fair_v2] [operator_burgers_fno_polish_fair_v2/fno_polish_hotspot_l003_w20_d80_160] [operator][epoch 049] lambda=0.0300 relay_stage=disabled relay_scale=1.000 relay_hotspot=0.0144 train_mse=0.00000739 val_mse=0.00001326 val_mae=0.00230806 | peer_val_mse=0.02240843 peer_val_mae=0.09563191
[worker3/operator_burgers_fno_polish_fair_v2] [operator_burgers_fno_polish_fair_v2/fno_polish_hotspot_l003_w20_d80_160] [operator][epoch 050] lambda=0.0300 relay_stage=disabled relay_scale=1.000 relay_hotspot=0.0288 train_mse=0.00003178 val_mse=0.00003486 val_mae=0.00435774 | peer_val_mse=0.02240843 peer_val_mae=0.09563191
[worker3/operator_burgers_fno_polish_fair_v2] [operator_burgers_fno_polish_fair_v2/fno_polish_hotspot_l003_w20_d80_160] [operator][epoch 051] lambda=0.0300 relay_stage=disabled relay_scale=1.000 relay_hotspot=0.0417 train_mse=0.00006487 val_mse=0.00004604 val_mae=0.00527167 | peer_val_mse=0.02240843 peer_val_mae=0.09563191
[worker3/operator_burgers_fno_polish_fair_v2] [operator_burgers_fno_polish_fair_v2/fno_polish_hotspot_l003_w20_d80_160] [operator][epoch 052] lambda=0.0300 relay_stage=disabled relay_scale=1.000 relay_hotspot=0.0328 train_mse=0.00003311 val_mse=0.00002259 val_mae=0.00313220 | peer_val_mse=0.02240843 peer_val_mae=0.09563191
[worker3/operator_burgers_fno_polish_fair_v2] [operator_burgers_fno_polish_fair_v2/fno_polish_hotspot_l003_w20_d80_160] [operator][epoch 053] lambda=0.0300 relay_stage=disabled relay_scale=1.000 relay_hotspot=0.0277 train_mse=0.00002808 val_mse=0.00001244 val_mae=0.00234601 | peer_val_mse=0.02240843 peer_val_mae=0.09563191
[worker3/operator_burgers_fno_polish_fair_v2] [operator_burgers_fno_polish_fair_v2/fno_polish_hotspot_l003_w20_d80_160] [operator][epoch 054] lambda=0.0300 relay_stage=disabled relay_scale=1.000 relay_hotspot=0.0374 train_mse=0.00005328 val_mse=0.00007256 val_mae=0.00570858 | peer_val_mse=0.02240843 peer_val_mae=0.09563191
[worker3/operator_burgers_fno_polish_fair_v2] [operator_burgers_fno_polish_fair_v2/fno_polish_hotspot_l003_w20_d80_160] [operator][epoch 055] lambda=0.0300 relay_stage=disabled relay_scale=1.000 relay_hotspot=0.0275 train_mse=0.00003116 val_mse=0.00003459 val_mae=0.00352747 | peer_val_mse=0.02240843 peer_val_mae=0.09563191
[worker3/operator_burgers_fno_polish_fair_v2] [operator_burgers_fno_polish_fair_v2/fno_polish_hotspot_l003_w20_d80_160] [operator][epoch 056] lambda=0.0300 relay_stage=disabled relay_scale=1.000 relay_hotspot=0.0473 train_mse=0.00009204 val_mse=0.00020746 val_mae=0.00896546 | peer_val_mse=0.02240843 peer_val_mae=0.09563191
[worker3/operator_burgers_fno_polish_fair_v2] [operator_burgers_fno_polish_fair_v2/fno_polish_hotspot_l003_w20_d80_160] [operator][epoch 057] lambda=0.0300 relay_stage=disabled relay_scale=1.000 relay_hotspot=0.0407 train_mse=0.00005774 val_mse=0.00003328 val_mae=0.00392843 | peer_val_mse=0.02240843 peer_val_mae=0.09563191
[worker3/operator_burgers_fno_polish_fair_v2] [operator_burgers_fno_polish_fair_v2/fno_polish_hotspot_l003_w20_d80_160] [operator][epoch 058] lambda=0.0300 relay_stage=disabled relay_scale=1.000 relay_hotspot=0.0245 train_mse=0.00002149 val_mse=0.00000667 val_mae=0.00162973 | peer_val_mse=0.02240843 peer_val_mae=0.09563191
[worker3/operator_burgers_fno_polish_fair_v2] [operator_burgers_fno_polish_fair_v2/fno_polish_hotspot_l003_w20_d80_160] [operator][epoch 059] lambda=0.0300 relay_stage=disabled relay_scale=1.000 relay_hotspot=0.0148 train_mse=0.00000765 val_mse=0.00000866 val_mae=0.00199926 | peer_val_mse=0.02240843 peer_val_mae=0.09563191
[worker3/operator_burgers_fno_polish_fair_v2] [operator_burgers_fno_polish_fair_v2/fno_polish_hotspot_l003_w20_d80_160] [operator][epoch 060] lambda=0.0300 relay_stage=disabled relay_scale=1.000 relay_hotspot=0.0136 train_mse=0.00000578 val_mse=0.00000792 val_mae=0.00167086 | peer_val_mse=0.02240843 peer_val_mae=0.09563191
[worker3/operator_burgers_fno_polish_fair_v2] [operator_burgers_fno_polish_fair_v2/fno_polish_hotspot_l003_w20_d80_160] [operator][epoch 060] updated live plot
[worker3/operator_burgers_fno_polish_fair_v2] [operator_burgers_fno_polish_fair_v2/fno_polish_hotspot_l003_w20_d80_160] [operator][epoch 061] lambda=0.0300 relay_stage=disabled relay_scale=1.000 relay_hotspot=0.0113 train_mse=0.00000429 val_mse=0.00000733 val_mae=0.00177792 | peer_val_mse=0.02240843 peer_val_mae=0.09563191
[worker3/operator_burgers_fno_polish_fair_v2] [operator_burgers_fno_polish_fair_v2/fno_polish_hotspot_l003_w20_d80_160] [operator][epoch 062] lambda=0.0300 relay_stage=disabled relay_scale=1.000 relay_hotspot=0.0121 train_mse=0.00000534 val_mse=0.00000932 val_mae=0.00193312 | peer_val_mse=0.02240843 peer_val_mae=0.09563191
[worker3/operator_burgers_fno_polish_fair_v2] [operator_burgers_fno_polish_fair_v2/fno_polish_hotspot_l003_w20_d80_160] [operator][epoch 063] lambda=0.0300 relay_stage=disabled relay_scale=1.000 relay_hotspot=0.0216 train_mse=0.00001543 val_mse=0.00004054 val_mae=0.00508463 | peer_val_mse=0.02240843 peer_val_mae=0.09563191
[worker3/operator_burgers_fno_polish_fair_v2] [operator_burgers_fno_polish_fair_v2/fno_polish_hotspot_l003_w20_d80_160] [operator][epoch 064] lambda=0.0300 relay_stage=disabled relay_scale=1.000 relay_hotspot=0.0320 train_mse=0.00003401 val_mse=0.00005929 val_mae=0.00523160 | peer_val_mse=0.02240843 peer_val_mae=0.09563191
[worker3/operator_burgers_fno_polish_fair_v2] [operator_burgers_fno_polish_fair_v2/fno_polish_hotspot_l003_w20_d80_160] [operator][epoch 065] lambda=0.0300 relay_stage=disabled relay_scale=1.000 relay_hotspot=0.0342 train_mse=0.00003807 val_mse=0.00001341 val_mae=0.00244951 | peer_val_mse=0.02240843 peer_val_mae=0.09563191
[worker3/operator_burgers_fno_polish_fair_v2] [operator_burgers_fno_polish_fair_v2/fno_polish_hotspot_l003_w20_d80_160] [operator][epoch 066] lambda=0.0300 relay_stage=disabled relay_scale=1.000 relay_hotspot=0.0182 train_mse=0.00001159 val_mse=0.00001061 val_mae=0.00221393 | peer_val_mse=0.02240843 peer_val_mae=0.09563191
[worker3/operator_burgers_fno_polish_fair_v2] [operator_burgers_fno_polish_fair_v2/fno_polish_hotspot_l003_w20_d80_160] [operator][epoch 067] lambda=0.0300 relay_stage=disabled relay_scale=1.000 relay_hotspot=0.0209 train_mse=0.00001522 val_mse=0.00001208 val_mae=0.00264222 | peer_val_mse=0.02240843 peer_val_mae=0.09563191
[worker3/operator_burgers_fno_polish_fair_v2] [operator_burgers_fno_polish_fair_v2/fno_polish_hotspot_l003_w20_d80_160] [operator][epoch 068] lambda=0.0300 relay_stage=disabled relay_scale=1.000 relay_hotspot=0.0213 train_mse=0.00001523 val_mse=0.00001313 val_mae=0.00252848 | peer_val_mse=0.02240843 peer_val_mae=0.09563191
[worker3/operator_burgers_fno_polish_fair_v2] [operator_burgers_fno_polish_fair_v2/fno_polish_hotspot_l003_w20_d80_160] [operator][epoch 069] lambda=0.0300 relay_stage=disabled relay_scale=1.000 relay_hotspot=0.0152 train_mse=0.00000757 val_mse=0.00000640 val_mae=0.00175110 | peer_val_mse=0.02240843 peer_val_mae=0.09563191
[worker3/operator_burgers_fno_polish_fair_v2] [operator_burgers_fno_polish_fair_v2/fno_polish_hotspot_l003_w20_d80_160] [operator][epoch 070] lambda=0.0300 relay_stage=disabled relay_scale=1.000 relay_hotspot=0.0121 train_mse=0.00000491 val_mse=0.00001151 val_mae=0.00198037 | peer_val_mse=0.02240843 peer_val_mae=0.09563191
[worker3/operator_burgers_fno_polish_fair_v2] [operator_burgers_fno_polish_fair_v2/fno_polish_hotspot_l003_w20_d80_160] [operator][epoch 071] lambda=0.0300 relay_stage=disabled relay_scale=1.000 relay_hotspot=0.0154 train_mse=0.00000732 val_mse=0.00001237 val_mae=0.00225658 | peer_val_mse=0.02240843 peer_val_mae=0.09563191
[worker3/operator_burgers_fno_polish_fair_v2] [operator_burgers_fno_polish_fair_v2/fno_polish_hotspot_l003_w20_d80_160] [operator][epoch 072] lambda=0.0300 relay_stage=disabled relay_scale=1.000 relay_hotspot=0.0290 train_mse=0.00002984 val_mse=0.00001880 val_mae=0.00336841 | peer_val_mse=0.02240843 peer_val_mae=0.09563191
[worker3/operator_burgers_fno_polish_fair_v2] [operator_burgers_fno_polish_fair_v2/fno_polish_hotspot_l003_w20_d80_160] [operator][epoch 073] lambda=0.0300 relay_stage=disabled relay_scale=1.000 relay_hotspot=0.0197 train_mse=0.00001284 val_mse=0.00001500 val_mae=0.00208638 | peer_val_mse=0.02240843 peer_val_mae=0.09563191
[worker3/operator_burgers_fno_polish_fair_v2] [operator_burgers_fno_polish_fair_v2/fno_polish_hotspot_l003_w20_d80_160] [operator][epoch 074] lambda=0.0300 relay_stage=disabled relay_scale=1.000 relay_hotspot=0.0196 train_mse=0.00001339 val_mse=0.00005204 val_mae=0.00596099 | peer_val_mse=0.02240843 peer_val_mae=0.09563191
[worker3/operator_burgers_fno_polish_fair_v2] [operator_burgers_fno_polish_fair_v2/fno_polish_hotspot_l003_w20_d80_160] [operator][epoch 075] lambda=0.0300 relay_stage=disabled relay_scale=1.000 relay_hotspot=0.0280 train_mse=0.00002694 val_mse=0.00001491 val_mae=0.00282633 | peer_val_mse=0.02240843 peer_val_mae=0.09563191
[worker3/operator_burgers_fno_polish_fair_v2] [operator_burgers_fno_polish_fair_v2/fno_polish_hotspot_l003_w20_d80_160] [operator][epoch 076] lambda=0.0300 relay_stage=disabled relay_scale=1.000 relay_hotspot=0.0255 train_mse=0.00002388 val_mse=0.00002500 val_mae=0.00319801 | peer_val_mse=0.02240843 peer_val_mae=0.09563191
[worker3/operator_burgers_fno_polish_fair_v2] [operator_burgers_fno_polish_fair_v2/fno_polish_hotspot_l003_w20_d80_160] [operator][epoch 077] lambda=0.0300 relay_stage=disabled relay_scale=1.000 relay_hotspot=0.0293 train_mse=0.00003147 val_mse=0.00003841 val_mae=0.00451743 | peer_val_mse=0.02240843 peer_val_mae=0.09563191
[worker3/operator_burgers_fno_polish_fair_v2] [operator_burgers_fno_polish_fair_v2/fno_polish_hotspot_l003_w20_d80_160] [operator][epoch 078] lambda=0.0300 relay_stage=disabled relay_scale=1.000 relay_hotspot=0.0291 train_mse=0.00002825 val_mse=0.00000899 val_mae=0.00200472 | peer_val_mse=0.02240843 peer_val_mae=0.09563191
[worker3/operator_burgers_fno_polish_fair_v2] [operator_burgers_fno_polish_fair_v2/fno_polish_hotspot_l003_w20_d80_160] [operator][epoch 079] lambda=0.0300 relay_stage=disabled relay_scale=1.000 relay_hotspot=0.0171 train_mse=0.00001044 val_mse=0.00002104 val_mae=0.00243938 | peer_val_mse=0.02240843 peer_val_mae=0.09563191
[worker3/operator_burgers_fno_polish_fair_v2] [operator_burgers_fno_polish_fair_v2/fno_polish_hotspot_l003_w20_d80_160] [operator][epoch 080] lambda=0.0300 relay_stage=disabled relay_scale=1.000 relay_hotspot=0.0402 train_mse=0.00006121 val_mse=0.00003787 val_mae=0.00449505 | peer_val_mse=0.02240843 peer_val_mae=0.09563191
[worker3/operator_burgers_fno_polish_fair_v2] [operator_burgers_fno_polish_fair_v2/fno_polish_hotspot_l003_w20_d80_160] [operator][epoch 080] updated live plot
[worker3/operator_burgers_fno_polish_fair_v2] [operator_burgers_fno_polish_fair_v2/fno_polish_hotspot_l003_w20_d80_160] [operator][epoch 081] lambda=0.0296 relay_stage=disabled relay_scale=1.000 relay_hotspot=0.0343 train_mse=0.00004355 val_mse=0.00004034 val_mae=0.00476564 | peer_val_mse=0.02240843 peer_val_mae=0.09563191
[worker3/operator_burgers_fno_polish_fair_v2] [operator_burgers_fno_polish_fair_v2/fno_polish_hotspot_l003_w20_d80_160] [operator][epoch 082] lambda=0.0293 relay_stage=disabled relay_scale=1.000 relay_hotspot=0.0326 train_mse=0.00003740 val_mse=0.00002576 val_mae=0.00356461 | peer_val_mse=0.02240843 peer_val_mae=0.09563191
[worker3/operator_burgers_fno_polish_fair_v2] [operator_burgers_fno_polish_fair_v2/fno_polish_hotspot_l003_w20_d80_160] [operator][epoch 083] lambda=0.0289 relay_stage=disabled relay_scale=1.000 relay_hotspot=0.0277 train_mse=0.00002680 val_mse=0.00002147 val_mae=0.00347024 | peer_val_mse=0.02240843 peer_val_mae=0.09563191
[worker3/operator_burgers_fno_polish_fair_v2] [operator_burgers_fno_polish_fair_v2/fno_polish_hotspot_l003_w20_d80_160] [operator][epoch 084] lambda=0.0286 relay_stage=disabled relay_scale=1.000 relay_hotspot=0.0278 train_mse=0.00002761 val_mse=0.00001646 val_mae=0.00301829 | peer_val_mse=0.02240843 peer_val_mae=0.09563191
[worker3/operator_burgers_fno_polish_fair_v2] [operator_burgers_fno_polish_fair_v2/fno_polish_hotspot_l003_w20_d80_160] [operator][epoch 085] lambda=0.0282 relay_stage=disabled relay_scale=1.000 relay_hotspot=0.0291 train_mse=0.00002760 val_mse=0.00002139 val_mae=0.00319567 | peer_val_mse=0.02240843 peer_val_mae=0.09563191
[worker3/operator_burgers_fno_polish_fair_v2] [operator_burgers_fno_polish_fair_v2/fno_polish_hotspot_l003_w20_d80_160] [operator][epoch 086] lambda=0.0279 relay_stage=disabled relay_scale=1.000 relay_hotspot=0.0246 train_mse=0.00002155 val_mse=0.00002699 val_mae=0.00347086 | peer_val_mse=0.02240843 peer_val_mae=0.09563191
[worker3/operator_burgers_fno_polish_fair_v2] [operator_burgers_fno_polish_fair_v2/fno_polish_hotspot_l003_w20_d80_160] [operator][epoch 087] lambda=0.0275 relay_stage=disabled relay_scale=1.000 relay_hotspot=0.0163 train_mse=0.00001112 val_mse=0.00002895 val_mae=0.00274401 | peer_val_mse=0.02240843 peer_val_mae=0.09563191
[worker3/operator_burgers_fno_polish_fair_v2] [operator_burgers_fno_polish_fair_v2/fno_polish_hotspot_l003_w20_d80_160] [operator][epoch 088] lambda=0.0272 relay_stage=disabled relay_scale=1.000 relay_hotspot=0.0233 train_mse=0.00002108 val_mse=0.00004815 val_mae=0.00367098 | peer_val_mse=0.02240843 peer_val_mae=0.09563191
[worker3/operator_burgers_fno_polish_fair_v2] [operator_burgers_fno_polish_fair_v2/fno_polish_hotspot_l003_w20_d80_160] [operator][epoch 089] lambda=0.0268 relay_stage=disabled relay_scale=1.000 relay_hotspot=0.0353 train_mse=0.00004498 val_mse=0.00009915 val_mae=0.00670536 | peer_val_mse=0.02240843 peer_val_mae=0.09563191
[worker3/operator_burgers_fno_polish_fair_v2] [operator_burgers_fno_polish_fair_v2/fno_polish_hotspot_l003_w20_d80_160] [operator][epoch 090] lambda=0.0264 relay_stage=disabled relay_scale=1.000 relay_hotspot=0.0283 train_mse=0.00003079 val_mse=0.00001530 val_mae=0.00241311 | peer_val_mse=0.02240843 peer_val_mae=0.09563191
[worker3/operator_burgers_fno_polish_fair_v2] [operator_burgers_fno_polish_fair_v2/fno_polish_hotspot_l003_w20_d80_160] [operator][epoch 091] lambda=0.0261 relay_stage=disabled relay_scale=1.000 relay_hotspot=0.0296 train_mse=0.00003174 val_mse=0.00004936 val_mae=0.00564114 | peer_val_mse=0.02240843 peer_val_mae=0.09563191
[worker3/operator_burgers_fno_polish_fair_v2] [operator_burgers_fno_polish_fair_v2/fno_polish_hotspot_l003_w20_d80_160] [operator][epoch 092] lambda=0.0257 relay_stage=disabled relay_scale=1.000 relay_hotspot=0.0453 train_mse=0.00006677 val_mse=0.00005143 val_mae=0.00426715 | peer_val_mse=0.02240843 peer_val_mae=0.09563191
[worker3/operator_burgers_fno_polish_fair_v2] [operator_burgers_fno_polish_fair_v2/fno_polish_hotspot_l003_w20_d80_160] [operator][epoch 093] lambda=0.0254 relay_stage=disabled relay_scale=1.000 relay_hotspot=0.0294 train_mse=0.00003178 val_mse=0.00002265 val_mae=0.00298222 | peer_val_mse=0.02240843 peer_val_mae=0.09563191
[worker3/operator_burgers_fno_polish_fair_v2] [operator_burgers_fno_polish_fair_v2/fno_polish_hotspot_l003_w20_d80_160] [operator][epoch 094] lambda=0.0250 relay_stage=disabled relay_scale=1.000 relay_hotspot=0.0381 train_mse=0.00005636 val_mse=0.00009433 val_mae=0.00551408 | peer_val_mse=0.02240843 peer_val_mae=0.09563191
[worker3/operator_burgers_fno_polish_fair_v2] [operator_burgers_fno_polish_fair_v2/fno_polish_hotspot_l003_w20_d80_160] [operator][epoch 095] lambda=0.0247 relay_stage=disabled relay_scale=1.000 relay_hotspot=0.0442 train_mse=0.00005830 val_mse=0.00001547 val_mae=0.00290427 | peer_val_mse=0.02240843 peer_val_mae=0.09563191
[worker3/operator_burgers_fno_polish_fair_v2] [operator_burgers_fno_polish_fair_v2/fno_polish_hotspot_l003_w20_d80_160] [operator][epoch 096] lambda=0.0243 relay_stage=disabled relay_scale=1.000 relay_hotspot=0.0253 train_mse=0.00002278 val_mse=0.00001876 val_mae=0.00315357 | peer_val_mse=0.02240843 peer_val_mae=0.09563191
[worker3/operator_burgers_fno_polish_fair_v2] [operator_burgers_fno_polish_fair_v2/fno_polish_hotspot_l003_w20_d80_160] [operator][epoch 097] lambda=0.0239 relay_stage=disabled relay_scale=1.000 relay_hotspot=0.0364 train_mse=0.00005084 val_mse=0.00003321 val_mae=0.00348312 | peer_val_mse=0.02240843 peer_val_mae=0.09563191
[worker3/operator_burgers_fno_polish_fair_v2] [operator_burgers_fno_polish_fair_v2/fno_polish_hotspot_l003_w20_d80_160] [operator][epoch 098] lambda=0.0236 relay_stage=disabled relay_scale=1.000 relay_hotspot=0.0264 train_mse=0.00002596 val_mse=0.00001041 val_mae=0.00235876 | peer_val_mse=0.02240843 peer_val_mae=0.09563191
[worker3/operator_burgers_fno_polish_fair_v2] [operator_burgers_fno_polish_fair_v2/fno_polish_hotspot_l003_w20_d80_160] [operator][epoch 099] lambda=0.0232 relay_stage=disabled relay_scale=1.000 relay_hotspot=0.0172 train_mse=0.00000967 val_mse=0.00000647 val_mae=0.00166619 | peer_val_mse=0.02240843 peer_val_mae=0.09563191
[worker3/operator_burgers_fno_polish_fair_v2] [operator_burgers_fno_polish_fair_v2/fno_polish_hotspot_l003_w20_d80_160] [operator][epoch 100] lambda=0.0229 relay_stage=disabled relay_scale=1.000 relay_hotspot=0.0105 train_mse=0.00000384 val_mse=0.00000667 val_mae=0.00160347 | peer_val_mse=0.02240843 peer_val_mae=0.09563191
[worker3/operator_burgers_fno_polish_fair_v2] [operator_burgers_fno_polish_fair_v2/fno_polish_hotspot_l003_w20_d80_160] [operator][epoch 100] updated live plot
[worker3/operator_burgers_fno_polish_fair_v2] [operator_burgers_fno_polish_fair_v2/fno_polish_hotspot_l003_w20_d80_160] [operator][epoch 101] lambda=0.0225 relay_stage=disabled relay_scale=1.000 relay_hotspot=0.0107 train_mse=0.00000395 val_mse=0.00000578 val_mae=0.00150873 | peer_val_mse=0.02240843 peer_val_mae=0.09563191
[worker3/operator_burgers_fno_polish_fair_v2] [operator_burgers_fno_polish_fair_v2/fno_polish_hotspot_l003_w20_d80_160] [operator][epoch 102] lambda=0.0222 relay_stage=disabled relay_scale=1.000 relay_hotspot=0.0133 train_mse=0.00000561 val_mse=0.00001419 val_mae=0.00197621 | peer_val_mse=0.02240843 peer_val_mae=0.09563191
[worker3/operator_burgers_fno_polish_fair_v2] [operator_burgers_fno_polish_fair_v2/fno_polish_hotspot_l003_w20_d80_160] [operator][epoch 103] lambda=0.0218 relay_stage=disabled relay_scale=1.000 relay_hotspot=0.0151 train_mse=0.00000791 val_mse=0.00000572 val_mae=0.00153888 | peer_val_mse=0.02240843 peer_val_mae=0.09563191
[worker3/operator_burgers_fno_polish_fair_v2] [operator_burgers_fno_polish_fair_v2/fno_polish_hotspot_l003_w20_d80_160] [operator][epoch 104] lambda=0.0215 relay_stage=disabled relay_scale=1.000 relay_hotspot=0.0142 train_mse=0.00000660 val_mse=0.00001060 val_mae=0.00232299 | peer_val_mse=0.02240843 peer_val_mae=0.09563191
[worker3/operator_burgers_fno_polish_fair_v2] [operator_burgers_fno_polish_fair_v2/fno_polish_hotspot_l003_w20_d80_160] [operator][epoch 105] lambda=0.0211 relay_stage=disabled relay_scale=1.000 relay_hotspot=0.0152 train_mse=0.00000726 val_mse=0.00001322 val_mae=0.00248989 | peer_val_mse=0.02240843 peer_val_mae=0.09563191
[worker3/operator_burgers_fno_polish_fair_v2] [operator_burgers_fno_polish_fair_v2/fno_polish_hotspot_l003_w20_d80_160] [operator][epoch 106] lambda=0.0207 relay_stage=disabled relay_scale=1.000 relay_hotspot=0.0179 train_mse=0.00001104 val_mse=0.00000612 val_mae=0.00164644 | peer_val_mse=0.02240843 peer_val_mae=0.09563191
[worker3/operator_burgers_fno_polish_fair_v2] [operator_burgers_fno_polish_fair_v2/fno_polish_hotspot_l003_w20_d80_160] [operator][epoch 107] lambda=0.0204 relay_stage=disabled relay_scale=1.000 relay_hotspot=0.0290 train_mse=0.00002794 val_mse=0.00002257 val_mae=0.00338687 | peer_val_mse=0.02240843 peer_val_mae=0.09563191
[worker3/operator_burgers_fno_polish_fair_v2] [operator_burgers_fno_polish_fair_v2/fno_polish_hotspot_l003_w20_d80_160] [operator][epoch 108] lambda=0.0200 relay_stage=disabled relay_scale=1.000 relay_hotspot=0.0213 train_mse=0.00001644 val_mse=0.00005134 val_mae=0.00558753 | peer_val_mse=0.02240843 peer_val_mae=0.09563191
[worker3/operator_burgers_fno_polish_fair_v2] [operator_burgers_fno_polish_fair_v2/fno_polish_hotspot_l003_w20_d80_160] [operator][epoch 109] lambda=0.0197 relay_stage=disabled relay_scale=1.000 relay_hotspot=0.0266 train_mse=0.00002489 val_mse=0.00001820 val_mae=0.00320358 | peer_val_mse=0.02240843 peer_val_mae=0.09563191
[worker3/operator_burgers_fno_polish_fair_v2] [operator_burgers_fno_polish_fair_v2/fno_polish_hotspot_l003_w20_d80_160] [operator][epoch 110] lambda=0.0193 relay_stage=disabled relay_scale=1.000 relay_hotspot=0.0245 train_mse=0.00002044 val_mse=0.00003164 val_mae=0.00330716 | peer_val_mse=0.02240843 peer_val_mae=0.09563191
[worker3/operator_burgers_fno_polish_fair_v2] [operator_burgers_fno_polish_fair_v2/fno_polish_hotspot_l003_w20_d80_160] [operator][epoch 111] lambda=0.0190 relay_stage=disabled relay_scale=1.000 relay_hotspot=0.0241 train_mse=0.00001917 val_mse=0.00000575 val_mae=0.00153236 | peer_val_mse=0.02240843 peer_val_mae=0.09563191
[worker3/operator_burgers_fno_polish_fair_v2] [operator_burgers_fno_polish_fair_v2/fno_polish_hotspot_l003_w20_d80_160] [operator][epoch 112] lambda=0.0186 relay_stage=disabled relay_scale=1.000 relay_hotspot=0.0141 train_mse=0.00000670 val_mse=0.00000914 val_mae=0.00167783 | peer_val_mse=0.02240843 peer_val_mae=0.09563191
[worker3/operator_burgers_fno_polish_fair_v2] [operator_burgers_fno_polish_fair_v2/fno_polish_hotspot_l003_w20_d80_160] [operator][epoch 113] lambda=0.0182 relay_stage=disabled relay_scale=1.000 relay_hotspot=0.0146 train_mse=0.00000841 val_mse=0.00002225 val_mae=0.00310776 | peer_val_mse=0.02240843 peer_val_mae=0.09563191
[worker3/operator_burgers_fno_polish_fair_v2] [operator_burgers_fno_polish_fair_v2/fno_polish_hotspot_l003_w20_d80_160] [operator][epoch 114] lambda=0.0179 relay_stage=disabled relay_scale=1.000 relay_hotspot=0.0301 train_mse=0.00004084 val_mse=0.00008914 val_mae=0.00574781 | peer_val_mse=0.02240843 peer_val_mae=0.09563191
[worker3/operator_burgers_fno_polish_fair_v2] [operator_burgers_fno_polish_fair_v2/fno_polish_hotspot_l003_w20_d80_160] [operator][epoch 115] lambda=0.0175 relay_stage=disabled relay_scale=1.000 relay_hotspot=0.0561 train_mse=0.00010877 val_mse=0.00004638 val_mae=0.00518458 | peer_val_mse=0.02240843 peer_val_mae=0.09563191
[worker3/operator_burgers_fno_polish_fair_v2] [operator_burgers_fno_polish_fair_v2/fno_polish_hotspot_l003_w20_d80_160] [operator][epoch 116] lambda=0.0172 relay_stage=disabled relay_scale=1.000 relay_hotspot=0.0457 train_mse=0.00007626 val_mse=0.00006834 val_mae=0.00558577 | peer_val_mse=0.02240843 peer_val_mae=0.09563191
[worker3/operator_burgers_fno_polish_fair_v2] [operator_burgers_fno_polish_fair_v2/fno_polish_hotspot_l003_w20_d80_160] [operator][epoch 117] lambda=0.0168 relay_stage=disabled relay_scale=1.000 relay_hotspot=0.0380 train_mse=0.00005554 val_mse=0.00003155 val_mae=0.00353230 | peer_val_mse=0.02240843 peer_val_mae=0.09563191
[worker3/operator_burgers_fno_polish_fair_v2] [operator_burgers_fno_polish_fair_v2/fno_polish_hotspot_l003_w20_d80_160] [operator][epoch 118] lambda=0.0165 relay_stage=disabled relay_scale=1.000 relay_hotspot=0.0290 train_mse=0.00003231 val_mse=0.00001912 val_mae=0.00292756 | peer_val_mse=0.02240843 peer_val_mae=0.09563191
[worker3/operator_burgers_fno_polish_fair_v2] [operator_burgers_fno_polish_fair_v2/fno_polish_hotspot_l003_w20_d80_160] [operator][epoch 119] lambda=0.0161 relay_stage=disabled relay_scale=1.000 relay_hotspot=0.0196 train_mse=0.00001576 val_mse=0.00001071 val_mae=0.00234630 | peer_val_mse=0.02240843 peer_val_mae=0.09563191
[worker3/operator_burgers_fno_polish_fair_v2] [operator_burgers_fno_polish_fair_v2/fno_polish_hotspot_l003_w20_d80_160] [operator][epoch 120] lambda=0.0158 relay_stage=disabled relay_scale=1.000 relay_hotspot=0.0178 train_mse=0.00001055 val_mse=0.00000671 val_mae=0.00168860 | peer_val_mse=0.02240843 peer_val_mae=0.09563191
[worker3/operator_burgers_fno_polish_fair_v2] [operator_burgers_fno_polish_fair_v2/fno_polish_hotspot_l003_w20_d80_160] [operator][epoch 120] updated live plot
[worker3/operator_burgers_fno_polish_fair_v2] [operator_burgers_fno_polish_fair_v2/fno_polish_hotspot_l003_w20_d80_160] [operator][epoch 121] lambda=0.0154 relay_stage=disabled relay_scale=1.000 relay_hotspot=0.0128 train_mse=0.00000680 val_mse=0.00000702 val_mae=0.00177049 | peer_val_mse=0.02240843 peer_val_mae=0.09563191
[worker3/operator_burgers_fno_polish_fair_v2] [operator_burgers_fno_polish_fair_v2/fno_polish_hotspot_l003_w20_d80_160] [operator][epoch 122] lambda=0.0150 relay_stage=disabled relay_scale=1.000 relay_hotspot=0.0198 train_mse=0.00001325 val_mse=0.00001125 val_mae=0.00206286 | peer_val_mse=0.02240843 peer_val_mae=0.09563191
[worker3/operator_burgers_fno_polish_fair_v2] [operator_burgers_fno_polish_fair_v2/fno_polish_hotspot_l003_w20_d80_160] [operator][epoch 123] lambda=0.0147 relay_stage=disabled relay_scale=1.000 relay_hotspot=0.0154 train_mse=0.00000856 val_mse=0.00001068 val_mae=0.00228365 | peer_val_mse=0.02240843 peer_val_mae=0.09563191
[worker3/operator_burgers_fno_polish_fair_v2] [operator_burgers_fno_polish_fair_v2/fno_polish_hotspot_l003_w20_d80_160] [operator][epoch 124] lambda=0.0143 relay_stage=disabled relay_scale=1.000 relay_hotspot=0.0195 train_mse=0.00001361 val_mse=0.00000972 val_mae=0.00200891 | peer_val_mse=0.02240843 peer_val_mae=0.09563191
[worker3/operator_burgers_fno_polish_fair_v2] [operator_burgers_fno_polish_fair_v2/fno_polish_hotspot_l003_w20_d80_160] [operator][epoch 125] lambda=0.0140 relay_stage=disabled relay_scale=1.000 relay_hotspot=0.0201 train_mse=0.00001304 val_mse=0.00001117 val_mae=0.00206661 | peer_val_mse=0.02240843 peer_val_mae=0.09563191
[worker3/operator_burgers_fno_polish_fair_v2] [operator_burgers_fno_polish_fair_v2/fno_polish_hotspot_l003_w20_d80_160] [operator][epoch 126] lambda=0.0136 relay_stage=disabled relay_scale=1.000 relay_hotspot=0.0230 train_mse=0.00002177 val_mse=0.00004810 val_mae=0.00498178 | peer_val_mse=0.02240843 peer_val_mae=0.09563191
[worker3/operator_burgers_fno_polish_fair_v2] [operator_burgers_fno_polish_fair_v2/fno_polish_hotspot_l003_w20_d80_160] [operator][epoch 127] lambda=0.0133 relay_stage=disabled relay_scale=1.000 relay_hotspot=0.0288 train_mse=0.00002664 val_mse=0.00001287 val_mae=0.00249805 | peer_val_mse=0.02240843 peer_val_mae=0.09563191
[worker3/operator_burgers_fno_polish_fair_v2] [operator_burgers_fno_polish_fair_v2/fno_polish_hotspot_l003_w20_d80_160] [operator][epoch 128] lambda=0.0129 relay_stage=disabled relay_scale=1.000 relay_hotspot=0.0197 train_mse=0.00001323 val_mse=0.00000827 val_mae=0.00183798 | peer_val_mse=0.02240843 peer_val_mae=0.09563191
[worker3/operator_burgers_fno_polish_fair_v2] [operator_burgers_fno_polish_fair_v2/fno_polish_hotspot_l003_w20_d80_160] [operator][epoch 129] lambda=0.0125 relay_stage=disabled relay_scale=1.000 relay_hotspot=0.0151 train_mse=0.00000778 val_mse=0.00001650 val_mae=0.00250452 | peer_val_mse=0.02240843 peer_val_mae=0.09563191
[worker3/operator_burgers_fno_polish_fair_v2] [operator_burgers_fno_polish_fair_v2/fno_polish_hotspot_l003_w20_d80_160] [operator][epoch 130] lambda=0.0122 relay_stage=disabled relay_scale=1.000 relay_hotspot=0.0160 train_mse=0.00000944 val_mse=0.00000785 val_mae=0.00182884 | peer_val_mse=0.02240843 peer_val_mae=0.09563191
[worker3/operator_burgers_fno_polish_fair_v2] [operator_burgers_fno_polish_fair_v2/fno_polish_hotspot_l003_w20_d80_160] [operator][epoch 131] lambda=0.0118 relay_stage=disabled relay_scale=1.000 relay_hotspot=0.0142 train_mse=0.00000623 val_mse=0.00000816 val_mae=0.00210876 | peer_val_mse=0.02240843 peer_val_mae=0.09563191
[worker3/operator_burgers_fno_polish_fair_v2] [operator_burgers_fno_polish_fair_v2/fno_polish_hotspot_l003_w20_d80_160] [operator][epoch 132] lambda=0.0115 relay_stage=disabled relay_scale=1.000 relay_hotspot=0.0156 train_mse=0.00000836 val_mse=0.00001091 val_mae=0.00223166 | peer_val_mse=0.02240843 peer_val_mae=0.09563191
[worker3/operator_burgers_fno_polish_fair_v2] [operator_burgers_fno_polish_fair_v2/fno_polish_hotspot_l003_w20_d80_160] [operator][epoch 133] lambda=0.0111 relay_stage=disabled relay_scale=1.000 relay_hotspot=0.0142 train_mse=0.00000699 val_mse=0.00000587 val_mae=0.00164186 | peer_val_mse=0.02240843 peer_val_mae=0.09563191
[worker3/operator_burgers_fno_polish_fair_v2] [operator_burgers_fno_polish_fair_v2/fno_polish_hotspot_l003_w20_d80_160] [operator][epoch 134] lambda=0.0108 relay_stage=disabled relay_scale=1.000 relay_hotspot=0.0109 train_mse=0.00000413 val_mse=0.00000529 val_mae=0.00140116 | peer_val_mse=0.02240843 peer_val_mae=0.09563191
[worker3/operator_burgers_fno_polish_fair_v2] [operator_burgers_fno_polish_fair_v2/fno_polish_hotspot_l003_w20_d80_160] [operator][epoch 135] lambda=0.0104 relay_stage=disabled relay_scale=1.000 relay_hotspot=0.0140 train_mse=0.00000570 val_mse=0.00000698 val_mae=0.00176599 | peer_val_mse=0.02240843 peer_val_mae=0.09563191
[worker3/operator_burgers_fno_polish_fair_v2] [operator_burgers_fno_polish_fair_v2/fno_polish_hotspot_l003_w20_d80_160] [operator][epoch 136] lambda=0.0101 relay_stage=disabled relay_scale=1.000 relay_hotspot=0.0175 train_mse=0.00001008 val_mse=0.00001133 val_mae=0.00214441 | peer_val_mse=0.02240843 peer_val_mae=0.09563191
[worker3/operator_burgers_fno_polish_fair_v2] [operator_burgers_fno_polish_fair_v2/fno_polish_hotspot_l003_w20_d80_160] [operator][epoch 137] lambda=0.0097 relay_stage=disabled relay_scale=1.000 relay_hotspot=0.0124 train_mse=0.00000528 val_mse=0.00000506 val_mae=0.00133430 | peer_val_mse=0.02240843 peer_val_mae=0.09563191
[worker3/operator_burgers_fno_polish_fair_v2] [operator_burgers_fno_polish_fair_v2/fno_polish_hotspot_l003_w20_d80_160] [operator][epoch 138] lambda=0.0093 relay_stage=disabled relay_scale=1.000 relay_hotspot=0.0117 train_mse=0.00000453 val_mse=0.00000434 val_mae=0.00136870 | peer_val_mse=0.02240843 peer_val_mae=0.09563191
[worker3/operator_burgers_fno_polish_fair_v2] [operator_burgers_fno_polish_fair_v2/fno_polish_hotspot_l003_w20_d80_160] [operator][epoch 139] lambda=0.0090 relay_stage=disabled relay_scale=1.000 relay_hotspot=0.0151 train_mse=0.00000749 val_mse=0.00000732 val_mae=0.00177434 | peer_val_mse=0.02240843 peer_val_mae=0.09563191
[worker3/operator_burgers_fno_polish_fair_v2] [operator_burgers_fno_polish_fair_v2/fno_polish_hotspot_l003_w20_d80_160] [operator][epoch 140] lambda=0.0086 relay_stage=disabled relay_scale=1.000 relay_hotspot=0.0159 train_mse=0.00000920 val_mse=0.00001220 val_mae=0.00230008 | peer_val_mse=0.02240843 peer_val_mae=0.09563191
[worker3/operator_burgers_fno_polish_fair_v2] [operator_burgers_fno_polish_fair_v2/fno_polish_hotspot_l003_w20_d80_160] [operator][epoch 140] updated live plot
[worker3/operator_burgers_fno_polish_fair_v2] [operator_burgers_fno_polish_fair_v2/fno_polish_hotspot_l003_w20_d80_160] [operator][epoch 141] lambda=0.0083 relay_stage=disabled relay_scale=1.000 relay_hotspot=0.0261 train_mse=0.00002420 val_mse=0.00001333 val_mae=0.00226223 | peer_val_mse=0.02240843 peer_val_mae=0.09563191
[worker3/operator_burgers_fno_polish_fair_v2] [operator_burgers_fno_polish_fair_v2/fno_polish_hotspot_l003_w20_d80_160] [operator][epoch 142] lambda=0.0079 relay_stage=disabled relay_scale=1.000 relay_hotspot=0.0358 train_mse=0.00005237 val_mse=0.00008631 val_mae=0.00666407 | peer_val_mse=0.02240843 peer_val_mae=0.09563191
[worker3/operator_burgers_fno_polish_fair_v2] [operator_burgers_fno_polish_fair_v2/fno_polish_hotspot_l003_w20_d80_160] [operator][epoch 143] lambda=0.0076 relay_stage=disabled relay_scale=1.000 relay_hotspot=0.0955 train_mse=0.00032549 val_mse=0.00011204 val_mae=0.00768860 | peer_val_mse=0.02240843 peer_val_mae=0.09563191
[worker3/operator_burgers_fno_polish_fair_v2] [operator_burgers_fno_polish_fair_v2/fno_polish_hotspot_l003_w20_d80_160] [operator][epoch 144] lambda=0.0072 relay_stage=disabled relay_scale=1.000 relay_hotspot=0.0475 train_mse=0.00007992 val_mse=0.00002526 val_mae=0.00362399 | peer_val_mse=0.02240843 peer_val_mae=0.09563191
[worker3/operator_burgers_fno_polish_fair_v2] [operator_burgers_fno_polish_fair_v2/fno_polish_hotspot_l003_w20_d80_160] [operator][epoch 145] lambda=0.0068 relay_stage=disabled relay_scale=1.000 relay_hotspot=0.0250 train_mse=0.00002149 val_mse=0.00001156 val_mae=0.00234218 | peer_val_mse=0.02240843 peer_val_mae=0.09563191
[worker3/operator_burgers_fno_polish_fair_v2] [operator_burgers_fno_polish_fair_v2/fno_polish_hotspot_l003_w20_d80_160] [operator][epoch 146] lambda=0.0065 relay_stage=disabled relay_scale=1.000 relay_hotspot=0.0175 train_mse=0.00001041 val_mse=0.00000677 val_mae=0.00157969 | peer_val_mse=0.02240843 peer_val_mae=0.09563191
[worker3/operator_burgers_fno_polish_fair_v2] [operator_burgers_fno_polish_fair_v2/fno_polish_hotspot_l003_w20_d80_160] [operator][epoch 147] lambda=0.0061 relay_stage=disabled relay_scale=1.000 relay_hotspot=0.0122 train_mse=0.00000499 val_mse=0.00000706 val_mae=0.00164774 | peer_val_mse=0.02240843 peer_val_mae=0.09563191
[worker3/operator_burgers_fno_polish_fair_v2] [operator_burgers_fno_polish_fair_v2/fno_polish_hotspot_l003_w20_d80_160] [operator][epoch 148] lambda=0.0058 relay_stage=disabled relay_scale=1.000 relay_hotspot=0.0124 train_mse=0.00000521 val_mse=0.00000613 val_mae=0.00159758 | peer_val_mse=0.02240843 peer_val_mae=0.09563191
[worker3/operator_burgers_fno_polish_fair_v2] [operator_burgers_fno_polish_fair_v2/fno_polish_hotspot_l003_w20_d80_160] [operator][epoch 149] lambda=0.0054 relay_stage=disabled relay_scale=1.000 relay_hotspot=0.0115 train_mse=0.00000430 val_mse=0.00000668 val_mae=0.00163195 | peer_val_mse=0.02240843 peer_val_mae=0.09563191
[worker3/operator_burgers_fno_polish_fair_v2] [operator_burgers_fno_polish_fair_v2/fno_polish_hotspot_l003_w20_d80_160] [operator][epoch 150] lambda=0.0051 relay_stage=disabled relay_scale=1.000 relay_hotspot=0.0143 train_mse=0.00000638 val_mse=0.00000629 val_mae=0.00147892 | peer_val_mse=0.02240843 peer_val_mae=0.09563191
[worker3/operator_burgers_fno_polish_fair_v2] [operator_burgers_fno_polish_fair_v2/fno_polish_hotspot_l003_w20_d80_160] [operator][epoch 151] lambda=0.0047 relay_stage=disabled relay_scale=1.000 relay_hotspot=0.0129 train_mse=0.00000584 val_mse=0.00000599 val_mae=0.00148303 | peer_val_mse=0.02240843 peer_val_mae=0.09563191
[worker3/operator_burgers_fno_polish_fair_v2] [operator_burgers_fno_polish_fair_v2/fno_polish_hotspot_l003_w20_d80_160] [operator][epoch 152] lambda=0.0044 relay_stage=disabled relay_scale=1.000 relay_hotspot=0.0127 train_mse=0.00000564 val_mse=0.00000891 val_mae=0.00154517 | peer_val_mse=0.02240843 peer_val_mae=0.09563191
[worker3/operator_burgers_fno_polish_fair_v2] [operator_burgers_fno_polish_fair_v2/fno_polish_hotspot_l003_w20_d80_160] [operator][epoch 153] lambda=0.0040 relay_stage=disabled relay_scale=1.000 relay_hotspot=0.0147 train_mse=0.00000693 val_mse=0.00000679 val_mae=0.00190731 | peer_val_mse=0.02240843 peer_val_mae=0.09563191
[worker3/operator_burgers_fno_polish_fair_v2] [operator_burgers_fno_polish_fair_v2/fno_polish_hotspot_l003_w20_d80_160] [operator][epoch 154] lambda=0.0036 relay_stage=disabled relay_scale=1.000 relay_hotspot=0.0114 train_mse=0.00000397 val_mse=0.00000683 val_mae=0.00164898 | peer_val_mse=0.02240843 peer_val_mae=0.09563191
[worker3/operator_burgers_fno_polish_fair_v2] [operator_burgers_fno_polish_fair_v2/fno_polish_hotspot_l003_w20_d80_160] [operator][epoch 155] lambda=0.0033 relay_stage=disabled relay_scale=1.000 relay_hotspot=0.0147 train_mse=0.00000663 val_mse=0.00000547 val_mae=0.00147850 | peer_val_mse=0.02240843 peer_val_mae=0.09563191
[worker3/operator_burgers_fno_polish_fair_v2] [operator_burgers_fno_polish_fair_v2/fno_polish_hotspot_l003_w20_d80_160] [operator][epoch 156] lambda=0.0029 relay_stage=disabled relay_scale=1.000 relay_hotspot=0.0108 train_mse=0.00000406 val_mse=0.00000501 val_mae=0.00146167 | peer_val_mse=0.02240843 peer_val_mae=0.09563191
[worker3/operator_burgers_fno_polish_fair_v2] [operator_burgers_fno_polish_fair_v2/fno_polish_hotspot_l003_w20_d80_160] [operator][epoch 157] lambda=0.0026 relay_stage=disabled relay_scale=1.000 relay_hotspot=0.0110 train_mse=0.00000362 val_mse=0.00000701 val_mae=0.00179975 | peer_val_mse=0.02240843 peer_val_mae=0.09563191
[worker3/operator_burgers_fno_polish_fair_v2] [operator_burgers_fno_polish_fair_v2/fno_polish_hotspot_l003_w20_d80_160] [operator][epoch 158] lambda=0.0022 relay_stage=disabled relay_scale=1.000 relay_hotspot=0.0126 train_mse=0.00000549 val_mse=0.00000526 val_mae=0.00156745 | peer_val_mse=0.02240843 peer_val_mae=0.09563191
[worker3/operator_burgers_fno_polish_fair_v2] [operator_burgers_fno_polish_fair_v2/fno_polish_hotspot_l003_w20_d80_160] [operator][epoch 159] lambda=0.0019 relay_stage=disabled relay_scale=1.000 relay_hotspot=0.0131 train_mse=0.00000567 val_mse=0.00000554 val_mae=0.00139620 | peer_val_mse=0.02240843 peer_val_mae=0.09563191
[worker3/operator_burgers_fno_polish_fair_v2] [operator_burgers_fno_polish_fair_v2/fno_polish_hotspot_l003_w20_d80_160] [operator][epoch 160] lambda=0.0015 relay_stage=disabled relay_scale=1.000 relay_hotspot=0.0131 train_mse=0.00000499 val_mse=0.00000741 val_mae=0.00169689 | peer_val_mse=0.02240843 peer_val_mae=0.09563191
[worker3/operator_burgers_fno_polish_fair_v2] [operator_burgers_fno_polish_fair_v2/fno_polish_hotspot_l003_w20_d80_160] [operator][epoch 160] updated live plot
[worker3/operator_burgers_fno_polish_fair_v2] [operator_burgers_fno_polish_fair_v2/fno_polish_hotspot_l003_w20_d80_160] [operator][epoch 161] lambda=0.0015 relay_stage=disabled relay_scale=1.000 relay_hotspot=0.0140 train_mse=0.00000651 val_mse=0.00000666 val_mae=0.00168920 | peer_val_mse=0.02240843 peer_val_mae=0.09563191
[worker3/operator_burgers_fno_polish_fair_v2] [operator_burgers_fno_polish_fair_v2/fno_polish_hotspot_l003_w20_d80_160] [operator][epoch 162] lambda=0.0015 relay_stage=disabled relay_scale=1.000 relay_hotspot=0.0150 train_mse=0.00000711 val_mse=0.00000637 val_mae=0.00160085 | peer_val_mse=0.02240843 peer_val_mae=0.09563191
[worker3/operator_burgers_fno_polish_fair_v2] [operator_burgers_fno_polish_fair_v2/fno_polish_hotspot_l003_w20_d80_160] [operator][epoch 163] lambda=0.0015 relay_stage=disabled relay_scale=1.000 relay_hotspot=0.0124 train_mse=0.00000474 val_mse=0.00000454 val_mae=0.00141362 | peer_val_mse=0.02240843 peer_val_mae=0.09563191
[worker3/operator_burgers_fno_polish_fair_v2] [operator_burgers_fno_polish_fair_v2/fno_polish_hotspot_l003_w20_d80_160] [operator][epoch 164] lambda=0.0015 relay_stage=disabled relay_scale=1.000 relay_hotspot=0.0107 train_mse=0.00000346 val_mse=0.00001015 val_mae=0.00237528 | peer_val_mse=0.02240843 peer_val_mae=0.09563191
[worker3/operator_burgers_fno_polish_fair_v2] [operator_burgers_fno_polish_fair_v2/fno_polish_hotspot_l003_w20_d80_160] [operator][epoch 165] lambda=0.0015 relay_stage=disabled relay_scale=1.000 relay_hotspot=0.0172 train_mse=0.00000910 val_mse=0.00000818 val_mae=0.00191694 | peer_val_mse=0.02240843 peer_val_mae=0.09563191
[worker3/operator_burgers_fno_polish_fair_v2] [operator_burgers_fno_polish_fair_v2/fno_polish_hotspot_l003_w20_d80_160] [operator][epoch 166] lambda=0.0015 relay_stage=disabled relay_scale=1.000 relay_hotspot=0.0108 train_mse=0.00000334 val_mse=0.00000466 val_mae=0.00127089 | peer_val_mse=0.02240843 peer_val_mae=0.09563191
[worker3/operator_burgers_fno_polish_fair_v2] [operator_burgers_fno_polish_fair_v2/fno_polish_hotspot_l003_w20_d80_160] [operator][epoch 167] lambda=0.0015 relay_stage=disabled relay_scale=1.000 relay_hotspot=0.0121 train_mse=0.00000510 val_mse=0.00001994 val_mae=0.00308155 | peer_val_mse=0.02240843 peer_val_mae=0.09563191
[worker3/operator_burgers_fno_polish_fair_v2] [operator_burgers_fno_polish_fair_v2/fno_polish_hotspot_l003_w20_d80_160] [operator][epoch 168] lambda=0.0015 relay_stage=disabled relay_scale=1.000 relay_hotspot=0.0235 train_mse=0.00001874 val_mse=0.00001448 val_mae=0.00266702 | peer_val_mse=0.02240843 peer_val_mae=0.09563191
[worker3/operator_burgers_fno_polish_fair_v2] [operator_burgers_fno_polish_fair_v2/fno_polish_hotspot_l003_w20_d80_160] [operator][epoch 169] lambda=0.0015 relay_stage=disabled relay_scale=1.000 relay_hotspot=0.0279 train_mse=0.00002394 val_mse=0.00001007 val_mae=0.00226035 | peer_val_mse=0.02240843 peer_val_mae=0.09563191
[worker3/operator_burgers_fno_polish_fair_v2] [operator_burgers_fno_polish_fair_v2/fno_polish_hotspot_l003_w20_d80_160] [operator][epoch 170] lambda=0.0015 relay_stage=disabled relay_scale=1.000 relay_hotspot=0.0166 train_mse=0.00000934 val_mse=0.00001402 val_mae=0.00277213 | peer_val_mse=0.02240843 peer_val_mae=0.09563191
[worker3/operator_burgers_fno_polish_fair_v2] [operator_burgers_fno_polish_fair_v2/fno_polish_hotspot_l003_w20_d80_160] [operator][epoch 171] lambda=0.0015 relay_stage=disabled relay_scale=1.000 relay_hotspot=0.0220 train_mse=0.00001690 val_mse=0.00001690 val_mae=0.00240314 | peer_val_mse=0.02240843 peer_val_mae=0.09563191
[worker3/operator_burgers_fno_polish_fair_v2] [operator_burgers_fno_polish_fair_v2/fno_polish_hotspot_l003_w20_d80_160] [operator][epoch 172] lambda=0.0015 relay_stage=disabled relay_scale=1.000 relay_hotspot=0.0177 train_mse=0.00001047 val_mse=0.00001774 val_mae=0.00258629 | peer_val_mse=0.02240843 peer_val_mae=0.09563191
[worker3/operator_burgers_fno_polish_fair_v2] [operator_burgers_fno_polish_fair_v2/fno_polish_hotspot_l003_w20_d80_160] [operator][epoch 173] lambda=0.0015 relay_stage=disabled relay_scale=1.000 relay_hotspot=0.0299 train_mse=0.00003001 val_mse=0.00004564 val_mae=0.00491283 | peer_val_mse=0.02240843 peer_val_mae=0.09563191
[worker3/operator_burgers_fno_polish_fair_v2] [operator_burgers_fno_polish_fair_v2/fno_polish_hotspot_l003_w20_d80_160] [operator][epoch 174] lambda=0.0015 relay_stage=disabled relay_scale=1.000 relay_hotspot=0.0311 train_mse=0.00003478 val_mse=0.00008050 val_mae=0.00486389 | peer_val_mse=0.02240843 peer_val_mae=0.09563191
[worker3/operator_burgers_fno_polish_fair_v2] [operator_burgers_fno_polish_fair_v2/fno_polish_hotspot_l003_w20_d80_160] [operator][epoch 175] lambda=0.0015 relay_stage=disabled relay_scale=1.000 relay_hotspot=0.0461 train_mse=0.00007659 val_mse=0.00006769 val_mae=0.00553035 | peer_val_mse=0.02240843 peer_val_mae=0.09563191
[worker3/operator_burgers_fno_polish_fair_v2] [operator_burgers_fno_polish_fair_v2/fno_polish_hotspot_l003_w20_d80_160] [operator][epoch 176] lambda=0.0015 relay_stage=disabled relay_scale=1.000 relay_hotspot=0.0589 train_mse=0.00012015 val_mse=0.00006337 val_mae=0.00515257 | peer_val_mse=0.02240843 peer_val_mae=0.09563191
[worker3/operator_burgers_fno_polish_fair_v2] [operator_burgers_fno_polish_fair_v2/fno_polish_hotspot_l003_w20_d80_160] [operator][epoch 177] lambda=0.0015 relay_stage=disabled relay_scale=1.000 relay_hotspot=0.0391 train_mse=0.00005628 val_mse=0.00001394 val_mae=0.00230772 | peer_val_mse=0.02240843 peer_val_mae=0.09563191
[worker3/operator_burgers_fno_polish_fair_v2] [operator_burgers_fno_polish_fair_v2/fno_polish_hotspot_l003_w20_d80_160] [operator][epoch 178] lambda=0.0015 relay_stage=disabled relay_scale=1.000 relay_hotspot=0.0154 train_mse=0.00001038 val_mse=0.00002560 val_mae=0.00249357 | peer_val_mse=0.02240843 peer_val_mae=0.09563191
[worker3/operator_burgers_fno_polish_fair_v2] [operator_burgers_fno_polish_fair_v2/fno_polish_hotspot_l003_w20_d80_160] [operator][epoch 179] lambda=0.0015 relay_stage=disabled relay_scale=1.000 relay_hotspot=0.0170 train_mse=0.00001125 val_mse=0.00001019 val_mae=0.00212797 | peer_val_mse=0.02240843 peer_val_mae=0.09563191
[worker3/operator_burgers_fno_polish_fair_v2] [operator_burgers_fno_polish_fair_v2/fno_polish_hotspot_l003_w20_d80_160] [operator][epoch 180] lambda=0.0015 relay_stage=disabled relay_scale=1.000 relay_hotspot=0.0205 train_mse=0.00001328 val_mse=0.00000766 val_mae=0.00169152 | peer_val_mse=0.02240843 peer_val_mae=0.09563191
[worker3/operator_burgers_fno_polish_fair_v2] [operator_burgers_fno_polish_fair_v2/fno_polish_hotspot_l003_w20_d80_160] [operator][epoch 180] updated live plot
[worker3/operator_burgers_fno_polish_fair_v2] [operator_burgers_fno_polish_fair_v2/fno_polish_hotspot_l003_w20_d80_160] [operator] done
[worker3/operator_burgers_fno_polish_fair_v2] [operator_burgers_fno_polish_fair_v2/fno_polish_hotspot_l003_w20_d80_160] [operator] dataset=burgers pair=fno:deeponet method=ssml seed=1
[worker3/operator_burgers_fno_polish_fair_v2] [operator_burgers_fno_polish_fair_v2/fno_polish_hotspot_l003_w20_d80_160] [operator] loaded init_checkpoint=results/operator_burgers_followup_v1/burgers_l005_m0_w12_d60_120_ow1/operator/burgers/fno_independent_mse_seed1/model.pt
[worker3/operator_burgers_fno_polish_fair_v2] [operator_burgers_fno_polish_fair_v2/fno_polish_hotspot_l003_w20_d80_160] [operator] loaded peer_init_checkpoint=results/operator_burgers_followup_v1/burgers_l005_m0_w12_d60_120_ow1/operator/burgers/deeponet_independent_mse_seed1/model.pt
[worker3/operator_burgers_fno_polish_fair_v2] [operator_burgers_fno_polish_fair_v2/fno_polish_hotspot_l003_w20_d80_160] [operator] run_dir=results/operator_burgers_fno_polish_fair_v2/worker3_gpu0/fno_polish_hotspot_l003_w20_d80_160/operator/burgers/fno__deeponet_ssml_mse_seed1
[worker3/operator_burgers_fno_polish_fair_v2] [operator_burgers_fno_polish_fair_v2/fno_polish_hotspot_l003_w20_d80_160] [operator] params=279041
[worker3/operator_burgers_fno_polish_fair_v2] [operator_burgers_fno_polish_fair_v2/fno_polish_hotspot_l003_w20_d80_160] [operator] granularity=element student_only=True freeze_peer=True peer_updates_disabled=True relay_stage_epochs=(0, 0, 0) relay_hint_mode=hotspot relay_taper_schedule=linear
[worker3/operator_burgers_fno_polish_fair_v2] [operator_burgers_fno_polish_fair_v2/fno_polish_hotspot_l003_w20_d80_160] [operator][epoch 001] lambda=0.0000 relay_stage=disabled relay_scale=1.000 relay_hotspot=0.0596 train_mse=0.00030302 val_mse=0.00001695 val_mae=0.00266780 | peer_val_mse=0.02197969 peer_val_mae=0.10182286
[worker3/operator_burgers_fno_polish_fair_v2] [operator_burgers_fno_polish_fair_v2/fno_polish_hotspot_l003_w20_d80_160] [operator][epoch 002] lambda=0.0000 relay_stage=disabled relay_scale=1.000 relay_hotspot=0.0119 train_mse=0.00000765 val_mse=0.00000389 val_mae=0.00131674 | peer_val_mse=0.02197969 peer_val_mae=0.10182286
[worker3/operator_burgers_fno_polish_fair_v2] [operator_burgers_fno_polish_fair_v2/fno_polish_hotspot_l003_w20_d80_160] [operator][epoch 003] lambda=0.0000 relay_stage=disabled relay_scale=1.000 relay_hotspot=0.0083 train_mse=0.00000332 val_mse=0.00000463 val_mae=0.00133215 | peer_val_mse=0.02197969 peer_val_mae=0.10182286
[worker3/operator_burgers_fno_polish_fair_v2] [operator_burgers_fno_polish_fair_v2/fno_polish_hotspot_l003_w20_d80_160] [operator][epoch 004] lambda=0.0000 relay_stage=disabled relay_scale=1.000 relay_hotspot=0.0082 train_mse=0.00000309 val_mse=0.00000616 val_mae=0.00151786 | peer_val_mse=0.02197969 peer_val_mae=0.10182286
[worker3/operator_burgers_fno_polish_fair_v2] [operator_burgers_fno_polish_fair_v2/fno_polish_hotspot_l003_w20_d80_160] [operator][epoch 005] lambda=0.0000 relay_stage=disabled relay_scale=1.000 relay_hotspot=0.0119 train_mse=0.00000711 val_mse=0.00000719 val_mae=0.00180549 | peer_val_mse=0.02197969 peer_val_mae=0.10182286
[worker3/operator_burgers_fno_polish_fair_v2] [operator_burgers_fno_polish_fair_v2/fno_polish_hotspot_l003_w20_d80_160] [operator][epoch 006] lambda=0.0000 relay_stage=disabled relay_scale=1.000 relay_hotspot=0.0110 train_mse=0.00000586 val_mse=0.00000636 val_mae=0.00173183 | peer_val_mse=0.02197969 peer_val_mae=0.10182286
[worker3/operator_burgers_fno_polish_fair_v2] [operator_burgers_fno_polish_fair_v2/fno_polish_hotspot_l003_w20_d80_160] [operator][epoch 007] lambda=0.0000 relay_stage=disabled relay_scale=1.000 relay_hotspot=0.0102 train_mse=0.00000649 val_mse=0.00002030 val_mae=0.00286132 | peer_val_mse=0.02197969 peer_val_mae=0.10182286
[worker3/operator_burgers_fno_polish_fair_v2] [operator_burgers_fno_polish_fair_v2/fno_polish_hotspot_l003_w20_d80_160] [operator][epoch 008] lambda=0.0000 relay_stage=disabled relay_scale=1.000 relay_hotspot=0.0213 train_mse=0.00002302 val_mse=0.00001752 val_mae=0.00280868 | peer_val_mse=0.02197969 peer_val_mae=0.10182286
[worker3/operator_burgers_fno_polish_fair_v2] [operator_burgers_fno_polish_fair_v2/fno_polish_hotspot_l003_w20_d80_160] [operator][epoch 009] lambda=0.0000 relay_stage=disabled relay_scale=1.000 relay_hotspot=0.0218 train_mse=0.00002530 val_mse=0.00005467 val_mae=0.00342921 | peer_val_mse=0.02197969 peer_val_mae=0.10182286
[worker3/operator_burgers_fno_polish_fair_v2] [operator_burgers_fno_polish_fair_v2/fno_polish_hotspot_l003_w20_d80_160] [operator][epoch 010] lambda=0.0000 relay_stage=disabled relay_scale=1.000 relay_hotspot=0.0364 train_mse=0.00006203 val_mse=0.00002251 val_mae=0.00314847 | peer_val_mse=0.02197969 peer_val_mae=0.10182286
[worker3/operator_burgers_fno_polish_fair_v2] [operator_burgers_fno_polish_fair_v2/fno_polish_hotspot_l003_w20_d80_160] [operator][epoch 011] lambda=0.0000 relay_stage=disabled relay_scale=1.000 relay_hotspot=0.0265 train_mse=0.00003732 val_mse=0.00001503 val_mae=0.00279752 | peer_val_mse=0.02197969 peer_val_mae=0.10182286
[worker3/operator_burgers_fno_polish_fair_v2] [operator_burgers_fno_polish_fair_v2/fno_polish_hotspot_l003_w20_d80_160] [operator][epoch 012] lambda=0.0000 relay_stage=disabled relay_scale=1.000 relay_hotspot=0.0189 train_mse=0.00001901 val_mse=0.00001090 val_mae=0.00204384 | peer_val_mse=0.02197969 peer_val_mae=0.10182286
[worker3/operator_burgers_fno_polish_fair_v2] [operator_burgers_fno_polish_fair_v2/fno_polish_hotspot_l003_w20_d80_160] [operator][epoch 013] lambda=0.0000 relay_stage=disabled relay_scale=1.000 relay_hotspot=0.0146 train_mse=0.00001133 val_mse=0.00001584 val_mae=0.00276387 | peer_val_mse=0.02197969 peer_val_mae=0.10182286
[worker3/operator_burgers_fno_polish_fair_v2] [operator_burgers_fno_polish_fair_v2/fno_polish_hotspot_l003_w20_d80_160] [operator][epoch 014] lambda=0.0000 relay_stage=disabled relay_scale=1.000 relay_hotspot=0.0249 train_mse=0.00003384 val_mse=0.00001165 val_mae=0.00244427 | peer_val_mse=0.02197969 peer_val_mae=0.10182286
[worker3/operator_burgers_fno_polish_fair_v2] [operator_burgers_fno_polish_fair_v2/fno_polish_hotspot_l003_w20_d80_160] [operator][epoch 015] lambda=0.0000 relay_stage=disabled relay_scale=1.000 relay_hotspot=0.0203 train_mse=0.00002302 val_mse=0.00002416 val_mae=0.00348199 | peer_val_mse=0.02197969 peer_val_mae=0.10182286
[worker3/operator_burgers_fno_polish_fair_v2] [operator_burgers_fno_polish_fair_v2/fno_polish_hotspot_l003_w20_d80_160] [operator][epoch 016] lambda=0.0000 relay_stage=disabled relay_scale=1.000 relay_hotspot=0.0159 train_mse=0.00001221 val_mse=0.00000713 val_mae=0.00171541 | peer_val_mse=0.02197969 peer_val_mae=0.10182286
[worker3/operator_burgers_fno_polish_fair_v2] [operator_burgers_fno_polish_fair_v2/fno_polish_hotspot_l003_w20_d80_160] [operator][epoch 017] lambda=0.0000 relay_stage=disabled relay_scale=1.000 relay_hotspot=0.0152 train_mse=0.00001063 val_mse=0.00002943 val_mae=0.00318629 | peer_val_mse=0.02197969 peer_val_mae=0.10182286
[worker3/operator_burgers_fno_polish_fair_v2] [operator_burgers_fno_polish_fair_v2/fno_polish_hotspot_l003_w20_d80_160] [operator][epoch 018] lambda=0.0000 relay_stage=disabled relay_scale=1.000 relay_hotspot=0.0339 train_mse=0.00005439 val_mse=0.00002358 val_mae=0.00367716 | peer_val_mse=0.02197969 peer_val_mae=0.10182286
[worker3/operator_burgers_fno_polish_fair_v2] [operator_burgers_fno_polish_fair_v2/fno_polish_hotspot_l003_w20_d80_160] [operator][epoch 019] lambda=0.0000 relay_stage=disabled relay_scale=1.000 relay_hotspot=0.0436 train_mse=0.00009266 val_mse=0.00003664 val_mae=0.00415916 | peer_val_mse=0.02197969 peer_val_mae=0.10182286
[worker3/operator_burgers_fno_polish_fair_v2] [operator_burgers_fno_polish_fair_v2/fno_polish_hotspot_l003_w20_d80_160] [operator][epoch 020] lambda=0.0000 relay_stage=disabled relay_scale=1.000 relay_hotspot=0.0254 train_mse=0.00003423 val_mse=0.00001759 val_mae=0.00257373 | peer_val_mse=0.02197969 peer_val_mae=0.10182286
[worker3/operator_burgers_fno_polish_fair_v2] [operator_burgers_fno_polish_fair_v2/fno_polish_hotspot_l003_w20_d80_160] [operator][epoch 020] updated live plot
[worker3/operator_burgers_fno_polish_fair_v2] [operator_burgers_fno_polish_fair_v2/fno_polish_hotspot_l003_w20_d80_160] [operator][epoch 021] lambda=0.0300 relay_stage=disabled relay_scale=1.000 relay_hotspot=0.0192 train_mse=0.00002323 val_mse=0.00001626 val_mae=0.00282898 | peer_val_mse=0.02197969 peer_val_mae=0.10182286
[worker3/operator_burgers_fno_polish_fair_v2] [operator_burgers_fno_polish_fair_v2/fno_polish_hotspot_l003_w20_d80_160] [operator][epoch 022] lambda=0.0300 relay_stage=disabled relay_scale=1.000 relay_hotspot=0.0197 train_mse=0.00003404 val_mse=0.00008125 val_mae=0.00597816 | peer_val_mse=0.02197969 peer_val_mae=0.10182286
[worker3/operator_burgers_fno_polish_fair_v2] [operator_burgers_fno_polish_fair_v2/fno_polish_hotspot_l003_w20_d80_160] [operator][epoch 023] lambda=0.0300 relay_stage=disabled relay_scale=1.000 relay_hotspot=0.0538 train_mse=0.00016854 val_mse=0.00012924 val_mae=0.00749338 | peer_val_mse=0.02197969 peer_val_mae=0.10182286
[worker3/operator_burgers_fno_polish_fair_v2] [operator_burgers_fno_polish_fair_v2/fno_polish_hotspot_l003_w20_d80_160] [operator][epoch 024] lambda=0.0300 relay_stage=disabled relay_scale=1.000 relay_hotspot=0.0327 train_mse=0.00005513 val_mse=0.00002384 val_mae=0.00362495 | peer_val_mse=0.02197969 peer_val_mae=0.10182286
[worker3/operator_burgers_fno_polish_fair_v2] [operator_burgers_fno_polish_fair_v2/fno_polish_hotspot_l003_w20_d80_160] [operator][epoch 025] lambda=0.0300 relay_stage=disabled relay_scale=1.000 relay_hotspot=0.0194 train_mse=0.00001972 val_mse=0.00001174 val_mae=0.00227953 | peer_val_mse=0.02197969 peer_val_mae=0.10182286
[worker3/operator_burgers_fno_polish_fair_v2] [operator_burgers_fno_polish_fair_v2/fno_polish_hotspot_l003_w20_d80_160] [operator][epoch 026] lambda=0.0300 relay_stage=disabled relay_scale=1.000 relay_hotspot=0.0213 train_mse=0.00002886 val_mse=0.00001632 val_mae=0.00259752 | peer_val_mse=0.02197969 peer_val_mae=0.10182286
[worker3/operator_burgers_fno_polish_fair_v2] [operator_burgers_fno_polish_fair_v2/fno_polish_hotspot_l003_w20_d80_160] [operator][epoch 027] lambda=0.0300 relay_stage=disabled relay_scale=1.000 relay_hotspot=0.0181 train_mse=0.00001830 val_mse=0.00002193 val_mae=0.00315011 | peer_val_mse=0.02197969 peer_val_mae=0.10182286
[worker3/operator_burgers_fno_polish_fair_v2] [operator_burgers_fno_polish_fair_v2/fno_polish_hotspot_l003_w20_d80_160] [operator][epoch 028] lambda=0.0300 relay_stage=disabled relay_scale=1.000 relay_hotspot=0.0172 train_mse=0.00001768 val_mse=0.00001558 val_mae=0.00277676 | peer_val_mse=0.02197969 peer_val_mae=0.10182286
[worker3/operator_burgers_fno_polish_fair_v2] [operator_burgers_fno_polish_fair_v2/fno_polish_hotspot_l003_w20_d80_160] [operator][epoch 029] lambda=0.0300 relay_stage=disabled relay_scale=1.000 relay_hotspot=0.0174 train_mse=0.00001691 val_mse=0.00001690 val_mae=0.00283662 | peer_val_mse=0.02197969 peer_val_mae=0.10182286
[worker3/operator_burgers_fno_polish_fair_v2] [operator_burgers_fno_polish_fair_v2/fno_polish_hotspot_l003_w20_d80_160] [operator][epoch 030] lambda=0.0300 relay_stage=disabled relay_scale=1.000 relay_hotspot=0.0142 train_mse=0.00001083 val_mse=0.00000746 val_mae=0.00197181 | peer_val_mse=0.02197969 peer_val_mae=0.10182286
[worker3/operator_burgers_fno_polish_fair_v2] [operator_burgers_fno_polish_fair_v2/fno_polish_hotspot_l003_w20_d80_160] [operator][epoch 031] lambda=0.0300 relay_stage=disabled relay_scale=1.000 relay_hotspot=0.0149 train_mse=0.00001162 val_mse=0.00001268 val_mae=0.00253495 | peer_val_mse=0.02197969 peer_val_mae=0.10182286
[worker3/operator_burgers_fno_polish_fair_v2] [operator_burgers_fno_polish_fair_v2/fno_polish_hotspot_l003_w20_d80_160] [operator][epoch 032] lambda=0.0300 relay_stage=disabled relay_scale=1.000 relay_hotspot=0.0166 train_mse=0.00001511 val_mse=0.00000885 val_mae=0.00181198 | peer_val_mse=0.02197969 peer_val_mae=0.10182286
[worker3/operator_burgers_fno_polish_fair_v2] [operator_burgers_fno_polish_fair_v2/fno_polish_hotspot_l003_w20_d80_160] [operator][epoch 033] lambda=0.0300 relay_stage=disabled relay_scale=1.000 relay_hotspot=0.0193 train_mse=0.00001988 val_mse=0.00001475 val_mae=0.00274158 | peer_val_mse=0.02197969 peer_val_mae=0.10182286
[worker3/operator_burgers_fno_polish_fair_v2] [operator_burgers_fno_polish_fair_v2/fno_polish_hotspot_l003_w20_d80_160] [operator][epoch 034] lambda=0.0300 relay_stage=disabled relay_scale=1.000 relay_hotspot=0.0187 train_mse=0.00001685 val_mse=0.00001594 val_mae=0.00305263 | peer_val_mse=0.02197969 peer_val_mae=0.10182286
[worker3/operator_burgers_fno_polish_fair_v2] [operator_burgers_fno_polish_fair_v2/fno_polish_hotspot_l003_w20_d80_160] [operator][epoch 035] lambda=0.0300 relay_stage=disabled relay_scale=1.000 relay_hotspot=0.0148 train_mse=0.00001062 val_mse=0.00000755 val_mae=0.00181542 | peer_val_mse=0.02197969 peer_val_mae=0.10182286
[worker3/operator_burgers_fno_polish_fair_v2] [operator_burgers_fno_polish_fair_v2/fno_polish_hotspot_l003_w20_d80_160] [operator][epoch 036] lambda=0.0300 relay_stage=disabled relay_scale=1.000 relay_hotspot=0.0132 train_mse=0.00000871 val_mse=0.00000551 val_mae=0.00137122 | peer_val_mse=0.02197969 peer_val_mae=0.10182286
[worker3/operator_burgers_fno_polish_fair_v2] [operator_burgers_fno_polish_fair_v2/fno_polish_hotspot_l003_w20_d80_160] [operator][epoch 037] lambda=0.0300 relay_stage=disabled relay_scale=1.000 relay_hotspot=0.0136 train_mse=0.00000901 val_mse=0.00000751 val_mae=0.00197929 | peer_val_mse=0.02197969 peer_val_mae=0.10182286
[worker3/operator_burgers_fno_polish_fair_v2] [operator_burgers_fno_polish_fair_v2/fno_polish_hotspot_l003_w20_d80_160] [operator][epoch 038] lambda=0.0300 relay_stage=disabled relay_scale=1.000 relay_hotspot=0.0151 train_mse=0.00001011 val_mse=0.00000803 val_mae=0.00198438 | peer_val_mse=0.02197969 peer_val_mae=0.10182286
[worker3/operator_burgers_fno_polish_fair_v2] [operator_burgers_fno_polish_fair_v2/fno_polish_hotspot_l003_w20_d80_160] [operator][epoch 039] lambda=0.0300 relay_stage=disabled relay_scale=1.000 relay_hotspot=0.0207 train_mse=0.00002302 val_mse=0.00003405 val_mae=0.00418962 | peer_val_mse=0.02197969 peer_val_mae=0.10182286
[worker3/operator_burgers_fno_polish_fair_v2] [operator_burgers_fno_polish_fair_v2/fno_polish_hotspot_l003_w20_d80_160] [operator][epoch 040] lambda=0.0300 relay_stage=disabled relay_scale=1.000 relay_hotspot=0.0213 train_mse=0.00002299 val_mse=0.00001339 val_mae=0.00261890 | peer_val_mse=0.02197969 peer_val_mae=0.10182286
[worker3/operator_burgers_fno_polish_fair_v2] [operator_burgers_fno_polish_fair_v2/fno_polish_hotspot_l003_w20_d80_160] [operator][epoch 040] updated live plot
[worker3/operator_burgers_fno_polish_fair_v2] [operator_burgers_fno_polish_fair_v2/fno_polish_hotspot_l003_w20_d80_160] [operator][epoch 041] lambda=0.0300 relay_stage=disabled relay_scale=1.000 relay_hotspot=0.0189 train_mse=0.00001762 val_mse=0.00002268 val_mae=0.00381584 | peer_val_mse=0.02197969 peer_val_mae=0.10182286
[worker3/operator_burgers_fno_polish_fair_v2] [operator_burgers_fno_polish_fair_v2/fno_polish_hotspot_l003_w20_d80_160] [operator][epoch 042] lambda=0.0300 relay_stage=disabled relay_scale=1.000 relay_hotspot=0.0176 train_mse=0.00001404 val_mse=0.00001563 val_mae=0.00286189 | peer_val_mse=0.02197969 peer_val_mae=0.10182286
[worker3/operator_burgers_fno_polish_fair_v2] [operator_burgers_fno_polish_fair_v2/fno_polish_hotspot_l003_w20_d80_160] [operator][epoch 043] lambda=0.0300 relay_stage=disabled relay_scale=1.000 relay_hotspot=0.0280 train_mse=0.00003530 val_mse=0.00004090 val_mae=0.00496304 | peer_val_mse=0.02197969 peer_val_mae=0.10182286
[worker3/operator_burgers_fno_polish_fair_v2] [operator_burgers_fno_polish_fair_v2/fno_polish_hotspot_l003_w20_d80_160] [operator][epoch 044] lambda=0.0300 relay_stage=disabled relay_scale=1.000 relay_hotspot=0.0397 train_mse=0.00008542 val_mse=0.00006724 val_mae=0.00675297 | peer_val_mse=0.02197969 peer_val_mae=0.10182286
[worker3/operator_burgers_fno_polish_fair_v2] [operator_burgers_fno_polish_fair_v2/fno_polish_hotspot_l003_w20_d80_160] [operator][epoch 045] lambda=0.0300 relay_stage=disabled relay_scale=1.000 relay_hotspot=0.0673 train_mse=0.00022687 val_mse=0.00009712 val_mae=0.00757227 | peer_val_mse=0.02197969 peer_val_mae=0.10182286
[worker3/operator_burgers_fno_polish_fair_v2] [operator_burgers_fno_polish_fair_v2/fno_polish_hotspot_l003_w20_d80_160] [operator][epoch 046] lambda=0.0300 relay_stage=disabled relay_scale=1.000 relay_hotspot=0.0253 train_mse=0.00003329 val_mse=0.00001736 val_mae=0.00306064 | peer_val_mse=0.02197969 peer_val_mae=0.10182286
[worker3/operator_burgers_fno_polish_fair_v2] [operator_burgers_fno_polish_fair_v2/fno_polish_hotspot_l003_w20_d80_160] [operator][epoch 047] lambda=0.0300 relay_stage=disabled relay_scale=1.000 relay_hotspot=0.0187 train_mse=0.00001913 val_mse=0.00001494 val_mae=0.00272318 | peer_val_mse=0.02197969 peer_val_mae=0.10182286
[worker3/operator_burgers_fno_polish_fair_v2] [operator_burgers_fno_polish_fair_v2/fno_polish_hotspot_l003_w20_d80_160] [operator][epoch 048] lambda=0.0300 relay_stage=disabled relay_scale=1.000 relay_hotspot=0.0139 train_mse=0.00001047 val_mse=0.00000870 val_mae=0.00174247 | peer_val_mse=0.02197969 peer_val_mae=0.10182286
[worker3/operator_burgers_fno_polish_fair_v2] [operator_burgers_fno_polish_fair_v2/fno_polish_hotspot_l003_w20_d80_160] [operator][epoch 049] lambda=0.0300 relay_stage=disabled relay_scale=1.000 relay_hotspot=0.0160 train_mse=0.00001489 val_mse=0.00000827 val_mae=0.00186534 | peer_val_mse=0.02197969 peer_val_mae=0.10182286
[worker3/operator_burgers_fno_polish_fair_v2] [operator_burgers_fno_polish_fair_v2/fno_polish_hotspot_l003_w20_d80_160] [operator][epoch 050] lambda=0.0300 relay_stage=disabled relay_scale=1.000 relay_hotspot=0.0136 train_mse=0.00001039 val_mse=0.00000635 val_mae=0.00160840 | peer_val_mse=0.02197969 peer_val_mae=0.10182286
[worker3/operator_burgers_fno_polish_fair_v2] [operator_burgers_fno_polish_fair_v2/fno_polish_hotspot_l003_w20_d80_160] [operator][epoch 051] lambda=0.0300 relay_stage=disabled relay_scale=1.000 relay_hotspot=0.0145 train_mse=0.00001295 val_mse=0.00000759 val_mae=0.00175302 | peer_val_mse=0.02197969 peer_val_mae=0.10182286
[worker3/operator_burgers_fno_polish_fair_v2] [operator_burgers_fno_polish_fair_v2/fno_polish_hotspot_l003_w20_d80_160] [operator][epoch 052] lambda=0.0300 relay_stage=disabled relay_scale=1.000 relay_hotspot=0.0272 train_mse=0.00004716 val_mse=0.00002516 val_mae=0.00371116 | peer_val_mse=0.02197969 peer_val_mae=0.10182286
[worker3/operator_burgers_fno_polish_fair_v2] [operator_burgers_fno_polish_fair_v2/fno_polish_hotspot_l003_w20_d80_160] [operator][epoch 053] lambda=0.0300 relay_stage=disabled relay_scale=1.000 relay_hotspot=0.0197 train_mse=0.00002120 val_mse=0.00001194 val_mae=0.00192260 | peer_val_mse=0.02197969 peer_val_mae=0.10182286
[worker3/operator_burgers_fno_polish_fair_v2] [operator_burgers_fno_polish_fair_v2/fno_polish_hotspot_l003_w20_d80_160] [operator][epoch 054] lambda=0.0300 relay_stage=disabled relay_scale=1.000 relay_hotspot=0.0170 train_mse=0.00001614 val_mse=0.00002112 val_mae=0.00348672 | peer_val_mse=0.02197969 peer_val_mae=0.10182286
[worker3/operator_burgers_fno_polish_fair_v2] [operator_burgers_fno_polish_fair_v2/fno_polish_hotspot_l003_w20_d80_160] [operator][epoch 055] lambda=0.0300 relay_stage=disabled relay_scale=1.000 relay_hotspot=0.0170 train_mse=0.00001564 val_mse=0.00000939 val_mae=0.00212205 | peer_val_mse=0.02197969 peer_val_mae=0.10182286
[worker3/operator_burgers_fno_polish_fair_v2] [operator_burgers_fno_polish_fair_v2/fno_polish_hotspot_l003_w20_d80_160] [operator][epoch 056] lambda=0.0300 relay_stage=disabled relay_scale=1.000 relay_hotspot=0.0158 train_mse=0.00001521 val_mse=0.00001238 val_mae=0.00275781 | peer_val_mse=0.02197969 peer_val_mae=0.10182286
[worker3/operator_burgers_fno_polish_fair_v2] [operator_burgers_fno_polish_fair_v2/fno_polish_hotspot_l003_w20_d80_160] [operator][epoch 057] lambda=0.0300 relay_stage=disabled relay_scale=1.000 relay_hotspot=0.0185 train_mse=0.00001609 val_mse=0.00000871 val_mae=0.00218027 | peer_val_mse=0.02197969 peer_val_mae=0.10182286
[worker3/operator_burgers_fno_polish_fair_v2] [operator_burgers_fno_polish_fair_v2/fno_polish_hotspot_l003_w20_d80_160] [operator][epoch 058] lambda=0.0300 relay_stage=disabled relay_scale=1.000 relay_hotspot=0.0152 train_mse=0.00001285 val_mse=0.00002328 val_mae=0.00388962 | peer_val_mse=0.02197969 peer_val_mae=0.10182286
[worker3/operator_burgers_fno_polish_fair_v2] [operator_burgers_fno_polish_fair_v2/fno_polish_hotspot_l003_w20_d80_160] [operator][epoch 059] lambda=0.0300 relay_stage=disabled relay_scale=1.000 relay_hotspot=0.0295 train_mse=0.00004774 val_mse=0.00002665 val_mae=0.00378773 | peer_val_mse=0.02197969 peer_val_mae=0.10182286
[worker3/operator_burgers_fno_polish_fair_v2] [operator_burgers_fno_polish_fair_v2/fno_polish_hotspot_l003_w20_d80_160] [operator][epoch 060] lambda=0.0300 relay_stage=disabled relay_scale=1.000 relay_hotspot=0.0321 train_mse=0.00005601 val_mse=0.00002573 val_mae=0.00397927 | peer_val_mse=0.02197969 peer_val_mae=0.10182286
[worker3/operator_burgers_fno_polish_fair_v2] [operator_burgers_fno_polish_fair_v2/fno_polish_hotspot_l003_w20_d80_160] [operator][epoch 060] updated live plot
[worker3/operator_burgers_fno_polish_fair_v2] [operator_burgers_fno_polish_fair_v2/fno_polish_hotspot_l003_w20_d80_160] [operator][epoch 061] lambda=0.0300 relay_stage=disabled relay_scale=1.000 relay_hotspot=0.0266 train_mse=0.00003916 val_mse=0.00004460 val_mae=0.00521798 | peer_val_mse=0.02197969 peer_val_mae=0.10182286
[worker3/operator_burgers_fno_polish_fair_v2] [operator_burgers_fno_polish_fair_v2/fno_polish_hotspot_l003_w20_d80_160] [operator][epoch 062] lambda=0.0300 relay_stage=disabled relay_scale=1.000 relay_hotspot=0.0462 train_mse=0.00012880 val_mse=0.00007526 val_mae=0.00643597 | peer_val_mse=0.02197969 peer_val_mae=0.10182286
[worker3/operator_burgers_fno_polish_fair_v2] [operator_burgers_fno_polish_fair_v2/fno_polish_hotspot_l003_w20_d80_160] [operator][epoch 063] lambda=0.0300 relay_stage=disabled relay_scale=1.000 relay_hotspot=0.0518 train_mse=0.00014186 val_mse=0.00016366 val_mae=0.00988125 | peer_val_mse=0.02197969 peer_val_mae=0.10182286
[worker3/operator_burgers_fno_polish_fair_v2] [operator_burgers_fno_polish_fair_v2/fno_polish_hotspot_l003_w20_d80_160] [operator][epoch 064] lambda=0.0300 relay_stage=disabled relay_scale=1.000 relay_hotspot=0.0491 train_mse=0.00012511 val_mse=0.00004462 val_mae=0.00462767 | peer_val_mse=0.02197969 peer_val_mae=0.10182286
[worker3/operator_burgers_fno_polish_fair_v2] [operator_burgers_fno_polish_fair_v2/fno_polish_hotspot_l003_w20_d80_160] [operator][epoch 065] lambda=0.0300 relay_stage=disabled relay_scale=1.000 relay_hotspot=0.0321 train_mse=0.00006129 val_mse=0.00004048 val_mae=0.00416377 | peer_val_mse=0.02197969 peer_val_mae=0.10182286
[worker3/operator_burgers_fno_polish_fair_v2] [operator_burgers_fno_polish_fair_v2/fno_polish_hotspot_l003_w20_d80_160] [operator][epoch 066] lambda=0.0300 relay_stage=disabled relay_scale=1.000 relay_hotspot=0.0271 train_mse=0.00003832 val_mse=0.00003870 val_mae=0.00471018 | peer_val_mse=0.02197969 peer_val_mae=0.10182286
[worker3/operator_burgers_fno_polish_fair_v2] [operator_burgers_fno_polish_fair_v2/fno_polish_hotspot_l003_w20_d80_160] [operator][epoch 067] lambda=0.0300 relay_stage=disabled relay_scale=1.000 relay_hotspot=0.0179 train_mse=0.00001916 val_mse=0.00001799 val_mae=0.00268549 | peer_val_mse=0.02197969 peer_val_mae=0.10182286
[worker3/operator_burgers_fno_polish_fair_v2] [operator_burgers_fno_polish_fair_v2/fno_polish_hotspot_l003_w20_d80_160] [operator][epoch 068] lambda=0.0300 relay_stage=disabled relay_scale=1.000 relay_hotspot=0.0122 train_mse=0.00000817 val_mse=0.00000577 val_mae=0.00158405 | peer_val_mse=0.02197969 peer_val_mae=0.10182286
[worker3/operator_burgers_fno_polish_fair_v2] [operator_burgers_fno_polish_fair_v2/fno_polish_hotspot_l003_w20_d80_160] [operator][epoch 069] lambda=0.0300 relay_stage=disabled relay_scale=1.000 relay_hotspot=0.0086 train_mse=0.00000363 val_mse=0.00000583 val_mae=0.00155802 | peer_val_mse=0.02197969 peer_val_mae=0.10182286
[worker3/operator_burgers_fno_polish_fair_v2] [operator_burgers_fno_polish_fair_v2/fno_polish_hotspot_l003_w20_d80_160] [operator][epoch 070] lambda=0.0300 relay_stage=disabled relay_scale=1.000 relay_hotspot=0.0114 train_mse=0.00000646 val_mse=0.00000564 val_mae=0.00158399 | peer_val_mse=0.02197969 peer_val_mae=0.10182286
[worker3/operator_burgers_fno_polish_fair_v2] [operator_burgers_fno_polish_fair_v2/fno_polish_hotspot_l003_w20_d80_160] [operator][epoch 071] lambda=0.0300 relay_stage=disabled relay_scale=1.000 relay_hotspot=0.0086 train_mse=0.00000370 val_mse=0.00000566 val_mae=0.00165791 | peer_val_mse=0.02197969 peer_val_mae=0.10182286
[worker3/operator_burgers_fno_polish_fair_v2] [operator_burgers_fno_polish_fair_v2/fno_polish_hotspot_l003_w20_d80_160] [operator][epoch 072] lambda=0.0300 relay_stage=disabled relay_scale=1.000 relay_hotspot=0.0075 train_mse=0.00000294 val_mse=0.00000400 val_mae=0.00122687 | peer_val_mse=0.02197969 peer_val_mae=0.10182286
[worker3/operator_burgers_fno_polish_fair_v2] [operator_burgers_fno_polish_fair_v2/fno_polish_hotspot_l003_w20_d80_160] [operator][epoch 073] lambda=0.0300 relay_stage=disabled relay_scale=1.000 relay_hotspot=0.0069 train_mse=0.00000227 val_mse=0.00000374 val_mae=0.00125175 | peer_val_mse=0.02197969 peer_val_mae=0.10182286
[worker3/operator_burgers_fno_polish_fair_v2] [operator_burgers_fno_polish_fair_v2/fno_polish_hotspot_l003_w20_d80_160] [operator][epoch 074] lambda=0.0300 relay_stage=disabled relay_scale=1.000 relay_hotspot=0.0084 train_mse=0.00000327 val_mse=0.00000422 val_mae=0.00114394 | peer_val_mse=0.02197969 peer_val_mae=0.10182286
[worker3/operator_burgers_fno_polish_fair_v2] [operator_burgers_fno_polish_fair_v2/fno_polish_hotspot_l003_w20_d80_160] [operator][epoch 075] lambda=0.0300 relay_stage=disabled relay_scale=1.000 relay_hotspot=0.0091 train_mse=0.00000409 val_mse=0.00000517 val_mae=0.00153997 | peer_val_mse=0.02197969 peer_val_mae=0.10182286
[worker3/operator_burgers_fno_polish_fair_v2] [operator_burgers_fno_polish_fair_v2/fno_polish_hotspot_l003_w20_d80_160] [operator][epoch 076] lambda=0.0300 relay_stage=disabled relay_scale=1.000 relay_hotspot=0.0088 train_mse=0.00000348 val_mse=0.00000413 val_mae=0.00118578 | peer_val_mse=0.02197969 peer_val_mae=0.10182286
[worker3/operator_burgers_fno_polish_fair_v2] [operator_burgers_fno_polish_fair_v2/fno_polish_hotspot_l003_w20_d80_160] [operator][epoch 077] lambda=0.0300 relay_stage=disabled relay_scale=1.000 relay_hotspot=0.0074 train_mse=0.00000267 val_mse=0.00000434 val_mae=0.00139683 | peer_val_mse=0.02197969 peer_val_mae=0.10182286
[worker3/operator_burgers_fno_polish_fair_v2] [operator_burgers_fno_polish_fair_v2/fno_polish_hotspot_l003_w20_d80_160] [operator][epoch 078] lambda=0.0300 relay_stage=disabled relay_scale=1.000 relay_hotspot=0.0089 train_mse=0.00000376 val_mse=0.00000505 val_mae=0.00135477 | peer_val_mse=0.02197969 peer_val_mae=0.10182286
[worker3/operator_burgers_fno_polish_fair_v2] [operator_burgers_fno_polish_fair_v2/fno_polish_hotspot_l003_w20_d80_160] [operator][epoch 079] lambda=0.0300 relay_stage=disabled relay_scale=1.000 relay_hotspot=0.0130 train_mse=0.00000734 val_mse=0.00000817 val_mae=0.00188832 | peer_val_mse=0.02197969 peer_val_mae=0.10182286
[worker3/operator_burgers_fno_polish_fair_v2] [operator_burgers_fno_polish_fair_v2/fno_polish_hotspot_l003_w20_d80_160] [operator][epoch 080] lambda=0.0300 relay_stage=disabled relay_scale=1.000 relay_hotspot=0.0085 train_mse=0.00000369 val_mse=0.00000541 val_mae=0.00159007 | peer_val_mse=0.02197969 peer_val_mae=0.10182286
[worker3/operator_burgers_fno_polish_fair_v2] [operator_burgers_fno_polish_fair_v2/fno_polish_hotspot_l003_w20_d80_160] [operator][epoch 080] updated live plot
[worker3/operator_burgers_fno_polish_fair_v2] [operator_burgers_fno_polish_fair_v2/fno_polish_hotspot_l003_w20_d80_160] [operator][epoch 081] lambda=0.0296 relay_stage=disabled relay_scale=1.000 relay_hotspot=0.0080 train_mse=0.00000305 val_mse=0.00000587 val_mae=0.00140929 | peer_val_mse=0.02197969 peer_val_mae=0.10182286
[worker3/operator_burgers_fno_polish_fair_v2] [operator_burgers_fno_polish_fair_v2/fno_polish_hotspot_l003_w20_d80_160] [operator][epoch 082] lambda=0.0293 relay_stage=disabled relay_scale=1.000 relay_hotspot=0.0318 train_mse=0.00008834 val_mse=0.00013104 val_mae=0.00863398 | peer_val_mse=0.02197969 peer_val_mae=0.10182286
[worker3/operator_burgers_fno_polish_fair_v2] [operator_burgers_fno_polish_fair_v2/fno_polish_hotspot_l003_w20_d80_160] [operator][epoch 083] lambda=0.0289 relay_stage=disabled relay_scale=1.000 relay_hotspot=0.0479 train_mse=0.00011038 val_mse=0.00013843 val_mae=0.00782212 | peer_val_mse=0.02197969 peer_val_mae=0.10182286
[worker3/operator_burgers_fno_polish_fair_v2] [operator_burgers_fno_polish_fair_v2/fno_polish_hotspot_l003_w20_d80_160] [operator][epoch 084] lambda=0.0286 relay_stage=disabled relay_scale=1.000 relay_hotspot=0.0270 train_mse=0.00004056 val_mse=0.00003178 val_mae=0.00354786 | peer_val_mse=0.02197969 peer_val_mae=0.10182286
[worker3/operator_burgers_fno_polish_fair_v2] [operator_burgers_fno_polish_fair_v2/fno_polish_hotspot_l003_w20_d80_160] [operator][epoch 085] lambda=0.0282 relay_stage=disabled relay_scale=1.000 relay_hotspot=0.0159 train_mse=0.00001444 val_mse=0.00001250 val_mae=0.00263734 | peer_val_mse=0.02197969 peer_val_mae=0.10182286
[worker3/operator_burgers_fno_polish_fair_v2] [operator_burgers_fno_polish_fair_v2/fno_polish_hotspot_l003_w20_d80_160] [operator][epoch 086] lambda=0.0279 relay_stage=disabled relay_scale=1.000 relay_hotspot=0.0182 train_mse=0.00001856 val_mse=0.00000859 val_mae=0.00214036 | peer_val_mse=0.02197969 peer_val_mae=0.10182286
[worker3/operator_burgers_fno_polish_fair_v2] [operator_burgers_fno_polish_fair_v2/fno_polish_hotspot_l003_w20_d80_160] [operator][epoch 087] lambda=0.0275 relay_stage=disabled relay_scale=1.000 relay_hotspot=0.0135 train_mse=0.00000998 val_mse=0.00001998 val_mae=0.00321402 | peer_val_mse=0.02197969 peer_val_mae=0.10182286
[worker3/operator_burgers_fno_polish_fair_v2] [operator_burgers_fno_polish_fair_v2/fno_polish_hotspot_l003_w20_d80_160] [operator][epoch 088] lambda=0.0272 relay_stage=disabled relay_scale=1.000 relay_hotspot=0.0145 train_mse=0.00001125 val_mse=0.00001584 val_mae=0.00264502 | peer_val_mse=0.02197969 peer_val_mae=0.10182286
[worker3/operator_burgers_fno_polish_fair_v2] [operator_burgers_fno_polish_fair_v2/fno_polish_hotspot_l003_w20_d80_160] [operator][epoch 089] lambda=0.0268 relay_stage=disabled relay_scale=1.000 relay_hotspot=0.0165 train_mse=0.00001294 val_mse=0.00001127 val_mae=0.00240684 | peer_val_mse=0.02197969 peer_val_mae=0.10182286
[worker3/operator_burgers_fno_polish_fair_v2] [operator_burgers_fno_polish_fair_v2/fno_polish_hotspot_l003_w20_d80_160] [operator][epoch 090] lambda=0.0264 relay_stage=disabled relay_scale=1.000 relay_hotspot=0.0115 train_mse=0.00000696 val_mse=0.00000716 val_mae=0.00170927 | peer_val_mse=0.02197969 peer_val_mae=0.10182286
[worker3/operator_burgers_fno_polish_fair_v2] [operator_burgers_fno_polish_fair_v2/fno_polish_hotspot_l003_w20_d80_160] [operator][epoch 091] lambda=0.0261 relay_stage=disabled relay_scale=1.000 relay_hotspot=0.0214 train_mse=0.00002244 val_mse=0.00000764 val_mae=0.00177171 | peer_val_mse=0.02197969 peer_val_mae=0.10182286
[worker3/operator_burgers_fno_polish_fair_v2] [operator_burgers_fno_polish_fair_v2/fno_polish_hotspot_l003_w20_d80_160] [operator][epoch 092] lambda=0.0257 relay_stage=disabled relay_scale=1.000 relay_hotspot=0.0119 train_mse=0.00000733 val_mse=0.00000714 val_mae=0.00198737 | peer_val_mse=0.02197969 peer_val_mae=0.10182286
[worker3/operator_burgers_fno_polish_fair_v2] [operator_burgers_fno_polish_fair_v2/fno_polish_hotspot_l003_w20_d80_160] [operator][epoch 093] lambda=0.0254 relay_stage=disabled relay_scale=1.000 relay_hotspot=0.0085 train_mse=0.00000382 val_mse=0.00000498 val_mae=0.00148690 | peer_val_mse=0.02197969 peer_val_mae=0.10182286
[worker3/operator_burgers_fno_polish_fair_v2] [operator_burgers_fno_polish_fair_v2/fno_polish_hotspot_l003_w20_d80_160] [operator][epoch 094] lambda=0.0250 relay_stage=disabled relay_scale=1.000 relay_hotspot=0.0130 train_mse=0.00000765 val_mse=0.00000760 val_mae=0.00179602 | peer_val_mse=0.02197969 peer_val_mae=0.10182286
[worker3/operator_burgers_fno_polish_fair_v2] [operator_burgers_fno_polish_fair_v2/fno_polish_hotspot_l003_w20_d80_160] [operator][epoch 095] lambda=0.0247 relay_stage=disabled relay_scale=1.000 relay_hotspot=0.0097 train_mse=0.00000529 val_mse=0.00000382 val_mae=0.00122096 | peer_val_mse=0.02197969 peer_val_mae=0.10182286
[worker3/operator_burgers_fno_polish_fair_v2] [operator_burgers_fno_polish_fair_v2/fno_polish_hotspot_l003_w20_d80_160] [operator][epoch 096] lambda=0.0243 relay_stage=disabled relay_scale=1.000 relay_hotspot=0.0120 train_mse=0.00000801 val_mse=0.00000619 val_mae=0.00166783 | peer_val_mse=0.02197969 peer_val_mae=0.10182286
[worker3/operator_burgers_fno_polish_fair_v2] [operator_burgers_fno_polish_fair_v2/fno_polish_hotspot_l003_w20_d80_160] [operator][epoch 097] lambda=0.0239 relay_stage=disabled relay_scale=1.000 relay_hotspot=0.0107 train_mse=0.00000531 val_mse=0.00000599 val_mae=0.00146923 | peer_val_mse=0.02197969 peer_val_mae=0.10182286
[worker3/operator_burgers_fno_polish_fair_v2] [operator_burgers_fno_polish_fair_v2/fno_polish_hotspot_l003_w20_d80_160] [operator][epoch 098] lambda=0.0236 relay_stage=disabled relay_scale=1.000 relay_hotspot=0.0128 train_mse=0.00000774 val_mse=0.00000361 val_mae=0.00114460 | peer_val_mse=0.02197969 peer_val_mae=0.10182286
[worker3/operator_burgers_fno_polish_fair_v2] [operator_burgers_fno_polish_fair_v2/fno_polish_hotspot_l003_w20_d80_160] [operator][epoch 099] lambda=0.0232 relay_stage=disabled relay_scale=1.000 relay_hotspot=0.0088 train_mse=0.00000393 val_mse=0.00000447 val_mae=0.00130457 | peer_val_mse=0.02197969 peer_val_mae=0.10182286
[worker3/operator_burgers_fno_polish_fair_v2] [operator_burgers_fno_polish_fair_v2/fno_polish_hotspot_l003_w20_d80_160] [operator][epoch 100] lambda=0.0229 relay_stage=disabled relay_scale=1.000 relay_hotspot=0.0101 train_mse=0.00000573 val_mse=0.00000644 val_mae=0.00182778 | peer_val_mse=0.02197969 peer_val_mae=0.10182286
[worker3/operator_burgers_fno_polish_fair_v2] [operator_burgers_fno_polish_fair_v2/fno_polish_hotspot_l003_w20_d80_160] [operator][epoch 100] updated live plot
[worker3/operator_burgers_fno_polish_fair_v2] [operator_burgers_fno_polish_fair_v2/fno_polish_hotspot_l003_w20_d80_160] [operator][epoch 101] lambda=0.0225 relay_stage=disabled relay_scale=1.000 relay_hotspot=0.0098 train_mse=0.00000436 val_mse=0.00000480 val_mae=0.00136468 | peer_val_mse=0.02197969 peer_val_mae=0.10182286
[worker3/operator_burgers_fno_polish_fair_v2] [operator_burgers_fno_polish_fair_v2/fno_polish_hotspot_l003_w20_d80_160] [operator][epoch 102] lambda=0.0222 relay_stage=disabled relay_scale=1.000 relay_hotspot=0.0108 train_mse=0.00000589 val_mse=0.00000734 val_mae=0.00172950 | peer_val_mse=0.02197969 peer_val_mae=0.10182286
[worker3/operator_burgers_fno_polish_fair_v2] [operator_burgers_fno_polish_fair_v2/fno_polish_hotspot_l003_w20_d80_160] [operator][epoch 103] lambda=0.0218 relay_stage=disabled relay_scale=1.000 relay_hotspot=0.0144 train_mse=0.00001093 val_mse=0.00000677 val_mae=0.00178587 | peer_val_mse=0.02197969 peer_val_mae=0.10182286
[worker3/operator_burgers_fno_polish_fair_v2] [operator_burgers_fno_polish_fair_v2/fno_polish_hotspot_l003_w20_d80_160] [operator][epoch 104] lambda=0.0215 relay_stage=disabled relay_scale=1.000 relay_hotspot=0.0180 train_mse=0.00001849 val_mse=0.00003544 val_mae=0.00482306 | peer_val_mse=0.02197969 peer_val_mae=0.10182286
[worker3/operator_burgers_fno_polish_fair_v2] [operator_burgers_fno_polish_fair_v2/fno_polish_hotspot_l003_w20_d80_160] [operator][epoch 105] lambda=0.0211 relay_stage=disabled relay_scale=1.000 relay_hotspot=0.0237 train_mse=0.00002464 val_mse=0.00002686 val_mae=0.00393506 | peer_val_mse=0.02197969 peer_val_mae=0.10182286
[worker3/operator_burgers_fno_polish_fair_v2] [operator_burgers_fno_polish_fair_v2/fno_polish_hotspot_l003_w20_d80_160] [operator][epoch 106] lambda=0.0207 relay_stage=disabled relay_scale=1.000 relay_hotspot=0.0274 train_mse=0.00004041 val_mse=0.00002818 val_mae=0.00399391 | peer_val_mse=0.02197969 peer_val_mae=0.10182286
[worker3/operator_burgers_fno_polish_fair_v2] [operator_burgers_fno_polish_fair_v2/fno_polish_hotspot_l003_w20_d80_160] [operator][epoch 107] lambda=0.0204 relay_stage=disabled relay_scale=1.000 relay_hotspot=0.0496 train_mse=0.00011932 val_mse=0.00005631 val_mae=0.00586917 | peer_val_mse=0.02197969 peer_val_mae=0.10182286
[worker3/operator_burgers_fno_polish_fair_v2] [operator_burgers_fno_polish_fair_v2/fno_polish_hotspot_l003_w20_d80_160] [operator][epoch 108] lambda=0.0200 relay_stage=disabled relay_scale=1.000 relay_hotspot=0.0386 train_mse=0.00008818 val_mse=0.00002992 val_mae=0.00409613 | peer_val_mse=0.02197969 peer_val_mae=0.10182286
[worker3/operator_burgers_fno_polish_fair_v2] [operator_burgers_fno_polish_fair_v2/fno_polish_hotspot_l003_w20_d80_160] [operator][epoch 109] lambda=0.0197 relay_stage=disabled relay_scale=1.000 relay_hotspot=0.0312 train_mse=0.00006526 val_mse=0.00004474 val_mae=0.00481067 | peer_val_mse=0.02197969 peer_val_mae=0.10182286
[worker3/operator_burgers_fno_polish_fair_v2] [operator_burgers_fno_polish_fair_v2/fno_polish_hotspot_l003_w20_d80_160] [operator][epoch 110] lambda=0.0193 relay_stage=disabled relay_scale=1.000 relay_hotspot=0.0319 train_mse=0.00006176 val_mse=0.00003620 val_mae=0.00431980 | peer_val_mse=0.02197969 peer_val_mae=0.10182286
[worker3/operator_burgers_fno_polish_fair_v2] [operator_burgers_fno_polish_fair_v2/fno_polish_hotspot_l003_w20_d80_160] [operator][epoch 111] lambda=0.0190 relay_stage=disabled relay_scale=1.000 relay_hotspot=0.0274 train_mse=0.00004193 val_mse=0.00002147 val_mae=0.00333857 | peer_val_mse=0.02197969 peer_val_mae=0.10182286
[worker3/operator_burgers_fno_polish_fair_v2] [operator_burgers_fno_polish_fair_v2/fno_polish_hotspot_l003_w20_d80_160] [operator][epoch 112] lambda=0.0186 relay_stage=disabled relay_scale=1.000 relay_hotspot=0.0213 train_mse=0.00002342 val_mse=0.00001522 val_mae=0.00301967 | peer_val_mse=0.02197969 peer_val_mae=0.10182286
[worker3/operator_burgers_fno_polish_fair_v2] [operator_burgers_fno_polish_fair_v2/fno_polish_hotspot_l003_w20_d80_160] [operator][epoch 113] lambda=0.0182 relay_stage=disabled relay_scale=1.000 relay_hotspot=0.0183 train_mse=0.00001838 val_mse=0.00001564 val_mae=0.00271804 | peer_val_mse=0.02197969 peer_val_mae=0.10182286
[worker3/operator_burgers_fno_polish_fair_v2] [operator_burgers_fno_polish_fair_v2/fno_polish_hotspot_l003_w20_d80_160] [operator][epoch 114] lambda=0.0179 relay_stage=disabled relay_scale=1.000 relay_hotspot=0.0135 train_mse=0.00000926 val_mse=0.00000735 val_mae=0.00184050 | peer_val_mse=0.02197969 peer_val_mae=0.10182286
[worker3/operator_burgers_fno_polish_fair_v2] [operator_burgers_fno_polish_fair_v2/fno_polish_hotspot_l003_w20_d80_160] [operator][epoch 115] lambda=0.0175 relay_stage=disabled relay_scale=1.000 relay_hotspot=0.0106 train_mse=0.00000589 val_mse=0.00000807 val_mae=0.00204812 | peer_val_mse=0.02197969 peer_val_mae=0.10182286
[worker3/operator_burgers_fno_polish_fair_v2] [operator_burgers_fno_polish_fair_v2/fno_polish_hotspot_l003_w20_d80_160] [operator][epoch 116] lambda=0.0172 relay_stage=disabled relay_scale=1.000 relay_hotspot=0.0104 train_mse=0.00000509 val_mse=0.00000386 val_mae=0.00125115 | peer_val_mse=0.02197969 peer_val_mae=0.10182286
[worker3/operator_burgers_fno_polish_fair_v2] [operator_burgers_fno_polish_fair_v2/fno_polish_hotspot_l003_w20_d80_160] [operator][epoch 117] lambda=0.0168 relay_stage=disabled relay_scale=1.000 relay_hotspot=0.0072 train_mse=0.00000267 val_mse=0.00000343 val_mae=0.00111324 | peer_val_mse=0.02197969 peer_val_mae=0.10182286
[worker3/operator_burgers_fno_polish_fair_v2] [operator_burgers_fno_polish_fair_v2/fno_polish_hotspot_l003_w20_d80_160] [operator][epoch 118] lambda=0.0165 relay_stage=disabled relay_scale=1.000 relay_hotspot=0.0075 train_mse=0.00000298 val_mse=0.00000609 val_mae=0.00149499 | peer_val_mse=0.02197969 peer_val_mae=0.10182286
[worker3/operator_burgers_fno_polish_fair_v2] [operator_burgers_fno_polish_fair_v2/fno_polish_hotspot_l003_w20_d80_160] [operator][epoch 119] lambda=0.0161 relay_stage=disabled relay_scale=1.000 relay_hotspot=0.0092 train_mse=0.00000415 val_mse=0.00000560 val_mae=0.00165779 | peer_val_mse=0.02197969 peer_val_mae=0.10182286
[worker3/operator_burgers_fno_polish_fair_v2] [operator_burgers_fno_polish_fair_v2/fno_polish_hotspot_l003_w20_d80_160] [operator][epoch 120] lambda=0.0158 relay_stage=disabled relay_scale=1.000 relay_hotspot=0.0081 train_mse=0.00000301 val_mse=0.00000324 val_mae=0.00115760 | peer_val_mse=0.02197969 peer_val_mae=0.10182286
[worker3/operator_burgers_fno_polish_fair_v2] [operator_burgers_fno_polish_fair_v2/fno_polish_hotspot_l003_w20_d80_160] [operator][epoch 120] updated live plot
[worker3/operator_burgers_fno_polish_fair_v2] [operator_burgers_fno_polish_fair_v2/fno_polish_hotspot_l003_w20_d80_160] [operator][epoch 121] lambda=0.0154 relay_stage=disabled relay_scale=1.000 relay_hotspot=0.0081 train_mse=0.00000313 val_mse=0.00000517 val_mae=0.00151319 | peer_val_mse=0.02197969 peer_val_mae=0.10182286
[worker3/operator_burgers_fno_polish_fair_v2] [operator_burgers_fno_polish_fair_v2/fno_polish_hotspot_l003_w20_d80_160] [operator][epoch 122] lambda=0.0150 relay_stage=disabled relay_scale=1.000 relay_hotspot=0.0081 train_mse=0.00000347 val_mse=0.00000724 val_mae=0.00181865 | peer_val_mse=0.02197969 peer_val_mae=0.10182286
[worker3/operator_burgers_fno_polish_fair_v2] [operator_burgers_fno_polish_fair_v2/fno_polish_hotspot_l003_w20_d80_160] [operator][epoch 123] lambda=0.0147 relay_stage=disabled relay_scale=1.000 relay_hotspot=0.0128 train_mse=0.00000769 val_mse=0.00000854 val_mae=0.00217738 | peer_val_mse=0.02197969 peer_val_mae=0.10182286
[worker3/operator_burgers_fno_polish_fair_v2] [operator_burgers_fno_polish_fair_v2/fno_polish_hotspot_l003_w20_d80_160] [operator][epoch 124] lambda=0.0143 relay_stage=disabled relay_scale=1.000 relay_hotspot=0.0135 train_mse=0.00000936 val_mse=0.00003004 val_mae=0.00474853 | peer_val_mse=0.02197969 peer_val_mae=0.10182286
[worker3/operator_burgers_fno_polish_fair_v2] [operator_burgers_fno_polish_fair_v2/fno_polish_hotspot_l003_w20_d80_160] [operator][epoch 125] lambda=0.0140 relay_stage=disabled relay_scale=1.000 relay_hotspot=0.0207 train_mse=0.00001882 val_mse=0.00000746 val_mae=0.00188174 | peer_val_mse=0.02197969 peer_val_mae=0.10182286
[worker3/operator_burgers_fno_polish_fair_v2] [operator_burgers_fno_polish_fair_v2/fno_polish_hotspot_l003_w20_d80_160] [operator][epoch 126] lambda=0.0136 relay_stage=disabled relay_scale=1.000 relay_hotspot=0.0097 train_mse=0.00000441 val_mse=0.00000536 val_mae=0.00160118 | peer_val_mse=0.02197969 peer_val_mae=0.10182286
[worker3/operator_burgers_fno_polish_fair_v2] [operator_burgers_fno_polish_fair_v2/fno_polish_hotspot_l003_w20_d80_160] [operator][epoch 127] lambda=0.0133 relay_stage=disabled relay_scale=1.000 relay_hotspot=0.0135 train_mse=0.00000991 val_mse=0.00001083 val_mae=0.00241589 | peer_val_mse=0.02197969 peer_val_mae=0.10182286
[worker3/operator_burgers_fno_polish_fair_v2] [operator_burgers_fno_polish_fair_v2/fno_polish_hotspot_l003_w20_d80_160] [operator][epoch 128] lambda=0.0129 relay_stage=disabled relay_scale=1.000 relay_hotspot=0.0248 train_mse=0.00002976 val_mse=0.00002310 val_mae=0.00367443 | peer_val_mse=0.02197969 peer_val_mae=0.10182286
[worker3/operator_burgers_fno_polish_fair_v2] [operator_burgers_fno_polish_fair_v2/fno_polish_hotspot_l003_w20_d80_160] [operator][epoch 129] lambda=0.0125 relay_stage=disabled relay_scale=1.000 relay_hotspot=0.0242 train_mse=0.00002952 val_mse=0.00001408 val_mae=0.00276371 | peer_val_mse=0.02197969 peer_val_mae=0.10182286
[worker3/operator_burgers_fno_polish_fair_v2] [operator_burgers_fno_polish_fair_v2/fno_polish_hotspot_l003_w20_d80_160] [operator][epoch 130] lambda=0.0122 relay_stage=disabled relay_scale=1.000 relay_hotspot=0.0205 train_mse=0.00002089 val_mse=0.00000865 val_mae=0.00205341 | peer_val_mse=0.02197969 peer_val_mae=0.10182286
[worker3/operator_burgers_fno_polish_fair_v2] [operator_burgers_fno_polish_fair_v2/fno_polish_hotspot_l003_w20_d80_160] [operator][epoch 131] lambda=0.0118 relay_stage=disabled relay_scale=1.000 relay_hotspot=0.0169 train_mse=0.00001391 val_mse=0.00001317 val_mae=0.00262104 | peer_val_mse=0.02197969 peer_val_mae=0.10182286
[worker3/operator_burgers_fno_polish_fair_v2] [operator_burgers_fno_polish_fair_v2/fno_polish_hotspot_l003_w20_d80_160] [operator][epoch 132] lambda=0.0115 relay_stage=disabled relay_scale=1.000 relay_hotspot=0.0116 train_mse=0.00000664 val_mse=0.00000669 val_mae=0.00182186 | peer_val_mse=0.02197969 peer_val_mae=0.10182286
[worker3/operator_burgers_fno_polish_fair_v2] [operator_burgers_fno_polish_fair_v2/fno_polish_hotspot_l003_w20_d80_160] [operator][epoch 133] lambda=0.0111 relay_stage=disabled relay_scale=1.000 relay_hotspot=0.0146 train_mse=0.00001069 val_mse=0.00001415 val_mae=0.00273072 | peer_val_mse=0.02197969 peer_val_mae=0.10182286
[worker3/operator_burgers_fno_polish_fair_v2] [operator_burgers_fno_polish_fair_v2/fno_polish_hotspot_l003_w20_d80_160] [operator][epoch 134] lambda=0.0108 relay_stage=disabled relay_scale=1.000 relay_hotspot=0.0235 train_mse=0.00003345 val_mse=0.00003314 val_mae=0.00338388 | peer_val_mse=0.02197969 peer_val_mae=0.10182286
[worker3/operator_burgers_fno_polish_fair_v2] [operator_burgers_fno_polish_fair_v2/fno_polish_hotspot_l003_w20_d80_160] [operator][epoch 135] lambda=0.0104 relay_stage=disabled relay_scale=1.000 relay_hotspot=0.0339 train_mse=0.00006185 val_mse=0.00003044 val_mae=0.00418900 | peer_val_mse=0.02197969 peer_val_mae=0.10182286
[worker3/operator_burgers_fno_polish_fair_v2] [operator_burgers_fno_polish_fair_v2/fno_polish_hotspot_l003_w20_d80_160] [operator][epoch 136] lambda=0.0101 relay_stage=disabled relay_scale=1.000 relay_hotspot=0.0247 train_mse=0.00003147 val_mse=0.00002912 val_mae=0.00417712 | peer_val_mse=0.02197969 peer_val_mae=0.10182286
[worker3/operator_burgers_fno_polish_fair_v2] [operator_burgers_fno_polish_fair_v2/fno_polish_hotspot_l003_w20_d80_160] [operator][epoch 137] lambda=0.0097 relay_stage=disabled relay_scale=1.000 relay_hotspot=0.0225 train_mse=0.00002539 val_mse=0.00001968 val_mae=0.00322812 | peer_val_mse=0.02197969 peer_val_mae=0.10182286
[worker3/operator_burgers_fno_polish_fair_v2] [operator_burgers_fno_polish_fair_v2/fno_polish_hotspot_l003_w20_d80_160] [operator][epoch 138] lambda=0.0093 relay_stage=disabled relay_scale=1.000 relay_hotspot=0.0368 train_mse=0.00009081 val_mse=0.00006408 val_mae=0.00538039 | peer_val_mse=0.02197969 peer_val_mae=0.10182286
[worker3/operator_burgers_fno_polish_fair_v2] [operator_burgers_fno_polish_fair_v2/fno_polish_hotspot_l003_w20_d80_160] [operator][epoch 139] lambda=0.0090 relay_stage=disabled relay_scale=1.000 relay_hotspot=0.0270 train_mse=0.00004249 val_mse=0.00001943 val_mae=0.00291537 | peer_val_mse=0.02197969 peer_val_mae=0.10182286
[worker3/operator_burgers_fno_polish_fair_v2] [operator_burgers_fno_polish_fair_v2/fno_polish_hotspot_l003_w20_d80_160] [operator][epoch 140] lambda=0.0086 relay_stage=disabled relay_scale=1.000 relay_hotspot=0.0240 train_mse=0.00003489 val_mse=0.00002576 val_mae=0.00374835 | peer_val_mse=0.02197969 peer_val_mae=0.10182286
[worker3/operator_burgers_fno_polish_fair_v2] [operator_burgers_fno_polish_fair_v2/fno_polish_hotspot_l003_w20_d80_160] [operator][epoch 140] updated live plot
[worker3/operator_burgers_fno_polish_fair_v2] [operator_burgers_fno_polish_fair_v2/fno_polish_hotspot_l003_w20_d80_160] [operator][epoch 141] lambda=0.0083 relay_stage=disabled relay_scale=1.000 relay_hotspot=0.0194 train_mse=0.00001926 val_mse=0.00001446 val_mae=0.00231872 | peer_val_mse=0.02197969 peer_val_mae=0.10182286
[worker3/operator_burgers_fno_polish_fair_v2] [operator_burgers_fno_polish_fair_v2/fno_polish_hotspot_l003_w20_d80_160] [operator][epoch 142] lambda=0.0079 relay_stage=disabled relay_scale=1.000 relay_hotspot=0.0184 train_mse=0.00001784 val_mse=0.00001019 val_mae=0.00229805 | peer_val_mse=0.02197969 peer_val_mae=0.10182286
[worker3/operator_burgers_fno_polish_fair_v2] [operator_burgers_fno_polish_fair_v2/fno_polish_hotspot_l003_w20_d80_160] [operator][epoch 143] lambda=0.0076 relay_stage=disabled relay_scale=1.000 relay_hotspot=0.0125 train_mse=0.00000715 val_mse=0.00000909 val_mae=0.00198427 | peer_val_mse=0.02197969 peer_val_mae=0.10182286
[worker3/operator_burgers_fno_polish_fair_v2] [operator_burgers_fno_polish_fair_v2/fno_polish_hotspot_l003_w20_d80_160] [operator][epoch 144] lambda=0.0072 relay_stage=disabled relay_scale=1.000 relay_hotspot=0.0131 train_mse=0.00000713 val_mse=0.00000726 val_mae=0.00193148 | peer_val_mse=0.02197969 peer_val_mae=0.10182286
[worker3/operator_burgers_fno_polish_fair_v2] [operator_burgers_fno_polish_fair_v2/fno_polish_hotspot_l003_w20_d80_160] [operator][epoch 145] lambda=0.0068 relay_stage=disabled relay_scale=1.000 relay_hotspot=0.0198 train_mse=0.00001836 val_mse=0.00001576 val_mae=0.00273934 | peer_val_mse=0.02197969 peer_val_mae=0.10182286
[worker3/operator_burgers_fno_polish_fair_v2] [operator_burgers_fno_polish_fair_v2/fno_polish_hotspot_l003_w20_d80_160] [operator][epoch 146] lambda=0.0065 relay_stage=disabled relay_scale=1.000 relay_hotspot=0.0147 train_mse=0.00000971 val_mse=0.00001408 val_mae=0.00256305 | peer_val_mse=0.02197969 peer_val_mae=0.10182286
[worker3/operator_burgers_fno_polish_fair_v2] [operator_burgers_fno_polish_fair_v2/fno_polish_hotspot_l003_w20_d80_160] [operator][epoch 147] lambda=0.0061 relay_stage=disabled relay_scale=1.000 relay_hotspot=0.0140 train_mse=0.00000877 val_mse=0.00000697 val_mae=0.00171166 | peer_val_mse=0.02197969 peer_val_mae=0.10182286
[worker3/operator_burgers_fno_polish_fair_v2] [operator_burgers_fno_polish_fair_v2/fno_polish_hotspot_l003_w20_d80_160] [operator][epoch 148] lambda=0.0058 relay_stage=disabled relay_scale=1.000 relay_hotspot=0.0123 train_mse=0.00000828 val_mse=0.00001053 val_mae=0.00206531 | peer_val_mse=0.02197969 peer_val_mae=0.10182286
[worker3/operator_burgers_fno_polish_fair_v2] [operator_burgers_fno_polish_fair_v2/fno_polish_hotspot_l003_w20_d80_160] [operator][epoch 149] lambda=0.0054 relay_stage=disabled relay_scale=1.000 relay_hotspot=0.0095 train_mse=0.00000450 val_mse=0.00000607 val_mae=0.00145148 | peer_val_mse=0.02197969 peer_val_mae=0.10182286
[worker3/operator_burgers_fno_polish_fair_v2] [operator_burgers_fno_polish_fair_v2/fno_polish_hotspot_l003_w20_d80_160] [operator][epoch 150] lambda=0.0051 relay_stage=disabled relay_scale=1.000 relay_hotspot=0.0132 train_mse=0.00000801 val_mse=0.00001170 val_mae=0.00261698 | peer_val_mse=0.02197969 peer_val_mae=0.10182286
[worker3/operator_burgers_fno_polish_fair_v2] [operator_burgers_fno_polish_fair_v2/fno_polish_hotspot_l003_w20_d80_160] [operator][epoch 151] lambda=0.0047 relay_stage=disabled relay_scale=1.000 relay_hotspot=0.0123 train_mse=0.00000745 val_mse=0.00000600 val_mae=0.00164608 | peer_val_mse=0.02197969 peer_val_mae=0.10182286
[worker3/operator_burgers_fno_polish_fair_v2] [operator_burgers_fno_polish_fair_v2/fno_polish_hotspot_l003_w20_d80_160] [operator][epoch 152] lambda=0.0044 relay_stage=disabled relay_scale=1.000 relay_hotspot=0.0145 train_mse=0.00001061 val_mse=0.00003066 val_mae=0.00421558 | peer_val_mse=0.02197969 peer_val_mae=0.10182286
[worker3/operator_burgers_fno_polish_fair_v2] [operator_burgers_fno_polish_fair_v2/fno_polish_hotspot_l003_w20_d80_160] [operator][epoch 153] lambda=0.0040 relay_stage=disabled relay_scale=1.000 relay_hotspot=0.0326 train_mse=0.00004804 val_mse=0.00006089 val_mae=0.00556823 | peer_val_mse=0.02197969 peer_val_mae=0.10182286
[worker3/operator_burgers_fno_polish_fair_v2] [operator_burgers_fno_polish_fair_v2/fno_polish_hotspot_l003_w20_d80_160] [operator][epoch 154] lambda=0.0036 relay_stage=disabled relay_scale=1.000 relay_hotspot=0.0196 train_mse=0.00001990 val_mse=0.00001034 val_mae=0.00239775 | peer_val_mse=0.02197969 peer_val_mae=0.10182286
[worker3/operator_burgers_fno_polish_fair_v2] [operator_burgers_fno_polish_fair_v2/fno_polish_hotspot_l003_w20_d80_160] [operator][epoch 155] lambda=0.0033 relay_stage=disabled relay_scale=1.000 relay_hotspot=0.0147 train_mse=0.00001063 val_mse=0.00000503 val_mae=0.00151597 | peer_val_mse=0.02197969 peer_val_mae=0.10182286
[worker3/operator_burgers_fno_polish_fair_v2] [operator_burgers_fno_polish_fair_v2/fno_polish_hotspot_l003_w20_d80_160] [operator][epoch 156] lambda=0.0029 relay_stage=disabled relay_scale=1.000 relay_hotspot=0.0143 train_mse=0.00000942 val_mse=0.00000529 val_mae=0.00162884 | peer_val_mse=0.02197969 peer_val_mae=0.10182286
[worker3/operator_burgers_fno_polish_fair_v2] [operator_burgers_fno_polish_fair_v2/fno_polish_hotspot_l003_w20_d80_160] [operator][epoch 157] lambda=0.0026 relay_stage=disabled relay_scale=1.000 relay_hotspot=0.0116 train_mse=0.00000622 val_mse=0.00000725 val_mae=0.00164946 | peer_val_mse=0.02197969 peer_val_mae=0.10182286
[worker3/operator_burgers_fno_polish_fair_v2] [operator_burgers_fno_polish_fair_v2/fno_polish_hotspot_l003_w20_d80_160] [operator][epoch 158] lambda=0.0022 relay_stage=disabled relay_scale=1.000 relay_hotspot=0.0146 train_mse=0.00001022 val_mse=0.00000941 val_mae=0.00206117 | peer_val_mse=0.02197969 peer_val_mae=0.10182286
[worker3/operator_burgers_fno_polish_fair_v2] [operator_burgers_fno_polish_fair_v2/fno_polish_hotspot_l003_w20_d80_160] [operator][epoch 159] lambda=0.0019 relay_stage=disabled relay_scale=1.000 relay_hotspot=0.0128 train_mse=0.00000722 val_mse=0.00001319 val_mae=0.00266095 | peer_val_mse=0.02197969 peer_val_mae=0.10182286
[worker3/operator_burgers_fno_polish_fair_v2] [operator_burgers_fno_polish_fair_v2/fno_polish_hotspot_l003_w20_d80_160] [operator][epoch 160] lambda=0.0015 relay_stage=disabled relay_scale=1.000 relay_hotspot=0.0179 train_mse=0.00001715 val_mse=0.00001508 val_mae=0.00276239 | peer_val_mse=0.02197969 peer_val_mae=0.10182286
[worker3/operator_burgers_fno_polish_fair_v2] [operator_burgers_fno_polish_fair_v2/fno_polish_hotspot_l003_w20_d80_160] [operator][epoch 160] updated live plot
[worker3/operator_burgers_fno_polish_fair_v2] [operator_burgers_fno_polish_fair_v2/fno_polish_hotspot_l003_w20_d80_160] [operator][epoch 161] lambda=0.0015 relay_stage=disabled relay_scale=1.000 relay_hotspot=0.0183 train_mse=0.00001706 val_mse=0.00001084 val_mae=0.00250754 | peer_val_mse=0.02197969 peer_val_mae=0.10182286
[worker3/operator_burgers_fno_polish_fair_v2] [operator_burgers_fno_polish_fair_v2/fno_polish_hotspot_l003_w20_d80_160] [operator][epoch 162] lambda=0.0015 relay_stage=disabled relay_scale=1.000 relay_hotspot=0.0145 train_mse=0.00001109 val_mse=0.00001843 val_mae=0.00305569 | peer_val_mse=0.02197969 peer_val_mae=0.10182286
[worker3/operator_burgers_fno_polish_fair_v2] [operator_burgers_fno_polish_fair_v2/fno_polish_hotspot_l003_w20_d80_160] [operator][epoch 163] lambda=0.0015 relay_stage=disabled relay_scale=1.000 relay_hotspot=0.0141 train_mse=0.00001070 val_mse=0.00000723 val_mae=0.00176354 | peer_val_mse=0.02197969 peer_val_mae=0.10182286
[worker3/operator_burgers_fno_polish_fair_v2] [operator_burgers_fno_polish_fair_v2/fno_polish_hotspot_l003_w20_d80_160] [operator][epoch 164] lambda=0.0015 relay_stage=disabled relay_scale=1.000 relay_hotspot=0.0097 train_mse=0.00000483 val_mse=0.00000592 val_mae=0.00156183 | peer_val_mse=0.02197969 peer_val_mae=0.10182286
[worker3/operator_burgers_fno_polish_fair_v2] [operator_burgers_fno_polish_fair_v2/fno_polish_hotspot_l003_w20_d80_160] [operator][epoch 165] lambda=0.0015 relay_stage=disabled relay_scale=1.000 relay_hotspot=0.0128 train_mse=0.00000777 val_mse=0.00001027 val_mae=0.00247454 | peer_val_mse=0.02197969 peer_val_mae=0.10182286
[worker3/operator_burgers_fno_polish_fair_v2] [operator_burgers_fno_polish_fair_v2/fno_polish_hotspot_l003_w20_d80_160] [operator][epoch 166] lambda=0.0015 relay_stage=disabled relay_scale=1.000 relay_hotspot=0.0134 train_mse=0.00000912 val_mse=0.00000732 val_mae=0.00179769 | peer_val_mse=0.02197969 peer_val_mae=0.10182286
[worker3/operator_burgers_fno_polish_fair_v2] [operator_burgers_fno_polish_fair_v2/fno_polish_hotspot_l003_w20_d80_160] [operator][epoch 167] lambda=0.0015 relay_stage=disabled relay_scale=1.000 relay_hotspot=0.0132 train_mse=0.00000832 val_mse=0.00001768 val_mae=0.00259400 | peer_val_mse=0.02197969 peer_val_mae=0.10182286
[worker3/operator_burgers_fno_polish_fair_v2] [operator_burgers_fno_polish_fair_v2/fno_polish_hotspot_l003_w20_d80_160] [operator][epoch 168] lambda=0.0015 relay_stage=disabled relay_scale=1.000 relay_hotspot=0.0193 train_mse=0.00001963 val_mse=0.00004022 val_mae=0.00454550 | peer_val_mse=0.02197969 peer_val_mae=0.10182286
[worker3/operator_burgers_fno_polish_fair_v2] [operator_burgers_fno_polish_fair_v2/fno_polish_hotspot_l003_w20_d80_160] [operator][epoch 169] lambda=0.0015 relay_stage=disabled relay_scale=1.000 relay_hotspot=0.0445 train_mse=0.00010010 val_mse=0.00004978 val_mae=0.00513568 | peer_val_mse=0.02197969 peer_val_mae=0.10182286
[worker3/operator_burgers_fno_polish_fair_v2] [operator_burgers_fno_polish_fair_v2/fno_polish_hotspot_l003_w20_d80_160] [operator][epoch 170] lambda=0.0015 relay_stage=disabled relay_scale=1.000 relay_hotspot=0.0399 train_mse=0.00008409 val_mse=0.00008261 val_mae=0.00631651 | peer_val_mse=0.02197969 peer_val_mae=0.10182286
[worker3/operator_burgers_fno_polish_fair_v2] [operator_burgers_fno_polish_fair_v2/fno_polish_hotspot_l003_w20_d80_160] [operator][epoch 171] lambda=0.0015 relay_stage=disabled relay_scale=1.000 relay_hotspot=0.0270 train_mse=0.00003566 val_mse=0.00002276 val_mae=0.00302296 | peer_val_mse=0.02197969 peer_val_mae=0.10182286
[worker3/operator_burgers_fno_polish_fair_v2] [operator_burgers_fno_polish_fair_v2/fno_polish_hotspot_l003_w20_d80_160] [operator][epoch 172] lambda=0.0015 relay_stage=disabled relay_scale=1.000 relay_hotspot=0.0167 train_mse=0.00001538 val_mse=0.00000992 val_mae=0.00220706 | peer_val_mse=0.02197969 peer_val_mae=0.10182286
[worker3/operator_burgers_fno_polish_fair_v2] [operator_burgers_fno_polish_fair_v2/fno_polish_hotspot_l003_w20_d80_160] [operator][epoch 173] lambda=0.0015 relay_stage=disabled relay_scale=1.000 relay_hotspot=0.0120 train_mse=0.00000702 val_mse=0.00000548 val_mae=0.00155511 | peer_val_mse=0.02197969 peer_val_mae=0.10182286
[worker3/operator_burgers_fno_polish_fair_v2] [operator_burgers_fno_polish_fair_v2/fno_polish_hotspot_l003_w20_d80_160] [operator][epoch 174] lambda=0.0015 relay_stage=disabled relay_scale=1.000 relay_hotspot=0.0079 train_mse=0.00000288 val_mse=0.00000411 val_mae=0.00119716 | peer_val_mse=0.02197969 peer_val_mae=0.10182286
[worker3/operator_burgers_fno_polish_fair_v2] [operator_burgers_fno_polish_fair_v2/fno_polish_hotspot_l003_w20_d80_160] [operator][epoch 175] lambda=0.0015 relay_stage=disabled relay_scale=1.000 relay_hotspot=0.0084 train_mse=0.00000325 val_mse=0.00000798 val_mae=0.00204788 | peer_val_mse=0.02197969 peer_val_mae=0.10182286
[worker3/operator_burgers_fno_polish_fair_v2] [operator_burgers_fno_polish_fair_v2/fno_polish_hotspot_l003_w20_d80_160] [operator][epoch 176] lambda=0.0015 relay_stage=disabled relay_scale=1.000 relay_hotspot=0.0093 train_mse=0.00000406 val_mse=0.00000571 val_mae=0.00160035 | peer_val_mse=0.02197969 peer_val_mae=0.10182286
[worker3/operator_burgers_fno_polish_fair_v2] [operator_burgers_fno_polish_fair_v2/fno_polish_hotspot_l003_w20_d80_160] [operator][epoch 177] lambda=0.0015 relay_stage=disabled relay_scale=1.000 relay_hotspot=0.0118 train_mse=0.00000649 val_mse=0.00001006 val_mae=0.00238277 | peer_val_mse=0.02197969 peer_val_mae=0.10182286
[worker3/operator_burgers_fno_polish_fair_v2] [operator_burgers_fno_polish_fair_v2/fno_polish_hotspot_l003_w20_d80_160] [operator][epoch 178] lambda=0.0015 relay_stage=disabled relay_scale=1.000 relay_hotspot=0.0171 train_mse=0.00001378 val_mse=0.00000836 val_mae=0.00214012 | peer_val_mse=0.02197969 peer_val_mae=0.10182286
[worker3/operator_burgers_fno_polish_fair_v2] [operator_burgers_fno_polish_fair_v2/fno_polish_hotspot_l003_w20_d80_160] [operator][epoch 179] lambda=0.0015 relay_stage=disabled relay_scale=1.000 relay_hotspot=0.0164 train_mse=0.00001848 val_mse=0.00006318 val_mae=0.00616346 | peer_val_mse=0.02197969 peer_val_mae=0.10182286
[worker3/operator_burgers_fno_polish_fair_v2] [operator_burgers_fno_polish_fair_v2/fno_polish_hotspot_l003_w20_d80_160] [operator][epoch 180] lambda=0.0015 relay_stage=disabled relay_scale=1.000 relay_hotspot=0.0405 train_mse=0.00007925 val_mse=0.00002039 val_mae=0.00305402 | peer_val_mse=0.02197969 peer_val_mae=0.10182286
[worker3/operator_burgers_fno_polish_fair_v2] [operator_burgers_fno_polish_fair_v2/fno_polish_hotspot_l003_w20_d80_160] [operator][epoch 180] updated live plot
[worker3/operator_burgers_fno_polish_fair_v2] [operator_burgers_fno_polish_fair_v2/fno_polish_hotspot_l003_w20_d80_160] [operator] done
[worker3/operator_burgers_fno_polish_fair_v2] [operator_burgers_fno_polish_fair_v2/fno_polish_hotspot_l003_w20_d80_160] [operator] dataset=burgers pair=fno:deeponet method=ssml seed=2
[worker3/operator_burgers_fno_polish_fair_v2] [operator_burgers_fno_polish_fair_v2/fno_polish_hotspot_l003_w20_d80_160] [operator] loaded init_checkpoint=results/operator_burgers_followup_v1/burgers_l005_m0_w12_d60_120_ow1/operator/burgers/fno_independent_mse_seed2/model.pt
[worker3/operator_burgers_fno_polish_fair_v2] [operator_burgers_fno_polish_fair_v2/fno_polish_hotspot_l003_w20_d80_160] [operator] loaded peer_init_checkpoint=results/operator_burgers_followup_v1/burgers_l005_m0_w12_d60_120_ow1/operator/burgers/deeponet_independent_mse_seed2/model.pt
[worker3/operator_burgers_fno_polish_fair_v2] [operator_burgers_fno_polish_fair_v2/fno_polish_hotspot_l003_w20_d80_160] [operator] run_dir=results/operator_burgers_fno_polish_fair_v2/worker3_gpu0/fno_polish_hotspot_l003_w20_d80_160/operator/burgers/fno__deeponet_ssml_mse_seed2
[worker3/operator_burgers_fno_polish_fair_v2] [operator_burgers_fno_polish_fair_v2/fno_polish_hotspot_l003_w20_d80_160] [operator] params=279041
[worker3/operator_burgers_fno_polish_fair_v2] [operator_burgers_fno_polish_fair_v2/fno_polish_hotspot_l003_w20_d80_160] [operator] granularity=element student_only=True freeze_peer=True peer_updates_disabled=True relay_stage_epochs=(0, 0, 0) relay_hint_mode=hotspot relay_taper_schedule=linear
[worker3/operator_burgers_fno_polish_fair_v2] [operator_burgers_fno_polish_fair_v2/fno_polish_hotspot_l003_w20_d80_160] [operator][epoch 001] lambda=0.0000 relay_stage=disabled relay_scale=1.000 relay_hotspot=0.0776 train_mse=0.00033464 val_mse=0.00004334 val_mae=0.00454235 | peer_val_mse=0.01632908 peer_val_mae=0.08954499
[worker3/operator_burgers_fno_polish_fair_v2] [operator_burgers_fno_polish_fair_v2/fno_polish_hotspot_l003_w20_d80_160] [operator][epoch 002] lambda=0.0000 relay_stage=disabled relay_scale=1.000 relay_hotspot=0.0204 train_mse=0.00002329 val_mse=0.00000492 val_mae=0.00165773 | peer_val_mse=0.01632908 peer_val_mae=0.08954499
[worker3/operator_burgers_fno_polish_fair_v2] [operator_burgers_fno_polish_fair_v2/fno_polish_hotspot_l003_w20_d80_160] [operator][epoch 003] lambda=0.0000 relay_stage=disabled relay_scale=1.000 relay_hotspot=0.0115 train_mse=0.00000497 val_mse=0.00000330 val_mae=0.00133235 | peer_val_mse=0.01632908 peer_val_mae=0.08954499
[worker3/operator_burgers_fno_polish_fair_v2] [operator_burgers_fno_polish_fair_v2/fno_polish_hotspot_l003_w20_d80_160] [operator][epoch 004] lambda=0.0000 relay_stage=disabled relay_scale=1.000 relay_hotspot=0.0109 train_mse=0.00000403 val_mse=0.00000278 val_mae=0.00120225 | peer_val_mse=0.01632908 peer_val_mae=0.08954499
[worker3/operator_burgers_fno_polish_fair_v2] [operator_burgers_fno_polish_fair_v2/fno_polish_hotspot_l003_w20_d80_160] [operator][epoch 005] lambda=0.0000 relay_stage=disabled relay_scale=1.000 relay_hotspot=0.0092 train_mse=0.00000261 val_mse=0.00000294 val_mae=0.00122726 | peer_val_mse=0.01632908 peer_val_mae=0.08954499
[worker3/operator_burgers_fno_polish_fair_v2] [operator_burgers_fno_polish_fair_v2/fno_polish_hotspot_l003_w20_d80_160] [operator][epoch 006] lambda=0.0000 relay_stage=disabled relay_scale=1.000 relay_hotspot=0.0097 train_mse=0.00000336 val_mse=0.00000434 val_mae=0.00137644 | peer_val_mse=0.01632908 peer_val_mae=0.08954499
[worker3/operator_burgers_fno_polish_fair_v2] [operator_burgers_fno_polish_fair_v2/fno_polish_hotspot_l003_w20_d80_160] [operator][epoch 007] lambda=0.0000 relay_stage=disabled relay_scale=1.000 relay_hotspot=0.0217 train_mse=0.00001562 val_mse=0.00001397 val_mae=0.00301957 | peer_val_mse=0.01632908 peer_val_mae=0.08954499
[worker3/operator_burgers_fno_polish_fair_v2] [operator_burgers_fno_polish_fair_v2/fno_polish_hotspot_l003_w20_d80_160] [operator][epoch 008] lambda=0.0000 relay_stage=disabled relay_scale=1.000 relay_hotspot=0.0157 train_mse=0.00000823 val_mse=0.00000405 val_mae=0.00148495 | peer_val_mse=0.01632908 peer_val_mae=0.08954499
[worker3/operator_burgers_fno_polish_fair_v2] [operator_burgers_fno_polish_fair_v2/fno_polish_hotspot_l003_w20_d80_160] [operator][epoch 009] lambda=0.0000 relay_stage=disabled relay_scale=1.000 relay_hotspot=0.0117 train_mse=0.00000478 val_mse=0.00000570 val_mae=0.00181323 | peer_val_mse=0.01632908 peer_val_mae=0.08954499
[worker3/operator_burgers_fno_polish_fair_v2] [operator_burgers_fno_polish_fair_v2/fno_polish_hotspot_l003_w20_d80_160] [operator][epoch 010] lambda=0.0000 relay_stage=disabled relay_scale=1.000 relay_hotspot=0.0121 train_mse=0.00000502 val_mse=0.00001103 val_mae=0.00233197 | peer_val_mse=0.01632908 peer_val_mae=0.08954499
[worker3/operator_burgers_fno_polish_fair_v2] [operator_burgers_fno_polish_fair_v2/fno_polish_hotspot_l003_w20_d80_160] [operator][epoch 011] lambda=0.0000 relay_stage=disabled relay_scale=1.000 relay_hotspot=0.0172 train_mse=0.00001275 val_mse=0.00001374 val_mae=0.00295354 | peer_val_mse=0.01632908 peer_val_mae=0.08954499
[worker3/operator_burgers_fno_polish_fair_v2] [operator_burgers_fno_polish_fair_v2/fno_polish_hotspot_l003_w20_d80_160] [operator][epoch 012] lambda=0.0000 relay_stage=disabled relay_scale=1.000 relay_hotspot=0.0211 train_mse=0.00001763 val_mse=0.00001006 val_mae=0.00239117 | peer_val_mse=0.01632908 peer_val_mae=0.08954499
[worker3/operator_burgers_fno_polish_fair_v2] [operator_burgers_fno_polish_fair_v2/fno_polish_hotspot_l003_w20_d80_160] [operator][epoch 013] lambda=0.0000 relay_stage=disabled relay_scale=1.000 relay_hotspot=0.0324 train_mse=0.00004711 val_mse=0.00003555 val_mae=0.00361471 | peer_val_mse=0.01632908 peer_val_mae=0.08954499
[worker3/operator_burgers_fno_polish_fair_v2] [operator_burgers_fno_polish_fair_v2/fno_polish_hotspot_l003_w20_d80_160] [operator][epoch 014] lambda=0.0000 relay_stage=disabled relay_scale=1.000 relay_hotspot=0.0309 train_mse=0.00003493 val_mse=0.00002176 val_mae=0.00332689 | peer_val_mse=0.01632908 peer_val_mae=0.08954499
[worker3/operator_burgers_fno_polish_fair_v2] [operator_burgers_fno_polish_fair_v2/fno_polish_hotspot_l003_w20_d80_160] [operator][epoch 015] lambda=0.0000 relay_stage=disabled relay_scale=1.000 relay_hotspot=0.0241 train_mse=0.00002500 val_mse=0.00001628 val_mae=0.00293422 | peer_val_mse=0.01632908 peer_val_mae=0.08954499
[worker3/operator_burgers_fno_polish_fair_v2] [operator_burgers_fno_polish_fair_v2/fno_polish_hotspot_l003_w20_d80_160] [operator][epoch 016] lambda=0.0000 relay_stage=disabled relay_scale=1.000 relay_hotspot=0.0210 train_mse=0.00001638 val_mse=0.00001511 val_mae=0.00295131 | peer_val_mse=0.01632908 peer_val_mae=0.08954499
[worker3/operator_burgers_fno_polish_fair_v2] [operator_burgers_fno_polish_fair_v2/fno_polish_hotspot_l003_w20_d80_160] [operator][epoch 017] lambda=0.0000 relay_stage=disabled relay_scale=1.000 relay_hotspot=0.0382 train_mse=0.00007149 val_mse=0.00005698 val_mae=0.00557734 | peer_val_mse=0.01632908 peer_val_mae=0.08954499
[worker3/operator_burgers_fno_polish_fair_v2] [operator_burgers_fno_polish_fair_v2/fno_polish_hotspot_l003_w20_d80_160] [operator][epoch 018] lambda=0.0000 relay_stage=disabled relay_scale=1.000 relay_hotspot=0.0556 train_mse=0.00011133 val_mse=0.00003899 val_mae=0.00509910 | peer_val_mse=0.01632908 peer_val_mae=0.08954499
[worker3/operator_burgers_fno_polish_fair_v2] [operator_burgers_fno_polish_fair_v2/fno_polish_hotspot_l003_w20_d80_160] [operator][epoch 019] lambda=0.0000 relay_stage=disabled relay_scale=1.000 relay_hotspot=0.0400 train_mse=0.00006351 val_mse=0.00003255 val_mae=0.00462730 | peer_val_mse=0.01632908 peer_val_mae=0.08954499
[worker3/operator_burgers_fno_polish_fair_v2] [operator_burgers_fno_polish_fair_v2/fno_polish_hotspot_l003_w20_d80_160] [operator][epoch 020] lambda=0.0000 relay_stage=disabled relay_scale=1.000 relay_hotspot=0.0230 train_mse=0.00002109 val_mse=0.00000898 val_mae=0.00214407 | peer_val_mse=0.01632908 peer_val_mae=0.08954499
[worker3/operator_burgers_fno_polish_fair_v2] [operator_burgers_fno_polish_fair_v2/fno_polish_hotspot_l003_w20_d80_160] [operator][epoch 020] updated live plot
[worker3/operator_burgers_fno_polish_fair_v2] [operator_burgers_fno_polish_fair_v2/fno_polish_hotspot_l003_w20_d80_160] [operator][epoch 021] lambda=0.0300 relay_stage=disabled relay_scale=1.000 relay_hotspot=0.0163 train_mse=0.00001146 val_mse=0.00000994 val_mae=0.00243510 | peer_val_mse=0.01632908 peer_val_mae=0.08954499
[worker3/operator_burgers_fno_polish_fair_v2] [operator_burgers_fno_polish_fair_v2/fno_polish_hotspot_l003_w20_d80_160] [operator][epoch 022] lambda=0.0300 relay_stage=disabled relay_scale=1.000 relay_hotspot=0.0283 train_mse=0.00003030 val_mse=0.00001257 val_mae=0.00274483 | peer_val_mse=0.01632908 peer_val_mae=0.08954499
[worker3/operator_burgers_fno_polish_fair_v2] [operator_burgers_fno_polish_fair_v2/fno_polish_hotspot_l003_w20_d80_160] [operator][epoch 023] lambda=0.0300 relay_stage=disabled relay_scale=1.000 relay_hotspot=0.0177 train_mse=0.00001201 val_mse=0.00001116 val_mae=0.00212980 | peer_val_mse=0.01632908 peer_val_mae=0.08954499
[worker3/operator_burgers_fno_polish_fair_v2] [operator_burgers_fno_polish_fair_v2/fno_polish_hotspot_l003_w20_d80_160] [operator][epoch 024] lambda=0.0300 relay_stage=disabled relay_scale=1.000 relay_hotspot=0.0406 train_mse=0.00007289 val_mse=0.00005073 val_mae=0.00448718 | peer_val_mse=0.01632908 peer_val_mae=0.08954499
[worker3/operator_burgers_fno_polish_fair_v2] [operator_burgers_fno_polish_fair_v2/fno_polish_hotspot_l003_w20_d80_160] [operator][epoch 025] lambda=0.0300 relay_stage=disabled relay_scale=1.000 relay_hotspot=0.0497 train_mse=0.00010885 val_mse=0.00007856 val_mae=0.00703313 | peer_val_mse=0.01632908 peer_val_mae=0.08954499
[worker3/operator_burgers_fno_polish_fair_v2] [operator_burgers_fno_polish_fair_v2/fno_polish_hotspot_l003_w20_d80_160] [operator][epoch 026] lambda=0.0300 relay_stage=disabled relay_scale=1.000 relay_hotspot=0.0420 train_mse=0.00007976 val_mse=0.00002088 val_mae=0.00331570 | peer_val_mse=0.01632908 peer_val_mae=0.08954499
[worker3/operator_burgers_fno_polish_fair_v2] [operator_burgers_fno_polish_fair_v2/fno_polish_hotspot_l003_w20_d80_160] [operator][epoch 027] lambda=0.0300 relay_stage=disabled relay_scale=1.000 relay_hotspot=0.0280 train_mse=0.00002736 val_mse=0.00002405 val_mae=0.00379754 | peer_val_mse=0.01632908 peer_val_mae=0.08954499
[worker3/operator_burgers_fno_polish_fair_v2] [operator_burgers_fno_polish_fair_v2/fno_polish_hotspot_l003_w20_d80_160] [operator][epoch 028] lambda=0.0300 relay_stage=disabled relay_scale=1.000 relay_hotspot=0.0326 train_mse=0.00004262 val_mse=0.00001328 val_mae=0.00279044 | peer_val_mse=0.01632908 peer_val_mae=0.08954499
[worker3/operator_burgers_fno_polish_fair_v2] [operator_burgers_fno_polish_fair_v2/fno_polish_hotspot_l003_w20_d80_160] [operator][epoch 029] lambda=0.0300 relay_stage=disabled relay_scale=1.000 relay_hotspot=0.0183 train_mse=0.00001345 val_mse=0.00000522 val_mae=0.00169843 | peer_val_mse=0.01632908 peer_val_mae=0.08954499
[worker3/operator_burgers_fno_polish_fair_v2] [operator_burgers_fno_polish_fair_v2/fno_polish_hotspot_l003_w20_d80_160] [operator][epoch 030] lambda=0.0300 relay_stage=disabled relay_scale=1.000 relay_hotspot=0.0160 train_mse=0.00001015 val_mse=0.00000941 val_mae=0.00224102 | peer_val_mse=0.01632908 peer_val_mae=0.08954499
[worker3/operator_burgers_fno_polish_fair_v2] [operator_burgers_fno_polish_fair_v2/fno_polish_hotspot_l003_w20_d80_160] [operator][epoch 031] lambda=0.0300 relay_stage=disabled relay_scale=1.000 relay_hotspot=0.0179 train_mse=0.00001503 val_mse=0.00000564 val_mae=0.00176037 | peer_val_mse=0.01632908 peer_val_mae=0.08954499
[worker3/operator_burgers_fno_polish_fair_v2] [operator_burgers_fno_polish_fair_v2/fno_polish_hotspot_l003_w20_d80_160] [operator][epoch 032] lambda=0.0300 relay_stage=disabled relay_scale=1.000 relay_hotspot=0.0117 train_mse=0.00000550 val_mse=0.00000500 val_mae=0.00152861 | peer_val_mse=0.01632908 peer_val_mae=0.08954499
[worker3/operator_burgers_fno_polish_fair_v2] [operator_burgers_fno_polish_fair_v2/fno_polish_hotspot_l003_w20_d80_160] [operator][epoch 033] lambda=0.0300 relay_stage=disabled relay_scale=1.000 relay_hotspot=0.0221 train_mse=0.00002087 val_mse=0.00001607 val_mae=0.00279231 | peer_val_mse=0.01632908 peer_val_mae=0.08954499
[worker3/operator_burgers_fno_polish_fair_v2] [operator_burgers_fno_polish_fair_v2/fno_polish_hotspot_l003_w20_d80_160] [operator][epoch 034] lambda=0.0300 relay_stage=disabled relay_scale=1.000 relay_hotspot=0.0167 train_mse=0.00001225 val_mse=0.00002009 val_mae=0.00336612 | peer_val_mse=0.01632908 peer_val_mae=0.08954499
[worker3/operator_burgers_fno_polish_fair_v2] [operator_burgers_fno_polish_fair_v2/fno_polish_hotspot_l003_w20_d80_160] [operator][epoch 035] lambda=0.0300 relay_stage=disabled relay_scale=1.000 relay_hotspot=0.0171 train_mse=0.00001196 val_mse=0.00000839 val_mae=0.00221904 | peer_val_mse=0.01632908 peer_val_mae=0.08954499
[worker3/operator_burgers_fno_polish_fair_v2] [operator_burgers_fno_polish_fair_v2/fno_polish_hotspot_l003_w20_d80_160] [operator][epoch 036] lambda=0.0300 relay_stage=disabled relay_scale=1.000 relay_hotspot=0.0237 train_mse=0.00002489 val_mse=0.00000930 val_mae=0.00207158 | peer_val_mse=0.01632908 peer_val_mae=0.08954499
[worker3/operator_burgers_fno_polish_fair_v2] [operator_burgers_fno_polish_fair_v2/fno_polish_hotspot_l003_w20_d80_160] [operator][epoch 037] lambda=0.0300 relay_stage=disabled relay_scale=1.000 relay_hotspot=0.0219 train_mse=0.00001930 val_mse=0.00002145 val_mae=0.00323579 | peer_val_mse=0.01632908 peer_val_mae=0.08954499
[worker3/operator_burgers_fno_polish_fair_v2] [operator_burgers_fno_polish_fair_v2/fno_polish_hotspot_l003_w20_d80_160] [operator][epoch 038] lambda=0.0300 relay_stage=disabled relay_scale=1.000 relay_hotspot=0.0184 train_mse=0.00001260 val_mse=0.00002698 val_mae=0.00364129 | peer_val_mse=0.01632908 peer_val_mae=0.08954499
[worker3/operator_burgers_fno_polish_fair_v2] [operator_burgers_fno_polish_fair_v2/fno_polish_hotspot_l003_w20_d80_160] [operator][epoch 039] lambda=0.0300 relay_stage=disabled relay_scale=1.000 relay_hotspot=0.0323 train_mse=0.00003947 val_mse=0.00006749 val_mae=0.00642414 | peer_val_mse=0.01632908 peer_val_mae=0.08954499
[worker3/operator_burgers_fno_polish_fair_v2] [operator_burgers_fno_polish_fair_v2/fno_polish_hotspot_l003_w20_d80_160] [operator][epoch 040] lambda=0.0300 relay_stage=disabled relay_scale=1.000 relay_hotspot=0.0481 train_mse=0.00010451 val_mse=0.00002789 val_mae=0.00393600 | peer_val_mse=0.01632908 peer_val_mae=0.08954499
[worker3/operator_burgers_fno_polish_fair_v2] [operator_burgers_fno_polish_fair_v2/fno_polish_hotspot_l003_w20_d80_160] [operator][epoch 040] updated live plot
[worker3/operator_burgers_fno_polish_fair_v2] [operator_burgers_fno_polish_fair_v2/fno_polish_hotspot_l003_w20_d80_160] [operator][epoch 041] lambda=0.0300 relay_stage=disabled relay_scale=1.000 relay_hotspot=0.0298 train_mse=0.00004454 val_mse=0.00006313 val_mae=0.00618643 | peer_val_mse=0.01632908 peer_val_mae=0.08954499
[worker3/operator_burgers_fno_polish_fair_v2] [operator_burgers_fno_polish_fair_v2/fno_polish_hotspot_l003_w20_d80_160] [operator][epoch 042] lambda=0.0300 relay_stage=disabled relay_scale=1.000 relay_hotspot=0.0454 train_mse=0.00009188 val_mse=0.00001961 val_mae=0.00319353 | peer_val_mse=0.01632908 peer_val_mae=0.08954499
[worker3/operator_burgers_fno_polish_fair_v2] [operator_burgers_fno_polish_fair_v2/fno_polish_hotspot_l003_w20_d80_160] [operator][epoch 043] lambda=0.0300 relay_stage=disabled relay_scale=1.000 relay_hotspot=0.0236 train_mse=0.00002304 val_mse=0.00000951 val_mae=0.00213804 | peer_val_mse=0.01632908 peer_val_mae=0.08954499
[worker3/operator_burgers_fno_polish_fair_v2] [operator_burgers_fno_polish_fair_v2/fno_polish_hotspot_l003_w20_d80_160] [operator][epoch 044] lambda=0.0300 relay_stage=disabled relay_scale=1.000 relay_hotspot=0.0162 train_mse=0.00001101 val_mse=0.00000626 val_mae=0.00163436 | peer_val_mse=0.01632908 peer_val_mae=0.08954499
[worker3/operator_burgers_fno_polish_fair_v2] [operator_burgers_fno_polish_fair_v2/fno_polish_hotspot_l003_w20_d80_160] [operator][epoch 045] lambda=0.0300 relay_stage=disabled relay_scale=1.000 relay_hotspot=0.0137 train_mse=0.00000787 val_mse=0.00000503 val_mae=0.00158727 | peer_val_mse=0.01632908 peer_val_mae=0.08954499
[worker3/operator_burgers_fno_polish_fair_v2] [operator_burgers_fno_polish_fair_v2/fno_polish_hotspot_l003_w20_d80_160] [operator][epoch 046] lambda=0.0300 relay_stage=disabled relay_scale=1.000 relay_hotspot=0.0177 train_mse=0.00001307 val_mse=0.00001346 val_mae=0.00280278 | peer_val_mse=0.01632908 peer_val_mae=0.08954499
[worker3/operator_burgers_fno_polish_fair_v2] [operator_burgers_fno_polish_fair_v2/fno_polish_hotspot_l003_w20_d80_160] [operator][epoch 047] lambda=0.0300 relay_stage=disabled relay_scale=1.000 relay_hotspot=0.0156 train_mse=0.00001005 val_mse=0.00001014 val_mae=0.00247660 | peer_val_mse=0.01632908 peer_val_mae=0.08954499
[worker3/operator_burgers_fno_polish_fair_v2] [operator_burgers_fno_polish_fair_v2/fno_polish_hotspot_l003_w20_d80_160] [operator][epoch 048] lambda=0.0300 relay_stage=disabled relay_scale=1.000 relay_hotspot=0.0174 train_mse=0.00001253 val_mse=0.00000539 val_mae=0.00179146 | peer_val_mse=0.01632908 peer_val_mae=0.08954499
[worker3/operator_burgers_fno_polish_fair_v2] [operator_burgers_fno_polish_fair_v2/fno_polish_hotspot_l003_w20_d80_160] [operator][epoch 049] lambda=0.0300 relay_stage=disabled relay_scale=1.000 relay_hotspot=0.0135 train_mse=0.00000673 val_mse=0.00002082 val_mae=0.00314234 | peer_val_mse=0.01632908 peer_val_mae=0.08954499
[worker3/operator_burgers_fno_polish_fair_v2] [operator_burgers_fno_polish_fair_v2/fno_polish_hotspot_l003_w20_d80_160] [operator][epoch 050] lambda=0.0300 relay_stage=disabled relay_scale=1.000 relay_hotspot=0.0221 train_mse=0.00001947 val_mse=0.00001299 val_mae=0.00273176 | peer_val_mse=0.01632908 peer_val_mae=0.08954499
[worker3/operator_burgers_fno_polish_fair_v2] [operator_burgers_fno_polish_fair_v2/fno_polish_hotspot_l003_w20_d80_160] [operator][epoch 051] lambda=0.0300 relay_stage=disabled relay_scale=1.000 relay_hotspot=0.0181 train_mse=0.00001474 val_mse=0.00001034 val_mae=0.00237095 | peer_val_mse=0.01632908 peer_val_mae=0.08954499
[worker3/operator_burgers_fno_polish_fair_v2] [operator_burgers_fno_polish_fair_v2/fno_polish_hotspot_l003_w20_d80_160] [operator][epoch 052] lambda=0.0300 relay_stage=disabled relay_scale=1.000 relay_hotspot=0.0258 train_mse=0.00002658 val_mse=0.00004449 val_mae=0.00457962 | peer_val_mse=0.01632908 peer_val_mae=0.08954499
[worker3/operator_burgers_fno_polish_fair_v2] [operator_burgers_fno_polish_fair_v2/fno_polish_hotspot_l003_w20_d80_160] [operator][epoch 053] lambda=0.0300 relay_stage=disabled relay_scale=1.000 relay_hotspot=0.0225 train_mse=0.00001900 val_mse=0.00001321 val_mae=0.00269193 | peer_val_mse=0.01632908 peer_val_mae=0.08954499
[worker3/operator_burgers_fno_polish_fair_v2] [operator_burgers_fno_polish_fair_v2/fno_polish_hotspot_l003_w20_d80_160] [operator][epoch 054] lambda=0.0300 relay_stage=disabled relay_scale=1.000 relay_hotspot=0.0135 train_mse=0.00000768 val_mse=0.00000407 val_mae=0.00145146 | peer_val_mse=0.01632908 peer_val_mae=0.08954499
[worker3/operator_burgers_fno_polish_fair_v2] [operator_burgers_fno_polish_fair_v2/fno_polish_hotspot_l003_w20_d80_160] [operator][epoch 055] lambda=0.0300 relay_stage=disabled relay_scale=1.000 relay_hotspot=0.0144 train_mse=0.00000825 val_mse=0.00000481 val_mae=0.00164210 | peer_val_mse=0.01632908 peer_val_mae=0.08954499
[worker3/operator_burgers_fno_polish_fair_v2] [operator_burgers_fno_polish_fair_v2/fno_polish_hotspot_l003_w20_d80_160] [operator][epoch 056] lambda=0.0300 relay_stage=disabled relay_scale=1.000 relay_hotspot=0.0133 train_mse=0.00000690 val_mse=0.00000644 val_mae=0.00165129 | peer_val_mse=0.01632908 peer_val_mae=0.08954499
[worker3/operator_burgers_fno_polish_fair_v2] [operator_burgers_fno_polish_fair_v2/fno_polish_hotspot_l003_w20_d80_160] [operator][epoch 057] lambda=0.0300 relay_stage=disabled relay_scale=1.000 relay_hotspot=0.0204 train_mse=0.00001820 val_mse=0.00002101 val_mae=0.00383205 | peer_val_mse=0.01632908 peer_val_mae=0.08954499
[worker3/operator_burgers_fno_polish_fair_v2] [operator_burgers_fno_polish_fair_v2/fno_polish_hotspot_l003_w20_d80_160] [operator][epoch 058] lambda=0.0300 relay_stage=disabled relay_scale=1.000 relay_hotspot=0.0276 train_mse=0.00003091 val_mse=0.00003297 val_mae=0.00430592 | peer_val_mse=0.01632908 peer_val_mae=0.08954499
[worker3/operator_burgers_fno_polish_fair_v2] [operator_burgers_fno_polish_fair_v2/fno_polish_hotspot_l003_w20_d80_160] [operator][epoch 059] lambda=0.0300 relay_stage=disabled relay_scale=1.000 relay_hotspot=0.0229 train_mse=0.00002092 val_mse=0.00001652 val_mae=0.00303012 | peer_val_mse=0.01632908 peer_val_mae=0.08954499
[worker3/operator_burgers_fno_polish_fair_v2] [operator_burgers_fno_polish_fair_v2/fno_polish_hotspot_l003_w20_d80_160] [operator][epoch 060] lambda=0.0300 relay_stage=disabled relay_scale=1.000 relay_hotspot=0.0243 train_mse=0.00002700 val_mse=0.00004609 val_mae=0.00521421 | peer_val_mse=0.01632908 peer_val_mae=0.08954499
[worker3/operator_burgers_fno_polish_fair_v2] [operator_burgers_fno_polish_fair_v2/fno_polish_hotspot_l003_w20_d80_160] [operator][epoch 060] updated live plot
[worker3/operator_burgers_fno_polish_fair_v2] [operator_burgers_fno_polish_fair_v2/fno_polish_hotspot_l003_w20_d80_160] [operator][epoch 061] lambda=0.0300 relay_stage=disabled relay_scale=1.000 relay_hotspot=0.0350 train_mse=0.00004747 val_mse=0.00003668 val_mae=0.00460594 | peer_val_mse=0.01632908 peer_val_mae=0.08954499
[worker3/operator_burgers_fno_polish_fair_v2] [operator_burgers_fno_polish_fair_v2/fno_polish_hotspot_l003_w20_d80_160] [operator][epoch 062] lambda=0.0300 relay_stage=disabled relay_scale=1.000 relay_hotspot=0.0369 train_mse=0.00006163 val_mse=0.00003388 val_mae=0.00383149 | peer_val_mse=0.01632908 peer_val_mae=0.08954499
[worker3/operator_burgers_fno_polish_fair_v2] [operator_burgers_fno_polish_fair_v2/fno_polish_hotspot_l003_w20_d80_160] [operator][epoch 063] lambda=0.0300 relay_stage=disabled relay_scale=1.000 relay_hotspot=0.0355 train_mse=0.00006652 val_mse=0.00001355 val_mae=0.00272218 | peer_val_mse=0.01632908 peer_val_mae=0.08954499
[worker3/operator_burgers_fno_polish_fair_v2] [operator_burgers_fno_polish_fair_v2/fno_polish_hotspot_l003_w20_d80_160] [operator][epoch 064] lambda=0.0300 relay_stage=disabled relay_scale=1.000 relay_hotspot=0.0393 train_mse=0.00007463 val_mse=0.00009451 val_mae=0.00752756 | peer_val_mse=0.01632908 peer_val_mae=0.08954499
[worker3/operator_burgers_fno_polish_fair_v2] [operator_burgers_fno_polish_fair_v2/fno_polish_hotspot_l003_w20_d80_160] [operator][epoch 065] lambda=0.0300 relay_stage=disabled relay_scale=1.000 relay_hotspot=0.0379 train_mse=0.00006930 val_mse=0.00001696 val_mae=0.00286334 | peer_val_mse=0.01632908 peer_val_mae=0.08954499
[worker3/operator_burgers_fno_polish_fair_v2] [operator_burgers_fno_polish_fair_v2/fno_polish_hotspot_l003_w20_d80_160] [operator][epoch 066] lambda=0.0300 relay_stage=disabled relay_scale=1.000 relay_hotspot=0.0233 train_mse=0.00002304 val_mse=0.00002414 val_mae=0.00413692 | peer_val_mse=0.01632908 peer_val_mae=0.08954499
[worker3/operator_burgers_fno_polish_fair_v2] [operator_burgers_fno_polish_fair_v2/fno_polish_hotspot_l003_w20_d80_160] [operator][epoch 067] lambda=0.0300 relay_stage=disabled relay_scale=1.000 relay_hotspot=0.0175 train_mse=0.00001152 val_mse=0.00001263 val_mae=0.00288705 | peer_val_mse=0.01632908 peer_val_mae=0.08954499
[worker3/operator_burgers_fno_polish_fair_v2] [operator_burgers_fno_polish_fair_v2/fno_polish_hotspot_l003_w20_d80_160] [operator][epoch 068] lambda=0.0300 relay_stage=disabled relay_scale=1.000 relay_hotspot=0.0167 train_mse=0.00001018 val_mse=0.00000635 val_mae=0.00181415 | peer_val_mse=0.01632908 peer_val_mae=0.08954499
[worker3/operator_burgers_fno_polish_fair_v2] [operator_burgers_fno_polish_fair_v2/fno_polish_hotspot_l003_w20_d80_160] [operator][epoch 069] lambda=0.0300 relay_stage=disabled relay_scale=1.000 relay_hotspot=0.0106 train_mse=0.00000452 val_mse=0.00000329 val_mae=0.00134830 | peer_val_mse=0.01632908 peer_val_mae=0.08954499
[worker3/operator_burgers_fno_polish_fair_v2] [operator_burgers_fno_polish_fair_v2/fno_polish_hotspot_l003_w20_d80_160] [operator][epoch 070] lambda=0.0300 relay_stage=disabled relay_scale=1.000 relay_hotspot=0.0090 train_mse=0.00000306 val_mse=0.00000326 val_mae=0.00122181 | peer_val_mse=0.01632908 peer_val_mae=0.08954499
[worker3/operator_burgers_fno_polish_fair_v2] [operator_burgers_fno_polish_fair_v2/fno_polish_hotspot_l003_w20_d80_160] [operator][epoch 071] lambda=0.0300 relay_stage=disabled relay_scale=1.000 relay_hotspot=0.0099 train_mse=0.00000367 val_mse=0.00000339 val_mae=0.00130709 | peer_val_mse=0.01632908 peer_val_mae=0.08954499
[worker3/operator_burgers_fno_polish_fair_v2] [operator_burgers_fno_polish_fair_v2/fno_polish_hotspot_l003_w20_d80_160] [operator][epoch 072] lambda=0.0300 relay_stage=disabled relay_scale=1.000 relay_hotspot=0.0089 train_mse=0.00000363 val_mse=0.00000689 val_mae=0.00169652 | peer_val_mse=0.01632908 peer_val_mae=0.08954499
[worker3/operator_burgers_fno_polish_fair_v2] [operator_burgers_fno_polish_fair_v2/fno_polish_hotspot_l003_w20_d80_160] [operator][epoch 073] lambda=0.0300 relay_stage=disabled relay_scale=1.000 relay_hotspot=0.0183 train_mse=0.00001989 val_mse=0.00000798 val_mae=0.00202120 | peer_val_mse=0.01632908 peer_val_mae=0.08954499
[worker3/operator_burgers_fno_polish_fair_v2] [operator_burgers_fno_polish_fair_v2/fno_polish_hotspot_l003_w20_d80_160] [operator][epoch 074] lambda=0.0300 relay_stage=disabled relay_scale=1.000 relay_hotspot=0.0258 train_mse=0.00004936 val_mse=0.00012594 val_mae=0.00915255 | peer_val_mse=0.01632908 peer_val_mae=0.08954499
[worker3/operator_burgers_fno_polish_fair_v2] [operator_burgers_fno_polish_fair_v2/fno_polish_hotspot_l003_w20_d80_160] [operator][epoch 075] lambda=0.0300 relay_stage=disabled relay_scale=1.000 relay_hotspot=0.0602 train_mse=0.00017327 val_mse=0.00007482 val_mae=0.00714432 | peer_val_mse=0.01632908 peer_val_mae=0.08954499
[worker3/operator_burgers_fno_polish_fair_v2] [operator_burgers_fno_polish_fair_v2/fno_polish_hotspot_l003_w20_d80_160] [operator][epoch 076] lambda=0.0300 relay_stage=disabled relay_scale=1.000 relay_hotspot=0.0338 train_mse=0.00005224 val_mse=0.00003368 val_mae=0.00429339 | peer_val_mse=0.01632908 peer_val_mae=0.08954499
[worker3/operator_burgers_fno_polish_fair_v2] [operator_burgers_fno_polish_fair_v2/fno_polish_hotspot_l003_w20_d80_160] [operator][epoch 077] lambda=0.0300 relay_stage=disabled relay_scale=1.000 relay_hotspot=0.0269 train_mse=0.00003185 val_mse=0.00001076 val_mae=0.00220896 | peer_val_mse=0.01632908 peer_val_mae=0.08954499
[worker3/operator_burgers_fno_polish_fair_v2] [operator_burgers_fno_polish_fair_v2/fno_polish_hotspot_l003_w20_d80_160] [operator][epoch 078] lambda=0.0300 relay_stage=disabled relay_scale=1.000 relay_hotspot=0.0148 train_mse=0.00000916 val_mse=0.00000672 val_mae=0.00182070 | peer_val_mse=0.01632908 peer_val_mae=0.08954499
[worker3/operator_burgers_fno_polish_fair_v2] [operator_burgers_fno_polish_fair_v2/fno_polish_hotspot_l003_w20_d80_160] [operator][epoch 079] lambda=0.0300 relay_stage=disabled relay_scale=1.000 relay_hotspot=0.0112 train_mse=0.00000469 val_mse=0.00000471 val_mae=0.00161502 | peer_val_mse=0.01632908 peer_val_mae=0.08954499
[worker3/operator_burgers_fno_polish_fair_v2] [operator_burgers_fno_polish_fair_v2/fno_polish_hotspot_l003_w20_d80_160] [operator][epoch 080] lambda=0.0300 relay_stage=disabled relay_scale=1.000 relay_hotspot=0.0118 train_mse=0.00000563 val_mse=0.00000527 val_mae=0.00177028 | peer_val_mse=0.01632908 peer_val_mae=0.08954499
[worker3/operator_burgers_fno_polish_fair_v2] [operator_burgers_fno_polish_fair_v2/fno_polish_hotspot_l003_w20_d80_160] [operator][epoch 080] updated live plot
[worker3/operator_burgers_fno_polish_fair_v2] [operator_burgers_fno_polish_fair_v2/fno_polish_hotspot_l003_w20_d80_160] [operator][epoch 081] lambda=0.0296 relay_stage=disabled relay_scale=1.000 relay_hotspot=0.0180 train_mse=0.00001419 val_mse=0.00001696 val_mae=0.00337002 | peer_val_mse=0.01632908 peer_val_mae=0.08954499
[worker3/operator_burgers_fno_polish_fair_v2] [operator_burgers_fno_polish_fair_v2/fno_polish_hotspot_l003_w20_d80_160] [operator][epoch 082] lambda=0.0293 relay_stage=disabled relay_scale=1.000 relay_hotspot=0.0250 train_mse=0.00002520 val_mse=0.00001109 val_mae=0.00239653 | peer_val_mse=0.01632908 peer_val_mae=0.08954499
[worker3/operator_burgers_fno_polish_fair_v2] [operator_burgers_fno_polish_fair_v2/fno_polish_hotspot_l003_w20_d80_160] [operator][epoch 083] lambda=0.0289 relay_stage=disabled relay_scale=1.000 relay_hotspot=0.0178 train_mse=0.00001229 val_mse=0.00001225 val_mae=0.00256682 | peer_val_mse=0.01632908 peer_val_mae=0.08954499
[worker3/operator_burgers_fno_polish_fair_v2] [operator_burgers_fno_polish_fair_v2/fno_polish_hotspot_l003_w20_d80_160] [operator][epoch 084] lambda=0.0286 relay_stage=disabled relay_scale=1.000 relay_hotspot=0.0165 train_mse=0.00001025 val_mse=0.00000366 val_mae=0.00132268 | peer_val_mse=0.01632908 peer_val_mae=0.08954499
[worker3/operator_burgers_fno_polish_fair_v2] [operator_burgers_fno_polish_fair_v2/fno_polish_hotspot_l003_w20_d80_160] [operator][epoch 085] lambda=0.0282 relay_stage=disabled relay_scale=1.000 relay_hotspot=0.0154 train_mse=0.00000837 val_mse=0.00000448 val_mae=0.00156432 | peer_val_mse=0.01632908 peer_val_mae=0.08954499
[worker3/operator_burgers_fno_polish_fair_v2] [operator_burgers_fno_polish_fair_v2/fno_polish_hotspot_l003_w20_d80_160] [operator][epoch 086] lambda=0.0279 relay_stage=disabled relay_scale=1.000 relay_hotspot=0.0155 train_mse=0.00000979 val_mse=0.00001027 val_mae=0.00254539 | peer_val_mse=0.01632908 peer_val_mae=0.08954499
[worker3/operator_burgers_fno_polish_fair_v2] [operator_burgers_fno_polish_fair_v2/fno_polish_hotspot_l003_w20_d80_160] [operator][epoch 087] lambda=0.0275 relay_stage=disabled relay_scale=1.000 relay_hotspot=0.0150 train_mse=0.00000768 val_mse=0.00000957 val_mae=0.00253012 | peer_val_mse=0.01632908 peer_val_mae=0.08954499
[worker3/operator_burgers_fno_polish_fair_v2] [operator_burgers_fno_polish_fair_v2/fno_polish_hotspot_l003_w20_d80_160] [operator][epoch 088] lambda=0.0272 relay_stage=disabled relay_scale=1.000 relay_hotspot=0.0128 train_mse=0.00000621 val_mse=0.00000396 val_mae=0.00135870 | peer_val_mse=0.01632908 peer_val_mae=0.08954499
[worker3/operator_burgers_fno_polish_fair_v2] [operator_burgers_fno_polish_fair_v2/fno_polish_hotspot_l003_w20_d80_160] [operator][epoch 089] lambda=0.0268 relay_stage=disabled relay_scale=1.000 relay_hotspot=0.0123 train_mse=0.00000638 val_mse=0.00000599 val_mae=0.00171168 | peer_val_mse=0.01632908 peer_val_mae=0.08954499
[worker3/operator_burgers_fno_polish_fair_v2] [operator_burgers_fno_polish_fair_v2/fno_polish_hotspot_l003_w20_d80_160] [operator][epoch 090] lambda=0.0264 relay_stage=disabled relay_scale=1.000 relay_hotspot=0.0183 train_mse=0.00001197 val_mse=0.00001563 val_mae=0.00320633 | peer_val_mse=0.01632908 peer_val_mae=0.08954499
[worker3/operator_burgers_fno_polish_fair_v2] [operator_burgers_fno_polish_fair_v2/fno_polish_hotspot_l003_w20_d80_160] [operator][epoch 091] lambda=0.0261 relay_stage=disabled relay_scale=1.000 relay_hotspot=0.0181 train_mse=0.00001276 val_mse=0.00000761 val_mae=0.00220657 | peer_val_mse=0.01632908 peer_val_mae=0.08954499
[worker3/operator_burgers_fno_polish_fair_v2] [operator_burgers_fno_polish_fair_v2/fno_polish_hotspot_l003_w20_d80_160] [operator][epoch 092] lambda=0.0257 relay_stage=disabled relay_scale=1.000 relay_hotspot=0.0140 train_mse=0.00000709 val_mse=0.00000588 val_mae=0.00185794 | peer_val_mse=0.01632908 peer_val_mae=0.08954499
[worker3/operator_burgers_fno_polish_fair_v2] [operator_burgers_fno_polish_fair_v2/fno_polish_hotspot_l003_w20_d80_160] [operator][epoch 093] lambda=0.0254 relay_stage=disabled relay_scale=1.000 relay_hotspot=0.0190 train_mse=0.00001423 val_mse=0.00001878 val_mae=0.00338879 | peer_val_mse=0.01632908 peer_val_mae=0.08954499
[worker3/operator_burgers_fno_polish_fair_v2] [operator_burgers_fno_polish_fair_v2/fno_polish_hotspot_l003_w20_d80_160] [operator][epoch 094] lambda=0.0250 relay_stage=disabled relay_scale=1.000 relay_hotspot=0.0229 train_mse=0.00001727 val_mse=0.00001432 val_mae=0.00276062 | peer_val_mse=0.01632908 peer_val_mae=0.08954499
[worker3/operator_burgers_fno_polish_fair_v2] [operator_burgers_fno_polish_fair_v2/fno_polish_hotspot_l003_w20_d80_160] [operator][epoch 095] lambda=0.0247 relay_stage=disabled relay_scale=1.000 relay_hotspot=0.0298 train_mse=0.00003835 val_mse=0.00003575 val_mae=0.00436994 | peer_val_mse=0.01632908 peer_val_mae=0.08954499
[worker3/operator_burgers_fno_polish_fair_v2] [operator_burgers_fno_polish_fair_v2/fno_polish_hotspot_l003_w20_d80_160] [operator][epoch 096] lambda=0.0243 relay_stage=disabled relay_scale=1.000 relay_hotspot=0.0357 train_mse=0.00005678 val_mse=0.00010133 val_mae=0.00748593 | peer_val_mse=0.01632908 peer_val_mae=0.08954499
[worker3/operator_burgers_fno_polish_fair_v2] [operator_burgers_fno_polish_fair_v2/fno_polish_hotspot_l003_w20_d80_160] [operator][epoch 097] lambda=0.0239 relay_stage=disabled relay_scale=1.000 relay_hotspot=0.0441 train_mse=0.00009217 val_mse=0.00004518 val_mae=0.00475635 | peer_val_mse=0.01632908 peer_val_mae=0.08954499
[worker3/operator_burgers_fno_polish_fair_v2] [operator_burgers_fno_polish_fair_v2/fno_polish_hotspot_l003_w20_d80_160] [operator][epoch 098] lambda=0.0236 relay_stage=disabled relay_scale=1.000 relay_hotspot=0.0416 train_mse=0.00007868 val_mse=0.00002488 val_mae=0.00358257 | peer_val_mse=0.01632908 peer_val_mae=0.08954499
[worker3/operator_burgers_fno_polish_fair_v2] [operator_burgers_fno_polish_fair_v2/fno_polish_hotspot_l003_w20_d80_160] [operator][epoch 099] lambda=0.0232 relay_stage=disabled relay_scale=1.000 relay_hotspot=0.0253 train_mse=0.00002933 val_mse=0.00002447 val_mae=0.00396517 | peer_val_mse=0.01632908 peer_val_mae=0.08954499
[worker3/operator_burgers_fno_polish_fair_v2] [operator_burgers_fno_polish_fair_v2/fno_polish_hotspot_l003_w20_d80_160] [operator][epoch 100] lambda=0.0229 relay_stage=disabled relay_scale=1.000 relay_hotspot=0.0197 train_mse=0.00001655 val_mse=0.00001550 val_mae=0.00303562 | peer_val_mse=0.01632908 peer_val_mae=0.08954499
[worker3/operator_burgers_fno_polish_fair_v2] [operator_burgers_fno_polish_fair_v2/fno_polish_hotspot_l003_w20_d80_160] [operator][epoch 100] updated live plot
[worker3/operator_burgers_fno_polish_fair_v2] [operator_burgers_fno_polish_fair_v2/fno_polish_hotspot_l003_w20_d80_160] [operator][epoch 101] lambda=0.0225 relay_stage=disabled relay_scale=1.000 relay_hotspot=0.0165 train_mse=0.00001010 val_mse=0.00000783 val_mae=0.00215035 | peer_val_mse=0.01632908 peer_val_mae=0.08954499
[worker3/operator_burgers_fno_polish_fair_v2] [operator_burgers_fno_polish_fair_v2/fno_polish_hotspot_l003_w20_d80_160] [operator][epoch 102] lambda=0.0222 relay_stage=disabled relay_scale=1.000 relay_hotspot=0.0106 train_mse=0.00000434 val_mse=0.00000409 val_mae=0.00144207 | peer_val_mse=0.01632908 peer_val_mae=0.08954499
[worker3/operator_burgers_fno_polish_fair_v2] [operator_burgers_fno_polish_fair_v2/fno_polish_hotspot_l003_w20_d80_160] [operator][epoch 103] lambda=0.0218 relay_stage=disabled relay_scale=1.000 relay_hotspot=0.0102 train_mse=0.00000403 val_mse=0.00000260 val_mae=0.00104170 | peer_val_mse=0.01632908 peer_val_mae=0.08954499
[worker3/operator_burgers_fno_polish_fair_v2] [operator_burgers_fno_polish_fair_v2/fno_polish_hotspot_l003_w20_d80_160] [operator][epoch 104] lambda=0.0215 relay_stage=disabled relay_scale=1.000 relay_hotspot=0.0097 train_mse=0.00000410 val_mse=0.00001167 val_mae=0.00234779 | peer_val_mse=0.01632908 peer_val_mae=0.08954499
[worker3/operator_burgers_fno_polish_fair_v2] [operator_burgers_fno_polish_fair_v2/fno_polish_hotspot_l003_w20_d80_160] [operator][epoch 105] lambda=0.0211 relay_stage=disabled relay_scale=1.000 relay_hotspot=0.0168 train_mse=0.00001201 val_mse=0.00001217 val_mae=0.00267027 | peer_val_mse=0.01632908 peer_val_mae=0.08954499
[worker3/operator_burgers_fno_polish_fair_v2] [operator_burgers_fno_polish_fair_v2/fno_polish_hotspot_l003_w20_d80_160] [operator][epoch 106] lambda=0.0207 relay_stage=disabled relay_scale=1.000 relay_hotspot=0.0138 train_mse=0.00000802 val_mse=0.00001442 val_mae=0.00316509 | peer_val_mse=0.01632908 peer_val_mae=0.08954499
[worker3/operator_burgers_fno_polish_fair_v2] [operator_burgers_fno_polish_fair_v2/fno_polish_hotspot_l003_w20_d80_160] [operator][epoch 107] lambda=0.0204 relay_stage=disabled relay_scale=1.000 relay_hotspot=0.0153 train_mse=0.00001032 val_mse=0.00000686 val_mae=0.00207928 | peer_val_mse=0.01632908 peer_val_mae=0.08954499
[worker3/operator_burgers_fno_polish_fair_v2] [operator_burgers_fno_polish_fair_v2/fno_polish_hotspot_l003_w20_d80_160] [operator][epoch 108] lambda=0.0200 relay_stage=disabled relay_scale=1.000 relay_hotspot=0.0158 train_mse=0.00001139 val_mse=0.00001447 val_mae=0.00230022 | peer_val_mse=0.01632908 peer_val_mae=0.08954499
[worker3/operator_burgers_fno_polish_fair_v2] [operator_burgers_fno_polish_fair_v2/fno_polish_hotspot_l003_w20_d80_160] [operator][epoch 109] lambda=0.0197 relay_stage=disabled relay_scale=1.000 relay_hotspot=0.0158 train_mse=0.00001066 val_mse=0.00000607 val_mae=0.00170046 | peer_val_mse=0.01632908 peer_val_mae=0.08954499
[worker3/operator_burgers_fno_polish_fair_v2] [operator_burgers_fno_polish_fair_v2/fno_polish_hotspot_l003_w20_d80_160] [operator][epoch 110] lambda=0.0193 relay_stage=disabled relay_scale=1.000 relay_hotspot=0.0161 train_mse=0.00001008 val_mse=0.00001354 val_mae=0.00292196 | peer_val_mse=0.01632908 peer_val_mae=0.08954499
[worker3/operator_burgers_fno_polish_fair_v2] [operator_burgers_fno_polish_fair_v2/fno_polish_hotspot_l003_w20_d80_160] [operator][epoch 111] lambda=0.0190 relay_stage=disabled relay_scale=1.000 relay_hotspot=0.0294 train_mse=0.00003314 val_mse=0.00004744 val_mae=0.00574014 | peer_val_mse=0.01632908 peer_val_mae=0.08954499
[worker3/operator_burgers_fno_polish_fair_v2] [operator_burgers_fno_polish_fair_v2/fno_polish_hotspot_l003_w20_d80_160] [operator][epoch 112] lambda=0.0186 relay_stage=disabled relay_scale=1.000 relay_hotspot=0.0325 train_mse=0.00004315 val_mse=0.00003746 val_mae=0.00463176 | peer_val_mse=0.01632908 peer_val_mae=0.08954499
[worker3/operator_burgers_fno_polish_fair_v2] [operator_burgers_fno_polish_fair_v2/fno_polish_hotspot_l003_w20_d80_160] [operator][epoch 113] lambda=0.0182 relay_stage=disabled relay_scale=1.000 relay_hotspot=0.0414 train_mse=0.00007256 val_mse=0.00009019 val_mae=0.00773308 | peer_val_mse=0.01632908 peer_val_mae=0.08954499
[worker3/operator_burgers_fno_polish_fair_v2] [operator_burgers_fno_polish_fair_v2/fno_polish_hotspot_l003_w20_d80_160] [operator][epoch 114] lambda=0.0179 relay_stage=disabled relay_scale=1.000 relay_hotspot=0.0460 train_mse=0.00008881 val_mse=0.00002543 val_mae=0.00371084 | peer_val_mse=0.01632908 peer_val_mae=0.08954499
[worker3/operator_burgers_fno_polish_fair_v2] [operator_burgers_fno_polish_fair_v2/fno_polish_hotspot_l003_w20_d80_160] [operator][epoch 115] lambda=0.0175 relay_stage=disabled relay_scale=1.000 relay_hotspot=0.0242 train_mse=0.00002318 val_mse=0.00004167 val_mae=0.00439535 | peer_val_mse=0.01632908 peer_val_mae=0.08954499
[worker3/operator_burgers_fno_polish_fair_v2] [operator_burgers_fno_polish_fair_v2/fno_polish_hotspot_l003_w20_d80_160] [operator][epoch 116] lambda=0.0172 relay_stage=disabled relay_scale=1.000 relay_hotspot=0.0334 train_mse=0.00004779 val_mse=0.00006237 val_mae=0.00603529 | peer_val_mse=0.01632908 peer_val_mae=0.08954499
[worker3/operator_burgers_fno_polish_fair_v2] [operator_burgers_fno_polish_fair_v2/fno_polish_hotspot_l003_w20_d80_160] [operator][epoch 117] lambda=0.0168 relay_stage=disabled relay_scale=1.000 relay_hotspot=0.0263 train_mse=0.00002769 val_mse=0.00001377 val_mae=0.00245968 | peer_val_mse=0.01632908 peer_val_mae=0.08954499
[worker3/operator_burgers_fno_polish_fair_v2] [operator_burgers_fno_polish_fair_v2/fno_polish_hotspot_l003_w20_d80_160] [operator][epoch 118] lambda=0.0165 relay_stage=disabled relay_scale=1.000 relay_hotspot=0.0217 train_mse=0.00001862 val_mse=0.00000716 val_mae=0.00198549 | peer_val_mse=0.01632908 peer_val_mae=0.08954499
[worker3/operator_burgers_fno_polish_fair_v2] [operator_burgers_fno_polish_fair_v2/fno_polish_hotspot_l003_w20_d80_160] [operator][epoch 119] lambda=0.0161 relay_stage=disabled relay_scale=1.000 relay_hotspot=0.0185 train_mse=0.00001501 val_mse=0.00000728 val_mae=0.00191526 | peer_val_mse=0.01632908 peer_val_mae=0.08954499
[worker3/operator_burgers_fno_polish_fair_v2] [operator_burgers_fno_polish_fair_v2/fno_polish_hotspot_l003_w20_d80_160] [operator][epoch 120] lambda=0.0158 relay_stage=disabled relay_scale=1.000 relay_hotspot=0.0140 train_mse=0.00000821 val_mse=0.00000423 val_mae=0.00147812 | peer_val_mse=0.01632908 peer_val_mae=0.08954499
[worker3/operator_burgers_fno_polish_fair_v2] [operator_burgers_fno_polish_fair_v2/fno_polish_hotspot_l003_w20_d80_160] [operator][epoch 120] updated live plot
[worker3/operator_burgers_fno_polish_fair_v2] [operator_burgers_fno_polish_fair_v2/fno_polish_hotspot_l003_w20_d80_160] [operator][epoch 121] lambda=0.0154 relay_stage=disabled relay_scale=1.000 relay_hotspot=0.0143 train_mse=0.00000928 val_mse=0.00001102 val_mae=0.00212739 | peer_val_mse=0.01632908 peer_val_mae=0.08954499
[worker3/operator_burgers_fno_polish_fair_v2] [operator_burgers_fno_polish_fair_v2/fno_polish_hotspot_l003_w20_d80_160] [operator][epoch 122] lambda=0.0150 relay_stage=disabled relay_scale=1.000 relay_hotspot=0.0210 train_mse=0.00002048 val_mse=0.00001202 val_mae=0.00235017 | peer_val_mse=0.01632908 peer_val_mae=0.08954499
[worker3/operator_burgers_fno_polish_fair_v2] [operator_burgers_fno_polish_fair_v2/fno_polish_hotspot_l003_w20_d80_160] [operator][epoch 123] lambda=0.0147 relay_stage=disabled relay_scale=1.000 relay_hotspot=0.0121 train_mse=0.00000598 val_mse=0.00000440 val_mae=0.00142083 | peer_val_mse=0.01632908 peer_val_mae=0.08954499
[worker3/operator_burgers_fno_polish_fair_v2] [operator_burgers_fno_polish_fair_v2/fno_polish_hotspot_l003_w20_d80_160] [operator][epoch 124] lambda=0.0143 relay_stage=disabled relay_scale=1.000 relay_hotspot=0.0099 train_mse=0.00000345 val_mse=0.00000340 val_mae=0.00134886 | peer_val_mse=0.01632908 peer_val_mae=0.08954499
[worker3/operator_burgers_fno_polish_fair_v2] [operator_burgers_fno_polish_fair_v2/fno_polish_hotspot_l003_w20_d80_160] [operator][epoch 125] lambda=0.0140 relay_stage=disabled relay_scale=1.000 relay_hotspot=0.0105 train_mse=0.00000405 val_mse=0.00000249 val_mae=0.00113125 | peer_val_mse=0.01632908 peer_val_mae=0.08954499
[worker3/operator_burgers_fno_polish_fair_v2] [operator_burgers_fno_polish_fair_v2/fno_polish_hotspot_l003_w20_d80_160] [operator][epoch 126] lambda=0.0136 relay_stage=disabled relay_scale=1.000 relay_hotspot=0.0090 train_mse=0.00000293 val_mse=0.00000335 val_mae=0.00124678 | peer_val_mse=0.01632908 peer_val_mae=0.08954499
[worker3/operator_burgers_fno_polish_fair_v2] [operator_burgers_fno_polish_fair_v2/fno_polish_hotspot_l003_w20_d80_160] [operator][epoch 127] lambda=0.0133 relay_stage=disabled relay_scale=1.000 relay_hotspot=0.0092 train_mse=0.00000311 val_mse=0.00000657 val_mae=0.00194968 | peer_val_mse=0.01632908 peer_val_mae=0.08954499
[worker3/operator_burgers_fno_polish_fair_v2] [operator_burgers_fno_polish_fair_v2/fno_polish_hotspot_l003_w20_d80_160] [operator][epoch 128] lambda=0.0129 relay_stage=disabled relay_scale=1.000 relay_hotspot=0.0115 train_mse=0.00000523 val_mse=0.00000315 val_mae=0.00124255 | peer_val_mse=0.01632908 peer_val_mae=0.08954499
[worker3/operator_burgers_fno_polish_fair_v2] [operator_burgers_fno_polish_fair_v2/fno_polish_hotspot_l003_w20_d80_160] [operator][epoch 129] lambda=0.0125 relay_stage=disabled relay_scale=1.000 relay_hotspot=0.0117 train_mse=0.00000523 val_mse=0.00000487 val_mae=0.00161731 | peer_val_mse=0.01632908 peer_val_mae=0.08954499
[worker3/operator_burgers_fno_polish_fair_v2] [operator_burgers_fno_polish_fair_v2/fno_polish_hotspot_l003_w20_d80_160] [operator][epoch 130] lambda=0.0122 relay_stage=disabled relay_scale=1.000 relay_hotspot=0.0209 train_mse=0.00001538 val_mse=0.00000818 val_mae=0.00195633 | peer_val_mse=0.01632908 peer_val_mae=0.08954499
[worker3/operator_burgers_fno_polish_fair_v2] [operator_burgers_fno_polish_fair_v2/fno_polish_hotspot_l003_w20_d80_160] [operator][epoch 131] lambda=0.0118 relay_stage=disabled relay_scale=1.000 relay_hotspot=0.0188 train_mse=0.00001346 val_mse=0.00000595 val_mae=0.00170250 | peer_val_mse=0.01632908 peer_val_mae=0.08954499
[worker3/operator_burgers_fno_polish_fair_v2] [operator_burgers_fno_polish_fair_v2/fno_polish_hotspot_l003_w20_d80_160] [operator][epoch 132] lambda=0.0115 relay_stage=disabled relay_scale=1.000 relay_hotspot=0.0183 train_mse=0.00001417 val_mse=0.00002177 val_mae=0.00376028 | peer_val_mse=0.01632908 peer_val_mae=0.08954499
[worker3/operator_burgers_fno_polish_fair_v2] [operator_burgers_fno_polish_fair_v2/fno_polish_hotspot_l003_w20_d80_160] [operator][epoch 133] lambda=0.0111 relay_stage=disabled relay_scale=1.000 relay_hotspot=0.0262 train_mse=0.00002680 val_mse=0.00002968 val_mae=0.00406684 | peer_val_mse=0.01632908 peer_val_mae=0.08954499
[worker3/operator_burgers_fno_polish_fair_v2] [operator_burgers_fno_polish_fair_v2/fno_polish_hotspot_l003_w20_d80_160] [operator][epoch 134] lambda=0.0108 relay_stage=disabled relay_scale=1.000 relay_hotspot=0.0257 train_mse=0.00002609 val_mse=0.00001093 val_mae=0.00247630 | peer_val_mse=0.01632908 peer_val_mae=0.08954499
[worker3/operator_burgers_fno_polish_fair_v2] [operator_burgers_fno_polish_fair_v2/fno_polish_hotspot_l003_w20_d80_160] [operator][epoch 135] lambda=0.0104 relay_stage=disabled relay_scale=1.000 relay_hotspot=0.0206 train_mse=0.00001734 val_mse=0.00000555 val_mae=0.00168194 | peer_val_mse=0.01632908 peer_val_mae=0.08954499
[worker3/operator_burgers_fno_polish_fair_v2] [operator_burgers_fno_polish_fair_v2/fno_polish_hotspot_l003_w20_d80_160] [operator][epoch 136] lambda=0.0101 relay_stage=disabled relay_scale=1.000 relay_hotspot=0.0147 train_mse=0.00000982 val_mse=0.00001429 val_mae=0.00282150 | peer_val_mse=0.01632908 peer_val_mae=0.08954499
[worker3/operator_burgers_fno_polish_fair_v2] [operator_burgers_fno_polish_fair_v2/fno_polish_hotspot_l003_w20_d80_160] [operator][epoch 137] lambda=0.0097 relay_stage=disabled relay_scale=1.000 relay_hotspot=0.0194 train_mse=0.00001594 val_mse=0.00000818 val_mae=0.00175240 | peer_val_mse=0.01632908 peer_val_mae=0.08954499
[worker3/operator_burgers_fno_polish_fair_v2] [operator_burgers_fno_polish_fair_v2/fno_polish_hotspot_l003_w20_d80_160] [operator][epoch 138] lambda=0.0093 relay_stage=disabled relay_scale=1.000 relay_hotspot=0.0150 train_mse=0.00000906 val_mse=0.00001110 val_mae=0.00256887 | peer_val_mse=0.01632908 peer_val_mae=0.08954499
[worker3/operator_burgers_fno_polish_fair_v2] [operator_burgers_fno_polish_fair_v2/fno_polish_hotspot_l003_w20_d80_160] [operator][epoch 139] lambda=0.0090 relay_stage=disabled relay_scale=1.000 relay_hotspot=0.0220 train_mse=0.00001914 val_mse=0.00000835 val_mae=0.00206145 | peer_val_mse=0.01632908 peer_val_mae=0.08954499
[worker3/operator_burgers_fno_polish_fair_v2] [operator_burgers_fno_polish_fair_v2/fno_polish_hotspot_l003_w20_d80_160] [operator][epoch 140] lambda=0.0086 relay_stage=disabled relay_scale=1.000 relay_hotspot=0.0197 train_mse=0.00001867 val_mse=0.00002211 val_mae=0.00336673 | peer_val_mse=0.01632908 peer_val_mae=0.08954499
[worker3/operator_burgers_fno_polish_fair_v2] [operator_burgers_fno_polish_fair_v2/fno_polish_hotspot_l003_w20_d80_160] [operator][epoch 140] updated live plot
[worker3/operator_burgers_fno_polish_fair_v2] [operator_burgers_fno_polish_fair_v2/fno_polish_hotspot_l003_w20_d80_160] [operator][epoch 141] lambda=0.0083 relay_stage=disabled relay_scale=1.000 relay_hotspot=0.0274 train_mse=0.00003621 val_mse=0.00003527 val_mae=0.00405815 | peer_val_mse=0.01632908 peer_val_mae=0.08954499
[worker3/operator_burgers_fno_polish_fair_v2] [operator_burgers_fno_polish_fair_v2/fno_polish_hotspot_l003_w20_d80_160] [operator][epoch 142] lambda=0.0079 relay_stage=disabled relay_scale=1.000 relay_hotspot=0.0376 train_mse=0.00005867 val_mse=0.00003558 val_mae=0.00465548 | peer_val_mse=0.01632908 peer_val_mae=0.08954499
[worker3/operator_burgers_fno_polish_fair_v2] [operator_burgers_fno_polish_fair_v2/fno_polish_hotspot_l003_w20_d80_160] [operator][epoch 143] lambda=0.0076 relay_stage=disabled relay_scale=1.000 relay_hotspot=0.0297 train_mse=0.00003439 val_mse=0.00003024 val_mae=0.00397586 | peer_val_mse=0.01632908 peer_val_mae=0.08954499
[worker3/operator_burgers_fno_polish_fair_v2] [operator_burgers_fno_polish_fair_v2/fno_polish_hotspot_l003_w20_d80_160] [operator][epoch 144] lambda=0.0072 relay_stage=disabled relay_scale=1.000 relay_hotspot=0.0243 train_mse=0.00002455 val_mse=0.00004253 val_mae=0.00506198 | peer_val_mse=0.01632908 peer_val_mae=0.08954499
[worker3/operator_burgers_fno_polish_fair_v2] [operator_burgers_fno_polish_fair_v2/fno_polish_hotspot_l003_w20_d80_160] [operator][epoch 145] lambda=0.0068 relay_stage=disabled relay_scale=1.000 relay_hotspot=0.0329 train_mse=0.00003927 val_mse=0.00002788 val_mae=0.00408326 | peer_val_mse=0.01632908 peer_val_mae=0.08954499
[worker3/operator_burgers_fno_polish_fair_v2] [operator_burgers_fno_polish_fair_v2/fno_polish_hotspot_l003_w20_d80_160] [operator][epoch 146] lambda=0.0065 relay_stage=disabled relay_scale=1.000 relay_hotspot=0.0259 train_mse=0.00002720 val_mse=0.00004339 val_mae=0.00516549 | peer_val_mse=0.01632908 peer_val_mae=0.08954499
[worker3/operator_burgers_fno_polish_fair_v2] [operator_burgers_fno_polish_fair_v2/fno_polish_hotspot_l003_w20_d80_160] [operator][epoch 147] lambda=0.0061 relay_stage=disabled relay_scale=1.000 relay_hotspot=0.0248 train_mse=0.00002260 val_mse=0.00000864 val_mae=0.00226109 | peer_val_mse=0.01632908 peer_val_mae=0.08954499
[worker3/operator_burgers_fno_polish_fair_v2] [operator_burgers_fno_polish_fair_v2/fno_polish_hotspot_l003_w20_d80_160] [operator][epoch 148] lambda=0.0058 relay_stage=disabled relay_scale=1.000 relay_hotspot=0.0155 train_mse=0.00000937 val_mse=0.00000448 val_mae=0.00152827 | peer_val_mse=0.01632908 peer_val_mae=0.08954499
[worker3/operator_burgers_fno_polish_fair_v2] [operator_burgers_fno_polish_fair_v2/fno_polish_hotspot_l003_w20_d80_160] [operator][epoch 149] lambda=0.0054 relay_stage=disabled relay_scale=1.000 relay_hotspot=0.0159 train_mse=0.00000870 val_mse=0.00000714 val_mae=0.00201930 | peer_val_mse=0.01632908 peer_val_mae=0.08954499
[worker3/operator_burgers_fno_polish_fair_v2] [operator_burgers_fno_polish_fair_v2/fno_polish_hotspot_l003_w20_d80_160] [operator][epoch 150] lambda=0.0051 relay_stage=disabled relay_scale=1.000 relay_hotspot=0.0260 train_mse=0.00002750 val_mse=0.00001555 val_mae=0.00252597 | peer_val_mse=0.01632908 peer_val_mae=0.08954499
[worker3/operator_burgers_fno_polish_fair_v2] [operator_burgers_fno_polish_fair_v2/fno_polish_hotspot_l003_w20_d80_160] [operator][epoch 151] lambda=0.0047 relay_stage=disabled relay_scale=1.000 relay_hotspot=0.0207 train_mse=0.00001884 val_mse=0.00004132 val_mae=0.00503523 | peer_val_mse=0.01632908 peer_val_mae=0.08954499
[worker3/operator_burgers_fno_polish_fair_v2] [operator_burgers_fno_polish_fair_v2/fno_polish_hotspot_l003_w20_d80_160] [operator][epoch 152] lambda=0.0044 relay_stage=disabled relay_scale=1.000 relay_hotspot=0.0355 train_mse=0.00005632 val_mse=0.00001563 val_mae=0.00321922 | peer_val_mse=0.01632908 peer_val_mae=0.08954499
[worker3/operator_burgers_fno_polish_fair_v2] [operator_burgers_fno_polish_fair_v2/fno_polish_hotspot_l003_w20_d80_160] [operator][epoch 153] lambda=0.0040 relay_stage=disabled relay_scale=1.000 relay_hotspot=0.0203 train_mse=0.00001659 val_mse=0.00000786 val_mae=0.00202338 | peer_val_mse=0.01632908 peer_val_mae=0.08954499
[worker3/operator_burgers_fno_polish_fair_v2] [operator_burgers_fno_polish_fair_v2/fno_polish_hotspot_l003_w20_d80_160] [operator][epoch 154] lambda=0.0036 relay_stage=disabled relay_scale=1.000 relay_hotspot=0.0121 train_mse=0.00000582 val_mse=0.00000434 val_mae=0.00135451 | peer_val_mse=0.01632908 peer_val_mae=0.08954499
[worker3/operator_burgers_fno_polish_fair_v2] [operator_burgers_fno_polish_fair_v2/fno_polish_hotspot_l003_w20_d80_160] [operator][epoch 155] lambda=0.0033 relay_stage=disabled relay_scale=1.000 relay_hotspot=0.0107 train_mse=0.00000479 val_mse=0.00000274 val_mae=0.00110147 | peer_val_mse=0.01632908 peer_val_mae=0.08954499
[worker3/operator_burgers_fno_polish_fair_v2] [operator_burgers_fno_polish_fair_v2/fno_polish_hotspot_l003_w20_d80_160] [operator][epoch 156] lambda=0.0029 relay_stage=disabled relay_scale=1.000 relay_hotspot=0.0095 train_mse=0.00000395 val_mse=0.00000578 val_mae=0.00177088 | peer_val_mse=0.01632908 peer_val_mae=0.08954499
[worker3/operator_burgers_fno_polish_fair_v2] [operator_burgers_fno_polish_fair_v2/fno_polish_hotspot_l003_w20_d80_160] [operator][epoch 157] lambda=0.0026 relay_stage=disabled relay_scale=1.000 relay_hotspot=0.0113 train_mse=0.00000457 val_mse=0.00000433 val_mae=0.00150661 | peer_val_mse=0.01632908 peer_val_mae=0.08954499
[worker3/operator_burgers_fno_polish_fair_v2] [operator_burgers_fno_polish_fair_v2/fno_polish_hotspot_l003_w20_d80_160] [operator][epoch 158] lambda=0.0022 relay_stage=disabled relay_scale=1.000 relay_hotspot=0.0106 train_mse=0.00000393 val_mse=0.00000325 val_mae=0.00122532 | peer_val_mse=0.01632908 peer_val_mae=0.08954499
[worker3/operator_burgers_fno_polish_fair_v2] [operator_burgers_fno_polish_fair_v2/fno_polish_hotspot_l003_w20_d80_160] [operator][epoch 159] lambda=0.0019 relay_stage=disabled relay_scale=1.000 relay_hotspot=0.0126 train_mse=0.00000658 val_mse=0.00001564 val_mae=0.00319008 | peer_val_mse=0.01632908 peer_val_mae=0.08954499
[worker3/operator_burgers_fno_polish_fair_v2] [operator_burgers_fno_polish_fair_v2/fno_polish_hotspot_l003_w20_d80_160] [operator][epoch 160] lambda=0.0015 relay_stage=disabled relay_scale=1.000 relay_hotspot=0.0160 train_mse=0.00000928 val_mse=0.00000508 val_mae=0.00170113 | peer_val_mse=0.01632908 peer_val_mae=0.08954499
[worker3/operator_burgers_fno_polish_fair_v2] [operator_burgers_fno_polish_fair_v2/fno_polish_hotspot_l003_w20_d80_160] [operator][epoch 160] updated live plot
[worker3/operator_burgers_fno_polish_fair_v2] [operator_burgers_fno_polish_fair_v2/fno_polish_hotspot_l003_w20_d80_160] [operator][epoch 161] lambda=0.0015 relay_stage=disabled relay_scale=1.000 relay_hotspot=0.0137 train_mse=0.00000735 val_mse=0.00000973 val_mae=0.00228334 | peer_val_mse=0.01632908 peer_val_mae=0.08954499
[worker3/operator_burgers_fno_polish_fair_v2] [operator_burgers_fno_polish_fair_v2/fno_polish_hotspot_l003_w20_d80_160] [operator][epoch 162] lambda=0.0015 relay_stage=disabled relay_scale=1.000 relay_hotspot=0.0097 train_mse=0.00000370 val_mse=0.00000628 val_mae=0.00173714 | peer_val_mse=0.01632908 peer_val_mae=0.08954499
[worker3/operator_burgers_fno_polish_fair_v2] [operator_burgers_fno_polish_fair_v2/fno_polish_hotspot_l003_w20_d80_160] [operator][epoch 163] lambda=0.0015 relay_stage=disabled relay_scale=1.000 relay_hotspot=0.0168 train_mse=0.00001289 val_mse=0.00001444 val_mae=0.00280025 | peer_val_mse=0.01632908 peer_val_mae=0.08954499
[worker3/operator_burgers_fno_polish_fair_v2] [operator_burgers_fno_polish_fair_v2/fno_polish_hotspot_l003_w20_d80_160] [operator][epoch 164] lambda=0.0015 relay_stage=disabled relay_scale=1.000 relay_hotspot=0.0186 train_mse=0.00001191 val_mse=0.00002021 val_mae=0.00353146 | peer_val_mse=0.01632908 peer_val_mae=0.08954499
[worker3/operator_burgers_fno_polish_fair_v2] [operator_burgers_fno_polish_fair_v2/fno_polish_hotspot_l003_w20_d80_160] [operator][epoch 165] lambda=0.0015 relay_stage=disabled relay_scale=1.000 relay_hotspot=0.0327 train_mse=0.00004547 val_mse=0.00006457 val_mae=0.00652978 | peer_val_mse=0.01632908 peer_val_mae=0.08954499
[worker3/operator_burgers_fno_polish_fair_v2] [operator_burgers_fno_polish_fair_v2/fno_polish_hotspot_l003_w20_d80_160] [operator][epoch 166] lambda=0.0015 relay_stage=disabled relay_scale=1.000 relay_hotspot=0.0313 train_mse=0.00003750 val_mse=0.00003268 val_mae=0.00365792 | peer_val_mse=0.01632908 peer_val_mae=0.08954499
[worker3/operator_burgers_fno_polish_fair_v2] [operator_burgers_fno_polish_fair_v2/fno_polish_hotspot_l003_w20_d80_160] [operator][epoch 167] lambda=0.0015 relay_stage=disabled relay_scale=1.000 relay_hotspot=0.0239 train_mse=0.00002180 val_mse=0.00003919 val_mae=0.00531732 | peer_val_mse=0.01632908 peer_val_mae=0.08954499
[worker3/operator_burgers_fno_polish_fair_v2] [operator_burgers_fno_polish_fair_v2/fno_polish_hotspot_l003_w20_d80_160] [operator][epoch 168] lambda=0.0015 relay_stage=disabled relay_scale=1.000 relay_hotspot=0.0237 train_mse=0.00002107 val_mse=0.00001085 val_mae=0.00227277 | peer_val_mse=0.01632908 peer_val_mae=0.08954499
[worker3/operator_burgers_fno_polish_fair_v2] [operator_burgers_fno_polish_fair_v2/fno_polish_hotspot_l003_w20_d80_160] [operator][epoch 169] lambda=0.0015 relay_stage=disabled relay_scale=1.000 relay_hotspot=0.0321 train_mse=0.00005039 val_mse=0.00003895 val_mae=0.00469559 | peer_val_mse=0.01632908 peer_val_mae=0.08954499
[worker3/operator_burgers_fno_polish_fair_v2] [operator_burgers_fno_polish_fair_v2/fno_polish_hotspot_l003_w20_d80_160] [operator][epoch 170] lambda=0.0015 relay_stage=disabled relay_scale=1.000 relay_hotspot=0.0226 train_mse=0.00002240 val_mse=0.00000973 val_mae=0.00224506 | peer_val_mse=0.01632908 peer_val_mae=0.08954499
[worker3/operator_burgers_fno_polish_fair_v2] [operator_burgers_fno_polish_fair_v2/fno_polish_hotspot_l003_w20_d80_160] [operator][epoch 171] lambda=0.0015 relay_stage=disabled relay_scale=1.000 relay_hotspot=0.0198 train_mse=0.00001493 val_mse=0.00000752 val_mae=0.00190373 | peer_val_mse=0.01632908 peer_val_mae=0.08954499
[worker3/operator_burgers_fno_polish_fair_v2] [operator_burgers_fno_polish_fair_v2/fno_polish_hotspot_l003_w20_d80_160] [operator][epoch 172] lambda=0.0015 relay_stage=disabled relay_scale=1.000 relay_hotspot=0.0132 train_mse=0.00000660 val_mse=0.00000549 val_mae=0.00148732 | peer_val_mse=0.01632908 peer_val_mae=0.08954499
[worker3/operator_burgers_fno_polish_fair_v2] [operator_burgers_fno_polish_fair_v2/fno_polish_hotspot_l003_w20_d80_160] [operator][epoch 173] lambda=0.0015 relay_stage=disabled relay_scale=1.000 relay_hotspot=0.0151 train_mse=0.00000841 val_mse=0.00000529 val_mae=0.00168084 | peer_val_mse=0.01632908 peer_val_mae=0.08954499
[worker3/operator_burgers_fno_polish_fair_v2] [operator_burgers_fno_polish_fair_v2/fno_polish_hotspot_l003_w20_d80_160] [operator][epoch 174] lambda=0.0015 relay_stage=disabled relay_scale=1.000 relay_hotspot=0.0118 train_mse=0.00000587 val_mse=0.00000422 val_mae=0.00142259 | peer_val_mse=0.01632908 peer_val_mae=0.08954499
[worker3/operator_burgers_fno_polish_fair_v2] [operator_burgers_fno_polish_fair_v2/fno_polish_hotspot_l003_w20_d80_160] [operator][epoch 175] lambda=0.0015 relay_stage=disabled relay_scale=1.000 relay_hotspot=0.0144 train_mse=0.00000644 val_mse=0.00000324 val_mae=0.00125682 | peer_val_mse=0.01632908 peer_val_mae=0.08954499
[worker3/operator_burgers_fno_polish_fair_v2] [operator_burgers_fno_polish_fair_v2/fno_polish_hotspot_l003_w20_d80_160] [operator][epoch 176] lambda=0.0015 relay_stage=disabled relay_scale=1.000 relay_hotspot=0.0097 train_mse=0.00000390 val_mse=0.00000372 val_mae=0.00136596 | peer_val_mse=0.01632908 peer_val_mae=0.08954499
[worker3/operator_burgers_fno_polish_fair_v2] [operator_burgers_fno_polish_fair_v2/fno_polish_hotspot_l003_w20_d80_160] [operator][epoch 177] lambda=0.0015 relay_stage=disabled relay_scale=1.000 relay_hotspot=0.0115 train_mse=0.00000498 val_mse=0.00000370 val_mae=0.00143769 | peer_val_mse=0.01632908 peer_val_mae=0.08954499
[worker3/operator_burgers_fno_polish_fair_v2] [operator_burgers_fno_polish_fair_v2/fno_polish_hotspot_l003_w20_d80_160] [operator][epoch 178] lambda=0.0015 relay_stage=disabled relay_scale=1.000 relay_hotspot=0.0136 train_mse=0.00000542 val_mse=0.00000456 val_mae=0.00160992 | peer_val_mse=0.01632908 peer_val_mae=0.08954499
[worker3/operator_burgers_fno_polish_fair_v2] [operator_burgers_fno_polish_fair_v2/fno_polish_hotspot_l003_w20_d80_160] [operator][epoch 179] lambda=0.0015 relay_stage=disabled relay_scale=1.000 relay_hotspot=0.0101 train_mse=0.00000403 val_mse=0.00000349 val_mae=0.00130227 | peer_val_mse=0.01632908 peer_val_mae=0.08954499
[worker3/operator_burgers_fno_polish_fair_v2] [operator_burgers_fno_polish_fair_v2/fno_polish_hotspot_l003_w20_d80_160] [operator][epoch 180] lambda=0.0015 relay_stage=disabled relay_scale=1.000 relay_hotspot=0.0132 train_mse=0.00000766 val_mse=0.00000899 val_mae=0.00203468 | peer_val_mse=0.01632908 peer_val_mae=0.08954499
[worker3/operator_burgers_fno_polish_fair_v2] [operator_burgers_fno_polish_fair_v2/fno_polish_hotspot_l003_w20_d80_160] [operator][epoch 180] updated live plot
[worker3/operator_burgers_fno_polish_fair_v2] [operator_burgers_fno_polish_fair_v2/fno_polish_hotspot_l003_w20_d80_160] [operator] done
[worker3/operator_burgers_fno_polish_fair_v2] [operator_burgers_fno_polish_fair_v2/fno_polish_full_l0015_w30_d100_180] lock -> /home/namkyeong/ssmo/results/.locks/operator_burgers_fno_polish_fair_v2_fno_polish_full_l0015_w30_d100_180.lock
[worker3/operator_burgers_fno_polish_fair_v2] [operator_burgers_fno_polish_fair_v2/fno_polish_full_l0015_w30_d100_180] log -> results/logs/operator_burgers_fno_polish_fair_v2/worker3/cases/fno_polish_full_l0015_w30_d100_180.log
[worker3/operator_burgers_fno_polish_fair_v2] [operator_burgers_fno_polish_fair_v2/fno_polish_full_l0015_w30_d100_180] [operator] output_dir=results/operator_burgers_fno_polish_fair_v2/worker3_gpu0/fno_polish_full_l0015_w30_d100_180
[worker3/operator_burgers_fno_polish_fair_v2] [operator_burgers_fno_polish_fair_v2/fno_polish_full_l0015_w30_d100_180] [operator] methods=ssml
[worker3/operator_burgers_fno_polish_fair_v2] [operator_burgers_fno_polish_fair_v2/fno_polish_full_l0015_w30_d100_180] [operator] model_pairs=fno:deeponet
[worker3/operator_burgers_fno_polish_fair_v2] [operator_burgers_fno_polish_fair_v2/fno_polish_full_l0015_w30_d100_180] [operator] relay_stage_epochs=
[worker3/operator_burgers_fno_polish_fair_v2] [operator_burgers_fno_polish_fair_v2/fno_polish_full_l0015_w30_d100_180] [operator] relay_hint_mode=full
[worker3/operator_burgers_fno_polish_fair_v2] [operator_burgers_fno_polish_fair_v2/fno_polish_full_l0015_w30_d100_180] [operator] relay_taper_schedule=linear
[worker3/operator_burgers_fno_polish_fair_v2] [operator_burgers_fno_polish_fair_v2/fno_polish_full_l0015_w30_d100_180] [operator] dataset=burgers pair=fno:deeponet method=ssml seed=0
[worker3/operator_burgers_fno_polish_fair_v2] [operator_burgers_fno_polish_fair_v2/fno_polish_full_l0015_w30_d100_180] [operator] loaded init_checkpoint=results/operator_burgers_followup_v1/burgers_l005_m0_w12_d60_120_ow1/operator/burgers/fno_independent_mse_seed0/model.pt
[worker3/operator_burgers_fno_polish_fair_v2] [operator_burgers_fno_polish_fair_v2/fno_polish_full_l0015_w30_d100_180] [operator] loaded peer_init_checkpoint=results/operator_burgers_followup_v1/burgers_l005_m0_w12_d60_120_ow1/operator/burgers/deeponet_independent_mse_seed0/model.pt
[worker3/operator_burgers_fno_polish_fair_v2] [operator_burgers_fno_polish_fair_v2/fno_polish_full_l0015_w30_d100_180] [operator] run_dir=results/operator_burgers_fno_polish_fair_v2/worker3_gpu0/fno_polish_full_l0015_w30_d100_180/operator/burgers/fno__deeponet_ssml_mse_seed0
[worker3/operator_burgers_fno_polish_fair_v2] [operator_burgers_fno_polish_fair_v2/fno_polish_full_l0015_w30_d100_180] [operator] params=279041
[worker3/operator_burgers_fno_polish_fair_v2] [operator_burgers_fno_polish_fair_v2/fno_polish_full_l0015_w30_d100_180] [operator] granularity=sample student_only=True freeze_peer=True peer_updates_disabled=True relay_stage_epochs=(0, 0, 0) relay_hint_mode=full relay_taper_schedule=linear
[worker3/operator_burgers_fno_polish_fair_v2] [operator_burgers_fno_polish_fair_v2/fno_polish_full_l0015_w30_d100_180] [operator][epoch 001] lambda=0.0000 relay_stage=disabled relay_scale=1.000 relay_hotspot=1.0000 train_mse=0.00034261 val_mse=0.00001659 val_mae=0.00293084 | peer_val_mse=0.02240843 peer_val_mae=0.09563191
[worker3/operator_burgers_fno_polish_fair_v2] [operator_burgers_fno_polish_fair_v2/fno_polish_full_l0015_w30_d100_180] [operator][epoch 002] lambda=0.0000 relay_stage=disabled relay_scale=1.000 relay_hotspot=1.0000 train_mse=0.00001027 val_mse=0.00001031 val_mae=0.00218644 | peer_val_mse=0.02240843 peer_val_mae=0.09563191
[worker3/operator_burgers_fno_polish_fair_v2] [operator_burgers_fno_polish_fair_v2/fno_polish_full_l0015_w30_d100_180] [operator][epoch 003] lambda=0.0000 relay_stage=disabled relay_scale=1.000 relay_hotspot=1.0000 train_mse=0.00000585 val_mse=0.00000503 val_mae=0.00145684 | peer_val_mse=0.02240843 peer_val_mae=0.09563191
[worker3/operator_burgers_fno_polish_fair_v2] [operator_burgers_fno_polish_fair_v2/fno_polish_full_l0015_w30_d100_180] [operator][epoch 004] lambda=0.0000 relay_stage=disabled relay_scale=1.000 relay_hotspot=1.0000 train_mse=0.00000358 val_mse=0.00000585 val_mae=0.00158105 | peer_val_mse=0.02240843 peer_val_mae=0.09563191
[worker3/operator_burgers_fno_polish_fair_v2] [operator_burgers_fno_polish_fair_v2/fno_polish_full_l0015_w30_d100_180] [operator][epoch 005] lambda=0.0000 relay_stage=disabled relay_scale=1.000 relay_hotspot=1.0000 train_mse=0.00001083 val_mse=0.00000880 val_mae=0.00210634 | peer_val_mse=0.02240843 peer_val_mae=0.09563191
[worker3/operator_burgers_fno_polish_fair_v2] [operator_burgers_fno_polish_fair_v2/fno_polish_full_l0015_w30_d100_180] [operator][epoch 006] lambda=0.0000 relay_stage=disabled relay_scale=1.000 relay_hotspot=1.0000 train_mse=0.00000560 val_mse=0.00001028 val_mae=0.00198393 | peer_val_mse=0.02240843 peer_val_mae=0.09563191
[worker3/operator_burgers_fno_polish_fair_v2] [operator_burgers_fno_polish_fair_v2/fno_polish_full_l0015_w30_d100_180] [operator][epoch 007] lambda=0.0000 relay_stage=disabled relay_scale=1.000 relay_hotspot=1.0000 train_mse=0.00000558 val_mse=0.00000497 val_mae=0.00148225 | peer_val_mse=0.02240843 peer_val_mae=0.09563191
[worker3/operator_burgers_fno_polish_fair_v2] [operator_burgers_fno_polish_fair_v2/fno_polish_full_l0015_w30_d100_180] [operator][epoch 008] lambda=0.0000 relay_stage=disabled relay_scale=1.000 relay_hotspot=1.0000 train_mse=0.00000484 val_mse=0.00000887 val_mae=0.00182487 | peer_val_mse=0.02240843 peer_val_mae=0.09563191
[worker3/operator_burgers_fno_polish_fair_v2] [operator_burgers_fno_polish_fair_v2/fno_polish_full_l0015_w30_d100_180] [operator][epoch 009] lambda=0.0000 relay_stage=disabled relay_scale=1.000 relay_hotspot=1.0000 train_mse=0.00003652 val_mse=0.00003683 val_mae=0.00458244 | peer_val_mse=0.02240843 peer_val_mae=0.09563191
[worker3/operator_burgers_fno_polish_fair_v2] [operator_burgers_fno_polish_fair_v2/fno_polish_full_l0015_w30_d100_180] [operator][epoch 010] lambda=0.0000 relay_stage=disabled relay_scale=1.000 relay_hotspot=1.0000 train_mse=0.00004803 val_mse=0.00005434 val_mae=0.00480865 | peer_val_mse=0.02240843 peer_val_mae=0.09563191
[worker3/operator_burgers_fno_polish_fair_v2] [operator_burgers_fno_polish_fair_v2/fno_polish_full_l0015_w30_d100_180] [operator][epoch 011] lambda=0.0000 relay_stage=disabled relay_scale=1.000 relay_hotspot=1.0000 train_mse=0.00004248 val_mse=0.00004706 val_mae=0.00540104 | peer_val_mse=0.02240843 peer_val_mae=0.09563191
[worker3/operator_burgers_fno_polish_fair_v2] [operator_burgers_fno_polish_fair_v2/fno_polish_full_l0015_w30_d100_180] [operator][epoch 012] lambda=0.0000 relay_stage=disabled relay_scale=1.000 relay_hotspot=1.0000 train_mse=0.00006219 val_mse=0.00004576 val_mae=0.00552817 | peer_val_mse=0.02240843 peer_val_mae=0.09563191
[worker3/operator_burgers_fno_polish_fair_v2] [operator_burgers_fno_polish_fair_v2/fno_polish_full_l0015_w30_d100_180] [operator][epoch 013] lambda=0.0000 relay_stage=disabled relay_scale=1.000 relay_hotspot=1.0000 train_mse=0.00001975 val_mse=0.00006478 val_mae=0.00526560 | peer_val_mse=0.02240843 peer_val_mae=0.09563191
[worker3/operator_burgers_fno_polish_fair_v2] [operator_burgers_fno_polish_fair_v2/fno_polish_full_l0015_w30_d100_180] [operator][epoch 014] lambda=0.0000 relay_stage=disabled relay_scale=1.000 relay_hotspot=1.0000 train_mse=0.00003111 val_mse=0.00001360 val_mae=0.00228747 | peer_val_mse=0.02240843 peer_val_mae=0.09563191
[worker3/operator_burgers_fno_polish_fair_v2] [operator_burgers_fno_polish_fair_v2/fno_polish_full_l0015_w30_d100_180] [operator][epoch 015] lambda=0.0000 relay_stage=disabled relay_scale=1.000 relay_hotspot=1.0000 train_mse=0.00000890 val_mse=0.00001448 val_mae=0.00209484 | peer_val_mse=0.02240843 peer_val_mae=0.09563191
[worker3/operator_burgers_fno_polish_fair_v2] [operator_burgers_fno_polish_fair_v2/fno_polish_full_l0015_w30_d100_180] [operator][epoch 016] lambda=0.0000 relay_stage=disabled relay_scale=1.000 relay_hotspot=1.0000 train_mse=0.00000791 val_mse=0.00001361 val_mae=0.00222939 | peer_val_mse=0.02240843 peer_val_mae=0.09563191
[worker3/operator_burgers_fno_polish_fair_v2] [operator_burgers_fno_polish_fair_v2/fno_polish_full_l0015_w30_d100_180] [operator][epoch 017] lambda=0.0000 relay_stage=disabled relay_scale=1.000 relay_hotspot=1.0000 train_mse=0.00003523 val_mse=0.00001369 val_mae=0.00242343 | peer_val_mse=0.02240843 peer_val_mae=0.09563191
[worker3/operator_burgers_fno_polish_fair_v2] [operator_burgers_fno_polish_fair_v2/fno_polish_full_l0015_w30_d100_180] [operator][epoch 018] lambda=0.0000 relay_stage=disabled relay_scale=1.000 relay_hotspot=1.0000 train_mse=0.00004182 val_mse=0.00008696 val_mae=0.00587519 | peer_val_mse=0.02240843 peer_val_mae=0.09563191
[worker3/operator_burgers_fno_polish_fair_v2] [operator_burgers_fno_polish_fair_v2/fno_polish_full_l0015_w30_d100_180] [operator][epoch 019] lambda=0.0000 relay_stage=disabled relay_scale=1.000 relay_hotspot=1.0000 train_mse=0.00004831 val_mse=0.00007295 val_mae=0.00533603 | peer_val_mse=0.02240843 peer_val_mae=0.09563191
[worker3/operator_burgers_fno_polish_fair_v2] [operator_burgers_fno_polish_fair_v2/fno_polish_full_l0015_w30_d100_180] [operator][epoch 020] lambda=0.0000 relay_stage=disabled relay_scale=1.000 relay_hotspot=1.0000 train_mse=0.00003828 val_mse=0.00002507 val_mae=0.00325177 | peer_val_mse=0.02240843 peer_val_mae=0.09563191
[worker3/operator_burgers_fno_polish_fair_v2] [operator_burgers_fno_polish_fair_v2/fno_polish_full_l0015_w30_d100_180] [operator][epoch 020] updated live plot
[worker3/operator_burgers_fno_polish_fair_v2] [operator_burgers_fno_polish_fair_v2/fno_polish_full_l0015_w30_d100_180] [operator][epoch 021] lambda=0.0000 relay_stage=disabled relay_scale=1.000 relay_hotspot=1.0000 train_mse=0.00003396 val_mse=0.00001968 val_mae=0.00288165 | peer_val_mse=0.02240843 peer_val_mae=0.09563191
[worker3/operator_burgers_fno_polish_fair_v2] [operator_burgers_fno_polish_fair_v2/fno_polish_full_l0015_w30_d100_180] [operator][epoch 022] lambda=0.0000 relay_stage=disabled relay_scale=1.000 relay_hotspot=1.0000 train_mse=0.00005350 val_mse=0.00007727 val_mae=0.00626470 | peer_val_mse=0.02240843 peer_val_mae=0.09563191
[worker3/operator_burgers_fno_polish_fair_v2] [operator_burgers_fno_polish_fair_v2/fno_polish_full_l0015_w30_d100_180] [operator][epoch 023] lambda=0.0000 relay_stage=disabled relay_scale=1.000 relay_hotspot=1.0000 train_mse=0.00004665 val_mse=0.00003846 val_mae=0.00332067 | peer_val_mse=0.02240843 peer_val_mae=0.09563191
[worker3/operator_burgers_fno_polish_fair_v2] [operator_burgers_fno_polish_fair_v2/fno_polish_full_l0015_w30_d100_180] [operator][epoch 024] lambda=0.0000 relay_stage=disabled relay_scale=1.000 relay_hotspot=1.0000 train_mse=0.00009700 val_mse=0.00002290 val_mae=0.00341155 | peer_val_mse=0.02240843 peer_val_mae=0.09563191
[worker3/operator_burgers_fno_polish_fair_v2] [operator_burgers_fno_polish_fair_v2/fno_polish_full_l0015_w30_d100_180] [operator][epoch 025] lambda=0.0000 relay_stage=disabled relay_scale=1.000 relay_hotspot=1.0000 train_mse=0.00001392 val_mse=0.00000959 val_mae=0.00193066 | peer_val_mse=0.02240843 peer_val_mae=0.09563191
[worker3/operator_burgers_fno_polish_fair_v2] [operator_burgers_fno_polish_fair_v2/fno_polish_full_l0015_w30_d100_180] [operator][epoch 026] lambda=0.0000 relay_stage=disabled relay_scale=1.000 relay_hotspot=1.0000 train_mse=0.00000751 val_mse=0.00000947 val_mae=0.00222556 | peer_val_mse=0.02240843 peer_val_mae=0.09563191
[worker3/operator_burgers_fno_polish_fair_v2] [operator_burgers_fno_polish_fair_v2/fno_polish_full_l0015_w30_d100_180] [operator][epoch 027] lambda=0.0000 relay_stage=disabled relay_scale=1.000 relay_hotspot=1.0000 train_mse=0.00000797 val_mse=0.00000868 val_mae=0.00199075 | peer_val_mse=0.02240843 peer_val_mae=0.09563191
[worker3/operator_burgers_fno_polish_fair_v2] [operator_burgers_fno_polish_fair_v2/fno_polish_full_l0015_w30_d100_180] [operator][epoch 028] lambda=0.0000 relay_stage=disabled relay_scale=1.000 relay_hotspot=1.0000 train_mse=0.00000663 val_mse=0.00000605 val_mae=0.00153377 | peer_val_mse=0.02240843 peer_val_mae=0.09563191
[worker3/operator_burgers_fno_polish_fair_v2] [operator_burgers_fno_polish_fair_v2/fno_polish_full_l0015_w30_d100_180] [operator][epoch 029] lambda=0.0000 relay_stage=disabled relay_scale=1.000 relay_hotspot=1.0000 train_mse=0.00000567 val_mse=0.00001052 val_mae=0.00238662 | peer_val_mse=0.02240843 peer_val_mae=0.09563191
[worker3/operator_burgers_fno_polish_fair_v2] [operator_burgers_fno_polish_fair_v2/fno_polish_full_l0015_w30_d100_180] [operator][epoch 030] lambda=0.0000 relay_stage=disabled relay_scale=1.000 relay_hotspot=1.0000 train_mse=0.00000513 val_mse=0.00000598 val_mae=0.00166580 | peer_val_mse=0.02240843 peer_val_mae=0.09563191
[worker3/operator_burgers_fno_polish_fair_v2] [operator_burgers_fno_polish_fair_v2/fno_polish_full_l0015_w30_d100_180] [operator][epoch 031] lambda=0.0150 relay_stage=disabled relay_scale=1.000 relay_hotspot=1.0000 train_mse=0.00000952 val_mse=0.00003015 val_mae=0.00358567 | peer_val_mse=0.02240843 peer_val_mae=0.09563191
[worker3/operator_burgers_fno_polish_fair_v2] [operator_burgers_fno_polish_fair_v2/fno_polish_full_l0015_w30_d100_180] [operator][epoch 032] lambda=0.0150 relay_stage=disabled relay_scale=1.000 relay_hotspot=1.0000 train_mse=0.00003249 val_mse=0.00002370 val_mae=0.00378138 | peer_val_mse=0.02240843 peer_val_mae=0.09563191
[worker3/operator_burgers_fno_polish_fair_v2] [operator_burgers_fno_polish_fair_v2/fno_polish_full_l0015_w30_d100_180] [operator][epoch 033] lambda=0.0150 relay_stage=disabled relay_scale=1.000 relay_hotspot=1.0000 train_mse=0.00002452 val_mse=0.00002296 val_mae=0.00355299 | peer_val_mse=0.02240843 peer_val_mae=0.09563191
[worker3/operator_burgers_fno_polish_fair_v2] [operator_burgers_fno_polish_fair_v2/fno_polish_full_l0015_w30_d100_180] [operator][epoch 034] lambda=0.0150 relay_stage=disabled relay_scale=1.000 relay_hotspot=1.0000 train_mse=0.00002056 val_mse=0.00001428 val_mae=0.00265621 | peer_val_mse=0.02240843 peer_val_mae=0.09563191
[worker3/operator_burgers_fno_polish_fair_v2] [operator_burgers_fno_polish_fair_v2/fno_polish_full_l0015_w30_d100_180] [operator][epoch 035] lambda=0.0150 relay_stage=disabled relay_scale=1.000 relay_hotspot=1.0000 train_mse=0.00002063 val_mse=0.00001926 val_mae=0.00311197 | peer_val_mse=0.02240843 peer_val_mae=0.09563191
[worker3/operator_burgers_fno_polish_fair_v2] [operator_burgers_fno_polish_fair_v2/fno_polish_full_l0015_w30_d100_180] [operator][epoch 036] lambda=0.0150 relay_stage=disabled relay_scale=1.000 relay_hotspot=1.0000 train_mse=0.00007713 val_mse=0.00001905 val_mae=0.00340730 | peer_val_mse=0.02240843 peer_val_mae=0.09563191
[worker3/operator_burgers_fno_polish_fair_v2] [operator_burgers_fno_polish_fair_v2/fno_polish_full_l0015_w30_d100_180] [operator][epoch 037] lambda=0.0150 relay_stage=disabled relay_scale=1.000 relay_hotspot=1.0000 train_mse=0.00001571 val_mse=0.00001465 val_mae=0.00250068 | peer_val_mse=0.02240843 peer_val_mae=0.09563191
[worker3/operator_burgers_fno_polish_fair_v2] [operator_burgers_fno_polish_fair_v2/fno_polish_full_l0015_w30_d100_180] [operator][epoch 038] lambda=0.0150 relay_stage=disabled relay_scale=1.000 relay_hotspot=1.0000 train_mse=0.00004380 val_mse=0.00001597 val_mae=0.00293575 | peer_val_mse=0.02240843 peer_val_mae=0.09563191
[worker3/operator_burgers_fno_polish_fair_v2] [operator_burgers_fno_polish_fair_v2/fno_polish_full_l0015_w30_d100_180] [operator][epoch 039] lambda=0.0150 relay_stage=disabled relay_scale=1.000 relay_hotspot=1.0000 train_mse=0.00002007 val_mse=0.00003386 val_mae=0.00277837 | peer_val_mse=0.02240843 peer_val_mae=0.09563191
[worker3/operator_burgers_fno_polish_fair_v2] [operator_burgers_fno_polish_fair_v2/fno_polish_full_l0015_w30_d100_180] [operator][epoch 040] lambda=0.0150 relay_stage=disabled relay_scale=1.000 relay_hotspot=1.0000 train_mse=0.00002216 val_mse=0.00006087 val_mae=0.00553626 | peer_val_mse=0.02240843 peer_val_mae=0.09563191
[worker3/operator_burgers_fno_polish_fair_v2] [operator_burgers_fno_polish_fair_v2/fno_polish_full_l0015_w30_d100_180] [operator][epoch 040] updated live plot
[worker3/operator_burgers_fno_polish_fair_v2] [operator_burgers_fno_polish_fair_v2/fno_polish_full_l0015_w30_d100_180] [operator][epoch 041] lambda=0.0150 relay_stage=disabled relay_scale=1.000 relay_hotspot=1.0000 train_mse=0.00006644 val_mse=0.00003128 val_mae=0.00348729 | peer_val_mse=0.02240843 peer_val_mae=0.09563191
[worker3/operator_burgers_fno_polish_fair_v2] [operator_burgers_fno_polish_fair_v2/fno_polish_full_l0015_w30_d100_180] [operator][epoch 042] lambda=0.0150 relay_stage=disabled relay_scale=1.000 relay_hotspot=1.0000 train_mse=0.00002868 val_mse=0.00001796 val_mae=0.00251323 | peer_val_mse=0.02240843 peer_val_mae=0.09563191
[worker3/operator_burgers_fno_polish_fair_v2] [operator_burgers_fno_polish_fair_v2/fno_polish_full_l0015_w30_d100_180] [operator][epoch 043] lambda=0.0150 relay_stage=disabled relay_scale=1.000 relay_hotspot=1.0000 train_mse=0.00004715 val_mse=0.00002049 val_mae=0.00301520 | peer_val_mse=0.02240843 peer_val_mae=0.09563191
[worker3/operator_burgers_fno_polish_fair_v2] [operator_burgers_fno_polish_fair_v2/fno_polish_full_l0015_w30_d100_180] [operator][epoch 044] lambda=0.0150 relay_stage=disabled relay_scale=1.000 relay_hotspot=1.0000 train_mse=0.00003307 val_mse=0.00002538 val_mae=0.00326564 | peer_val_mse=0.02240843 peer_val_mae=0.09563191
[worker3/operator_burgers_fno_polish_fair_v2] [operator_burgers_fno_polish_fair_v2/fno_polish_full_l0015_w30_d100_180] [operator][epoch 045] lambda=0.0150 relay_stage=disabled relay_scale=1.000 relay_hotspot=1.0000 train_mse=0.00003165 val_mse=0.00001569 val_mae=0.00268816 | peer_val_mse=0.02240843 peer_val_mae=0.09563191
[worker3/operator_burgers_fno_polish_fair_v2] [operator_burgers_fno_polish_fair_v2/fno_polish_full_l0015_w30_d100_180] [operator][epoch 046] lambda=0.0150 relay_stage=disabled relay_scale=1.000 relay_hotspot=1.0000 train_mse=0.00001298 val_mse=0.00001602 val_mae=0.00254178 | peer_val_mse=0.02240843 peer_val_mae=0.09563191
[worker3/operator_burgers_fno_polish_fair_v2] [operator_burgers_fno_polish_fair_v2/fno_polish_full_l0015_w30_d100_180] [operator][epoch 047] lambda=0.0150 relay_stage=disabled relay_scale=1.000 relay_hotspot=1.0000 train_mse=0.00001065 val_mse=0.00001107 val_mae=0.00217897 | peer_val_mse=0.02240843 peer_val_mae=0.09563191
[worker3/operator_burgers_fno_polish_fair_v2] [operator_burgers_fno_polish_fair_v2/fno_polish_full_l0015_w30_d100_180] [operator][epoch 048] lambda=0.0150 relay_stage=disabled relay_scale=1.000 relay_hotspot=1.0000 train_mse=0.00003298 val_mse=0.00004196 val_mae=0.00360122 | peer_val_mse=0.02240843 peer_val_mae=0.09563191
[worker3/operator_burgers_fno_polish_fair_v2] [operator_burgers_fno_polish_fair_v2/fno_polish_full_l0015_w30_d100_180] [operator][epoch 049] lambda=0.0150 relay_stage=disabled relay_scale=1.000 relay_hotspot=1.0000 train_mse=0.00003164 val_mse=0.00005251 val_mae=0.00514153 | peer_val_mse=0.02240843 peer_val_mae=0.09563191
[worker3/operator_burgers_fno_polish_fair_v2] [operator_burgers_fno_polish_fair_v2/fno_polish_full_l0015_w30_d100_180] [operator][epoch 050] lambda=0.0150 relay_stage=disabled relay_scale=1.000 relay_hotspot=1.0000 train_mse=0.00009573 val_mse=0.00004789 val_mae=0.00517147 | peer_val_mse=0.02240843 peer_val_mae=0.09563191
[worker3/operator_burgers_fno_polish_fair_v2] [operator_burgers_fno_polish_fair_v2/fno_polish_full_l0015_w30_d100_180] [operator][epoch 051] lambda=0.0150 relay_stage=disabled relay_scale=1.000 relay_hotspot=1.0000 train_mse=0.00006499 val_mse=0.00003768 val_mae=0.00445200 | peer_val_mse=0.02240843 peer_val_mae=0.09563191
[worker3/operator_burgers_fno_polish_fair_v2] [operator_burgers_fno_polish_fair_v2/fno_polish_full_l0015_w30_d100_180] [operator][epoch 052] lambda=0.0150 relay_stage=disabled relay_scale=1.000 relay_hotspot=1.0000 train_mse=0.00002422 val_mse=0.00001507 val_mae=0.00238363 | peer_val_mse=0.02240843 peer_val_mae=0.09563191
[worker3/operator_burgers_fno_polish_fair_v2] [operator_burgers_fno_polish_fair_v2/fno_polish_full_l0015_w30_d100_180] [operator][epoch 053] lambda=0.0150 relay_stage=disabled relay_scale=1.000 relay_hotspot=1.0000 train_mse=0.00001530 val_mse=0.00000966 val_mae=0.00199713 | peer_val_mse=0.02240843 peer_val_mae=0.09563191
[worker3/operator_burgers_fno_polish_fair_v2] [operator_burgers_fno_polish_fair_v2/fno_polish_full_l0015_w30_d100_180] [operator][epoch 054] lambda=0.0150 relay_stage=disabled relay_scale=1.000 relay_hotspot=1.0000 train_mse=0.00001627 val_mse=0.00001509 val_mae=0.00280390 | peer_val_mse=0.02240843 peer_val_mae=0.09563191
[worker3/operator_burgers_fno_polish_fair_v2] [operator_burgers_fno_polish_fair_v2/fno_polish_full_l0015_w30_d100_180] [operator][epoch 055] lambda=0.0150 relay_stage=disabled relay_scale=1.000 relay_hotspot=1.0000 train_mse=0.00000747 val_mse=0.00001739 val_mae=0.00312453 | peer_val_mse=0.02240843 peer_val_mae=0.09563191
[worker3/operator_burgers_fno_polish_fair_v2] [operator_burgers_fno_polish_fair_v2/fno_polish_full_l0015_w30_d100_180] [operator][epoch 056] lambda=0.0150 relay_stage=disabled relay_scale=1.000 relay_hotspot=1.0000 train_mse=0.00001865 val_mse=0.00001541 val_mae=0.00256018 | peer_val_mse=0.02240843 peer_val_mae=0.09563191
[worker3/operator_burgers_fno_polish_fair_v2] [operator_burgers_fno_polish_fair_v2/fno_polish_full_l0015_w30_d100_180] [operator][epoch 057] lambda=0.0150 relay_stage=disabled relay_scale=1.000 relay_hotspot=1.0000 train_mse=0.00000816 val_mse=0.00001003 val_mae=0.00228632 | peer_val_mse=0.02240843 peer_val_mae=0.09563191
[worker3/operator_burgers_fno_polish_fair_v2] [operator_burgers_fno_polish_fair_v2/fno_polish_full_l0015_w30_d100_180] [operator][epoch 058] lambda=0.0150 relay_stage=disabled relay_scale=1.000 relay_hotspot=1.0000 train_mse=0.00001496 val_mse=0.00000649 val_mae=0.00177866 | peer_val_mse=0.02240843 peer_val_mae=0.09563191
[worker3/operator_burgers_fno_polish_fair_v2] [operator_burgers_fno_polish_fair_v2/fno_polish_full_l0015_w30_d100_180] [operator][epoch 059] lambda=0.0150 relay_stage=disabled relay_scale=1.000 relay_hotspot=1.0000 train_mse=0.00000419 val_mse=0.00000601 val_mae=0.00167824 | peer_val_mse=0.02240843 peer_val_mae=0.09563191
[worker3/operator_burgers_fno_polish_fair_v2] [operator_burgers_fno_polish_fair_v2/fno_polish_full_l0015_w30_d100_180] [operator][epoch 060] lambda=0.0150 relay_stage=disabled relay_scale=1.000 relay_hotspot=1.0000 train_mse=0.00000296 val_mse=0.00000419 val_mae=0.00127909 | peer_val_mse=0.02240843 peer_val_mae=0.09563191
[worker3/operator_burgers_fno_polish_fair_v2] [operator_burgers_fno_polish_fair_v2/fno_polish_full_l0015_w30_d100_180] [operator][epoch 060] updated live plot
[worker3/operator_burgers_fno_polish_fair_v2] [operator_burgers_fno_polish_fair_v2/fno_polish_full_l0015_w30_d100_180] [operator][epoch 061] lambda=0.0150 relay_stage=disabled relay_scale=1.000 relay_hotspot=1.0000 train_mse=0.00000243 val_mse=0.00000447 val_mae=0.00132022 | peer_val_mse=0.02240843 peer_val_mae=0.09563191
[worker3/operator_burgers_fno_polish_fair_v2] [operator_burgers_fno_polish_fair_v2/fno_polish_full_l0015_w30_d100_180] [operator][epoch 062] lambda=0.0150 relay_stage=disabled relay_scale=1.000 relay_hotspot=1.0000 train_mse=0.00000334 val_mse=0.00000642 val_mae=0.00149968 | peer_val_mse=0.02240843 peer_val_mae=0.09563191
[worker3/operator_burgers_fno_polish_fair_v2] [operator_burgers_fno_polish_fair_v2/fno_polish_full_l0015_w30_d100_180] [operator][epoch 063] lambda=0.0150 relay_stage=disabled relay_scale=1.000 relay_hotspot=1.0000 train_mse=0.00000508 val_mse=0.00001602 val_mae=0.00290991 | peer_val_mse=0.02240843 peer_val_mae=0.09563191
[worker3/operator_burgers_fno_polish_fair_v2] [operator_burgers_fno_polish_fair_v2/fno_polish_full_l0015_w30_d100_180] [operator][epoch 064] lambda=0.0150 relay_stage=disabled relay_scale=1.000 relay_hotspot=1.0000 train_mse=0.00001265 val_mse=0.00001275 val_mae=0.00246355 | peer_val_mse=0.02240843 peer_val_mae=0.09563191
[worker3/operator_burgers_fno_polish_fair_v2] [operator_burgers_fno_polish_fair_v2/fno_polish_full_l0015_w30_d100_180] [operator][epoch 065] lambda=0.0150 relay_stage=disabled relay_scale=1.000 relay_hotspot=1.0000 train_mse=0.00001600 val_mse=0.00002708 val_mae=0.00350805 | peer_val_mse=0.02240843 peer_val_mae=0.09563191
[worker3/operator_burgers_fno_polish_fair_v2] [operator_burgers_fno_polish_fair_v2/fno_polish_full_l0015_w30_d100_180] [operator][epoch 066] lambda=0.0150 relay_stage=disabled relay_scale=1.000 relay_hotspot=1.0000 train_mse=0.00001829 val_mse=0.00001422 val_mae=0.00242528 | peer_val_mse=0.02240843 peer_val_mae=0.09563191
[worker3/operator_burgers_fno_polish_fair_v2] [operator_burgers_fno_polish_fair_v2/fno_polish_full_l0015_w30_d100_180] [operator][epoch 067] lambda=0.0150 relay_stage=disabled relay_scale=1.000 relay_hotspot=1.0000 train_mse=0.00002313 val_mse=0.00002965 val_mae=0.00415436 | peer_val_mse=0.02240843 peer_val_mae=0.09563191
[worker3/operator_burgers_fno_polish_fair_v2] [operator_burgers_fno_polish_fair_v2/fno_polish_full_l0015_w30_d100_180] [operator][epoch 068] lambda=0.0150 relay_stage=disabled relay_scale=1.000 relay_hotspot=1.0000 train_mse=0.00003010 val_mse=0.00001678 val_mae=0.00297168 | peer_val_mse=0.02240843 peer_val_mae=0.09563191
[worker3/operator_burgers_fno_polish_fair_v2] [operator_burgers_fno_polish_fair_v2/fno_polish_full_l0015_w30_d100_180] [operator][epoch 069] lambda=0.0150 relay_stage=disabled relay_scale=1.000 relay_hotspot=1.0000 train_mse=0.00002072 val_mse=0.00004463 val_mae=0.00440040 | peer_val_mse=0.02240843 peer_val_mae=0.09563191
[worker3/operator_burgers_fno_polish_fair_v2] [operator_burgers_fno_polish_fair_v2/fno_polish_full_l0015_w30_d100_180] [operator][epoch 070] lambda=0.0150 relay_stage=disabled relay_scale=1.000 relay_hotspot=1.0000 train_mse=0.00010768 val_mse=0.00016584 val_mae=0.00756515 | peer_val_mse=0.02240843 peer_val_mae=0.09563191
[worker3/operator_burgers_fno_polish_fair_v2] [operator_burgers_fno_polish_fair_v2/fno_polish_full_l0015_w30_d100_180] [operator][epoch 071] lambda=0.0150 relay_stage=disabled relay_scale=1.000 relay_hotspot=1.0000 train_mse=0.00005995 val_mse=0.00002951 val_mae=0.00375621 | peer_val_mse=0.02240843 peer_val_mae=0.09563191
[worker3/operator_burgers_fno_polish_fair_v2] [operator_burgers_fno_polish_fair_v2/fno_polish_full_l0015_w30_d100_180] [operator][epoch 072] lambda=0.0150 relay_stage=disabled relay_scale=1.000 relay_hotspot=1.0000 train_mse=0.00005773 val_mse=0.00005571 val_mae=0.00518295 | peer_val_mse=0.02240843 peer_val_mae=0.09563191
[worker3/operator_burgers_fno_polish_fair_v2] [operator_burgers_fno_polish_fair_v2/fno_polish_full_l0015_w30_d100_180] [operator][epoch 073] lambda=0.0150 relay_stage=disabled relay_scale=1.000 relay_hotspot=1.0000 train_mse=0.00004767 val_mse=0.00001961 val_mae=0.00300724 | peer_val_mse=0.02240843 peer_val_mae=0.09563191
[worker3/operator_burgers_fno_polish_fair_v2] [operator_burgers_fno_polish_fair_v2/fno_polish_full_l0015_w30_d100_180] [operator][epoch 074] lambda=0.0150 relay_stage=disabled relay_scale=1.000 relay_hotspot=1.0000 train_mse=0.00003584 val_mse=0.00009579 val_mae=0.00713151 | peer_val_mse=0.02240843 peer_val_mae=0.09563191
[worker3/operator_burgers_fno_polish_fair_v2] [operator_burgers_fno_polish_fair_v2/fno_polish_full_l0015_w30_d100_180] [operator][epoch 075] lambda=0.0150 relay_stage=disabled relay_scale=1.000 relay_hotspot=1.0000 train_mse=0.00009022 val_mse=0.00002570 val_mae=0.00345462 | peer_val_mse=0.02240843 peer_val_mae=0.09563191
[worker3/operator_burgers_fno_polish_fair_v2] [operator_burgers_fno_polish_fair_v2/fno_polish_full_l0015_w30_d100_180] [operator][epoch 076] lambda=0.0150 relay_stage=disabled relay_scale=1.000 relay_hotspot=1.0000 train_mse=0.00003239 val_mse=0.00004291 val_mae=0.00439634 | peer_val_mse=0.02240843 peer_val_mae=0.09563191
[worker3/operator_burgers_fno_polish_fair_v2] [operator_burgers_fno_polish_fair_v2/fno_polish_full_l0015_w30_d100_180] [operator][epoch 077] lambda=0.0150 relay_stage=disabled relay_scale=1.000 relay_hotspot=1.0000 train_mse=0.00003109 val_mse=0.00001965 val_mae=0.00258442 | peer_val_mse=0.02240843 peer_val_mae=0.09563191
[worker3/operator_burgers_fno_polish_fair_v2] [operator_burgers_fno_polish_fair_v2/fno_polish_full_l0015_w30_d100_180] [operator][epoch 078] lambda=0.0150 relay_stage=disabled relay_scale=1.000 relay_hotspot=1.0000 train_mse=0.00002599 val_mse=0.00001628 val_mae=0.00277931 | peer_val_mse=0.02240843 peer_val_mae=0.09563191
[worker3/operator_burgers_fno_polish_fair_v2] [operator_burgers_fno_polish_fair_v2/fno_polish_full_l0015_w30_d100_180] [operator][epoch 079] lambda=0.0150 relay_stage=disabled relay_scale=1.000 relay_hotspot=1.0000 train_mse=0.00001293 val_mse=0.00001186 val_mae=0.00191819 | peer_val_mse=0.02240843 peer_val_mae=0.09563191
[worker3/operator_burgers_fno_polish_fair_v2] [operator_burgers_fno_polish_fair_v2/fno_polish_full_l0015_w30_d100_180] [operator][epoch 080] lambda=0.0150 relay_stage=disabled relay_scale=1.000 relay_hotspot=1.0000 train_mse=0.00002403 val_mse=0.00000937 val_mae=0.00202391 | peer_val_mse=0.02240843 peer_val_mae=0.09563191
[worker3/operator_burgers_fno_polish_fair_v2] [operator_burgers_fno_polish_fair_v2/fno_polish_full_l0015_w30_d100_180] [operator][epoch 080] updated live plot
[worker3/operator_burgers_fno_polish_fair_v2] [operator_burgers_fno_polish_fair_v2/fno_polish_full_l0015_w30_d100_180] [operator][epoch 081] lambda=0.0150 relay_stage=disabled relay_scale=1.000 relay_hotspot=1.0000 train_mse=0.00001581 val_mse=0.00001600 val_mae=0.00302436 | peer_val_mse=0.02240843 peer_val_mae=0.09563191
[worker3/operator_burgers_fno_polish_fair_v2] [operator_burgers_fno_polish_fair_v2/fno_polish_full_l0015_w30_d100_180] [operator][epoch 082] lambda=0.0150 relay_stage=disabled relay_scale=1.000 relay_hotspot=1.0000 train_mse=0.00000894 val_mse=0.00001187 val_mae=0.00213574 | peer_val_mse=0.02240843 peer_val_mae=0.09563191
[worker3/operator_burgers_fno_polish_fair_v2] [operator_burgers_fno_polish_fair_v2/fno_polish_full_l0015_w30_d100_180] [operator][epoch 083] lambda=0.0150 relay_stage=disabled relay_scale=1.000 relay_hotspot=1.0000 train_mse=0.00000783 val_mse=0.00000614 val_mae=0.00145311 | peer_val_mse=0.02240843 peer_val_mae=0.09563191
[worker3/operator_burgers_fno_polish_fair_v2] [operator_burgers_fno_polish_fair_v2/fno_polish_full_l0015_w30_d100_180] [operator][epoch 084] lambda=0.0150 relay_stage=disabled relay_scale=1.000 relay_hotspot=1.0000 train_mse=0.00000532 val_mse=0.00000558 val_mae=0.00158140 | peer_val_mse=0.02240843 peer_val_mae=0.09563191
[worker3/operator_burgers_fno_polish_fair_v2] [operator_burgers_fno_polish_fair_v2/fno_polish_full_l0015_w30_d100_180] [operator][epoch 085] lambda=0.0150 relay_stage=disabled relay_scale=1.000 relay_hotspot=1.0000 train_mse=0.00000484 val_mse=0.00000410 val_mae=0.00132726 | peer_val_mse=0.02240843 peer_val_mae=0.09563191
[worker3/operator_burgers_fno_polish_fair_v2] [operator_burgers_fno_polish_fair_v2/fno_polish_full_l0015_w30_d100_180] [operator][epoch 086] lambda=0.0150 relay_stage=disabled relay_scale=1.000 relay_hotspot=1.0000 train_mse=0.00000459 val_mse=0.00000688 val_mae=0.00172929 | peer_val_mse=0.02240843 peer_val_mae=0.09563191
[worker3/operator_burgers_fno_polish_fair_v2] [operator_burgers_fno_polish_fair_v2/fno_polish_full_l0015_w30_d100_180] [operator][epoch 087] lambda=0.0150 relay_stage=disabled relay_scale=1.000 relay_hotspot=1.0000 train_mse=0.00000472 val_mse=0.00000630 val_mae=0.00176707 | peer_val_mse=0.02240843 peer_val_mae=0.09563191
[worker3/operator_burgers_fno_polish_fair_v2] [operator_burgers_fno_polish_fair_v2/fno_polish_full_l0015_w30_d100_180] [operator][epoch 088] lambda=0.0150 relay_stage=disabled relay_scale=1.000 relay_hotspot=1.0000 train_mse=0.00000903 val_mse=0.00001817 val_mae=0.00315506 | peer_val_mse=0.02240843 peer_val_mae=0.09563191
[worker3/operator_burgers_fno_polish_fair_v2] [operator_burgers_fno_polish_fair_v2/fno_polish_full_l0015_w30_d100_180] [operator][epoch 089] lambda=0.0150 relay_stage=disabled relay_scale=1.000 relay_hotspot=1.0000 train_mse=0.00001536 val_mse=0.00001440 val_mae=0.00268913 | peer_val_mse=0.02240843 peer_val_mae=0.09563191
[worker3/operator_burgers_fno_polish_fair_v2] [operator_burgers_fno_polish_fair_v2/fno_polish_full_l0015_w30_d100_180] [operator][epoch 090] lambda=0.0150 relay_stage=disabled relay_scale=1.000 relay_hotspot=1.0000 train_mse=0.00001425 val_mse=0.00001159 val_mae=0.00246365 | peer_val_mse=0.02240843 peer_val_mae=0.09563191
[worker3/operator_burgers_fno_polish_fair_v2] [operator_burgers_fno_polish_fair_v2/fno_polish_full_l0015_w30_d100_180] [operator][epoch 091] lambda=0.0150 relay_stage=disabled relay_scale=1.000 relay_hotspot=1.0000 train_mse=0.00000764 val_mse=0.00001119 val_mae=0.00234335 | peer_val_mse=0.02240843 peer_val_mae=0.09563191
[worker3/operator_burgers_fno_polish_fair_v2] [operator_burgers_fno_polish_fair_v2/fno_polish_full_l0015_w30_d100_180] [operator][epoch 092] lambda=0.0150 relay_stage=disabled relay_scale=1.000 relay_hotspot=1.0000 train_mse=0.00005874 val_mse=0.00002714 val_mae=0.00378114 | peer_val_mse=0.02240843 peer_val_mae=0.09563191
[worker3/operator_burgers_fno_polish_fair_v2] [operator_burgers_fno_polish_fair_v2/fno_polish_full_l0015_w30_d100_180] [operator][epoch 093] lambda=0.0150 relay_stage=disabled relay_scale=1.000 relay_hotspot=1.0000 train_mse=0.00004685 val_mse=0.00003890 val_mae=0.00431697 | peer_val_mse=0.02240843 peer_val_mae=0.09563191
[worker3/operator_burgers_fno_polish_fair_v2] [operator_burgers_fno_polish_fair_v2/fno_polish_full_l0015_w30_d100_180] [operator][epoch 094] lambda=0.0150 relay_stage=disabled relay_scale=1.000 relay_hotspot=1.0000 train_mse=0.00003664 val_mse=0.00003360 val_mae=0.00397083 | peer_val_mse=0.02240843 peer_val_mae=0.09563191
[worker3/operator_burgers_fno_polish_fair_v2] [operator_burgers_fno_polish_fair_v2/fno_polish_full_l0015_w30_d100_180] [operator][epoch 095] lambda=0.0150 relay_stage=disabled relay_scale=1.000 relay_hotspot=1.0000 train_mse=0.00002473 val_mse=0.00002602 val_mae=0.00331580 | peer_val_mse=0.02240843 peer_val_mae=0.09563191
[worker3/operator_burgers_fno_polish_fair_v2] [operator_burgers_fno_polish_fair_v2/fno_polish_full_l0015_w30_d100_180] [operator][epoch 096] lambda=0.0150 relay_stage=disabled relay_scale=1.000 relay_hotspot=1.0000 train_mse=0.00001423 val_mse=0.00000882 val_mae=0.00200147 | peer_val_mse=0.02240843 peer_val_mae=0.09563191
[worker3/operator_burgers_fno_polish_fair_v2] [operator_burgers_fno_polish_fair_v2/fno_polish_full_l0015_w30_d100_180] [operator][epoch 097] lambda=0.0150 relay_stage=disabled relay_scale=1.000 relay_hotspot=1.0000 train_mse=0.00001097 val_mse=0.00001108 val_mae=0.00215559 | peer_val_mse=0.02240843 peer_val_mae=0.09563191
[worker3/operator_burgers_fno_polish_fair_v2] [operator_burgers_fno_polish_fair_v2/fno_polish_full_l0015_w30_d100_180] [operator][epoch 098] lambda=0.0150 relay_stage=disabled relay_scale=1.000 relay_hotspot=1.0000 train_mse=0.00000851 val_mse=0.00001203 val_mae=0.00236662 | peer_val_mse=0.02240843 peer_val_mae=0.09563191
[worker3/operator_burgers_fno_polish_fair_v2] [operator_burgers_fno_polish_fair_v2/fno_polish_full_l0015_w30_d100_180] [operator][epoch 099] lambda=0.0150 relay_stage=disabled relay_scale=1.000 relay_hotspot=1.0000 train_mse=0.00001288 val_mse=0.00001527 val_mae=0.00318157 | peer_val_mse=0.02240843 peer_val_mae=0.09563191
[worker3/operator_burgers_fno_polish_fair_v2] [operator_burgers_fno_polish_fair_v2/fno_polish_full_l0015_w30_d100_180] [operator][epoch 100] lambda=0.0150 relay_stage=disabled relay_scale=1.000 relay_hotspot=1.0000 train_mse=0.00000588 val_mse=0.00000691 val_mae=0.00184566 | peer_val_mse=0.02240843 peer_val_mae=0.09563191
[worker3/operator_burgers_fno_polish_fair_v2] [operator_burgers_fno_polish_fair_v2/fno_polish_full_l0015_w30_d100_180] [operator][epoch 100] updated live plot
[worker3/operator_burgers_fno_polish_fair_v2] [operator_burgers_fno_polish_fair_v2/fno_polish_full_l0015_w30_d100_180] [operator][epoch 101] lambda=0.0148 relay_stage=disabled relay_scale=1.000 relay_hotspot=1.0000 train_mse=0.00000600 val_mse=0.00000476 val_mae=0.00147567 | peer_val_mse=0.02240843 peer_val_mae=0.09563191
[worker3/operator_burgers_fno_polish_fair_v2] [operator_burgers_fno_polish_fair_v2/fno_polish_full_l0015_w30_d100_180] [operator][epoch 102] lambda=0.0146 relay_stage=disabled relay_scale=1.000 relay_hotspot=1.0000 train_mse=0.00000867 val_mse=0.00001741 val_mae=0.00288563 | peer_val_mse=0.02240843 peer_val_mae=0.09563191
[worker3/operator_burgers_fno_polish_fair_v2] [operator_burgers_fno_polish_fair_v2/fno_polish_full_l0015_w30_d100_180] [operator][epoch 103] lambda=0.0145 relay_stage=disabled relay_scale=1.000 relay_hotspot=1.0000 train_mse=0.00001048 val_mse=0.00001608 val_mae=0.00257448 | peer_val_mse=0.02240843 peer_val_mae=0.09563191
[worker3/operator_burgers_fno_polish_fair_v2] [operator_burgers_fno_polish_fair_v2/fno_polish_full_l0015_w30_d100_180] [operator][epoch 104] lambda=0.0143 relay_stage=disabled relay_scale=1.000 relay_hotspot=1.0000 train_mse=0.00002408 val_mse=0.00002660 val_mae=0.00376344 | peer_val_mse=0.02240843 peer_val_mae=0.09563191
[worker3/operator_burgers_fno_polish_fair_v2] [operator_burgers_fno_polish_fair_v2/fno_polish_full_l0015_w30_d100_180] [operator][epoch 105] lambda=0.0141 relay_stage=disabled relay_scale=1.000 relay_hotspot=1.0000 train_mse=0.00003124 val_mse=0.00007902 val_mae=0.00669187 | peer_val_mse=0.02240843 peer_val_mae=0.09563191
[worker3/operator_burgers_fno_polish_fair_v2] [operator_burgers_fno_polish_fair_v2/fno_polish_full_l0015_w30_d100_180] [operator][epoch 106] lambda=0.0139 relay_stage=disabled relay_scale=1.000 relay_hotspot=1.0000 train_mse=0.00004242 val_mse=0.00004384 val_mae=0.00489902 | peer_val_mse=0.02240843 peer_val_mae=0.09563191
[worker3/operator_burgers_fno_polish_fair_v2] [operator_burgers_fno_polish_fair_v2/fno_polish_full_l0015_w30_d100_180] [operator][epoch 107] lambda=0.0138 relay_stage=disabled relay_scale=1.000 relay_hotspot=1.0000 train_mse=0.00003658 val_mse=0.00000939 val_mae=0.00202539 | peer_val_mse=0.02240843 peer_val_mae=0.09563191
[worker3/operator_burgers_fno_polish_fair_v2] [operator_burgers_fno_polish_fair_v2/fno_polish_full_l0015_w30_d100_180] [operator][epoch 108] lambda=0.0136 relay_stage=disabled relay_scale=1.000 relay_hotspot=1.0000 train_mse=0.00001341 val_mse=0.00002919 val_mae=0.00374928 | peer_val_mse=0.02240843 peer_val_mae=0.09563191
[worker3/operator_burgers_fno_polish_fair_v2] [operator_burgers_fno_polish_fair_v2/fno_polish_full_l0015_w30_d100_180] [operator][epoch 109] lambda=0.0134 relay_stage=disabled relay_scale=1.000 relay_hotspot=1.0000 train_mse=0.00001674 val_mse=0.00001765 val_mae=0.00294614 | peer_val_mse=0.02240843 peer_val_mae=0.09563191
[worker3/operator_burgers_fno_polish_fair_v2] [operator_burgers_fno_polish_fair_v2/fno_polish_full_l0015_w30_d100_180] [operator][epoch 110] lambda=0.0132 relay_stage=disabled relay_scale=1.000 relay_hotspot=1.0000 train_mse=0.00002524 val_mse=0.00005335 val_mae=0.00434100 | peer_val_mse=0.02240843 peer_val_mae=0.09563191
[worker3/operator_burgers_fno_polish_fair_v2] [operator_burgers_fno_polish_fair_v2/fno_polish_full_l0015_w30_d100_180] [operator][epoch 111] lambda=0.0130 relay_stage=disabled relay_scale=1.000 relay_hotspot=1.0000 train_mse=0.00002752 val_mse=0.00002563 val_mae=0.00345016 | peer_val_mse=0.02240843 peer_val_mae=0.09563191
[worker3/operator_burgers_fno_polish_fair_v2] [operator_burgers_fno_polish_fair_v2/fno_polish_full_l0015_w30_d100_180] [operator][epoch 112] lambda=0.0129 relay_stage=disabled relay_scale=1.000 relay_hotspot=1.0000 train_mse=0.00001640 val_mse=0.00001789 val_mae=0.00304520 | peer_val_mse=0.02240843 peer_val_mae=0.09563191
[worker3/operator_burgers_fno_polish_fair_v2] [operator_burgers_fno_polish_fair_v2/fno_polish_full_l0015_w30_d100_180] [operator][epoch 113] lambda=0.0127 relay_stage=disabled relay_scale=1.000 relay_hotspot=1.0000 train_mse=0.00001742 val_mse=0.00002862 val_mae=0.00352392 | peer_val_mse=0.02240843 peer_val_mae=0.09563191
[worker3/operator_burgers_fno_polish_fair_v2] [operator_burgers_fno_polish_fair_v2/fno_polish_full_l0015_w30_d100_180] [operator][epoch 114] lambda=0.0125 relay_stage=disabled relay_scale=1.000 relay_hotspot=1.0000 train_mse=0.00003067 val_mse=0.00005519 val_mae=0.00432130 | peer_val_mse=0.02240843 peer_val_mae=0.09563191
[worker3/operator_burgers_fno_polish_fair_v2] [operator_burgers_fno_polish_fair_v2/fno_polish_full_l0015_w30_d100_180] [operator][epoch 115] lambda=0.0123 relay_stage=disabled relay_scale=1.000 relay_hotspot=1.0000 train_mse=0.00014014 val_mse=0.00006193 val_mae=0.00571174 | peer_val_mse=0.02240843 peer_val_mae=0.09563191
[worker3/operator_burgers_fno_polish_fair_v2] [operator_burgers_fno_polish_fair_v2/fno_polish_full_l0015_w30_d100_180] [operator][epoch 116] lambda=0.0122 relay_stage=disabled relay_scale=1.000 relay_hotspot=1.0000 train_mse=0.00008615 val_mse=0.00002362 val_mae=0.00346397 | peer_val_mse=0.02240843 peer_val_mae=0.09563191
[worker3/operator_burgers_fno_polish_fair_v2] [operator_burgers_fno_polish_fair_v2/fno_polish_full_l0015_w30_d100_180] [operator][epoch 117] lambda=0.0120 relay_stage=disabled relay_scale=1.000 relay_hotspot=1.0000 train_mse=0.00001607 val_mse=0.00001170 val_mae=0.00237489 | peer_val_mse=0.02240843 peer_val_mae=0.09563191
[worker3/operator_burgers_fno_polish_fair_v2] [operator_burgers_fno_polish_fair_v2/fno_polish_full_l0015_w30_d100_180] [operator][epoch 118] lambda=0.0118 relay_stage=disabled relay_scale=1.000 relay_hotspot=1.0000 train_mse=0.00000705 val_mse=0.00001034 val_mae=0.00236837 | peer_val_mse=0.02240843 peer_val_mae=0.09563191
[worker3/operator_burgers_fno_polish_fair_v2] [operator_burgers_fno_polish_fair_v2/fno_polish_full_l0015_w30_d100_180] [operator][epoch 119] lambda=0.0116 relay_stage=disabled relay_scale=1.000 relay_hotspot=1.0000 train_mse=0.00000952 val_mse=0.00001256 val_mae=0.00226136 | peer_val_mse=0.02240843 peer_val_mae=0.09563191
[worker3/operator_burgers_fno_polish_fair_v2] [operator_burgers_fno_polish_fair_v2/fno_polish_full_l0015_w30_d100_180] [operator][epoch 120] lambda=0.0114 relay_stage=disabled relay_scale=1.000 relay_hotspot=1.0000 train_mse=0.00000707 val_mse=0.00000770 val_mae=0.00177851 | peer_val_mse=0.02240843 peer_val_mae=0.09563191
[worker3/operator_burgers_fno_polish_fair_v2] [operator_burgers_fno_polish_fair_v2/fno_polish_full_l0015_w30_d100_180] [operator][epoch 120] updated live plot
[worker3/operator_burgers_fno_polish_fair_v2] [operator_burgers_fno_polish_fair_v2/fno_polish_full_l0015_w30_d100_180] [operator][epoch 121] lambda=0.0113 relay_stage=disabled relay_scale=1.000 relay_hotspot=1.0000 train_mse=0.00000358 val_mse=0.00000497 val_mae=0.00146167 | peer_val_mse=0.02240843 peer_val_mae=0.09563191
[worker3/operator_burgers_fno_polish_fair_v2] [operator_burgers_fno_polish_fair_v2/fno_polish_full_l0015_w30_d100_180] [operator][epoch 122] lambda=0.0111 relay_stage=disabled relay_scale=1.000 relay_hotspot=1.0000 train_mse=0.00000717 val_mse=0.00000779 val_mae=0.00194814 | peer_val_mse=0.02240843 peer_val_mae=0.09563191
[worker3/operator_burgers_fno_polish_fair_v2] [operator_burgers_fno_polish_fair_v2/fno_polish_full_l0015_w30_d100_180] [operator][epoch 123] lambda=0.0109 relay_stage=disabled relay_scale=1.000 relay_hotspot=1.0000 train_mse=0.00000333 val_mse=0.00000533 val_mae=0.00139461 | peer_val_mse=0.02240843 peer_val_mae=0.09563191
[worker3/operator_burgers_fno_polish_fair_v2] [operator_burgers_fno_polish_fair_v2/fno_polish_full_l0015_w30_d100_180] [operator][epoch 124] lambda=0.0107 relay_stage=disabled relay_scale=1.000 relay_hotspot=1.0000 train_mse=0.00000741 val_mse=0.00000694 val_mae=0.00174684 | peer_val_mse=0.02240843 peer_val_mae=0.09563191
[worker3/operator_burgers_fno_polish_fair_v2] [operator_burgers_fno_polish_fair_v2/fno_polish_full_l0015_w30_d100_180] [operator][epoch 125] lambda=0.0105 relay_stage=disabled relay_scale=1.000 relay_hotspot=1.0000 train_mse=0.00000853 val_mse=0.00001307 val_mae=0.00238461 | peer_val_mse=0.02240843 peer_val_mae=0.09563191
[worker3/operator_burgers_fno_polish_fair_v2] [operator_burgers_fno_polish_fair_v2/fno_polish_full_l0015_w30_d100_180] [operator][epoch 126] lambda=0.0104 relay_stage=disabled relay_scale=1.000 relay_hotspot=1.0000 train_mse=0.00000867 val_mse=0.00002153 val_mae=0.00262764 | peer_val_mse=0.02240843 peer_val_mae=0.09563191
[worker3/operator_burgers_fno_polish_fair_v2] [operator_burgers_fno_polish_fair_v2/fno_polish_full_l0015_w30_d100_180] [operator][epoch 127] lambda=0.0102 relay_stage=disabled relay_scale=1.000 relay_hotspot=1.0000 train_mse=0.00001097 val_mse=0.00000652 val_mae=0.00167334 | peer_val_mse=0.02240843 peer_val_mae=0.09563191
[worker3/operator_burgers_fno_polish_fair_v2] [operator_burgers_fno_polish_fair_v2/fno_polish_full_l0015_w30_d100_180] [operator][epoch 128] lambda=0.0100 relay_stage=disabled relay_scale=1.000 relay_hotspot=1.0000 train_mse=0.00000741 val_mse=0.00001004 val_mae=0.00231816 | peer_val_mse=0.02240843 peer_val_mae=0.09563191
[worker3/operator_burgers_fno_polish_fair_v2] [operator_burgers_fno_polish_fair_v2/fno_polish_full_l0015_w30_d100_180] [operator][epoch 129] lambda=0.0098 relay_stage=disabled relay_scale=1.000 relay_hotspot=1.0000 train_mse=0.00002226 val_mse=0.00004363 val_mae=0.00437665 | peer_val_mse=0.02240843 peer_val_mae=0.09563191
[worker3/operator_burgers_fno_polish_fair_v2] [operator_burgers_fno_polish_fair_v2/fno_polish_full_l0015_w30_d100_180] [operator][epoch 130] lambda=0.0097 relay_stage=disabled relay_scale=1.000 relay_hotspot=1.0000 train_mse=0.00002691 val_mse=0.00005517 val_mae=0.00553042 | peer_val_mse=0.02240843 peer_val_mae=0.09563191
[worker3/operator_burgers_fno_polish_fair_v2] [operator_burgers_fno_polish_fair_v2/fno_polish_full_l0015_w30_d100_180] [operator][epoch 131] lambda=0.0095 relay_stage=disabled relay_scale=1.000 relay_hotspot=1.0000 train_mse=0.00004584 val_mse=0.00002264 val_mae=0.00361793 | peer_val_mse=0.02240843 peer_val_mae=0.09563191
[worker3/operator_burgers_fno_polish_fair_v2] [operator_burgers_fno_polish_fair_v2/fno_polish_full_l0015_w30_d100_180] [operator][epoch 132] lambda=0.0093 relay_stage=disabled relay_scale=1.000 relay_hotspot=1.0000 train_mse=0.00003353 val_mse=0.00002745 val_mae=0.00358814 | peer_val_mse=0.02240843 peer_val_mae=0.09563191
[worker3/operator_burgers_fno_polish_fair_v2] [operator_burgers_fno_polish_fair_v2/fno_polish_full_l0015_w30_d100_180] [operator][epoch 133] lambda=0.0091 relay_stage=disabled relay_scale=1.000 relay_hotspot=1.0000 train_mse=0.00002132 val_mse=0.00001009 val_mae=0.00213901 | peer_val_mse=0.02240843 peer_val_mae=0.09563191
[worker3/operator_burgers_fno_polish_fair_v2] [operator_burgers_fno_polish_fair_v2/fno_polish_full_l0015_w30_d100_180] [operator][epoch 134] lambda=0.0089 relay_stage=disabled relay_scale=1.000 relay_hotspot=1.0000 train_mse=0.00000868 val_mse=0.00000858 val_mae=0.00176528 | peer_val_mse=0.02240843 peer_val_mae=0.09563191
[worker3/operator_burgers_fno_polish_fair_v2] [operator_burgers_fno_polish_fair_v2/fno_polish_full_l0015_w30_d100_180] [operator][epoch 135] lambda=0.0088 relay_stage=disabled relay_scale=1.000 relay_hotspot=1.0000 train_mse=0.00000707 val_mse=0.00001041 val_mae=0.00240780 | peer_val_mse=0.02240843 peer_val_mae=0.09563191
[worker3/operator_burgers_fno_polish_fair_v2] [operator_burgers_fno_polish_fair_v2/fno_polish_full_l0015_w30_d100_180] [operator][epoch 136] lambda=0.0086 relay_stage=disabled relay_scale=1.000 relay_hotspot=1.0000 train_mse=0.00001423 val_mse=0.00000721 val_mae=0.00170797 | peer_val_mse=0.02240843 peer_val_mae=0.09563191
[worker3/operator_burgers_fno_polish_fair_v2] [operator_burgers_fno_polish_fair_v2/fno_polish_full_l0015_w30_d100_180] [operator][epoch 137] lambda=0.0084 relay_stage=disabled relay_scale=1.000 relay_hotspot=1.0000 train_mse=0.00001134 val_mse=0.00000756 val_mae=0.00183238 | peer_val_mse=0.02240843 peer_val_mae=0.09563191
[worker3/operator_burgers_fno_polish_fair_v2] [operator_burgers_fno_polish_fair_v2/fno_polish_full_l0015_w30_d100_180] [operator][epoch 138] lambda=0.0082 relay_stage=disabled relay_scale=1.000 relay_hotspot=1.0000 train_mse=0.00000521 val_mse=0.00000691 val_mae=0.00174821 | peer_val_mse=0.02240843 peer_val_mae=0.09563191
[worker3/operator_burgers_fno_polish_fair_v2] [operator_burgers_fno_polish_fair_v2/fno_polish_full_l0015_w30_d100_180] [operator][epoch 139] lambda=0.0081 relay_stage=disabled relay_scale=1.000 relay_hotspot=1.0000 train_mse=0.00001113 val_mse=0.00001148 val_mae=0.00240566 | peer_val_mse=0.02240843 peer_val_mae=0.09563191
[worker3/operator_burgers_fno_polish_fair_v2] [operator_burgers_fno_polish_fair_v2/fno_polish_full_l0015_w30_d100_180] [operator][epoch 140] lambda=0.0079 relay_stage=disabled relay_scale=1.000 relay_hotspot=1.0000 train_mse=0.00001245 val_mse=0.00000705 val_mae=0.00174305 | peer_val_mse=0.02240843 peer_val_mae=0.09563191
[worker3/operator_burgers_fno_polish_fair_v2] [operator_burgers_fno_polish_fair_v2/fno_polish_full_l0015_w30_d100_180] [operator][epoch 140] updated live plot
[worker3/operator_burgers_fno_polish_fair_v2] [operator_burgers_fno_polish_fair_v2/fno_polish_full_l0015_w30_d100_180] [operator][epoch 141] lambda=0.0077 relay_stage=disabled relay_scale=1.000 relay_hotspot=1.0000 train_mse=0.00000998 val_mse=0.00000713 val_mae=0.00178365 | peer_val_mse=0.02240843 peer_val_mae=0.09563191
[worker3/operator_burgers_fno_polish_fair_v2] [operator_burgers_fno_polish_fair_v2/fno_polish_full_l0015_w30_d100_180] [operator][epoch 142] lambda=0.0075 relay_stage=disabled relay_scale=1.000 relay_hotspot=1.0000 train_mse=0.00000679 val_mse=0.00000611 val_mae=0.00160831 | peer_val_mse=0.02240843 peer_val_mae=0.09563191
[worker3/operator_burgers_fno_polish_fair_v2] [operator_burgers_fno_polish_fair_v2/fno_polish_full_l0015_w30_d100_180] [operator][epoch 143] lambda=0.0073 relay_stage=disabled relay_scale=1.000 relay_hotspot=1.0000 train_mse=0.00003383 val_mse=0.00012672 val_mae=0.00793007 | peer_val_mse=0.02240843 peer_val_mae=0.09563191
[worker3/operator_burgers_fno_polish_fair_v2] [operator_burgers_fno_polish_fair_v2/fno_polish_full_l0015_w30_d100_180] [operator][epoch 144] lambda=0.0072 relay_stage=disabled relay_scale=1.000 relay_hotspot=1.0000 train_mse=0.00003788 val_mse=0.00002437 val_mae=0.00287779 | peer_val_mse=0.02240843 peer_val_mae=0.09563191
[worker3/operator_burgers_fno_polish_fair_v2] [operator_burgers_fno_polish_fair_v2/fno_polish_full_l0015_w30_d100_180] [operator][epoch 145] lambda=0.0070 relay_stage=disabled relay_scale=1.000 relay_hotspot=1.0000 train_mse=0.00001174 val_mse=0.00000877 val_mae=0.00194847 | peer_val_mse=0.02240843 peer_val_mae=0.09563191
[worker3/operator_burgers_fno_polish_fair_v2] [operator_burgers_fno_polish_fair_v2/fno_polish_full_l0015_w30_d100_180] [operator][epoch 146] lambda=0.0068 relay_stage=disabled relay_scale=1.000 relay_hotspot=1.0000 train_mse=0.00002620 val_mse=0.00001239 val_mae=0.00247258 | peer_val_mse=0.02240843 peer_val_mae=0.09563191
[worker3/operator_burgers_fno_polish_fair_v2] [operator_burgers_fno_polish_fair_v2/fno_polish_full_l0015_w30_d100_180] [operator][epoch 147] lambda=0.0066 relay_stage=disabled relay_scale=1.000 relay_hotspot=1.0000 train_mse=0.00002332 val_mse=0.00005372 val_mae=0.00426795 | peer_val_mse=0.02240843 peer_val_mae=0.09563191
[worker3/operator_burgers_fno_polish_fair_v2] [operator_burgers_fno_polish_fair_v2/fno_polish_full_l0015_w30_d100_180] [operator][epoch 148] lambda=0.0065 relay_stage=disabled relay_scale=1.000 relay_hotspot=1.0000 train_mse=0.00002594 val_mse=0.00001344 val_mae=0.00254310 | peer_val_mse=0.02240843 peer_val_mae=0.09563191
[worker3/operator_burgers_fno_polish_fair_v2] [operator_burgers_fno_polish_fair_v2/fno_polish_full_l0015_w30_d100_180] [operator][epoch 149] lambda=0.0063 relay_stage=disabled relay_scale=1.000 relay_hotspot=1.0000 train_mse=0.00000954 val_mse=0.00001802 val_mae=0.00322487 | peer_val_mse=0.02240843 peer_val_mae=0.09563191
[worker3/operator_burgers_fno_polish_fair_v2] [operator_burgers_fno_polish_fair_v2/fno_polish_full_l0015_w30_d100_180] [operator][epoch 150] lambda=0.0061 relay_stage=disabled relay_scale=1.000 relay_hotspot=1.0000 train_mse=0.00005378 val_mse=0.00007372 val_mae=0.00686340 | peer_val_mse=0.02240843 peer_val_mae=0.09563191
[worker3/operator_burgers_fno_polish_fair_v2] [operator_burgers_fno_polish_fair_v2/fno_polish_full_l0015_w30_d100_180] [operator][epoch 151] lambda=0.0059 relay_stage=disabled relay_scale=1.000 relay_hotspot=1.0000 train_mse=0.00003995 val_mse=0.00001849 val_mae=0.00311013 | peer_val_mse=0.02240843 peer_val_mae=0.09563191
[worker3/operator_burgers_fno_polish_fair_v2] [operator_burgers_fno_polish_fair_v2/fno_polish_full_l0015_w30_d100_180] [operator][epoch 152] lambda=0.0057 relay_stage=disabled relay_scale=1.000 relay_hotspot=1.0000 train_mse=0.00001327 val_mse=0.00002859 val_mae=0.00372734 | peer_val_mse=0.02240843 peer_val_mae=0.09563191
[worker3/operator_burgers_fno_polish_fair_v2] [operator_burgers_fno_polish_fair_v2/fno_polish_full_l0015_w30_d100_180] [operator][epoch 153] lambda=0.0056 relay_stage=disabled relay_scale=1.000 relay_hotspot=1.0000 train_mse=0.00002576 val_mse=0.00002204 val_mae=0.00373555 | peer_val_mse=0.02240843 peer_val_mae=0.09563191
[worker3/operator_burgers_fno_polish_fair_v2] [operator_burgers_fno_polish_fair_v2/fno_polish_full_l0015_w30_d100_180] [operator][epoch 154] lambda=0.0054 relay_stage=disabled relay_scale=1.000 relay_hotspot=1.0000 train_mse=0.00001440 val_mse=0.00001204 val_mae=0.00214824 | peer_val_mse=0.02240843 peer_val_mae=0.09563191
[worker3/operator_burgers_fno_polish_fair_v2] [operator_burgers_fno_polish_fair_v2/fno_polish_full_l0015_w30_d100_180] [operator][epoch 155] lambda=0.0052 relay_stage=disabled relay_scale=1.000 relay_hotspot=1.0000 train_mse=0.00000617 val_mse=0.00000601 val_mae=0.00152819 | peer_val_mse=0.02240843 peer_val_mae=0.09563191
[worker3/operator_burgers_fno_polish_fair_v2] [operator_burgers_fno_polish_fair_v2/fno_polish_full_l0015_w30_d100_180] [operator][epoch 156] lambda=0.0050 relay_stage=disabled relay_scale=1.000 relay_hotspot=1.0000 train_mse=0.00000315 val_mse=0.00000362 val_mae=0.00110476 | peer_val_mse=0.02240843 peer_val_mae=0.09563191
[worker3/operator_burgers_fno_polish_fair_v2] [operator_burgers_fno_polish_fair_v2/fno_polish_full_l0015_w30_d100_180] [operator][epoch 157] lambda=0.0048 relay_stage=disabled relay_scale=1.000 relay_hotspot=1.0000 train_mse=0.00000396 val_mse=0.00000439 val_mae=0.00135621 | peer_val_mse=0.02240843 peer_val_mae=0.09563191
[worker3/operator_burgers_fno_polish_fair_v2] [operator_burgers_fno_polish_fair_v2/fno_polish_full_l0015_w30_d100_180] [operator][epoch 158] lambda=0.0047 relay_stage=disabled relay_scale=1.000 relay_hotspot=1.0000 train_mse=0.00001101 val_mse=0.00001445 val_mae=0.00244608 | peer_val_mse=0.02240843 peer_val_mae=0.09563191
[worker3/operator_burgers_fno_polish_fair_v2] [operator_burgers_fno_polish_fair_v2/fno_polish_full_l0015_w30_d100_180] [operator][epoch 159] lambda=0.0045 relay_stage=disabled relay_scale=1.000 relay_hotspot=1.0000 train_mse=0.00001803 val_mse=0.00001547 val_mae=0.00256885 | peer_val_mse=0.02240843 peer_val_mae=0.09563191
[worker3/operator_burgers_fno_polish_fair_v2] [operator_burgers_fno_polish_fair_v2/fno_polish_full_l0015_w30_d100_180] [operator][epoch 160] lambda=0.0043 relay_stage=disabled relay_scale=1.000 relay_hotspot=1.0000 train_mse=0.00001682 val_mse=0.00001053 val_mae=0.00177078 | peer_val_mse=0.02240843 peer_val_mae=0.09563191
[worker3/operator_burgers_fno_polish_fair_v2] [operator_burgers_fno_polish_fair_v2/fno_polish_full_l0015_w30_d100_180] [operator][epoch 160] updated live plot
[worker3/operator_burgers_fno_polish_fair_v2] [operator_burgers_fno_polish_fair_v2/fno_polish_full_l0015_w30_d100_180] [operator][epoch 161] lambda=0.0041 relay_stage=disabled relay_scale=1.000 relay_hotspot=1.0000 train_mse=0.00004009 val_mse=0.00004240 val_mae=0.00457773 | peer_val_mse=0.02240843 peer_val_mae=0.09563191
[worker3/operator_burgers_fno_polish_fair_v2] [operator_burgers_fno_polish_fair_v2/fno_polish_full_l0015_w30_d100_180] [operator][epoch 162] lambda=0.0040 relay_stage=disabled relay_scale=1.000 relay_hotspot=1.0000 train_mse=0.00004414 val_mse=0.00004419 val_mae=0.00387251 | peer_val_mse=0.02240843 peer_val_mae=0.09563191
[worker3/operator_burgers_fno_polish_fair_v2] [operator_burgers_fno_polish_fair_v2/fno_polish_full_l0015_w30_d100_180] [operator][epoch 163] lambda=0.0038 relay_stage=disabled relay_scale=1.000 relay_hotspot=1.0000 train_mse=0.00004996 val_mse=0.00003066 val_mae=0.00399008 | peer_val_mse=0.02240843 peer_val_mae=0.09563191
[worker3/operator_burgers_fno_polish_fair_v2] [operator_burgers_fno_polish_fair_v2/fno_polish_full_l0015_w30_d100_180] [operator][epoch 164] lambda=0.0036 relay_stage=disabled relay_scale=1.000 relay_hotspot=1.0000 train_mse=0.00003491 val_mse=0.00002219 val_mae=0.00311736 | peer_val_mse=0.02240843 peer_val_mae=0.09563191
[worker3/operator_burgers_fno_polish_fair_v2] [operator_burgers_fno_polish_fair_v2/fno_polish_full_l0015_w30_d100_180] [operator][epoch 165] lambda=0.0034 relay_stage=disabled relay_scale=1.000 relay_hotspot=1.0000 train_mse=0.00000629 val_mse=0.00000621 val_mae=0.00159145 | peer_val_mse=0.02240843 peer_val_mae=0.09563191
[worker3/operator_burgers_fno_polish_fair_v2] [operator_burgers_fno_polish_fair_v2/fno_polish_full_l0015_w30_d100_180] [operator][epoch 166] lambda=0.0032 relay_stage=disabled relay_scale=1.000 relay_hotspot=1.0000 train_mse=0.00000571 val_mse=0.00000754 val_mae=0.00204080 | peer_val_mse=0.02240843 peer_val_mae=0.09563191
[worker3/operator_burgers_fno_polish_fair_v2] [operator_burgers_fno_polish_fair_v2/fno_polish_full_l0015_w30_d100_180] [operator][epoch 167] lambda=0.0031 relay_stage=disabled relay_scale=1.000 relay_hotspot=1.0000 train_mse=0.00000583 val_mse=0.00001058 val_mae=0.00214344 | peer_val_mse=0.02240843 peer_val_mae=0.09563191
[worker3/operator_burgers_fno_polish_fair_v2] [operator_burgers_fno_polish_fair_v2/fno_polish_full_l0015_w30_d100_180] [operator][epoch 168] lambda=0.0029 relay_stage=disabled relay_scale=1.000 relay_hotspot=1.0000 train_mse=0.00000750 val_mse=0.00000635 val_mae=0.00159514 | peer_val_mse=0.02240843 peer_val_mae=0.09563191
[worker3/operator_burgers_fno_polish_fair_v2] [operator_burgers_fno_polish_fair_v2/fno_polish_full_l0015_w30_d100_180] [operator][epoch 169] lambda=0.0027 relay_stage=disabled relay_scale=1.000 relay_hotspot=1.0000 train_mse=0.00001667 val_mse=0.00001308 val_mae=0.00259095 | peer_val_mse=0.02240843 peer_val_mae=0.09563191
[worker3/operator_burgers_fno_polish_fair_v2] [operator_burgers_fno_polish_fair_v2/fno_polish_full_l0015_w30_d100_180] [operator][epoch 170] lambda=0.0025 relay_stage=disabled relay_scale=1.000 relay_hotspot=1.0000 train_mse=0.00000773 val_mse=0.00001149 val_mae=0.00246456 | peer_val_mse=0.02240843 peer_val_mae=0.09563191
[worker3/operator_burgers_fno_polish_fair_v2] [operator_burgers_fno_polish_fair_v2/fno_polish_full_l0015_w30_d100_180] [operator][epoch 171] lambda=0.0024 relay_stage=disabled relay_scale=1.000 relay_hotspot=1.0000 train_mse=0.00000614 val_mse=0.00000412 val_mae=0.00131218 | peer_val_mse=0.02240843 peer_val_mae=0.09563191
[worker3/operator_burgers_fno_polish_fair_v2] [operator_burgers_fno_polish_fair_v2/fno_polish_full_l0015_w30_d100_180] [operator][epoch 172] lambda=0.0022 relay_stage=disabled relay_scale=1.000 relay_hotspot=1.0000 train_mse=0.00000350 val_mse=0.00000448 val_mae=0.00129628 | peer_val_mse=0.02240843 peer_val_mae=0.09563191
[worker3/operator_burgers_fno_polish_fair_v2] [operator_burgers_fno_polish_fair_v2/fno_polish_full_l0015_w30_d100_180] [operator][epoch 173] lambda=0.0020 relay_stage=disabled relay_scale=1.000 relay_hotspot=1.0000 train_mse=0.00000266 val_mse=0.00000415 val_mae=0.00130450 | peer_val_mse=0.02240843 peer_val_mae=0.09563191
[worker3/operator_burgers_fno_polish_fair_v2] [operator_burgers_fno_polish_fair_v2/fno_polish_full_l0015_w30_d100_180] [operator][epoch 174] lambda=0.0018 relay_stage=disabled relay_scale=1.000 relay_hotspot=1.0000 train_mse=0.00000928 val_mse=0.00000802 val_mae=0.00194083 | peer_val_mse=0.02240843 peer_val_mae=0.09563191
[worker3/operator_burgers_fno_polish_fair_v2] [operator_burgers_fno_polish_fair_v2/fno_polish_full_l0015_w30_d100_180] [operator][epoch 175] lambda=0.0016 relay_stage=disabled relay_scale=1.000 relay_hotspot=1.0000 train_mse=0.00000611 val_mse=0.00000665 val_mae=0.00170622 | peer_val_mse=0.02240843 peer_val_mae=0.09563191
[worker3/operator_burgers_fno_polish_fair_v2] [operator_burgers_fno_polish_fair_v2/fno_polish_full_l0015_w30_d100_180] [operator][epoch 176] lambda=0.0015 relay_stage=disabled relay_scale=1.000 relay_hotspot=1.0000 train_mse=0.00001160 val_mse=0.00002374 val_mae=0.00351653 | peer_val_mse=0.02240843 peer_val_mae=0.09563191
[worker3/operator_burgers_fno_polish_fair_v2] [operator_burgers_fno_polish_fair_v2/fno_polish_full_l0015_w30_d100_180] [operator][epoch 177] lambda=0.0013 relay_stage=disabled relay_scale=1.000 relay_hotspot=1.0000 train_mse=0.00012092 val_mse=0.00003940 val_mae=0.00473176 | peer_val_mse=0.02240843 peer_val_mae=0.09563191
[worker3/operator_burgers_fno_polish_fair_v2] [operator_burgers_fno_polish_fair_v2/fno_polish_full_l0015_w30_d100_180] [operator][epoch 178] lambda=0.0011 relay_stage=disabled relay_scale=1.000 relay_hotspot=1.0000 train_mse=0.00002035 val_mse=0.00001595 val_mae=0.00252905 | peer_val_mse=0.02240843 peer_val_mae=0.09563191
[worker3/operator_burgers_fno_polish_fair_v2] [operator_burgers_fno_polish_fair_v2/fno_polish_full_l0015_w30_d100_180] [operator][epoch 179] lambda=0.0009 relay_stage=disabled relay_scale=1.000 relay_hotspot=1.0000 train_mse=0.00000833 val_mse=0.00000695 val_mae=0.00187146 | peer_val_mse=0.02240843 peer_val_mae=0.09563191
[worker3/operator_burgers_fno_polish_fair_v2] [operator_burgers_fno_polish_fair_v2/fno_polish_full_l0015_w30_d100_180] [operator][epoch 180] lambda=0.0008 relay_stage=disabled relay_scale=1.000 relay_hotspot=1.0000 train_mse=0.00000524 val_mse=0.00000509 val_mae=0.00138847 | peer_val_mse=0.02240843 peer_val_mae=0.09563191
[worker3/operator_burgers_fno_polish_fair_v2] [operator_burgers_fno_polish_fair_v2/fno_polish_full_l0015_w30_d100_180] [operator][epoch 180] updated live plot
[worker3/operator_burgers_fno_polish_fair_v2] [operator_burgers_fno_polish_fair_v2/fno_polish_full_l0015_w30_d100_180] [operator] done
[worker3/operator_burgers_fno_polish_fair_v2] [operator_burgers_fno_polish_fair_v2/fno_polish_full_l0015_w30_d100_180] [operator] dataset=burgers pair=fno:deeponet method=ssml seed=1
[worker3/operator_burgers_fno_polish_fair_v2] [operator_burgers_fno_polish_fair_v2/fno_polish_full_l0015_w30_d100_180] [operator] loaded init_checkpoint=results/operator_burgers_followup_v1/burgers_l005_m0_w12_d60_120_ow1/operator/burgers/fno_independent_mse_seed1/model.pt
[worker3/operator_burgers_fno_polish_fair_v2] [operator_burgers_fno_polish_fair_v2/fno_polish_full_l0015_w30_d100_180] [operator] loaded peer_init_checkpoint=results/operator_burgers_followup_v1/burgers_l005_m0_w12_d60_120_ow1/operator/burgers/deeponet_independent_mse_seed1/model.pt
[worker3/operator_burgers_fno_polish_fair_v2] [operator_burgers_fno_polish_fair_v2/fno_polish_full_l0015_w30_d100_180] [operator] run_dir=results/operator_burgers_fno_polish_fair_v2/worker3_gpu0/fno_polish_full_l0015_w30_d100_180/operator/burgers/fno__deeponet_ssml_mse_seed1
[worker3/operator_burgers_fno_polish_fair_v2] [operator_burgers_fno_polish_fair_v2/fno_polish_full_l0015_w30_d100_180] [operator] params=279041
[worker3/operator_burgers_fno_polish_fair_v2] [operator_burgers_fno_polish_fair_v2/fno_polish_full_l0015_w30_d100_180] [operator] granularity=sample student_only=True freeze_peer=True peer_updates_disabled=True relay_stage_epochs=(0, 0, 0) relay_hint_mode=full relay_taper_schedule=linear
[worker3/operator_burgers_fno_polish_fair_v2] [operator_burgers_fno_polish_fair_v2/fno_polish_full_l0015_w30_d100_180] [operator][epoch 001] lambda=0.0000 relay_stage=disabled relay_scale=1.000 relay_hotspot=1.0000 train_mse=0.00030302 val_mse=0.00001695 val_mae=0.00266756 | peer_val_mse=0.02197969 peer_val_mae=0.10182286
[worker3/operator_burgers_fno_polish_fair_v2] [operator_burgers_fno_polish_fair_v2/fno_polish_full_l0015_w30_d100_180] [operator][epoch 002] lambda=0.0000 relay_stage=disabled relay_scale=1.000 relay_hotspot=1.0000 train_mse=0.00000765 val_mse=0.00000389 val_mae=0.00131671 | peer_val_mse=0.02197969 peer_val_mae=0.10182286
[worker3/operator_burgers_fno_polish_fair_v2] [operator_burgers_fno_polish_fair_v2/fno_polish_full_l0015_w30_d100_180] [operator][epoch 003] lambda=0.0000 relay_stage=disabled relay_scale=1.000 relay_hotspot=1.0000 train_mse=0.00000332 val_mse=0.00000463 val_mae=0.00133252 | peer_val_mse=0.02197969 peer_val_mae=0.10182286
[worker3/operator_burgers_fno_polish_fair_v2] [operator_burgers_fno_polish_fair_v2/fno_polish_full_l0015_w30_d100_180] [operator][epoch 004] lambda=0.0000 relay_stage=disabled relay_scale=1.000 relay_hotspot=1.0000 train_mse=0.00000310 val_mse=0.00000617 val_mae=0.00151917 | peer_val_mse=0.02197969 peer_val_mae=0.10182286
[worker3/operator_burgers_fno_polish_fair_v2] [operator_burgers_fno_polish_fair_v2/fno_polish_full_l0015_w30_d100_180] [operator][epoch 005] lambda=0.0000 relay_stage=disabled relay_scale=1.000 relay_hotspot=1.0000 train_mse=0.00000710 val_mse=0.00000717 val_mae=0.00180345 | peer_val_mse=0.02197969 peer_val_mae=0.10182286
[worker3/operator_burgers_fno_polish_fair_v2] [operator_burgers_fno_polish_fair_v2/fno_polish_full_l0015_w30_d100_180] [operator][epoch 006] lambda=0.0000 relay_stage=disabled relay_scale=1.000 relay_hotspot=1.0000 train_mse=0.00000585 val_mse=0.00000630 val_mae=0.00172249 | peer_val_mse=0.02197969 peer_val_mae=0.10182286
[worker3/operator_burgers_fno_polish_fair_v2] [operator_burgers_fno_polish_fair_v2/fno_polish_full_l0015_w30_d100_180] [operator][epoch 007] lambda=0.0000 relay_stage=disabled relay_scale=1.000 relay_hotspot=1.0000 train_mse=0.00000652 val_mse=0.00002065 val_mae=0.00288750 | peer_val_mse=0.02197969 peer_val_mae=0.10182286
[worker3/operator_burgers_fno_polish_fair_v2] [operator_burgers_fno_polish_fair_v2/fno_polish_full_l0015_w30_d100_180] [operator][epoch 008] lambda=0.0000 relay_stage=disabled relay_scale=1.000 relay_hotspot=1.0000 train_mse=0.00002339 val_mse=0.00001755 val_mae=0.00279592 | peer_val_mse=0.02197969 peer_val_mae=0.10182286
[worker3/operator_burgers_fno_polish_fair_v2] [operator_burgers_fno_polish_fair_v2/fno_polish_full_l0015_w30_d100_180] [operator][epoch 009] lambda=0.0000 relay_stage=disabled relay_scale=1.000 relay_hotspot=1.0000 train_mse=0.00002535 val_mse=0.00005432 val_mae=0.00341356 | peer_val_mse=0.02197969 peer_val_mae=0.10182286
[worker3/operator_burgers_fno_polish_fair_v2] [operator_burgers_fno_polish_fair_v2/fno_polish_full_l0015_w30_d100_180] [operator][epoch 010] lambda=0.0000 relay_stage=disabled relay_scale=1.000 relay_hotspot=1.0000 train_mse=0.00006211 val_mse=0.00002179 val_mae=0.00309641 | peer_val_mse=0.02197969 peer_val_mae=0.10182286
[worker3/operator_burgers_fno_polish_fair_v2] [operator_burgers_fno_polish_fair_v2/fno_polish_full_l0015_w30_d100_180] [operator][epoch 011] lambda=0.0000 relay_stage=disabled relay_scale=1.000 relay_hotspot=1.0000 train_mse=0.00003708 val_mse=0.00001482 val_mae=0.00275393 | peer_val_mse=0.02197969 peer_val_mae=0.10182286
[worker3/operator_burgers_fno_polish_fair_v2] [operator_burgers_fno_polish_fair_v2/fno_polish_full_l0015_w30_d100_180] [operator][epoch 012] lambda=0.0000 relay_stage=disabled relay_scale=1.000 relay_hotspot=1.0000 train_mse=0.00001844 val_mse=0.00001064 val_mae=0.00199579 | peer_val_mse=0.02197969 peer_val_mae=0.10182286
[worker3/operator_burgers_fno_polish_fair_v2] [operator_burgers_fno_polish_fair_v2/fno_polish_full_l0015_w30_d100_180] [operator][epoch 013] lambda=0.0000 relay_stage=disabled relay_scale=1.000 relay_hotspot=1.0000 train_mse=0.00001145 val_mse=0.00001581 val_mae=0.00277351 | peer_val_mse=0.02197969 peer_val_mae=0.10182286
[worker3/operator_burgers_fno_polish_fair_v2] [operator_burgers_fno_polish_fair_v2/fno_polish_full_l0015_w30_d100_180] [operator][epoch 014] lambda=0.0000 relay_stage=disabled relay_scale=1.000 relay_hotspot=1.0000 train_mse=0.00003533 val_mse=0.00001193 val_mae=0.00246355 | peer_val_mse=0.02197969 peer_val_mae=0.10182286
[worker3/operator_burgers_fno_polish_fair_v2] [operator_burgers_fno_polish_fair_v2/fno_polish_full_l0015_w30_d100_180] [operator][epoch 015] lambda=0.0000 relay_stage=disabled relay_scale=1.000 relay_hotspot=1.0000 train_mse=0.00002447 val_mse=0.00002598 val_mae=0.00361621 | peer_val_mse=0.02197969 peer_val_mae=0.10182286
[worker3/operator_burgers_fno_polish_fair_v2] [operator_burgers_fno_polish_fair_v2/fno_polish_full_l0015_w30_d100_180] [operator][epoch 016] lambda=0.0000 relay_stage=disabled relay_scale=1.000 relay_hotspot=1.0000 train_mse=0.00001299 val_mse=0.00000789 val_mae=0.00182116 | peer_val_mse=0.02197969 peer_val_mae=0.10182286
[worker3/operator_burgers_fno_polish_fair_v2] [operator_burgers_fno_polish_fair_v2/fno_polish_full_l0015_w30_d100_180] [operator][epoch 017] lambda=0.0000 relay_stage=disabled relay_scale=1.000 relay_hotspot=1.0000 train_mse=0.00001210 val_mse=0.00003614 val_mae=0.00357475 | peer_val_mse=0.02197969 peer_val_mae=0.10182286
[worker3/operator_burgers_fno_polish_fair_v2] [operator_burgers_fno_polish_fair_v2/fno_polish_full_l0015_w30_d100_180] [operator][epoch 018] lambda=0.0000 relay_stage=disabled relay_scale=1.000 relay_hotspot=1.0000 train_mse=0.00005705 val_mse=0.00002607 val_mae=0.00392394 | peer_val_mse=0.02197969 peer_val_mae=0.10182286
[worker3/operator_burgers_fno_polish_fair_v2] [operator_burgers_fno_polish_fair_v2/fno_polish_full_l0015_w30_d100_180] [operator][epoch 019] lambda=0.0000 relay_stage=disabled relay_scale=1.000 relay_hotspot=1.0000 train_mse=0.00007159 val_mse=0.00002612 val_mae=0.00354742 | peer_val_mse=0.02197969 peer_val_mae=0.10182286
[worker3/operator_burgers_fno_polish_fair_v2] [operator_burgers_fno_polish_fair_v2/fno_polish_full_l0015_w30_d100_180] [operator][epoch 020] lambda=0.0000 relay_stage=disabled relay_scale=1.000 relay_hotspot=1.0000 train_mse=0.00002832 val_mse=0.00001579 val_mae=0.00245054 | peer_val_mse=0.02197969 peer_val_mae=0.10182286
[worker3/operator_burgers_fno_polish_fair_v2] [operator_burgers_fno_polish_fair_v2/fno_polish_full_l0015_w30_d100_180] [operator][epoch 020] updated live plot
[worker3/operator_burgers_fno_polish_fair_v2] [operator_burgers_fno_polish_fair_v2/fno_polish_full_l0015_w30_d100_180] [operator][epoch 021] lambda=0.0000 relay_stage=disabled relay_scale=1.000 relay_hotspot=1.0000 train_mse=0.00001645 val_mse=0.00001018 val_mae=0.00208767 | peer_val_mse=0.02197969 peer_val_mae=0.10182286
[worker3/operator_burgers_fno_polish_fair_v2] [operator_burgers_fno_polish_fair_v2/fno_polish_full_l0015_w30_d100_180] [operator][epoch 022] lambda=0.0000 relay_stage=disabled relay_scale=1.000 relay_hotspot=1.0000 train_mse=0.00000961 val_mse=0.00001236 val_mae=0.00232827 | peer_val_mse=0.02197969 peer_val_mae=0.10182286
[worker3/operator_burgers_fno_polish_fair_v2] [operator_burgers_fno_polish_fair_v2/fno_polish_full_l0015_w30_d100_180] [operator][epoch 023] lambda=0.0000 relay_stage=disabled relay_scale=1.000 relay_hotspot=1.0000 train_mse=0.00001299 val_mse=0.00001153 val_mae=0.00233702 | peer_val_mse=0.02197969 peer_val_mae=0.10182286
[worker3/operator_burgers_fno_polish_fair_v2] [operator_burgers_fno_polish_fair_v2/fno_polish_full_l0015_w30_d100_180] [operator][epoch 024] lambda=0.0000 relay_stage=disabled relay_scale=1.000 relay_hotspot=1.0000 train_mse=0.00002166 val_mse=0.00001940 val_mae=0.00275222 | peer_val_mse=0.02197969 peer_val_mae=0.10182286
[worker3/operator_burgers_fno_polish_fair_v2] [operator_burgers_fno_polish_fair_v2/fno_polish_full_l0015_w30_d100_180] [operator][epoch 025] lambda=0.0000 relay_stage=disabled relay_scale=1.000 relay_hotspot=1.0000 train_mse=0.00005503 val_mse=0.00002783 val_mae=0.00329716 | peer_val_mse=0.02197969 peer_val_mae=0.10182286
[worker3/operator_burgers_fno_polish_fair_v2] [operator_burgers_fno_polish_fair_v2/fno_polish_full_l0015_w30_d100_180] [operator][epoch 026] lambda=0.0000 relay_stage=disabled relay_scale=1.000 relay_hotspot=1.0000 train_mse=0.00011106 val_mse=0.00010184 val_mae=0.00740787 | peer_val_mse=0.02197969 peer_val_mae=0.10182286
[worker3/operator_burgers_fno_polish_fair_v2] [operator_burgers_fno_polish_fair_v2/fno_polish_full_l0015_w30_d100_180] [operator][epoch 027] lambda=0.0000 relay_stage=disabled relay_scale=1.000 relay_hotspot=1.0000 train_mse=0.00008072 val_mse=0.00002803 val_mae=0.00390354 | peer_val_mse=0.02197969 peer_val_mae=0.10182286
[worker3/operator_burgers_fno_polish_fair_v2] [operator_burgers_fno_polish_fair_v2/fno_polish_full_l0015_w30_d100_180] [operator][epoch 028] lambda=0.0000 relay_stage=disabled relay_scale=1.000 relay_hotspot=1.0000 train_mse=0.00001759 val_mse=0.00001711 val_mae=0.00283649 | peer_val_mse=0.02197969 peer_val_mae=0.10182286
[worker3/operator_burgers_fno_polish_fair_v2] [operator_burgers_fno_polish_fair_v2/fno_polish_full_l0015_w30_d100_180] [operator][epoch 029] lambda=0.0000 relay_stage=disabled relay_scale=1.000 relay_hotspot=1.0000 train_mse=0.00002001 val_mse=0.00001761 val_mae=0.00291987 | peer_val_mse=0.02197969 peer_val_mae=0.10182286
[worker3/operator_burgers_fno_polish_fair_v2] [operator_burgers_fno_polish_fair_v2/fno_polish_full_l0015_w30_d100_180] [operator][epoch 030] lambda=0.0000 relay_stage=disabled relay_scale=1.000 relay_hotspot=1.0000 train_mse=0.00001252 val_mse=0.00000898 val_mae=0.00205184 | peer_val_mse=0.02197969 peer_val_mae=0.10182286
[worker3/operator_burgers_fno_polish_fair_v2] [operator_burgers_fno_polish_fair_v2/fno_polish_full_l0015_w30_d100_180] [operator][epoch 031] lambda=0.0150 relay_stage=disabled relay_scale=1.000 relay_hotspot=1.0000 train_mse=0.00001368 val_mse=0.00000880 val_mae=0.00220219 | peer_val_mse=0.02197969 peer_val_mae=0.10182286
[worker3/operator_burgers_fno_polish_fair_v2] [operator_burgers_fno_polish_fair_v2/fno_polish_full_l0015_w30_d100_180] [operator][epoch 032] lambda=0.0150 relay_stage=disabled relay_scale=1.000 relay_hotspot=1.0000 train_mse=0.00001287 val_mse=0.00001195 val_mae=0.00216449 | peer_val_mse=0.02197969 peer_val_mae=0.10182286
[worker3/operator_burgers_fno_polish_fair_v2] [operator_burgers_fno_polish_fair_v2/fno_polish_full_l0015_w30_d100_180] [operator][epoch 033] lambda=0.0150 relay_stage=disabled relay_scale=1.000 relay_hotspot=1.0000 train_mse=0.00000969 val_mse=0.00000899 val_mae=0.00206857 | peer_val_mse=0.02197969 peer_val_mae=0.10182286
[worker3/operator_burgers_fno_polish_fair_v2] [operator_burgers_fno_polish_fair_v2/fno_polish_full_l0015_w30_d100_180] [operator][epoch 034] lambda=0.0150 relay_stage=disabled relay_scale=1.000 relay_hotspot=1.0000 train_mse=0.00001279 val_mse=0.00001500 val_mae=0.00265204 | peer_val_mse=0.02197969 peer_val_mae=0.10182286
[worker3/operator_burgers_fno_polish_fair_v2] [operator_burgers_fno_polish_fair_v2/fno_polish_full_l0015_w30_d100_180] [operator][epoch 035] lambda=0.0150 relay_stage=disabled relay_scale=1.000 relay_hotspot=1.0000 train_mse=0.00003800 val_mse=0.00001129 val_mae=0.00232025 | peer_val_mse=0.02197969 peer_val_mae=0.10182286
[worker3/operator_burgers_fno_polish_fair_v2] [operator_burgers_fno_polish_fair_v2/fno_polish_full_l0015_w30_d100_180] [operator][epoch 036] lambda=0.0150 relay_stage=disabled relay_scale=1.000 relay_hotspot=1.0000 train_mse=0.00002153 val_mse=0.00001673 val_mae=0.00280951 | peer_val_mse=0.02197969 peer_val_mae=0.10182286
[worker3/operator_burgers_fno_polish_fair_v2] [operator_burgers_fno_polish_fair_v2/fno_polish_full_l0015_w30_d100_180] [operator][epoch 037] lambda=0.0150 relay_stage=disabled relay_scale=1.000 relay_hotspot=1.0000 train_mse=0.00001162 val_mse=0.00000820 val_mae=0.00195844 | peer_val_mse=0.02197969 peer_val_mae=0.10182286
[worker3/operator_burgers_fno_polish_fair_v2] [operator_burgers_fno_polish_fair_v2/fno_polish_full_l0015_w30_d100_180] [operator][epoch 038] lambda=0.0150 relay_stage=disabled relay_scale=1.000 relay_hotspot=1.0000 train_mse=0.00000544 val_mse=0.00000761 val_mae=0.00191582 | peer_val_mse=0.02197969 peer_val_mae=0.10182286
[worker3/operator_burgers_fno_polish_fair_v2] [operator_burgers_fno_polish_fair_v2/fno_polish_full_l0015_w30_d100_180] [operator][epoch 039] lambda=0.0150 relay_stage=disabled relay_scale=1.000 relay_hotspot=1.0000 train_mse=0.00001848 val_mse=0.00001172 val_mae=0.00239663 | peer_val_mse=0.02197969 peer_val_mae=0.10182286
[worker3/operator_burgers_fno_polish_fair_v2] [operator_burgers_fno_polish_fair_v2/fno_polish_full_l0015_w30_d100_180] [operator][epoch 040] lambda=0.0150 relay_stage=disabled relay_scale=1.000 relay_hotspot=1.0000 train_mse=0.00001873 val_mse=0.00000890 val_mae=0.00218478 | peer_val_mse=0.02197969 peer_val_mae=0.10182286
[worker3/operator_burgers_fno_polish_fair_v2] [operator_burgers_fno_polish_fair_v2/fno_polish_full_l0015_w30_d100_180] [operator][epoch 040] updated live plot
[worker3/operator_burgers_fno_polish_fair_v2] [operator_burgers_fno_polish_fair_v2/fno_polish_full_l0015_w30_d100_180] [operator][epoch 041] lambda=0.0150 relay_stage=disabled relay_scale=1.000 relay_hotspot=1.0000 train_mse=0.00001799 val_mse=0.00001229 val_mae=0.00247978 | peer_val_mse=0.02197969 peer_val_mae=0.10182286
[worker3/operator_burgers_fno_polish_fair_v2] [operator_burgers_fno_polish_fair_v2/fno_polish_full_l0015_w30_d100_180] [operator][epoch 042] lambda=0.0150 relay_stage=disabled relay_scale=1.000 relay_hotspot=1.0000 train_mse=0.00001078 val_mse=0.00002582 val_mae=0.00378757 | peer_val_mse=0.02197969 peer_val_mae=0.10182286
[worker3/operator_burgers_fno_polish_fair_v2] [operator_burgers_fno_polish_fair_v2/fno_polish_full_l0015_w30_d100_180] [operator][epoch 043] lambda=0.0150 relay_stage=disabled relay_scale=1.000 relay_hotspot=1.0000 train_mse=0.00004327 val_mse=0.00007551 val_mae=0.00594930 | peer_val_mse=0.02197969 peer_val_mae=0.10182286
[worker3/operator_burgers_fno_polish_fair_v2] [operator_burgers_fno_polish_fair_v2/fno_polish_full_l0015_w30_d100_180] [operator][epoch 044] lambda=0.0150 relay_stage=disabled relay_scale=1.000 relay_hotspot=1.0000 train_mse=0.00033094 val_mse=0.00006858 val_mae=0.00623956 | peer_val_mse=0.02197969 peer_val_mae=0.10182286
[worker3/operator_burgers_fno_polish_fair_v2] [operator_burgers_fno_polish_fair_v2/fno_polish_full_l0015_w30_d100_180] [operator][epoch 045] lambda=0.0150 relay_stage=disabled relay_scale=1.000 relay_hotspot=1.0000 train_mse=0.00005145 val_mse=0.00001972 val_mae=0.00307221 | peer_val_mse=0.02197969 peer_val_mae=0.10182286
[worker3/operator_burgers_fno_polish_fair_v2] [operator_burgers_fno_polish_fair_v2/fno_polish_full_l0015_w30_d100_180] [operator][epoch 046] lambda=0.0150 relay_stage=disabled relay_scale=1.000 relay_hotspot=1.0000 train_mse=0.00001568 val_mse=0.00001086 val_mae=0.00208859 | peer_val_mse=0.02197969 peer_val_mae=0.10182286
[worker3/operator_burgers_fno_polish_fair_v2] [operator_burgers_fno_polish_fair_v2/fno_polish_full_l0015_w30_d100_180] [operator][epoch 047] lambda=0.0150 relay_stage=disabled relay_scale=1.000 relay_hotspot=1.0000 train_mse=0.00000700 val_mse=0.00001215 val_mae=0.00246076 | peer_val_mse=0.02197969 peer_val_mae=0.10182286
[worker3/operator_burgers_fno_polish_fair_v2] [operator_burgers_fno_polish_fair_v2/fno_polish_full_l0015_w30_d100_180] [operator][epoch 048] lambda=0.0150 relay_stage=disabled relay_scale=1.000 relay_hotspot=1.0000 train_mse=0.00000780 val_mse=0.00000699 val_mae=0.00157269 | peer_val_mse=0.02197969 peer_val_mae=0.10182286
[worker3/operator_burgers_fno_polish_fair_v2] [operator_burgers_fno_polish_fair_v2/fno_polish_full_l0015_w30_d100_180] [operator][epoch 049] lambda=0.0150 relay_stage=disabled relay_scale=1.000 relay_hotspot=1.0000 train_mse=0.00000845 val_mse=0.00000949 val_mae=0.00202580 | peer_val_mse=0.02197969 peer_val_mae=0.10182286
[worker3/operator_burgers_fno_polish_fair_v2] [operator_burgers_fno_polish_fair_v2/fno_polish_full_l0015_w30_d100_180] [operator][epoch 050] lambda=0.0150 relay_stage=disabled relay_scale=1.000 relay_hotspot=1.0000 train_mse=0.00000691 val_mse=0.00000788 val_mae=0.00173242 | peer_val_mse=0.02197969 peer_val_mae=0.10182286
[worker3/operator_burgers_fno_polish_fair_v2] [operator_burgers_fno_polish_fair_v2/fno_polish_full_l0015_w30_d100_180] [operator][epoch 051] lambda=0.0150 relay_stage=disabled relay_scale=1.000 relay_hotspot=1.0000 train_mse=0.00000667 val_mse=0.00001061 val_mae=0.00204419 | peer_val_mse=0.02197969 peer_val_mae=0.10182286
[worker3/operator_burgers_fno_polish_fair_v2] [operator_burgers_fno_polish_fair_v2/fno_polish_full_l0015_w30_d100_180] [operator][epoch 052] lambda=0.0150 relay_stage=disabled relay_scale=1.000 relay_hotspot=1.0000 train_mse=0.00000950 val_mse=0.00000947 val_mae=0.00219392 | peer_val_mse=0.02197969 peer_val_mae=0.10182286
[worker3/operator_burgers_fno_polish_fair_v2] [operator_burgers_fno_polish_fair_v2/fno_polish_full_l0015_w30_d100_180] [operator][epoch 053] lambda=0.0150 relay_stage=disabled relay_scale=1.000 relay_hotspot=1.0000 train_mse=0.00000827 val_mse=0.00000891 val_mae=0.00235101 | peer_val_mse=0.02197969 peer_val_mae=0.10182286
[worker3/operator_burgers_fno_polish_fair_v2] [operator_burgers_fno_polish_fair_v2/fno_polish_full_l0015_w30_d100_180] [operator][epoch 054] lambda=0.0150 relay_stage=disabled relay_scale=1.000 relay_hotspot=1.0000 train_mse=0.00000755 val_mse=0.00000914 val_mae=0.00203853 | peer_val_mse=0.02197969 peer_val_mae=0.10182286
[worker3/operator_burgers_fno_polish_fair_v2] [operator_burgers_fno_polish_fair_v2/fno_polish_full_l0015_w30_d100_180] [operator][epoch 055] lambda=0.0150 relay_stage=disabled relay_scale=1.000 relay_hotspot=1.0000 train_mse=0.00000857 val_mse=0.00000813 val_mae=0.00189613 | peer_val_mse=0.02197969 peer_val_mae=0.10182286
[worker3/operator_burgers_fno_polish_fair_v2] [operator_burgers_fno_polish_fair_v2/fno_polish_full_l0015_w30_d100_180] [operator][epoch 056] lambda=0.0150 relay_stage=disabled relay_scale=1.000 relay_hotspot=1.0000 train_mse=0.00002042 val_mse=0.00000880 val_mae=0.00190252 | peer_val_mse=0.02197969 peer_val_mae=0.10182286
[worker3/operator_burgers_fno_polish_fair_v2] [operator_burgers_fno_polish_fair_v2/fno_polish_full_l0015_w30_d100_180] [operator][epoch 057] lambda=0.0150 relay_stage=disabled relay_scale=1.000 relay_hotspot=1.0000 train_mse=0.00001229 val_mse=0.00001039 val_mae=0.00215885 | peer_val_mse=0.02197969 peer_val_mae=0.10182286
[worker3/operator_burgers_fno_polish_fair_v2] [operator_burgers_fno_polish_fair_v2/fno_polish_full_l0015_w30_d100_180] [operator][epoch 058] lambda=0.0150 relay_stage=disabled relay_scale=1.000 relay_hotspot=1.0000 train_mse=0.00001194 val_mse=0.00001108 val_mae=0.00209708 | peer_val_mse=0.02197969 peer_val_mae=0.10182286
[worker3/operator_burgers_fno_polish_fair_v2] [operator_burgers_fno_polish_fair_v2/fno_polish_full_l0015_w30_d100_180] [operator][epoch 059] lambda=0.0150 relay_stage=disabled relay_scale=1.000 relay_hotspot=1.0000 train_mse=0.00001537 val_mse=0.00001205 val_mae=0.00236447 | peer_val_mse=0.02197969 peer_val_mae=0.10182286
[worker3/operator_burgers_fno_polish_fair_v2] [operator_burgers_fno_polish_fair_v2/fno_polish_full_l0015_w30_d100_180] [operator][epoch 060] lambda=0.0150 relay_stage=disabled relay_scale=1.000 relay_hotspot=1.0000 train_mse=0.00004551 val_mse=0.00002515 val_mae=0.00409993 | peer_val_mse=0.02197969 peer_val_mae=0.10182286
[worker3/operator_burgers_fno_polish_fair_v2] [operator_burgers_fno_polish_fair_v2/fno_polish_full_l0015_w30_d100_180] [operator][epoch 060] updated live plot
[worker3/operator_burgers_fno_polish_fair_v2] [operator_burgers_fno_polish_fair_v2/fno_polish_full_l0015_w30_d100_180] [operator][epoch 061] lambda=0.0150 relay_stage=disabled relay_scale=1.000 relay_hotspot=1.0000 train_mse=0.00004449 val_mse=0.00006747 val_mae=0.00651771 | peer_val_mse=0.02197969 peer_val_mae=0.10182286
[worker3/operator_burgers_fno_polish_fair_v2] [operator_burgers_fno_polish_fair_v2/fno_polish_full_l0015_w30_d100_180] [operator][epoch 062] lambda=0.0150 relay_stage=disabled relay_scale=1.000 relay_hotspot=1.0000 train_mse=0.00015878 val_mse=0.00010882 val_mae=0.00768589 | peer_val_mse=0.02197969 peer_val_mae=0.10182286
[worker3/operator_burgers_fno_polish_fair_v2] [operator_burgers_fno_polish_fair_v2/fno_polish_full_l0015_w30_d100_180] [operator][epoch 063] lambda=0.0150 relay_stage=disabled relay_scale=1.000 relay_hotspot=1.0000 train_mse=0.00012116 val_mse=0.00011763 val_mae=0.00812059 | peer_val_mse=0.02197969 peer_val_mae=0.10182286
[worker3/operator_burgers_fno_polish_fair_v2] [operator_burgers_fno_polish_fair_v2/fno_polish_full_l0015_w30_d100_180] [operator][epoch 064] lambda=0.0150 relay_stage=disabled relay_scale=1.000 relay_hotspot=1.0000 train_mse=0.00009180 val_mse=0.00004100 val_mae=0.00450579 | peer_val_mse=0.02197969 peer_val_mae=0.10182286
[worker3/operator_burgers_fno_polish_fair_v2] [operator_burgers_fno_polish_fair_v2/fno_polish_full_l0015_w30_d100_180] [operator][epoch 065] lambda=0.0150 relay_stage=disabled relay_scale=1.000 relay_hotspot=1.0000 train_mse=0.00004345 val_mse=0.00003331 val_mae=0.00365589 | peer_val_mse=0.02197969 peer_val_mae=0.10182286
[worker3/operator_burgers_fno_polish_fair_v2] [operator_burgers_fno_polish_fair_v2/fno_polish_full_l0015_w30_d100_180] [operator][epoch 066] lambda=0.0150 relay_stage=disabled relay_scale=1.000 relay_hotspot=1.0000 train_mse=0.00002457 val_mse=0.00001619 val_mae=0.00251361 | peer_val_mse=0.02197969 peer_val_mae=0.10182286
[worker3/operator_burgers_fno_polish_fair_v2] [operator_burgers_fno_polish_fair_v2/fno_polish_full_l0015_w30_d100_180] [operator][epoch 067] lambda=0.0150 relay_stage=disabled relay_scale=1.000 relay_hotspot=1.0000 train_mse=0.00001236 val_mse=0.00001652 val_mae=0.00253418 | peer_val_mse=0.02197969 peer_val_mae=0.10182286
[worker3/operator_burgers_fno_polish_fair_v2] [operator_burgers_fno_polish_fair_v2/fno_polish_full_l0015_w30_d100_180] [operator][epoch 068] lambda=0.0150 relay_stage=disabled relay_scale=1.000 relay_hotspot=1.0000 train_mse=0.00000647 val_mse=0.00000484 val_mae=0.00137838 | peer_val_mse=0.02197969 peer_val_mae=0.10182286
[worker3/operator_burgers_fno_polish_fair_v2] [operator_burgers_fno_polish_fair_v2/fno_polish_full_l0015_w30_d100_180] [operator][epoch 069] lambda=0.0150 relay_stage=disabled relay_scale=1.000 relay_hotspot=1.0000 train_mse=0.00000330 val_mse=0.00000489 val_mae=0.00138204 | peer_val_mse=0.02197969 peer_val_mae=0.10182286
[worker3/operator_burgers_fno_polish_fair_v2] [operator_burgers_fno_polish_fair_v2/fno_polish_full_l0015_w30_d100_180] [operator][epoch 070] lambda=0.0150 relay_stage=disabled relay_scale=1.000 relay_hotspot=1.0000 train_mse=0.00000599 val_mse=0.00000761 val_mae=0.00196063 | peer_val_mse=0.02197969 peer_val_mae=0.10182286
[worker3/operator_burgers_fno_polish_fair_v2] [operator_burgers_fno_polish_fair_v2/fno_polish_full_l0015_w30_d100_180] [operator][epoch 071] lambda=0.0150 relay_stage=disabled relay_scale=1.000 relay_hotspot=1.0000 train_mse=0.00000498 val_mse=0.00000672 val_mae=0.00185470 | peer_val_mse=0.02197969 peer_val_mae=0.10182286
[worker3/operator_burgers_fno_polish_fair_v2] [operator_burgers_fno_polish_fair_v2/fno_polish_full_l0015_w30_d100_180] [operator][epoch 072] lambda=0.0150 relay_stage=disabled relay_scale=1.000 relay_hotspot=1.0000 train_mse=0.00000342 val_mse=0.00000359 val_mae=0.00116602 | peer_val_mse=0.02197969 peer_val_mae=0.10182286
[worker3/operator_burgers_fno_polish_fair_v2] [operator_burgers_fno_polish_fair_v2/fno_polish_full_l0015_w30_d100_180] [operator][epoch 073] lambda=0.0150 relay_stage=disabled relay_scale=1.000 relay_hotspot=1.0000 train_mse=0.00000269 val_mse=0.00000465 val_mae=0.00139320 | peer_val_mse=0.02197969 peer_val_mae=0.10182286
[worker3/operator_burgers_fno_polish_fair_v2] [operator_burgers_fno_polish_fair_v2/fno_polish_full_l0015_w30_d100_180] [operator][epoch 074] lambda=0.0150 relay_stage=disabled relay_scale=1.000 relay_hotspot=1.0000 train_mse=0.00000324 val_mse=0.00000456 val_mae=0.00127090 | peer_val_mse=0.02197969 peer_val_mae=0.10182286
[worker3/operator_burgers_fno_polish_fair_v2] [operator_burgers_fno_polish_fair_v2/fno_polish_full_l0015_w30_d100_180] [operator][epoch 075] lambda=0.0150 relay_stage=disabled relay_scale=1.000 relay_hotspot=1.0000 train_mse=0.00000720 val_mse=0.00001069 val_mae=0.00246389 | peer_val_mse=0.02197969 peer_val_mae=0.10182286
[worker3/operator_burgers_fno_polish_fair_v2] [operator_burgers_fno_polish_fair_v2/fno_polish_full_l0015_w30_d100_180] [operator][epoch 076] lambda=0.0150 relay_stage=disabled relay_scale=1.000 relay_hotspot=1.0000 train_mse=0.00000688 val_mse=0.00000610 val_mae=0.00155631 | peer_val_mse=0.02197969 peer_val_mae=0.10182286
[worker3/operator_burgers_fno_polish_fair_v2] [operator_burgers_fno_polish_fair_v2/fno_polish_full_l0015_w30_d100_180] [operator][epoch 077] lambda=0.0150 relay_stage=disabled relay_scale=1.000 relay_hotspot=1.0000 train_mse=0.00000289 val_mse=0.00000408 val_mae=0.00132692 | peer_val_mse=0.02197969 peer_val_mae=0.10182286
[worker3/operator_burgers_fno_polish_fair_v2] [operator_burgers_fno_polish_fair_v2/fno_polish_full_l0015_w30_d100_180] [operator][epoch 078] lambda=0.0150 relay_stage=disabled relay_scale=1.000 relay_hotspot=1.0000 train_mse=0.00000431 val_mse=0.00000554 val_mae=0.00149155 | peer_val_mse=0.02197969 peer_val_mae=0.10182286
[worker3/operator_burgers_fno_polish_fair_v2] [operator_burgers_fno_polish_fair_v2/fno_polish_full_l0015_w30_d100_180] [operator][epoch 079] lambda=0.0150 relay_stage=disabled relay_scale=1.000 relay_hotspot=1.0000 train_mse=0.00001867 val_mse=0.00001678 val_mae=0.00312820 | peer_val_mse=0.02197969 peer_val_mae=0.10182286
[worker3/operator_burgers_fno_polish_fair_v2] [operator_burgers_fno_polish_fair_v2/fno_polish_full_l0015_w30_d100_180] [operator][epoch 080] lambda=0.0150 relay_stage=disabled relay_scale=1.000 relay_hotspot=1.0000 train_mse=0.00000913 val_mse=0.00000676 val_mae=0.00185352 | peer_val_mse=0.02197969 peer_val_mae=0.10182286
[worker3/operator_burgers_fno_polish_fair_v2] [operator_burgers_fno_polish_fair_v2/fno_polish_full_l0015_w30_d100_180] [operator][epoch 080] updated live plot
[worker3/operator_burgers_fno_polish_fair_v2] [operator_burgers_fno_polish_fair_v2/fno_polish_full_l0015_w30_d100_180] [operator][epoch 081] lambda=0.0150 relay_stage=disabled relay_scale=1.000 relay_hotspot=1.0000 train_mse=0.00000517 val_mse=0.00000996 val_mae=0.00221036 | peer_val_mse=0.02197969 peer_val_mae=0.10182286
[worker3/operator_burgers_fno_polish_fair_v2] [operator_burgers_fno_polish_fair_v2/fno_polish_full_l0015_w30_d100_180] [operator][epoch 082] lambda=0.0150 relay_stage=disabled relay_scale=1.000 relay_hotspot=1.0000 train_mse=0.00001149 val_mse=0.00002398 val_mae=0.00318071 | peer_val_mse=0.02197969 peer_val_mae=0.10182286
[worker3/operator_burgers_fno_polish_fair_v2] [operator_burgers_fno_polish_fair_v2/fno_polish_full_l0015_w30_d100_180] [operator][epoch 083] lambda=0.0150 relay_stage=disabled relay_scale=1.000 relay_hotspot=1.0000 train_mse=0.00001943 val_mse=0.00001570 val_mae=0.00279799 | peer_val_mse=0.02197969 peer_val_mae=0.10182286
[worker3/operator_burgers_fno_polish_fair_v2] [operator_burgers_fno_polish_fair_v2/fno_polish_full_l0015_w30_d100_180] [operator][epoch 084] lambda=0.0150 relay_stage=disabled relay_scale=1.000 relay_hotspot=1.0000 train_mse=0.00002019 val_mse=0.00004715 val_mae=0.00476625 | peer_val_mse=0.02197969 peer_val_mae=0.10182286
[worker3/operator_burgers_fno_polish_fair_v2] [operator_burgers_fno_polish_fair_v2/fno_polish_full_l0015_w30_d100_180] [operator][epoch 085] lambda=0.0150 relay_stage=disabled relay_scale=1.000 relay_hotspot=1.0000 train_mse=0.00004724 val_mse=0.00000757 val_mae=0.00190346 | peer_val_mse=0.02197969 peer_val_mae=0.10182286
[worker3/operator_burgers_fno_polish_fair_v2] [operator_burgers_fno_polish_fair_v2/fno_polish_full_l0015_w30_d100_180] [operator][epoch 086] lambda=0.0150 relay_stage=disabled relay_scale=1.000 relay_hotspot=1.0000 train_mse=0.00001710 val_mse=0.00001587 val_mae=0.00288342 | peer_val_mse=0.02197969 peer_val_mae=0.10182286
[worker3/operator_burgers_fno_polish_fair_v2] [operator_burgers_fno_polish_fair_v2/fno_polish_full_l0015_w30_d100_180] [operator][epoch 087] lambda=0.0150 relay_stage=disabled relay_scale=1.000 relay_hotspot=1.0000 train_mse=0.00002185 val_mse=0.00001771 val_mae=0.00273227 | peer_val_mse=0.02197969 peer_val_mae=0.10182286
[worker3/operator_burgers_fno_polish_fair_v2] [operator_burgers_fno_polish_fair_v2/fno_polish_full_l0015_w30_d100_180] [operator][epoch 088] lambda=0.0150 relay_stage=disabled relay_scale=1.000 relay_hotspot=1.0000 train_mse=0.00001279 val_mse=0.00001814 val_mae=0.00278186 | peer_val_mse=0.02197969 peer_val_mae=0.10182286
[worker3/operator_burgers_fno_polish_fair_v2] [operator_burgers_fno_polish_fair_v2/fno_polish_full_l0015_w30_d100_180] [operator][epoch 089] lambda=0.0150 relay_stage=disabled relay_scale=1.000 relay_hotspot=1.0000 train_mse=0.00000967 val_mse=0.00000745 val_mae=0.00183173 | peer_val_mse=0.02197969 peer_val_mae=0.10182286
[worker3/operator_burgers_fno_polish_fair_v2] [operator_burgers_fno_polish_fair_v2/fno_polish_full_l0015_w30_d100_180] [operator][epoch 090] lambda=0.0150 relay_stage=disabled relay_scale=1.000 relay_hotspot=1.0000 train_mse=0.00000662 val_mse=0.00000728 val_mae=0.00179710 | peer_val_mse=0.02197969 peer_val_mae=0.10182286
[worker3/operator_burgers_fno_polish_fair_v2] [operator_burgers_fno_polish_fair_v2/fno_polish_full_l0015_w30_d100_180] [operator][epoch 091] lambda=0.0150 relay_stage=disabled relay_scale=1.000 relay_hotspot=1.0000 train_mse=0.00002626 val_mse=0.00001919 val_mae=0.00339769 | peer_val_mse=0.02197969 peer_val_mae=0.10182286
[worker3/operator_burgers_fno_polish_fair_v2] [operator_burgers_fno_polish_fair_v2/fno_polish_full_l0015_w30_d100_180] [operator][epoch 092] lambda=0.0150 relay_stage=disabled relay_scale=1.000 relay_hotspot=1.0000 train_mse=0.00002269 val_mse=0.00001715 val_mae=0.00265485 | peer_val_mse=0.02197969 peer_val_mae=0.10182286
[worker3/operator_burgers_fno_polish_fair_v2] [operator_burgers_fno_polish_fair_v2/fno_polish_full_l0015_w30_d100_180] [operator][epoch 093] lambda=0.0150 relay_stage=disabled relay_scale=1.000 relay_hotspot=1.0000 train_mse=0.00001987 val_mse=0.00001674 val_mae=0.00309729 | peer_val_mse=0.02197969 peer_val_mae=0.10182286
[worker3/operator_burgers_fno_polish_fair_v2] [operator_burgers_fno_polish_fair_v2/fno_polish_full_l0015_w30_d100_180] [operator][epoch 094] lambda=0.0150 relay_stage=disabled relay_scale=1.000 relay_hotspot=1.0000 train_mse=0.00005209 val_mse=0.00004862 val_mae=0.00485560 | peer_val_mse=0.02197969 peer_val_mae=0.10182286
[worker3/operator_burgers_fno_polish_fair_v2] [operator_burgers_fno_polish_fair_v2/fno_polish_full_l0015_w30_d100_180] [operator][epoch 095] lambda=0.0150 relay_stage=disabled relay_scale=1.000 relay_hotspot=1.0000 train_mse=0.00003996 val_mse=0.00004187 val_mae=0.00526177 | peer_val_mse=0.02197969 peer_val_mae=0.10182286
[worker3/operator_burgers_fno_polish_fair_v2] [operator_burgers_fno_polish_fair_v2/fno_polish_full_l0015_w30_d100_180] [operator][epoch 096] lambda=0.0150 relay_stage=disabled relay_scale=1.000 relay_hotspot=1.0000 train_mse=0.00006352 val_mse=0.00005680 val_mae=0.00534250 | peer_val_mse=0.02197969 peer_val_mae=0.10182286
[worker3/operator_burgers_fno_polish_fair_v2] [operator_burgers_fno_polish_fair_v2/fno_polish_full_l0015_w30_d100_180] [operator][epoch 097] lambda=0.0150 relay_stage=disabled relay_scale=1.000 relay_hotspot=1.0000 train_mse=0.00005474 val_mse=0.00003448 val_mae=0.00375860 | peer_val_mse=0.02197969 peer_val_mae=0.10182286
[worker3/operator_burgers_fno_polish_fair_v2] [operator_burgers_fno_polish_fair_v2/fno_polish_full_l0015_w30_d100_180] [operator][epoch 098] lambda=0.0150 relay_stage=disabled relay_scale=1.000 relay_hotspot=1.0000 train_mse=0.00002594 val_mse=0.00001456 val_mae=0.00274607 | peer_val_mse=0.02197969 peer_val_mae=0.10182286
[worker3/operator_burgers_fno_polish_fair_v2] [operator_burgers_fno_polish_fair_v2/fno_polish_full_l0015_w30_d100_180] [operator][epoch 099] lambda=0.0150 relay_stage=disabled relay_scale=1.000 relay_hotspot=1.0000 train_mse=0.00000892 val_mse=0.00001377 val_mae=0.00239085 | peer_val_mse=0.02197969 peer_val_mae=0.10182286
[worker3/operator_burgers_fno_polish_fair_v2] [operator_burgers_fno_polish_fair_v2/fno_polish_full_l0015_w30_d100_180] [operator][epoch 100] lambda=0.0150 relay_stage=disabled relay_scale=1.000 relay_hotspot=1.0000 train_mse=0.00001612 val_mse=0.00001014 val_mae=0.00219424 | peer_val_mse=0.02197969 peer_val_mae=0.10182286
[worker3/operator_burgers_fno_polish_fair_v2] [operator_burgers_fno_polish_fair_v2/fno_polish_full_l0015_w30_d100_180] [operator][epoch 100] updated live plot
[worker3/operator_burgers_fno_polish_fair_v2] [operator_burgers_fno_polish_fair_v2/fno_polish_full_l0015_w30_d100_180] [operator][epoch 101] lambda=0.0148 relay_stage=disabled relay_scale=1.000 relay_hotspot=1.0000 train_mse=0.00000725 val_mse=0.00000670 val_mae=0.00162370 | peer_val_mse=0.02197969 peer_val_mae=0.10182286
[worker3/operator_burgers_fno_polish_fair_v2] [operator_burgers_fno_polish_fair_v2/fno_polish_full_l0015_w30_d100_180] [operator][epoch 102] lambda=0.0146 relay_stage=disabled relay_scale=1.000 relay_hotspot=1.0000 train_mse=0.00000575 val_mse=0.00000731 val_mae=0.00181811 | peer_val_mse=0.02197969 peer_val_mae=0.10182286
[worker3/operator_burgers_fno_polish_fair_v2] [operator_burgers_fno_polish_fair_v2/fno_polish_full_l0015_w30_d100_180] [operator][epoch 103] lambda=0.0145 relay_stage=disabled relay_scale=1.000 relay_hotspot=1.0000 train_mse=0.00000813 val_mse=0.00002090 val_mae=0.00330327 | peer_val_mse=0.02197969 peer_val_mae=0.10182286
[worker3/operator_burgers_fno_polish_fair_v2] [operator_burgers_fno_polish_fair_v2/fno_polish_full_l0015_w30_d100_180] [operator][epoch 104] lambda=0.0143 relay_stage=disabled relay_scale=1.000 relay_hotspot=1.0000 train_mse=0.00001285 val_mse=0.00002410 val_mae=0.00359621 | peer_val_mse=0.02197969 peer_val_mae=0.10182286
[worker3/operator_burgers_fno_polish_fair_v2] [operator_burgers_fno_polish_fair_v2/fno_polish_full_l0015_w30_d100_180] [operator][epoch 105] lambda=0.0141 relay_stage=disabled relay_scale=1.000 relay_hotspot=1.0000 train_mse=0.00001754 val_mse=0.00003174 val_mae=0.00337147 | peer_val_mse=0.02197969 peer_val_mae=0.10182286
[worker3/operator_burgers_fno_polish_fair_v2] [operator_burgers_fno_polish_fair_v2/fno_polish_full_l0015_w30_d100_180] [operator][epoch 106] lambda=0.0139 relay_stage=disabled relay_scale=1.000 relay_hotspot=1.0000 train_mse=0.00001799 val_mse=0.00001684 val_mae=0.00283226 | peer_val_mse=0.02197969 peer_val_mae=0.10182286
[worker3/operator_burgers_fno_polish_fair_v2] [operator_burgers_fno_polish_fair_v2/fno_polish_full_l0015_w30_d100_180] [operator][epoch 107] lambda=0.0138 relay_stage=disabled relay_scale=1.000 relay_hotspot=1.0000 train_mse=0.00001298 val_mse=0.00000828 val_mae=0.00215754 | peer_val_mse=0.02197969 peer_val_mae=0.10182286
[worker3/operator_burgers_fno_polish_fair_v2] [operator_burgers_fno_polish_fair_v2/fno_polish_full_l0015_w30_d100_180] [operator][epoch 108] lambda=0.0136 relay_stage=disabled relay_scale=1.000 relay_hotspot=1.0000 train_mse=0.00001498 val_mse=0.00001178 val_mae=0.00234363 | peer_val_mse=0.02197969 peer_val_mae=0.10182286
[worker3/operator_burgers_fno_polish_fair_v2] [operator_burgers_fno_polish_fair_v2/fno_polish_full_l0015_w30_d100_180] [operator][epoch 109] lambda=0.0134 relay_stage=disabled relay_scale=1.000 relay_hotspot=1.0000 train_mse=0.00001661 val_mse=0.00001703 val_mae=0.00264435 | peer_val_mse=0.02197969 peer_val_mae=0.10182286
[worker3/operator_burgers_fno_polish_fair_v2] [operator_burgers_fno_polish_fair_v2/fno_polish_full_l0015_w30_d100_180] [operator][epoch 110] lambda=0.0132 relay_stage=disabled relay_scale=1.000 relay_hotspot=1.0000 train_mse=0.00005445 val_mse=0.00002000 val_mae=0.00293026 | peer_val_mse=0.02197969 peer_val_mae=0.10182286
[worker3/operator_burgers_fno_polish_fair_v2] [operator_burgers_fno_polish_fair_v2/fno_polish_full_l0015_w30_d100_180] [operator][epoch 111] lambda=0.0130 relay_stage=disabled relay_scale=1.000 relay_hotspot=1.0000 train_mse=0.00003137 val_mse=0.00001501 val_mae=0.00257695 | peer_val_mse=0.02197969 peer_val_mae=0.10182286
[worker3/operator_burgers_fno_polish_fair_v2] [operator_burgers_fno_polish_fair_v2/fno_polish_full_l0015_w30_d100_180] [operator][epoch 112] lambda=0.0129 relay_stage=disabled relay_scale=1.000 relay_hotspot=1.0000 train_mse=0.00003425 val_mse=0.00001758 val_mae=0.00296143 | peer_val_mse=0.02197969 peer_val_mae=0.10182286
[worker3/operator_burgers_fno_polish_fair_v2] [operator_burgers_fno_polish_fair_v2/fno_polish_full_l0015_w30_d100_180] [operator][epoch 113] lambda=0.0127 relay_stage=disabled relay_scale=1.000 relay_hotspot=1.0000 train_mse=0.00002813 val_mse=0.00001702 val_mae=0.00296932 | peer_val_mse=0.02197969 peer_val_mae=0.10182286
[worker3/operator_burgers_fno_polish_fair_v2] [operator_burgers_fno_polish_fair_v2/fno_polish_full_l0015_w30_d100_180] [operator][epoch 114] lambda=0.0125 relay_stage=disabled relay_scale=1.000 relay_hotspot=1.0000 train_mse=0.00003189 val_mse=0.00003163 val_mae=0.00404456 | peer_val_mse=0.02197969 peer_val_mae=0.10182286
[worker3/operator_burgers_fno_polish_fair_v2] [operator_burgers_fno_polish_fair_v2/fno_polish_full_l0015_w30_d100_180] [operator][epoch 115] lambda=0.0123 relay_stage=disabled relay_scale=1.000 relay_hotspot=1.0000 train_mse=0.00001941 val_mse=0.00002885 val_mae=0.00362367 | peer_val_mse=0.02197969 peer_val_mae=0.10182286
[worker3/operator_burgers_fno_polish_fair_v2] [operator_burgers_fno_polish_fair_v2/fno_polish_full_l0015_w30_d100_180] [operator][epoch 116] lambda=0.0122 relay_stage=disabled relay_scale=1.000 relay_hotspot=1.0000 train_mse=0.00001575 val_mse=0.00001273 val_mae=0.00227391 | peer_val_mse=0.02197969 peer_val_mae=0.10182286
[worker3/operator_burgers_fno_polish_fair_v2] [operator_burgers_fno_polish_fair_v2/fno_polish_full_l0015_w30_d100_180] [operator][epoch 117] lambda=0.0120 relay_stage=disabled relay_scale=1.000 relay_hotspot=1.0000 train_mse=0.00001038 val_mse=0.00000749 val_mae=0.00195546 | peer_val_mse=0.02197969 peer_val_mae=0.10182286
[worker3/operator_burgers_fno_polish_fair_v2] [operator_burgers_fno_polish_fair_v2/fno_polish_full_l0015_w30_d100_180] [operator][epoch 118] lambda=0.0118 relay_stage=disabled relay_scale=1.000 relay_hotspot=1.0000 train_mse=0.00000877 val_mse=0.00002034 val_mae=0.00328229 | peer_val_mse=0.02197969 peer_val_mae=0.10182286
[worker3/operator_burgers_fno_polish_fair_v2] [operator_burgers_fno_polish_fair_v2/fno_polish_full_l0015_w30_d100_180] [operator][epoch 119] lambda=0.0116 relay_stage=disabled relay_scale=1.000 relay_hotspot=1.0000 train_mse=0.00001300 val_mse=0.00001684 val_mae=0.00315025 | peer_val_mse=0.02197969 peer_val_mae=0.10182286
[worker3/operator_burgers_fno_polish_fair_v2] [operator_burgers_fno_polish_fair_v2/fno_polish_full_l0015_w30_d100_180] [operator][epoch 120] lambda=0.0114 relay_stage=disabled relay_scale=1.000 relay_hotspot=1.0000 train_mse=0.00001073 val_mse=0.00000571 val_mae=0.00147072 | peer_val_mse=0.02197969 peer_val_mae=0.10182286
[worker3/operator_burgers_fno_polish_fair_v2] [operator_burgers_fno_polish_fair_v2/fno_polish_full_l0015_w30_d100_180] [operator][epoch 120] updated live plot
[worker3/operator_burgers_fno_polish_fair_v2] [operator_burgers_fno_polish_fair_v2/fno_polish_full_l0015_w30_d100_180] [operator][epoch 121] lambda=0.0113 relay_stage=disabled relay_scale=1.000 relay_hotspot=1.0000 train_mse=0.00000489 val_mse=0.00001026 val_mae=0.00215856 | peer_val_mse=0.02197969 peer_val_mae=0.10182286
[worker3/operator_burgers_fno_polish_fair_v2] [operator_burgers_fno_polish_fair_v2/fno_polish_full_l0015_w30_d100_180] [operator][epoch 122] lambda=0.0111 relay_stage=disabled relay_scale=1.000 relay_hotspot=1.0000 train_mse=0.00000709 val_mse=0.00000809 val_mae=0.00189209 | peer_val_mse=0.02197969 peer_val_mae=0.10182286
[worker3/operator_burgers_fno_polish_fair_v2] [operator_burgers_fno_polish_fair_v2/fno_polish_full_l0015_w30_d100_180] [operator][epoch 123] lambda=0.0109 relay_stage=disabled relay_scale=1.000 relay_hotspot=1.0000 train_mse=0.00001086 val_mse=0.00001335 val_mae=0.00272244 | peer_val_mse=0.02197969 peer_val_mae=0.10182286
[worker3/operator_burgers_fno_polish_fair_v2] [operator_burgers_fno_polish_fair_v2/fno_polish_full_l0015_w30_d100_180] [operator][epoch 124] lambda=0.0107 relay_stage=disabled relay_scale=1.000 relay_hotspot=1.0000 train_mse=0.00001741 val_mse=0.00002988 val_mae=0.00460747 | peer_val_mse=0.02197969 peer_val_mae=0.10182286
[worker3/operator_burgers_fno_polish_fair_v2] [operator_burgers_fno_polish_fair_v2/fno_polish_full_l0015_w30_d100_180] [operator][epoch 125] lambda=0.0105 relay_stage=disabled relay_scale=1.000 relay_hotspot=1.0000 train_mse=0.00002693 val_mse=0.00001004 val_mae=0.00219555 | peer_val_mse=0.02197969 peer_val_mae=0.10182286
[worker3/operator_burgers_fno_polish_fair_v2] [operator_burgers_fno_polish_fair_v2/fno_polish_full_l0015_w30_d100_180] [operator][epoch 126] lambda=0.0104 relay_stage=disabled relay_scale=1.000 relay_hotspot=1.0000 train_mse=0.00001846 val_mse=0.00003762 val_mae=0.00489116 | peer_val_mse=0.02197969 peer_val_mae=0.10182286
[worker3/operator_burgers_fno_polish_fair_v2] [operator_burgers_fno_polish_fair_v2/fno_polish_full_l0015_w30_d100_180] [operator][epoch 127] lambda=0.0102 relay_stage=disabled relay_scale=1.000 relay_hotspot=1.0000 train_mse=0.00006855 val_mse=0.00008384 val_mae=0.00703524 | peer_val_mse=0.02197969 peer_val_mae=0.10182286
[worker3/operator_burgers_fno_polish_fair_v2] [operator_burgers_fno_polish_fair_v2/fno_polish_full_l0015_w30_d100_180] [operator][epoch 128] lambda=0.0100 relay_stage=disabled relay_scale=1.000 relay_hotspot=1.0000 train_mse=0.00011845 val_mse=0.00003489 val_mae=0.00376847 | peer_val_mse=0.02197969 peer_val_mae=0.10182286
[worker3/operator_burgers_fno_polish_fair_v2] [operator_burgers_fno_polish_fair_v2/fno_polish_full_l0015_w30_d100_180] [operator][epoch 129] lambda=0.0098 relay_stage=disabled relay_scale=1.000 relay_hotspot=1.0000 train_mse=0.00003190 val_mse=0.00001313 val_mae=0.00238894 | peer_val_mse=0.02197969 peer_val_mae=0.10182286
[worker3/operator_burgers_fno_polish_fair_v2] [operator_burgers_fno_polish_fair_v2/fno_polish_full_l0015_w30_d100_180] [operator][epoch 130] lambda=0.0097 relay_stage=disabled relay_scale=1.000 relay_hotspot=1.0000 train_mse=0.00001558 val_mse=0.00000903 val_mae=0.00202343 | peer_val_mse=0.02197969 peer_val_mae=0.10182286
[worker3/operator_burgers_fno_polish_fair_v2] [operator_burgers_fno_polish_fair_v2/fno_polish_full_l0015_w30_d100_180] [operator][epoch 131] lambda=0.0095 relay_stage=disabled relay_scale=1.000 relay_hotspot=1.0000 train_mse=0.00001651 val_mse=0.00003046 val_mae=0.00360574 | peer_val_mse=0.02197969 peer_val_mae=0.10182286
[worker3/operator_burgers_fno_polish_fair_v2] [operator_burgers_fno_polish_fair_v2/fno_polish_full_l0015_w30_d100_180] [operator][epoch 132] lambda=0.0093 relay_stage=disabled relay_scale=1.000 relay_hotspot=1.0000 train_mse=0.00002523 val_mse=0.00003550 val_mae=0.00392794 | peer_val_mse=0.02197969 peer_val_mae=0.10182286
[worker3/operator_burgers_fno_polish_fair_v2] [operator_burgers_fno_polish_fair_v2/fno_polish_full_l0015_w30_d100_180] [operator][epoch 133] lambda=0.0091 relay_stage=disabled relay_scale=1.000 relay_hotspot=1.0000 train_mse=0.00002298 val_mse=0.00001028 val_mae=0.00222953 | peer_val_mse=0.02197969 peer_val_mae=0.10182286
[worker3/operator_burgers_fno_polish_fair_v2] [operator_burgers_fno_polish_fair_v2/fno_polish_full_l0015_w30_d100_180] [operator][epoch 134] lambda=0.0089 relay_stage=disabled relay_scale=1.000 relay_hotspot=1.0000 train_mse=0.00000745 val_mse=0.00001218 val_mae=0.00229416 | peer_val_mse=0.02197969 peer_val_mae=0.10182286
[worker3/operator_burgers_fno_polish_fair_v2] [operator_burgers_fno_polish_fair_v2/fno_polish_full_l0015_w30_d100_180] [operator][epoch 135] lambda=0.0088 relay_stage=disabled relay_scale=1.000 relay_hotspot=1.0000 train_mse=0.00001615 val_mse=0.00001805 val_mae=0.00319085 | peer_val_mse=0.02197969 peer_val_mae=0.10182286
[worker3/operator_burgers_fno_polish_fair_v2] [operator_burgers_fno_polish_fair_v2/fno_polish_full_l0015_w30_d100_180] [operator][epoch 136] lambda=0.0086 relay_stage=disabled relay_scale=1.000 relay_hotspot=1.0000 train_mse=0.00001124 val_mse=0.00001281 val_mae=0.00248068 | peer_val_mse=0.02197969 peer_val_mae=0.10182286
[worker3/operator_burgers_fno_polish_fair_v2] [operator_burgers_fno_polish_fair_v2/fno_polish_full_l0015_w30_d100_180] [operator][epoch 137] lambda=0.0084 relay_stage=disabled relay_scale=1.000 relay_hotspot=1.0000 train_mse=0.00001092 val_mse=0.00001106 val_mae=0.00245000 | peer_val_mse=0.02197969 peer_val_mae=0.10182286
[worker3/operator_burgers_fno_polish_fair_v2] [operator_burgers_fno_polish_fair_v2/fno_polish_full_l0015_w30_d100_180] [operator][epoch 138] lambda=0.0082 relay_stage=disabled relay_scale=1.000 relay_hotspot=1.0000 train_mse=0.00001519 val_mse=0.00001171 val_mae=0.00237621 | peer_val_mse=0.02197969 peer_val_mae=0.10182286
[worker3/operator_burgers_fno_polish_fair_v2] [operator_burgers_fno_polish_fair_v2/fno_polish_full_l0015_w30_d100_180] [operator][epoch 139] lambda=0.0081 relay_stage=disabled relay_scale=1.000 relay_hotspot=1.0000 train_mse=0.00003275 val_mse=0.00000997 val_mae=0.00216138 | peer_val_mse=0.02197969 peer_val_mae=0.10182286
[worker3/operator_burgers_fno_polish_fair_v2] [operator_burgers_fno_polish_fair_v2/fno_polish_full_l0015_w30_d100_180] [operator][epoch 140] lambda=0.0079 relay_stage=disabled relay_scale=1.000 relay_hotspot=1.0000 train_mse=0.00000828 val_mse=0.00001044 val_mae=0.00211657 | peer_val_mse=0.02197969 peer_val_mae=0.10182286
[worker3/operator_burgers_fno_polish_fair_v2] [operator_burgers_fno_polish_fair_v2/fno_polish_full_l0015_w30_d100_180] [operator][epoch 140] updated live plot
[worker3/operator_burgers_fno_polish_fair_v2] [operator_burgers_fno_polish_fair_v2/fno_polish_full_l0015_w30_d100_180] [operator][epoch 141] lambda=0.0077 relay_stage=disabled relay_scale=1.000 relay_hotspot=1.0000 train_mse=0.00000766 val_mse=0.00000581 val_mae=0.00141940 | peer_val_mse=0.02197969 peer_val_mae=0.10182286
[worker3/operator_burgers_fno_polish_fair_v2] [operator_burgers_fno_polish_fair_v2/fno_polish_full_l0015_w30_d100_180] [operator][epoch 142] lambda=0.0075 relay_stage=disabled relay_scale=1.000 relay_hotspot=1.0000 train_mse=0.00000914 val_mse=0.00000601 val_mae=0.00168917 | peer_val_mse=0.02197969 peer_val_mae=0.10182286
[worker3/operator_burgers_fno_polish_fair_v2] [operator_burgers_fno_polish_fair_v2/fno_polish_full_l0015_w30_d100_180] [operator][epoch 143] lambda=0.0073 relay_stage=disabled relay_scale=1.000 relay_hotspot=1.0000 train_mse=0.00000708 val_mse=0.00001022 val_mae=0.00207190 | peer_val_mse=0.02197969 peer_val_mae=0.10182286
[worker3/operator_burgers_fno_polish_fair_v2] [operator_burgers_fno_polish_fair_v2/fno_polish_full_l0015_w30_d100_180] [operator][epoch 144] lambda=0.0072 relay_stage=disabled relay_scale=1.000 relay_hotspot=1.0000 train_mse=0.00000923 val_mse=0.00001919 val_mae=0.00359827 | peer_val_mse=0.02197969 peer_val_mae=0.10182286
[worker3/operator_burgers_fno_polish_fair_v2] [operator_burgers_fno_polish_fair_v2/fno_polish_full_l0015_w30_d100_180] [operator][epoch 145] lambda=0.0070 relay_stage=disabled relay_scale=1.000 relay_hotspot=1.0000 train_mse=0.00002548 val_mse=0.00002831 val_mae=0.00386488 | peer_val_mse=0.02197969 peer_val_mae=0.10182286
[worker3/operator_burgers_fno_polish_fair_v2] [operator_burgers_fno_polish_fair_v2/fno_polish_full_l0015_w30_d100_180] [operator][epoch 146] lambda=0.0068 relay_stage=disabled relay_scale=1.000 relay_hotspot=1.0000 train_mse=0.00003783 val_mse=0.00006255 val_mae=0.00580683 | peer_val_mse=0.02197969 peer_val_mae=0.10182286
[worker3/operator_burgers_fno_polish_fair_v2] [operator_burgers_fno_polish_fair_v2/fno_polish_full_l0015_w30_d100_180] [operator][epoch 147] lambda=0.0066 relay_stage=disabled relay_scale=1.000 relay_hotspot=1.0000 train_mse=0.00004490 val_mse=0.00001276 val_mae=0.00231578 | peer_val_mse=0.02197969 peer_val_mae=0.10182286
[worker3/operator_burgers_fno_polish_fair_v2] [operator_burgers_fno_polish_fair_v2/fno_polish_full_l0015_w30_d100_180] [operator][epoch 148] lambda=0.0065 relay_stage=disabled relay_scale=1.000 relay_hotspot=1.0000 train_mse=0.00000528 val_mse=0.00001236 val_mae=0.00212744 | peer_val_mse=0.02197969 peer_val_mae=0.10182286
[worker3/operator_burgers_fno_polish_fair_v2] [operator_burgers_fno_polish_fair_v2/fno_polish_full_l0015_w30_d100_180] [operator][epoch 149] lambda=0.0063 relay_stage=disabled relay_scale=1.000 relay_hotspot=1.0000 train_mse=0.00000517 val_mse=0.00000621 val_mae=0.00178940 | peer_val_mse=0.02197969 peer_val_mae=0.10182286
[worker3/operator_burgers_fno_polish_fair_v2] [operator_burgers_fno_polish_fair_v2/fno_polish_full_l0015_w30_d100_180] [operator][epoch 150] lambda=0.0061 relay_stage=disabled relay_scale=1.000 relay_hotspot=1.0000 train_mse=0.00002337 val_mse=0.00002567 val_mae=0.00344055 | peer_val_mse=0.02197969 peer_val_mae=0.10182286
[worker3/operator_burgers_fno_polish_fair_v2] [operator_burgers_fno_polish_fair_v2/fno_polish_full_l0015_w30_d100_180] [operator][epoch 151] lambda=0.0059 relay_stage=disabled relay_scale=1.000 relay_hotspot=1.0000 train_mse=0.00007833 val_mse=0.00022636 val_mae=0.01084538 | peer_val_mse=0.02197969 peer_val_mae=0.10182286
[worker3/operator_burgers_fno_polish_fair_v2] [operator_burgers_fno_polish_fair_v2/fno_polish_full_l0015_w30_d100_180] [operator][epoch 152] lambda=0.0057 relay_stage=disabled relay_scale=1.000 relay_hotspot=1.0000 train_mse=0.00016960 val_mse=0.00024030 val_mae=0.01261228 | peer_val_mse=0.02197969 peer_val_mae=0.10182286
[worker3/operator_burgers_fno_polish_fair_v2] [operator_burgers_fno_polish_fair_v2/fno_polish_full_l0015_w30_d100_180] [operator][epoch 153] lambda=0.0056 relay_stage=disabled relay_scale=1.000 relay_hotspot=1.0000 train_mse=0.00008834 val_mse=0.00003147 val_mae=0.00414276 | peer_val_mse=0.02197969 peer_val_mae=0.10182286
[worker3/operator_burgers_fno_polish_fair_v2] [operator_burgers_fno_polish_fair_v2/fno_polish_full_l0015_w30_d100_180] [operator][epoch 154] lambda=0.0054 relay_stage=disabled relay_scale=1.000 relay_hotspot=1.0000 train_mse=0.00001872 val_mse=0.00001546 val_mae=0.00231012 | peer_val_mse=0.02197969 peer_val_mae=0.10182286
[worker3/operator_burgers_fno_polish_fair_v2] [operator_burgers_fno_polish_fair_v2/fno_polish_full_l0015_w30_d100_180] [operator][epoch 155] lambda=0.0052 relay_stage=disabled relay_scale=1.000 relay_hotspot=1.0000 train_mse=0.00001089 val_mse=0.00000661 val_mae=0.00155115 | peer_val_mse=0.02197969 peer_val_mae=0.10182286
[worker3/operator_burgers_fno_polish_fair_v2] [operator_burgers_fno_polish_fair_v2/fno_polish_full_l0015_w30_d100_180] [operator][epoch 156] lambda=0.0050 relay_stage=disabled relay_scale=1.000 relay_hotspot=1.0000 train_mse=0.00000490 val_mse=0.00000543 val_mae=0.00154248 | peer_val_mse=0.02197969 peer_val_mae=0.10182286
[worker3/operator_burgers_fno_polish_fair_v2] [operator_burgers_fno_polish_fair_v2/fno_polish_full_l0015_w30_d100_180] [operator][epoch 157] lambda=0.0048 relay_stage=disabled relay_scale=1.000 relay_hotspot=1.0000 train_mse=0.00000460 val_mse=0.00000440 val_mae=0.00130336 | peer_val_mse=0.02197969 peer_val_mae=0.10182286
[worker3/operator_burgers_fno_polish_fair_v2] [operator_burgers_fno_polish_fair_v2/fno_polish_full_l0015_w30_d100_180] [operator][epoch 158] lambda=0.0047 relay_stage=disabled relay_scale=1.000 relay_hotspot=1.0000 train_mse=0.00000345 val_mse=0.00000481 val_mae=0.00128274 | peer_val_mse=0.02197969 peer_val_mae=0.10182286
[worker3/operator_burgers_fno_polish_fair_v2] [operator_burgers_fno_polish_fair_v2/fno_polish_full_l0015_w30_d100_180] [operator][epoch 159] lambda=0.0045 relay_stage=disabled relay_scale=1.000 relay_hotspot=1.0000 train_mse=0.00000302 val_mse=0.00000431 val_mae=0.00133721 | peer_val_mse=0.02197969 peer_val_mae=0.10182286
[worker3/operator_burgers_fno_polish_fair_v2] [operator_burgers_fno_polish_fair_v2/fno_polish_full_l0015_w30_d100_180] [operator][epoch 160] lambda=0.0043 relay_stage=disabled relay_scale=1.000 relay_hotspot=1.0000 train_mse=0.00000299 val_mse=0.00000471 val_mae=0.00129284 | peer_val_mse=0.02197969 peer_val_mae=0.10182286
[worker3/operator_burgers_fno_polish_fair_v2] [operator_burgers_fno_polish_fair_v2/fno_polish_full_l0015_w30_d100_180] [operator][epoch 160] updated live plot
[worker3/operator_burgers_fno_polish_fair_v2] [operator_burgers_fno_polish_fair_v2/fno_polish_full_l0015_w30_d100_180] [operator][epoch 161] lambda=0.0041 relay_stage=disabled relay_scale=1.000 relay_hotspot=1.0000 train_mse=0.00000291 val_mse=0.00000508 val_mae=0.00135785 | peer_val_mse=0.02197969 peer_val_mae=0.10182286
[worker3/operator_burgers_fno_polish_fair_v2] [operator_burgers_fno_polish_fair_v2/fno_polish_full_l0015_w30_d100_180] [operator][epoch 162] lambda=0.0040 relay_stage=disabled relay_scale=1.000 relay_hotspot=1.0000 train_mse=0.00000295 val_mse=0.00000323 val_mae=0.00108753 | peer_val_mse=0.02197969 peer_val_mae=0.10182286
[worker3/operator_burgers_fno_polish_fair_v2] [operator_burgers_fno_polish_fair_v2/fno_polish_full_l0015_w30_d100_180] [operator][epoch 163] lambda=0.0038 relay_stage=disabled relay_scale=1.000 relay_hotspot=1.0000 train_mse=0.00000303 val_mse=0.00000731 val_mae=0.00189778 | peer_val_mse=0.02197969 peer_val_mae=0.10182286
[worker3/operator_burgers_fno_polish_fair_v2] [operator_burgers_fno_polish_fair_v2/fno_polish_full_l0015_w30_d100_180] [operator][epoch 164] lambda=0.0036 relay_stage=disabled relay_scale=1.000 relay_hotspot=1.0000 train_mse=0.00000447 val_mse=0.00000597 val_mae=0.00169399 | peer_val_mse=0.02197969 peer_val_mae=0.10182286
[worker3/operator_burgers_fno_polish_fair_v2] [operator_burgers_fno_polish_fair_v2/fno_polish_full_l0015_w30_d100_180] [operator][epoch 165] lambda=0.0034 relay_stage=disabled relay_scale=1.000 relay_hotspot=1.0000 train_mse=0.00000412 val_mse=0.00000988 val_mae=0.00217719 | peer_val_mse=0.02197969 peer_val_mae=0.10182286
[worker3/operator_burgers_fno_polish_fair_v2] [operator_burgers_fno_polish_fair_v2/fno_polish_full_l0015_w30_d100_180] [operator][epoch 166] lambda=0.0032 relay_stage=disabled relay_scale=1.000 relay_hotspot=1.0000 train_mse=0.00000450 val_mse=0.00000436 val_mae=0.00122134 | peer_val_mse=0.02197969 peer_val_mae=0.10182286
[worker3/operator_burgers_fno_polish_fair_v2] [operator_burgers_fno_polish_fair_v2/fno_polish_full_l0015_w30_d100_180] [operator][epoch 167] lambda=0.0031 relay_stage=disabled relay_scale=1.000 relay_hotspot=1.0000 train_mse=0.00000268 val_mse=0.00000368 val_mae=0.00110551 | peer_val_mse=0.02197969 peer_val_mae=0.10182286
[worker3/operator_burgers_fno_polish_fair_v2] [operator_burgers_fno_polish_fair_v2/fno_polish_full_l0015_w30_d100_180] [operator][epoch 168] lambda=0.0029 relay_stage=disabled relay_scale=1.000 relay_hotspot=1.0000 train_mse=0.00000482 val_mse=0.00000661 val_mae=0.00174293 | peer_val_mse=0.02197969 peer_val_mae=0.10182286
[worker3/operator_burgers_fno_polish_fair_v2] [operator_burgers_fno_polish_fair_v2/fno_polish_full_l0015_w30_d100_180] [operator][epoch 169] lambda=0.0027 relay_stage=disabled relay_scale=1.000 relay_hotspot=1.0000 train_mse=0.00001554 val_mse=0.00000918 val_mae=0.00220393 | peer_val_mse=0.02197969 peer_val_mae=0.10182286
[worker3/operator_burgers_fno_polish_fair_v2] [operator_burgers_fno_polish_fair_v2/fno_polish_full_l0015_w30_d100_180] [operator][epoch 170] lambda=0.0025 relay_stage=disabled relay_scale=1.000 relay_hotspot=1.0000 train_mse=0.00006901 val_mse=0.00014720 val_mae=0.00930771 | peer_val_mse=0.02197969 peer_val_mae=0.10182286
[worker3/operator_burgers_fno_polish_fair_v2] [operator_burgers_fno_polish_fair_v2/fno_polish_full_l0015_w30_d100_180] [operator][epoch 171] lambda=0.0024 relay_stage=disabled relay_scale=1.000 relay_hotspot=1.0000 train_mse=0.00006136 val_mse=0.00001584 val_mae=0.00268273 | peer_val_mse=0.02197969 peer_val_mae=0.10182286
[worker3/operator_burgers_fno_polish_fair_v2] [operator_burgers_fno_polish_fair_v2/fno_polish_full_l0015_w30_d100_180] [operator][epoch 172] lambda=0.0022 relay_stage=disabled relay_scale=1.000 relay_hotspot=1.0000 train_mse=0.00002218 val_mse=0.00001731 val_mae=0.00278048 | peer_val_mse=0.02197969 peer_val_mae=0.10182286
[worker3/operator_burgers_fno_polish_fair_v2] [operator_burgers_fno_polish_fair_v2/fno_polish_full_l0015_w30_d100_180] [operator][epoch 173] lambda=0.0020 relay_stage=disabled relay_scale=1.000 relay_hotspot=1.0000 train_mse=0.00003338 val_mse=0.00001563 val_mae=0.00278752 | peer_val_mse=0.02197969 peer_val_mae=0.10182286
[worker3/operator_burgers_fno_polish_fair_v2] [operator_burgers_fno_polish_fair_v2/fno_polish_full_l0015_w30_d100_180] [operator][epoch 174] lambda=0.0018 relay_stage=disabled relay_scale=1.000 relay_hotspot=1.0000 train_mse=0.00001295 val_mse=0.00001035 val_mae=0.00215610 | peer_val_mse=0.02197969 peer_val_mae=0.10182286
[worker3/operator_burgers_fno_polish_fair_v2] [operator_burgers_fno_polish_fair_v2/fno_polish_full_l0015_w30_d100_180] [operator][epoch 175] lambda=0.0016 relay_stage=disabled relay_scale=1.000 relay_hotspot=1.0000 train_mse=0.00002344 val_mse=0.00002668 val_mae=0.00357302 | peer_val_mse=0.02197969 peer_val_mae=0.10182286
[worker3/operator_burgers_fno_polish_fair_v2] [operator_burgers_fno_polish_fair_v2/fno_polish_full_l0015_w30_d100_180] [operator][epoch 176] lambda=0.0015 relay_stage=disabled relay_scale=1.000 relay_hotspot=1.0000 train_mse=0.00003184 val_mse=0.00004124 val_mae=0.00492176 | peer_val_mse=0.02197969 peer_val_mae=0.10182286
[worker3/operator_burgers_fno_polish_fair_v2] [operator_burgers_fno_polish_fair_v2/fno_polish_full_l0015_w30_d100_180] [operator][epoch 177] lambda=0.0013 relay_stage=disabled relay_scale=1.000 relay_hotspot=1.0000 train_mse=0.00002068 val_mse=0.00001240 val_mae=0.00242768 | peer_val_mse=0.02197969 peer_val_mae=0.10182286
[worker3/operator_burgers_fno_polish_fair_v2] [operator_burgers_fno_polish_fair_v2/fno_polish_full_l0015_w30_d100_180] [operator][epoch 178] lambda=0.0011 relay_stage=disabled relay_scale=1.000 relay_hotspot=1.0000 train_mse=0.00000811 val_mse=0.00000557 val_mae=0.00155154 | peer_val_mse=0.02197969 peer_val_mae=0.10182286
[worker3/operator_burgers_fno_polish_fair_v2] [operator_burgers_fno_polish_fair_v2/fno_polish_full_l0015_w30_d100_180] [operator][epoch 179] lambda=0.0009 relay_stage=disabled relay_scale=1.000 relay_hotspot=1.0000 train_mse=0.00000593 val_mse=0.00000824 val_mae=0.00196489 | peer_val_mse=0.02197969 peer_val_mae=0.10182286
[worker3/operator_burgers_fno_polish_fair_v2] [operator_burgers_fno_polish_fair_v2/fno_polish_full_l0015_w30_d100_180] [operator][epoch 180] lambda=0.0008 relay_stage=disabled relay_scale=1.000 relay_hotspot=1.0000 train_mse=0.00000837 val_mse=0.00000596 val_mae=0.00155832 | peer_val_mse=0.02197969 peer_val_mae=0.10182286
[worker3/operator_burgers_fno_polish_fair_v2] [operator_burgers_fno_polish_fair_v2/fno_polish_full_l0015_w30_d100_180] [operator][epoch 180] updated live plot
[worker3/operator_burgers_fno_polish_fair_v2] [operator_burgers_fno_polish_fair_v2/fno_polish_full_l0015_w30_d100_180] [operator] done
[worker3/operator_burgers_fno_polish_fair_v2] [operator_burgers_fno_polish_fair_v2/fno_polish_full_l0015_w30_d100_180] [operator] dataset=burgers pair=fno:deeponet method=ssml seed=2
[worker3/operator_burgers_fno_polish_fair_v2] [operator_burgers_fno_polish_fair_v2/fno_polish_full_l0015_w30_d100_180] [operator] loaded init_checkpoint=results/operator_burgers_followup_v1/burgers_l005_m0_w12_d60_120_ow1/operator/burgers/fno_independent_mse_seed2/model.pt
[worker3/operator_burgers_fno_polish_fair_v2] [operator_burgers_fno_polish_fair_v2/fno_polish_full_l0015_w30_d100_180] [operator] loaded peer_init_checkpoint=results/operator_burgers_followup_v1/burgers_l005_m0_w12_d60_120_ow1/operator/burgers/deeponet_independent_mse_seed2/model.pt
[worker3/operator_burgers_fno_polish_fair_v2] [operator_burgers_fno_polish_fair_v2/fno_polish_full_l0015_w30_d100_180] [operator] run_dir=results/operator_burgers_fno_polish_fair_v2/worker3_gpu0/fno_polish_full_l0015_w30_d100_180/operator/burgers/fno__deeponet_ssml_mse_seed2
[worker3/operator_burgers_fno_polish_fair_v2] [operator_burgers_fno_polish_fair_v2/fno_polish_full_l0015_w30_d100_180] [operator] params=279041
[worker3/operator_burgers_fno_polish_fair_v2] [operator_burgers_fno_polish_fair_v2/fno_polish_full_l0015_w30_d100_180] [operator] granularity=sample student_only=True freeze_peer=True peer_updates_disabled=True relay_stage_epochs=(0, 0, 0) relay_hint_mode=full relay_taper_schedule=linear
[worker3/operator_burgers_fno_polish_fair_v2] [operator_burgers_fno_polish_fair_v2/fno_polish_full_l0015_w30_d100_180] [operator][epoch 001] lambda=0.0000 relay_stage=disabled relay_scale=1.000 relay_hotspot=1.0000 train_mse=0.00033464 val_mse=0.00004333 val_mae=0.00454200 | peer_val_mse=0.01632908 peer_val_mae=0.08954499
[worker3/operator_burgers_fno_polish_fair_v2] [operator_burgers_fno_polish_fair_v2/fno_polish_full_l0015_w30_d100_180] [operator][epoch 002] lambda=0.0000 relay_stage=disabled relay_scale=1.000 relay_hotspot=1.0000 train_mse=0.00002328 val_mse=0.00000492 val_mae=0.00165763 | peer_val_mse=0.01632908 peer_val_mae=0.08954499
[worker3/operator_burgers_fno_polish_fair_v2] [operator_burgers_fno_polish_fair_v2/fno_polish_full_l0015_w30_d100_180] [operator][epoch 003] lambda=0.0000 relay_stage=disabled relay_scale=1.000 relay_hotspot=1.0000 train_mse=0.00000496 val_mse=0.00000329 val_mae=0.00132968 | peer_val_mse=0.01632908 peer_val_mae=0.08954499
[worker3/operator_burgers_fno_polish_fair_v2] [operator_burgers_fno_polish_fair_v2/fno_polish_full_l0015_w30_d100_180] [operator][epoch 004] lambda=0.0000 relay_stage=disabled relay_scale=1.000 relay_hotspot=1.0000 train_mse=0.00000402 val_mse=0.00000278 val_mae=0.00120228 | peer_val_mse=0.01632908 peer_val_mae=0.08954499
[worker3/operator_burgers_fno_polish_fair_v2] [operator_burgers_fno_polish_fair_v2/fno_polish_full_l0015_w30_d100_180] [operator][epoch 005] lambda=0.0000 relay_stage=disabled relay_scale=1.000 relay_hotspot=1.0000 train_mse=0.00000261 val_mse=0.00000293 val_mae=0.00122791 | peer_val_mse=0.01632908 peer_val_mae=0.08954499
[worker3/operator_burgers_fno_polish_fair_v2] [operator_burgers_fno_polish_fair_v2/fno_polish_full_l0015_w30_d100_180] [operator][epoch 006] lambda=0.0000 relay_stage=disabled relay_scale=1.000 relay_hotspot=1.0000 train_mse=0.00000336 val_mse=0.00000433 val_mae=0.00137472 | peer_val_mse=0.01632908 peer_val_mae=0.08954499
[worker3/operator_burgers_fno_polish_fair_v2] [operator_burgers_fno_polish_fair_v2/fno_polish_full_l0015_w30_d100_180] [operator][epoch 007] lambda=0.0000 relay_stage=disabled relay_scale=1.000 relay_hotspot=1.0000 train_mse=0.00001550 val_mse=0.00001365 val_mae=0.00298053 | peer_val_mse=0.01632908 peer_val_mae=0.08954499
[worker3/operator_burgers_fno_polish_fair_v2] [operator_burgers_fno_polish_fair_v2/fno_polish_full_l0015_w30_d100_180] [operator][epoch 008] lambda=0.0000 relay_stage=disabled relay_scale=1.000 relay_hotspot=1.0000 train_mse=0.00000811 val_mse=0.00000401 val_mae=0.00148363 | peer_val_mse=0.01632908 peer_val_mae=0.08954499
[worker3/operator_burgers_fno_polish_fair_v2] [operator_burgers_fno_polish_fair_v2/fno_polish_full_l0015_w30_d100_180] [operator][epoch 009] lambda=0.0000 relay_stage=disabled relay_scale=1.000 relay_hotspot=1.0000 train_mse=0.00000478 val_mse=0.00000543 val_mae=0.00176117 | peer_val_mse=0.01632908 peer_val_mae=0.08954499
[worker3/operator_burgers_fno_polish_fair_v2] [operator_burgers_fno_polish_fair_v2/fno_polish_full_l0015_w30_d100_180] [operator][epoch 010] lambda=0.0000 relay_stage=disabled relay_scale=1.000 relay_hotspot=1.0000 train_mse=0.00000507 val_mse=0.00001141 val_mae=0.00237677 | peer_val_mse=0.01632908 peer_val_mae=0.08954499
[worker3/operator_burgers_fno_polish_fair_v2] [operator_burgers_fno_polish_fair_v2/fno_polish_full_l0015_w30_d100_180] [operator][epoch 011] lambda=0.0000 relay_stage=disabled relay_scale=1.000 relay_hotspot=1.0000 train_mse=0.00001294 val_mse=0.00001378 val_mae=0.00296196 | peer_val_mse=0.01632908 peer_val_mae=0.08954499
[worker3/operator_burgers_fno_polish_fair_v2] [operator_burgers_fno_polish_fair_v2/fno_polish_full_l0015_w30_d100_180] [operator][epoch 012] lambda=0.0000 relay_stage=disabled relay_scale=1.000 relay_hotspot=1.0000 train_mse=0.00001798 val_mse=0.00001002 val_mae=0.00238434 | peer_val_mse=0.01632908 peer_val_mae=0.08954499
[worker3/operator_burgers_fno_polish_fair_v2] [operator_burgers_fno_polish_fair_v2/fno_polish_full_l0015_w30_d100_180] [operator][epoch 013] lambda=0.0000 relay_stage=disabled relay_scale=1.000 relay_hotspot=1.0000 train_mse=0.00004742 val_mse=0.00003557 val_mae=0.00363534 | peer_val_mse=0.01632908 peer_val_mae=0.08954499
[worker3/operator_burgers_fno_polish_fair_v2] [operator_burgers_fno_polish_fair_v2/fno_polish_full_l0015_w30_d100_180] [operator][epoch 014] lambda=0.0000 relay_stage=disabled relay_scale=1.000 relay_hotspot=1.0000 train_mse=0.00003507 val_mse=0.00002141 val_mae=0.00329048 | peer_val_mse=0.01632908 peer_val_mae=0.08954499
[worker3/operator_burgers_fno_polish_fair_v2] [operator_burgers_fno_polish_fair_v2/fno_polish_full_l0015_w30_d100_180] [operator][epoch 015] lambda=0.0000 relay_stage=disabled relay_scale=1.000 relay_hotspot=1.0000 train_mse=0.00002465 val_mse=0.00001676 val_mae=0.00297379 | peer_val_mse=0.01632908 peer_val_mae=0.08954499
[worker3/operator_burgers_fno_polish_fair_v2] [operator_burgers_fno_polish_fair_v2/fno_polish_full_l0015_w30_d100_180] [operator][epoch 016] lambda=0.0000 relay_stage=disabled relay_scale=1.000 relay_hotspot=1.0000 train_mse=0.00001616 val_mse=0.00001496 val_mae=0.00292586 | peer_val_mse=0.01632908 peer_val_mae=0.08954499
[worker3/operator_burgers_fno_polish_fair_v2] [operator_burgers_fno_polish_fair_v2/fno_polish_full_l0015_w30_d100_180] [operator][epoch 017] lambda=0.0000 relay_stage=disabled relay_scale=1.000 relay_hotspot=1.0000 train_mse=0.00007183 val_mse=0.00005720 val_mae=0.00559810 | peer_val_mse=0.01632908 peer_val_mae=0.08954499
[worker3/operator_burgers_fno_polish_fair_v2] [operator_burgers_fno_polish_fair_v2/fno_polish_full_l0015_w30_d100_180] [operator][epoch 018] lambda=0.0000 relay_stage=disabled relay_scale=1.000 relay_hotspot=1.0000 train_mse=0.00011114 val_mse=0.00003815 val_mae=0.00504264 | peer_val_mse=0.01632908 peer_val_mae=0.08954499
[worker3/operator_burgers_fno_polish_fair_v2] [operator_burgers_fno_polish_fair_v2/fno_polish_full_l0015_w30_d100_180] [operator][epoch 019] lambda=0.0000 relay_stage=disabled relay_scale=1.000 relay_hotspot=1.0000 train_mse=0.00006207 val_mse=0.00003213 val_mae=0.00459364 | peer_val_mse=0.01632908 peer_val_mae=0.08954499
[worker3/operator_burgers_fno_polish_fair_v2] [operator_burgers_fno_polish_fair_v2/fno_polish_full_l0015_w30_d100_180] [operator][epoch 020] lambda=0.0000 relay_stage=disabled relay_scale=1.000 relay_hotspot=1.0000 train_mse=0.00002094 val_mse=0.00000929 val_mae=0.00218116 | peer_val_mse=0.01632908 peer_val_mae=0.08954499
[worker3/operator_burgers_fno_polish_fair_v2] [operator_burgers_fno_polish_fair_v2/fno_polish_full_l0015_w30_d100_180] [operator][epoch 020] updated live plot
[worker3/operator_burgers_fno_polish_fair_v2] [operator_burgers_fno_polish_fair_v2/fno_polish_full_l0015_w30_d100_180] [operator][epoch 021] lambda=0.0000 relay_stage=disabled relay_scale=1.000 relay_hotspot=1.0000 train_mse=0.00001300 val_mse=0.00001798 val_mae=0.00337713 | peer_val_mse=0.01632908 peer_val_mae=0.08954499
[worker3/operator_burgers_fno_polish_fair_v2] [operator_burgers_fno_polish_fair_v2/fno_polish_full_l0015_w30_d100_180] [operator][epoch 022] lambda=0.0000 relay_stage=disabled relay_scale=1.000 relay_hotspot=1.0000 train_mse=0.00005220 val_mse=0.00005174 val_mae=0.00589666 | peer_val_mse=0.01632908 peer_val_mae=0.08954499
[worker3/operator_burgers_fno_polish_fair_v2] [operator_burgers_fno_polish_fair_v2/fno_polish_full_l0015_w30_d100_180] [operator][epoch 023] lambda=0.0000 relay_stage=disabled relay_scale=1.000 relay_hotspot=1.0000 train_mse=0.00002606 val_mse=0.00001899 val_mae=0.00314039 | peer_val_mse=0.01632908 peer_val_mae=0.08954499
[worker3/operator_burgers_fno_polish_fair_v2] [operator_burgers_fno_polish_fair_v2/fno_polish_full_l0015_w30_d100_180] [operator][epoch 024] lambda=0.0000 relay_stage=disabled relay_scale=1.000 relay_hotspot=1.0000 train_mse=0.00006041 val_mse=0.00004915 val_mae=0.00458216 | peer_val_mse=0.01632908 peer_val_mae=0.08954499
[worker3/operator_burgers_fno_polish_fair_v2] [operator_burgers_fno_polish_fair_v2/fno_polish_full_l0015_w30_d100_180] [operator][epoch 025] lambda=0.0000 relay_stage=disabled relay_scale=1.000 relay_hotspot=1.0000 train_mse=0.00005396 val_mse=0.00001664 val_mae=0.00294111 | peer_val_mse=0.01632908 peer_val_mae=0.08954499
[worker3/operator_burgers_fno_polish_fair_v2] [operator_burgers_fno_polish_fair_v2/fno_polish_full_l0015_w30_d100_180] [operator][epoch 026] lambda=0.0000 relay_stage=disabled relay_scale=1.000 relay_hotspot=1.0000 train_mse=0.00002571 val_mse=0.00000934 val_mae=0.00238485 | peer_val_mse=0.01632908 peer_val_mae=0.08954499
[worker3/operator_burgers_fno_polish_fair_v2] [operator_burgers_fno_polish_fair_v2/fno_polish_full_l0015_w30_d100_180] [operator][epoch 027] lambda=0.0000 relay_stage=disabled relay_scale=1.000 relay_hotspot=1.0000 train_mse=0.00001291 val_mse=0.00001155 val_mae=0.00244823 | peer_val_mse=0.01632908 peer_val_mae=0.08954499
[worker3/operator_burgers_fno_polish_fair_v2] [operator_burgers_fno_polish_fair_v2/fno_polish_full_l0015_w30_d100_180] [operator][epoch 028] lambda=0.0000 relay_stage=disabled relay_scale=1.000 relay_hotspot=1.0000 train_mse=0.00001370 val_mse=0.00001141 val_mae=0.00253418 | peer_val_mse=0.01632908 peer_val_mae=0.08954499
[worker3/operator_burgers_fno_polish_fair_v2] [operator_burgers_fno_polish_fair_v2/fno_polish_full_l0015_w30_d100_180] [operator][epoch 029] lambda=0.0000 relay_stage=disabled relay_scale=1.000 relay_hotspot=1.0000 train_mse=0.00000742 val_mse=0.00000450 val_mae=0.00153733 | peer_val_mse=0.01632908 peer_val_mae=0.08954499
[worker3/operator_burgers_fno_polish_fair_v2] [operator_burgers_fno_polish_fair_v2/fno_polish_full_l0015_w30_d100_180] [operator][epoch 030] lambda=0.0000 relay_stage=disabled relay_scale=1.000 relay_hotspot=1.0000 train_mse=0.00000460 val_mse=0.00000529 val_mae=0.00172506 | peer_val_mse=0.01632908 peer_val_mae=0.08954499
[worker3/operator_burgers_fno_polish_fair_v2] [operator_burgers_fno_polish_fair_v2/fno_polish_full_l0015_w30_d100_180] [operator][epoch 031] lambda=0.0150 relay_stage=disabled relay_scale=1.000 relay_hotspot=1.0000 train_mse=0.00000573 val_mse=0.00000480 val_mae=0.00160054 | peer_val_mse=0.01632908 peer_val_mae=0.08954499
[worker3/operator_burgers_fno_polish_fair_v2] [operator_burgers_fno_polish_fair_v2/fno_polish_full_l0015_w30_d100_180] [operator][epoch 032] lambda=0.0150 relay_stage=disabled relay_scale=1.000 relay_hotspot=1.0000 train_mse=0.00000556 val_mse=0.00000687 val_mae=0.00201116 | peer_val_mse=0.01632908 peer_val_mae=0.08954499
[worker3/operator_burgers_fno_polish_fair_v2] [operator_burgers_fno_polish_fair_v2/fno_polish_full_l0015_w30_d100_180] [operator][epoch 033] lambda=0.0150 relay_stage=disabled relay_scale=1.000 relay_hotspot=1.0000 train_mse=0.00005923 val_mse=0.00003731 val_mae=0.00450925 | peer_val_mse=0.01632908 peer_val_mae=0.08954499
[worker3/operator_burgers_fno_polish_fair_v2] [operator_burgers_fno_polish_fair_v2/fno_polish_full_l0015_w30_d100_180] [operator][epoch 034] lambda=0.0150 relay_stage=disabled relay_scale=1.000 relay_hotspot=1.0000 train_mse=0.00002789 val_mse=0.00001427 val_mae=0.00261165 | peer_val_mse=0.01632908 peer_val_mae=0.08954499
[worker3/operator_burgers_fno_polish_fair_v2] [operator_burgers_fno_polish_fair_v2/fno_polish_full_l0015_w30_d100_180] [operator][epoch 035] lambda=0.0150 relay_stage=disabled relay_scale=1.000 relay_hotspot=1.0000 train_mse=0.00002375 val_mse=0.00000929 val_mae=0.00222481 | peer_val_mse=0.01632908 peer_val_mae=0.08954499
[worker3/operator_burgers_fno_polish_fair_v2] [operator_burgers_fno_polish_fair_v2/fno_polish_full_l0015_w30_d100_180] [operator][epoch 036] lambda=0.0150 relay_stage=disabled relay_scale=1.000 relay_hotspot=1.0000 train_mse=0.00002024 val_mse=0.00001089 val_mae=0.00255049 | peer_val_mse=0.01632908 peer_val_mae=0.08954499
[worker3/operator_burgers_fno_polish_fair_v2] [operator_burgers_fno_polish_fair_v2/fno_polish_full_l0015_w30_d100_180] [operator][epoch 037] lambda=0.0150 relay_stage=disabled relay_scale=1.000 relay_hotspot=1.0000 train_mse=0.00001716 val_mse=0.00002548 val_mae=0.00408965 | peer_val_mse=0.01632908 peer_val_mae=0.08954499
[worker3/operator_burgers_fno_polish_fair_v2] [operator_burgers_fno_polish_fair_v2/fno_polish_full_l0015_w30_d100_180] [operator][epoch 038] lambda=0.0150 relay_stage=disabled relay_scale=1.000 relay_hotspot=1.0000 train_mse=0.00001714 val_mse=0.00001713 val_mae=0.00304246 | peer_val_mse=0.01632908 peer_val_mae=0.08954499
[worker3/operator_burgers_fno_polish_fair_v2] [operator_burgers_fno_polish_fair_v2/fno_polish_full_l0015_w30_d100_180] [operator][epoch 039] lambda=0.0150 relay_stage=disabled relay_scale=1.000 relay_hotspot=1.0000 train_mse=0.00002297 val_mse=0.00003942 val_mae=0.00479086 | peer_val_mse=0.01632908 peer_val_mae=0.08954499
[worker3/operator_burgers_fno_polish_fair_v2] [operator_burgers_fno_polish_fair_v2/fno_polish_full_l0015_w30_d100_180] [operator][epoch 040] lambda=0.0150 relay_stage=disabled relay_scale=1.000 relay_hotspot=1.0000 train_mse=0.00007517 val_mse=0.00003702 val_mae=0.00444132 | peer_val_mse=0.01632908 peer_val_mae=0.08954499
[worker3/operator_burgers_fno_polish_fair_v2] [operator_burgers_fno_polish_fair_v2/fno_polish_full_l0015_w30_d100_180] [operator][epoch 040] updated live plot
[worker3/operator_burgers_fno_polish_fair_v2] [operator_burgers_fno_polish_fair_v2/fno_polish_full_l0015_w30_d100_180] [operator][epoch 041] lambda=0.0150 relay_stage=disabled relay_scale=1.000 relay_hotspot=1.0000 train_mse=0.00004374 val_mse=0.00008101 val_mae=0.00750146 | peer_val_mse=0.01632908 peer_val_mae=0.08954499
[worker3/operator_burgers_fno_polish_fair_v2] [operator_burgers_fno_polish_fair_v2/fno_polish_full_l0015_w30_d100_180] [operator][epoch 042] lambda=0.0150 relay_stage=disabled relay_scale=1.000 relay_hotspot=1.0000 train_mse=0.00004252 val_mse=0.00001275 val_mae=0.00265867 | peer_val_mse=0.01632908 peer_val_mae=0.08954499
[worker3/operator_burgers_fno_polish_fair_v2] [operator_burgers_fno_polish_fair_v2/fno_polish_full_l0015_w30_d100_180] [operator][epoch 043] lambda=0.0150 relay_stage=disabled relay_scale=1.000 relay_hotspot=1.0000 train_mse=0.00003889 val_mse=0.00005954 val_mae=0.00517734 | peer_val_mse=0.01632908 peer_val_mae=0.08954499
[worker3/operator_burgers_fno_polish_fair_v2] [operator_burgers_fno_polish_fair_v2/fno_polish_full_l0015_w30_d100_180] [operator][epoch 044] lambda=0.0150 relay_stage=disabled relay_scale=1.000 relay_hotspot=1.0000 train_mse=0.00002097 val_mse=0.00001938 val_mae=0.00301591 | peer_val_mse=0.01632908 peer_val_mae=0.08954499
[worker3/operator_burgers_fno_polish_fair_v2] [operator_burgers_fno_polish_fair_v2/fno_polish_full_l0015_w30_d100_180] [operator][epoch 045] lambda=0.0150 relay_stage=disabled relay_scale=1.000 relay_hotspot=1.0000 train_mse=0.00001124 val_mse=0.00000767 val_mae=0.00181407 | peer_val_mse=0.01632908 peer_val_mae=0.08954499
[worker3/operator_burgers_fno_polish_fair_v2] [operator_burgers_fno_polish_fair_v2/fno_polish_full_l0015_w30_d100_180] [operator][epoch 046] lambda=0.0150 relay_stage=disabled relay_scale=1.000 relay_hotspot=1.0000 train_mse=0.00001481 val_mse=0.00001060 val_mae=0.00240993 | peer_val_mse=0.01632908 peer_val_mae=0.08954499
[worker3/operator_burgers_fno_polish_fair_v2] [operator_burgers_fno_polish_fair_v2/fno_polish_full_l0015_w30_d100_180] [operator][epoch 047] lambda=0.0150 relay_stage=disabled relay_scale=1.000 relay_hotspot=1.0000 train_mse=0.00000736 val_mse=0.00000672 val_mae=0.00200586 | peer_val_mse=0.01632908 peer_val_mae=0.08954499
[worker3/operator_burgers_fno_polish_fair_v2] [operator_burgers_fno_polish_fair_v2/fno_polish_full_l0015_w30_d100_180] [operator][epoch 048] lambda=0.0150 relay_stage=disabled relay_scale=1.000 relay_hotspot=1.0000 train_mse=0.00000936 val_mse=0.00000585 val_mae=0.00171793 | peer_val_mse=0.01632908 peer_val_mae=0.08954499
[worker3/operator_burgers_fno_polish_fair_v2] [operator_burgers_fno_polish_fair_v2/fno_polish_full_l0015_w30_d100_180] [operator][epoch 049] lambda=0.0150 relay_stage=disabled relay_scale=1.000 relay_hotspot=1.0000 train_mse=0.00000931 val_mse=0.00002179 val_mae=0.00300497 | peer_val_mse=0.01632908 peer_val_mae=0.08954499
[worker3/operator_burgers_fno_polish_fair_v2] [operator_burgers_fno_polish_fair_v2/fno_polish_full_l0015_w30_d100_180] [operator][epoch 050] lambda=0.0150 relay_stage=disabled relay_scale=1.000 relay_hotspot=1.0000 train_mse=0.00003293 val_mse=0.00002679 val_mae=0.00418251 | peer_val_mse=0.01632908 peer_val_mae=0.08954499
[worker3/operator_burgers_fno_polish_fair_v2] [operator_burgers_fno_polish_fair_v2/fno_polish_full_l0015_w30_d100_180] [operator][epoch 051] lambda=0.0150 relay_stage=disabled relay_scale=1.000 relay_hotspot=1.0000 train_mse=0.00003001 val_mse=0.00002816 val_mae=0.00332976 | peer_val_mse=0.01632908 peer_val_mae=0.08954499
[worker3/operator_burgers_fno_polish_fair_v2] [operator_burgers_fno_polish_fair_v2/fno_polish_full_l0015_w30_d100_180] [operator][epoch 052] lambda=0.0150 relay_stage=disabled relay_scale=1.000 relay_hotspot=1.0000 train_mse=0.00003001 val_mse=0.00001703 val_mae=0.00301278 | peer_val_mse=0.01632908 peer_val_mae=0.08954499
[worker3/operator_burgers_fno_polish_fair_v2] [operator_burgers_fno_polish_fair_v2/fno_polish_full_l0015_w30_d100_180] [operator][epoch 053] lambda=0.0150 relay_stage=disabled relay_scale=1.000 relay_hotspot=1.0000 train_mse=0.00002843 val_mse=0.00004351 val_mae=0.00547217 | peer_val_mse=0.01632908 peer_val_mae=0.08954499
[worker3/operator_burgers_fno_polish_fair_v2] [operator_burgers_fno_polish_fair_v2/fno_polish_full_l0015_w30_d100_180] [operator][epoch 054] lambda=0.0150 relay_stage=disabled relay_scale=1.000 relay_hotspot=1.0000 train_mse=0.00002742 val_mse=0.00001589 val_mae=0.00325457 | peer_val_mse=0.01632908 peer_val_mae=0.08954499
[worker3/operator_burgers_fno_polish_fair_v2] [operator_burgers_fno_polish_fair_v2/fno_polish_full_l0015_w30_d100_180] [operator][epoch 055] lambda=0.0150 relay_stage=disabled relay_scale=1.000 relay_hotspot=1.0000 train_mse=0.00001893 val_mse=0.00001044 val_mae=0.00232158 | peer_val_mse=0.01632908 peer_val_mae=0.08954499
[worker3/operator_burgers_fno_polish_fair_v2] [operator_burgers_fno_polish_fair_v2/fno_polish_full_l0015_w30_d100_180] [operator][epoch 056] lambda=0.0150 relay_stage=disabled relay_scale=1.000 relay_hotspot=1.0000 train_mse=0.00000938 val_mse=0.00000539 val_mae=0.00175963 | peer_val_mse=0.01632908 peer_val_mae=0.08954499
[worker3/operator_burgers_fno_polish_fair_v2] [operator_burgers_fno_polish_fair_v2/fno_polish_full_l0015_w30_d100_180] [operator][epoch 057] lambda=0.0150 relay_stage=disabled relay_scale=1.000 relay_hotspot=1.0000 train_mse=0.00000558 val_mse=0.00000495 val_mae=0.00172769 | peer_val_mse=0.01632908 peer_val_mae=0.08954499
[worker3/operator_burgers_fno_polish_fair_v2] [operator_burgers_fno_polish_fair_v2/fno_polish_full_l0015_w30_d100_180] [operator][epoch 058] lambda=0.0150 relay_stage=disabled relay_scale=1.000 relay_hotspot=1.0000 train_mse=0.00000441 val_mse=0.00000263 val_mae=0.00115109 | peer_val_mse=0.01632908 peer_val_mae=0.08954499
[worker3/operator_burgers_fno_polish_fair_v2] [operator_burgers_fno_polish_fair_v2/fno_polish_full_l0015_w30_d100_180] [operator][epoch 059] lambda=0.0150 relay_stage=disabled relay_scale=1.000 relay_hotspot=1.0000 train_mse=0.00000415 val_mse=0.00001857 val_mae=0.00312030 | peer_val_mse=0.01632908 peer_val_mae=0.08954499
[worker3/operator_burgers_fno_polish_fair_v2] [operator_burgers_fno_polish_fair_v2/fno_polish_full_l0015_w30_d100_180] [operator][epoch 060] lambda=0.0150 relay_stage=disabled relay_scale=1.000 relay_hotspot=1.0000 train_mse=0.00002816 val_mse=0.00004035 val_mae=0.00464685 | peer_val_mse=0.01632908 peer_val_mae=0.08954499
[worker3/operator_burgers_fno_polish_fair_v2] [operator_burgers_fno_polish_fair_v2/fno_polish_full_l0015_w30_d100_180] [operator][epoch 060] updated live plot
[worker3/operator_burgers_fno_polish_fair_v2] [operator_burgers_fno_polish_fair_v2/fno_polish_full_l0015_w30_d100_180] [operator][epoch 061] lambda=0.0150 relay_stage=disabled relay_scale=1.000 relay_hotspot=1.0000 train_mse=0.00002371 val_mse=0.00002831 val_mae=0.00426639 | peer_val_mse=0.01632908 peer_val_mae=0.08954499
[worker3/operator_burgers_fno_polish_fair_v2] [operator_burgers_fno_polish_fair_v2/fno_polish_full_l0015_w30_d100_180] [operator][epoch 062] lambda=0.0150 relay_stage=disabled relay_scale=1.000 relay_hotspot=1.0000 train_mse=0.00003949 val_mse=0.00002832 val_mae=0.00394583 | peer_val_mse=0.01632908 peer_val_mae=0.08954499
[worker3/operator_burgers_fno_polish_fair_v2] [operator_burgers_fno_polish_fair_v2/fno_polish_full_l0015_w30_d100_180] [operator][epoch 063] lambda=0.0150 relay_stage=disabled relay_scale=1.000 relay_hotspot=1.0000 train_mse=0.00002814 val_mse=0.00000743 val_mae=0.00187478 | peer_val_mse=0.01632908 peer_val_mae=0.08954499
[worker3/operator_burgers_fno_polish_fair_v2] [operator_burgers_fno_polish_fair_v2/fno_polish_full_l0015_w30_d100_180] [operator][epoch 064] lambda=0.0150 relay_stage=disabled relay_scale=1.000 relay_hotspot=1.0000 train_mse=0.00001724 val_mse=0.00001839 val_mae=0.00310233 | peer_val_mse=0.01632908 peer_val_mae=0.08954499
[worker3/operator_burgers_fno_polish_fair_v2] [operator_burgers_fno_polish_fair_v2/fno_polish_full_l0015_w30_d100_180] [operator][epoch 065] lambda=0.0150 relay_stage=disabled relay_scale=1.000 relay_hotspot=1.0000 train_mse=0.00001165 val_mse=0.00000532 val_mae=0.00162279 | peer_val_mse=0.01632908 peer_val_mae=0.08954499
[worker3/operator_burgers_fno_polish_fair_v2] [operator_burgers_fno_polish_fair_v2/fno_polish_full_l0015_w30_d100_180] [operator][epoch 066] lambda=0.0150 relay_stage=disabled relay_scale=1.000 relay_hotspot=1.0000 train_mse=0.00001490 val_mse=0.00001684 val_mae=0.00287983 | peer_val_mse=0.01632908 peer_val_mae=0.08954499
[worker3/operator_burgers_fno_polish_fair_v2] [operator_burgers_fno_polish_fair_v2/fno_polish_full_l0015_w30_d100_180] [operator][epoch 067] lambda=0.0150 relay_stage=disabled relay_scale=1.000 relay_hotspot=1.0000 train_mse=0.00002119 val_mse=0.00019589 val_mae=0.01212716 | peer_val_mse=0.01632908 peer_val_mae=0.08954499
[worker3/operator_burgers_fno_polish_fair_v2] [operator_burgers_fno_polish_fair_v2/fno_polish_full_l0015_w30_d100_180] [operator][epoch 068] lambda=0.0150 relay_stage=disabled relay_scale=1.000 relay_hotspot=1.0000 train_mse=0.00004797 val_mse=0.00001206 val_mae=0.00244636 | peer_val_mse=0.01632908 peer_val_mae=0.08954499
[worker3/operator_burgers_fno_polish_fair_v2] [operator_burgers_fno_polish_fair_v2/fno_polish_full_l0015_w30_d100_180] [operator][epoch 069] lambda=0.0150 relay_stage=disabled relay_scale=1.000 relay_hotspot=1.0000 train_mse=0.00001103 val_mse=0.00000695 val_mae=0.00195578 | peer_val_mse=0.01632908 peer_val_mae=0.08954499
[worker3/operator_burgers_fno_polish_fair_v2] [operator_burgers_fno_polish_fair_v2/fno_polish_full_l0015_w30_d100_180] [operator][epoch 070] lambda=0.0150 relay_stage=disabled relay_scale=1.000 relay_hotspot=1.0000 train_mse=0.00000968 val_mse=0.00001262 val_mae=0.00257160 | peer_val_mse=0.01632908 peer_val_mae=0.08954499
[worker3/operator_burgers_fno_polish_fair_v2] [operator_burgers_fno_polish_fair_v2/fno_polish_full_l0015_w30_d100_180] [operator][epoch 071] lambda=0.0150 relay_stage=disabled relay_scale=1.000 relay_hotspot=1.0000 train_mse=0.00001817 val_mse=0.00000983 val_mae=0.00250608 | peer_val_mse=0.01632908 peer_val_mae=0.08954499
[worker3/operator_burgers_fno_polish_fair_v2] [operator_burgers_fno_polish_fair_v2/fno_polish_full_l0015_w30_d100_180] [operator][epoch 072] lambda=0.0150 relay_stage=disabled relay_scale=1.000 relay_hotspot=1.0000 train_mse=0.00001020 val_mse=0.00000890 val_mae=0.00218798 | peer_val_mse=0.01632908 peer_val_mae=0.08954499
[worker3/operator_burgers_fno_polish_fair_v2] [operator_burgers_fno_polish_fair_v2/fno_polish_full_l0015_w30_d100_180] [operator][epoch 073] lambda=0.0150 relay_stage=disabled relay_scale=1.000 relay_hotspot=1.0000 train_mse=0.00003045 val_mse=0.00002648 val_mae=0.00402958 | peer_val_mse=0.01632908 peer_val_mae=0.08954499
[worker3/operator_burgers_fno_polish_fair_v2] [operator_burgers_fno_polish_fair_v2/fno_polish_full_l0015_w30_d100_180] [operator][epoch 074] lambda=0.0150 relay_stage=disabled relay_scale=1.000 relay_hotspot=1.0000 train_mse=0.00006398 val_mse=0.00010450 val_mae=0.00780417 | peer_val_mse=0.01632908 peer_val_mae=0.08954499
[worker3/operator_burgers_fno_polish_fair_v2] [operator_burgers_fno_polish_fair_v2/fno_polish_full_l0015_w30_d100_180] [operator][epoch 075] lambda=0.0150 relay_stage=disabled relay_scale=1.000 relay_hotspot=1.0000 train_mse=0.00022487 val_mse=0.00006268 val_mae=0.00617388 | peer_val_mse=0.01632908 peer_val_mae=0.08954499
[worker3/operator_burgers_fno_polish_fair_v2] [operator_burgers_fno_polish_fair_v2/fno_polish_full_l0015_w30_d100_180] [operator][epoch 076] lambda=0.0150 relay_stage=disabled relay_scale=1.000 relay_hotspot=1.0000 train_mse=0.00004822 val_mse=0.00004304 val_mae=0.00451554 | peer_val_mse=0.01632908 peer_val_mae=0.08954499
[worker3/operator_burgers_fno_polish_fair_v2] [operator_burgers_fno_polish_fair_v2/fno_polish_full_l0015_w30_d100_180] [operator][epoch 077] lambda=0.0150 relay_stage=disabled relay_scale=1.000 relay_hotspot=1.0000 train_mse=0.00004599 val_mse=0.00003071 val_mae=0.00432032 | peer_val_mse=0.01632908 peer_val_mae=0.08954499
[worker3/operator_burgers_fno_polish_fair_v2] [operator_burgers_fno_polish_fair_v2/fno_polish_full_l0015_w30_d100_180] [operator][epoch 078] lambda=0.0150 relay_stage=disabled relay_scale=1.000 relay_hotspot=1.0000 train_mse=0.00001725 val_mse=0.00001017 val_mae=0.00228773 | peer_val_mse=0.01632908 peer_val_mae=0.08954499
[worker3/operator_burgers_fno_polish_fair_v2] [operator_burgers_fno_polish_fair_v2/fno_polish_full_l0015_w30_d100_180] [operator][epoch 079] lambda=0.0150 relay_stage=disabled relay_scale=1.000 relay_hotspot=1.0000 train_mse=0.00000698 val_mse=0.00001114 val_mae=0.00257918 | peer_val_mse=0.01632908 peer_val_mae=0.08954499
[worker3/operator_burgers_fno_polish_fair_v2] [operator_burgers_fno_polish_fair_v2/fno_polish_full_l0015_w30_d100_180] [operator][epoch 080] lambda=0.0150 relay_stage=disabled relay_scale=1.000 relay_hotspot=1.0000 train_mse=0.00000966 val_mse=0.00000539 val_mae=0.00177523 | peer_val_mse=0.01632908 peer_val_mae=0.08954499
[worker3/operator_burgers_fno_polish_fair_v2] [operator_burgers_fno_polish_fair_v2/fno_polish_full_l0015_w30_d100_180] [operator][epoch 080] updated live plot
[worker3/operator_burgers_fno_polish_fair_v2] [operator_burgers_fno_polish_fair_v2/fno_polish_full_l0015_w30_d100_180] [operator][epoch 081] lambda=0.0150 relay_stage=disabled relay_scale=1.000 relay_hotspot=1.0000 train_mse=0.00000546 val_mse=0.00000708 val_mae=0.00187786 | peer_val_mse=0.01632908 peer_val_mae=0.08954499
[worker3/operator_burgers_fno_polish_fair_v2] [operator_burgers_fno_polish_fair_v2/fno_polish_full_l0015_w30_d100_180] [operator][epoch 082] lambda=0.0150 relay_stage=disabled relay_scale=1.000 relay_hotspot=1.0000 train_mse=0.00000673 val_mse=0.00000615 val_mae=0.00171418 | peer_val_mse=0.01632908 peer_val_mae=0.08954499
[worker3/operator_burgers_fno_polish_fair_v2] [operator_burgers_fno_polish_fair_v2/fno_polish_full_l0015_w30_d100_180] [operator][epoch 083] lambda=0.0150 relay_stage=disabled relay_scale=1.000 relay_hotspot=1.0000 train_mse=0.00000829 val_mse=0.00000649 val_mae=0.00176158 | peer_val_mse=0.01632908 peer_val_mae=0.08954499
[worker3/operator_burgers_fno_polish_fair_v2] [operator_burgers_fno_polish_fair_v2/fno_polish_full_l0015_w30_d100_180] [operator][epoch 084] lambda=0.0150 relay_stage=disabled relay_scale=1.000 relay_hotspot=1.0000 train_mse=0.00000567 val_mse=0.00000702 val_mae=0.00202880 | peer_val_mse=0.01632908 peer_val_mae=0.08954499
[worker3/operator_burgers_fno_polish_fair_v2] [operator_burgers_fno_polish_fair_v2/fno_polish_full_l0015_w30_d100_180] [operator][epoch 085] lambda=0.0150 relay_stage=disabled relay_scale=1.000 relay_hotspot=1.0000 train_mse=0.00000736 val_mse=0.00000486 val_mae=0.00154464 | peer_val_mse=0.01632908 peer_val_mae=0.08954499
[worker3/operator_burgers_fno_polish_fair_v2] [operator_burgers_fno_polish_fair_v2/fno_polish_full_l0015_w30_d100_180] [operator][epoch 086] lambda=0.0150 relay_stage=disabled relay_scale=1.000 relay_hotspot=1.0000 train_mse=0.00001025 val_mse=0.00000942 val_mae=0.00227176 | peer_val_mse=0.01632908 peer_val_mae=0.08954499
[worker3/operator_burgers_fno_polish_fair_v2] [operator_burgers_fno_polish_fair_v2/fno_polish_full_l0015_w30_d100_180] [operator][epoch 087] lambda=0.0150 relay_stage=disabled relay_scale=1.000 relay_hotspot=1.0000 train_mse=0.00000566 val_mse=0.00000737 val_mae=0.00214054 | peer_val_mse=0.01632908 peer_val_mae=0.08954499
[worker3/operator_burgers_fno_polish_fair_v2] [operator_burgers_fno_polish_fair_v2/fno_polish_full_l0015_w30_d100_180] [operator][epoch 088] lambda=0.0150 relay_stage=disabled relay_scale=1.000 relay_hotspot=1.0000 train_mse=0.00000637 val_mse=0.00000793 val_mae=0.00217601 | peer_val_mse=0.01632908 peer_val_mae=0.08954499
[worker3/operator_burgers_fno_polish_fair_v2] [operator_burgers_fno_polish_fair_v2/fno_polish_full_l0015_w30_d100_180] [operator][epoch 089] lambda=0.0150 relay_stage=disabled relay_scale=1.000 relay_hotspot=1.0000 train_mse=0.00001118 val_mse=0.00000589 val_mae=0.00170607 | peer_val_mse=0.01632908 peer_val_mae=0.08954499
[worker3/operator_burgers_fno_polish_fair_v2] [operator_burgers_fno_polish_fair_v2/fno_polish_full_l0015_w30_d100_180] [operator][epoch 090] lambda=0.0150 relay_stage=disabled relay_scale=1.000 relay_hotspot=1.0000 train_mse=0.00001380 val_mse=0.00001476 val_mae=0.00318391 | peer_val_mse=0.01632908 peer_val_mae=0.08954499
[worker3/operator_burgers_fno_polish_fair_v2] [operator_burgers_fno_polish_fair_v2/fno_polish_full_l0015_w30_d100_180] [operator][epoch 091] lambda=0.0150 relay_stage=disabled relay_scale=1.000 relay_hotspot=1.0000 train_mse=0.00001047 val_mse=0.00000516 val_mae=0.00155405 | peer_val_mse=0.01632908 peer_val_mae=0.08954499
[worker3/operator_burgers_fno_polish_fair_v2] [operator_burgers_fno_polish_fair_v2/fno_polish_full_l0015_w30_d100_180] [operator][epoch 092] lambda=0.0150 relay_stage=disabled relay_scale=1.000 relay_hotspot=1.0000 train_mse=0.00000432 val_mse=0.00000322 val_mae=0.00125214 | peer_val_mse=0.01632908 peer_val_mae=0.08954499
[worker3/operator_burgers_fno_polish_fair_v2] [operator_burgers_fno_polish_fair_v2/fno_polish_full_l0015_w30_d100_180] [operator][epoch 093] lambda=0.0150 relay_stage=disabled relay_scale=1.000 relay_hotspot=1.0000 train_mse=0.00000574 val_mse=0.00000928 val_mae=0.00224046 | peer_val_mse=0.01632908 peer_val_mae=0.08954499
[worker3/operator_burgers_fno_polish_fair_v2] [operator_burgers_fno_polish_fair_v2/fno_polish_full_l0015_w30_d100_180] [operator][epoch 094] lambda=0.0150 relay_stage=disabled relay_scale=1.000 relay_hotspot=1.0000 train_mse=0.00001343 val_mse=0.00001072 val_mae=0.00240787 | peer_val_mse=0.01632908 peer_val_mae=0.08954499
[worker3/operator_burgers_fno_polish_fair_v2] [operator_burgers_fno_polish_fair_v2/fno_polish_full_l0015_w30_d100_180] [operator][epoch 095] lambda=0.0150 relay_stage=disabled relay_scale=1.000 relay_hotspot=1.0000 train_mse=0.00003020 val_mse=0.00002976 val_mae=0.00379416 | peer_val_mse=0.01632908 peer_val_mae=0.08954499
[worker3/operator_burgers_fno_polish_fair_v2] [operator_burgers_fno_polish_fair_v2/fno_polish_full_l0015_w30_d100_180] [operator][epoch 096] lambda=0.0150 relay_stage=disabled relay_scale=1.000 relay_hotspot=1.0000 train_mse=0.00001095 val_mse=0.00000912 val_mae=0.00208700 | peer_val_mse=0.01632908 peer_val_mae=0.08954499
[worker3/operator_burgers_fno_polish_fair_v2] [operator_burgers_fno_polish_fair_v2/fno_polish_full_l0015_w30_d100_180] [operator][epoch 097] lambda=0.0150 relay_stage=disabled relay_scale=1.000 relay_hotspot=1.0000 train_mse=0.00003919 val_mse=0.00003100 val_mae=0.00383823 | peer_val_mse=0.01632908 peer_val_mae=0.08954499
[worker3/operator_burgers_fno_polish_fair_v2] [operator_burgers_fno_polish_fair_v2/fno_polish_full_l0015_w30_d100_180] [operator][epoch 098] lambda=0.0150 relay_stage=disabled relay_scale=1.000 relay_hotspot=1.0000 train_mse=0.00021709 val_mse=0.00016840 val_mae=0.01019101 | peer_val_mse=0.01632908 peer_val_mae=0.08954499
[worker3/operator_burgers_fno_polish_fair_v2] [operator_burgers_fno_polish_fair_v2/fno_polish_full_l0015_w30_d100_180] [operator][epoch 099] lambda=0.0150 relay_stage=disabled relay_scale=1.000 relay_hotspot=1.0000 train_mse=0.00006840 val_mse=0.00002369 val_mae=0.00372125 | peer_val_mse=0.01632908 peer_val_mae=0.08954499
[worker3/operator_burgers_fno_polish_fair_v2] [operator_burgers_fno_polish_fair_v2/fno_polish_full_l0015_w30_d100_180] [operator][epoch 100] lambda=0.0150 relay_stage=disabled relay_scale=1.000 relay_hotspot=1.0000 train_mse=0.00001380 val_mse=0.00001033 val_mae=0.00235078 | peer_val_mse=0.01632908 peer_val_mae=0.08954499
[worker3/operator_burgers_fno_polish_fair_v2] [operator_burgers_fno_polish_fair_v2/fno_polish_full_l0015_w30_d100_180] [operator][epoch 100] updated live plot
[worker3/operator_burgers_fno_polish_fair_v2] [operator_burgers_fno_polish_fair_v2/fno_polish_full_l0015_w30_d100_180] [operator][epoch 101] lambda=0.0148 relay_stage=disabled relay_scale=1.000 relay_hotspot=1.0000 train_mse=0.00001166 val_mse=0.00000650 val_mae=0.00205234 | peer_val_mse=0.01632908 peer_val_mae=0.08954499
[worker3/operator_burgers_fno_polish_fair_v2] [operator_burgers_fno_polish_fair_v2/fno_polish_full_l0015_w30_d100_180] [operator][epoch 102] lambda=0.0146 relay_stage=disabled relay_scale=1.000 relay_hotspot=1.0000 train_mse=0.00000721 val_mse=0.00000482 val_mae=0.00151073 | peer_val_mse=0.01632908 peer_val_mae=0.08954499
[worker3/operator_burgers_fno_polish_fair_v2] [operator_burgers_fno_polish_fair_v2/fno_polish_full_l0015_w30_d100_180] [operator][epoch 103] lambda=0.0145 relay_stage=disabled relay_scale=1.000 relay_hotspot=1.0000 train_mse=0.00000616 val_mse=0.00000330 val_mae=0.00130986 | peer_val_mse=0.01632908 peer_val_mae=0.08954499
[worker3/operator_burgers_fno_polish_fair_v2] [operator_burgers_fno_polish_fair_v2/fno_polish_full_l0015_w30_d100_180] [operator][epoch 104] lambda=0.0143 relay_stage=disabled relay_scale=1.000 relay_hotspot=1.0000 train_mse=0.00000373 val_mse=0.00001027 val_mae=0.00217515 | peer_val_mse=0.01632908 peer_val_mae=0.08954499
[worker3/operator_burgers_fno_polish_fair_v2] [operator_burgers_fno_polish_fair_v2/fno_polish_full_l0015_w30_d100_180] [operator][epoch 105] lambda=0.0141 relay_stage=disabled relay_scale=1.000 relay_hotspot=1.0000 train_mse=0.00001034 val_mse=0.00000792 val_mae=0.00210670 | peer_val_mse=0.01632908 peer_val_mae=0.08954499
[worker3/operator_burgers_fno_polish_fair_v2] [operator_burgers_fno_polish_fair_v2/fno_polish_full_l0015_w30_d100_180] [operator][epoch 106] lambda=0.0139 relay_stage=disabled relay_scale=1.000 relay_hotspot=1.0000 train_mse=0.00000451 val_mse=0.00000416 val_mae=0.00138472 | peer_val_mse=0.01632908 peer_val_mae=0.08954499
[worker3/operator_burgers_fno_polish_fair_v2] [operator_burgers_fno_polish_fair_v2/fno_polish_full_l0015_w30_d100_180] [operator][epoch 107] lambda=0.0138 relay_stage=disabled relay_scale=1.000 relay_hotspot=1.0000 train_mse=0.00000346 val_mse=0.00000344 val_mae=0.00136826 | peer_val_mse=0.01632908 peer_val_mae=0.08954499
[worker3/operator_burgers_fno_polish_fair_v2] [operator_burgers_fno_polish_fair_v2/fno_polish_full_l0015_w30_d100_180] [operator][epoch 108] lambda=0.0136 relay_stage=disabled relay_scale=1.000 relay_hotspot=1.0000 train_mse=0.00000553 val_mse=0.00000307 val_mae=0.00123894 | peer_val_mse=0.01632908 peer_val_mae=0.08954499
[worker3/operator_burgers_fno_polish_fair_v2] [operator_burgers_fno_polish_fair_v2/fno_polish_full_l0015_w30_d100_180] [operator][epoch 109] lambda=0.0134 relay_stage=disabled relay_scale=1.000 relay_hotspot=1.0000 train_mse=0.00000656 val_mse=0.00000554 val_mae=0.00177326 | peer_val_mse=0.01632908 peer_val_mae=0.08954499
[worker3/operator_burgers_fno_polish_fair_v2] [operator_burgers_fno_polish_fair_v2/fno_polish_full_l0015_w30_d100_180] [operator][epoch 110] lambda=0.0132 relay_stage=disabled relay_scale=1.000 relay_hotspot=1.0000 train_mse=0.00001197 val_mse=0.00000880 val_mae=0.00220904 | peer_val_mse=0.01632908 peer_val_mae=0.08954499
[worker3/operator_burgers_fno_polish_fair_v2] [operator_burgers_fno_polish_fair_v2/fno_polish_full_l0015_w30_d100_180] [operator][epoch 111] lambda=0.0130 relay_stage=disabled relay_scale=1.000 relay_hotspot=1.0000 train_mse=0.00001538 val_mse=0.00001514 val_mae=0.00306061 | peer_val_mse=0.01632908 peer_val_mae=0.08954499
[worker3/operator_burgers_fno_polish_fair_v2] [operator_burgers_fno_polish_fair_v2/fno_polish_full_l0015_w30_d100_180] [operator][epoch 112] lambda=0.0129 relay_stage=disabled relay_scale=1.000 relay_hotspot=1.0000 train_mse=0.00002128 val_mse=0.00003416 val_mae=0.00431381 | peer_val_mse=0.01632908 peer_val_mae=0.08954499
[worker3/operator_burgers_fno_polish_fair_v2] [operator_burgers_fno_polish_fair_v2/fno_polish_full_l0015_w30_d100_180] [operator][epoch 113] lambda=0.0127 relay_stage=disabled relay_scale=1.000 relay_hotspot=1.0000 train_mse=0.00004268 val_mse=0.00002855 val_mae=0.00425059 | peer_val_mse=0.01632908 peer_val_mae=0.08954499
[worker3/operator_burgers_fno_polish_fair_v2] [operator_burgers_fno_polish_fair_v2/fno_polish_full_l0015_w30_d100_180] [operator][epoch 114] lambda=0.0125 relay_stage=disabled relay_scale=1.000 relay_hotspot=1.0000 train_mse=0.00003995 val_mse=0.00003184 val_mae=0.00410170 | peer_val_mse=0.01632908 peer_val_mae=0.08954499
[worker3/operator_burgers_fno_polish_fair_v2] [operator_burgers_fno_polish_fair_v2/fno_polish_full_l0015_w30_d100_180] [operator][epoch 115] lambda=0.0123 relay_stage=disabled relay_scale=1.000 relay_hotspot=1.0000 train_mse=0.00004666 val_mse=0.00009416 val_mae=0.00708635 | peer_val_mse=0.01632908 peer_val_mae=0.08954499
[worker3/operator_burgers_fno_polish_fair_v2] [operator_burgers_fno_polish_fair_v2/fno_polish_full_l0015_w30_d100_180] [operator][epoch 116] lambda=0.0122 relay_stage=disabled relay_scale=1.000 relay_hotspot=1.0000 train_mse=0.00006376 val_mse=0.00007458 val_mae=0.00611095 | peer_val_mse=0.01632908 peer_val_mae=0.08954499
[worker3/operator_burgers_fno_polish_fair_v2] [operator_burgers_fno_polish_fair_v2/fno_polish_full_l0015_w30_d100_180] [operator][epoch 117] lambda=0.0120 relay_stage=disabled relay_scale=1.000 relay_hotspot=1.0000 train_mse=0.00005816 val_mse=0.00001363 val_mae=0.00249055 | peer_val_mse=0.01632908 peer_val_mae=0.08954499
[worker3/operator_burgers_fno_polish_fair_v2] [operator_burgers_fno_polish_fair_v2/fno_polish_full_l0015_w30_d100_180] [operator][epoch 118] lambda=0.0118 relay_stage=disabled relay_scale=1.000 relay_hotspot=1.0000 train_mse=0.00001840 val_mse=0.00000966 val_mae=0.00243408 | peer_val_mse=0.01632908 peer_val_mae=0.08954499
[worker3/operator_burgers_fno_polish_fair_v2] [operator_burgers_fno_polish_fair_v2/fno_polish_full_l0015_w30_d100_180] [operator][epoch 119] lambda=0.0116 relay_stage=disabled relay_scale=1.000 relay_hotspot=1.0000 train_mse=0.00002418 val_mse=0.00002932 val_mae=0.00383770 | peer_val_mse=0.01632908 peer_val_mae=0.08954499
[worker3/operator_burgers_fno_polish_fair_v2] [operator_burgers_fno_polish_fair_v2/fno_polish_full_l0015_w30_d100_180] [operator][epoch 120] lambda=0.0114 relay_stage=disabled relay_scale=1.000 relay_hotspot=1.0000 train_mse=0.00003045 val_mse=0.00001434 val_mae=0.00264218 | peer_val_mse=0.01632908 peer_val_mae=0.08954499
[worker3/operator_burgers_fno_polish_fair_v2] [operator_burgers_fno_polish_fair_v2/fno_polish_full_l0015_w30_d100_180] [operator][epoch 120] updated live plot
[worker3/operator_burgers_fno_polish_fair_v2] [operator_burgers_fno_polish_fair_v2/fno_polish_full_l0015_w30_d100_180] [operator][epoch 121] lambda=0.0113 relay_stage=disabled relay_scale=1.000 relay_hotspot=1.0000 train_mse=0.00003253 val_mse=0.00002304 val_mae=0.00328750 | peer_val_mse=0.01632908 peer_val_mae=0.08954499
[worker3/operator_burgers_fno_polish_fair_v2] [operator_burgers_fno_polish_fair_v2/fno_polish_full_l0015_w30_d100_180] [operator][epoch 122] lambda=0.0111 relay_stage=disabled relay_scale=1.000 relay_hotspot=1.0000 train_mse=0.00004920 val_mse=0.00001982 val_mae=0.00280825 | peer_val_mse=0.01632908 peer_val_mae=0.08954499
[worker3/operator_burgers_fno_polish_fair_v2] [operator_burgers_fno_polish_fair_v2/fno_polish_full_l0015_w30_d100_180] [operator][epoch 123] lambda=0.0109 relay_stage=disabled relay_scale=1.000 relay_hotspot=1.0000 train_mse=0.00001976 val_mse=0.00000949 val_mae=0.00234340 | peer_val_mse=0.01632908 peer_val_mae=0.08954499
[worker3/operator_burgers_fno_polish_fair_v2] [operator_burgers_fno_polish_fair_v2/fno_polish_full_l0015_w30_d100_180] [operator][epoch 124] lambda=0.0107 relay_stage=disabled relay_scale=1.000 relay_hotspot=1.0000 train_mse=0.00000541 val_mse=0.00000393 val_mae=0.00144711 | peer_val_mse=0.01632908 peer_val_mae=0.08954499
[worker3/operator_burgers_fno_polish_fair_v2] [operator_burgers_fno_polish_fair_v2/fno_polish_full_l0015_w30_d100_180] [operator][epoch 125] lambda=0.0105 relay_stage=disabled relay_scale=1.000 relay_hotspot=1.0000 train_mse=0.00000348 val_mse=0.00000311 val_mae=0.00121215 | peer_val_mse=0.01632908 peer_val_mae=0.08954499
[worker3/operator_burgers_fno_polish_fair_v2] [operator_burgers_fno_polish_fair_v2/fno_polish_full_l0015_w30_d100_180] [operator][epoch 126] lambda=0.0104 relay_stage=disabled relay_scale=1.000 relay_hotspot=1.0000 train_mse=0.00000254 val_mse=0.00000261 val_mae=0.00113904 | peer_val_mse=0.01632908 peer_val_mae=0.08954499
[worker3/operator_burgers_fno_polish_fair_v2] [operator_burgers_fno_polish_fair_v2/fno_polish_full_l0015_w30_d100_180] [operator][epoch 127] lambda=0.0102 relay_stage=disabled relay_scale=1.000 relay_hotspot=1.0000 train_mse=0.00000308 val_mse=0.00000331 val_mae=0.00127713 | peer_val_mse=0.01632908 peer_val_mae=0.08954499
[worker3/operator_burgers_fno_polish_fair_v2] [operator_burgers_fno_polish_fair_v2/fno_polish_full_l0015_w30_d100_180] [operator][epoch 128] lambda=0.0100 relay_stage=disabled relay_scale=1.000 relay_hotspot=1.0000 train_mse=0.00000328 val_mse=0.00000273 val_mae=0.00115852 | peer_val_mse=0.01632908 peer_val_mae=0.08954499
[worker3/operator_burgers_fno_polish_fair_v2] [operator_burgers_fno_polish_fair_v2/fno_polish_full_l0015_w30_d100_180] [operator][epoch 129] lambda=0.0098 relay_stage=disabled relay_scale=1.000 relay_hotspot=1.0000 train_mse=0.00000452 val_mse=0.00000550 val_mae=0.00175534 | peer_val_mse=0.01632908 peer_val_mae=0.08954499
[worker3/operator_burgers_fno_polish_fair_v2] [operator_burgers_fno_polish_fair_v2/fno_polish_full_l0015_w30_d100_180] [operator][epoch 130] lambda=0.0097 relay_stage=disabled relay_scale=1.000 relay_hotspot=1.0000 train_mse=0.00000663 val_mse=0.00000426 val_mae=0.00150393 | peer_val_mse=0.01632908 peer_val_mae=0.08954499
[worker3/operator_burgers_fno_polish_fair_v2] [operator_burgers_fno_polish_fair_v2/fno_polish_full_l0015_w30_d100_180] [operator][epoch 131] lambda=0.0095 relay_stage=disabled relay_scale=1.000 relay_hotspot=1.0000 train_mse=0.00000803 val_mse=0.00000682 val_mae=0.00181036 | peer_val_mse=0.01632908 peer_val_mae=0.08954499
[worker3/operator_burgers_fno_polish_fair_v2] [operator_burgers_fno_polish_fair_v2/fno_polish_full_l0015_w30_d100_180] [operator][epoch 132] lambda=0.0093 relay_stage=disabled relay_scale=1.000 relay_hotspot=1.0000 train_mse=0.00000626 val_mse=0.00000760 val_mae=0.00221521 | peer_val_mse=0.01632908 peer_val_mae=0.08954499
[worker3/operator_burgers_fno_polish_fair_v2] [operator_burgers_fno_polish_fair_v2/fno_polish_full_l0015_w30_d100_180] [operator][epoch 133] lambda=0.0091 relay_stage=disabled relay_scale=1.000 relay_hotspot=1.0000 train_mse=0.00002226 val_mse=0.00002220 val_mae=0.00343635 | peer_val_mse=0.01632908 peer_val_mae=0.08954499
[worker3/operator_burgers_fno_polish_fair_v2] [operator_burgers_fno_polish_fair_v2/fno_polish_full_l0015_w30_d100_180] [operator][epoch 134] lambda=0.0089 relay_stage=disabled relay_scale=1.000 relay_hotspot=1.0000 train_mse=0.00001148 val_mse=0.00000547 val_mae=0.00176727 | peer_val_mse=0.01632908 peer_val_mae=0.08954499
[worker3/operator_burgers_fno_polish_fair_v2] [operator_burgers_fno_polish_fair_v2/fno_polish_full_l0015_w30_d100_180] [operator][epoch 135] lambda=0.0088 relay_stage=disabled relay_scale=1.000 relay_hotspot=1.0000 train_mse=0.00000630 val_mse=0.00000564 val_mae=0.00172074 | peer_val_mse=0.01632908 peer_val_mae=0.08954499
[worker3/operator_burgers_fno_polish_fair_v2] [operator_burgers_fno_polish_fair_v2/fno_polish_full_l0015_w30_d100_180] [operator][epoch 136] lambda=0.0086 relay_stage=disabled relay_scale=1.000 relay_hotspot=1.0000 train_mse=0.00000473 val_mse=0.00000632 val_mae=0.00203467 | peer_val_mse=0.01632908 peer_val_mae=0.08954499
[worker3/operator_burgers_fno_polish_fair_v2] [operator_burgers_fno_polish_fair_v2/fno_polish_full_l0015_w30_d100_180] [operator][epoch 137] lambda=0.0084 relay_stage=disabled relay_scale=1.000 relay_hotspot=1.0000 train_mse=0.00000518 val_mse=0.00000604 val_mae=0.00190708 | peer_val_mse=0.01632908 peer_val_mae=0.08954499
[worker3/operator_burgers_fno_polish_fair_v2] [operator_burgers_fno_polish_fair_v2/fno_polish_full_l0015_w30_d100_180] [operator][epoch 138] lambda=0.0082 relay_stage=disabled relay_scale=1.000 relay_hotspot=1.0000 train_mse=0.00000961 val_mse=0.00001022 val_mae=0.00244481 | peer_val_mse=0.01632908 peer_val_mae=0.08954499
[worker3/operator_burgers_fno_polish_fair_v2] [operator_burgers_fno_polish_fair_v2/fno_polish_full_l0015_w30_d100_180] [operator][epoch 139] lambda=0.0081 relay_stage=disabled relay_scale=1.000 relay_hotspot=1.0000 train_mse=0.00001856 val_mse=0.00000887 val_mae=0.00199257 | peer_val_mse=0.01632908 peer_val_mae=0.08954499
[worker3/operator_burgers_fno_polish_fair_v2] [operator_burgers_fno_polish_fair_v2/fno_polish_full_l0015_w30_d100_180] [operator][epoch 140] lambda=0.0079 relay_stage=disabled relay_scale=1.000 relay_hotspot=1.0000 train_mse=0.00001701 val_mse=0.00001791 val_mae=0.00330039 | peer_val_mse=0.01632908 peer_val_mae=0.08954499
[worker3/operator_burgers_fno_polish_fair_v2] [operator_burgers_fno_polish_fair_v2/fno_polish_full_l0015_w30_d100_180] [operator][epoch 140] updated live plot
[worker3/operator_burgers_fno_polish_fair_v2] [operator_burgers_fno_polish_fair_v2/fno_polish_full_l0015_w30_d100_180] [operator][epoch 141] lambda=0.0077 relay_stage=disabled relay_scale=1.000 relay_hotspot=1.0000 train_mse=0.00002681 val_mse=0.00002827 val_mae=0.00357483 | peer_val_mse=0.01632908 peer_val_mae=0.08954499
[worker3/operator_burgers_fno_polish_fair_v2] [operator_burgers_fno_polish_fair_v2/fno_polish_full_l0015_w30_d100_180] [operator][epoch 142] lambda=0.0075 relay_stage=disabled relay_scale=1.000 relay_hotspot=1.0000 train_mse=0.00001585 val_mse=0.00000720 val_mae=0.00216697 | peer_val_mse=0.01632908 peer_val_mae=0.08954499
[worker3/operator_burgers_fno_polish_fair_v2] [operator_burgers_fno_polish_fair_v2/fno_polish_full_l0015_w30_d100_180] [operator][epoch 143] lambda=0.0073 relay_stage=disabled relay_scale=1.000 relay_hotspot=1.0000 train_mse=0.00001203 val_mse=0.00001033 val_mae=0.00243183 | peer_val_mse=0.01632908 peer_val_mae=0.08954499
[worker3/operator_burgers_fno_polish_fair_v2] [operator_burgers_fno_polish_fair_v2/fno_polish_full_l0015_w30_d100_180] [operator][epoch 144] lambda=0.0072 relay_stage=disabled relay_scale=1.000 relay_hotspot=1.0000 train_mse=0.00000834 val_mse=0.00000924 val_mae=0.00241620 | peer_val_mse=0.01632908 peer_val_mae=0.08954499
[worker3/operator_burgers_fno_polish_fair_v2] [operator_burgers_fno_polish_fair_v2/fno_polish_full_l0015_w30_d100_180] [operator][epoch 145] lambda=0.0070 relay_stage=disabled relay_scale=1.000 relay_hotspot=1.0000 train_mse=0.00001424 val_mse=0.00002919 val_mae=0.00402914 | peer_val_mse=0.01632908 peer_val_mae=0.08954499
[worker3/operator_burgers_fno_polish_fair_v2] [operator_burgers_fno_polish_fair_v2/fno_polish_full_l0015_w30_d100_180] [operator][epoch 146] lambda=0.0068 relay_stage=disabled relay_scale=1.000 relay_hotspot=1.0000 train_mse=0.00003183 val_mse=0.00005935 val_mae=0.00497661 | peer_val_mse=0.01632908 peer_val_mae=0.08954499
[worker3/operator_burgers_fno_polish_fair_v2] [operator_burgers_fno_polish_fair_v2/fno_polish_full_l0015_w30_d100_180] [operator][epoch 147] lambda=0.0066 relay_stage=disabled relay_scale=1.000 relay_hotspot=1.0000 train_mse=0.00010428 val_mse=0.00005209 val_mae=0.00573769 | peer_val_mse=0.01632908 peer_val_mae=0.08954499
[worker3/operator_burgers_fno_polish_fair_v2] [operator_burgers_fno_polish_fair_v2/fno_polish_full_l0015_w30_d100_180] [operator][epoch 148] lambda=0.0065 relay_stage=disabled relay_scale=1.000 relay_hotspot=1.0000 train_mse=0.00004343 val_mse=0.00001726 val_mae=0.00270191 | peer_val_mse=0.01632908 peer_val_mae=0.08954499
[worker3/operator_burgers_fno_polish_fair_v2] [operator_burgers_fno_polish_fair_v2/fno_polish_full_l0015_w30_d100_180] [operator][epoch 149] lambda=0.0063 relay_stage=disabled relay_scale=1.000 relay_hotspot=1.0000 train_mse=0.00001664 val_mse=0.00001435 val_mae=0.00241800 | peer_val_mse=0.01632908 peer_val_mae=0.08954499
[worker3/operator_burgers_fno_polish_fair_v2] [operator_burgers_fno_polish_fair_v2/fno_polish_full_l0015_w30_d100_180] [operator][epoch 150] lambda=0.0061 relay_stage=disabled relay_scale=1.000 relay_hotspot=1.0000 train_mse=0.00000975 val_mse=0.00001357 val_mae=0.00307349 | peer_val_mse=0.01632908 peer_val_mae=0.08954499
[worker3/operator_burgers_fno_polish_fair_v2] [operator_burgers_fno_polish_fair_v2/fno_polish_full_l0015_w30_d100_180] [operator][epoch 151] lambda=0.0059 relay_stage=disabled relay_scale=1.000 relay_hotspot=1.0000 train_mse=0.00000911 val_mse=0.00000834 val_mae=0.00218383 | peer_val_mse=0.01632908 peer_val_mae=0.08954499
[worker3/operator_burgers_fno_polish_fair_v2] [operator_burgers_fno_polish_fair_v2/fno_polish_full_l0015_w30_d100_180] [operator][epoch 152] lambda=0.0057 relay_stage=disabled relay_scale=1.000 relay_hotspot=1.0000 train_mse=0.00001613 val_mse=0.00003130 val_mae=0.00408986 | peer_val_mse=0.01632908 peer_val_mae=0.08954499
[worker3/operator_burgers_fno_polish_fair_v2] [operator_burgers_fno_polish_fair_v2/fno_polish_full_l0015_w30_d100_180] [operator][epoch 153] lambda=0.0056 relay_stage=disabled relay_scale=1.000 relay_hotspot=1.0000 train_mse=0.00001670 val_mse=0.00000803 val_mae=0.00190139 | peer_val_mse=0.01632908 peer_val_mae=0.08954499
[worker3/operator_burgers_fno_polish_fair_v2] [operator_burgers_fno_polish_fair_v2/fno_polish_full_l0015_w30_d100_180] [operator][epoch 154] lambda=0.0054 relay_stage=disabled relay_scale=1.000 relay_hotspot=1.0000 train_mse=0.00000694 val_mse=0.00000475 val_mae=0.00156127 | peer_val_mse=0.01632908 peer_val_mae=0.08954499
[worker3/operator_burgers_fno_polish_fair_v2] [operator_burgers_fno_polish_fair_v2/fno_polish_full_l0015_w30_d100_180] [operator][epoch 155] lambda=0.0052 relay_stage=disabled relay_scale=1.000 relay_hotspot=1.0000 train_mse=0.00000790 val_mse=0.00001804 val_mae=0.00275047 | peer_val_mse=0.01632908 peer_val_mae=0.08954499
[worker3/operator_burgers_fno_polish_fair_v2] [operator_burgers_fno_polish_fair_v2/fno_polish_full_l0015_w30_d100_180] [operator][epoch 156] lambda=0.0050 relay_stage=disabled relay_scale=1.000 relay_hotspot=1.0000 train_mse=0.00001835 val_mse=0.00002106 val_mae=0.00355818 | peer_val_mse=0.01632908 peer_val_mae=0.08954499
[worker3/operator_burgers_fno_polish_fair_v2] [operator_burgers_fno_polish_fair_v2/fno_polish_full_l0015_w30_d100_180] [operator][epoch 157] lambda=0.0048 relay_stage=disabled relay_scale=1.000 relay_hotspot=1.0000 train_mse=0.00004408 val_mse=0.00008900 val_mae=0.00700097 | peer_val_mse=0.01632908 peer_val_mae=0.08954499
[worker3/operator_burgers_fno_polish_fair_v2] [operator_burgers_fno_polish_fair_v2/fno_polish_full_l0015_w30_d100_180] [operator][epoch 158] lambda=0.0047 relay_stage=disabled relay_scale=1.000 relay_hotspot=1.0000 train_mse=0.00004453 val_mse=0.00003451 val_mae=0.00453318 | peer_val_mse=0.01632908 peer_val_mae=0.08954499
[worker3/operator_burgers_fno_polish_fair_v2] [operator_burgers_fno_polish_fair_v2/fno_polish_full_l0015_w30_d100_180] [operator][epoch 159] lambda=0.0045 relay_stage=disabled relay_scale=1.000 relay_hotspot=1.0000 train_mse=0.00002607 val_mse=0.00001518 val_mae=0.00309621 | peer_val_mse=0.01632908 peer_val_mae=0.08954499
[worker3/operator_burgers_fno_polish_fair_v2] [operator_burgers_fno_polish_fair_v2/fno_polish_full_l0015_w30_d100_180] [operator][epoch 160] lambda=0.0043 relay_stage=disabled relay_scale=1.000 relay_hotspot=1.0000 train_mse=0.00007012 val_mse=0.00005073 val_mae=0.00496393 | peer_val_mse=0.01632908 peer_val_mae=0.08954499
[worker3/operator_burgers_fno_polish_fair_v2] [operator_burgers_fno_polish_fair_v2/fno_polish_full_l0015_w30_d100_180] [operator][epoch 160] updated live plot
[worker3/operator_burgers_fno_polish_fair_v2] [operator_burgers_fno_polish_fair_v2/fno_polish_full_l0015_w30_d100_180] [operator][epoch 161] lambda=0.0041 relay_stage=disabled relay_scale=1.000 relay_hotspot=1.0000 train_mse=0.00005463 val_mse=0.00002324 val_mae=0.00356780 | peer_val_mse=0.01632908 peer_val_mae=0.08954499
[worker3/operator_burgers_fno_polish_fair_v2] [operator_burgers_fno_polish_fair_v2/fno_polish_full_l0015_w30_d100_180] [operator][epoch 162] lambda=0.0040 relay_stage=disabled relay_scale=1.000 relay_hotspot=1.0000 train_mse=0.00001547 val_mse=0.00000687 val_mae=0.00179463 | peer_val_mse=0.01632908 peer_val_mae=0.08954499
[worker3/operator_burgers_fno_polish_fair_v2] [operator_burgers_fno_polish_fair_v2/fno_polish_full_l0015_w30_d100_180] [operator][epoch 163] lambda=0.0038 relay_stage=disabled relay_scale=1.000 relay_hotspot=1.0000 train_mse=0.00000882 val_mse=0.00000379 val_mae=0.00132139 | peer_val_mse=0.01632908 peer_val_mae=0.08954499
[worker3/operator_burgers_fno_polish_fair_v2] [operator_burgers_fno_polish_fair_v2/fno_polish_full_l0015_w30_d100_180] [operator][epoch 164] lambda=0.0036 relay_stage=disabled relay_scale=1.000 relay_hotspot=1.0000 train_mse=0.00000946 val_mse=0.00000957 val_mae=0.00236280 | peer_val_mse=0.01632908 peer_val_mae=0.08954499
[worker3/operator_burgers_fno_polish_fair_v2] [operator_burgers_fno_polish_fair_v2/fno_polish_full_l0015_w30_d100_180] [operator][epoch 165] lambda=0.0034 relay_stage=disabled relay_scale=1.000 relay_hotspot=1.0000 train_mse=0.00001064 val_mse=0.00000623 val_mae=0.00181608 | peer_val_mse=0.01632908 peer_val_mae=0.08954499
[worker3/operator_burgers_fno_polish_fair_v2] [operator_burgers_fno_polish_fair_v2/fno_polish_full_l0015_w30_d100_180] [operator][epoch 166] lambda=0.0032 relay_stage=disabled relay_scale=1.000 relay_hotspot=1.0000 train_mse=0.00000739 val_mse=0.00000737 val_mae=0.00210131 | peer_val_mse=0.01632908 peer_val_mae=0.08954499
[worker3/operator_burgers_fno_polish_fair_v2] [operator_burgers_fno_polish_fair_v2/fno_polish_full_l0015_w30_d100_180] [operator][epoch 167] lambda=0.0031 relay_stage=disabled relay_scale=1.000 relay_hotspot=1.0000 train_mse=0.00000642 val_mse=0.00000641 val_mae=0.00201082 | peer_val_mse=0.01632908 peer_val_mae=0.08954499
[worker3/operator_burgers_fno_polish_fair_v2] [operator_burgers_fno_polish_fair_v2/fno_polish_full_l0015_w30_d100_180] [operator][epoch 168] lambda=0.0029 relay_stage=disabled relay_scale=1.000 relay_hotspot=1.0000 train_mse=0.00000681 val_mse=0.00000806 val_mae=0.00194071 | peer_val_mse=0.01632908 peer_val_mae=0.08954499
[worker3/operator_burgers_fno_polish_fair_v2] [operator_burgers_fno_polish_fair_v2/fno_polish_full_l0015_w30_d100_180] [operator][epoch 169] lambda=0.0027 relay_stage=disabled relay_scale=1.000 relay_hotspot=1.0000 train_mse=0.00001519 val_mse=0.00000653 val_mae=0.00183079 | peer_val_mse=0.01632908 peer_val_mae=0.08954499
[worker3/operator_burgers_fno_polish_fair_v2] [operator_burgers_fno_polish_fair_v2/fno_polish_full_l0015_w30_d100_180] [operator][epoch 170] lambda=0.0025 relay_stage=disabled relay_scale=1.000 relay_hotspot=1.0000 train_mse=0.00000853 val_mse=0.00000331 val_mae=0.00132981 | peer_val_mse=0.01632908 peer_val_mae=0.08954499
[worker3/operator_burgers_fno_polish_fair_v2] [operator_burgers_fno_polish_fair_v2/fno_polish_full_l0015_w30_d100_180] [operator][epoch 171] lambda=0.0024 relay_stage=disabled relay_scale=1.000 relay_hotspot=1.0000 train_mse=0.00000747 val_mse=0.00000655 val_mae=0.00186232 | peer_val_mse=0.01632908 peer_val_mae=0.08954499
[worker3/operator_burgers_fno_polish_fair_v2] [operator_burgers_fno_polish_fair_v2/fno_polish_full_l0015_w30_d100_180] [operator][epoch 172] lambda=0.0022 relay_stage=disabled relay_scale=1.000 relay_hotspot=1.0000 train_mse=0.00000539 val_mse=0.00000458 val_mae=0.00159920 | peer_val_mse=0.01632908 peer_val_mae=0.08954499
[worker3/operator_burgers_fno_polish_fair_v2] [operator_burgers_fno_polish_fair_v2/fno_polish_full_l0015_w30_d100_180] [operator][epoch 173] lambda=0.0020 relay_stage=disabled relay_scale=1.000 relay_hotspot=1.0000 train_mse=0.00000428 val_mse=0.00000300 val_mae=0.00125277 | peer_val_mse=0.01632908 peer_val_mae=0.08954499
[worker3/operator_burgers_fno_polish_fair_v2] [operator_burgers_fno_polish_fair_v2/fno_polish_full_l0015_w30_d100_180] [operator][epoch 174] lambda=0.0018 relay_stage=disabled relay_scale=1.000 relay_hotspot=1.0000 train_mse=0.00000402 val_mse=0.00000303 val_mae=0.00125704 | peer_val_mse=0.01632908 peer_val_mae=0.08954499
[worker3/operator_burgers_fno_polish_fair_v2] [operator_burgers_fno_polish_fair_v2/fno_polish_full_l0015_w30_d100_180] [operator][epoch 175] lambda=0.0016 relay_stage=disabled relay_scale=1.000 relay_hotspot=1.0000 train_mse=0.00000527 val_mse=0.00000610 val_mae=0.00187153 | peer_val_mse=0.01632908 peer_val_mae=0.08954499
[worker3/operator_burgers_fno_polish_fair_v2] [operator_burgers_fno_polish_fair_v2/fno_polish_full_l0015_w30_d100_180] [operator][epoch 176] lambda=0.0015 relay_stage=disabled relay_scale=1.000 relay_hotspot=1.0000 train_mse=0.00000737 val_mse=0.00000632 val_mae=0.00171938 | peer_val_mse=0.01632908 peer_val_mae=0.08954499
[worker3/operator_burgers_fno_polish_fair_v2] [operator_burgers_fno_polish_fair_v2/fno_polish_full_l0015_w30_d100_180] [operator][epoch 177] lambda=0.0013 relay_stage=disabled relay_scale=1.000 relay_hotspot=1.0000 train_mse=0.00000915 val_mse=0.00000689 val_mae=0.00192237 | peer_val_mse=0.01632908 peer_val_mae=0.08954499
[worker3/operator_burgers_fno_polish_fair_v2] [operator_burgers_fno_polish_fair_v2/fno_polish_full_l0015_w30_d100_180] [operator][epoch 178] lambda=0.0011 relay_stage=disabled relay_scale=1.000 relay_hotspot=1.0000 train_mse=0.00001252 val_mse=0.00000917 val_mae=0.00229257 | peer_val_mse=0.01632908 peer_val_mae=0.08954499
[worker3/operator_burgers_fno_polish_fair_v2] [operator_burgers_fno_polish_fair_v2/fno_polish_full_l0015_w30_d100_180] [operator][epoch 179] lambda=0.0009 relay_stage=disabled relay_scale=1.000 relay_hotspot=1.0000 train_mse=0.00001476 val_mse=0.00001397 val_mae=0.00251502 | peer_val_mse=0.01632908 peer_val_mae=0.08954499
[worker3/operator_burgers_fno_polish_fair_v2] [operator_burgers_fno_polish_fair_v2/fno_polish_full_l0015_w30_d100_180] [operator][epoch 180] lambda=0.0008 relay_stage=disabled relay_scale=1.000 relay_hotspot=1.0000 train_mse=0.00001712 val_mse=0.00002407 val_mae=0.00367081 | peer_val_mse=0.01632908 peer_val_mae=0.08954499
[worker3/operator_burgers_fno_polish_fair_v2] [operator_burgers_fno_polish_fair_v2/fno_polish_full_l0015_w30_d100_180] [operator][epoch 180] updated live plot
[worker3/operator_burgers_fno_polish_fair_v2] [operator_burgers_fno_polish_fair_v2/fno_polish_full_l0015_w30_d100_180] [operator] done
[worker3/operator_burgers_fno_polish_fair_v2] [operator_burgers_fno_polish_fair_v2] done
[worker3_burgers_fno_polish_fair_v2] job finished
