[worker1_operator_student_lifts_v2] started burgers gpu0 pid=107543
[worker1_operator_student_lifts_v2] started darcy gpu1 pid=107544
[worker1/operator_burgers_student_lift_v2_gpu0] log -> results/logs/operator_student_lifts_v2/worker1/burgers_gpu0.log
[worker1/operator_darcy_student_lift_v2_gpu1] log -> results/logs/operator_student_lifts_v2/worker1/darcy_gpu1.log
[worker1/operator_burgers_student_lift_v2_gpu0] [operator_burgers_student_lift_v2] gpu=0 seeds=0 1 2 epochs=140
[worker1/operator_burgers_student_lift_v2_gpu0] [operator_burgers_student_lift_v2] init_template=results/operator_burgers_followup_v1/burgers_l005_m0_w12_d60_120_ow1/operator/burgers/deeponet_independent_mse_seed{seed/model.pt}
[worker1/operator_burgers_student_lift_v2_gpu0] [operator_burgers_student_lift_v2] peer_init_template=results/operator_burgers_followup_v1/burgers_l005_m0_w12_d60_120_ow1/operator/burgers/fno_independent_mse_seed{seed/model.pt}
[worker1/operator_burgers_student_lift_v2_gpu0] [operator_burgers_student_lift_v2] burgers data present: /home/namkyeong/ssmo/data/burgers_data_R10.mat
[worker1/operator_burgers_student_lift_v2_gpu0] [operator_burgers_student_lift_v2/ctrl_ft_lr4e4] lock -> /home/namkyeong/ssmo/results/.locks/operator_burgers_student_lift_v2_ctrl_ft_lr4e4.lock
[worker1/operator_burgers_student_lift_v2_gpu0] [operator_burgers_student_lift_v2/ctrl_ft_lr4e4] log -> results/logs/operator_burgers_student_lift_v2/ctrl_ft_lr4e4.log
[worker1/operator_burgers_student_lift_v2_gpu0] [operator_burgers_student_lift_v2/ctrl_ft_lr4e4] [operator] output_dir=results/operator_burgers_student_lift_v2/ctrl_ft_lr4e4
[worker1/operator_burgers_student_lift_v2_gpu0] [operator_burgers_student_lift_v2/ctrl_ft_lr4e4] [operator] methods=independent
[worker1/operator_burgers_student_lift_v2_gpu0] [operator_burgers_student_lift_v2/ctrl_ft_lr4e4] [operator] model_pairs=deeponet:fno
[worker1/operator_burgers_student_lift_v2_gpu0] [operator_burgers_student_lift_v2/ctrl_ft_lr4e4] [operator] dataset=burgers model=deeponet method=independent seed=0
[worker1/operator_darcy_student_lift_v2_gpu1] [operator_darcy_student_lift_v2] gpu=1 seeds=0 1 2 epochs=110
[worker1/operator_darcy_student_lift_v2_gpu1] [operator_darcy_student_lift_v2] init_template=results/operator_ssml_tuned_v1/operator/darcy/deeponet_independent_mse_seed{seed/model.pt}
[worker1/operator_darcy_student_lift_v2_gpu1] [operator_darcy_student_lift_v2] peer_init_template=results/operator_ssml_tuned_v1/operator/darcy/fno_independent_mse_seed{seed/model.pt}
[worker1/operator_darcy_student_lift_v2_gpu1] [operator_darcy_student_lift_v2/ctrl_ft_lr2e4] lock -> /home/namkyeong/ssmo/results/.locks/operator_darcy_student_lift_v2_ctrl_ft_lr2e4.lock
[worker1/operator_darcy_student_lift_v2_gpu1] [operator_darcy_student_lift_v2/ctrl_ft_lr2e4] log -> results/logs/operator_darcy_student_lift_v2/ctrl_ft_lr2e4.log
[worker1/operator_darcy_student_lift_v2_gpu1] [operator_darcy_student_lift_v2/ctrl_ft_lr2e4] [operator] output_dir=results/operator_darcy_student_lift_v2/ctrl_ft_lr2e4
[worker1/operator_darcy_student_lift_v2_gpu1] [operator_darcy_student_lift_v2/ctrl_ft_lr2e4] [operator] methods=independent
[worker1/operator_darcy_student_lift_v2_gpu1] [operator_darcy_student_lift_v2/ctrl_ft_lr2e4] [operator] model_pairs=deeponet:fno
[worker1/operator_darcy_student_lift_v2_gpu1] [operator_darcy_student_lift_v2/ctrl_ft_lr2e4] [operator] dataset=darcy model=deeponet method=independent seed=0
[worker1_operator_student_lifts_v2] started burgers gpu0 pid=108078
[worker1_operator_student_lifts_v2] started darcy gpu1 pid=108079
[worker1/operator_burgers_student_lift_v2_gpu0] log -> results/logs/operator_student_lifts_v2/worker1/burgers_gpu0.log
[worker1/operator_darcy_student_lift_v2_gpu1] log -> results/logs/operator_student_lifts_v2/worker1/darcy_gpu1.log
[worker1/operator_burgers_student_lift_v2_gpu0] [operator_burgers_student_lift_v2] gpu=0 seeds=0 1 2 epochs=140
[worker1/operator_burgers_student_lift_v2_gpu0] [operator_burgers_student_lift_v2] init_template=results/operator_burgers_followup_v1/burgers_l005_m0_w12_d60_120_ow1/operator/burgers/deeponet_independent_mse_seed{seed}/model.pt
[worker1/operator_burgers_student_lift_v2_gpu0] [operator_burgers_student_lift_v2] peer_init_template=results/operator_burgers_followup_v1/burgers_l005_m0_w12_d60_120_ow1/operator/burgers/fno_independent_mse_seed{seed}/model.pt
[worker1/operator_burgers_student_lift_v2_gpu0] [operator_burgers_student_lift_v2] burgers data present: /home/namkyeong/ssmo/data/burgers_data_R10.mat
[worker1/operator_burgers_student_lift_v2_gpu0] [operator_burgers_student_lift_v2/ctrl_ft_lr4e4] lock -> /home/namkyeong/ssmo/results/.locks/operator_burgers_student_lift_v2_ctrl_ft_lr4e4.lock
[worker1/operator_burgers_student_lift_v2_gpu0] [operator_burgers_student_lift_v2/ctrl_ft_lr4e4] log -> results/logs/operator_burgers_student_lift_v2/ctrl_ft_lr4e4.log
[worker1/operator_burgers_student_lift_v2_gpu0] [operator_burgers_student_lift_v2/ctrl_ft_lr4e4] [operator] output_dir=results/operator_burgers_student_lift_v2/ctrl_ft_lr4e4
[worker1/operator_burgers_student_lift_v2_gpu0] [operator_burgers_student_lift_v2/ctrl_ft_lr4e4] [operator] methods=independent
[worker1/operator_burgers_student_lift_v2_gpu0] [operator_burgers_student_lift_v2/ctrl_ft_lr4e4] [operator] model_pairs=deeponet:fno
[worker1/operator_burgers_student_lift_v2_gpu0] [operator_burgers_student_lift_v2/ctrl_ft_lr4e4] [operator] dataset=burgers model=deeponet method=independent seed=0
[worker1/operator_burgers_student_lift_v2_gpu0] [operator_burgers_student_lift_v2/ctrl_ft_lr4e4] [operator] loaded init_checkpoint=results/operator_burgers_followup_v1/burgers_l005_m0_w12_d60_120_ow1/operator/burgers/deeponet_independent_mse_seed0/model.pt
[worker1/operator_burgers_student_lift_v2_gpu0] [operator_burgers_student_lift_v2/ctrl_ft_lr4e4] [operator] run_dir=results/operator_burgers_student_lift_v2/ctrl_ft_lr4e4/operator/burgers/deeponet_independent_mse_seed0
[worker1/operator_burgers_student_lift_v2_gpu0] [operator_burgers_student_lift_v2/ctrl_ft_lr4e4] [operator] params=198656
[worker1/operator_burgers_student_lift_v2_gpu0] [operator_burgers_student_lift_v2/ctrl_ft_lr4e4] [operator] granularity=sample student_only=False freeze_peer=False peer_updates_disabled=False
[worker1/operator_burgers_student_lift_v2_gpu0] [operator_burgers_student_lift_v2/ctrl_ft_lr4e4] [operator][epoch 001] lambda=0.0000 train_mse=0.02794587 val_mse=0.02399145 val_mae=0.10149301
[worker1/operator_burgers_student_lift_v2_gpu0] [operator_burgers_student_lift_v2/ctrl_ft_lr4e4] [operator][epoch 002] lambda=0.0000 train_mse=0.01965679 val_mse=0.02183948 val_mae=0.09809506
[worker1/operator_burgers_student_lift_v2_gpu0] [operator_burgers_student_lift_v2/ctrl_ft_lr4e4] [operator][epoch 003] lambda=0.0000 train_mse=0.01822574 val_mse=0.02010730 val_mae=0.09308164
[worker1/operator_burgers_student_lift_v2_gpu0] [operator_burgers_student_lift_v2/ctrl_ft_lr4e4] [operator][epoch 004] lambda=0.0000 train_mse=0.02016245 val_mse=0.02668366 val_mae=0.11181180
[worker1/operator_burgers_student_lift_v2_gpu0] [operator_burgers_student_lift_v2/ctrl_ft_lr4e4] [operator][epoch 005] lambda=0.0000 train_mse=0.01944326 val_mse=0.02235121 val_mae=0.09544292
[worker1/operator_burgers_student_lift_v2_gpu0] [operator_burgers_student_lift_v2/ctrl_ft_lr4e4] [operator][epoch 006] lambda=0.0000 train_mse=0.01713845 val_mse=0.02010875 val_mae=0.09469681
[worker1/operator_burgers_student_lift_v2_gpu0] [operator_burgers_student_lift_v2/ctrl_ft_lr4e4] [operator][epoch 007] lambda=0.0000 train_mse=0.01555476 val_mse=0.01713043 val_mae=0.08420986
[worker1/operator_burgers_student_lift_v2_gpu0] [operator_burgers_student_lift_v2/ctrl_ft_lr4e4] [operator][epoch 008] lambda=0.0000 train_mse=0.01569257 val_mse=0.01792706 val_mae=0.08881462
[worker1/operator_burgers_student_lift_v2_gpu0] [operator_burgers_student_lift_v2/ctrl_ft_lr4e4] [operator][epoch 009] lambda=0.0000 train_mse=0.01654819 val_mse=0.01914432 val_mae=0.08947060
[worker1/operator_burgers_student_lift_v2_gpu0] [operator_burgers_student_lift_v2/ctrl_ft_lr4e4] [operator][epoch 010] lambda=0.0000 train_mse=0.01570895 val_mse=0.01695809 val_mae=0.08120981
[worker1/operator_burgers_student_lift_v2_gpu0] [operator_burgers_student_lift_v2/ctrl_ft_lr4e4] [operator][epoch 011] lambda=0.0000 train_mse=0.01332505 val_mse=0.01476687 val_mae=0.07766047
[worker1/operator_burgers_student_lift_v2_gpu0] [operator_burgers_student_lift_v2/ctrl_ft_lr4e4] [operator][epoch 012] lambda=0.0000 train_mse=0.01188566 val_mse=0.01648273 val_mae=0.08072121
[worker1/operator_burgers_student_lift_v2_gpu0] [operator_burgers_student_lift_v2/ctrl_ft_lr4e4] [operator][epoch 013] lambda=0.0000 train_mse=0.01275168 val_mse=0.02063421 val_mae=0.10069049
[worker1/operator_burgers_student_lift_v2_gpu0] [operator_burgers_student_lift_v2/ctrl_ft_lr4e4] [operator][epoch 014] lambda=0.0000 train_mse=0.01459638 val_mse=0.01921328 val_mae=0.08929047
[worker1/operator_burgers_student_lift_v2_gpu0] [operator_burgers_student_lift_v2/ctrl_ft_lr4e4] [operator][epoch 015] lambda=0.0000 train_mse=0.01427628 val_mse=0.01511731 val_mae=0.08054389
[worker1/operator_darcy_student_lift_v2_gpu1] [operator_darcy_student_lift_v2] gpu=1 seeds=0 1 2 epochs=110
[worker1/operator_darcy_student_lift_v2_gpu1] [operator_darcy_student_lift_v2] init_template=results/operator_ssml_tuned_v1/operator/darcy/deeponet_independent_mse_seed{seed}/model.pt
[worker1/operator_darcy_student_lift_v2_gpu1] [operator_darcy_student_lift_v2] peer_init_template=results/operator_ssml_tuned_v1/operator/darcy/fno_independent_mse_seed{seed}/model.pt
[worker1/operator_darcy_student_lift_v2_gpu1] [operator_darcy_student_lift_v2/ctrl_ft_lr2e4] lock -> /home/namkyeong/ssmo/results/.locks/operator_darcy_student_lift_v2_ctrl_ft_lr2e4.lock
[worker1/operator_darcy_student_lift_v2_gpu1] [operator_darcy_student_lift_v2/ctrl_ft_lr2e4] log -> results/logs/operator_darcy_student_lift_v2/ctrl_ft_lr2e4.log
[worker1/operator_darcy_student_lift_v2_gpu1] [operator_darcy_student_lift_v2/ctrl_ft_lr2e4] [operator] output_dir=results/operator_darcy_student_lift_v2/ctrl_ft_lr2e4
[worker1/operator_darcy_student_lift_v2_gpu1] [operator_darcy_student_lift_v2/ctrl_ft_lr2e4] [operator] methods=independent
[worker1/operator_darcy_student_lift_v2_gpu1] [operator_darcy_student_lift_v2/ctrl_ft_lr2e4] [operator] model_pairs=deeponet:fno
[worker1/operator_darcy_student_lift_v2_gpu1] [operator_darcy_student_lift_v2/ctrl_ft_lr2e4] [operator] dataset=darcy model=deeponet method=independent seed=0
[worker1/operator_darcy_student_lift_v2_gpu1] [operator_darcy_student_lift_v2/ctrl_ft_lr2e4] [operator] loaded init_checkpoint=results/operator_ssml_tuned_v1/operator/darcy/deeponet_independent_mse_seed0/model.pt
[worker1/operator_darcy_student_lift_v2_gpu1] [operator_darcy_student_lift_v2/ctrl_ft_lr2e4] [operator] run_dir=results/operator_darcy_student_lift_v2/ctrl_ft_lr2e4/operator/darcy/deeponet_independent_mse_seed0
[worker1/operator_darcy_student_lift_v2_gpu1] [operator_darcy_student_lift_v2/ctrl_ft_lr2e4] [operator] params=592000
[worker1/operator_darcy_student_lift_v2_gpu1] [operator_darcy_student_lift_v2/ctrl_ft_lr2e4] [operator] granularity=sample student_only=False freeze_peer=False peer_updates_disabled=False
[worker1/operator_darcy_student_lift_v2_gpu1] [operator_darcy_student_lift_v2/ctrl_ft_lr2e4] [operator][epoch 001] lambda=0.0000 train_mse=0.01865026 val_mse=0.01854102 val_mae=0.10249459
[worker1/operator_darcy_student_lift_v2_gpu1] [operator_darcy_student_lift_v2/ctrl_ft_lr2e4] [operator][epoch 002] lambda=0.0000 train_mse=0.01203513 val_mse=0.01775743 val_mae=0.10048233
[worker1/operator_darcy_student_lift_v2_gpu1] [operator_darcy_student_lift_v2/ctrl_ft_lr2e4] [operator][epoch 003] lambda=0.0000 train_mse=0.01120808 val_mse=0.01766976 val_mae=0.09981346
[worker1/operator_darcy_student_lift_v2_gpu1] [operator_darcy_student_lift_v2/ctrl_ft_lr2e4] [operator][epoch 004] lambda=0.0000 train_mse=0.01100759 val_mse=0.01770829 val_mae=0.09986013
[worker1/operator_darcy_student_lift_v2_gpu1] [operator_darcy_student_lift_v2/ctrl_ft_lr2e4] [operator][epoch 005] lambda=0.0000 train_mse=0.01126098 val_mse=0.01801891 val_mae=0.10060095
[worker1/operator_darcy_student_lift_v2_gpu1] [operator_darcy_student_lift_v2/ctrl_ft_lr2e4] [operator][epoch 006] lambda=0.0000 train_mse=0.01125682 val_mse=0.01855461 val_mae=0.10181824
[worker1/operator_darcy_student_lift_v2_gpu1] [operator_darcy_student_lift_v2/ctrl_ft_lr2e4] [operator][epoch 007] lambda=0.0000 train_mse=0.01150554 val_mse=0.01737280 val_mae=0.09873099
[worker1/operator_darcy_student_lift_v2_gpu1] [operator_darcy_student_lift_v2/ctrl_ft_lr2e4] [operator][epoch 008] lambda=0.0000 train_mse=0.01205122 val_mse=0.01838336 val_mae=0.10226190
[worker1/operator_darcy_student_lift_v2_gpu1] [operator_darcy_student_lift_v2/ctrl_ft_lr2e4] [operator][epoch 009] lambda=0.0000 train_mse=0.01096985 val_mse=0.01766102 val_mae=0.09957398
[worker1/operator_darcy_student_lift_v2_gpu1] [operator_darcy_student_lift_v2/ctrl_ft_lr2e4] [operator][epoch 010] lambda=0.0000 train_mse=0.01091173 val_mse=0.01992981 val_mae=0.10643464
[worker1/operator_darcy_student_lift_v2_gpu1] [operator_darcy_student_lift_v2/ctrl_ft_lr2e4] [operator][epoch 011] lambda=0.0000 train_mse=0.01165480 val_mse=0.01810595 val_mae=0.10107450
[worker1/operator_darcy_student_lift_v2_gpu1] [operator_darcy_student_lift_v2/ctrl_ft_lr2e4] [operator][epoch 012] lambda=0.0000 train_mse=0.01178168 val_mse=0.01796325 val_mae=0.10043611
[worker1/operator_darcy_student_lift_v2_gpu1] [operator_darcy_student_lift_v2/ctrl_ft_lr2e4] [operator][epoch 013] lambda=0.0000 train_mse=0.01022985 val_mse=0.01732690 val_mae=0.09856502
[worker1/operator_darcy_student_lift_v2_gpu1] [operator_darcy_student_lift_v2/ctrl_ft_lr2e4] [operator][epoch 014] lambda=0.0000 train_mse=0.00976008 val_mse=0.01690426 val_mae=0.09712904
[worker1/operator_darcy_student_lift_v2_gpu1] [operator_darcy_student_lift_v2/ctrl_ft_lr2e4] [operator][epoch 015] lambda=0.0000 train_mse=0.00987682 val_mse=0.01774962 val_mae=0.09884296
[worker1/operator_darcy_student_lift_v2_gpu1] [operator_darcy_student_lift_v2/ctrl_ft_lr2e4] [operator][epoch 016] lambda=0.0000 train_mse=0.01006062 val_mse=0.01677712 val_mae=0.09715364
[worker1/operator_darcy_student_lift_v2_gpu1] [operator_darcy_student_lift_v2/ctrl_ft_lr2e4] [operator][epoch 017] lambda=0.0000 train_mse=0.01018935 val_mse=0.01856313 val_mae=0.10208683
[worker1/operator_darcy_student_lift_v2_gpu1] [operator_darcy_student_lift_v2/ctrl_ft_lr2e4] [operator][epoch 018] lambda=0.0000 train_mse=0.01062172 val_mse=0.01770109 val_mae=0.09880858
[worker1/operator_burgers_student_lift_v2_gpu0] [operator_burgers_student_lift_v2/ctrl_ft_lr4e4] [operator][epoch 016] lambda=0.0000 train_mse=0.01196949 val_mse=0.01256278 val_mae=0.06802288
[worker1/operator_burgers_student_lift_v2_gpu0] [operator_burgers_student_lift_v2/ctrl_ft_lr4e4] [operator][epoch 017] lambda=0.0000 train_mse=0.01129887 val_mse=0.01406601 val_mae=0.07282108
[worker1/operator_burgers_student_lift_v2_gpu0] [operator_burgers_student_lift_v2/ctrl_ft_lr4e4] [operator][epoch 018] lambda=0.0000 train_mse=0.01064476 val_mse=0.01357970 val_mae=0.07035155
[worker1/operator_burgers_student_lift_v2_gpu0] [operator_burgers_student_lift_v2/ctrl_ft_lr4e4] [operator][epoch 019] lambda=0.0000 train_mse=0.00982375 val_mse=0.01509602 val_mae=0.07994541
[worker1/operator_burgers_student_lift_v2_gpu0] [operator_burgers_student_lift_v2/ctrl_ft_lr4e4] [operator][epoch 020] lambda=0.0000 train_mse=0.01158268 val_mse=0.01252174 val_mae=0.06952313
[worker1/operator_burgers_student_lift_v2_gpu0] [operator_burgers_student_lift_v2/ctrl_ft_lr4e4] [operator][epoch 020] updated live plot
[worker1/operator_burgers_student_lift_v2_gpu0] [operator_burgers_student_lift_v2/ctrl_ft_lr4e4] [operator][epoch 021] lambda=0.0000 train_mse=0.00995852 val_mse=0.01152250 val_mae=0.06494429
[worker1/operator_burgers_student_lift_v2_gpu0] [operator_burgers_student_lift_v2/ctrl_ft_lr4e4] [operator][epoch 022] lambda=0.0000 train_mse=0.00947752 val_mse=0.01411679 val_mae=0.07512736
[worker1/operator_burgers_student_lift_v2_gpu0] [operator_burgers_student_lift_v2/ctrl_ft_lr4e4] [operator][epoch 023] lambda=0.0000 train_mse=0.01084476 val_mse=0.01500526 val_mae=0.07911556
[worker1/operator_burgers_student_lift_v2_gpu0] [operator_burgers_student_lift_v2/ctrl_ft_lr4e4] [operator][epoch 024] lambda=0.0000 train_mse=0.01163723 val_mse=0.01973364 val_mae=0.09132083
[worker1/operator_burgers_student_lift_v2_gpu0] [operator_burgers_student_lift_v2/ctrl_ft_lr4e4] [operator][epoch 025] lambda=0.0000 train_mse=0.01390878 val_mse=0.01539887 val_mae=0.08425004
[worker1/operator_burgers_student_lift_v2_gpu0] [operator_burgers_student_lift_v2/ctrl_ft_lr4e4] [operator][epoch 026] lambda=0.0000 train_mse=0.01155537 val_mse=0.01207353 val_mae=0.06774892
[worker1/operator_burgers_student_lift_v2_gpu0] [operator_burgers_student_lift_v2/ctrl_ft_lr4e4] [operator][epoch 027] lambda=0.0000 train_mse=0.00967653 val_mse=0.01704763 val_mae=0.08554983
[worker1/operator_burgers_student_lift_v2_gpu0] [operator_burgers_student_lift_v2/ctrl_ft_lr4e4] [operator][epoch 028] lambda=0.0000 train_mse=0.01069918 val_mse=0.01290996 val_mae=0.07371134
[worker1/operator_burgers_student_lift_v2_gpu0] [operator_burgers_student_lift_v2/ctrl_ft_lr4e4] [operator][epoch 029] lambda=0.0000 train_mse=0.00899805 val_mse=0.01125713 val_mae=0.06422939
[worker1/operator_burgers_student_lift_v2_gpu0] [operator_burgers_student_lift_v2/ctrl_ft_lr4e4] [operator][epoch 030] lambda=0.0000 train_mse=0.00835715 val_mse=0.01084181 val_mae=0.06168468
[worker1/operator_burgers_student_lift_v2_gpu0] [operator_burgers_student_lift_v2/ctrl_ft_lr4e4] [operator][epoch 031] lambda=0.0000 train_mse=0.00963589 val_mse=0.01381706 val_mae=0.07270748
[worker1/operator_burgers_student_lift_v2_gpu0] [operator_burgers_student_lift_v2/ctrl_ft_lr4e4] [operator][epoch 032] lambda=0.0000 train_mse=0.01160177 val_mse=0.01937514 val_mae=0.09197533
[worker1/operator_burgers_student_lift_v2_gpu0] [operator_burgers_student_lift_v2/ctrl_ft_lr4e4] [operator][epoch 033] lambda=0.0000 train_mse=0.01123990 val_mse=0.01085102 val_mae=0.06324838
[worker1/operator_burgers_student_lift_v2_gpu0] [operator_burgers_student_lift_v2/ctrl_ft_lr4e4] [operator][epoch 034] lambda=0.0000 train_mse=0.00947044 val_mse=0.01648189 val_mae=0.08372329
[worker1/operator_burgers_student_lift_v2_gpu0] [operator_burgers_student_lift_v2/ctrl_ft_lr4e4] [operator][epoch 035] lambda=0.0000 train_mse=0.01287866 val_mse=0.01178832 val_mae=0.06737214
[worker1/operator_burgers_student_lift_v2_gpu0] [operator_burgers_student_lift_v2/ctrl_ft_lr4e4] [operator][epoch 036] lambda=0.0000 train_mse=0.01070127 val_mse=0.01254838 val_mae=0.07230283
[worker1/operator_burgers_student_lift_v2_gpu0] [operator_burgers_student_lift_v2/ctrl_ft_lr4e4] [operator][epoch 037] lambda=0.0000 train_mse=0.00843278 val_mse=0.00982033 val_mae=0.05947345
[worker1/operator_burgers_student_lift_v2_gpu0] [operator_burgers_student_lift_v2/ctrl_ft_lr4e4] [operator][epoch 038] lambda=0.0000 train_mse=0.00901537 val_mse=0.01241825 val_mae=0.07138594
[worker1/operator_burgers_student_lift_v2_gpu0] [operator_burgers_student_lift_v2/ctrl_ft_lr4e4] [operator][epoch 039] lambda=0.0000 train_mse=0.00898756 val_mse=0.01227363 val_mae=0.06415251
[worker1/operator_burgers_student_lift_v2_gpu0] [operator_burgers_student_lift_v2/ctrl_ft_lr4e4] [operator][epoch 040] lambda=0.0000 train_mse=0.01097502 val_mse=0.01957831 val_mae=0.08793925
[worker1/operator_burgers_student_lift_v2_gpu0] [operator_burgers_student_lift_v2/ctrl_ft_lr4e4] [operator][epoch 040] updated live plot
[worker1/operator_burgers_student_lift_v2_gpu0] [operator_burgers_student_lift_v2/ctrl_ft_lr4e4] [operator][epoch 041] lambda=0.0000 train_mse=0.01124301 val_mse=0.01024256 val_mae=0.05883027
[worker1/operator_burgers_student_lift_v2_gpu0] [operator_burgers_student_lift_v2/ctrl_ft_lr4e4] [operator][epoch 042] lambda=0.0000 train_mse=0.00893188 val_mse=0.01302014 val_mae=0.07052253
[worker1/operator_burgers_student_lift_v2_gpu0] [operator_burgers_student_lift_v2/ctrl_ft_lr4e4] [operator][epoch 043] lambda=0.0000 train_mse=0.00937882 val_mse=0.01028913 val_mae=0.06171088
[worker1/operator_burgers_student_lift_v2_gpu0] [operator_burgers_student_lift_v2/ctrl_ft_lr4e4] [operator][epoch 044] lambda=0.0000 train_mse=0.00799770 val_mse=0.01014032 val_mae=0.05916777
[worker1/operator_burgers_student_lift_v2_gpu0] [operator_burgers_student_lift_v2/ctrl_ft_lr4e4] [operator][epoch 045] lambda=0.0000 train_mse=0.00698227 val_mse=0.00911685 val_mae=0.05499986
[worker1/operator_burgers_student_lift_v2_gpu0] [operator_burgers_student_lift_v2/ctrl_ft_lr4e4] [operator][epoch 046] lambda=0.0000 train_mse=0.00687529 val_mse=0.00901157 val_mae=0.05501664
[worker1/operator_burgers_student_lift_v2_gpu0] [operator_burgers_student_lift_v2/ctrl_ft_lr4e4] [operator][epoch 047] lambda=0.0000 train_mse=0.00647627 val_mse=0.00906696 val_mae=0.05597806
[worker1/operator_burgers_student_lift_v2_gpu0] [operator_burgers_student_lift_v2/ctrl_ft_lr4e4] [operator][epoch 048] lambda=0.0000 train_mse=0.01044907 val_mse=0.01277723 val_mae=0.06897282
[worker1/operator_burgers_student_lift_v2_gpu0] [operator_burgers_student_lift_v2/ctrl_ft_lr4e4] [operator][epoch 049] lambda=0.0000 train_mse=0.00796549 val_mse=0.00953173 val_mae=0.05699324
[worker1/operator_burgers_student_lift_v2_gpu0] [operator_burgers_student_lift_v2/ctrl_ft_lr4e4] [operator][epoch 050] lambda=0.0000 train_mse=0.00902000 val_mse=0.01316392 val_mae=0.07499392
[worker1/operator_burgers_student_lift_v2_gpu0] [operator_burgers_student_lift_v2/ctrl_ft_lr4e4] [operator][epoch 051] lambda=0.0000 train_mse=0.00859587 val_mse=0.01033010 val_mae=0.06089982
[worker1/operator_burgers_student_lift_v2_gpu0] [operator_burgers_student_lift_v2/ctrl_ft_lr4e4] [operator][epoch 052] lambda=0.0000 train_mse=0.00719093 val_mse=0.00990227 val_mae=0.05675204
[worker1/operator_burgers_student_lift_v2_gpu0] [operator_burgers_student_lift_v2/ctrl_ft_lr4e4] [operator][epoch 053] lambda=0.0000 train_mse=0.00800800 val_mse=0.01271572 val_mae=0.07038501
[worker1/operator_burgers_student_lift_v2_gpu0] [operator_burgers_student_lift_v2/ctrl_ft_lr4e4] [operator][epoch 054] lambda=0.0000 train_mse=0.00821473 val_mse=0.01341795 val_mae=0.06911050
[worker1/operator_burgers_student_lift_v2_gpu0] [operator_burgers_student_lift_v2/ctrl_ft_lr4e4] [operator][epoch 055] lambda=0.0000 train_mse=0.00823744 val_mse=0.00996252 val_mae=0.05714714
[worker1/operator_burgers_student_lift_v2_gpu0] [operator_burgers_student_lift_v2/ctrl_ft_lr4e4] [operator][epoch 056] lambda=0.0000 train_mse=0.00800753 val_mse=0.01013596 val_mae=0.06093565
[worker1/operator_burgers_student_lift_v2_gpu0] [operator_burgers_student_lift_v2/ctrl_ft_lr4e4] [operator][epoch 057] lambda=0.0000 train_mse=0.00778744 val_mse=0.01204215 val_mae=0.06664327
[worker1/operator_burgers_student_lift_v2_gpu0] [operator_burgers_student_lift_v2/ctrl_ft_lr4e4] [operator][epoch 058] lambda=0.0000 train_mse=0.00769025 val_mse=0.00946359 val_mae=0.05713988
[worker1/operator_burgers_student_lift_v2_gpu0] [operator_burgers_student_lift_v2/ctrl_ft_lr4e4] [operator][epoch 059] lambda=0.0000 train_mse=0.00669165 val_mse=0.00894101 val_mae=0.05334180
[worker1/operator_burgers_student_lift_v2_gpu0] [operator_burgers_student_lift_v2/ctrl_ft_lr4e4] [operator][epoch 060] lambda=0.0000 train_mse=0.00825385 val_mse=0.01507859 val_mae=0.07906067
[worker1/operator_burgers_student_lift_v2_gpu0] [operator_burgers_student_lift_v2/ctrl_ft_lr4e4] [operator][epoch 060] updated live plot
[worker1/operator_burgers_student_lift_v2_gpu0] [operator_burgers_student_lift_v2/ctrl_ft_lr4e4] [operator][epoch 061] lambda=0.0000 train_mse=0.00960268 val_mse=0.01032012 val_mae=0.06010494
[worker1/operator_burgers_student_lift_v2_gpu0] [operator_burgers_student_lift_v2/ctrl_ft_lr4e4] [operator][epoch 062] lambda=0.0000 train_mse=0.00647490 val_mse=0.00965432 val_mae=0.05746325
[worker1/operator_burgers_student_lift_v2_gpu0] [operator_burgers_student_lift_v2/ctrl_ft_lr4e4] [operator][epoch 063] lambda=0.0000 train_mse=0.00667556 val_mse=0.00895740 val_mae=0.05357300
[worker1/operator_burgers_student_lift_v2_gpu0] [operator_burgers_student_lift_v2/ctrl_ft_lr4e4] [operator][epoch 064] lambda=0.0000 train_mse=0.00641581 val_mse=0.00844775 val_mae=0.05129480
[worker1/operator_burgers_student_lift_v2_gpu0] [operator_burgers_student_lift_v2/ctrl_ft_lr4e4] [operator][epoch 065] lambda=0.0000 train_mse=0.00625542 val_mse=0.00867703 val_mae=0.05406308
[worker1/operator_burgers_student_lift_v2_gpu0] [operator_burgers_student_lift_v2/ctrl_ft_lr4e4] [operator][epoch 066] lambda=0.0000 train_mse=0.00728073 val_mse=0.01041190 val_mae=0.06207850
[worker1/operator_burgers_student_lift_v2_gpu0] [operator_burgers_student_lift_v2/ctrl_ft_lr4e4] [operator][epoch 067] lambda=0.0000 train_mse=0.00909526 val_mse=0.01049648 val_mae=0.06506515
[worker1/operator_burgers_student_lift_v2_gpu0] [operator_burgers_student_lift_v2/ctrl_ft_lr4e4] [operator][epoch 068] lambda=0.0000 train_mse=0.00760610 val_mse=0.00925113 val_mae=0.05540831
[worker1/operator_burgers_student_lift_v2_gpu0] [operator_burgers_student_lift_v2/ctrl_ft_lr4e4] [operator][epoch 069] lambda=0.0000 train_mse=0.00836918 val_mse=0.01241838 val_mae=0.07394949
[worker1/operator_burgers_student_lift_v2_gpu0] [operator_burgers_student_lift_v2/ctrl_ft_lr4e4] [operator][epoch 070] lambda=0.0000 train_mse=0.00761281 val_mse=0.00978196 val_mae=0.05860900
[worker1/operator_burgers_student_lift_v2_gpu0] [operator_burgers_student_lift_v2/ctrl_ft_lr4e4] [operator][epoch 071] lambda=0.0000 train_mse=0.00836469 val_mse=0.01151587 val_mae=0.06291372
[worker1/operator_burgers_student_lift_v2_gpu0] [operator_burgers_student_lift_v2/ctrl_ft_lr4e4] [operator][epoch 072] lambda=0.0000 train_mse=0.00699167 val_mse=0.00869660 val_mae=0.05261902
[worker1/operator_burgers_student_lift_v2_gpu0] [operator_burgers_student_lift_v2/ctrl_ft_lr4e4] [operator][epoch 073] lambda=0.0000 train_mse=0.00636986 val_mse=0.00814205 val_mae=0.04977738
[worker1/operator_burgers_student_lift_v2_gpu0] [operator_burgers_student_lift_v2/ctrl_ft_lr4e4] [operator][epoch 074] lambda=0.0000 train_mse=0.00660081 val_mse=0.00942826 val_mae=0.05342982
[worker1/operator_burgers_student_lift_v2_gpu0] [operator_burgers_student_lift_v2/ctrl_ft_lr4e4] [operator][epoch 075] lambda=0.0000 train_mse=0.01034081 val_mse=0.01156370 val_mae=0.06704548
[worker1/operator_burgers_student_lift_v2_gpu0] [operator_burgers_student_lift_v2/ctrl_ft_lr4e4] [operator][epoch 076] lambda=0.0000 train_mse=0.00870543 val_mse=0.01046790 val_mae=0.06084046
[worker1/operator_burgers_student_lift_v2_gpu0] [operator_burgers_student_lift_v2/ctrl_ft_lr4e4] [operator][epoch 077] lambda=0.0000 train_mse=0.00973087 val_mse=0.00999942 val_mae=0.05688253
[worker1/operator_burgers_student_lift_v2_gpu0] [operator_burgers_student_lift_v2/ctrl_ft_lr4e4] [operator][epoch 078] lambda=0.0000 train_mse=0.00676848 val_mse=0.00868474 val_mae=0.05032439
[worker1/operator_burgers_student_lift_v2_gpu0] [operator_burgers_student_lift_v2/ctrl_ft_lr4e4] [operator][epoch 079] lambda=0.0000 train_mse=0.00792409 val_mse=0.01369797 val_mae=0.08003385
[worker1/operator_burgers_student_lift_v2_gpu0] [operator_burgers_student_lift_v2/ctrl_ft_lr4e4] [operator][epoch 080] lambda=0.0000 train_mse=0.01484719 val_mse=0.01149413 val_mae=0.06398370
[worker1/operator_burgers_student_lift_v2_gpu0] [operator_burgers_student_lift_v2/ctrl_ft_lr4e4] [operator][epoch 080] updated live plot
[worker1/operator_burgers_student_lift_v2_gpu0] [operator_burgers_student_lift_v2/ctrl_ft_lr4e4] [operator][epoch 081] lambda=0.0000 train_mse=0.00819091 val_mse=0.01068879 val_mae=0.06545007
[worker1/operator_burgers_student_lift_v2_gpu0] [operator_burgers_student_lift_v2/ctrl_ft_lr4e4] [operator][epoch 082] lambda=0.0000 train_mse=0.00675835 val_mse=0.00893873 val_mae=0.05163431
[worker1/operator_burgers_student_lift_v2_gpu0] [operator_burgers_student_lift_v2/ctrl_ft_lr4e4] [operator][epoch 083] lambda=0.0000 train_mse=0.00757885 val_mse=0.00933173 val_mae=0.05780361
[worker1/operator_burgers_student_lift_v2_gpu0] [operator_burgers_student_lift_v2/ctrl_ft_lr4e4] [operator][epoch 084] lambda=0.0000 train_mse=0.00740411 val_mse=0.00850025 val_mae=0.04964553
[worker1/operator_burgers_student_lift_v2_gpu0] [operator_burgers_student_lift_v2/ctrl_ft_lr4e4] [operator][epoch 085] lambda=0.0000 train_mse=0.00626641 val_mse=0.00881715 val_mae=0.05310410
[worker1/operator_burgers_student_lift_v2_gpu0] [operator_burgers_student_lift_v2/ctrl_ft_lr4e4] [operator][epoch 086] lambda=0.0000 train_mse=0.00600436 val_mse=0.00982757 val_mae=0.05895237
[worker1/operator_burgers_student_lift_v2_gpu0] [operator_burgers_student_lift_v2/ctrl_ft_lr4e4] [operator][epoch 087] lambda=0.0000 train_mse=0.00683223 val_mse=0.00900318 val_mae=0.05322730
[worker1/operator_burgers_student_lift_v2_gpu0] [operator_burgers_student_lift_v2/ctrl_ft_lr4e4] [operator][epoch 088] lambda=0.0000 train_mse=0.00684405 val_mse=0.00846361 val_mae=0.04981078
[worker1/operator_burgers_student_lift_v2_gpu0] [operator_burgers_student_lift_v2/ctrl_ft_lr4e4] [operator][epoch 089] lambda=0.0000 train_mse=0.00617610 val_mse=0.00934659 val_mae=0.05573551
[worker1/operator_burgers_student_lift_v2_gpu0] [operator_burgers_student_lift_v2/ctrl_ft_lr4e4] [operator][epoch 090] lambda=0.0000 train_mse=0.00708584 val_mse=0.00911590 val_mae=0.05807262
[worker1/operator_burgers_student_lift_v2_gpu0] [operator_burgers_student_lift_v2/ctrl_ft_lr4e4] [operator][epoch 091] lambda=0.0000 train_mse=0.01200019 val_mse=0.01141733 val_mae=0.06380162
[worker1/operator_burgers_student_lift_v2_gpu0] [operator_burgers_student_lift_v2/ctrl_ft_lr4e4] [operator][epoch 092] lambda=0.0000 train_mse=0.00716947 val_mse=0.00787304 val_mae=0.04993799
[worker1/operator_burgers_student_lift_v2_gpu0] [operator_burgers_student_lift_v2/ctrl_ft_lr4e4] [operator][epoch 093] lambda=0.0000 train_mse=0.00630279 val_mse=0.00839040 val_mae=0.05144125
[worker1/operator_burgers_student_lift_v2_gpu0] [operator_burgers_student_lift_v2/ctrl_ft_lr4e4] [operator][epoch 094] lambda=0.0000 train_mse=0.00744490 val_mse=0.00949368 val_mae=0.05636688
[worker1/operator_burgers_student_lift_v2_gpu0] [operator_burgers_student_lift_v2/ctrl_ft_lr4e4] [operator][epoch 095] lambda=0.0000 train_mse=0.00736410 val_mse=0.01125139 val_mae=0.06402408
[worker1/operator_burgers_student_lift_v2_gpu0] [operator_burgers_student_lift_v2/ctrl_ft_lr4e4] [operator][epoch 096] lambda=0.0000 train_mse=0.00720550 val_mse=0.00905337 val_mae=0.05376090
[worker1/operator_darcy_student_lift_v2_gpu1] [operator_darcy_student_lift_v2/ctrl_ft_lr2e4] [operator][epoch 019] lambda=0.0000 train_mse=0.00982565 val_mse=0.01662274 val_mae=0.09592864
[worker1/operator_darcy_student_lift_v2_gpu1] [operator_darcy_student_lift_v2/ctrl_ft_lr2e4] [operator][epoch 020] lambda=0.0000 train_mse=0.01062904 val_mse=0.01673080 val_mae=0.09704627
[worker1/operator_darcy_student_lift_v2_gpu1] [operator_darcy_student_lift_v2/ctrl_ft_lr2e4] [operator][epoch 020] updated live plot
[worker1/operator_darcy_student_lift_v2_gpu1] [operator_darcy_student_lift_v2/ctrl_ft_lr2e4] [operator][epoch 021] lambda=0.0000 train_mse=0.01098902 val_mse=0.01731180 val_mae=0.09768685
[worker1/operator_darcy_student_lift_v2_gpu1] [operator_darcy_student_lift_v2/ctrl_ft_lr2e4] [operator][epoch 022] lambda=0.0000 train_mse=0.00978798 val_mse=0.01656306 val_mae=0.09569390
[worker1/operator_darcy_student_lift_v2_gpu1] [operator_darcy_student_lift_v2/ctrl_ft_lr2e4] [operator][epoch 023] lambda=0.0000 train_mse=0.00936777 val_mse=0.01692054 val_mae=0.09734517
[worker1/operator_darcy_student_lift_v2_gpu1] [operator_darcy_student_lift_v2/ctrl_ft_lr2e4] [operator][epoch 024] lambda=0.0000 train_mse=0.00937714 val_mse=0.01637488 val_mae=0.09494655
[worker1/operator_darcy_student_lift_v2_gpu1] [operator_darcy_student_lift_v2/ctrl_ft_lr2e4] [operator][epoch 025] lambda=0.0000 train_mse=0.00926809 val_mse=0.01764018 val_mae=0.09837634
[worker1/operator_darcy_student_lift_v2_gpu1] [operator_darcy_student_lift_v2/ctrl_ft_lr2e4] [operator][epoch 026] lambda=0.0000 train_mse=0.00955739 val_mse=0.01677757 val_mae=0.09678086
[worker1/operator_darcy_student_lift_v2_gpu1] [operator_darcy_student_lift_v2/ctrl_ft_lr2e4] [operator][epoch 027] lambda=0.0000 train_mse=0.00970445 val_mse=0.01627444 val_mae=0.09507445
[worker1/operator_darcy_student_lift_v2_gpu1] [operator_darcy_student_lift_v2/ctrl_ft_lr2e4] [operator][epoch 028] lambda=0.0000 train_mse=0.00899431 val_mse=0.01626384 val_mae=0.09464752
[worker1/operator_darcy_student_lift_v2_gpu1] [operator_darcy_student_lift_v2/ctrl_ft_lr2e4] [operator][epoch 029] lambda=0.0000 train_mse=0.00865893 val_mse=0.01572717 val_mae=0.09358188
[worker1/operator_darcy_student_lift_v2_gpu1] [operator_darcy_student_lift_v2/ctrl_ft_lr2e4] [operator][epoch 030] lambda=0.0000 train_mse=0.00900338 val_mse=0.01596442 val_mae=0.09444426
[worker1/operator_darcy_student_lift_v2_gpu1] [operator_darcy_student_lift_v2/ctrl_ft_lr2e4] [operator][epoch 031] lambda=0.0000 train_mse=0.00859192 val_mse=0.01596124 val_mae=0.09436806
[worker1/operator_darcy_student_lift_v2_gpu1] [operator_darcy_student_lift_v2/ctrl_ft_lr2e4] [operator][epoch 032] lambda=0.0000 train_mse=0.00881067 val_mse=0.01596835 val_mae=0.09382205
[worker1/operator_darcy_student_lift_v2_gpu1] [operator_darcy_student_lift_v2/ctrl_ft_lr2e4] [operator][epoch 033] lambda=0.0000 train_mse=0.01020466 val_mse=0.01643087 val_mae=0.09574696
[worker1/operator_darcy_student_lift_v2_gpu1] [operator_darcy_student_lift_v2/ctrl_ft_lr2e4] [operator][epoch 034] lambda=0.0000 train_mse=0.00897163 val_mse=0.01689441 val_mae=0.09653549
[worker1/operator_darcy_student_lift_v2_gpu1] [operator_darcy_student_lift_v2/ctrl_ft_lr2e4] [operator][epoch 035] lambda=0.0000 train_mse=0.00966714 val_mse=0.01646902 val_mae=0.09619881
[worker1/operator_darcy_student_lift_v2_gpu1] [operator_darcy_student_lift_v2/ctrl_ft_lr2e4] [operator][epoch 036] lambda=0.0000 train_mse=0.00875236 val_mse=0.01548332 val_mae=0.09204511
[worker1/operator_darcy_student_lift_v2_gpu1] [operator_darcy_student_lift_v2/ctrl_ft_lr2e4] [operator][epoch 037] lambda=0.0000 train_mse=0.00820112 val_mse=0.01551849 val_mae=0.09275780
[worker1/operator_darcy_student_lift_v2_gpu1] [operator_darcy_student_lift_v2/ctrl_ft_lr2e4] [operator][epoch 038] lambda=0.0000 train_mse=0.00828048 val_mse=0.01573419 val_mae=0.09301107
[worker1/operator_darcy_student_lift_v2_gpu1] [operator_darcy_student_lift_v2/ctrl_ft_lr2e4] [operator][epoch 039] lambda=0.0000 train_mse=0.00876306 val_mse=0.01746127 val_mae=0.09898687
[worker1/operator_darcy_student_lift_v2_gpu1] [operator_darcy_student_lift_v2/ctrl_ft_lr2e4] [operator][epoch 040] lambda=0.0000 train_mse=0.01062280 val_mse=0.01713953 val_mae=0.09796117
[worker1/operator_darcy_student_lift_v2_gpu1] [operator_darcy_student_lift_v2/ctrl_ft_lr2e4] [operator][epoch 040] updated live plot
[worker1/operator_darcy_student_lift_v2_gpu1] [operator_darcy_student_lift_v2/ctrl_ft_lr2e4] [operator][epoch 041] lambda=0.0000 train_mse=0.00943183 val_mse=0.01561298 val_mae=0.09321146
[worker1/operator_darcy_student_lift_v2_gpu1] [operator_darcy_student_lift_v2/ctrl_ft_lr2e4] [operator][epoch 042] lambda=0.0000 train_mse=0.00905926 val_mse=0.01640815 val_mae=0.09470893
[worker1/operator_darcy_student_lift_v2_gpu1] [operator_darcy_student_lift_v2/ctrl_ft_lr2e4] [operator][epoch 043] lambda=0.0000 train_mse=0.00824181 val_mse=0.01544805 val_mae=0.09244938
[worker1/operator_darcy_student_lift_v2_gpu1] [operator_darcy_student_lift_v2/ctrl_ft_lr2e4] [operator][epoch 044] lambda=0.0000 train_mse=0.00791279 val_mse=0.01546370 val_mae=0.09209413
[worker1/operator_darcy_student_lift_v2_gpu1] [operator_darcy_student_lift_v2/ctrl_ft_lr2e4] [operator][epoch 045] lambda=0.0000 train_mse=0.00798219 val_mse=0.01535252 val_mae=0.09207217
[worker1/operator_darcy_student_lift_v2_gpu1] [operator_darcy_student_lift_v2/ctrl_ft_lr2e4] [operator][epoch 046] lambda=0.0000 train_mse=0.00834255 val_mse=0.01598723 val_mae=0.09430788
[worker1/operator_darcy_student_lift_v2_gpu1] [operator_darcy_student_lift_v2/ctrl_ft_lr2e4] [operator][epoch 047] lambda=0.0000 train_mse=0.00870728 val_mse=0.01503268 val_mae=0.09187927
[worker1/operator_darcy_student_lift_v2_gpu1] [operator_darcy_student_lift_v2/ctrl_ft_lr2e4] [operator][epoch 048] lambda=0.0000 train_mse=0.00821537 val_mse=0.01575288 val_mae=0.09322892
[worker1/operator_darcy_student_lift_v2_gpu1] [operator_darcy_student_lift_v2/ctrl_ft_lr2e4] [operator][epoch 049] lambda=0.0000 train_mse=0.00793758 val_mse=0.01529874 val_mae=0.09175884
[worker1/operator_darcy_student_lift_v2_gpu1] [operator_darcy_student_lift_v2/ctrl_ft_lr2e4] [operator][epoch 050] lambda=0.0000 train_mse=0.00763182 val_mse=0.01488237 val_mae=0.09033358
[worker1/operator_darcy_student_lift_v2_gpu1] [operator_darcy_student_lift_v2/ctrl_ft_lr2e4] [operator][epoch 051] lambda=0.0000 train_mse=0.00757861 val_mse=0.01510957 val_mae=0.09108657
[worker1/operator_darcy_student_lift_v2_gpu1] [operator_darcy_student_lift_v2/ctrl_ft_lr2e4] [operator][epoch 052] lambda=0.0000 train_mse=0.00758128 val_mse=0.01459447 val_mae=0.08946436
[worker1/operator_darcy_student_lift_v2_gpu1] [operator_darcy_student_lift_v2/ctrl_ft_lr2e4] [operator][epoch 053] lambda=0.0000 train_mse=0.00733538 val_mse=0.01541137 val_mae=0.09227319
[worker1/operator_darcy_student_lift_v2_gpu1] [operator_darcy_student_lift_v2/ctrl_ft_lr2e4] [operator][epoch 054] lambda=0.0000 train_mse=0.00751124 val_mse=0.01523396 val_mae=0.09149632
[worker1/operator_darcy_student_lift_v2_gpu1] [operator_darcy_student_lift_v2/ctrl_ft_lr2e4] [operator][epoch 055] lambda=0.0000 train_mse=0.00742378 val_mse=0.01574522 val_mae=0.09319379
[worker1/operator_darcy_student_lift_v2_gpu1] [operator_darcy_student_lift_v2/ctrl_ft_lr2e4] [operator][epoch 056] lambda=0.0000 train_mse=0.00826041 val_mse=0.01488450 val_mae=0.09062625
[worker1/operator_darcy_student_lift_v2_gpu1] [operator_darcy_student_lift_v2/ctrl_ft_lr2e4] [operator][epoch 057] lambda=0.0000 train_mse=0.00761135 val_mse=0.01517974 val_mae=0.09133498
[worker1/operator_darcy_student_lift_v2_gpu1] [operator_darcy_student_lift_v2/ctrl_ft_lr2e4] [operator][epoch 058] lambda=0.0000 train_mse=0.00747193 val_mse=0.01515015 val_mae=0.09110199
[worker1/operator_darcy_student_lift_v2_gpu1] [operator_darcy_student_lift_v2/ctrl_ft_lr2e4] [operator][epoch 059] lambda=0.0000 train_mse=0.00741510 val_mse=0.01518434 val_mae=0.09119649
[worker1/operator_darcy_student_lift_v2_gpu1] [operator_darcy_student_lift_v2/ctrl_ft_lr2e4] [operator][epoch 060] lambda=0.0000 train_mse=0.00758756 val_mse=0.01549908 val_mae=0.09142408
[worker1/operator_darcy_student_lift_v2_gpu1] [operator_darcy_student_lift_v2/ctrl_ft_lr2e4] [operator][epoch 060] updated live plot
[worker1/operator_darcy_student_lift_v2_gpu1] [operator_darcy_student_lift_v2/ctrl_ft_lr2e4] [operator][epoch 061] lambda=0.0000 train_mse=0.00723856 val_mse=0.01458545 val_mae=0.08998709
[worker1/operator_darcy_student_lift_v2_gpu1] [operator_darcy_student_lift_v2/ctrl_ft_lr2e4] [operator][epoch 062] lambda=0.0000 train_mse=0.00710097 val_mse=0.01443191 val_mae=0.08902177
[worker1/operator_darcy_student_lift_v2_gpu1] [operator_darcy_student_lift_v2/ctrl_ft_lr2e4] [operator][epoch 063] lambda=0.0000 train_mse=0.00775687 val_mse=0.01531375 val_mae=0.09172065
[worker1/operator_darcy_student_lift_v2_gpu1] [operator_darcy_student_lift_v2/ctrl_ft_lr2e4] [operator][epoch 064] lambda=0.0000 train_mse=0.00735793 val_mse=0.01425563 val_mae=0.08860403
[worker1/operator_darcy_student_lift_v2_gpu1] [operator_darcy_student_lift_v2/ctrl_ft_lr2e4] [operator][epoch 065] lambda=0.0000 train_mse=0.00680823 val_mse=0.01460789 val_mae=0.08871826
[worker1/operator_darcy_student_lift_v2_gpu1] [operator_darcy_student_lift_v2/ctrl_ft_lr2e4] [operator][epoch 066] lambda=0.0000 train_mse=0.00729067 val_mse=0.01438580 val_mae=0.08871570
[worker1/operator_darcy_student_lift_v2_gpu1] [operator_darcy_student_lift_v2/ctrl_ft_lr2e4] [operator][epoch 067] lambda=0.0000 train_mse=0.00723019 val_mse=0.01425392 val_mae=0.08864068
[worker1/operator_darcy_student_lift_v2_gpu1] [operator_darcy_student_lift_v2/ctrl_ft_lr2e4] [operator][epoch 068] lambda=0.0000 train_mse=0.00657755 val_mse=0.01401835 val_mae=0.08771841
[worker1/operator_darcy_student_lift_v2_gpu1] [operator_darcy_student_lift_v2/ctrl_ft_lr2e4] [operator][epoch 069] lambda=0.0000 train_mse=0.00696382 val_mse=0.01479414 val_mae=0.08956276
[worker1/operator_darcy_student_lift_v2_gpu1] [operator_darcy_student_lift_v2/ctrl_ft_lr2e4] [operator][epoch 070] lambda=0.0000 train_mse=0.00653950 val_mse=0.01403454 val_mae=0.08669157
[worker1/operator_darcy_student_lift_v2_gpu1] [operator_darcy_student_lift_v2/ctrl_ft_lr2e4] [operator][epoch 071] lambda=0.0000 train_mse=0.00660070 val_mse=0.01446731 val_mae=0.08845280
[worker1/operator_darcy_student_lift_v2_gpu1] [operator_darcy_student_lift_v2/ctrl_ft_lr2e4] [operator][epoch 072] lambda=0.0000 train_mse=0.00655664 val_mse=0.01393933 val_mae=0.08700630
[worker1/operator_darcy_student_lift_v2_gpu1] [operator_darcy_student_lift_v2/ctrl_ft_lr2e4] [operator][epoch 073] lambda=0.0000 train_mse=0.00726962 val_mse=0.01680935 val_mae=0.09587431
[worker1/operator_burgers_student_lift_v2_gpu0] [operator_burgers_student_lift_v2/ctrl_ft_lr4e4] [operator][epoch 097] lambda=0.0000 train_mse=0.00704416 val_mse=0.00901403 val_mae=0.05527694
[worker1/operator_burgers_student_lift_v2_gpu0] [operator_burgers_student_lift_v2/ctrl_ft_lr4e4] [operator][epoch 098] lambda=0.0000 train_mse=0.00774897 val_mse=0.01016685 val_mae=0.06163711
[worker1/operator_burgers_student_lift_v2_gpu0] [operator_burgers_student_lift_v2/ctrl_ft_lr4e4] [operator][epoch 099] lambda=0.0000 train_mse=0.00728759 val_mse=0.00964831 val_mae=0.05838408
[worker1/operator_burgers_student_lift_v2_gpu0] [operator_burgers_student_lift_v2/ctrl_ft_lr4e4] [operator][epoch 100] lambda=0.0000 train_mse=0.00700374 val_mse=0.00800956 val_mae=0.05181889
[worker1/operator_burgers_student_lift_v2_gpu0] [operator_burgers_student_lift_v2/ctrl_ft_lr4e4] [operator][epoch 100] updated live plot
[worker1/operator_burgers_student_lift_v2_gpu0] [operator_burgers_student_lift_v2/ctrl_ft_lr4e4] [operator][epoch 101] lambda=0.0000 train_mse=0.00755953 val_mse=0.00957864 val_mae=0.05813634
[worker1/operator_burgers_student_lift_v2_gpu0] [operator_burgers_student_lift_v2/ctrl_ft_lr4e4] [operator][epoch 102] lambda=0.0000 train_mse=0.00664223 val_mse=0.00786227 val_mae=0.04841952
[worker1/operator_burgers_student_lift_v2_gpu0] [operator_burgers_student_lift_v2/ctrl_ft_lr4e4] [operator][epoch 103] lambda=0.0000 train_mse=0.00584553 val_mse=0.00838177 val_mae=0.05185473
[worker1/operator_burgers_student_lift_v2_gpu0] [operator_burgers_student_lift_v2/ctrl_ft_lr4e4] [operator][epoch 104] lambda=0.0000 train_mse=0.00612898 val_mse=0.00772075 val_mae=0.04847136
[worker1/operator_burgers_student_lift_v2_gpu0] [operator_burgers_student_lift_v2/ctrl_ft_lr4e4] [operator][epoch 105] lambda=0.0000 train_mse=0.00572614 val_mse=0.00762419 val_mae=0.04856475
[worker1/operator_burgers_student_lift_v2_gpu0] [operator_burgers_student_lift_v2/ctrl_ft_lr4e4] [operator][epoch 106] lambda=0.0000 train_mse=0.00578881 val_mse=0.00822478 val_mae=0.05183701
[worker1/operator_burgers_student_lift_v2_gpu0] [operator_burgers_student_lift_v2/ctrl_ft_lr4e4] [operator][epoch 107] lambda=0.0000 train_mse=0.00576700 val_mse=0.00715117 val_mae=0.04529438
[worker1/operator_burgers_student_lift_v2_gpu0] [operator_burgers_student_lift_v2/ctrl_ft_lr4e4] [operator][epoch 108] lambda=0.0000 train_mse=0.00588280 val_mse=0.00877050 val_mae=0.05399524
[worker1/operator_burgers_student_lift_v2_gpu0] [operator_burgers_student_lift_v2/ctrl_ft_lr4e4] [operator][epoch 109] lambda=0.0000 train_mse=0.00639143 val_mse=0.00802583 val_mae=0.05054708
[worker1/operator_burgers_student_lift_v2_gpu0] [operator_burgers_student_lift_v2/ctrl_ft_lr4e4] [operator][epoch 110] lambda=0.0000 train_mse=0.00809120 val_mse=0.01038978 val_mae=0.06138780
[worker1/operator_burgers_student_lift_v2_gpu0] [operator_burgers_student_lift_v2/ctrl_ft_lr4e4] [operator][epoch 111] lambda=0.0000 train_mse=0.00743992 val_mse=0.00881662 val_mae=0.05440963
[worker1/operator_burgers_student_lift_v2_gpu0] [operator_burgers_student_lift_v2/ctrl_ft_lr4e4] [operator][epoch 112] lambda=0.0000 train_mse=0.00650953 val_mse=0.00932022 val_mae=0.05556227
[worker1/operator_burgers_student_lift_v2_gpu0] [operator_burgers_student_lift_v2/ctrl_ft_lr4e4] [operator][epoch 113] lambda=0.0000 train_mse=0.00653958 val_mse=0.00771811 val_mae=0.04894390
[worker1/operator_burgers_student_lift_v2_gpu0] [operator_burgers_student_lift_v2/ctrl_ft_lr4e4] [operator][epoch 114] lambda=0.0000 train_mse=0.00563693 val_mse=0.00813282 val_mae=0.05050298
[worker1/operator_burgers_student_lift_v2_gpu0] [operator_burgers_student_lift_v2/ctrl_ft_lr4e4] [operator][epoch 115] lambda=0.0000 train_mse=0.00550970 val_mse=0.00751089 val_mae=0.04619325
[worker1/operator_burgers_student_lift_v2_gpu0] [operator_burgers_student_lift_v2/ctrl_ft_lr4e4] [operator][epoch 116] lambda=0.0000 train_mse=0.00561763 val_mse=0.00731883 val_mae=0.04565995
[worker1/operator_burgers_student_lift_v2_gpu0] [operator_burgers_student_lift_v2/ctrl_ft_lr4e4] [operator][epoch 117] lambda=0.0000 train_mse=0.00530082 val_mse=0.00709869 val_mae=0.04585373
[worker1/operator_burgers_student_lift_v2_gpu0] [operator_burgers_student_lift_v2/ctrl_ft_lr4e4] [operator][epoch 118] lambda=0.0000 train_mse=0.00696247 val_mse=0.00812777 val_mae=0.05194412
[worker1/operator_burgers_student_lift_v2_gpu0] [operator_burgers_student_lift_v2/ctrl_ft_lr4e4] [operator][epoch 119] lambda=0.0000 train_mse=0.00652680 val_mse=0.00827850 val_mae=0.05155977
[worker1/operator_burgers_student_lift_v2_gpu0] [operator_burgers_student_lift_v2/ctrl_ft_lr4e4] [operator][epoch 120] lambda=0.0000 train_mse=0.00727982 val_mse=0.00899264 val_mae=0.05600381
[worker1/operator_burgers_student_lift_v2_gpu0] [operator_burgers_student_lift_v2/ctrl_ft_lr4e4] [operator][epoch 120] updated live plot
[worker1/operator_burgers_student_lift_v2_gpu0] [operator_burgers_student_lift_v2/ctrl_ft_lr4e4] [operator][epoch 121] lambda=0.0000 train_mse=0.00753489 val_mse=0.00789184 val_mae=0.05115432
[worker1/operator_burgers_student_lift_v2_gpu0] [operator_burgers_student_lift_v2/ctrl_ft_lr4e4] [operator][epoch 122] lambda=0.0000 train_mse=0.00750251 val_mse=0.00846989 val_mae=0.05158213
[worker1/operator_burgers_student_lift_v2_gpu0] [operator_burgers_student_lift_v2/ctrl_ft_lr4e4] [operator][epoch 123] lambda=0.0000 train_mse=0.00729930 val_mse=0.01122818 val_mae=0.06914946
[worker1/operator_burgers_student_lift_v2_gpu0] [operator_burgers_student_lift_v2/ctrl_ft_lr4e4] [operator][epoch 124] lambda=0.0000 train_mse=0.00800921 val_mse=0.00799559 val_mae=0.05009032
[worker1/operator_burgers_student_lift_v2_gpu0] [operator_burgers_student_lift_v2/ctrl_ft_lr4e4] [operator][epoch 125] lambda=0.0000 train_mse=0.00609902 val_mse=0.00870892 val_mae=0.05392908
[worker1/operator_burgers_student_lift_v2_gpu0] [operator_burgers_student_lift_v2/ctrl_ft_lr4e4] [operator][epoch 126] lambda=0.0000 train_mse=0.00638908 val_mse=0.00745535 val_mae=0.04737629
[worker1/operator_burgers_student_lift_v2_gpu0] [operator_burgers_student_lift_v2/ctrl_ft_lr4e4] [operator][epoch 127] lambda=0.0000 train_mse=0.00538453 val_mse=0.00691240 val_mae=0.04368126
[worker1/operator_burgers_student_lift_v2_gpu0] [operator_burgers_student_lift_v2/ctrl_ft_lr4e4] [operator][epoch 128] lambda=0.0000 train_mse=0.00535589 val_mse=0.00719114 val_mae=0.04658492
[worker1/operator_burgers_student_lift_v2_gpu0] [operator_burgers_student_lift_v2/ctrl_ft_lr4e4] [operator][epoch 129] lambda=0.0000 train_mse=0.00543383 val_mse=0.00723466 val_mae=0.04550065
[worker1/operator_burgers_student_lift_v2_gpu0] [operator_burgers_student_lift_v2/ctrl_ft_lr4e4] [operator][epoch 130] lambda=0.0000 train_mse=0.00550566 val_mse=0.00756240 val_mae=0.04666127
[worker1/operator_burgers_student_lift_v2_gpu0] [operator_burgers_student_lift_v2/ctrl_ft_lr4e4] [operator][epoch 131] lambda=0.0000 train_mse=0.00551600 val_mse=0.00863969 val_mae=0.05027511
[worker1/operator_burgers_student_lift_v2_gpu0] [operator_burgers_student_lift_v2/ctrl_ft_lr4e4] [operator][epoch 132] lambda=0.0000 train_mse=0.00653477 val_mse=0.00907049 val_mae=0.05426680
[worker1/operator_burgers_student_lift_v2_gpu0] [operator_burgers_student_lift_v2/ctrl_ft_lr4e4] [operator][epoch 133] lambda=0.0000 train_mse=0.00720456 val_mse=0.00887328 val_mae=0.05367350
[worker1/operator_burgers_student_lift_v2_gpu0] [operator_burgers_student_lift_v2/ctrl_ft_lr4e4] [operator][epoch 134] lambda=0.0000 train_mse=0.00599172 val_mse=0.00762979 val_mae=0.04775152
[worker1/operator_burgers_student_lift_v2_gpu0] [operator_burgers_student_lift_v2/ctrl_ft_lr4e4] [operator][epoch 135] lambda=0.0000 train_mse=0.00677409 val_mse=0.00827676 val_mae=0.05191017
[worker1/operator_burgers_student_lift_v2_gpu0] [operator_burgers_student_lift_v2/ctrl_ft_lr4e4] [operator][epoch 136] lambda=0.0000 train_mse=0.00647002 val_mse=0.00816398 val_mae=0.05077445
[worker1/operator_burgers_student_lift_v2_gpu0] [operator_burgers_student_lift_v2/ctrl_ft_lr4e4] [operator][epoch 137] lambda=0.0000 train_mse=0.00692347 val_mse=0.01202487 val_mae=0.06294505
[worker1/operator_burgers_student_lift_v2_gpu0] [operator_burgers_student_lift_v2/ctrl_ft_lr4e4] [operator][epoch 138] lambda=0.0000 train_mse=0.00942092 val_mse=0.01019053 val_mae=0.06285059
[worker1/operator_burgers_student_lift_v2_gpu0] [operator_burgers_student_lift_v2/ctrl_ft_lr4e4] [operator][epoch 139] lambda=0.0000 train_mse=0.01054713 val_mse=0.01033752 val_mae=0.06078833
[worker1/operator_burgers_student_lift_v2_gpu0] [operator_burgers_student_lift_v2/ctrl_ft_lr4e4] [operator][epoch 140] lambda=0.0000 train_mse=0.00700913 val_mse=0.00781701 val_mae=0.04901178
[worker1/operator_burgers_student_lift_v2_gpu0] [operator_burgers_student_lift_v2/ctrl_ft_lr4e4] [operator][epoch 140] updated live plot
[worker1/operator_burgers_student_lift_v2_gpu0] [operator_burgers_student_lift_v2/ctrl_ft_lr4e4] [operator] done
[worker1/operator_burgers_student_lift_v2_gpu0] [operator_burgers_student_lift_v2/ctrl_ft_lr4e4] [operator] dataset=burgers model=deeponet method=independent seed=1
[worker1/operator_burgers_student_lift_v2_gpu0] [operator_burgers_student_lift_v2/ctrl_ft_lr4e4] [operator] loaded init_checkpoint=results/operator_burgers_followup_v1/burgers_l005_m0_w12_d60_120_ow1/operator/burgers/deeponet_independent_mse_seed1/model.pt
[worker1/operator_burgers_student_lift_v2_gpu0] [operator_burgers_student_lift_v2/ctrl_ft_lr4e4] [operator] run_dir=results/operator_burgers_student_lift_v2/ctrl_ft_lr4e4/operator/burgers/deeponet_independent_mse_seed1
[worker1/operator_burgers_student_lift_v2_gpu0] [operator_burgers_student_lift_v2/ctrl_ft_lr4e4] [operator] params=198656
[worker1/operator_burgers_student_lift_v2_gpu0] [operator_burgers_student_lift_v2/ctrl_ft_lr4e4] [operator] granularity=sample student_only=False freeze_peer=False peer_updates_disabled=False
[worker1/operator_burgers_student_lift_v2_gpu0] [operator_burgers_student_lift_v2/ctrl_ft_lr4e4] [operator][epoch 001] lambda=0.0000 train_mse=0.02774687 val_mse=0.02686413 val_mae=0.11332111
[worker1/operator_burgers_student_lift_v2_gpu0] [operator_burgers_student_lift_v2/ctrl_ft_lr4e4] [operator][epoch 002] lambda=0.0000 train_mse=0.02120290 val_mse=0.02302055 val_mae=0.10739165
[worker1/operator_burgers_student_lift_v2_gpu0] [operator_burgers_student_lift_v2/ctrl_ft_lr4e4] [operator][epoch 003] lambda=0.0000 train_mse=0.01837219 val_mse=0.01698130 val_mae=0.08510040
[worker1/operator_burgers_student_lift_v2_gpu0] [operator_burgers_student_lift_v2/ctrl_ft_lr4e4] [operator][epoch 004] lambda=0.0000 train_mse=0.01791401 val_mse=0.01979771 val_mae=0.09422992
[worker1/operator_burgers_student_lift_v2_gpu0] [operator_burgers_student_lift_v2/ctrl_ft_lr4e4] [operator][epoch 005] lambda=0.0000 train_mse=0.01824461 val_mse=0.01578250 val_mae=0.08384217
[worker1/operator_burgers_student_lift_v2_gpu0] [operator_burgers_student_lift_v2/ctrl_ft_lr4e4] [operator][epoch 006] lambda=0.0000 train_mse=0.01510016 val_mse=0.01671535 val_mae=0.08763219
[worker1/operator_burgers_student_lift_v2_gpu0] [operator_burgers_student_lift_v2/ctrl_ft_lr4e4] [operator][epoch 007] lambda=0.0000 train_mse=0.01414713 val_mse=0.01385985 val_mae=0.07795423
[worker1/operator_burgers_student_lift_v2_gpu0] [operator_burgers_student_lift_v2/ctrl_ft_lr4e4] [operator][epoch 008] lambda=0.0000 train_mse=0.01283738 val_mse=0.01371092 val_mae=0.07558269
[worker1/operator_burgers_student_lift_v2_gpu0] [operator_burgers_student_lift_v2/ctrl_ft_lr4e4] [operator][epoch 009] lambda=0.0000 train_mse=0.01491395 val_mse=0.01425158 val_mae=0.07868902
[worker1/operator_burgers_student_lift_v2_gpu0] [operator_burgers_student_lift_v2/ctrl_ft_lr4e4] [operator][epoch 010] lambda=0.0000 train_mse=0.01755269 val_mse=0.02779753 val_mae=0.11830011
[worker1/operator_burgers_student_lift_v2_gpu0] [operator_burgers_student_lift_v2/ctrl_ft_lr4e4] [operator][epoch 011] lambda=0.0000 train_mse=0.02143053 val_mse=0.02089761 val_mae=0.09671936
[worker1/operator_burgers_student_lift_v2_gpu0] [operator_burgers_student_lift_v2/ctrl_ft_lr4e4] [operator][epoch 012] lambda=0.0000 train_mse=0.01533985 val_mse=0.01152316 val_mae=0.06701873
[worker1/operator_burgers_student_lift_v2_gpu0] [operator_burgers_student_lift_v2/ctrl_ft_lr4e4] [operator][epoch 013] lambda=0.0000 train_mse=0.01329197 val_mse=0.01660893 val_mae=0.08202110
[worker1/operator_burgers_student_lift_v2_gpu0] [operator_burgers_student_lift_v2/ctrl_ft_lr4e4] [operator][epoch 014] lambda=0.0000 train_mse=0.01313733 val_mse=0.01092533 val_mae=0.06552680
[worker1/operator_burgers_student_lift_v2_gpu0] [operator_burgers_student_lift_v2/ctrl_ft_lr4e4] [operator][epoch 015] lambda=0.0000 train_mse=0.01136382 val_mse=0.01094295 val_mae=0.06737871
[worker1/operator_burgers_student_lift_v2_gpu0] [operator_burgers_student_lift_v2/ctrl_ft_lr4e4] [operator][epoch 016] lambda=0.0000 train_mse=0.01214181 val_mse=0.01276717 val_mae=0.07134415
[worker1/operator_burgers_student_lift_v2_gpu0] [operator_burgers_student_lift_v2/ctrl_ft_lr4e4] [operator][epoch 017] lambda=0.0000 train_mse=0.01338007 val_mse=0.01416872 val_mae=0.08039659
[worker1/operator_burgers_student_lift_v2_gpu0] [operator_burgers_student_lift_v2/ctrl_ft_lr4e4] [operator][epoch 018] lambda=0.0000 train_mse=0.01169455 val_mse=0.01078610 val_mae=0.06699005
[worker1/operator_burgers_student_lift_v2_gpu0] [operator_burgers_student_lift_v2/ctrl_ft_lr4e4] [operator][epoch 019] lambda=0.0000 train_mse=0.01038945 val_mse=0.01123777 val_mae=0.06685686
[worker1/operator_burgers_student_lift_v2_gpu0] [operator_burgers_student_lift_v2/ctrl_ft_lr4e4] [operator][epoch 020] lambda=0.0000 train_mse=0.00986280 val_mse=0.01384210 val_mae=0.07542168
[worker1/operator_burgers_student_lift_v2_gpu0] [operator_burgers_student_lift_v2/ctrl_ft_lr4e4] [operator][epoch 020] updated live plot
[worker1/operator_burgers_student_lift_v2_gpu0] [operator_burgers_student_lift_v2/ctrl_ft_lr4e4] [operator][epoch 021] lambda=0.0000 train_mse=0.01041259 val_mse=0.00956451 val_mae=0.06140312
[worker1/operator_burgers_student_lift_v2_gpu0] [operator_burgers_student_lift_v2/ctrl_ft_lr4e4] [operator][epoch 022] lambda=0.0000 train_mse=0.01141519 val_mse=0.01132550 val_mae=0.06676602
[worker1/operator_burgers_student_lift_v2_gpu0] [operator_burgers_student_lift_v2/ctrl_ft_lr4e4] [operator][epoch 023] lambda=0.0000 train_mse=0.01203998 val_mse=0.01032956 val_mae=0.06806373
[worker1/operator_burgers_student_lift_v2_gpu0] [operator_burgers_student_lift_v2/ctrl_ft_lr4e4] [operator][epoch 024] lambda=0.0000 train_mse=0.01664955 val_mse=0.02178320 val_mae=0.09273100
[worker1/operator_burgers_student_lift_v2_gpu0] [operator_burgers_student_lift_v2/ctrl_ft_lr4e4] [operator][epoch 025] lambda=0.0000 train_mse=0.01524005 val_mse=0.01135223 val_mae=0.06855191
[worker1/operator_burgers_student_lift_v2_gpu0] [operator_burgers_student_lift_v2/ctrl_ft_lr4e4] [operator][epoch 026] lambda=0.0000 train_mse=0.01019343 val_mse=0.00982992 val_mae=0.06320910
[worker1/operator_burgers_student_lift_v2_gpu0] [operator_burgers_student_lift_v2/ctrl_ft_lr4e4] [operator][epoch 027] lambda=0.0000 train_mse=0.01052283 val_mse=0.01472025 val_mae=0.07841125
[worker1/operator_burgers_student_lift_v2_gpu0] [operator_burgers_student_lift_v2/ctrl_ft_lr4e4] [operator][epoch 028] lambda=0.0000 train_mse=0.01439711 val_mse=0.01130216 val_mae=0.06973209
[worker1/operator_burgers_student_lift_v2_gpu0] [operator_burgers_student_lift_v2/ctrl_ft_lr4e4] [operator][epoch 029] lambda=0.0000 train_mse=0.01021313 val_mse=0.01045407 val_mae=0.06403810
[worker1/operator_burgers_student_lift_v2_gpu0] [operator_burgers_student_lift_v2/ctrl_ft_lr4e4] [operator][epoch 030] lambda=0.0000 train_mse=0.01139672 val_mse=0.01141742 val_mae=0.06933854
[worker1/operator_burgers_student_lift_v2_gpu0] [operator_burgers_student_lift_v2/ctrl_ft_lr4e4] [operator][epoch 031] lambda=0.0000 train_mse=0.00969651 val_mse=0.00907277 val_mae=0.06035789
[worker1/operator_burgers_student_lift_v2_gpu0] [operator_burgers_student_lift_v2/ctrl_ft_lr4e4] [operator][epoch 032] lambda=0.0000 train_mse=0.00879324 val_mse=0.00938938 val_mae=0.06246041
[worker1/operator_darcy_student_lift_v2_gpu1] [operator_darcy_student_lift_v2/ctrl_ft_lr2e4] [operator][epoch 074] lambda=0.0000 train_mse=0.00885769 val_mse=0.01487386 val_mae=0.09026530
[worker1/operator_darcy_student_lift_v2_gpu1] [operator_darcy_student_lift_v2/ctrl_ft_lr2e4] [operator][epoch 075] lambda=0.0000 train_mse=0.00713251 val_mse=0.01445542 val_mae=0.08900192
[worker1/operator_darcy_student_lift_v2_gpu1] [operator_darcy_student_lift_v2/ctrl_ft_lr2e4] [operator][epoch 076] lambda=0.0000 train_mse=0.00735413 val_mse=0.01487168 val_mae=0.09028153
[worker1/operator_darcy_student_lift_v2_gpu1] [operator_darcy_student_lift_v2/ctrl_ft_lr2e4] [operator][epoch 077] lambda=0.0000 train_mse=0.00729773 val_mse=0.01477501 val_mae=0.08905254
[worker1/operator_darcy_student_lift_v2_gpu1] [operator_darcy_student_lift_v2/ctrl_ft_lr2e4] [operator][epoch 078] lambda=0.0000 train_mse=0.00707020 val_mse=0.01501009 val_mae=0.09058592
[worker1/operator_darcy_student_lift_v2_gpu1] [operator_darcy_student_lift_v2/ctrl_ft_lr2e4] [operator][epoch 079] lambda=0.0000 train_mse=0.00705126 val_mse=0.01368857 val_mae=0.08609317
[worker1/operator_darcy_student_lift_v2_gpu1] [operator_darcy_student_lift_v2/ctrl_ft_lr2e4] [operator][epoch 080] lambda=0.0000 train_mse=0.00635717 val_mse=0.01411994 val_mae=0.08711691
[worker1/operator_darcy_student_lift_v2_gpu1] [operator_darcy_student_lift_v2/ctrl_ft_lr2e4] [operator][epoch 080] updated live plot
[worker1/operator_darcy_student_lift_v2_gpu1] [operator_darcy_student_lift_v2/ctrl_ft_lr2e4] [operator][epoch 081] lambda=0.0000 train_mse=0.00646172 val_mse=0.01391127 val_mae=0.08621361
[worker1/operator_darcy_student_lift_v2_gpu1] [operator_darcy_student_lift_v2/ctrl_ft_lr2e4] [operator][epoch 082] lambda=0.0000 train_mse=0.00630940 val_mse=0.01410490 val_mae=0.08723387
[worker1/operator_darcy_student_lift_v2_gpu1] [operator_darcy_student_lift_v2/ctrl_ft_lr2e4] [operator][epoch 083] lambda=0.0000 train_mse=0.00661558 val_mse=0.01427556 val_mae=0.08815865
[worker1/operator_darcy_student_lift_v2_gpu1] [operator_darcy_student_lift_v2/ctrl_ft_lr2e4] [operator][epoch 084] lambda=0.0000 train_mse=0.00619030 val_mse=0.01375659 val_mae=0.08615353
[worker1/operator_darcy_student_lift_v2_gpu1] [operator_darcy_student_lift_v2/ctrl_ft_lr2e4] [operator][epoch 085] lambda=0.0000 train_mse=0.00631209 val_mse=0.01500211 val_mae=0.09048231
[worker1/operator_darcy_student_lift_v2_gpu1] [operator_darcy_student_lift_v2/ctrl_ft_lr2e4] [operator][epoch 086] lambda=0.0000 train_mse=0.00647841 val_mse=0.01461254 val_mae=0.08865463
[worker1/operator_darcy_student_lift_v2_gpu1] [operator_darcy_student_lift_v2/ctrl_ft_lr2e4] [operator][epoch 087] lambda=0.0000 train_mse=0.00608998 val_mse=0.01357864 val_mae=0.08584924
[worker1/operator_darcy_student_lift_v2_gpu1] [operator_darcy_student_lift_v2/ctrl_ft_lr2e4] [operator][epoch 088] lambda=0.0000 train_mse=0.00608414 val_mse=0.01397386 val_mae=0.08622898
[worker1/operator_darcy_student_lift_v2_gpu1] [operator_darcy_student_lift_v2/ctrl_ft_lr2e4] [operator][epoch 089] lambda=0.0000 train_mse=0.00593187 val_mse=0.01371721 val_mae=0.08574294
[worker1/operator_darcy_student_lift_v2_gpu1] [operator_darcy_student_lift_v2/ctrl_ft_lr2e4] [operator][epoch 090] lambda=0.0000 train_mse=0.00619748 val_mse=0.01460412 val_mae=0.08999044
[worker1/operator_darcy_student_lift_v2_gpu1] [operator_darcy_student_lift_v2/ctrl_ft_lr2e4] [operator][epoch 091] lambda=0.0000 train_mse=0.00757453 val_mse=0.01458798 val_mae=0.08822521
[worker1/operator_darcy_student_lift_v2_gpu1] [operator_darcy_student_lift_v2/ctrl_ft_lr2e4] [operator][epoch 092] lambda=0.0000 train_mse=0.00640202 val_mse=0.01421178 val_mae=0.08759399
[worker1/operator_darcy_student_lift_v2_gpu1] [operator_darcy_student_lift_v2/ctrl_ft_lr2e4] [operator][epoch 093] lambda=0.0000 train_mse=0.00637709 val_mse=0.01411877 val_mae=0.08703155
[worker1/operator_darcy_student_lift_v2_gpu1] [operator_darcy_student_lift_v2/ctrl_ft_lr2e4] [operator][epoch 094] lambda=0.0000 train_mse=0.00593620 val_mse=0.01371632 val_mae=0.08555470
[worker1/operator_darcy_student_lift_v2_gpu1] [operator_darcy_student_lift_v2/ctrl_ft_lr2e4] [operator][epoch 095] lambda=0.0000 train_mse=0.00582818 val_mse=0.01362699 val_mae=0.08525253
[worker1/operator_darcy_student_lift_v2_gpu1] [operator_darcy_student_lift_v2/ctrl_ft_lr2e4] [operator][epoch 096] lambda=0.0000 train_mse=0.00568876 val_mse=0.01348533 val_mae=0.08528848
[worker1/operator_darcy_student_lift_v2_gpu1] [operator_darcy_student_lift_v2/ctrl_ft_lr2e4] [operator][epoch 097] lambda=0.0000 train_mse=0.00575798 val_mse=0.01324968 val_mae=0.08433437
[worker1/operator_darcy_student_lift_v2_gpu1] [operator_darcy_student_lift_v2/ctrl_ft_lr2e4] [operator][epoch 098] lambda=0.0000 train_mse=0.00565335 val_mse=0.01361828 val_mae=0.08521265
[worker1/operator_darcy_student_lift_v2_gpu1] [operator_darcy_student_lift_v2/ctrl_ft_lr2e4] [operator][epoch 099] lambda=0.0000 train_mse=0.00580646 val_mse=0.01442360 val_mae=0.08754351
[worker1/operator_darcy_student_lift_v2_gpu1] [operator_darcy_student_lift_v2/ctrl_ft_lr2e4] [operator][epoch 100] lambda=0.0000 train_mse=0.00622259 val_mse=0.01414269 val_mae=0.08656764
[worker1/operator_darcy_student_lift_v2_gpu1] [operator_darcy_student_lift_v2/ctrl_ft_lr2e4] [operator][epoch 100] updated live plot
[worker1/operator_burgers_student_lift_v2_gpu0] [operator_burgers_student_lift_v2/ctrl_ft_lr4e4] [operator][epoch 033] lambda=0.0000 train_mse=0.00933487 val_mse=0.01098153 val_mae=0.06956472
[worker1/operator_burgers_student_lift_v2_gpu0] [operator_burgers_student_lift_v2/ctrl_ft_lr4e4] [operator][epoch 034] lambda=0.0000 train_mse=0.00893582 val_mse=0.00945798 val_mae=0.06042830
[worker1/operator_burgers_student_lift_v2_gpu0] [operator_burgers_student_lift_v2/ctrl_ft_lr4e4] [operator][epoch 035] lambda=0.0000 train_mse=0.00875671 val_mse=0.01214517 val_mae=0.07006304
[worker1/operator_burgers_student_lift_v2_gpu0] [operator_burgers_student_lift_v2/ctrl_ft_lr4e4] [operator][epoch 036] lambda=0.0000 train_mse=0.01237847 val_mse=0.01415716 val_mae=0.08530986
[worker1/operator_burgers_student_lift_v2_gpu0] [operator_burgers_student_lift_v2/ctrl_ft_lr4e4] [operator][epoch 037] lambda=0.0000 train_mse=0.01271789 val_mse=0.01085710 val_mae=0.07040525
[worker1/operator_burgers_student_lift_v2_gpu0] [operator_burgers_student_lift_v2/ctrl_ft_lr4e4] [operator][epoch 038] lambda=0.0000 train_mse=0.00890767 val_mse=0.00874159 val_mae=0.05782229
[worker1/operator_burgers_student_lift_v2_gpu0] [operator_burgers_student_lift_v2/ctrl_ft_lr4e4] [operator][epoch 039] lambda=0.0000 train_mse=0.00877824 val_mse=0.00820312 val_mae=0.05620977
[worker1/operator_burgers_student_lift_v2_gpu0] [operator_burgers_student_lift_v2/ctrl_ft_lr4e4] [operator][epoch 040] lambda=0.0000 train_mse=0.00758342 val_mse=0.00757406 val_mae=0.05540626
[worker1/operator_burgers_student_lift_v2_gpu0] [operator_burgers_student_lift_v2/ctrl_ft_lr4e4] [operator][epoch 040] updated live plot
[worker1/operator_burgers_student_lift_v2_gpu0] [operator_burgers_student_lift_v2/ctrl_ft_lr4e4] [operator][epoch 041] lambda=0.0000 train_mse=0.00740568 val_mse=0.00805756 val_mae=0.05747859
[worker1/operator_burgers_student_lift_v2_gpu0] [operator_burgers_student_lift_v2/ctrl_ft_lr4e4] [operator][epoch 042] lambda=0.0000 train_mse=0.00776361 val_mse=0.00833578 val_mae=0.05689339
[worker1/operator_burgers_student_lift_v2_gpu0] [operator_burgers_student_lift_v2/ctrl_ft_lr4e4] [operator][epoch 043] lambda=0.0000 train_mse=0.00798022 val_mse=0.00794212 val_mae=0.05713418
[worker1/operator_burgers_student_lift_v2_gpu0] [operator_burgers_student_lift_v2/ctrl_ft_lr4e4] [operator][epoch 044] lambda=0.0000 train_mse=0.00768498 val_mse=0.00866975 val_mae=0.05973500
[worker1/operator_burgers_student_lift_v2_gpu0] [operator_burgers_student_lift_v2/ctrl_ft_lr4e4] [operator][epoch 045] lambda=0.0000 train_mse=0.00697107 val_mse=0.00817021 val_mae=0.05705979
[worker1/operator_burgers_student_lift_v2_gpu0] [operator_burgers_student_lift_v2/ctrl_ft_lr4e4] [operator][epoch 046] lambda=0.0000 train_mse=0.00773601 val_mse=0.00941573 val_mae=0.06498309
[worker1/operator_burgers_student_lift_v2_gpu0] [operator_burgers_student_lift_v2/ctrl_ft_lr4e4] [operator][epoch 047] lambda=0.0000 train_mse=0.01040207 val_mse=0.01177675 val_mae=0.07600958
[worker1/operator_burgers_student_lift_v2_gpu0] [operator_burgers_student_lift_v2/ctrl_ft_lr4e4] [operator][epoch 048] lambda=0.0000 train_mse=0.00902384 val_mse=0.00826178 val_mae=0.05565570
[worker1/operator_burgers_student_lift_v2_gpu0] [operator_burgers_student_lift_v2/ctrl_ft_lr4e4] [operator][epoch 049] lambda=0.0000 train_mse=0.00774808 val_mse=0.00818006 val_mae=0.05783222
[worker1/operator_burgers_student_lift_v2_gpu0] [operator_burgers_student_lift_v2/ctrl_ft_lr4e4] [operator][epoch 050] lambda=0.0000 train_mse=0.00704395 val_mse=0.00911899 val_mae=0.06147592
[worker1/operator_burgers_student_lift_v2_gpu0] [operator_burgers_student_lift_v2/ctrl_ft_lr4e4] [operator][epoch 051] lambda=0.0000 train_mse=0.00754880 val_mse=0.00669820 val_mae=0.05026108
[worker1/operator_burgers_student_lift_v2_gpu0] [operator_burgers_student_lift_v2/ctrl_ft_lr4e4] [operator][epoch 052] lambda=0.0000 train_mse=0.00947653 val_mse=0.01022223 val_mae=0.06752823
[worker1/operator_burgers_student_lift_v2_gpu0] [operator_burgers_student_lift_v2/ctrl_ft_lr4e4] [operator][epoch 053] lambda=0.0000 train_mse=0.00923981 val_mse=0.00947143 val_mae=0.06326196
[worker1/operator_burgers_student_lift_v2_gpu0] [operator_burgers_student_lift_v2/ctrl_ft_lr4e4] [operator][epoch 054] lambda=0.0000 train_mse=0.00928117 val_mse=0.00929802 val_mae=0.06303820
[worker1/operator_burgers_student_lift_v2_gpu0] [operator_burgers_student_lift_v2/ctrl_ft_lr4e4] [operator][epoch 055] lambda=0.0000 train_mse=0.01103963 val_mse=0.01050326 val_mae=0.07072912
[worker1/operator_burgers_student_lift_v2_gpu0] [operator_burgers_student_lift_v2/ctrl_ft_lr4e4] [operator][epoch 056] lambda=0.0000 train_mse=0.00828560 val_mse=0.00700178 val_mae=0.05282333
[worker1/operator_burgers_student_lift_v2_gpu0] [operator_burgers_student_lift_v2/ctrl_ft_lr4e4] [operator][epoch 057] lambda=0.0000 train_mse=0.00674228 val_mse=0.00670417 val_mae=0.05229404
[worker1/operator_burgers_student_lift_v2_gpu0] [operator_burgers_student_lift_v2/ctrl_ft_lr4e4] [operator][epoch 058] lambda=0.0000 train_mse=0.00766876 val_mse=0.00971442 val_mae=0.06367640
[worker1/operator_burgers_student_lift_v2_gpu0] [operator_burgers_student_lift_v2/ctrl_ft_lr4e4] [operator][epoch 059] lambda=0.0000 train_mse=0.00721402 val_mse=0.00621542 val_mae=0.04703470
[worker1/operator_burgers_student_lift_v2_gpu0] [operator_burgers_student_lift_v2/ctrl_ft_lr4e4] [operator][epoch 060] lambda=0.0000 train_mse=0.00636500 val_mse=0.00626697 val_mae=0.04803708
[worker1/operator_burgers_student_lift_v2_gpu0] [operator_burgers_student_lift_v2/ctrl_ft_lr4e4] [operator][epoch 060] updated live plot
[worker1/operator_burgers_student_lift_v2_gpu0] [operator_burgers_student_lift_v2/ctrl_ft_lr4e4] [operator][epoch 061] lambda=0.0000 train_mse=0.00589354 val_mse=0.00601164 val_mae=0.04827314
[worker1/operator_burgers_student_lift_v2_gpu0] [operator_burgers_student_lift_v2/ctrl_ft_lr4e4] [operator][epoch 062] lambda=0.0000 train_mse=0.00585712 val_mse=0.00698203 val_mae=0.04846598
[worker1/operator_burgers_student_lift_v2_gpu0] [operator_burgers_student_lift_v2/ctrl_ft_lr4e4] [operator][epoch 063] lambda=0.0000 train_mse=0.00646883 val_mse=0.00800604 val_mae=0.05680175
[worker1/operator_burgers_student_lift_v2_gpu0] [operator_burgers_student_lift_v2/ctrl_ft_lr4e4] [operator][epoch 064] lambda=0.0000 train_mse=0.00840876 val_mse=0.00946292 val_mae=0.06245976
[worker1/operator_burgers_student_lift_v2_gpu0] [operator_burgers_student_lift_v2/ctrl_ft_lr4e4] [operator][epoch 065] lambda=0.0000 train_mse=0.01423751 val_mse=0.01467091 val_mae=0.08404583
[worker1/operator_burgers_student_lift_v2_gpu0] [operator_burgers_student_lift_v2/ctrl_ft_lr4e4] [operator][epoch 066] lambda=0.0000 train_mse=0.01163770 val_mse=0.00937616 val_mae=0.06433052
[worker1/operator_burgers_student_lift_v2_gpu0] [operator_burgers_student_lift_v2/ctrl_ft_lr4e4] [operator][epoch 067] lambda=0.0000 train_mse=0.00737512 val_mse=0.00737643 val_mae=0.05305560
[worker1/operator_burgers_student_lift_v2_gpu0] [operator_burgers_student_lift_v2/ctrl_ft_lr4e4] [operator][epoch 068] lambda=0.0000 train_mse=0.00644480 val_mse=0.00562658 val_mae=0.04428431
[worker1/operator_burgers_student_lift_v2_gpu0] [operator_burgers_student_lift_v2/ctrl_ft_lr4e4] [operator][epoch 069] lambda=0.0000 train_mse=0.00561886 val_mse=0.00530250 val_mae=0.04321231
[worker1/operator_burgers_student_lift_v2_gpu0] [operator_burgers_student_lift_v2/ctrl_ft_lr4e4] [operator][epoch 070] lambda=0.0000 train_mse=0.00663848 val_mse=0.00554927 val_mae=0.04479307
[worker1/operator_burgers_student_lift_v2_gpu0] [operator_burgers_student_lift_v2/ctrl_ft_lr4e4] [operator][epoch 071] lambda=0.0000 train_mse=0.00740230 val_mse=0.00699075 val_mae=0.05288400
[worker1/operator_burgers_student_lift_v2_gpu0] [operator_burgers_student_lift_v2/ctrl_ft_lr4e4] [operator][epoch 072] lambda=0.0000 train_mse=0.00571096 val_mse=0.00577726 val_mae=0.04625216
[worker1/operator_burgers_student_lift_v2_gpu0] [operator_burgers_student_lift_v2/ctrl_ft_lr4e4] [operator][epoch 073] lambda=0.0000 train_mse=0.00524854 val_mse=0.00581991 val_mae=0.04595724
[worker1/operator_burgers_student_lift_v2_gpu0] [operator_burgers_student_lift_v2/ctrl_ft_lr4e4] [operator][epoch 074] lambda=0.0000 train_mse=0.00601343 val_mse=0.00671358 val_mae=0.05059170
[worker1/operator_burgers_student_lift_v2_gpu0] [operator_burgers_student_lift_v2/ctrl_ft_lr4e4] [operator][epoch 075] lambda=0.0000 train_mse=0.00601704 val_mse=0.00718270 val_mae=0.05343667
[worker1/operator_burgers_student_lift_v2_gpu0] [operator_burgers_student_lift_v2/ctrl_ft_lr4e4] [operator][epoch 076] lambda=0.0000 train_mse=0.00546986 val_mse=0.00562743 val_mae=0.04379800
[worker1/operator_burgers_student_lift_v2_gpu0] [operator_burgers_student_lift_v2/ctrl_ft_lr4e4] [operator][epoch 077] lambda=0.0000 train_mse=0.00575457 val_mse=0.00572141 val_mae=0.04611230
[worker1/operator_burgers_student_lift_v2_gpu0] [operator_burgers_student_lift_v2/ctrl_ft_lr4e4] [operator][epoch 078] lambda=0.0000 train_mse=0.00541538 val_mse=0.00574834 val_mae=0.04708319
[worker1/operator_burgers_student_lift_v2_gpu0] [operator_burgers_student_lift_v2/ctrl_ft_lr4e4] [operator][epoch 079] lambda=0.0000 train_mse=0.00694973 val_mse=0.00867972 val_mae=0.05734515
[worker1/operator_burgers_student_lift_v2_gpu0] [operator_burgers_student_lift_v2/ctrl_ft_lr4e4] [operator][epoch 080] lambda=0.0000 train_mse=0.00838684 val_mse=0.00781684 val_mae=0.06042052
[worker1/operator_burgers_student_lift_v2_gpu0] [operator_burgers_student_lift_v2/ctrl_ft_lr4e4] [operator][epoch 080] updated live plot
[worker1/operator_burgers_student_lift_v2_gpu0] [operator_burgers_student_lift_v2/ctrl_ft_lr4e4] [operator][epoch 081] lambda=0.0000 train_mse=0.00835713 val_mse=0.00713276 val_mae=0.05539355
[worker1/operator_burgers_student_lift_v2_gpu0] [operator_burgers_student_lift_v2/ctrl_ft_lr4e4] [operator][epoch 082] lambda=0.0000 train_mse=0.00711574 val_mse=0.00705189 val_mae=0.05383502
[worker1/operator_burgers_student_lift_v2_gpu0] [operator_burgers_student_lift_v2/ctrl_ft_lr4e4] [operator][epoch 083] lambda=0.0000 train_mse=0.00667036 val_mse=0.00705337 val_mae=0.05485509
[worker1/operator_burgers_student_lift_v2_gpu0] [operator_burgers_student_lift_v2/ctrl_ft_lr4e4] [operator][epoch 084] lambda=0.0000 train_mse=0.00773372 val_mse=0.00932248 val_mae=0.06490008
[worker1/operator_burgers_student_lift_v2_gpu0] [operator_burgers_student_lift_v2/ctrl_ft_lr4e4] [operator][epoch 085] lambda=0.0000 train_mse=0.00708038 val_mse=0.00679026 val_mae=0.05071898
[worker1/operator_burgers_student_lift_v2_gpu0] [operator_burgers_student_lift_v2/ctrl_ft_lr4e4] [operator][epoch 086] lambda=0.0000 train_mse=0.00779742 val_mse=0.00717923 val_mae=0.05407217
[worker1/operator_burgers_student_lift_v2_gpu0] [operator_burgers_student_lift_v2/ctrl_ft_lr4e4] [operator][epoch 087] lambda=0.0000 train_mse=0.00644473 val_mse=0.00787173 val_mae=0.05798735
[worker1/operator_burgers_student_lift_v2_gpu0] [operator_burgers_student_lift_v2/ctrl_ft_lr4e4] [operator][epoch 088] lambda=0.0000 train_mse=0.00753401 val_mse=0.00766319 val_mae=0.05828884
[worker1/operator_burgers_student_lift_v2_gpu0] [operator_burgers_student_lift_v2/ctrl_ft_lr4e4] [operator][epoch 089] lambda=0.0000 train_mse=0.00627030 val_mse=0.00529681 val_mae=0.04359419
[worker1/operator_burgers_student_lift_v2_gpu0] [operator_burgers_student_lift_v2/ctrl_ft_lr4e4] [operator][epoch 090] lambda=0.0000 train_mse=0.00512175 val_mse=0.00628137 val_mae=0.04722635
[worker1/operator_burgers_student_lift_v2_gpu0] [operator_burgers_student_lift_v2/ctrl_ft_lr4e4] [operator][epoch 091] lambda=0.0000 train_mse=0.00521519 val_mse=0.00512916 val_mae=0.04342503
[worker1/operator_burgers_student_lift_v2_gpu0] [operator_burgers_student_lift_v2/ctrl_ft_lr4e4] [operator][epoch 092] lambda=0.0000 train_mse=0.00476497 val_mse=0.00479765 val_mae=0.04040815
[worker1/operator_burgers_student_lift_v2_gpu0] [operator_burgers_student_lift_v2/ctrl_ft_lr4e4] [operator][epoch 093] lambda=0.0000 train_mse=0.00512737 val_mse=0.00696509 val_mae=0.05469013
[worker1/operator_burgers_student_lift_v2_gpu0] [operator_burgers_student_lift_v2/ctrl_ft_lr4e4] [operator][epoch 094] lambda=0.0000 train_mse=0.00738702 val_mse=0.00640044 val_mae=0.05272109
[worker1/operator_burgers_student_lift_v2_gpu0] [operator_burgers_student_lift_v2/ctrl_ft_lr4e4] [operator][epoch 095] lambda=0.0000 train_mse=0.00680921 val_mse=0.00574727 val_mae=0.04632181
[worker1/operator_burgers_student_lift_v2_gpu0] [operator_burgers_student_lift_v2/ctrl_ft_lr4e4] [operator][epoch 096] lambda=0.0000 train_mse=0.00738924 val_mse=0.00840609 val_mae=0.06191106
[worker1/operator_burgers_student_lift_v2_gpu0] [operator_burgers_student_lift_v2/ctrl_ft_lr4e4] [operator][epoch 097] lambda=0.0000 train_mse=0.00717152 val_mse=0.00560471 val_mae=0.04635322
[worker1/operator_burgers_student_lift_v2_gpu0] [operator_burgers_student_lift_v2/ctrl_ft_lr4e4] [operator][epoch 098] lambda=0.0000 train_mse=0.00708723 val_mse=0.00594973 val_mae=0.04707390
[worker1/operator_burgers_student_lift_v2_gpu0] [operator_burgers_student_lift_v2/ctrl_ft_lr4e4] [operator][epoch 099] lambda=0.0000 train_mse=0.00559140 val_mse=0.00607225 val_mae=0.04872032
[worker1/operator_burgers_student_lift_v2_gpu0] [operator_burgers_student_lift_v2/ctrl_ft_lr4e4] [operator][epoch 100] lambda=0.0000 train_mse=0.00616238 val_mse=0.00580845 val_mae=0.04707696
[worker1/operator_burgers_student_lift_v2_gpu0] [operator_burgers_student_lift_v2/ctrl_ft_lr4e4] [operator][epoch 100] updated live plot
[worker1/operator_burgers_student_lift_v2_gpu0] [operator_burgers_student_lift_v2/ctrl_ft_lr4e4] [operator][epoch 101] lambda=0.0000 train_mse=0.00558416 val_mse=0.00589917 val_mae=0.04774711
[worker1/operator_burgers_student_lift_v2_gpu0] [operator_burgers_student_lift_v2/ctrl_ft_lr4e4] [operator][epoch 102] lambda=0.0000 train_mse=0.00628186 val_mse=0.00717290 val_mae=0.05603207
[worker1/operator_burgers_student_lift_v2_gpu0] [operator_burgers_student_lift_v2/ctrl_ft_lr4e4] [operator][epoch 103] lambda=0.0000 train_mse=0.00754741 val_mse=0.00695443 val_mae=0.05470050
[worker1/operator_burgers_student_lift_v2_gpu0] [operator_burgers_student_lift_v2/ctrl_ft_lr4e4] [operator][epoch 104] lambda=0.0000 train_mse=0.00714272 val_mse=0.00740270 val_mae=0.05544538
[worker1/operator_burgers_student_lift_v2_gpu0] [operator_burgers_student_lift_v2/ctrl_ft_lr4e4] [operator][epoch 105] lambda=0.0000 train_mse=0.00586175 val_mse=0.00520651 val_mae=0.04267968
[worker1/operator_burgers_student_lift_v2_gpu0] [operator_burgers_student_lift_v2/ctrl_ft_lr4e4] [operator][epoch 106] lambda=0.0000 train_mse=0.00493351 val_mse=0.00554848 val_mae=0.04353233
[worker1/operator_burgers_student_lift_v2_gpu0] [operator_burgers_student_lift_v2/ctrl_ft_lr4e4] [operator][epoch 107] lambda=0.0000 train_mse=0.00822553 val_mse=0.00614245 val_mae=0.04852070
[worker1/operator_burgers_student_lift_v2_gpu0] [operator_burgers_student_lift_v2/ctrl_ft_lr4e4] [operator][epoch 108] lambda=0.0000 train_mse=0.00682254 val_mse=0.00629815 val_mae=0.04861406
[worker1/operator_burgers_student_lift_v2_gpu0] [operator_burgers_student_lift_v2/ctrl_ft_lr4e4] [operator][epoch 109] lambda=0.0000 train_mse=0.00557273 val_mse=0.00773869 val_mae=0.05533175
[worker1/operator_burgers_student_lift_v2_gpu0] [operator_burgers_student_lift_v2/ctrl_ft_lr4e4] [operator][epoch 110] lambda=0.0000 train_mse=0.00684214 val_mse=0.00533085 val_mae=0.04399035
[worker1/operator_burgers_student_lift_v2_gpu0] [operator_burgers_student_lift_v2/ctrl_ft_lr4e4] [operator][epoch 111] lambda=0.0000 train_mse=0.00583485 val_mse=0.01211545 val_mae=0.07169116
[worker1/operator_burgers_student_lift_v2_gpu0] [operator_burgers_student_lift_v2/ctrl_ft_lr4e4] [operator][epoch 112] lambda=0.0000 train_mse=0.00970156 val_mse=0.00880413 val_mae=0.06101405
[worker1/operator_burgers_student_lift_v2_gpu0] [operator_burgers_student_lift_v2/ctrl_ft_lr4e4] [operator][epoch 113] lambda=0.0000 train_mse=0.00615292 val_mse=0.00578415 val_mae=0.04667281
[worker1/operator_burgers_student_lift_v2_gpu0] [operator_burgers_student_lift_v2/ctrl_ft_lr4e4] [operator][epoch 114] lambda=0.0000 train_mse=0.00586552 val_mse=0.00503761 val_mae=0.04174432
[worker1/operator_burgers_student_lift_v2_gpu0] [operator_burgers_student_lift_v2/ctrl_ft_lr4e4] [operator][epoch 115] lambda=0.0000 train_mse=0.00518307 val_mse=0.00552975 val_mae=0.04481214
[worker1/operator_burgers_student_lift_v2_gpu0] [operator_burgers_student_lift_v2/ctrl_ft_lr4e4] [operator][epoch 116] lambda=0.0000 train_mse=0.00720600 val_mse=0.00654678 val_mae=0.05422953
[worker1/operator_burgers_student_lift_v2_gpu0] [operator_burgers_student_lift_v2/ctrl_ft_lr4e4] [operator][epoch 117] lambda=0.0000 train_mse=0.00568182 val_mse=0.00587320 val_mae=0.04577650
[worker1/operator_burgers_student_lift_v2_gpu0] [operator_burgers_student_lift_v2/ctrl_ft_lr4e4] [operator][epoch 118] lambda=0.0000 train_mse=0.00478568 val_mse=0.00483958 val_mae=0.04046739
[worker1/operator_burgers_student_lift_v2_gpu0] [operator_burgers_student_lift_v2/ctrl_ft_lr4e4] [operator][epoch 119] lambda=0.0000 train_mse=0.00623542 val_mse=0.00858509 val_mae=0.05894700
[worker1/operator_burgers_student_lift_v2_gpu0] [operator_burgers_student_lift_v2/ctrl_ft_lr4e4] [operator][epoch 120] lambda=0.0000 train_mse=0.00714008 val_mse=0.00613428 val_mae=0.04974498
[worker1/operator_burgers_student_lift_v2_gpu0] [operator_burgers_student_lift_v2/ctrl_ft_lr4e4] [operator][epoch 120] updated live plot
[worker1/operator_burgers_student_lift_v2_gpu0] [operator_burgers_student_lift_v2/ctrl_ft_lr4e4] [operator][epoch 121] lambda=0.0000 train_mse=0.00498262 val_mse=0.00528979 val_mae=0.04366302
[worker1/operator_burgers_student_lift_v2_gpu0] [operator_burgers_student_lift_v2/ctrl_ft_lr4e4] [operator][epoch 122] lambda=0.0000 train_mse=0.00492184 val_mse=0.00565175 val_mae=0.04704598
[worker1/operator_burgers_student_lift_v2_gpu0] [operator_burgers_student_lift_v2/ctrl_ft_lr4e4] [operator][epoch 123] lambda=0.0000 train_mse=0.00553862 val_mse=0.00693125 val_mae=0.05239947
[worker1/operator_burgers_student_lift_v2_gpu0] [operator_burgers_student_lift_v2/ctrl_ft_lr4e4] [operator][epoch 124] lambda=0.0000 train_mse=0.00567057 val_mse=0.00545363 val_mae=0.04506936
[worker1/operator_burgers_student_lift_v2_gpu0] [operator_burgers_student_lift_v2/ctrl_ft_lr4e4] [operator][epoch 125] lambda=0.0000 train_mse=0.00470342 val_mse=0.00496184 val_mae=0.04351356
[worker1/operator_burgers_student_lift_v2_gpu0] [operator_burgers_student_lift_v2/ctrl_ft_lr4e4] [operator][epoch 126] lambda=0.0000 train_mse=0.00415083 val_mse=0.00422346 val_mae=0.03694880
[worker1/operator_burgers_student_lift_v2_gpu0] [operator_burgers_student_lift_v2/ctrl_ft_lr4e4] [operator][epoch 127] lambda=0.0000 train_mse=0.00409869 val_mse=0.00426766 val_mae=0.03754403
[worker1/operator_burgers_student_lift_v2_gpu0] [operator_burgers_student_lift_v2/ctrl_ft_lr4e4] [operator][epoch 128] lambda=0.0000 train_mse=0.00413804 val_mse=0.00458551 val_mae=0.03966517
[worker1/operator_burgers_student_lift_v2_gpu0] [operator_burgers_student_lift_v2/ctrl_ft_lr4e4] [operator][epoch 129] lambda=0.0000 train_mse=0.00416576 val_mse=0.00437900 val_mae=0.03767826
[worker1/operator_burgers_student_lift_v2_gpu0] [operator_burgers_student_lift_v2/ctrl_ft_lr4e4] [operator][epoch 130] lambda=0.0000 train_mse=0.00478721 val_mse=0.00516197 val_mae=0.04240915
[worker1/operator_burgers_student_lift_v2_gpu0] [operator_burgers_student_lift_v2/ctrl_ft_lr4e4] [operator][epoch 131] lambda=0.0000 train_mse=0.00527710 val_mse=0.00558055 val_mae=0.04677434
[worker1/operator_burgers_student_lift_v2_gpu0] [operator_burgers_student_lift_v2/ctrl_ft_lr4e4] [operator][epoch 132] lambda=0.0000 train_mse=0.00494167 val_mse=0.00538399 val_mae=0.04476549
[worker1/operator_burgers_student_lift_v2_gpu0] [operator_burgers_student_lift_v2/ctrl_ft_lr4e4] [operator][epoch 133] lambda=0.0000 train_mse=0.00547820 val_mse=0.00683140 val_mae=0.05203685
[worker1/operator_burgers_student_lift_v2_gpu0] [operator_burgers_student_lift_v2/ctrl_ft_lr4e4] [operator][epoch 134] lambda=0.0000 train_mse=0.00557758 val_mse=0.00527403 val_mae=0.04351851
[worker1/operator_burgers_student_lift_v2_gpu0] [operator_burgers_student_lift_v2/ctrl_ft_lr4e4] [operator][epoch 135] lambda=0.0000 train_mse=0.00571872 val_mse=0.00503741 val_mae=0.04353047
[worker1/operator_burgers_student_lift_v2_gpu0] [operator_burgers_student_lift_v2/ctrl_ft_lr4e4] [operator][epoch 136] lambda=0.0000 train_mse=0.00514136 val_mse=0.00553820 val_mae=0.04514479
[worker1/operator_burgers_student_lift_v2_gpu0] [operator_burgers_student_lift_v2/ctrl_ft_lr4e4] [operator][epoch 137] lambda=0.0000 train_mse=0.00458136 val_mse=0.00459457 val_mae=0.04089204
[worker1/operator_burgers_student_lift_v2_gpu0] [operator_burgers_student_lift_v2/ctrl_ft_lr4e4] [operator][epoch 138] lambda=0.0000 train_mse=0.00417106 val_mse=0.00594149 val_mae=0.04781656
[worker1/operator_burgers_student_lift_v2_gpu0] [operator_burgers_student_lift_v2/ctrl_ft_lr4e4] [operator][epoch 139] lambda=0.0000 train_mse=0.00705896 val_mse=0.00867553 val_mae=0.06122942
[worker1/operator_burgers_student_lift_v2_gpu0] [operator_burgers_student_lift_v2/ctrl_ft_lr4e4] [operator][epoch 140] lambda=0.0000 train_mse=0.00646554 val_mse=0.00573170 val_mae=0.04654947
[worker1/operator_burgers_student_lift_v2_gpu0] [operator_burgers_student_lift_v2/ctrl_ft_lr4e4] [operator][epoch 140] updated live plot
[worker1/operator_darcy_student_lift_v2_gpu1] [operator_darcy_student_lift_v2/ctrl_ft_lr2e4] [operator][epoch 101] lambda=0.0000 train_mse=0.00613967 val_mse=0.01430144 val_mae=0.08759850
[worker1/operator_darcy_student_lift_v2_gpu1] [operator_darcy_student_lift_v2/ctrl_ft_lr2e4] [operator][epoch 102] lambda=0.0000 train_mse=0.00696409 val_mse=0.01400005 val_mae=0.08669997
[worker1/operator_darcy_student_lift_v2_gpu1] [operator_darcy_student_lift_v2/ctrl_ft_lr2e4] [operator][epoch 103] lambda=0.0000 train_mse=0.00623167 val_mse=0.01344546 val_mae=0.08524881
[worker1/operator_darcy_student_lift_v2_gpu1] [operator_darcy_student_lift_v2/ctrl_ft_lr2e4] [operator][epoch 104] lambda=0.0000 train_mse=0.00580937 val_mse=0.01339659 val_mae=0.08471135
[worker1/operator_darcy_student_lift_v2_gpu1] [operator_darcy_student_lift_v2/ctrl_ft_lr2e4] [operator][epoch 105] lambda=0.0000 train_mse=0.00539188 val_mse=0.01313683 val_mae=0.08414528
[worker1/operator_darcy_student_lift_v2_gpu1] [operator_darcy_student_lift_v2/ctrl_ft_lr2e4] [operator][epoch 106] lambda=0.0000 train_mse=0.00577322 val_mse=0.01353225 val_mae=0.08530109
[worker1/operator_darcy_student_lift_v2_gpu1] [operator_darcy_student_lift_v2/ctrl_ft_lr2e4] [operator][epoch 107] lambda=0.0000 train_mse=0.00563387 val_mse=0.01380780 val_mae=0.08595359
[worker1/operator_darcy_student_lift_v2_gpu1] [operator_darcy_student_lift_v2/ctrl_ft_lr2e4] [operator][epoch 108] lambda=0.0000 train_mse=0.00560434 val_mse=0.01344104 val_mae=0.08492481
[worker1/operator_darcy_student_lift_v2_gpu1] [operator_darcy_student_lift_v2/ctrl_ft_lr2e4] [operator][epoch 109] lambda=0.0000 train_mse=0.00570875 val_mse=0.01357905 val_mae=0.08512079
[worker1/operator_darcy_student_lift_v2_gpu1] [operator_darcy_student_lift_v2/ctrl_ft_lr2e4] [operator][epoch 110] lambda=0.0000 train_mse=0.00574045 val_mse=0.01394202 val_mae=0.08627681
[worker1/operator_darcy_student_lift_v2_gpu1] [operator_darcy_student_lift_v2/ctrl_ft_lr2e4] [operator][epoch 110] updated live plot
[worker1/operator_darcy_student_lift_v2_gpu1] [operator_darcy_student_lift_v2/ctrl_ft_lr2e4] [operator] done
[worker1/operator_darcy_student_lift_v2_gpu1] [operator_darcy_student_lift_v2/ctrl_ft_lr2e4] [operator] dataset=darcy model=deeponet method=independent seed=1
[worker1/operator_darcy_student_lift_v2_gpu1] [operator_darcy_student_lift_v2/ctrl_ft_lr2e4] [operator] loaded init_checkpoint=results/operator_ssml_tuned_v1/operator/darcy/deeponet_independent_mse_seed1/model.pt
[worker1/operator_darcy_student_lift_v2_gpu1] [operator_darcy_student_lift_v2/ctrl_ft_lr2e4] [operator] run_dir=results/operator_darcy_student_lift_v2/ctrl_ft_lr2e4/operator/darcy/deeponet_independent_mse_seed1
[worker1/operator_darcy_student_lift_v2_gpu1] [operator_darcy_student_lift_v2/ctrl_ft_lr2e4] [operator] params=592000
[worker1/operator_darcy_student_lift_v2_gpu1] [operator_darcy_student_lift_v2/ctrl_ft_lr2e4] [operator] granularity=sample student_only=False freeze_peer=False peer_updates_disabled=False
[worker1/operator_darcy_student_lift_v2_gpu1] [operator_darcy_student_lift_v2/ctrl_ft_lr2e4] [operator][epoch 001] lambda=0.0000 train_mse=0.02087166 val_mse=0.01810858 val_mae=0.10240465
[worker1/operator_darcy_student_lift_v2_gpu1] [operator_darcy_student_lift_v2/ctrl_ft_lr2e4] [operator][epoch 002] lambda=0.0000 train_mse=0.01163589 val_mse=0.01839172 val_mae=0.10306988
[worker1/operator_darcy_student_lift_v2_gpu1] [operator_darcy_student_lift_v2/ctrl_ft_lr2e4] [operator][epoch 003] lambda=0.0000 train_mse=0.01232840 val_mse=0.01870029 val_mae=0.10465917
[worker1/operator_darcy_student_lift_v2_gpu1] [operator_darcy_student_lift_v2/ctrl_ft_lr2e4] [operator][epoch 004] lambda=0.0000 train_mse=0.01272896 val_mse=0.01983936 val_mae=0.10640510
[worker1/operator_darcy_student_lift_v2_gpu1] [operator_darcy_student_lift_v2/ctrl_ft_lr2e4] [operator][epoch 005] lambda=0.0000 train_mse=0.01169999 val_mse=0.01826293 val_mae=0.10171522
[worker1/operator_darcy_student_lift_v2_gpu1] [operator_darcy_student_lift_v2/ctrl_ft_lr2e4] [operator][epoch 006] lambda=0.0000 train_mse=0.01138326 val_mse=0.01775497 val_mae=0.10100652
[worker1/operator_darcy_student_lift_v2_gpu1] [operator_darcy_student_lift_v2/ctrl_ft_lr2e4] [operator][epoch 007] lambda=0.0000 train_mse=0.01090110 val_mse=0.01761295 val_mae=0.10036670
[worker1/operator_darcy_student_lift_v2_gpu1] [operator_darcy_student_lift_v2/ctrl_ft_lr2e4] [operator][epoch 008] lambda=0.0000 train_mse=0.01108049 val_mse=0.01751611 val_mae=0.09999920
[worker1/operator_darcy_student_lift_v2_gpu1] [operator_darcy_student_lift_v2/ctrl_ft_lr2e4] [operator][epoch 009] lambda=0.0000 train_mse=0.01143095 val_mse=0.01838190 val_mae=0.10364960
[worker1/operator_darcy_student_lift_v2_gpu1] [operator_darcy_student_lift_v2/ctrl_ft_lr2e4] [operator][epoch 010] lambda=0.0000 train_mse=0.01202692 val_mse=0.01859151 val_mae=0.10282563
[worker1/operator_darcy_student_lift_v2_gpu1] [operator_darcy_student_lift_v2/ctrl_ft_lr2e4] [operator][epoch 011] lambda=0.0000 train_mse=0.01105633 val_mse=0.01889619 val_mae=0.10414170
[worker1/operator_darcy_student_lift_v2_gpu1] [operator_darcy_student_lift_v2/ctrl_ft_lr2e4] [operator][epoch 012] lambda=0.0000 train_mse=0.01152290 val_mse=0.01858072 val_mae=0.10253011
[worker1/operator_darcy_student_lift_v2_gpu1] [operator_darcy_student_lift_v2/ctrl_ft_lr2e4] [operator][epoch 013] lambda=0.0000 train_mse=0.01200455 val_mse=0.01729269 val_mae=0.09953947
[worker1/operator_darcy_student_lift_v2_gpu1] [operator_darcy_student_lift_v2/ctrl_ft_lr2e4] [operator][epoch 014] lambda=0.0000 train_mse=0.01069721 val_mse=0.01769222 val_mae=0.10077770
[worker1/operator_darcy_student_lift_v2_gpu1] [operator_darcy_student_lift_v2/ctrl_ft_lr2e4] [operator][epoch 015] lambda=0.0000 train_mse=0.01083142 val_mse=0.01718073 val_mae=0.09913686
[worker1/operator_darcy_student_lift_v2_gpu1] [operator_darcy_student_lift_v2/ctrl_ft_lr2e4] [operator][epoch 016] lambda=0.0000 train_mse=0.01026820 val_mse=0.01946479 val_mae=0.10591545
[worker1/operator_darcy_student_lift_v2_gpu1] [operator_darcy_student_lift_v2/ctrl_ft_lr2e4] [operator][epoch 017] lambda=0.0000 train_mse=0.01058905 val_mse=0.01731019 val_mae=0.09955848
[worker1/operator_darcy_student_lift_v2_gpu1] [operator_darcy_student_lift_v2/ctrl_ft_lr2e4] [operator][epoch 018] lambda=0.0000 train_mse=0.01037159 val_mse=0.01747020 val_mae=0.09967599
[worker1/operator_darcy_student_lift_v2_gpu1] [operator_darcy_student_lift_v2/ctrl_ft_lr2e4] [operator][epoch 019] lambda=0.0000 train_mse=0.01066650 val_mse=0.01662621 val_mae=0.09708141
[worker1/operator_darcy_student_lift_v2_gpu1] [operator_darcy_student_lift_v2/ctrl_ft_lr2e4] [operator][epoch 020] lambda=0.0000 train_mse=0.01053852 val_mse=0.01696352 val_mae=0.09813066
[worker1/operator_darcy_student_lift_v2_gpu1] [operator_darcy_student_lift_v2/ctrl_ft_lr2e4] [operator][epoch 020] updated live plot
[worker1/operator_darcy_student_lift_v2_gpu1] [operator_darcy_student_lift_v2/ctrl_ft_lr2e4] [operator][epoch 021] lambda=0.0000 train_mse=0.01066418 val_mse=0.01665909 val_mae=0.09681640
[worker1/operator_darcy_student_lift_v2_gpu1] [operator_darcy_student_lift_v2/ctrl_ft_lr2e4] [operator][epoch 022] lambda=0.0000 train_mse=0.01002794 val_mse=0.01754003 val_mae=0.10054245
[worker1/operator_darcy_student_lift_v2_gpu1] [operator_darcy_student_lift_v2/ctrl_ft_lr2e4] [operator][epoch 023] lambda=0.0000 train_mse=0.00967933 val_mse=0.01647839 val_mae=0.09664683
[worker1/operator_darcy_student_lift_v2_gpu1] [operator_darcy_student_lift_v2/ctrl_ft_lr2e4] [operator][epoch 024] lambda=0.0000 train_mse=0.00934567 val_mse=0.01792468 val_mae=0.10157740
[worker1/operator_darcy_student_lift_v2_gpu1] [operator_darcy_student_lift_v2/ctrl_ft_lr2e4] [operator][epoch 025] lambda=0.0000 train_mse=0.01030305 val_mse=0.01796301 val_mae=0.10146297
[worker1/operator_darcy_student_lift_v2_gpu1] [operator_darcy_student_lift_v2/ctrl_ft_lr2e4] [operator][epoch 026] lambda=0.0000 train_mse=0.01052031 val_mse=0.01899982 val_mae=0.10482701
[worker1/operator_darcy_student_lift_v2_gpu1] [operator_darcy_student_lift_v2/ctrl_ft_lr2e4] [operator][epoch 027] lambda=0.0000 train_mse=0.01032581 val_mse=0.01725491 val_mae=0.09944430
[worker1/operator_darcy_student_lift_v2_gpu1] [operator_darcy_student_lift_v2/ctrl_ft_lr2e4] [operator][epoch 028] lambda=0.0000 train_mse=0.01041497 val_mse=0.01726659 val_mae=0.09868708
[worker1/operator_darcy_student_lift_v2_gpu1] [operator_darcy_student_lift_v2/ctrl_ft_lr2e4] [operator][epoch 029] lambda=0.0000 train_mse=0.00979974 val_mse=0.01615732 val_mae=0.09574891
[worker1/operator_darcy_student_lift_v2_gpu1] [operator_darcy_student_lift_v2/ctrl_ft_lr2e4] [operator][epoch 030] lambda=0.0000 train_mse=0.00908826 val_mse=0.01728789 val_mae=0.09862764
[worker1/operator_darcy_student_lift_v2_gpu1] [operator_darcy_student_lift_v2/ctrl_ft_lr2e4] [operator][epoch 031] lambda=0.0000 train_mse=0.00990098 val_mse=0.01642316 val_mae=0.09665686
[worker1/operator_darcy_student_lift_v2_gpu1] [operator_darcy_student_lift_v2/ctrl_ft_lr2e4] [operator][epoch 032] lambda=0.0000 train_mse=0.00982770 val_mse=0.01595375 val_mae=0.09483099
[worker1/operator_darcy_student_lift_v2_gpu1] [operator_darcy_student_lift_v2/ctrl_ft_lr2e4] [operator][epoch 033] lambda=0.0000 train_mse=0.00911285 val_mse=0.01676207 val_mae=0.09775497
[worker1/operator_darcy_student_lift_v2_gpu1] [operator_darcy_student_lift_v2/ctrl_ft_lr2e4] [operator][epoch 034] lambda=0.0000 train_mse=0.00906538 val_mse=0.01580826 val_mae=0.09452085
[worker1/operator_darcy_student_lift_v2_gpu1] [operator_darcy_student_lift_v2/ctrl_ft_lr2e4] [operator][epoch 035] lambda=0.0000 train_mse=0.01027566 val_mse=0.01770211 val_mae=0.10048573
[worker1/operator_darcy_student_lift_v2_gpu1] [operator_darcy_student_lift_v2/ctrl_ft_lr2e4] [operator][epoch 036] lambda=0.0000 train_mse=0.00951646 val_mse=0.01736508 val_mae=0.09971692
[worker1/operator_darcy_student_lift_v2_gpu1] [operator_darcy_student_lift_v2/ctrl_ft_lr2e4] [operator][epoch 037] lambda=0.0000 train_mse=0.00899044 val_mse=0.01601311 val_mae=0.09451188
[worker1/operator_darcy_student_lift_v2_gpu1] [operator_darcy_student_lift_v2/ctrl_ft_lr2e4] [operator][epoch 038] lambda=0.0000 train_mse=0.00843959 val_mse=0.01580937 val_mae=0.09396758
[worker1/operator_darcy_student_lift_v2_gpu1] [operator_darcy_student_lift_v2/ctrl_ft_lr2e4] [operator][epoch 039] lambda=0.0000 train_mse=0.00878374 val_mse=0.01623542 val_mae=0.09564466
[worker1/operator_darcy_student_lift_v2_gpu1] [operator_darcy_student_lift_v2/ctrl_ft_lr2e4] [operator][epoch 040] lambda=0.0000 train_mse=0.00895561 val_mse=0.01687213 val_mae=0.09744252
[worker1/operator_darcy_student_lift_v2_gpu1] [operator_darcy_student_lift_v2/ctrl_ft_lr2e4] [operator][epoch 040] updated live plot
[worker1/operator_burgers_student_lift_v2_gpu0] [operator_burgers_student_lift_v2/ctrl_ft_lr4e4] [operator] done
[worker1/operator_burgers_student_lift_v2_gpu0] [operator_burgers_student_lift_v2/ctrl_ft_lr4e4] [operator] dataset=burgers model=deeponet method=independent seed=2
[worker1/operator_burgers_student_lift_v2_gpu0] [operator_burgers_student_lift_v2/ctrl_ft_lr4e4] [operator] loaded init_checkpoint=results/operator_burgers_followup_v1/burgers_l005_m0_w12_d60_120_ow1/operator/burgers/deeponet_independent_mse_seed2/model.pt
[worker1/operator_burgers_student_lift_v2_gpu0] [operator_burgers_student_lift_v2/ctrl_ft_lr4e4] [operator] run_dir=results/operator_burgers_student_lift_v2/ctrl_ft_lr4e4/operator/burgers/deeponet_independent_mse_seed2
[worker1/operator_burgers_student_lift_v2_gpu0] [operator_burgers_student_lift_v2/ctrl_ft_lr4e4] [operator] params=198656
[worker1/operator_burgers_student_lift_v2_gpu0] [operator_burgers_student_lift_v2/ctrl_ft_lr4e4] [operator] granularity=sample student_only=False freeze_peer=False peer_updates_disabled=False
[worker1/operator_burgers_student_lift_v2_gpu0] [operator_burgers_student_lift_v2/ctrl_ft_lr4e4] [operator][epoch 001] lambda=0.0000 train_mse=0.01651032 val_mse=0.01101276 val_mae=0.07202298
[worker1/operator_burgers_student_lift_v2_gpu0] [operator_burgers_student_lift_v2/ctrl_ft_lr4e4] [operator][epoch 002] lambda=0.0000 train_mse=0.01235907 val_mse=0.01354210 val_mae=0.08355086
[worker1/operator_burgers_student_lift_v2_gpu0] [operator_burgers_student_lift_v2/ctrl_ft_lr4e4] [operator][epoch 003] lambda=0.0000 train_mse=0.01336395 val_mse=0.01240008 val_mae=0.07497320
[worker1/operator_burgers_student_lift_v2_gpu0] [operator_burgers_student_lift_v2/ctrl_ft_lr4e4] [operator][epoch 004] lambda=0.0000 train_mse=0.01311412 val_mse=0.01160405 val_mae=0.07316647
[worker1/operator_burgers_student_lift_v2_gpu0] [operator_burgers_student_lift_v2/ctrl_ft_lr4e4] [operator][epoch 005] lambda=0.0000 train_mse=0.01153681 val_mse=0.01118510 val_mae=0.07012907
[worker1/operator_burgers_student_lift_v2_gpu0] [operator_burgers_student_lift_v2/ctrl_ft_lr4e4] [operator][epoch 006] lambda=0.0000 train_mse=0.01148464 val_mse=0.01422589 val_mae=0.08541983
[worker1/operator_burgers_student_lift_v2_gpu0] [operator_burgers_student_lift_v2/ctrl_ft_lr4e4] [operator][epoch 007] lambda=0.0000 train_mse=0.01312310 val_mse=0.01844743 val_mae=0.09141012
[worker1/operator_burgers_student_lift_v2_gpu0] [operator_burgers_student_lift_v2/ctrl_ft_lr4e4] [operator][epoch 008] lambda=0.0000 train_mse=0.01470602 val_mse=0.01021609 val_mae=0.06942175
[worker1/operator_burgers_student_lift_v2_gpu0] [operator_burgers_student_lift_v2/ctrl_ft_lr4e4] [operator][epoch 009] lambda=0.0000 train_mse=0.01219737 val_mse=0.01148795 val_mae=0.07176609
[worker1/operator_burgers_student_lift_v2_gpu0] [operator_burgers_student_lift_v2/ctrl_ft_lr4e4] [operator][epoch 010] lambda=0.0000 train_mse=0.01327911 val_mse=0.00959903 val_mae=0.06643768
[worker1/operator_burgers_student_lift_v2_gpu0] [operator_burgers_student_lift_v2/ctrl_ft_lr4e4] [operator][epoch 011] lambda=0.0000 train_mse=0.01102664 val_mse=0.00956460 val_mae=0.06363040
[worker1/operator_burgers_student_lift_v2_gpu0] [operator_burgers_student_lift_v2/ctrl_ft_lr4e4] [operator][epoch 012] lambda=0.0000 train_mse=0.01050107 val_mse=0.01097093 val_mae=0.07148044
[worker1/operator_burgers_student_lift_v2_gpu0] [operator_burgers_student_lift_v2/ctrl_ft_lr4e4] [operator][epoch 013] lambda=0.0000 train_mse=0.01242839 val_mse=0.01138864 val_mae=0.07274630
[worker1/operator_burgers_student_lift_v2_gpu0] [operator_burgers_student_lift_v2/ctrl_ft_lr4e4] [operator][epoch 014] lambda=0.0000 train_mse=0.01101011 val_mse=0.00936797 val_mae=0.06239414
[worker1/operator_burgers_student_lift_v2_gpu0] [operator_burgers_student_lift_v2/ctrl_ft_lr4e4] [operator][epoch 015] lambda=0.0000 train_mse=0.01236316 val_mse=0.01491473 val_mae=0.08809930
[worker1/operator_burgers_student_lift_v2_gpu0] [operator_burgers_student_lift_v2/ctrl_ft_lr4e4] [operator][epoch 016] lambda=0.0000 train_mse=0.01286976 val_mse=0.01100849 val_mae=0.07196457
[worker1/operator_burgers_student_lift_v2_gpu0] [operator_burgers_student_lift_v2/ctrl_ft_lr4e4] [operator][epoch 017] lambda=0.0000 train_mse=0.01270961 val_mse=0.00951794 val_mae=0.06342127
[worker1/operator_burgers_student_lift_v2_gpu0] [operator_burgers_student_lift_v2/ctrl_ft_lr4e4] [operator][epoch 018] lambda=0.0000 train_mse=0.00965101 val_mse=0.01551161 val_mae=0.08215785
[worker1/operator_burgers_student_lift_v2_gpu0] [operator_burgers_student_lift_v2/ctrl_ft_lr4e4] [operator][epoch 019] lambda=0.0000 train_mse=0.01008826 val_mse=0.00747728 val_mae=0.05430902
[worker1/operator_burgers_student_lift_v2_gpu0] [operator_burgers_student_lift_v2/ctrl_ft_lr4e4] [operator][epoch 020] lambda=0.0000 train_mse=0.00823132 val_mse=0.01055760 val_mae=0.06831773
[worker1/operator_burgers_student_lift_v2_gpu0] [operator_burgers_student_lift_v2/ctrl_ft_lr4e4] [operator][epoch 020] updated live plot
[worker1/operator_burgers_student_lift_v2_gpu0] [operator_burgers_student_lift_v2/ctrl_ft_lr4e4] [operator][epoch 021] lambda=0.0000 train_mse=0.00962338 val_mse=0.00976635 val_mae=0.06507835
[worker1/operator_burgers_student_lift_v2_gpu0] [operator_burgers_student_lift_v2/ctrl_ft_lr4e4] [operator][epoch 022] lambda=0.0000 train_mse=0.01113772 val_mse=0.01406081 val_mae=0.08051576
[worker1/operator_burgers_student_lift_v2_gpu0] [operator_burgers_student_lift_v2/ctrl_ft_lr4e4] [operator][epoch 023] lambda=0.0000 train_mse=0.01544275 val_mse=0.01198796 val_mae=0.07743088
[worker1/operator_burgers_student_lift_v2_gpu0] [operator_burgers_student_lift_v2/ctrl_ft_lr4e4] [operator][epoch 024] lambda=0.0000 train_mse=0.01168208 val_mse=0.01092463 val_mae=0.06782624
[worker1/operator_burgers_student_lift_v2_gpu0] [operator_burgers_student_lift_v2/ctrl_ft_lr4e4] [operator][epoch 025] lambda=0.0000 train_mse=0.01079140 val_mse=0.01008503 val_mae=0.06788326
[worker1/operator_burgers_student_lift_v2_gpu0] [operator_burgers_student_lift_v2/ctrl_ft_lr4e4] [operator][epoch 026] lambda=0.0000 train_mse=0.00968525 val_mse=0.00883633 val_mae=0.06256877
[worker1/operator_burgers_student_lift_v2_gpu0] [operator_burgers_student_lift_v2/ctrl_ft_lr4e4] [operator][epoch 027] lambda=0.0000 train_mse=0.00926856 val_mse=0.00753510 val_mae=0.05544168
[worker1/operator_burgers_student_lift_v2_gpu0] [operator_burgers_student_lift_v2/ctrl_ft_lr4e4] [operator][epoch 028] lambda=0.0000 train_mse=0.00823154 val_mse=0.00920135 val_mae=0.06304155
[worker1/operator_burgers_student_lift_v2_gpu0] [operator_burgers_student_lift_v2/ctrl_ft_lr4e4] [operator][epoch 029] lambda=0.0000 train_mse=0.00907662 val_mse=0.00910461 val_mae=0.06566301
[worker1/operator_burgers_student_lift_v2_gpu0] [operator_burgers_student_lift_v2/ctrl_ft_lr4e4] [operator][epoch 030] lambda=0.0000 train_mse=0.01101942 val_mse=0.00809349 val_mae=0.05878150
[worker1/operator_burgers_student_lift_v2_gpu0] [operator_burgers_student_lift_v2/ctrl_ft_lr4e4] [operator][epoch 031] lambda=0.0000 train_mse=0.00868814 val_mse=0.00733082 val_mae=0.05328323
[worker1/operator_burgers_student_lift_v2_gpu0] [operator_burgers_student_lift_v2/ctrl_ft_lr4e4] [operator][epoch 032] lambda=0.0000 train_mse=0.00782578 val_mse=0.00683488 val_mae=0.05087377
[worker1/operator_burgers_student_lift_v2_gpu0] [operator_burgers_student_lift_v2/ctrl_ft_lr4e4] [operator][epoch 033] lambda=0.0000 train_mse=0.00699497 val_mse=0.00734739 val_mae=0.05391051
[worker1/operator_burgers_student_lift_v2_gpu0] [operator_burgers_student_lift_v2/ctrl_ft_lr4e4] [operator][epoch 034] lambda=0.0000 train_mse=0.00785721 val_mse=0.00742536 val_mae=0.05431279
[worker1/operator_burgers_student_lift_v2_gpu0] [operator_burgers_student_lift_v2/ctrl_ft_lr4e4] [operator][epoch 035] lambda=0.0000 train_mse=0.00849605 val_mse=0.00941889 val_mae=0.06374647
[worker1/operator_burgers_student_lift_v2_gpu0] [operator_burgers_student_lift_v2/ctrl_ft_lr4e4] [operator][epoch 036] lambda=0.0000 train_mse=0.00929221 val_mse=0.00731945 val_mae=0.05397887
[worker1/operator_burgers_student_lift_v2_gpu0] [operator_burgers_student_lift_v2/ctrl_ft_lr4e4] [operator][epoch 037] lambda=0.0000 train_mse=0.00891341 val_mse=0.00942956 val_mae=0.06675201
[worker1/operator_burgers_student_lift_v2_gpu0] [operator_burgers_student_lift_v2/ctrl_ft_lr4e4] [operator][epoch 038] lambda=0.0000 train_mse=0.01104879 val_mse=0.01229531 val_mae=0.07341392
[worker1/operator_burgers_student_lift_v2_gpu0] [operator_burgers_student_lift_v2/ctrl_ft_lr4e4] [operator][epoch 039] lambda=0.0000 train_mse=0.01173280 val_mse=0.00900428 val_mae=0.06388046
[worker1/operator_burgers_student_lift_v2_gpu0] [operator_burgers_student_lift_v2/ctrl_ft_lr4e4] [operator][epoch 040] lambda=0.0000 train_mse=0.00915253 val_mse=0.00811058 val_mae=0.05925235
[worker1/operator_burgers_student_lift_v2_gpu0] [operator_burgers_student_lift_v2/ctrl_ft_lr4e4] [operator][epoch 040] updated live plot
[worker1/operator_burgers_student_lift_v2_gpu0] [operator_burgers_student_lift_v2/ctrl_ft_lr4e4] [operator][epoch 041] lambda=0.0000 train_mse=0.00819896 val_mse=0.00671417 val_mae=0.04998026
[worker1/operator_burgers_student_lift_v2_gpu0] [operator_burgers_student_lift_v2/ctrl_ft_lr4e4] [operator][epoch 042] lambda=0.0000 train_mse=0.00758765 val_mse=0.00754772 val_mae=0.05359918
[worker1/operator_burgers_student_lift_v2_gpu0] [operator_burgers_student_lift_v2/ctrl_ft_lr4e4] [operator][epoch 043] lambda=0.0000 train_mse=0.00774186 val_mse=0.00823911 val_mae=0.05540943
[worker1/operator_burgers_student_lift_v2_gpu0] [operator_burgers_student_lift_v2/ctrl_ft_lr4e4] [operator][epoch 044] lambda=0.0000 train_mse=0.00851162 val_mse=0.01077089 val_mae=0.06791602
[worker1/operator_burgers_student_lift_v2_gpu0] [operator_burgers_student_lift_v2/ctrl_ft_lr4e4] [operator][epoch 045] lambda=0.0000 train_mse=0.00953703 val_mse=0.00843709 val_mae=0.06164364
[worker1/operator_burgers_student_lift_v2_gpu0] [operator_burgers_student_lift_v2/ctrl_ft_lr4e4] [operator][epoch 046] lambda=0.0000 train_mse=0.00867919 val_mse=0.01045191 val_mae=0.06846786
[worker1/operator_burgers_student_lift_v2_gpu0] [operator_burgers_student_lift_v2/ctrl_ft_lr4e4] [operator][epoch 047] lambda=0.0000 train_mse=0.00849349 val_mse=0.00746226 val_mae=0.05600713
[worker1/operator_burgers_student_lift_v2_gpu0] [operator_burgers_student_lift_v2/ctrl_ft_lr4e4] [operator][epoch 048] lambda=0.0000 train_mse=0.00846362 val_mse=0.00693665 val_mae=0.05220919
[worker1/operator_burgers_student_lift_v2_gpu0] [operator_burgers_student_lift_v2/ctrl_ft_lr4e4] [operator][epoch 049] lambda=0.0000 train_mse=0.00652998 val_mse=0.00620271 val_mae=0.04906986
[worker1/operator_burgers_student_lift_v2_gpu0] [operator_burgers_student_lift_v2/ctrl_ft_lr4e4] [operator][epoch 050] lambda=0.0000 train_mse=0.00746532 val_mse=0.00626815 val_mae=0.04984611
[worker1/operator_burgers_student_lift_v2_gpu0] [operator_burgers_student_lift_v2/ctrl_ft_lr4e4] [operator][epoch 051] lambda=0.0000 train_mse=0.00692058 val_mse=0.00639140 val_mae=0.05071527
[worker1/operator_burgers_student_lift_v2_gpu0] [operator_burgers_student_lift_v2/ctrl_ft_lr4e4] [operator][epoch 052] lambda=0.0000 train_mse=0.00632278 val_mse=0.00551308 val_mae=0.04615630
[worker1/operator_burgers_student_lift_v2_gpu0] [operator_burgers_student_lift_v2/ctrl_ft_lr4e4] [operator][epoch 053] lambda=0.0000 train_mse=0.00640603 val_mse=0.00624154 val_mae=0.05096510
[worker1/operator_burgers_student_lift_v2_gpu0] [operator_burgers_student_lift_v2/ctrl_ft_lr4e4] [operator][epoch 054] lambda=0.0000 train_mse=0.00784719 val_mse=0.00632440 val_mae=0.05174732
[worker1/operator_burgers_student_lift_v2_gpu0] [operator_burgers_student_lift_v2/ctrl_ft_lr4e4] [operator][epoch 055] lambda=0.0000 train_mse=0.00829169 val_mse=0.00904098 val_mae=0.06345344
[worker1/operator_burgers_student_lift_v2_gpu0] [operator_burgers_student_lift_v2/ctrl_ft_lr4e4] [operator][epoch 056] lambda=0.0000 train_mse=0.00829875 val_mse=0.00646490 val_mae=0.05234823
[worker1/operator_burgers_student_lift_v2_gpu0] [operator_burgers_student_lift_v2/ctrl_ft_lr4e4] [operator][epoch 057] lambda=0.0000 train_mse=0.00716344 val_mse=0.00667994 val_mae=0.05366740
[worker1/operator_burgers_student_lift_v2_gpu0] [operator_burgers_student_lift_v2/ctrl_ft_lr4e4] [operator][epoch 058] lambda=0.0000 train_mse=0.00982748 val_mse=0.00889512 val_mae=0.06591564
[worker1/operator_burgers_student_lift_v2_gpu0] [operator_burgers_student_lift_v2/ctrl_ft_lr4e4] [operator][epoch 059] lambda=0.0000 train_mse=0.00792388 val_mse=0.00625992 val_mae=0.05209136
[worker1/operator_burgers_student_lift_v2_gpu0] [operator_burgers_student_lift_v2/ctrl_ft_lr4e4] [operator][epoch 060] lambda=0.0000 train_mse=0.00737938 val_mse=0.00891356 val_mae=0.06263757
[worker1/operator_burgers_student_lift_v2_gpu0] [operator_burgers_student_lift_v2/ctrl_ft_lr4e4] [operator][epoch 060] updated live plot
[worker1/operator_burgers_student_lift_v2_gpu0] [operator_burgers_student_lift_v2/ctrl_ft_lr4e4] [operator][epoch 061] lambda=0.0000 train_mse=0.00689182 val_mse=0.00580739 val_mae=0.04843022
[worker1/operator_burgers_student_lift_v2_gpu0] [operator_burgers_student_lift_v2/ctrl_ft_lr4e4] [operator][epoch 062] lambda=0.0000 train_mse=0.00811586 val_mse=0.00773585 val_mae=0.06091071
[worker1/operator_burgers_student_lift_v2_gpu0] [operator_burgers_student_lift_v2/ctrl_ft_lr4e4] [operator][epoch 063] lambda=0.0000 train_mse=0.00670591 val_mse=0.00569217 val_mae=0.04869607
[worker1/operator_burgers_student_lift_v2_gpu0] [operator_burgers_student_lift_v2/ctrl_ft_lr4e4] [operator][epoch 064] lambda=0.0000 train_mse=0.00636095 val_mse=0.00661979 val_mae=0.05315198
[worker1/operator_burgers_student_lift_v2_gpu0] [operator_burgers_student_lift_v2/ctrl_ft_lr4e4] [operator][epoch 065] lambda=0.0000 train_mse=0.00832395 val_mse=0.00838492 val_mae=0.06334253
[worker1/operator_burgers_student_lift_v2_gpu0] [operator_burgers_student_lift_v2/ctrl_ft_lr4e4] [operator][epoch 066] lambda=0.0000 train_mse=0.00854085 val_mse=0.00769940 val_mae=0.05778367
[worker1/operator_burgers_student_lift_v2_gpu0] [operator_burgers_student_lift_v2/ctrl_ft_lr4e4] [operator][epoch 067] lambda=0.0000 train_mse=0.00929076 val_mse=0.00972889 val_mae=0.06664323
[worker1/operator_burgers_student_lift_v2_gpu0] [operator_burgers_student_lift_v2/ctrl_ft_lr4e4] [operator][epoch 068] lambda=0.0000 train_mse=0.00773303 val_mse=0.00896754 val_mae=0.06314827
[worker1/operator_burgers_student_lift_v2_gpu0] [operator_burgers_student_lift_v2/ctrl_ft_lr4e4] [operator][epoch 069] lambda=0.0000 train_mse=0.00855308 val_mse=0.00629514 val_mae=0.05069047
[worker1/operator_burgers_student_lift_v2_gpu0] [operator_burgers_student_lift_v2/ctrl_ft_lr4e4] [operator][epoch 070] lambda=0.0000 train_mse=0.00676316 val_mse=0.00563564 val_mae=0.04819565
[worker1/operator_burgers_student_lift_v2_gpu0] [operator_burgers_student_lift_v2/ctrl_ft_lr4e4] [operator][epoch 071] lambda=0.0000 train_mse=0.00652063 val_mse=0.00643300 val_mae=0.05285029
[worker1/operator_burgers_student_lift_v2_gpu0] [operator_burgers_student_lift_v2/ctrl_ft_lr4e4] [operator][epoch 072] lambda=0.0000 train_mse=0.00743607 val_mse=0.00657145 val_mae=0.05290337
[worker1/operator_burgers_student_lift_v2_gpu0] [operator_burgers_student_lift_v2/ctrl_ft_lr4e4] [operator][epoch 073] lambda=0.0000 train_mse=0.00590359 val_mse=0.00792597 val_mae=0.05596508
[worker1/operator_burgers_student_lift_v2_gpu0] [operator_burgers_student_lift_v2/ctrl_ft_lr4e4] [operator][epoch 074] lambda=0.0000 train_mse=0.00816852 val_mse=0.00599155 val_mae=0.05159394
[worker1/operator_burgers_student_lift_v2_gpu0] [operator_burgers_student_lift_v2/ctrl_ft_lr4e4] [operator][epoch 075] lambda=0.0000 train_mse=0.00540205 val_mse=0.00463991 val_mae=0.04183274
[worker1/operator_burgers_student_lift_v2_gpu0] [operator_burgers_student_lift_v2/ctrl_ft_lr4e4] [operator][epoch 076] lambda=0.0000 train_mse=0.00505326 val_mse=0.00482874 val_mae=0.04304416
[worker1/operator_darcy_student_lift_v2_gpu1] [operator_darcy_student_lift_v2/ctrl_ft_lr2e4] [operator][epoch 041] lambda=0.0000 train_mse=0.00911992 val_mse=0.01583399 val_mae=0.09428518
[worker1/operator_darcy_student_lift_v2_gpu1] [operator_darcy_student_lift_v2/ctrl_ft_lr2e4] [operator][epoch 042] lambda=0.0000 train_mse=0.00845613 val_mse=0.01560941 val_mae=0.09381150
[worker1/operator_darcy_student_lift_v2_gpu1] [operator_darcy_student_lift_v2/ctrl_ft_lr2e4] [operator][epoch 043] lambda=0.0000 train_mse=0.00843803 val_mse=0.01569639 val_mae=0.09397384
[worker1/operator_darcy_student_lift_v2_gpu1] [operator_darcy_student_lift_v2/ctrl_ft_lr2e4] [operator][epoch 044] lambda=0.0000 train_mse=0.00943672 val_mse=0.01562491 val_mae=0.09371905
[worker1/operator_darcy_student_lift_v2_gpu1] [operator_darcy_student_lift_v2/ctrl_ft_lr2e4] [operator][epoch 045] lambda=0.0000 train_mse=0.00883212 val_mse=0.01736399 val_mae=0.09981977
[worker1/operator_darcy_student_lift_v2_gpu1] [operator_darcy_student_lift_v2/ctrl_ft_lr2e4] [operator][epoch 046] lambda=0.0000 train_mse=0.00883322 val_mse=0.01725708 val_mae=0.09879624
[worker1/operator_darcy_student_lift_v2_gpu1] [operator_darcy_student_lift_v2/ctrl_ft_lr2e4] [operator][epoch 047] lambda=0.0000 train_mse=0.00874729 val_mse=0.01554604 val_mae=0.09325314
[worker1/operator_darcy_student_lift_v2_gpu1] [operator_darcy_student_lift_v2/ctrl_ft_lr2e4] [operator][epoch 048] lambda=0.0000 train_mse=0.00982965 val_mse=0.01870666 val_mae=0.10514209
[worker1/operator_darcy_student_lift_v2_gpu1] [operator_darcy_student_lift_v2/ctrl_ft_lr2e4] [operator][epoch 049] lambda=0.0000 train_mse=0.01033922 val_mse=0.01727128 val_mae=0.09927443
[worker1/operator_darcy_student_lift_v2_gpu1] [operator_darcy_student_lift_v2/ctrl_ft_lr2e4] [operator][epoch 050] lambda=0.0000 train_mse=0.01134524 val_mse=0.01709813 val_mae=0.09948993
[worker1/operator_darcy_student_lift_v2_gpu1] [operator_darcy_student_lift_v2/ctrl_ft_lr2e4] [operator][epoch 051] lambda=0.0000 train_mse=0.00935548 val_mse=0.01540240 val_mae=0.09288098
[worker1/operator_darcy_student_lift_v2_gpu1] [operator_darcy_student_lift_v2/ctrl_ft_lr2e4] [operator][epoch 052] lambda=0.0000 train_mse=0.00824833 val_mse=0.01582990 val_mae=0.09413962
[worker1/operator_darcy_student_lift_v2_gpu1] [operator_darcy_student_lift_v2/ctrl_ft_lr2e4] [operator][epoch 053] lambda=0.0000 train_mse=0.00786817 val_mse=0.01492796 val_mae=0.09125402
[worker1/operator_darcy_student_lift_v2_gpu1] [operator_darcy_student_lift_v2/ctrl_ft_lr2e4] [operator][epoch 054] lambda=0.0000 train_mse=0.00809721 val_mse=0.01668217 val_mae=0.09682756
[worker1/operator_darcy_student_lift_v2_gpu1] [operator_darcy_student_lift_v2/ctrl_ft_lr2e4] [operator][epoch 055] lambda=0.0000 train_mse=0.00795304 val_mse=0.01583811 val_mae=0.09408784
[worker1/operator_darcy_student_lift_v2_gpu1] [operator_darcy_student_lift_v2/ctrl_ft_lr2e4] [operator][epoch 056] lambda=0.0000 train_mse=0.00792379 val_mse=0.01599903 val_mae=0.09471758
[worker1/operator_darcy_student_lift_v2_gpu1] [operator_darcy_student_lift_v2/ctrl_ft_lr2e4] [operator][epoch 057] lambda=0.0000 train_mse=0.00805200 val_mse=0.01787143 val_mae=0.10098349
[worker1/operator_darcy_student_lift_v2_gpu1] [operator_darcy_student_lift_v2/ctrl_ft_lr2e4] [operator][epoch 058] lambda=0.0000 train_mse=0.00839319 val_mse=0.01514695 val_mae=0.09145471
[worker1/operator_darcy_student_lift_v2_gpu1] [operator_darcy_student_lift_v2/ctrl_ft_lr2e4] [operator][epoch 059] lambda=0.0000 train_mse=0.00791039 val_mse=0.01617933 val_mae=0.09508022
[worker1/operator_darcy_student_lift_v2_gpu1] [operator_darcy_student_lift_v2/ctrl_ft_lr2e4] [operator][epoch 060] lambda=0.0000 train_mse=0.00766321 val_mse=0.01612663 val_mae=0.09528904
[worker1/operator_darcy_student_lift_v2_gpu1] [operator_darcy_student_lift_v2/ctrl_ft_lr2e4] [operator][epoch 060] updated live plot
[worker1/operator_darcy_student_lift_v2_gpu1] [operator_darcy_student_lift_v2/ctrl_ft_lr2e4] [operator][epoch 061] lambda=0.0000 train_mse=0.00760046 val_mse=0.01473929 val_mae=0.09031841
[worker1/operator_darcy_student_lift_v2_gpu1] [operator_darcy_student_lift_v2/ctrl_ft_lr2e4] [operator][epoch 062] lambda=0.0000 train_mse=0.00725668 val_mse=0.01495608 val_mae=0.09140710
[worker1/operator_darcy_student_lift_v2_gpu1] [operator_darcy_student_lift_v2/ctrl_ft_lr2e4] [operator][epoch 063] lambda=0.0000 train_mse=0.00762433 val_mse=0.01506312 val_mae=0.09127945
[worker1/operator_darcy_student_lift_v2_gpu1] [operator_darcy_student_lift_v2/ctrl_ft_lr2e4] [operator][epoch 064] lambda=0.0000 train_mse=0.00801152 val_mse=0.01732016 val_mae=0.09810917
[worker1/operator_darcy_student_lift_v2_gpu1] [operator_darcy_student_lift_v2/ctrl_ft_lr2e4] [operator][epoch 065] lambda=0.0000 train_mse=0.01128670 val_mse=0.01897208 val_mae=0.10413746
[worker1/operator_darcy_student_lift_v2_gpu1] [operator_darcy_student_lift_v2/ctrl_ft_lr2e4] [operator][epoch 066] lambda=0.0000 train_mse=0.00959163 val_mse=0.01575479 val_mae=0.09458983
[worker1/operator_darcy_student_lift_v2_gpu1] [operator_darcy_student_lift_v2/ctrl_ft_lr2e4] [operator][epoch 067] lambda=0.0000 train_mse=0.00783523 val_mse=0.01564808 val_mae=0.09344492
[worker1/operator_darcy_student_lift_v2_gpu1] [operator_darcy_student_lift_v2/ctrl_ft_lr2e4] [operator][epoch 068] lambda=0.0000 train_mse=0.00776911 val_mse=0.01529142 val_mae=0.09200707
[worker1/operator_burgers_student_lift_v2_gpu0] [operator_burgers_student_lift_v2/ctrl_ft_lr4e4] [operator][epoch 077] lambda=0.0000 train_mse=0.00501451 val_mse=0.00460303 val_mae=0.03998541
[worker1/operator_burgers_student_lift_v2_gpu0] [operator_burgers_student_lift_v2/ctrl_ft_lr4e4] [operator][epoch 078] lambda=0.0000 train_mse=0.00524186 val_mse=0.00561971 val_mae=0.04751237
[worker1/operator_burgers_student_lift_v2_gpu0] [operator_burgers_student_lift_v2/ctrl_ft_lr4e4] [operator][epoch 079] lambda=0.0000 train_mse=0.00686304 val_mse=0.00808965 val_mae=0.06328214
[worker1/operator_burgers_student_lift_v2_gpu0] [operator_burgers_student_lift_v2/ctrl_ft_lr4e4] [operator][epoch 080] lambda=0.0000 train_mse=0.01063317 val_mse=0.00966463 val_mae=0.06788521
[worker1/operator_burgers_student_lift_v2_gpu0] [operator_burgers_student_lift_v2/ctrl_ft_lr4e4] [operator][epoch 080] updated live plot
[worker1/operator_burgers_student_lift_v2_gpu0] [operator_burgers_student_lift_v2/ctrl_ft_lr4e4] [operator][epoch 081] lambda=0.0000 train_mse=0.00865056 val_mse=0.00812795 val_mae=0.06316656
[worker1/operator_burgers_student_lift_v2_gpu0] [operator_burgers_student_lift_v2/ctrl_ft_lr4e4] [operator][epoch 082] lambda=0.0000 train_mse=0.00650309 val_mse=0.00744446 val_mae=0.05868593
[worker1/operator_burgers_student_lift_v2_gpu0] [operator_burgers_student_lift_v2/ctrl_ft_lr4e4] [operator][epoch 083] lambda=0.0000 train_mse=0.00577598 val_mse=0.00693020 val_mae=0.05558974
[worker1/operator_burgers_student_lift_v2_gpu0] [operator_burgers_student_lift_v2/ctrl_ft_lr4e4] [operator][epoch 084] lambda=0.0000 train_mse=0.00647416 val_mse=0.00627745 val_mae=0.05135430
[worker1/operator_burgers_student_lift_v2_gpu0] [operator_burgers_student_lift_v2/ctrl_ft_lr4e4] [operator][epoch 085] lambda=0.0000 train_mse=0.00770666 val_mse=0.00791266 val_mae=0.06058711
[worker1/operator_burgers_student_lift_v2_gpu0] [operator_burgers_student_lift_v2/ctrl_ft_lr4e4] [operator][epoch 086] lambda=0.0000 train_mse=0.00785672 val_mse=0.00745546 val_mae=0.05981046
[worker1/operator_burgers_student_lift_v2_gpu0] [operator_burgers_student_lift_v2/ctrl_ft_lr4e4] [operator][epoch 087] lambda=0.0000 train_mse=0.00649980 val_mse=0.00503053 val_mae=0.04352003
[worker1/operator_burgers_student_lift_v2_gpu0] [operator_burgers_student_lift_v2/ctrl_ft_lr4e4] [operator][epoch 088] lambda=0.0000 train_mse=0.00624339 val_mse=0.00748402 val_mae=0.05444664
[worker1/operator_burgers_student_lift_v2_gpu0] [operator_burgers_student_lift_v2/ctrl_ft_lr4e4] [operator][epoch 089] lambda=0.0000 train_mse=0.00937374 val_mse=0.00980853 val_mae=0.06729116
[worker1/operator_burgers_student_lift_v2_gpu0] [operator_burgers_student_lift_v2/ctrl_ft_lr4e4] [operator][epoch 090] lambda=0.0000 train_mse=0.01018022 val_mse=0.00711993 val_mae=0.05733070
[worker1/operator_burgers_student_lift_v2_gpu0] [operator_burgers_student_lift_v2/ctrl_ft_lr4e4] [operator][epoch 091] lambda=0.0000 train_mse=0.00608086 val_mse=0.00613912 val_mae=0.05026428
[worker1/operator_burgers_student_lift_v2_gpu0] [operator_burgers_student_lift_v2/ctrl_ft_lr4e4] [operator][epoch 092] lambda=0.0000 train_mse=0.00544575 val_mse=0.00610672 val_mae=0.04798918
[worker1/operator_burgers_student_lift_v2_gpu0] [operator_burgers_student_lift_v2/ctrl_ft_lr4e4] [operator][epoch 093] lambda=0.0000 train_mse=0.00506429 val_mse=0.00471771 val_mae=0.04137805
[worker1/operator_burgers_student_lift_v2_gpu0] [operator_burgers_student_lift_v2/ctrl_ft_lr4e4] [operator][epoch 094] lambda=0.0000 train_mse=0.00492077 val_mse=0.00634518 val_mae=0.05152726
[worker1/operator_burgers_student_lift_v2_gpu0] [operator_burgers_student_lift_v2/ctrl_ft_lr4e4] [operator][epoch 095] lambda=0.0000 train_mse=0.00751624 val_mse=0.00662742 val_mae=0.05201867
[worker1/operator_burgers_student_lift_v2_gpu0] [operator_burgers_student_lift_v2/ctrl_ft_lr4e4] [operator][epoch 096] lambda=0.0000 train_mse=0.00676088 val_mse=0.00545989 val_mae=0.04637926
[worker1/operator_burgers_student_lift_v2_gpu0] [operator_burgers_student_lift_v2/ctrl_ft_lr4e4] [operator][epoch 097] lambda=0.0000 train_mse=0.00615989 val_mse=0.00805028 val_mae=0.05798295
[worker1/operator_burgers_student_lift_v2_gpu0] [operator_burgers_student_lift_v2/ctrl_ft_lr4e4] [operator][epoch 098] lambda=0.0000 train_mse=0.00657081 val_mse=0.00601010 val_mae=0.04865637
[worker1/operator_burgers_student_lift_v2_gpu0] [operator_burgers_student_lift_v2/ctrl_ft_lr4e4] [operator][epoch 099] lambda=0.0000 train_mse=0.00526393 val_mse=0.00444990 val_mae=0.04006526
[worker1/operator_burgers_student_lift_v2_gpu0] [operator_burgers_student_lift_v2/ctrl_ft_lr4e4] [operator][epoch 100] lambda=0.0000 train_mse=0.00551747 val_mse=0.00670635 val_mae=0.05259846
[worker1/operator_burgers_student_lift_v2_gpu0] [operator_burgers_student_lift_v2/ctrl_ft_lr4e4] [operator][epoch 100] updated live plot
[worker1/operator_burgers_student_lift_v2_gpu0] [operator_burgers_student_lift_v2/ctrl_ft_lr4e4] [operator][epoch 101] lambda=0.0000 train_mse=0.00882367 val_mse=0.00647984 val_mae=0.05315153
[worker1/operator_burgers_student_lift_v2_gpu0] [operator_burgers_student_lift_v2/ctrl_ft_lr4e4] [operator][epoch 102] lambda=0.0000 train_mse=0.00644532 val_mse=0.00553409 val_mae=0.04730849
[worker1/operator_burgers_student_lift_v2_gpu0] [operator_burgers_student_lift_v2/ctrl_ft_lr4e4] [operator][epoch 103] lambda=0.0000 train_mse=0.00586469 val_mse=0.00595983 val_mae=0.04890651
[worker1/operator_burgers_student_lift_v2_gpu0] [operator_burgers_student_lift_v2/ctrl_ft_lr4e4] [operator][epoch 104] lambda=0.0000 train_mse=0.00659951 val_mse=0.00525317 val_mae=0.04575653
[worker1/operator_burgers_student_lift_v2_gpu0] [operator_burgers_student_lift_v2/ctrl_ft_lr4e4] [operator][epoch 105] lambda=0.0000 train_mse=0.00560437 val_mse=0.00649042 val_mae=0.04850048
[worker1/operator_burgers_student_lift_v2_gpu0] [operator_burgers_student_lift_v2/ctrl_ft_lr4e4] [operator][epoch 106] lambda=0.0000 train_mse=0.00681024 val_mse=0.00646360 val_mae=0.05422813
[worker1/operator_burgers_student_lift_v2_gpu0] [operator_burgers_student_lift_v2/ctrl_ft_lr4e4] [operator][epoch 107] lambda=0.0000 train_mse=0.00559757 val_mse=0.00542135 val_mae=0.04451104
[worker1/operator_burgers_student_lift_v2_gpu0] [operator_burgers_student_lift_v2/ctrl_ft_lr4e4] [operator][epoch 108] lambda=0.0000 train_mse=0.00471898 val_mse=0.00442053 val_mae=0.04026080
[worker1/operator_burgers_student_lift_v2_gpu0] [operator_burgers_student_lift_v2/ctrl_ft_lr4e4] [operator][epoch 109] lambda=0.0000 train_mse=0.00444530 val_mse=0.00500039 val_mae=0.04449309
[worker1/operator_burgers_student_lift_v2_gpu0] [operator_burgers_student_lift_v2/ctrl_ft_lr4e4] [operator][epoch 110] lambda=0.0000 train_mse=0.00469093 val_mse=0.00572924 val_mae=0.04743478
[worker1/operator_burgers_student_lift_v2_gpu0] [operator_burgers_student_lift_v2/ctrl_ft_lr4e4] [operator][epoch 111] lambda=0.0000 train_mse=0.00498658 val_mse=0.00442245 val_mae=0.03940772
[worker1/operator_burgers_student_lift_v2_gpu0] [operator_burgers_student_lift_v2/ctrl_ft_lr4e4] [operator][epoch 112] lambda=0.0000 train_mse=0.00405008 val_mse=0.00395773 val_mae=0.03555537
[worker1/operator_burgers_student_lift_v2_gpu0] [operator_burgers_student_lift_v2/ctrl_ft_lr4e4] [operator][epoch 113] lambda=0.0000 train_mse=0.00474379 val_mse=0.00478204 val_mae=0.04300412
[worker1/operator_burgers_student_lift_v2_gpu0] [operator_burgers_student_lift_v2/ctrl_ft_lr4e4] [operator][epoch 114] lambda=0.0000 train_mse=0.00484867 val_mse=0.00577649 val_mae=0.04839738
[worker1/operator_burgers_student_lift_v2_gpu0] [operator_burgers_student_lift_v2/ctrl_ft_lr4e4] [operator][epoch 115] lambda=0.0000 train_mse=0.01190466 val_mse=0.01572429 val_mae=0.08834999
[worker1/operator_burgers_student_lift_v2_gpu0] [operator_burgers_student_lift_v2/ctrl_ft_lr4e4] [operator][epoch 116] lambda=0.0000 train_mse=0.01012768 val_mse=0.00577029 val_mae=0.04898454
[worker1/operator_burgers_student_lift_v2_gpu0] [operator_burgers_student_lift_v2/ctrl_ft_lr4e4] [operator][epoch 117] lambda=0.0000 train_mse=0.00547373 val_mse=0.00565217 val_mae=0.04815975
[worker1/operator_burgers_student_lift_v2_gpu0] [operator_burgers_student_lift_v2/ctrl_ft_lr4e4] [operator][epoch 118] lambda=0.0000 train_mse=0.00508354 val_mse=0.00523326 val_mae=0.04508816
[worker1/operator_burgers_student_lift_v2_gpu0] [operator_burgers_student_lift_v2/ctrl_ft_lr4e4] [operator][epoch 119] lambda=0.0000 train_mse=0.00450029 val_mse=0.00420557 val_mae=0.03814632
[worker1/operator_burgers_student_lift_v2_gpu0] [operator_burgers_student_lift_v2/ctrl_ft_lr4e4] [operator][epoch 120] lambda=0.0000 train_mse=0.00464065 val_mse=0.00470995 val_mae=0.04146620
[worker1/operator_burgers_student_lift_v2_gpu0] [operator_burgers_student_lift_v2/ctrl_ft_lr4e4] [operator][epoch 120] updated live plot
[worker1/operator_burgers_student_lift_v2_gpu0] [operator_burgers_student_lift_v2/ctrl_ft_lr4e4] [operator][epoch 121] lambda=0.0000 train_mse=0.00524423 val_mse=0.00587970 val_mae=0.04811974
[worker1/operator_burgers_student_lift_v2_gpu0] [operator_burgers_student_lift_v2/ctrl_ft_lr4e4] [operator][epoch 122] lambda=0.0000 train_mse=0.00702594 val_mse=0.00666238 val_mae=0.05245109
[worker1/operator_burgers_student_lift_v2_gpu0] [operator_burgers_student_lift_v2/ctrl_ft_lr4e4] [operator][epoch 123] lambda=0.0000 train_mse=0.00748123 val_mse=0.00830390 val_mae=0.05847128
[worker1/operator_burgers_student_lift_v2_gpu0] [operator_burgers_student_lift_v2/ctrl_ft_lr4e4] [operator][epoch 124] lambda=0.0000 train_mse=0.00717276 val_mse=0.00543609 val_mae=0.04799400
[worker1/operator_burgers_student_lift_v2_gpu0] [operator_burgers_student_lift_v2/ctrl_ft_lr4e4] [operator][epoch 125] lambda=0.0000 train_mse=0.00504814 val_mse=0.00446542 val_mae=0.04013927
[worker1/operator_burgers_student_lift_v2_gpu0] [operator_burgers_student_lift_v2/ctrl_ft_lr4e4] [operator][epoch 126] lambda=0.0000 train_mse=0.00513237 val_mse=0.00548211 val_mae=0.04703539
[worker1/operator_burgers_student_lift_v2_gpu0] [operator_burgers_student_lift_v2/ctrl_ft_lr4e4] [operator][epoch 127] lambda=0.0000 train_mse=0.00529678 val_mse=0.00547078 val_mae=0.04824275
[worker1/operator_burgers_student_lift_v2_gpu0] [operator_burgers_student_lift_v2/ctrl_ft_lr4e4] [operator][epoch 128] lambda=0.0000 train_mse=0.00544734 val_mse=0.00627218 val_mae=0.04996301
[worker1/operator_burgers_student_lift_v2_gpu0] [operator_burgers_student_lift_v2/ctrl_ft_lr4e4] [operator][epoch 129] lambda=0.0000 train_mse=0.00613471 val_mse=0.00500477 val_mae=0.04482701
[worker1/operator_burgers_student_lift_v2_gpu0] [operator_burgers_student_lift_v2/ctrl_ft_lr4e4] [operator][epoch 130] lambda=0.0000 train_mse=0.00484050 val_mse=0.00496582 val_mae=0.04315435
[worker1/operator_darcy_student_lift_v2_gpu1] [operator_darcy_student_lift_v2/ctrl_ft_lr2e4] [operator][epoch 069] lambda=0.0000 train_mse=0.00792672 val_mse=0.01476594 val_mae=0.09049615
[worker1/operator_darcy_student_lift_v2_gpu1] [operator_darcy_student_lift_v2/ctrl_ft_lr2e4] [operator][epoch 070] lambda=0.0000 train_mse=0.00758199 val_mse=0.01472249 val_mae=0.09056488
[worker1/operator_darcy_student_lift_v2_gpu1] [operator_darcy_student_lift_v2/ctrl_ft_lr2e4] [operator][epoch 071] lambda=0.0000 train_mse=0.00761392 val_mse=0.01507933 val_mae=0.09163321
[worker1/operator_darcy_student_lift_v2_gpu1] [operator_darcy_student_lift_v2/ctrl_ft_lr2e4] [operator][epoch 072] lambda=0.0000 train_mse=0.00720497 val_mse=0.01459240 val_mae=0.08965125
[worker1/operator_darcy_student_lift_v2_gpu1] [operator_darcy_student_lift_v2/ctrl_ft_lr2e4] [operator][epoch 073] lambda=0.0000 train_mse=0.00693567 val_mse=0.01468381 val_mae=0.08980876
[worker1/operator_darcy_student_lift_v2_gpu1] [operator_darcy_student_lift_v2/ctrl_ft_lr2e4] [operator][epoch 074] lambda=0.0000 train_mse=0.00725692 val_mse=0.01606750 val_mae=0.09450663
[worker1/operator_darcy_student_lift_v2_gpu1] [operator_darcy_student_lift_v2/ctrl_ft_lr2e4] [operator][epoch 075] lambda=0.0000 train_mse=0.00836584 val_mse=0.01582631 val_mae=0.09384992
[worker1/operator_darcy_student_lift_v2_gpu1] [operator_darcy_student_lift_v2/ctrl_ft_lr2e4] [operator][epoch 076] lambda=0.0000 train_mse=0.00819210 val_mse=0.01488264 val_mae=0.09086665
[worker1/operator_darcy_student_lift_v2_gpu1] [operator_darcy_student_lift_v2/ctrl_ft_lr2e4] [operator][epoch 077] lambda=0.0000 train_mse=0.00702205 val_mse=0.01481628 val_mae=0.09062942
[worker1/operator_darcy_student_lift_v2_gpu1] [operator_darcy_student_lift_v2/ctrl_ft_lr2e4] [operator][epoch 078] lambda=0.0000 train_mse=0.00685820 val_mse=0.01473775 val_mae=0.08985780
[worker1/operator_darcy_student_lift_v2_gpu1] [operator_darcy_student_lift_v2/ctrl_ft_lr2e4] [operator][epoch 079] lambda=0.0000 train_mse=0.00665359 val_mse=0.01490417 val_mae=0.08984947
[worker1/operator_darcy_student_lift_v2_gpu1] [operator_darcy_student_lift_v2/ctrl_ft_lr2e4] [operator][epoch 080] lambda=0.0000 train_mse=0.00694106 val_mse=0.01537735 val_mae=0.09222159
[worker1/operator_darcy_student_lift_v2_gpu1] [operator_darcy_student_lift_v2/ctrl_ft_lr2e4] [operator][epoch 080] updated live plot
[worker1/operator_darcy_student_lift_v2_gpu1] [operator_darcy_student_lift_v2/ctrl_ft_lr2e4] [operator][epoch 081] lambda=0.0000 train_mse=0.00798461 val_mse=0.01669383 val_mae=0.09624326
[worker1/operator_darcy_student_lift_v2_gpu1] [operator_darcy_student_lift_v2/ctrl_ft_lr2e4] [operator][epoch 082] lambda=0.0000 train_mse=0.00803671 val_mse=0.01532287 val_mae=0.09224293
[worker1/operator_darcy_student_lift_v2_gpu1] [operator_darcy_student_lift_v2/ctrl_ft_lr2e4] [operator][epoch 083] lambda=0.0000 train_mse=0.00737701 val_mse=0.01629750 val_mae=0.09496472
[worker1/operator_darcy_student_lift_v2_gpu1] [operator_darcy_student_lift_v2/ctrl_ft_lr2e4] [operator][epoch 084] lambda=0.0000 train_mse=0.00756950 val_mse=0.01457130 val_mae=0.08957017
[worker1/operator_darcy_student_lift_v2_gpu1] [operator_darcy_student_lift_v2/ctrl_ft_lr2e4] [operator][epoch 085] lambda=0.0000 train_mse=0.00694924 val_mse=0.01484956 val_mae=0.09007993
[worker1/operator_darcy_student_lift_v2_gpu1] [operator_darcy_student_lift_v2/ctrl_ft_lr2e4] [operator][epoch 086] lambda=0.0000 train_mse=0.00671388 val_mse=0.01505479 val_mae=0.09099881
[worker1/operator_darcy_student_lift_v2_gpu1] [operator_darcy_student_lift_v2/ctrl_ft_lr2e4] [operator][epoch 087] lambda=0.0000 train_mse=0.00653038 val_mse=0.01467792 val_mae=0.08943581
[worker1/operator_darcy_student_lift_v2_gpu1] [operator_darcy_student_lift_v2/ctrl_ft_lr2e4] [operator][epoch 088] lambda=0.0000 train_mse=0.00655038 val_mse=0.01486310 val_mae=0.09054225
[worker1/operator_darcy_student_lift_v2_gpu1] [operator_darcy_student_lift_v2/ctrl_ft_lr2e4] [operator][epoch 089] lambda=0.0000 train_mse=0.00677774 val_mse=0.01517277 val_mae=0.09096294
[worker1/operator_darcy_student_lift_v2_gpu1] [operator_darcy_student_lift_v2/ctrl_ft_lr2e4] [operator][epoch 090] lambda=0.0000 train_mse=0.00741126 val_mse=0.01522523 val_mae=0.09148991
[worker1/operator_darcy_student_lift_v2_gpu1] [operator_darcy_student_lift_v2/ctrl_ft_lr2e4] [operator][epoch 091] lambda=0.0000 train_mse=0.00733051 val_mse=0.01632817 val_mae=0.09404215
[worker1/operator_darcy_student_lift_v2_gpu1] [operator_darcy_student_lift_v2/ctrl_ft_lr2e4] [operator][epoch 092] lambda=0.0000 train_mse=0.00724256 val_mse=0.01685606 val_mae=0.09716881
[worker1/operator_darcy_student_lift_v2_gpu1] [operator_darcy_student_lift_v2/ctrl_ft_lr2e4] [operator][epoch 093] lambda=0.0000 train_mse=0.00869780 val_mse=0.01670758 val_mae=0.09589807
[worker1/operator_darcy_student_lift_v2_gpu1] [operator_darcy_student_lift_v2/ctrl_ft_lr2e4] [operator][epoch 094] lambda=0.0000 train_mse=0.00731342 val_mse=0.01428459 val_mae=0.08843466
[worker1/operator_darcy_student_lift_v2_gpu1] [operator_darcy_student_lift_v2/ctrl_ft_lr2e4] [operator][epoch 095] lambda=0.0000 train_mse=0.00680360 val_mse=0.01488480 val_mae=0.09076086
[worker1/operator_darcy_student_lift_v2_gpu1] [operator_darcy_student_lift_v2/ctrl_ft_lr2e4] [operator][epoch 096] lambda=0.0000 train_mse=0.00645038 val_mse=0.01473304 val_mae=0.08983797
[worker1/operator_darcy_student_lift_v2_gpu1] [operator_darcy_student_lift_v2/ctrl_ft_lr2e4] [operator][epoch 097] lambda=0.0000 train_mse=0.00709975 val_mse=0.01478194 val_mae=0.08990545
[worker1/operator_darcy_student_lift_v2_gpu1] [operator_darcy_student_lift_v2/ctrl_ft_lr2e4] [operator][epoch 098] lambda=0.0000 train_mse=0.00685900 val_mse=0.01508519 val_mae=0.09068941
[worker1/operator_darcy_student_lift_v2_gpu1] [operator_darcy_student_lift_v2/ctrl_ft_lr2e4] [operator][epoch 099] lambda=0.0000 train_mse=0.00710297 val_mse=0.01399716 val_mae=0.08763368
[worker1/operator_darcy_student_lift_v2_gpu1] [operator_darcy_student_lift_v2/ctrl_ft_lr2e4] [operator][epoch 100] lambda=0.0000 train_mse=0.00652435 val_mse=0.01460662 val_mae=0.08951204
[worker1/operator_darcy_student_lift_v2_gpu1] [operator_darcy_student_lift_v2/ctrl_ft_lr2e4] [operator][epoch 100] updated live plot
[worker1/operator_darcy_student_lift_v2_gpu1] [operator_darcy_student_lift_v2/ctrl_ft_lr2e4] [operator][epoch 101] lambda=0.0000 train_mse=0.00635644 val_mse=0.01396260 val_mae=0.08681008
[worker1/operator_darcy_student_lift_v2_gpu1] [operator_darcy_student_lift_v2/ctrl_ft_lr2e4] [operator][epoch 102] lambda=0.0000 train_mse=0.00660902 val_mse=0.01418743 val_mae=0.08783423
[worker1/operator_darcy_student_lift_v2_gpu1] [operator_darcy_student_lift_v2/ctrl_ft_lr2e4] [operator][epoch 103] lambda=0.0000 train_mse=0.00621783 val_mse=0.01433437 val_mae=0.08801039
[worker1/operator_darcy_student_lift_v2_gpu1] [operator_darcy_student_lift_v2/ctrl_ft_lr2e4] [operator][epoch 104] lambda=0.0000 train_mse=0.00596588 val_mse=0.01421772 val_mae=0.08788169
[worker1/operator_darcy_student_lift_v2_gpu1] [operator_darcy_student_lift_v2/ctrl_ft_lr2e4] [operator][epoch 105] lambda=0.0000 train_mse=0.00585584 val_mse=0.01416172 val_mae=0.08731811
[worker1/operator_darcy_student_lift_v2_gpu1] [operator_darcy_student_lift_v2/ctrl_ft_lr2e4] [operator][epoch 106] lambda=0.0000 train_mse=0.00598869 val_mse=0.01428896 val_mae=0.08804950
[worker1/operator_darcy_student_lift_v2_gpu1] [operator_darcy_student_lift_v2/ctrl_ft_lr2e4] [operator][epoch 107] lambda=0.0000 train_mse=0.00612893 val_mse=0.01448207 val_mae=0.08930024
[worker1/operator_darcy_student_lift_v2_gpu1] [operator_darcy_student_lift_v2/ctrl_ft_lr2e4] [operator][epoch 108] lambda=0.0000 train_mse=0.00758057 val_mse=0.01591734 val_mae=0.09468093
[worker1/operator_darcy_student_lift_v2_gpu1] [operator_darcy_student_lift_v2/ctrl_ft_lr2e4] [operator][epoch 109] lambda=0.0000 train_mse=0.00733888 val_mse=0.01485620 val_mae=0.09004620
[worker1/operator_darcy_student_lift_v2_gpu1] [operator_darcy_student_lift_v2/ctrl_ft_lr2e4] [operator][epoch 110] lambda=0.0000 train_mse=0.00650311 val_mse=0.01380262 val_mae=0.08629250
[worker1/operator_darcy_student_lift_v2_gpu1] [operator_darcy_student_lift_v2/ctrl_ft_lr2e4] [operator][epoch 110] updated live plot
[worker1/operator_darcy_student_lift_v2_gpu1] [operator_darcy_student_lift_v2/ctrl_ft_lr2e4] [operator] done
[worker1/operator_darcy_student_lift_v2_gpu1] [operator_darcy_student_lift_v2/ctrl_ft_lr2e4] [operator] dataset=darcy model=deeponet method=independent seed=2
[worker1/operator_darcy_student_lift_v2_gpu1] [operator_darcy_student_lift_v2/ctrl_ft_lr2e4] [operator] loaded init_checkpoint=results/operator_ssml_tuned_v1/operator/darcy/deeponet_independent_mse_seed2/model.pt
[worker1/operator_darcy_student_lift_v2_gpu1] [operator_darcy_student_lift_v2/ctrl_ft_lr2e4] [operator] run_dir=results/operator_darcy_student_lift_v2/ctrl_ft_lr2e4/operator/darcy/deeponet_independent_mse_seed2
[worker1/operator_darcy_student_lift_v2_gpu1] [operator_darcy_student_lift_v2/ctrl_ft_lr2e4] [operator] params=592000
[worker1/operator_darcy_student_lift_v2_gpu1] [operator_darcy_student_lift_v2/ctrl_ft_lr2e4] [operator] granularity=sample student_only=False freeze_peer=False peer_updates_disabled=False
[worker1/operator_darcy_student_lift_v2_gpu1] [operator_darcy_student_lift_v2/ctrl_ft_lr2e4] [operator][epoch 001] lambda=0.0000 train_mse=0.01613620 val_mse=0.01861303 val_mae=0.10211486
[worker1/operator_darcy_student_lift_v2_gpu1] [operator_darcy_student_lift_v2/ctrl_ft_lr2e4] [operator][epoch 002] lambda=0.0000 train_mse=0.01181755 val_mse=0.01876138 val_mae=0.10155862
[worker1/operator_darcy_student_lift_v2_gpu1] [operator_darcy_student_lift_v2/ctrl_ft_lr2e4] [operator][epoch 003] lambda=0.0000 train_mse=0.01132838 val_mse=0.01796204 val_mae=0.09964602
[worker1/operator_darcy_student_lift_v2_gpu1] [operator_darcy_student_lift_v2/ctrl_ft_lr2e4] [operator][epoch 004] lambda=0.0000 train_mse=0.01147731 val_mse=0.01873684 val_mae=0.10238946
[worker1/operator_darcy_student_lift_v2_gpu1] [operator_darcy_student_lift_v2/ctrl_ft_lr2e4] [operator][epoch 005] lambda=0.0000 train_mse=0.01181360 val_mse=0.01880928 val_mae=0.10239746
[worker1/operator_darcy_student_lift_v2_gpu1] [operator_darcy_student_lift_v2/ctrl_ft_lr2e4] [operator][epoch 006] lambda=0.0000 train_mse=0.01128243 val_mse=0.01797191 val_mae=0.10015201
[worker1/operator_darcy_student_lift_v2_gpu1] [operator_darcy_student_lift_v2/ctrl_ft_lr2e4] [operator][epoch 007] lambda=0.0000 train_mse=0.01125920 val_mse=0.01809780 val_mae=0.09994567
[worker1/operator_darcy_student_lift_v2_gpu1] [operator_darcy_student_lift_v2/ctrl_ft_lr2e4] [operator][epoch 008] lambda=0.0000 train_mse=0.01061857 val_mse=0.01822401 val_mae=0.10041419
[worker1/operator_burgers_student_lift_v2_gpu0] [operator_burgers_student_lift_v2/ctrl_ft_lr4e4] [operator][epoch 131] lambda=0.0000 train_mse=0.00655683 val_mse=0.00923114 val_mae=0.06154397
[worker1/operator_burgers_student_lift_v2_gpu0] [operator_burgers_student_lift_v2/ctrl_ft_lr4e4] [operator][epoch 132] lambda=0.0000 train_mse=0.00734005 val_mse=0.00485228 val_mae=0.04321268
[worker1/operator_burgers_student_lift_v2_gpu0] [operator_burgers_student_lift_v2/ctrl_ft_lr4e4] [operator][epoch 133] lambda=0.0000 train_mse=0.00527470 val_mse=0.00539661 val_mae=0.04370568
[worker1/operator_burgers_student_lift_v2_gpu0] [operator_burgers_student_lift_v2/ctrl_ft_lr4e4] [operator][epoch 134] lambda=0.0000 train_mse=0.00716782 val_mse=0.00563300 val_mae=0.04826521
[worker1/operator_burgers_student_lift_v2_gpu0] [operator_burgers_student_lift_v2/ctrl_ft_lr4e4] [operator][epoch 135] lambda=0.0000 train_mse=0.00531043 val_mse=0.00473511 val_mae=0.04064810
[worker1/operator_burgers_student_lift_v2_gpu0] [operator_burgers_student_lift_v2/ctrl_ft_lr4e4] [operator][epoch 136] lambda=0.0000 train_mse=0.00629271 val_mse=0.00688982 val_mae=0.05205217
[worker1/operator_burgers_student_lift_v2_gpu0] [operator_burgers_student_lift_v2/ctrl_ft_lr4e4] [operator][epoch 137] lambda=0.0000 train_mse=0.00705102 val_mse=0.00509234 val_mae=0.04516472
[worker1/operator_burgers_student_lift_v2_gpu0] [operator_burgers_student_lift_v2/ctrl_ft_lr4e4] [operator][epoch 138] lambda=0.0000 train_mse=0.00625339 val_mse=0.00553144 val_mae=0.04771606
[worker1/operator_burgers_student_lift_v2_gpu0] [operator_burgers_student_lift_v2/ctrl_ft_lr4e4] [operator][epoch 139] lambda=0.0000 train_mse=0.00529294 val_mse=0.00533164 val_mae=0.04582632
[worker1/operator_burgers_student_lift_v2_gpu0] [operator_burgers_student_lift_v2/ctrl_ft_lr4e4] [operator][epoch 140] lambda=0.0000 train_mse=0.00496315 val_mse=0.00498905 val_mae=0.04456133
[worker1/operator_burgers_student_lift_v2_gpu0] [operator_burgers_student_lift_v2/ctrl_ft_lr4e4] [operator][epoch 140] updated live plot
[worker1/operator_burgers_student_lift_v2_gpu0] [operator_burgers_student_lift_v2/ctrl_ft_lr4e4] [operator] done
[worker1/operator_burgers_student_lift_v2_gpu0] [operator_burgers_student_lift_v2/sample_ft_l004_w20_d60_120_lr4e4] lock -> /home/namkyeong/ssmo/results/.locks/operator_burgers_student_lift_v2_sample_ft_l004_w20_d60_120_lr4e4.lock
[worker1/operator_burgers_student_lift_v2_gpu0] [operator_burgers_student_lift_v2/sample_ft_l004_w20_d60_120_lr4e4] log -> results/logs/operator_burgers_student_lift_v2/sample_ft_l004_w20_d60_120_lr4e4.log
[worker1/operator_burgers_student_lift_v2_gpu0] [operator_burgers_student_lift_v2/sample_ft_l004_w20_d60_120_lr4e4] [operator] output_dir=results/operator_burgers_student_lift_v2/sample_ft_l004_w20_d60_120_lr4e4
[worker1/operator_burgers_student_lift_v2_gpu0] [operator_burgers_student_lift_v2/sample_ft_l004_w20_d60_120_lr4e4] [operator] methods=ssml
[worker1/operator_burgers_student_lift_v2_gpu0] [operator_burgers_student_lift_v2/sample_ft_l004_w20_d60_120_lr4e4] [operator] model_pairs=deeponet:fno
[worker1/operator_burgers_student_lift_v2_gpu0] [operator_burgers_student_lift_v2/sample_ft_l004_w20_d60_120_lr4e4] [operator] dataset=burgers pair=deeponet:fno method=ssml seed=0
[worker1/operator_burgers_student_lift_v2_gpu0] [operator_burgers_student_lift_v2/sample_ft_l004_w20_d60_120_lr4e4] [operator] loaded init_checkpoint=results/operator_burgers_followup_v1/burgers_l005_m0_w12_d60_120_ow1/operator/burgers/deeponet_independent_mse_seed0/model.pt
[worker1/operator_burgers_student_lift_v2_gpu0] [operator_burgers_student_lift_v2/sample_ft_l004_w20_d60_120_lr4e4] [operator] loaded peer_init_checkpoint=results/operator_burgers_followup_v1/burgers_l005_m0_w12_d60_120_ow1/operator/burgers/fno_independent_mse_seed0/model.pt
[worker1/operator_burgers_student_lift_v2_gpu0] [operator_burgers_student_lift_v2/sample_ft_l004_w20_d60_120_lr4e4] [operator] run_dir=results/operator_burgers_student_lift_v2/sample_ft_l004_w20_d60_120_lr4e4/operator/burgers/deeponet__fno_ssml_mse_seed0
[worker1/operator_burgers_student_lift_v2_gpu0] [operator_burgers_student_lift_v2/sample_ft_l004_w20_d60_120_lr4e4] [operator] params=198656
[worker1/operator_burgers_student_lift_v2_gpu0] [operator_burgers_student_lift_v2/sample_ft_l004_w20_d60_120_lr4e4] [operator] granularity=sample student_only=True freeze_peer=True peer_updates_disabled=True
[worker1/operator_burgers_student_lift_v2_gpu0] [operator_burgers_student_lift_v2/sample_ft_l004_w20_d60_120_lr4e4] [operator][epoch 001] lambda=0.0000 train_mse=0.02711914 val_mse=0.02392295 val_mae=0.10446498 | peer_val_mse=0.00001139 peer_val_mae=0.00234510
[worker1/operator_burgers_student_lift_v2_gpu0] [operator_burgers_student_lift_v2/sample_ft_l004_w20_d60_120_lr4e4] [operator][epoch 002] lambda=0.0000 train_mse=0.02047133 val_mse=0.02009273 val_mae=0.09171299 | peer_val_mse=0.00001139 peer_val_mae=0.00234510
[worker1/operator_burgers_student_lift_v2_gpu0] [operator_burgers_student_lift_v2/sample_ft_l004_w20_d60_120_lr4e4] [operator][epoch 003] lambda=0.0000 train_mse=0.01908412 val_mse=0.01992241 val_mae=0.09056487 | peer_val_mse=0.00001139 peer_val_mae=0.00234510
[worker1/operator_burgers_student_lift_v2_gpu0] [operator_burgers_student_lift_v2/sample_ft_l004_w20_d60_120_lr4e4] [operator][epoch 004] lambda=0.0000 train_mse=0.01800353 val_mse=0.02286418 val_mae=0.10457974 | peer_val_mse=0.00001139 peer_val_mae=0.00234510
[worker1/operator_burgers_student_lift_v2_gpu0] [operator_burgers_student_lift_v2/sample_ft_l004_w20_d60_120_lr4e4] [operator][epoch 005] lambda=0.0000 train_mse=0.01779333 val_mse=0.01905327 val_mae=0.08989583 | peer_val_mse=0.00001139 peer_val_mae=0.00234510
[worker1/operator_burgers_student_lift_v2_gpu0] [operator_burgers_student_lift_v2/sample_ft_l004_w20_d60_120_lr4e4] [operator][epoch 006] lambda=0.0000 train_mse=0.01550376 val_mse=0.01900476 val_mae=0.08858539 | peer_val_mse=0.00001139 peer_val_mae=0.00234510
[worker1/operator_burgers_student_lift_v2_gpu0] [operator_burgers_student_lift_v2/sample_ft_l004_w20_d60_120_lr4e4] [operator][epoch 007] lambda=0.0000 train_mse=0.01862083 val_mse=0.01772069 val_mae=0.08787455 | peer_val_mse=0.00001139 peer_val_mae=0.00234510
[worker1/operator_burgers_student_lift_v2_gpu0] [operator_burgers_student_lift_v2/sample_ft_l004_w20_d60_120_lr4e4] [operator][epoch 008] lambda=0.0000 train_mse=0.01443382 val_mse=0.01913391 val_mae=0.08846570 | peer_val_mse=0.00001139 peer_val_mae=0.00234510
[worker1/operator_burgers_student_lift_v2_gpu0] [operator_burgers_student_lift_v2/sample_ft_l004_w20_d60_120_lr4e4] [operator][epoch 009] lambda=0.0000 train_mse=0.01364185 val_mse=0.01638878 val_mae=0.08127298 | peer_val_mse=0.00001139 peer_val_mae=0.00234510
[worker1/operator_burgers_student_lift_v2_gpu0] [operator_burgers_student_lift_v2/sample_ft_l004_w20_d60_120_lr4e4] [operator][epoch 010] lambda=0.0000 train_mse=0.01413487 val_mse=0.01533197 val_mae=0.07699859 | peer_val_mse=0.00001139 peer_val_mae=0.00234510
[worker1/operator_burgers_student_lift_v2_gpu0] [operator_burgers_student_lift_v2/sample_ft_l004_w20_d60_120_lr4e4] [operator][epoch 011] lambda=0.0000 train_mse=0.01320422 val_mse=0.01462285 val_mae=0.07749014 | peer_val_mse=0.00001139 peer_val_mae=0.00234510
[worker1/operator_burgers_student_lift_v2_gpu0] [operator_burgers_student_lift_v2/sample_ft_l004_w20_d60_120_lr4e4] [operator][epoch 012] lambda=0.0000 train_mse=0.01587246 val_mse=0.01853472 val_mae=0.08707945 | peer_val_mse=0.00001139 peer_val_mae=0.00234510
[worker1/operator_burgers_student_lift_v2_gpu0] [operator_burgers_student_lift_v2/sample_ft_l004_w20_d60_120_lr4e4] [operator][epoch 013] lambda=0.0000 train_mse=0.01243115 val_mse=0.01493638 val_mae=0.07814655 | peer_val_mse=0.00001139 peer_val_mae=0.00234510
[worker1/operator_burgers_student_lift_v2_gpu0] [operator_burgers_student_lift_v2/sample_ft_l004_w20_d60_120_lr4e4] [operator][epoch 014] lambda=0.0000 train_mse=0.01126797 val_mse=0.01332668 val_mae=0.07150189 | peer_val_mse=0.00001139 peer_val_mae=0.00234510
[worker1/operator_burgers_student_lift_v2_gpu0] [operator_burgers_student_lift_v2/sample_ft_l004_w20_d60_120_lr4e4] [operator][epoch 015] lambda=0.0000 train_mse=0.01184509 val_mse=0.01768362 val_mae=0.08839500 | peer_val_mse=0.00001139 peer_val_mae=0.00234510
[worker1/operator_burgers_student_lift_v2_gpu0] [operator_burgers_student_lift_v2/sample_ft_l004_w20_d60_120_lr4e4] [operator][epoch 016] lambda=0.0000 train_mse=0.01333188 val_mse=0.01470344 val_mae=0.07655722 | peer_val_mse=0.00001139 peer_val_mae=0.00234510
[worker1/operator_burgers_student_lift_v2_gpu0] [operator_burgers_student_lift_v2/sample_ft_l004_w20_d60_120_lr4e4] [operator][epoch 017] lambda=0.0000 train_mse=0.01218887 val_mse=0.01672383 val_mae=0.08358422 | peer_val_mse=0.00001139 peer_val_mae=0.00234510
[worker1/operator_burgers_student_lift_v2_gpu0] [operator_burgers_student_lift_v2/sample_ft_l004_w20_d60_120_lr4e4] [operator][epoch 018] lambda=0.0000 train_mse=0.01317989 val_mse=0.01371855 val_mae=0.07529911 | peer_val_mse=0.00001139 peer_val_mae=0.00234510
[worker1/operator_burgers_student_lift_v2_gpu0] [operator_burgers_student_lift_v2/sample_ft_l004_w20_d60_120_lr4e4] [operator][epoch 019] lambda=0.0000 train_mse=0.01362389 val_mse=0.02177055 val_mae=0.10215333 | peer_val_mse=0.00001139 peer_val_mae=0.00234510
[worker1/operator_burgers_student_lift_v2_gpu0] [operator_burgers_student_lift_v2/sample_ft_l004_w20_d60_120_lr4e4] [operator][epoch 020] lambda=0.0000 train_mse=0.01335603 val_mse=0.01234435 val_mae=0.06797941 | peer_val_mse=0.00001139 peer_val_mae=0.00234510
[worker1/operator_burgers_student_lift_v2_gpu0] [operator_burgers_student_lift_v2/sample_ft_l004_w20_d60_120_lr4e4] [operator][epoch 020] updated live plot
[worker1/operator_burgers_student_lift_v2_gpu0] [operator_burgers_student_lift_v2/sample_ft_l004_w20_d60_120_lr4e4] [operator][epoch 021] lambda=0.0400 train_mse=0.01067616 val_mse=0.01245308 val_mae=0.06776042 | peer_val_mse=0.00001139 peer_val_mae=0.00234510
[worker1/operator_burgers_student_lift_v2_gpu0] [operator_burgers_student_lift_v2/sample_ft_l004_w20_d60_120_lr4e4] [operator][epoch 022] lambda=0.0400 train_mse=0.01464172 val_mse=0.01708481 val_mae=0.08472971 | peer_val_mse=0.00001139 peer_val_mae=0.00234510
[worker1/operator_burgers_student_lift_v2_gpu0] [operator_burgers_student_lift_v2/sample_ft_l004_w20_d60_120_lr4e4] [operator][epoch 023] lambda=0.0400 train_mse=0.01197466 val_mse=0.01825059 val_mae=0.08998306 | peer_val_mse=0.00001139 peer_val_mae=0.00234510
[worker1/operator_burgers_student_lift_v2_gpu0] [operator_burgers_student_lift_v2/sample_ft_l004_w20_d60_120_lr4e4] [operator][epoch 024] lambda=0.0400 train_mse=0.01314027 val_mse=0.01275603 val_mae=0.07115125 | peer_val_mse=0.00001139 peer_val_mae=0.00234510
[worker1/operator_burgers_student_lift_v2_gpu0] [operator_burgers_student_lift_v2/sample_ft_l004_w20_d60_120_lr4e4] [operator][epoch 025] lambda=0.0400 train_mse=0.01236103 val_mse=0.01259080 val_mae=0.07137426 | peer_val_mse=0.00001139 peer_val_mae=0.00234510
[worker1/operator_burgers_student_lift_v2_gpu0] [operator_burgers_student_lift_v2/sample_ft_l004_w20_d60_120_lr4e4] [operator][epoch 026] lambda=0.0400 train_mse=0.01154250 val_mse=0.01200885 val_mae=0.06454001 | peer_val_mse=0.00001139 peer_val_mae=0.00234510
[worker1/operator_burgers_student_lift_v2_gpu0] [operator_burgers_student_lift_v2/sample_ft_l004_w20_d60_120_lr4e4] [operator][epoch 027] lambda=0.0400 train_mse=0.00938669 val_mse=0.01174624 val_mae=0.06669130 | peer_val_mse=0.00001139 peer_val_mae=0.00234510
[worker1/operator_burgers_student_lift_v2_gpu0] [operator_burgers_student_lift_v2/sample_ft_l004_w20_d60_120_lr4e4] [operator][epoch 028] lambda=0.0400 train_mse=0.00960414 val_mse=0.01148439 val_mae=0.06655690 | peer_val_mse=0.00001139 peer_val_mae=0.00234510
[worker1/operator_burgers_student_lift_v2_gpu0] [operator_burgers_student_lift_v2/sample_ft_l004_w20_d60_120_lr4e4] [operator][epoch 029] lambda=0.0400 train_mse=0.00945563 val_mse=0.01166650 val_mae=0.06439019 | peer_val_mse=0.00001139 peer_val_mae=0.00234510
[worker1/operator_burgers_student_lift_v2_gpu0] [operator_burgers_student_lift_v2/sample_ft_l004_w20_d60_120_lr4e4] [operator][epoch 030] lambda=0.0400 train_mse=0.00839056 val_mse=0.01151802 val_mae=0.06453873 | peer_val_mse=0.00001139 peer_val_mae=0.00234510
[worker1/operator_burgers_student_lift_v2_gpu0] [operator_burgers_student_lift_v2/sample_ft_l004_w20_d60_120_lr4e4] [operator][epoch 031] lambda=0.0400 train_mse=0.01032492 val_mse=0.01454781 val_mae=0.07371217 | peer_val_mse=0.00001139 peer_val_mae=0.00234510
[worker1/operator_burgers_student_lift_v2_gpu0] [operator_burgers_student_lift_v2/sample_ft_l004_w20_d60_120_lr4e4] [operator][epoch 032] lambda=0.0400 train_mse=0.01271751 val_mse=0.01372522 val_mae=0.07203683 | peer_val_mse=0.00001139 peer_val_mae=0.00234510
[worker1/operator_burgers_student_lift_v2_gpu0] [operator_burgers_student_lift_v2/sample_ft_l004_w20_d60_120_lr4e4] [operator][epoch 033] lambda=0.0400 train_mse=0.01387091 val_mse=0.01511575 val_mae=0.07802123 | peer_val_mse=0.00001139 peer_val_mae=0.00234510
[worker1/operator_burgers_student_lift_v2_gpu0] [operator_burgers_student_lift_v2/sample_ft_l004_w20_d60_120_lr4e4] [operator][epoch 034] lambda=0.0400 train_mse=0.01044476 val_mse=0.01234236 val_mae=0.06756126 | peer_val_mse=0.00001139 peer_val_mae=0.00234510
[worker1/operator_burgers_student_lift_v2_gpu0] [operator_burgers_student_lift_v2/sample_ft_l004_w20_d60_120_lr4e4] [operator][epoch 035] lambda=0.0400 train_mse=0.00842838 val_mse=0.01349242 val_mae=0.07126654 | peer_val_mse=0.00001139 peer_val_mae=0.00234510
[worker1/operator_burgers_student_lift_v2_gpu0] [operator_burgers_student_lift_v2/sample_ft_l004_w20_d60_120_lr4e4] [operator][epoch 036] lambda=0.0400 train_mse=0.01094418 val_mse=0.01119992 val_mae=0.06487428 | peer_val_mse=0.00001139 peer_val_mae=0.00234510
[worker1/operator_burgers_student_lift_v2_gpu0] [operator_burgers_student_lift_v2/sample_ft_l004_w20_d60_120_lr4e4] [operator][epoch 037] lambda=0.0400 train_mse=0.00832957 val_mse=0.01035163 val_mae=0.06075523 | peer_val_mse=0.00001139 peer_val_mae=0.00234510
[worker1/operator_burgers_student_lift_v2_gpu0] [operator_burgers_student_lift_v2/sample_ft_l004_w20_d60_120_lr4e4] [operator][epoch 038] lambda=0.0400 train_mse=0.00931050 val_mse=0.01357482 val_mae=0.07339030 | peer_val_mse=0.00001139 peer_val_mae=0.00234510
[worker1/operator_burgers_student_lift_v2_gpu0] [operator_burgers_student_lift_v2/sample_ft_l004_w20_d60_120_lr4e4] [operator][epoch 039] lambda=0.0400 train_mse=0.01094836 val_mse=0.01228407 val_mae=0.06933482 | peer_val_mse=0.00001139 peer_val_mae=0.00234510
[worker1/operator_burgers_student_lift_v2_gpu0] [operator_burgers_student_lift_v2/sample_ft_l004_w20_d60_120_lr4e4] [operator][epoch 040] lambda=0.0400 train_mse=0.00971983 val_mse=0.01049711 val_mae=0.06356367 | peer_val_mse=0.00001139 peer_val_mae=0.00234510
[worker1/operator_darcy_student_lift_v2_gpu1] [operator_darcy_student_lift_v2/ctrl_ft_lr2e4] [operator][epoch 009] lambda=0.0000 train_mse=0.01083760 val_mse=0.01826562 val_mae=0.10131595
[worker1/operator_darcy_student_lift_v2_gpu1] [operator_darcy_student_lift_v2/ctrl_ft_lr2e4] [operator][epoch 010] lambda=0.0000 train_mse=0.01034409 val_mse=0.01849682 val_mae=0.10157749
[worker1/operator_darcy_student_lift_v2_gpu1] [operator_darcy_student_lift_v2/ctrl_ft_lr2e4] [operator][epoch 011] lambda=0.0000 train_mse=0.01032175 val_mse=0.01841282 val_mae=0.10026712
[worker1/operator_darcy_student_lift_v2_gpu1] [operator_darcy_student_lift_v2/ctrl_ft_lr2e4] [operator][epoch 012] lambda=0.0000 train_mse=0.01168594 val_mse=0.02099432 val_mae=0.10832442
[worker1/operator_darcy_student_lift_v2_gpu1] [operator_darcy_student_lift_v2/ctrl_ft_lr2e4] [operator][epoch 013] lambda=0.0000 train_mse=0.01198745 val_mse=0.01801655 val_mae=0.09881284
[worker1/operator_darcy_student_lift_v2_gpu1] [operator_darcy_student_lift_v2/ctrl_ft_lr2e4] [operator][epoch 014] lambda=0.0000 train_mse=0.01038330 val_mse=0.01831840 val_mae=0.10048764
[worker1/operator_darcy_student_lift_v2_gpu1] [operator_darcy_student_lift_v2/ctrl_ft_lr2e4] [operator][epoch 015] lambda=0.0000 train_mse=0.01050105 val_mse=0.01797284 val_mae=0.09948082
[worker1/operator_darcy_student_lift_v2_gpu1] [operator_darcy_student_lift_v2/ctrl_ft_lr2e4] [operator][epoch 016] lambda=0.0000 train_mse=0.00977404 val_mse=0.01794840 val_mae=0.09899266
[worker1/operator_darcy_student_lift_v2_gpu1] [operator_darcy_student_lift_v2/ctrl_ft_lr2e4] [operator][epoch 017] lambda=0.0000 train_mse=0.01010629 val_mse=0.01763967 val_mae=0.09817172
[worker1/operator_darcy_student_lift_v2_gpu1] [operator_darcy_student_lift_v2/ctrl_ft_lr2e4] [operator][epoch 018] lambda=0.0000 train_mse=0.00967501 val_mse=0.01847155 val_mae=0.09964655
[worker1/operator_darcy_student_lift_v2_gpu1] [operator_darcy_student_lift_v2/ctrl_ft_lr2e4] [operator][epoch 019] lambda=0.0000 train_mse=0.01129584 val_mse=0.01830359 val_mae=0.10090372
[worker1/operator_darcy_student_lift_v2_gpu1] [operator_darcy_student_lift_v2/ctrl_ft_lr2e4] [operator][epoch 020] lambda=0.0000 train_mse=0.01012894 val_mse=0.01762339 val_mae=0.09751499
[worker1/operator_darcy_student_lift_v2_gpu1] [operator_darcy_student_lift_v2/ctrl_ft_lr2e4] [operator][epoch 020] updated live plot
[worker1/operator_darcy_student_lift_v2_gpu1] [operator_darcy_student_lift_v2/ctrl_ft_lr2e4] [operator][epoch 021] lambda=0.0000 train_mse=0.00917090 val_mse=0.01792152 val_mae=0.09977570
[worker1/operator_darcy_student_lift_v2_gpu1] [operator_darcy_student_lift_v2/ctrl_ft_lr2e4] [operator][epoch 022] lambda=0.0000 train_mse=0.00928551 val_mse=0.01714410 val_mae=0.09637723
[worker1/operator_darcy_student_lift_v2_gpu1] [operator_darcy_student_lift_v2/ctrl_ft_lr2e4] [operator][epoch 023] lambda=0.0000 train_mse=0.00942810 val_mse=0.01797362 val_mae=0.09938178
[worker1/operator_darcy_student_lift_v2_gpu1] [operator_darcy_student_lift_v2/ctrl_ft_lr2e4] [operator][epoch 024] lambda=0.0000 train_mse=0.00933215 val_mse=0.01817621 val_mae=0.09974570
[worker1/operator_darcy_student_lift_v2_gpu1] [operator_darcy_student_lift_v2/ctrl_ft_lr2e4] [operator][epoch 025] lambda=0.0000 train_mse=0.00886628 val_mse=0.01682625 val_mae=0.09536484
[worker1/operator_darcy_student_lift_v2_gpu1] [operator_darcy_student_lift_v2/ctrl_ft_lr2e4] [operator][epoch 026] lambda=0.0000 train_mse=0.00918397 val_mse=0.01740857 val_mae=0.09752252
[worker1/operator_darcy_student_lift_v2_gpu1] [operator_darcy_student_lift_v2/ctrl_ft_lr2e4] [operator][epoch 027] lambda=0.0000 train_mse=0.01093508 val_mse=0.01961515 val_mae=0.10385562
[worker1/operator_darcy_student_lift_v2_gpu1] [operator_darcy_student_lift_v2/ctrl_ft_lr2e4] [operator][epoch 028] lambda=0.0000 train_mse=0.01186910 val_mse=0.01852538 val_mae=0.10018802
[worker1/operator_darcy_student_lift_v2_gpu1] [operator_darcy_student_lift_v2/ctrl_ft_lr2e4] [operator][epoch 029] lambda=0.0000 train_mse=0.01018092 val_mse=0.01799840 val_mae=0.09949972
[worker1/operator_darcy_student_lift_v2_gpu1] [operator_darcy_student_lift_v2/ctrl_ft_lr2e4] [operator][epoch 030] lambda=0.0000 train_mse=0.00917785 val_mse=0.01691187 val_mae=0.09534715
[worker1/operator_darcy_student_lift_v2_gpu1] [operator_darcy_student_lift_v2/ctrl_ft_lr2e4] [operator][epoch 031] lambda=0.0000 train_mse=0.00866184 val_mse=0.01706021 val_mae=0.09568396
[worker1/operator_darcy_student_lift_v2_gpu1] [operator_darcy_student_lift_v2/ctrl_ft_lr2e4] [operator][epoch 032] lambda=0.0000 train_mse=0.00831333 val_mse=0.01819031 val_mae=0.09842481
[worker1/operator_darcy_student_lift_v2_gpu1] [operator_darcy_student_lift_v2/ctrl_ft_lr2e4] [operator][epoch 033] lambda=0.0000 train_mse=0.00863528 val_mse=0.01654764 val_mae=0.09439301
[worker1/operator_darcy_student_lift_v2_gpu1] [operator_darcy_student_lift_v2/ctrl_ft_lr2e4] [operator][epoch 034] lambda=0.0000 train_mse=0.00869466 val_mse=0.01674423 val_mae=0.09507166
[worker1/operator_darcy_student_lift_v2_gpu1] [operator_darcy_student_lift_v2/ctrl_ft_lr2e4] [operator][epoch 035] lambda=0.0000 train_mse=0.00846293 val_mse=0.01949992 val_mae=0.10241818
[worker1/operator_darcy_student_lift_v2_gpu1] [operator_darcy_student_lift_v2/ctrl_ft_lr2e4] [operator][epoch 036] lambda=0.0000 train_mse=0.00846030 val_mse=0.01642459 val_mae=0.09410991
[worker1/operator_burgers_student_lift_v2_gpu0] [operator_burgers_student_lift_v2/sample_ft_l004_w20_d60_120_lr4e4] [operator][epoch 040] updated live plot
[worker1/operator_burgers_student_lift_v2_gpu0] [operator_burgers_student_lift_v2/sample_ft_l004_w20_d60_120_lr4e4] [operator][epoch 041] lambda=0.0400 train_mse=0.00766532 val_mse=0.01053477 val_mae=0.06282712 | peer_val_mse=0.00001139 peer_val_mae=0.00234510
[worker1/operator_burgers_student_lift_v2_gpu0] [operator_burgers_student_lift_v2/sample_ft_l004_w20_d60_120_lr4e4] [operator][epoch 042] lambda=0.0400 train_mse=0.00822073 val_mse=0.01018926 val_mae=0.05846787 | peer_val_mse=0.00001139 peer_val_mae=0.00234510
[worker1/operator_burgers_student_lift_v2_gpu0] [operator_burgers_student_lift_v2/sample_ft_l004_w20_d60_120_lr4e4] [operator][epoch 043] lambda=0.0400 train_mse=0.00887383 val_mse=0.01069805 val_mae=0.06425094 | peer_val_mse=0.00001139 peer_val_mae=0.00234510
[worker1/operator_burgers_student_lift_v2_gpu0] [operator_burgers_student_lift_v2/sample_ft_l004_w20_d60_120_lr4e4] [operator][epoch 044] lambda=0.0400 train_mse=0.00998818 val_mse=0.01064038 val_mae=0.06127184 | peer_val_mse=0.00001139 peer_val_mae=0.00234510
[worker1/operator_burgers_student_lift_v2_gpu0] [operator_burgers_student_lift_v2/sample_ft_l004_w20_d60_120_lr4e4] [operator][epoch 045] lambda=0.0400 train_mse=0.00827203 val_mse=0.01037971 val_mae=0.05841094 | peer_val_mse=0.00001139 peer_val_mae=0.00234510
[worker1/operator_burgers_student_lift_v2_gpu0] [operator_burgers_student_lift_v2/sample_ft_l004_w20_d60_120_lr4e4] [operator][epoch 046] lambda=0.0400 train_mse=0.00853172 val_mse=0.01129834 val_mae=0.06793216 | peer_val_mse=0.00001139 peer_val_mae=0.00234510
[worker1/operator_burgers_student_lift_v2_gpu0] [operator_burgers_student_lift_v2/sample_ft_l004_w20_d60_120_lr4e4] [operator][epoch 047] lambda=0.0400 train_mse=0.00777211 val_mse=0.01074305 val_mae=0.05947812 | peer_val_mse=0.00001139 peer_val_mae=0.00234510
[worker1/operator_burgers_student_lift_v2_gpu0] [operator_burgers_student_lift_v2/sample_ft_l004_w20_d60_120_lr4e4] [operator][epoch 048] lambda=0.0400 train_mse=0.00754791 val_mse=0.00929069 val_mae=0.05505596 | peer_val_mse=0.00001139 peer_val_mae=0.00234510
[worker1/operator_burgers_student_lift_v2_gpu0] [operator_burgers_student_lift_v2/sample_ft_l004_w20_d60_120_lr4e4] [operator][epoch 049] lambda=0.0400 train_mse=0.00753988 val_mse=0.01072200 val_mae=0.06321450 | peer_val_mse=0.00001139 peer_val_mae=0.00234510
[worker1/operator_burgers_student_lift_v2_gpu0] [operator_burgers_student_lift_v2/sample_ft_l004_w20_d60_120_lr4e4] [operator][epoch 050] lambda=0.0400 train_mse=0.00843007 val_mse=0.00959614 val_mae=0.05654654 | peer_val_mse=0.00001139 peer_val_mae=0.00234510
[worker1/operator_burgers_student_lift_v2_gpu0] [operator_burgers_student_lift_v2/sample_ft_l004_w20_d60_120_lr4e4] [operator][epoch 051] lambda=0.0400 train_mse=0.00820120 val_mse=0.00972368 val_mae=0.05944675 | peer_val_mse=0.00001139 peer_val_mae=0.00234510
[worker1/operator_burgers_student_lift_v2_gpu0] [operator_burgers_student_lift_v2/sample_ft_l004_w20_d60_120_lr4e4] [operator][epoch 052] lambda=0.0400 train_mse=0.00960157 val_mse=0.01177483 val_mae=0.06752675 | peer_val_mse=0.00001139 peer_val_mae=0.00234510
[worker1/operator_burgers_student_lift_v2_gpu0] [operator_burgers_student_lift_v2/sample_ft_l004_w20_d60_120_lr4e4] [operator][epoch 053] lambda=0.0400 train_mse=0.01012726 val_mse=0.01067519 val_mae=0.06232516 | peer_val_mse=0.00001139 peer_val_mae=0.00234510
[worker1/operator_burgers_student_lift_v2_gpu0] [operator_burgers_student_lift_v2/sample_ft_l004_w20_d60_120_lr4e4] [operator][epoch 054] lambda=0.0400 train_mse=0.00890684 val_mse=0.01002718 val_mae=0.05938627 | peer_val_mse=0.00001139 peer_val_mae=0.00234510
[worker1/operator_burgers_student_lift_v2_gpu0] [operator_burgers_student_lift_v2/sample_ft_l004_w20_d60_120_lr4e4] [operator][epoch 055] lambda=0.0400 train_mse=0.00680994 val_mse=0.00900109 val_mae=0.05426134 | peer_val_mse=0.00001139 peer_val_mae=0.00234510
[worker1/operator_burgers_student_lift_v2_gpu0] [operator_burgers_student_lift_v2/sample_ft_l004_w20_d60_120_lr4e4] [operator][epoch 056] lambda=0.0400 train_mse=0.00718076 val_mse=0.00999551 val_mae=0.05907965 | peer_val_mse=0.00001139 peer_val_mae=0.00234510
[worker1/operator_burgers_student_lift_v2_gpu0] [operator_burgers_student_lift_v2/sample_ft_l004_w20_d60_120_lr4e4] [operator][epoch 057] lambda=0.0400 train_mse=0.00812431 val_mse=0.00867137 val_mae=0.05317716 | peer_val_mse=0.00001139 peer_val_mae=0.00234510
[worker1/operator_burgers_student_lift_v2_gpu0] [operator_burgers_student_lift_v2/sample_ft_l004_w20_d60_120_lr4e4] [operator][epoch 058] lambda=0.0400 train_mse=0.00871006 val_mse=0.01275680 val_mae=0.07038425 | peer_val_mse=0.00001139 peer_val_mae=0.00234510
[worker1/operator_burgers_student_lift_v2_gpu0] [operator_burgers_student_lift_v2/sample_ft_l004_w20_d60_120_lr4e4] [operator][epoch 059] lambda=0.0400 train_mse=0.01099384 val_mse=0.01163876 val_mae=0.06732052 | peer_val_mse=0.00001139 peer_val_mae=0.00234510
[worker1/operator_burgers_student_lift_v2_gpu0] [operator_burgers_student_lift_v2/sample_ft_l004_w20_d60_120_lr4e4] [operator][epoch 060] lambda=0.0400 train_mse=0.00999726 val_mse=0.01060954 val_mae=0.06426747 | peer_val_mse=0.00001139 peer_val_mae=0.00234510
[worker1/operator_burgers_student_lift_v2_gpu0] [operator_burgers_student_lift_v2/sample_ft_l004_w20_d60_120_lr4e4] [operator][epoch 060] updated live plot
[worker1/operator_burgers_student_lift_v2_gpu0] [operator_burgers_student_lift_v2/sample_ft_l004_w20_d60_120_lr4e4] [operator][epoch 061] lambda=0.0394 train_mse=0.00837284 val_mse=0.00997852 val_mae=0.06042776 | peer_val_mse=0.00001139 peer_val_mae=0.00234510
[worker1/operator_burgers_student_lift_v2_gpu0] [operator_burgers_student_lift_v2/sample_ft_l004_w20_d60_120_lr4e4] [operator][epoch 062] lambda=0.0388 train_mse=0.00657029 val_mse=0.00818811 val_mae=0.04962522 | peer_val_mse=0.00001139 peer_val_mae=0.00234510
[worker1/operator_burgers_student_lift_v2_gpu0] [operator_burgers_student_lift_v2/sample_ft_l004_w20_d60_120_lr4e4] [operator][epoch 063] lambda=0.0382 train_mse=0.00627781 val_mse=0.00834667 val_mae=0.05016986 | peer_val_mse=0.00001139 peer_val_mae=0.00234510
[worker1/operator_burgers_student_lift_v2_gpu0] [operator_burgers_student_lift_v2/sample_ft_l004_w20_d60_120_lr4e4] [operator][epoch 064] lambda=0.0376 train_mse=0.00646472 val_mse=0.00804958 val_mae=0.04915393 | peer_val_mse=0.00001139 peer_val_mae=0.00234510
[worker1/operator_burgers_student_lift_v2_gpu0] [operator_burgers_student_lift_v2/sample_ft_l004_w20_d60_120_lr4e4] [operator][epoch 065] lambda=0.0370 train_mse=0.00689759 val_mse=0.00986559 val_mae=0.05609121 | peer_val_mse=0.00001139 peer_val_mae=0.00234510
[worker1/operator_burgers_student_lift_v2_gpu0] [operator_burgers_student_lift_v2/sample_ft_l004_w20_d60_120_lr4e4] [operator][epoch 066] lambda=0.0364 train_mse=0.00743156 val_mse=0.00997876 val_mae=0.05970137 | peer_val_mse=0.00001139 peer_val_mae=0.00234510
[worker1/operator_burgers_student_lift_v2_gpu0] [operator_burgers_student_lift_v2/sample_ft_l004_w20_d60_120_lr4e4] [operator][epoch 067] lambda=0.0358 train_mse=0.00766051 val_mse=0.00965992 val_mae=0.05692143 | peer_val_mse=0.00001139 peer_val_mae=0.00234510
[worker1/operator_burgers_student_lift_v2_gpu0] [operator_burgers_student_lift_v2/sample_ft_l004_w20_d60_120_lr4e4] [operator][epoch 068] lambda=0.0352 train_mse=0.00758270 val_mse=0.00853166 val_mae=0.05382240 | peer_val_mse=0.00001139 peer_val_mae=0.00234510
[worker1/operator_burgers_student_lift_v2_gpu0] [operator_burgers_student_lift_v2/sample_ft_l004_w20_d60_120_lr4e4] [operator][epoch 069] lambda=0.0346 train_mse=0.00656512 val_mse=0.00994534 val_mae=0.06002474 | peer_val_mse=0.00001139 peer_val_mae=0.00234510
[worker1/operator_burgers_student_lift_v2_gpu0] [operator_burgers_student_lift_v2/sample_ft_l004_w20_d60_120_lr4e4] [operator][epoch 070] lambda=0.0340 train_mse=0.00726158 val_mse=0.00942397 val_mae=0.05457632 | peer_val_mse=0.00001139 peer_val_mae=0.00234510
[worker1/operator_burgers_student_lift_v2_gpu0] [operator_burgers_student_lift_v2/sample_ft_l004_w20_d60_120_lr4e4] [operator][epoch 071] lambda=0.0334 train_mse=0.00728299 val_mse=0.00852412 val_mae=0.05096797 | peer_val_mse=0.00001139 peer_val_mae=0.00234510
[worker1/operator_burgers_student_lift_v2_gpu0] [operator_burgers_student_lift_v2/sample_ft_l004_w20_d60_120_lr4e4] [operator][epoch 072] lambda=0.0328 train_mse=0.00713313 val_mse=0.00979375 val_mae=0.06132979 | peer_val_mse=0.00001139 peer_val_mae=0.00234510
[worker1/operator_burgers_student_lift_v2_gpu0] [operator_burgers_student_lift_v2/sample_ft_l004_w20_d60_120_lr4e4] [operator][epoch 073] lambda=0.0322 train_mse=0.00725109 val_mse=0.00871527 val_mae=0.05345793 | peer_val_mse=0.00001139 peer_val_mae=0.00234510
[worker1/operator_burgers_student_lift_v2_gpu0] [operator_burgers_student_lift_v2/sample_ft_l004_w20_d60_120_lr4e4] [operator][epoch 074] lambda=0.0316 train_mse=0.00689547 val_mse=0.00953816 val_mae=0.05965434 | peer_val_mse=0.00001139 peer_val_mae=0.00234510
[worker1/operator_burgers_student_lift_v2_gpu0] [operator_burgers_student_lift_v2/sample_ft_l004_w20_d60_120_lr4e4] [operator][epoch 075] lambda=0.0310 train_mse=0.00689542 val_mse=0.00861907 val_mae=0.05281198 | peer_val_mse=0.00001139 peer_val_mae=0.00234510
[worker1/operator_burgers_student_lift_v2_gpu0] [operator_burgers_student_lift_v2/sample_ft_l004_w20_d60_120_lr4e4] [operator][epoch 076] lambda=0.0304 train_mse=0.00648552 val_mse=0.00785653 val_mae=0.04941446 | peer_val_mse=0.00001139 peer_val_mae=0.00234510
[worker1/operator_burgers_student_lift_v2_gpu0] [operator_burgers_student_lift_v2/sample_ft_l004_w20_d60_120_lr4e4] [operator][epoch 077] lambda=0.0298 train_mse=0.00620628 val_mse=0.01001382 val_mae=0.05662919 | peer_val_mse=0.00001139 peer_val_mae=0.00234510
[worker1/operator_burgers_student_lift_v2_gpu0] [operator_burgers_student_lift_v2/sample_ft_l004_w20_d60_120_lr4e4] [operator][epoch 078] lambda=0.0292 train_mse=0.00680664 val_mse=0.01020745 val_mae=0.05882725 | peer_val_mse=0.00001139 peer_val_mae=0.00234510
[worker1/operator_burgers_student_lift_v2_gpu0] [operator_burgers_student_lift_v2/sample_ft_l004_w20_d60_120_lr4e4] [operator][epoch 079] lambda=0.0286 train_mse=0.00775169 val_mse=0.01091850 val_mae=0.06669546 | peer_val_mse=0.00001139 peer_val_mae=0.00234510
[worker1/operator_burgers_student_lift_v2_gpu0] [operator_burgers_student_lift_v2/sample_ft_l004_w20_d60_120_lr4e4] [operator][epoch 080] lambda=0.0280 train_mse=0.00873379 val_mse=0.00895137 val_mae=0.05741323 | peer_val_mse=0.00001139 peer_val_mae=0.00234510
[worker1/operator_burgers_student_lift_v2_gpu0] [operator_burgers_student_lift_v2/sample_ft_l004_w20_d60_120_lr4e4] [operator][epoch 080] updated live plot
[worker1/operator_burgers_student_lift_v2_gpu0] [operator_burgers_student_lift_v2/sample_ft_l004_w20_d60_120_lr4e4] [operator][epoch 081] lambda=0.0274 train_mse=0.00664425 val_mse=0.00809011 val_mae=0.05154273 | peer_val_mse=0.00001139 peer_val_mae=0.00234510
[worker1/operator_burgers_student_lift_v2_gpu0] [operator_burgers_student_lift_v2/sample_ft_l004_w20_d60_120_lr4e4] [operator][epoch 082] lambda=0.0268 train_mse=0.00735883 val_mse=0.01537854 val_mae=0.07185056 | peer_val_mse=0.00001139 peer_val_mae=0.00234510
[worker1/operator_burgers_student_lift_v2_gpu0] [operator_burgers_student_lift_v2/sample_ft_l004_w20_d60_120_lr4e4] [operator][epoch 083] lambda=0.0262 train_mse=0.01006770 val_mse=0.00938752 val_mae=0.05766644 | peer_val_mse=0.00001139 peer_val_mae=0.00234510
[worker1/operator_burgers_student_lift_v2_gpu0] [operator_burgers_student_lift_v2/sample_ft_l004_w20_d60_120_lr4e4] [operator][epoch 084] lambda=0.0256 train_mse=0.00972131 val_mse=0.01158852 val_mae=0.06475719 | peer_val_mse=0.00001139 peer_val_mae=0.00234510
[worker1/operator_burgers_student_lift_v2_gpu0] [operator_burgers_student_lift_v2/sample_ft_l004_w20_d60_120_lr4e4] [operator][epoch 085] lambda=0.0250 train_mse=0.00806608 val_mse=0.00889168 val_mae=0.05402066 | peer_val_mse=0.00001139 peer_val_mae=0.00234510
[worker1/operator_burgers_student_lift_v2_gpu0] [operator_burgers_student_lift_v2/sample_ft_l004_w20_d60_120_lr4e4] [operator][epoch 086] lambda=0.0244 train_mse=0.00606194 val_mse=0.00818911 val_mae=0.05069149 | peer_val_mse=0.00001139 peer_val_mae=0.00234510
[worker1/operator_burgers_student_lift_v2_gpu0] [operator_burgers_student_lift_v2/sample_ft_l004_w20_d60_120_lr4e4] [operator][epoch 087] lambda=0.0238 train_mse=0.00666821 val_mse=0.01070843 val_mae=0.05942905 | peer_val_mse=0.00001139 peer_val_mae=0.00234510
[worker1/operator_burgers_student_lift_v2_gpu0] [operator_burgers_student_lift_v2/sample_ft_l004_w20_d60_120_lr4e4] [operator][epoch 088] lambda=0.0232 train_mse=0.00701598 val_mse=0.00831000 val_mae=0.05188608 | peer_val_mse=0.00001139 peer_val_mae=0.00234510
[worker1/operator_burgers_student_lift_v2_gpu0] [operator_burgers_student_lift_v2/sample_ft_l004_w20_d60_120_lr4e4] [operator][epoch 089] lambda=0.0226 train_mse=0.00714170 val_mse=0.00831035 val_mae=0.05006166 | peer_val_mse=0.00001139 peer_val_mae=0.00234510
[worker1/operator_burgers_student_lift_v2_gpu0] [operator_burgers_student_lift_v2/sample_ft_l004_w20_d60_120_lr4e4] [operator][epoch 090] lambda=0.0220 train_mse=0.00601853 val_mse=0.00817421 val_mae=0.04971353 | peer_val_mse=0.00001139 peer_val_mae=0.00234510
[worker1/operator_burgers_student_lift_v2_gpu0] [operator_burgers_student_lift_v2/sample_ft_l004_w20_d60_120_lr4e4] [operator][epoch 091] lambda=0.0214 train_mse=0.00688252 val_mse=0.00988312 val_mae=0.05789662 | peer_val_mse=0.00001139 peer_val_mae=0.00234510
[worker1/operator_burgers_student_lift_v2_gpu0] [operator_burgers_student_lift_v2/sample_ft_l004_w20_d60_120_lr4e4] [operator][epoch 092] lambda=0.0208 train_mse=0.00640290 val_mse=0.00769630 val_mae=0.04985372 | peer_val_mse=0.00001139 peer_val_mae=0.00234510
[worker1/operator_burgers_student_lift_v2_gpu0] [operator_burgers_student_lift_v2/sample_ft_l004_w20_d60_120_lr4e4] [operator][epoch 093] lambda=0.0202 train_mse=0.00565334 val_mse=0.00778706 val_mae=0.04877497 | peer_val_mse=0.00001139 peer_val_mae=0.00234510
[worker1/operator_burgers_student_lift_v2_gpu0] [operator_burgers_student_lift_v2/sample_ft_l004_w20_d60_120_lr4e4] [operator][epoch 094] lambda=0.0196 train_mse=0.00749510 val_mse=0.01140844 val_mae=0.06823778 | peer_val_mse=0.00001139 peer_val_mae=0.00234510
[worker1/operator_darcy_student_lift_v2_gpu1] [operator_darcy_student_lift_v2/ctrl_ft_lr2e4] [operator][epoch 037] lambda=0.0000 train_mse=0.00840052 val_mse=0.01664547 val_mae=0.09509052
[worker1/operator_darcy_student_lift_v2_gpu1] [operator_darcy_student_lift_v2/ctrl_ft_lr2e4] [operator][epoch 038] lambda=0.0000 train_mse=0.00838078 val_mse=0.01653570 val_mae=0.09444762
[worker1/operator_darcy_student_lift_v2_gpu1] [operator_darcy_student_lift_v2/ctrl_ft_lr2e4] [operator][epoch 039] lambda=0.0000 train_mse=0.00795890 val_mse=0.01641608 val_mae=0.09376146
[worker1/operator_darcy_student_lift_v2_gpu1] [operator_darcy_student_lift_v2/ctrl_ft_lr2e4] [operator][epoch 040] lambda=0.0000 train_mse=0.00778599 val_mse=0.01712403 val_mae=0.09612556
[worker1/operator_darcy_student_lift_v2_gpu1] [operator_darcy_student_lift_v2/ctrl_ft_lr2e4] [operator][epoch 040] updated live plot
[worker1/operator_darcy_student_lift_v2_gpu1] [operator_darcy_student_lift_v2/ctrl_ft_lr2e4] [operator][epoch 041] lambda=0.0000 train_mse=0.00773035 val_mse=0.01709145 val_mae=0.09522061
[worker1/operator_darcy_student_lift_v2_gpu1] [operator_darcy_student_lift_v2/ctrl_ft_lr2e4] [operator][epoch 042] lambda=0.0000 train_mse=0.00795350 val_mse=0.01723380 val_mae=0.09556649
[worker1/operator_darcy_student_lift_v2_gpu1] [operator_darcy_student_lift_v2/ctrl_ft_lr2e4] [operator][epoch 043] lambda=0.0000 train_mse=0.00822098 val_mse=0.01685046 val_mae=0.09513476
[worker1/operator_darcy_student_lift_v2_gpu1] [operator_darcy_student_lift_v2/ctrl_ft_lr2e4] [operator][epoch 044] lambda=0.0000 train_mse=0.00815730 val_mse=0.01754708 val_mae=0.09743123
[worker1/operator_darcy_student_lift_v2_gpu1] [operator_darcy_student_lift_v2/ctrl_ft_lr2e4] [operator][epoch 045] lambda=0.0000 train_mse=0.00829453 val_mse=0.01656871 val_mae=0.09448231
[worker1/operator_darcy_student_lift_v2_gpu1] [operator_darcy_student_lift_v2/ctrl_ft_lr2e4] [operator][epoch 046] lambda=0.0000 train_mse=0.00875464 val_mse=0.01759580 val_mae=0.09758327
[worker1/operator_darcy_student_lift_v2_gpu1] [operator_darcy_student_lift_v2/ctrl_ft_lr2e4] [operator][epoch 047] lambda=0.0000 train_mse=0.00841602 val_mse=0.01807624 val_mae=0.09873286
[worker1/operator_darcy_student_lift_v2_gpu1] [operator_darcy_student_lift_v2/ctrl_ft_lr2e4] [operator][epoch 048] lambda=0.0000 train_mse=0.00819381 val_mse=0.01689636 val_mae=0.09536652
[worker1/operator_darcy_student_lift_v2_gpu1] [operator_darcy_student_lift_v2/ctrl_ft_lr2e4] [operator][epoch 049] lambda=0.0000 train_mse=0.00774845 val_mse=0.01772792 val_mae=0.09778389
[worker1/operator_darcy_student_lift_v2_gpu1] [operator_darcy_student_lift_v2/ctrl_ft_lr2e4] [operator][epoch 050] lambda=0.0000 train_mse=0.00771840 val_mse=0.01603696 val_mae=0.09296225
[worker1/operator_darcy_student_lift_v2_gpu1] [operator_darcy_student_lift_v2/ctrl_ft_lr2e4] [operator][epoch 051] lambda=0.0000 train_mse=0.00742571 val_mse=0.01590983 val_mae=0.09217366
[worker1/operator_darcy_student_lift_v2_gpu1] [operator_darcy_student_lift_v2/ctrl_ft_lr2e4] [operator][epoch 052] lambda=0.0000 train_mse=0.00732894 val_mse=0.01658346 val_mae=0.09418592
[worker1/operator_darcy_student_lift_v2_gpu1] [operator_darcy_student_lift_v2/ctrl_ft_lr2e4] [operator][epoch 053] lambda=0.0000 train_mse=0.00745899 val_mse=0.01674654 val_mae=0.09574081
[worker1/operator_darcy_student_lift_v2_gpu1] [operator_darcy_student_lift_v2/ctrl_ft_lr2e4] [operator][epoch 054] lambda=0.0000 train_mse=0.00863755 val_mse=0.01785585 val_mae=0.09886976
[worker1/operator_darcy_student_lift_v2_gpu1] [operator_darcy_student_lift_v2/ctrl_ft_lr2e4] [operator][epoch 055] lambda=0.0000 train_mse=0.00985375 val_mse=0.01791611 val_mae=0.09862153
[worker1/operator_darcy_student_lift_v2_gpu1] [operator_darcy_student_lift_v2/ctrl_ft_lr2e4] [operator][epoch 056] lambda=0.0000 train_mse=0.00894223 val_mse=0.01654443 val_mae=0.09548602
[worker1/operator_darcy_student_lift_v2_gpu1] [operator_darcy_student_lift_v2/ctrl_ft_lr2e4] [operator][epoch 057] lambda=0.0000 train_mse=0.00815683 val_mse=0.01654241 val_mae=0.09440691
[worker1/operator_darcy_student_lift_v2_gpu1] [operator_darcy_student_lift_v2/ctrl_ft_lr2e4] [operator][epoch 058] lambda=0.0000 train_mse=0.00748245 val_mse=0.01589522 val_mae=0.09323515
[worker1/operator_darcy_student_lift_v2_gpu1] [operator_darcy_student_lift_v2/ctrl_ft_lr2e4] [operator][epoch 059] lambda=0.0000 train_mse=0.00729886 val_mse=0.01612096 val_mae=0.09228144
[worker1/operator_darcy_student_lift_v2_gpu1] [operator_darcy_student_lift_v2/ctrl_ft_lr2e4] [operator][epoch 060] lambda=0.0000 train_mse=0.00685639 val_mse=0.01546372 val_mae=0.09087586
[worker1/operator_darcy_student_lift_v2_gpu1] [operator_darcy_student_lift_v2/ctrl_ft_lr2e4] [operator][epoch 060] updated live plot
[worker1/operator_darcy_student_lift_v2_gpu1] [operator_darcy_student_lift_v2/ctrl_ft_lr2e4] [operator][epoch 061] lambda=0.0000 train_mse=0.00689098 val_mse=0.01540487 val_mae=0.09042698
[worker1/operator_darcy_student_lift_v2_gpu1] [operator_darcy_student_lift_v2/ctrl_ft_lr2e4] [operator][epoch 062] lambda=0.0000 train_mse=0.00718228 val_mse=0.01566588 val_mae=0.09132249
[worker1/operator_darcy_student_lift_v2_gpu1] [operator_darcy_student_lift_v2/ctrl_ft_lr2e4] [operator][epoch 063] lambda=0.0000 train_mse=0.00683500 val_mse=0.01600800 val_mae=0.09253836
[worker1/operator_darcy_student_lift_v2_gpu1] [operator_darcy_student_lift_v2/ctrl_ft_lr2e4] [operator][epoch 064] lambda=0.0000 train_mse=0.00772339 val_mse=0.01580250 val_mae=0.09265044
[worker1/operator_darcy_student_lift_v2_gpu1] [operator_darcy_student_lift_v2/ctrl_ft_lr2e4] [operator][epoch 065] lambda=0.0000 train_mse=0.00750765 val_mse=0.01560509 val_mae=0.09156928
[worker1/operator_darcy_student_lift_v2_gpu1] [operator_darcy_student_lift_v2/ctrl_ft_lr2e4] [operator][epoch 066] lambda=0.0000 train_mse=0.00668875 val_mse=0.01532135 val_mae=0.09026853
[worker1/operator_darcy_student_lift_v2_gpu1] [operator_darcy_student_lift_v2/ctrl_ft_lr2e4] [operator][epoch 067] lambda=0.0000 train_mse=0.00756683 val_mse=0.01576372 val_mae=0.09170408
[worker1/operator_darcy_student_lift_v2_gpu1] [operator_darcy_student_lift_v2/ctrl_ft_lr2e4] [operator][epoch 068] lambda=0.0000 train_mse=0.00719235 val_mse=0.01586082 val_mae=0.09235025
[worker1/operator_darcy_student_lift_v2_gpu1] [operator_darcy_student_lift_v2/ctrl_ft_lr2e4] [operator][epoch 069] lambda=0.0000 train_mse=0.00718716 val_mse=0.01629117 val_mae=0.09312086
[worker1/operator_darcy_student_lift_v2_gpu1] [operator_darcy_student_lift_v2/ctrl_ft_lr2e4] [operator][epoch 070] lambda=0.0000 train_mse=0.00712731 val_mse=0.01595571 val_mae=0.09188429
[worker1/operator_darcy_student_lift_v2_gpu1] [operator_darcy_student_lift_v2/ctrl_ft_lr2e4] [operator][epoch 071] lambda=0.0000 train_mse=0.00700886 val_mse=0.01536803 val_mae=0.08963128
[worker1/operator_darcy_student_lift_v2_gpu1] [operator_darcy_student_lift_v2/ctrl_ft_lr2e4] [operator][epoch 072] lambda=0.0000 train_mse=0.00643502 val_mse=0.01520380 val_mae=0.08993702
[worker1/operator_darcy_student_lift_v2_gpu1] [operator_darcy_student_lift_v2/ctrl_ft_lr2e4] [operator][epoch 073] lambda=0.0000 train_mse=0.00668093 val_mse=0.01546491 val_mae=0.09029471
[worker1/operator_darcy_student_lift_v2_gpu1] [operator_darcy_student_lift_v2/ctrl_ft_lr2e4] [operator][epoch 074] lambda=0.0000 train_mse=0.00668857 val_mse=0.01696191 val_mae=0.09520781
[worker1/operator_darcy_student_lift_v2_gpu1] [operator_darcy_student_lift_v2/ctrl_ft_lr2e4] [operator][epoch 075] lambda=0.0000 train_mse=0.00695053 val_mse=0.01555305 val_mae=0.09061416
[worker1/operator_darcy_student_lift_v2_gpu1] [operator_darcy_student_lift_v2/ctrl_ft_lr2e4] [operator][epoch 076] lambda=0.0000 train_mse=0.00629643 val_mse=0.01568760 val_mae=0.09100707
[worker1/operator_darcy_student_lift_v2_gpu1] [operator_darcy_student_lift_v2/ctrl_ft_lr2e4] [operator][epoch 077] lambda=0.0000 train_mse=0.00633305 val_mse=0.01530198 val_mae=0.09007177
[worker1/operator_darcy_student_lift_v2_gpu1] [operator_darcy_student_lift_v2/ctrl_ft_lr2e4] [operator][epoch 078] lambda=0.0000 train_mse=0.00633282 val_mse=0.01513877 val_mae=0.08979928
[worker1/operator_darcy_student_lift_v2_gpu1] [operator_darcy_student_lift_v2/ctrl_ft_lr2e4] [operator][epoch 079] lambda=0.0000 train_mse=0.00656121 val_mse=0.01524872 val_mae=0.09026391
[worker1/operator_darcy_student_lift_v2_gpu1] [operator_darcy_student_lift_v2/ctrl_ft_lr2e4] [operator][epoch 080] lambda=0.0000 train_mse=0.00671796 val_mse=0.01548041 val_mae=0.09124461
[worker1/operator_darcy_student_lift_v2_gpu1] [operator_darcy_student_lift_v2/ctrl_ft_lr2e4] [operator][epoch 080] updated live plot
[worker1/operator_darcy_student_lift_v2_gpu1] [operator_darcy_student_lift_v2/ctrl_ft_lr2e4] [operator][epoch 081] lambda=0.0000 train_mse=0.00696643 val_mse=0.01609101 val_mae=0.09293690
[worker1/operator_darcy_student_lift_v2_gpu1] [operator_darcy_student_lift_v2/ctrl_ft_lr2e4] [operator][epoch 082] lambda=0.0000 train_mse=0.00655557 val_mse=0.01512987 val_mae=0.08960181
[worker1/operator_darcy_student_lift_v2_gpu1] [operator_darcy_student_lift_v2/ctrl_ft_lr2e4] [operator][epoch 083] lambda=0.0000 train_mse=0.00675800 val_mse=0.01562358 val_mae=0.09165193
[worker1/operator_darcy_student_lift_v2_gpu1] [operator_darcy_student_lift_v2/ctrl_ft_lr2e4] [operator][epoch 084] lambda=0.0000 train_mse=0.00746273 val_mse=0.01553865 val_mae=0.09074199
[worker1/operator_darcy_student_lift_v2_gpu1] [operator_darcy_student_lift_v2/ctrl_ft_lr2e4] [operator][epoch 085] lambda=0.0000 train_mse=0.00635619 val_mse=0.01512956 val_mae=0.08923419
[worker1/operator_darcy_student_lift_v2_gpu1] [operator_darcy_student_lift_v2/ctrl_ft_lr2e4] [operator][epoch 086] lambda=0.0000 train_mse=0.00623885 val_mse=0.01512533 val_mae=0.09060018
[worker1/operator_darcy_student_lift_v2_gpu1] [operator_darcy_student_lift_v2/ctrl_ft_lr2e4] [operator][epoch 087] lambda=0.0000 train_mse=0.00717422 val_mse=0.01526795 val_mae=0.08968221
[worker1/operator_darcy_student_lift_v2_gpu1] [operator_darcy_student_lift_v2/ctrl_ft_lr2e4] [operator][epoch 088] lambda=0.0000 train_mse=0.00632155 val_mse=0.01482551 val_mae=0.08853627
[worker1/operator_darcy_student_lift_v2_gpu1] [operator_darcy_student_lift_v2/ctrl_ft_lr2e4] [operator][epoch 089] lambda=0.0000 train_mse=0.00640511 val_mse=0.01595416 val_mae=0.09236410
[worker1/operator_darcy_student_lift_v2_gpu1] [operator_darcy_student_lift_v2/ctrl_ft_lr2e4] [operator][epoch 090] lambda=0.0000 train_mse=0.00811126 val_mse=0.01575892 val_mae=0.09178115
[worker1/operator_darcy_student_lift_v2_gpu1] [operator_darcy_student_lift_v2/ctrl_ft_lr2e4] [operator][epoch 091] lambda=0.0000 train_mse=0.00671373 val_mse=0.01638034 val_mae=0.09279874
[worker1/operator_burgers_student_lift_v2_gpu0] [operator_burgers_student_lift_v2/sample_ft_l004_w20_d60_120_lr4e4] [operator][epoch 095] lambda=0.0190 train_mse=0.01092526 val_mse=0.01142175 val_mae=0.06897963 | peer_val_mse=0.00001139 peer_val_mae=0.00234510
[worker1/operator_burgers_student_lift_v2_gpu0] [operator_burgers_student_lift_v2/sample_ft_l004_w20_d60_120_lr4e4] [operator][epoch 096] lambda=0.0184 train_mse=0.00813052 val_mse=0.00850826 val_mae=0.05198887 | peer_val_mse=0.00001139 peer_val_mae=0.00234510
[worker1/operator_burgers_student_lift_v2_gpu0] [operator_burgers_student_lift_v2/sample_ft_l004_w20_d60_120_lr4e4] [operator][epoch 097] lambda=0.0178 train_mse=0.00875411 val_mse=0.01640498 val_mae=0.08764790 | peer_val_mse=0.00001139 peer_val_mae=0.00234510
[worker1/operator_burgers_student_lift_v2_gpu0] [operator_burgers_student_lift_v2/sample_ft_l004_w20_d60_120_lr4e4] [operator][epoch 098] lambda=0.0172 train_mse=0.00796546 val_mse=0.00846088 val_mae=0.05206419 | peer_val_mse=0.00001139 peer_val_mae=0.00234510
[worker1/operator_burgers_student_lift_v2_gpu0] [operator_burgers_student_lift_v2/sample_ft_l004_w20_d60_120_lr4e4] [operator][epoch 099] lambda=0.0166 train_mse=0.00651955 val_mse=0.00871716 val_mae=0.05319381 | peer_val_mse=0.00001139 peer_val_mae=0.00234510
[worker1/operator_burgers_student_lift_v2_gpu0] [operator_burgers_student_lift_v2/sample_ft_l004_w20_d60_120_lr4e4] [operator][epoch 100] lambda=0.0160 train_mse=0.00630339 val_mse=0.00978419 val_mae=0.05875158 | peer_val_mse=0.00001139 peer_val_mae=0.00234510
[worker1/operator_burgers_student_lift_v2_gpu0] [operator_burgers_student_lift_v2/sample_ft_l004_w20_d60_120_lr4e4] [operator][epoch 100] updated live plot
[worker1/operator_burgers_student_lift_v2_gpu0] [operator_burgers_student_lift_v2/sample_ft_l004_w20_d60_120_lr4e4] [operator][epoch 101] lambda=0.0154 train_mse=0.00657750 val_mse=0.00805623 val_mae=0.04920253 | peer_val_mse=0.00001139 peer_val_mae=0.00234510
[worker1/operator_burgers_student_lift_v2_gpu0] [operator_burgers_student_lift_v2/sample_ft_l004_w20_d60_120_lr4e4] [operator][epoch 102] lambda=0.0148 train_mse=0.00653263 val_mse=0.00943292 val_mae=0.05960584 | peer_val_mse=0.00001139 peer_val_mae=0.00234510
[worker1/operator_burgers_student_lift_v2_gpu0] [operator_burgers_student_lift_v2/sample_ft_l004_w20_d60_120_lr4e4] [operator][epoch 103] lambda=0.0142 train_mse=0.00805164 val_mse=0.01220548 val_mae=0.06368326 | peer_val_mse=0.00001139 peer_val_mae=0.00234510
[worker1/operator_burgers_student_lift_v2_gpu0] [operator_burgers_student_lift_v2/sample_ft_l004_w20_d60_120_lr4e4] [operator][epoch 104] lambda=0.0136 train_mse=0.00675749 val_mse=0.00757729 val_mae=0.04812834 | peer_val_mse=0.00001139 peer_val_mae=0.00234510
[worker1/operator_burgers_student_lift_v2_gpu0] [operator_burgers_student_lift_v2/sample_ft_l004_w20_d60_120_lr4e4] [operator][epoch 105] lambda=0.0130 train_mse=0.00618705 val_mse=0.00760768 val_mae=0.04881290 | peer_val_mse=0.00001139 peer_val_mae=0.00234510
[worker1/operator_burgers_student_lift_v2_gpu0] [operator_burgers_student_lift_v2/sample_ft_l004_w20_d60_120_lr4e4] [operator][epoch 106] lambda=0.0124 train_mse=0.00571971 val_mse=0.00802234 val_mae=0.04901433 | peer_val_mse=0.00001139 peer_val_mae=0.00234510
[worker1/operator_burgers_student_lift_v2_gpu0] [operator_burgers_student_lift_v2/sample_ft_l004_w20_d60_120_lr4e4] [operator][epoch 107] lambda=0.0118 train_mse=0.00626552 val_mse=0.00770615 val_mae=0.05111435 | peer_val_mse=0.00001139 peer_val_mae=0.00234510
[worker1/operator_burgers_student_lift_v2_gpu0] [operator_burgers_student_lift_v2/sample_ft_l004_w20_d60_120_lr4e4] [operator][epoch 108] lambda=0.0112 train_mse=0.00582759 val_mse=0.00811702 val_mae=0.04991235 | peer_val_mse=0.00001139 peer_val_mae=0.00234510
[worker1/operator_burgers_student_lift_v2_gpu0] [operator_burgers_student_lift_v2/sample_ft_l004_w20_d60_120_lr4e4] [operator][epoch 109] lambda=0.0106 train_mse=0.00573351 val_mse=0.00728899 val_mae=0.04539064 | peer_val_mse=0.00001139 peer_val_mae=0.00234510
[worker1/operator_burgers_student_lift_v2_gpu0] [operator_burgers_student_lift_v2/sample_ft_l004_w20_d60_120_lr4e4] [operator][epoch 110] lambda=0.0100 train_mse=0.00582600 val_mse=0.00745671 val_mae=0.04716521 | peer_val_mse=0.00001139 peer_val_mae=0.00234510
[worker1/operator_burgers_student_lift_v2_gpu0] [operator_burgers_student_lift_v2/sample_ft_l004_w20_d60_120_lr4e4] [operator][epoch 111] lambda=0.0094 train_mse=0.00783409 val_mse=0.01088342 val_mae=0.06314564 | peer_val_mse=0.00001139 peer_val_mae=0.00234510
[worker1/operator_burgers_student_lift_v2_gpu0] [operator_burgers_student_lift_v2/sample_ft_l004_w20_d60_120_lr4e4] [operator][epoch 112] lambda=0.0088 train_mse=0.00794217 val_mse=0.01154849 val_mae=0.06667626 | peer_val_mse=0.00001139 peer_val_mae=0.00234510
[worker1/operator_burgers_student_lift_v2_gpu0] [operator_burgers_student_lift_v2/sample_ft_l004_w20_d60_120_lr4e4] [operator][epoch 113] lambda=0.0082 train_mse=0.00762043 val_mse=0.00871674 val_mae=0.05177107 | peer_val_mse=0.00001139 peer_val_mae=0.00234510
[worker1/operator_burgers_student_lift_v2_gpu0] [operator_burgers_student_lift_v2/sample_ft_l004_w20_d60_120_lr4e4] [operator][epoch 114] lambda=0.0076 train_mse=0.00605040 val_mse=0.00738394 val_mae=0.04549101 | peer_val_mse=0.00001139 peer_val_mae=0.00234510
[worker1/operator_burgers_student_lift_v2_gpu0] [operator_burgers_student_lift_v2/sample_ft_l004_w20_d60_120_lr4e4] [operator][epoch 115] lambda=0.0070 train_mse=0.00613282 val_mse=0.00885140 val_mae=0.05248773 | peer_val_mse=0.00001139 peer_val_mae=0.00234510
[worker1/operator_burgers_student_lift_v2_gpu0] [operator_burgers_student_lift_v2/sample_ft_l004_w20_d60_120_lr4e4] [operator][epoch 116] lambda=0.0064 train_mse=0.00755127 val_mse=0.00880331 val_mae=0.05334060 | peer_val_mse=0.00001139 peer_val_mae=0.00234510
[worker1/operator_burgers_student_lift_v2_gpu0] [operator_burgers_student_lift_v2/sample_ft_l004_w20_d60_120_lr4e4] [operator][epoch 117] lambda=0.0058 train_mse=0.00647927 val_mse=0.00754154 val_mae=0.04847683 | peer_val_mse=0.00001139 peer_val_mae=0.00234510
[worker1/operator_burgers_student_lift_v2_gpu0] [operator_burgers_student_lift_v2/sample_ft_l004_w20_d60_120_lr4e4] [operator][epoch 118] lambda=0.0052 train_mse=0.00556106 val_mse=0.00726913 val_mae=0.04612833 | peer_val_mse=0.00001139 peer_val_mae=0.00234510
[worker1/operator_burgers_student_lift_v2_gpu0] [operator_burgers_student_lift_v2/sample_ft_l004_w20_d60_120_lr4e4] [operator][epoch 119] lambda=0.0046 train_mse=0.00556937 val_mse=0.00929117 val_mae=0.05718431 | peer_val_mse=0.00001139 peer_val_mae=0.00234510
[worker1/operator_burgers_student_lift_v2_gpu0] [operator_burgers_student_lift_v2/sample_ft_l004_w20_d60_120_lr4e4] [operator][epoch 120] lambda=0.0040 train_mse=0.00590120 val_mse=0.00767074 val_mae=0.04737698 | peer_val_mse=0.00001139 peer_val_mae=0.00234510
[worker1/operator_burgers_student_lift_v2_gpu0] [operator_burgers_student_lift_v2/sample_ft_l004_w20_d60_120_lr4e4] [operator][epoch 120] updated live plot
[worker1/operator_burgers_student_lift_v2_gpu0] [operator_burgers_student_lift_v2/sample_ft_l004_w20_d60_120_lr4e4] [operator][epoch 121] lambda=0.0040 train_mse=0.00624476 val_mse=0.00843207 val_mae=0.05245783 | peer_val_mse=0.00001139 peer_val_mae=0.00234510
[worker1/operator_burgers_student_lift_v2_gpu0] [operator_burgers_student_lift_v2/sample_ft_l004_w20_d60_120_lr4e4] [operator][epoch 122] lambda=0.0040 train_mse=0.00766583 val_mse=0.00909930 val_mae=0.05370377 | peer_val_mse=0.00001139 peer_val_mae=0.00234510
[worker1/operator_burgers_student_lift_v2_gpu0] [operator_burgers_student_lift_v2/sample_ft_l004_w20_d60_120_lr4e4] [operator][epoch 123] lambda=0.0040 train_mse=0.00631518 val_mse=0.00801055 val_mae=0.04889502 | peer_val_mse=0.00001139 peer_val_mae=0.00234510
[worker1/operator_burgers_student_lift_v2_gpu0] [operator_burgers_student_lift_v2/sample_ft_l004_w20_d60_120_lr4e4] [operator][epoch 124] lambda=0.0040 train_mse=0.00600020 val_mse=0.00736654 val_mae=0.04748016 | peer_val_mse=0.00001139 peer_val_mae=0.00234510
[worker1/operator_burgers_student_lift_v2_gpu0] [operator_burgers_student_lift_v2/sample_ft_l004_w20_d60_120_lr4e4] [operator][epoch 125] lambda=0.0040 train_mse=0.00609551 val_mse=0.00860389 val_mae=0.05306554 | peer_val_mse=0.00001139 peer_val_mae=0.00234510
[worker1/operator_burgers_student_lift_v2_gpu0] [operator_burgers_student_lift_v2/sample_ft_l004_w20_d60_120_lr4e4] [operator][epoch 126] lambda=0.0040 train_mse=0.00602549 val_mse=0.00744824 val_mae=0.04799718 | peer_val_mse=0.00001139 peer_val_mae=0.00234510
[worker1/operator_burgers_student_lift_v2_gpu0] [operator_burgers_student_lift_v2/sample_ft_l004_w20_d60_120_lr4e4] [operator][epoch 127] lambda=0.0040 train_mse=0.00592624 val_mse=0.00826226 val_mae=0.05078810 | peer_val_mse=0.00001139 peer_val_mae=0.00234510
[worker1/operator_burgers_student_lift_v2_gpu0] [operator_burgers_student_lift_v2/sample_ft_l004_w20_d60_120_lr4e4] [operator][epoch 128] lambda=0.0040 train_mse=0.00642331 val_mse=0.00877344 val_mae=0.05622249 | peer_val_mse=0.00001139 peer_val_mae=0.00234510
[worker1/operator_burgers_student_lift_v2_gpu0] [operator_burgers_student_lift_v2/sample_ft_l004_w20_d60_120_lr4e4] [operator][epoch 129] lambda=0.0040 train_mse=0.00710824 val_mse=0.00861244 val_mae=0.05434092 | peer_val_mse=0.00001139 peer_val_mae=0.00234510
[worker1/operator_burgers_student_lift_v2_gpu0] [operator_burgers_student_lift_v2/sample_ft_l004_w20_d60_120_lr4e4] [operator][epoch 130] lambda=0.0040 train_mse=0.00635740 val_mse=0.00858906 val_mae=0.05174799 | peer_val_mse=0.00001139 peer_val_mae=0.00234510
[worker1/operator_burgers_student_lift_v2_gpu0] [operator_burgers_student_lift_v2/sample_ft_l004_w20_d60_120_lr4e4] [operator][epoch 131] lambda=0.0040 train_mse=0.00602703 val_mse=0.00771147 val_mae=0.04994768 | peer_val_mse=0.00001139 peer_val_mae=0.00234510
[worker1/operator_burgers_student_lift_v2_gpu0] [operator_burgers_student_lift_v2/sample_ft_l004_w20_d60_120_lr4e4] [operator][epoch 132] lambda=0.0040 train_mse=0.00631178 val_mse=0.01217881 val_mae=0.07217619 | peer_val_mse=0.00001139 peer_val_mae=0.00234510
[worker1/operator_burgers_student_lift_v2_gpu0] [operator_burgers_student_lift_v2/sample_ft_l004_w20_d60_120_lr4e4] [operator][epoch 133] lambda=0.0040 train_mse=0.00718684 val_mse=0.00972863 val_mae=0.05964742 | peer_val_mse=0.00001139 peer_val_mae=0.00234510
[worker1/operator_burgers_student_lift_v2_gpu0] [operator_burgers_student_lift_v2/sample_ft_l004_w20_d60_120_lr4e4] [operator][epoch 134] lambda=0.0040 train_mse=0.00817809 val_mse=0.01085201 val_mae=0.06422428 | peer_val_mse=0.00001139 peer_val_mae=0.00234510
[worker1/operator_burgers_student_lift_v2_gpu0] [operator_burgers_student_lift_v2/sample_ft_l004_w20_d60_120_lr4e4] [operator][epoch 135] lambda=0.0040 train_mse=0.00784465 val_mse=0.00909332 val_mae=0.05633555 | peer_val_mse=0.00001139 peer_val_mae=0.00234510
[worker1/operator_burgers_student_lift_v2_gpu0] [operator_burgers_student_lift_v2/sample_ft_l004_w20_d60_120_lr4e4] [operator][epoch 136] lambda=0.0040 train_mse=0.00613850 val_mse=0.00738837 val_mae=0.04537450 | peer_val_mse=0.00001139 peer_val_mae=0.00234510
[worker1/operator_burgers_student_lift_v2_gpu0] [operator_burgers_student_lift_v2/sample_ft_l004_w20_d60_120_lr4e4] [operator][epoch 137] lambda=0.0040 train_mse=0.00545353 val_mse=0.00723480 val_mae=0.04650443 | peer_val_mse=0.00001139 peer_val_mae=0.00234510
[worker1/operator_burgers_student_lift_v2_gpu0] [operator_burgers_student_lift_v2/sample_ft_l004_w20_d60_120_lr4e4] [operator][epoch 138] lambda=0.0040 train_mse=0.01181277 val_mse=0.01273570 val_mae=0.07244505 | peer_val_mse=0.00001139 peer_val_mae=0.00234510
[worker1/operator_burgers_student_lift_v2_gpu0] [operator_burgers_student_lift_v2/sample_ft_l004_w20_d60_120_lr4e4] [operator][epoch 139] lambda=0.0040 train_mse=0.00684164 val_mse=0.00776204 val_mae=0.04864366 | peer_val_mse=0.00001139 peer_val_mae=0.00234510
[worker1/operator_burgers_student_lift_v2_gpu0] [operator_burgers_student_lift_v2/sample_ft_l004_w20_d60_120_lr4e4] [operator][epoch 140] lambda=0.0040 train_mse=0.00544992 val_mse=0.00720128 val_mae=0.04567841 | peer_val_mse=0.00001139 peer_val_mae=0.00234510
[worker1/operator_burgers_student_lift_v2_gpu0] [operator_burgers_student_lift_v2/sample_ft_l004_w20_d60_120_lr4e4] [operator][epoch 140] updated live plot
[worker1/operator_burgers_student_lift_v2_gpu0] [operator_burgers_student_lift_v2/sample_ft_l004_w20_d60_120_lr4e4] [operator] done
[worker1/operator_burgers_student_lift_v2_gpu0] [operator_burgers_student_lift_v2/sample_ft_l004_w20_d60_120_lr4e4] [operator] dataset=burgers pair=deeponet:fno method=ssml seed=1
[worker1/operator_burgers_student_lift_v2_gpu0] [operator_burgers_student_lift_v2/sample_ft_l004_w20_d60_120_lr4e4] [operator] loaded init_checkpoint=results/operator_burgers_followup_v1/burgers_l005_m0_w12_d60_120_ow1/operator/burgers/deeponet_independent_mse_seed1/model.pt
[worker1/operator_burgers_student_lift_v2_gpu0] [operator_burgers_student_lift_v2/sample_ft_l004_w20_d60_120_lr4e4] [operator] loaded peer_init_checkpoint=results/operator_burgers_followup_v1/burgers_l005_m0_w12_d60_120_ow1/operator/burgers/fno_independent_mse_seed1/model.pt
[worker1/operator_burgers_student_lift_v2_gpu0] [operator_burgers_student_lift_v2/sample_ft_l004_w20_d60_120_lr4e4] [operator] run_dir=results/operator_burgers_student_lift_v2/sample_ft_l004_w20_d60_120_lr4e4/operator/burgers/deeponet__fno_ssml_mse_seed1
[worker1/operator_burgers_student_lift_v2_gpu0] [operator_burgers_student_lift_v2/sample_ft_l004_w20_d60_120_lr4e4] [operator] params=198656
[worker1/operator_burgers_student_lift_v2_gpu0] [operator_burgers_student_lift_v2/sample_ft_l004_w20_d60_120_lr4e4] [operator] granularity=sample student_only=True freeze_peer=True peer_updates_disabled=True
[worker1/operator_burgers_student_lift_v2_gpu0] [operator_burgers_student_lift_v2/sample_ft_l004_w20_d60_120_lr4e4] [operator][epoch 001] lambda=0.0000 train_mse=0.03041359 val_mse=0.02279711 val_mae=0.10021507 | peer_val_mse=0.00000427 peer_val_mae=0.00125799
[worker1/operator_burgers_student_lift_v2_gpu0] [operator_burgers_student_lift_v2/sample_ft_l004_w20_d60_120_lr4e4] [operator][epoch 002] lambda=0.0000 train_mse=0.02229335 val_mse=0.02086328 val_mae=0.09663177 | peer_val_mse=0.00000427 peer_val_mae=0.00125799
[worker1/operator_burgers_student_lift_v2_gpu0] [operator_burgers_student_lift_v2/sample_ft_l004_w20_d60_120_lr4e4] [operator][epoch 003] lambda=0.0000 train_mse=0.01924382 val_mse=0.01784943 val_mae=0.09107301 | peer_val_mse=0.00000427 peer_val_mae=0.00125799
[worker1/operator_burgers_student_lift_v2_gpu0] [operator_burgers_student_lift_v2/sample_ft_l004_w20_d60_120_lr4e4] [operator][epoch 004] lambda=0.0000 train_mse=0.01733146 val_mse=0.01736854 val_mae=0.09012819 | peer_val_mse=0.00000427 peer_val_mae=0.00125799
[worker1/operator_burgers_student_lift_v2_gpu0] [operator_burgers_student_lift_v2/sample_ft_l004_w20_d60_120_lr4e4] [operator][epoch 005] lambda=0.0000 train_mse=0.01655056 val_mse=0.01836288 val_mae=0.09435033 | peer_val_mse=0.00000427 peer_val_mae=0.00125799
[worker1/operator_burgers_student_lift_v2_gpu0] [operator_burgers_student_lift_v2/sample_ft_l004_w20_d60_120_lr4e4] [operator][epoch 006] lambda=0.0000 train_mse=0.01592056 val_mse=0.01460497 val_mae=0.07757136 | peer_val_mse=0.00000427 peer_val_mae=0.00125799
[worker1/operator_burgers_student_lift_v2_gpu0] [operator_burgers_student_lift_v2/sample_ft_l004_w20_d60_120_lr4e4] [operator][epoch 007] lambda=0.0000 train_mse=0.01725106 val_mse=0.01455420 val_mae=0.07979857 | peer_val_mse=0.00000427 peer_val_mae=0.00125799
[worker1/operator_burgers_student_lift_v2_gpu0] [operator_burgers_student_lift_v2/sample_ft_l004_w20_d60_120_lr4e4] [operator][epoch 008] lambda=0.0000 train_mse=0.01529549 val_mse=0.01496144 val_mae=0.08171294 | peer_val_mse=0.00000427 peer_val_mae=0.00125799
[worker1/operator_burgers_student_lift_v2_gpu0] [operator_burgers_student_lift_v2/sample_ft_l004_w20_d60_120_lr4e4] [operator][epoch 009] lambda=0.0000 train_mse=0.01570122 val_mse=0.01488329 val_mae=0.08153012 | peer_val_mse=0.00000427 peer_val_mae=0.00125799
[worker1/operator_burgers_student_lift_v2_gpu0] [operator_burgers_student_lift_v2/sample_ft_l004_w20_d60_120_lr4e4] [operator][epoch 010] lambda=0.0000 train_mse=0.01360424 val_mse=0.01191007 val_mae=0.06971658 | peer_val_mse=0.00000427 peer_val_mae=0.00125799
[worker1/operator_burgers_student_lift_v2_gpu0] [operator_burgers_student_lift_v2/sample_ft_l004_w20_d60_120_lr4e4] [operator][epoch 011] lambda=0.0000 train_mse=0.01276013 val_mse=0.01614205 val_mae=0.08769028 | peer_val_mse=0.00000427 peer_val_mae=0.00125799
[worker1/operator_burgers_student_lift_v2_gpu0] [operator_burgers_student_lift_v2/sample_ft_l004_w20_d60_120_lr4e4] [operator][epoch 012] lambda=0.0000 train_mse=0.01480611 val_mse=0.01343563 val_mae=0.07796892 | peer_val_mse=0.00000427 peer_val_mae=0.00125799
[worker1/operator_burgers_student_lift_v2_gpu0] [operator_burgers_student_lift_v2/sample_ft_l004_w20_d60_120_lr4e4] [operator][epoch 013] lambda=0.0000 train_mse=0.01310669 val_mse=0.01456324 val_mae=0.08098745 | peer_val_mse=0.00000427 peer_val_mae=0.00125799
[worker1/operator_burgers_student_lift_v2_gpu0] [operator_burgers_student_lift_v2/sample_ft_l004_w20_d60_120_lr4e4] [operator][epoch 014] lambda=0.0000 train_mse=0.01444091 val_mse=0.01388131 val_mae=0.07784877 | peer_val_mse=0.00000427 peer_val_mae=0.00125799
[worker1/operator_burgers_student_lift_v2_gpu0] [operator_burgers_student_lift_v2/sample_ft_l004_w20_d60_120_lr4e4] [operator][epoch 015] lambda=0.0000 train_mse=0.01289307 val_mse=0.01285299 val_mae=0.07699693 | peer_val_mse=0.00000427 peer_val_mae=0.00125799
[worker1/operator_burgers_student_lift_v2_gpu0] [operator_burgers_student_lift_v2/sample_ft_l004_w20_d60_120_lr4e4] [operator][epoch 016] lambda=0.0000 train_mse=0.01197704 val_mse=0.01362338 val_mae=0.07919452 | peer_val_mse=0.00000427 peer_val_mae=0.00125799
[worker1/operator_burgers_student_lift_v2_gpu0] [operator_burgers_student_lift_v2/sample_ft_l004_w20_d60_120_lr4e4] [operator][epoch 017] lambda=0.0000 train_mse=0.01152204 val_mse=0.00982921 val_mae=0.06156455 | peer_val_mse=0.00000427 peer_val_mae=0.00125799
[worker1/operator_burgers_student_lift_v2_gpu0] [operator_burgers_student_lift_v2/sample_ft_l004_w20_d60_120_lr4e4] [operator][epoch 018] lambda=0.0000 train_mse=0.01398893 val_mse=0.01326117 val_mae=0.07474411 | peer_val_mse=0.00000427 peer_val_mae=0.00125799
[worker1/operator_burgers_student_lift_v2_gpu0] [operator_burgers_student_lift_v2/sample_ft_l004_w20_d60_120_lr4e4] [operator][epoch 019] lambda=0.0000 train_mse=0.01318171 val_mse=0.01049781 val_mae=0.06320029 | peer_val_mse=0.00000427 peer_val_mae=0.00125799
[worker1/operator_burgers_student_lift_v2_gpu0] [operator_burgers_student_lift_v2/sample_ft_l004_w20_d60_120_lr4e4] [operator][epoch 020] lambda=0.0000 train_mse=0.01053450 val_mse=0.01187985 val_mae=0.06869100 | peer_val_mse=0.00000427 peer_val_mae=0.00125799
[worker1/operator_burgers_student_lift_v2_gpu0] [operator_burgers_student_lift_v2/sample_ft_l004_w20_d60_120_lr4e4] [operator][epoch 020] updated live plot
[worker1/operator_burgers_student_lift_v2_gpu0] [operator_burgers_student_lift_v2/sample_ft_l004_w20_d60_120_lr4e4] [operator][epoch 021] lambda=0.0400 train_mse=0.01213640 val_mse=0.00945873 val_mae=0.06250954 | peer_val_mse=0.00000427 peer_val_mae=0.00125799
[worker1/operator_burgers_student_lift_v2_gpu0] [operator_burgers_student_lift_v2/sample_ft_l004_w20_d60_120_lr4e4] [operator][epoch 022] lambda=0.0400 train_mse=0.00974860 val_mse=0.00909716 val_mae=0.06078874 | peer_val_mse=0.00000427 peer_val_mae=0.00125799
[worker1/operator_burgers_student_lift_v2_gpu0] [operator_burgers_student_lift_v2/sample_ft_l004_w20_d60_120_lr4e4] [operator][epoch 023] lambda=0.0400 train_mse=0.00996045 val_mse=0.01338343 val_mae=0.07620479 | peer_val_mse=0.00000427 peer_val_mae=0.00125799
[worker1/operator_burgers_student_lift_v2_gpu0] [operator_burgers_student_lift_v2/sample_ft_l004_w20_d60_120_lr4e4] [operator][epoch 024] lambda=0.0400 train_mse=0.01135479 val_mse=0.01250155 val_mae=0.07374515 | peer_val_mse=0.00000427 peer_val_mae=0.00125799
[worker1/operator_burgers_student_lift_v2_gpu0] [operator_burgers_student_lift_v2/sample_ft_l004_w20_d60_120_lr4e4] [operator][epoch 025] lambda=0.0400 train_mse=0.01505226 val_mse=0.01211059 val_mae=0.07543518 | peer_val_mse=0.00000427 peer_val_mae=0.00125799
[worker1/operator_burgers_student_lift_v2_gpu0] [operator_burgers_student_lift_v2/sample_ft_l004_w20_d60_120_lr4e4] [operator][epoch 026] lambda=0.0400 train_mse=0.01304516 val_mse=0.01371592 val_mae=0.08016584 | peer_val_mse=0.00000427 peer_val_mae=0.00125799
[worker1/operator_burgers_student_lift_v2_gpu0] [operator_burgers_student_lift_v2/sample_ft_l004_w20_d60_120_lr4e4] [operator][epoch 027] lambda=0.0400 train_mse=0.01186827 val_mse=0.01530676 val_mae=0.08537466 | peer_val_mse=0.00000427 peer_val_mae=0.00125799
[worker1/operator_burgers_student_lift_v2_gpu0] [operator_burgers_student_lift_v2/sample_ft_l004_w20_d60_120_lr4e4] [operator][epoch 028] lambda=0.0400 train_mse=0.01310731 val_mse=0.01191826 val_mae=0.07335065 | peer_val_mse=0.00000427 peer_val_mae=0.00125799
[worker1/operator_burgers_student_lift_v2_gpu0] [operator_burgers_student_lift_v2/sample_ft_l004_w20_d60_120_lr4e4] [operator][epoch 029] lambda=0.0400 train_mse=0.01089023 val_mse=0.01087149 val_mae=0.06511825 | peer_val_mse=0.00000427 peer_val_mae=0.00125799
[worker1/operator_burgers_student_lift_v2_gpu0] [operator_burgers_student_lift_v2/sample_ft_l004_w20_d60_120_lr4e4] [operator][epoch 030] lambda=0.0400 train_mse=0.00965190 val_mse=0.00965353 val_mae=0.06446803 | peer_val_mse=0.00000427 peer_val_mae=0.00125799
[worker1/operator_burgers_student_lift_v2_gpu0] [operator_burgers_student_lift_v2/sample_ft_l004_w20_d60_120_lr4e4] [operator][epoch 031] lambda=0.0400 train_mse=0.00950731 val_mse=0.00923497 val_mae=0.06167193 | peer_val_mse=0.00000427 peer_val_mae=0.00125799
[worker1/operator_burgers_student_lift_v2_gpu0] [operator_burgers_student_lift_v2/sample_ft_l004_w20_d60_120_lr4e4] [operator][epoch 032] lambda=0.0400 train_mse=0.00873638 val_mse=0.00865688 val_mae=0.05737106 | peer_val_mse=0.00000427 peer_val_mae=0.00125799
[worker1/operator_burgers_student_lift_v2_gpu0] [operator_burgers_student_lift_v2/sample_ft_l004_w20_d60_120_lr4e4] [operator][epoch 033] lambda=0.0400 train_mse=0.01038825 val_mse=0.01155146 val_mae=0.06634327 | peer_val_mse=0.00000427 peer_val_mae=0.00125799
[worker1/operator_burgers_student_lift_v2_gpu0] [operator_burgers_student_lift_v2/sample_ft_l004_w20_d60_120_lr4e4] [operator][epoch 034] lambda=0.0400 train_mse=0.01179235 val_mse=0.01023116 val_mae=0.06637209 | peer_val_mse=0.00000427 peer_val_mae=0.00125799
[worker1/operator_burgers_student_lift_v2_gpu0] [operator_burgers_student_lift_v2/sample_ft_l004_w20_d60_120_lr4e4] [operator][epoch 035] lambda=0.0400 train_mse=0.01189072 val_mse=0.00938510 val_mae=0.06192137 | peer_val_mse=0.00000427 peer_val_mae=0.00125799
[worker1/operator_burgers_student_lift_v2_gpu0] [operator_burgers_student_lift_v2/sample_ft_l004_w20_d60_120_lr4e4] [operator][epoch 036] lambda=0.0400 train_mse=0.00842293 val_mse=0.00751328 val_mae=0.05248442 | peer_val_mse=0.00000427 peer_val_mae=0.00125799
[worker1/operator_burgers_student_lift_v2_gpu0] [operator_burgers_student_lift_v2/sample_ft_l004_w20_d60_120_lr4e4] [operator][epoch 037] lambda=0.0400 train_mse=0.00812822 val_mse=0.00798589 val_mae=0.05631917 | peer_val_mse=0.00000427 peer_val_mae=0.00125799
[worker1/operator_burgers_student_lift_v2_gpu0] [operator_burgers_student_lift_v2/sample_ft_l004_w20_d60_120_lr4e4] [operator][epoch 038] lambda=0.0400 train_mse=0.00820012 val_mse=0.01195738 val_mae=0.07229153 | peer_val_mse=0.00000427 peer_val_mae=0.00125799
[worker1/operator_burgers_student_lift_v2_gpu0] [operator_burgers_student_lift_v2/sample_ft_l004_w20_d60_120_lr4e4] [operator][epoch 039] lambda=0.0400 train_mse=0.01141351 val_mse=0.01342737 val_mae=0.07701563 | peer_val_mse=0.00000427 peer_val_mae=0.00125799
[worker1/operator_burgers_student_lift_v2_gpu0] [operator_burgers_student_lift_v2/sample_ft_l004_w20_d60_120_lr4e4] [operator][epoch 040] lambda=0.0400 train_mse=0.01510517 val_mse=0.01613766 val_mae=0.08715746 | peer_val_mse=0.00000427 peer_val_mae=0.00125799
[worker1/operator_darcy_student_lift_v2_gpu1] [operator_darcy_student_lift_v2/ctrl_ft_lr2e4] [operator][epoch 092] lambda=0.0000 train_mse=0.00618102 val_mse=0.01451993 val_mae=0.08775668
[worker1/operator_darcy_student_lift_v2_gpu1] [operator_darcy_student_lift_v2/ctrl_ft_lr2e4] [operator][epoch 093] lambda=0.0000 train_mse=0.00612420 val_mse=0.01472330 val_mae=0.08782855
[worker1/operator_darcy_student_lift_v2_gpu1] [operator_darcy_student_lift_v2/ctrl_ft_lr2e4] [operator][epoch 094] lambda=0.0000 train_mse=0.00580775 val_mse=0.01580806 val_mae=0.09042765
[worker1/operator_darcy_student_lift_v2_gpu1] [operator_darcy_student_lift_v2/ctrl_ft_lr2e4] [operator][epoch 095] lambda=0.0000 train_mse=0.00597740 val_mse=0.01513506 val_mae=0.08894851
[worker1/operator_darcy_student_lift_v2_gpu1] [operator_darcy_student_lift_v2/ctrl_ft_lr2e4] [operator][epoch 096] lambda=0.0000 train_mse=0.00581112 val_mse=0.01657674 val_mae=0.09324624
[worker1/operator_darcy_student_lift_v2_gpu1] [operator_darcy_student_lift_v2/ctrl_ft_lr2e4] [operator][epoch 097] lambda=0.0000 train_mse=0.00687707 val_mse=0.01616022 val_mae=0.09249268
[worker1/operator_darcy_student_lift_v2_gpu1] [operator_darcy_student_lift_v2/ctrl_ft_lr2e4] [operator][epoch 098] lambda=0.0000 train_mse=0.00727745 val_mse=0.01522879 val_mae=0.08992550
[worker1/operator_darcy_student_lift_v2_gpu1] [operator_darcy_student_lift_v2/ctrl_ft_lr2e4] [operator][epoch 099] lambda=0.0000 train_mse=0.00653998 val_mse=0.01483992 val_mae=0.08868948
[worker1/operator_darcy_student_lift_v2_gpu1] [operator_darcy_student_lift_v2/ctrl_ft_lr2e4] [operator][epoch 100] lambda=0.0000 train_mse=0.00579412 val_mse=0.01457400 val_mae=0.08747829
[worker1/operator_darcy_student_lift_v2_gpu1] [operator_darcy_student_lift_v2/ctrl_ft_lr2e4] [operator][epoch 100] updated live plot
[worker1/operator_darcy_student_lift_v2_gpu1] [operator_darcy_student_lift_v2/ctrl_ft_lr2e4] [operator][epoch 101] lambda=0.0000 train_mse=0.00561871 val_mse=0.01443787 val_mae=0.08707023
[worker1/operator_darcy_student_lift_v2_gpu1] [operator_darcy_student_lift_v2/ctrl_ft_lr2e4] [operator][epoch 102] lambda=0.0000 train_mse=0.00559532 val_mse=0.01546279 val_mae=0.08963386
[worker1/operator_darcy_student_lift_v2_gpu1] [operator_darcy_student_lift_v2/ctrl_ft_lr2e4] [operator][epoch 103] lambda=0.0000 train_mse=0.00587608 val_mse=0.01561349 val_mae=0.09099341
[worker1/operator_darcy_student_lift_v2_gpu1] [operator_darcy_student_lift_v2/ctrl_ft_lr2e4] [operator][epoch 104] lambda=0.0000 train_mse=0.00617894 val_mse=0.01491504 val_mae=0.08846769
[worker1/operator_darcy_student_lift_v2_gpu1] [operator_darcy_student_lift_v2/ctrl_ft_lr2e4] [operator][epoch 105] lambda=0.0000 train_mse=0.00581498 val_mse=0.01473784 val_mae=0.08877519
[worker1/operator_darcy_student_lift_v2_gpu1] [operator_darcy_student_lift_v2/ctrl_ft_lr2e4] [operator][epoch 106] lambda=0.0000 train_mse=0.00630464 val_mse=0.01537461 val_mae=0.09049042
[worker1/operator_darcy_student_lift_v2_gpu1] [operator_darcy_student_lift_v2/ctrl_ft_lr2e4] [operator][epoch 107] lambda=0.0000 train_mse=0.00628266 val_mse=0.01651440 val_mae=0.09398436
[worker1/operator_darcy_student_lift_v2_gpu1] [operator_darcy_student_lift_v2/ctrl_ft_lr2e4] [operator][epoch 108] lambda=0.0000 train_mse=0.00599039 val_mse=0.01492725 val_mae=0.08840995
[worker1/operator_darcy_student_lift_v2_gpu1] [operator_darcy_student_lift_v2/ctrl_ft_lr2e4] [operator][epoch 109] lambda=0.0000 train_mse=0.00569932 val_mse=0.01515760 val_mae=0.08953141
[worker1/operator_darcy_student_lift_v2_gpu1] [operator_darcy_student_lift_v2/ctrl_ft_lr2e4] [operator][epoch 110] lambda=0.0000 train_mse=0.00576635 val_mse=0.01610729 val_mae=0.09289257
[worker1/operator_darcy_student_lift_v2_gpu1] [operator_darcy_student_lift_v2/ctrl_ft_lr2e4] [operator][epoch 110] updated live plot
[worker1/operator_darcy_student_lift_v2_gpu1] [operator_darcy_student_lift_v2/ctrl_ft_lr2e4] [operator] done
[worker1/operator_darcy_student_lift_v2_gpu1] [operator_darcy_student_lift_v2/sample_ft_l003_w15_d45_90_lr2e4] lock -> /home/namkyeong/ssmo/results/.locks/operator_darcy_student_lift_v2_sample_ft_l003_w15_d45_90_lr2e4.lock
[worker1/operator_darcy_student_lift_v2_gpu1] [operator_darcy_student_lift_v2/sample_ft_l003_w15_d45_90_lr2e4] log -> results/logs/operator_darcy_student_lift_v2/sample_ft_l003_w15_d45_90_lr2e4.log
[worker1/operator_darcy_student_lift_v2_gpu1] [operator_darcy_student_lift_v2/sample_ft_l003_w15_d45_90_lr2e4] [operator] output_dir=results/operator_darcy_student_lift_v2/sample_ft_l003_w15_d45_90_lr2e4
[worker1/operator_darcy_student_lift_v2_gpu1] [operator_darcy_student_lift_v2/sample_ft_l003_w15_d45_90_lr2e4] [operator] methods=ssml
[worker1/operator_darcy_student_lift_v2_gpu1] [operator_darcy_student_lift_v2/sample_ft_l003_w15_d45_90_lr2e4] [operator] model_pairs=deeponet:fno
[worker1/operator_darcy_student_lift_v2_gpu1] [operator_darcy_student_lift_v2/sample_ft_l003_w15_d45_90_lr2e4] [operator] dataset=darcy pair=deeponet:fno method=ssml seed=0
[worker1/operator_darcy_student_lift_v2_gpu1] [operator_darcy_student_lift_v2/sample_ft_l003_w15_d45_90_lr2e4] [operator] loaded init_checkpoint=results/operator_ssml_tuned_v1/operator/darcy/deeponet_independent_mse_seed0/model.pt
[worker1/operator_darcy_student_lift_v2_gpu1] [operator_darcy_student_lift_v2/sample_ft_l003_w15_d45_90_lr2e4] [operator] loaded peer_init_checkpoint=results/operator_ssml_tuned_v1/operator/darcy/fno_independent_mse_seed0/model.pt
[worker1/operator_darcy_student_lift_v2_gpu1] [operator_darcy_student_lift_v2/sample_ft_l003_w15_d45_90_lr2e4] [operator] run_dir=results/operator_darcy_student_lift_v2/sample_ft_l003_w15_d45_90_lr2e4/operator/darcy/deeponet__fno_ssml_mse_seed0
[worker1/operator_darcy_student_lift_v2_gpu1] [operator_darcy_student_lift_v2/sample_ft_l003_w15_d45_90_lr2e4] [operator] params=592000
[worker1/operator_darcy_student_lift_v2_gpu1] [operator_darcy_student_lift_v2/sample_ft_l003_w15_d45_90_lr2e4] [operator] granularity=sample student_only=True freeze_peer=True peer_updates_disabled=True
[worker1/operator_darcy_student_lift_v2_gpu1] [operator_darcy_student_lift_v2/sample_ft_l003_w15_d45_90_lr2e4] [operator][epoch 001] lambda=0.0000 train_mse=0.01942866 val_mse=0.01829572 val_mae=0.10147176 | peer_val_mse=0.00368136 peer_val_mae=0.03564195
[worker1/operator_darcy_student_lift_v2_gpu1] [operator_darcy_student_lift_v2/sample_ft_l003_w15_d45_90_lr2e4] [operator][epoch 002] lambda=0.0000 train_mse=0.01156678 val_mse=0.01840869 val_mae=0.10162142 | peer_val_mse=0.00368136 peer_val_mae=0.03564195
[worker1/operator_darcy_student_lift_v2_gpu1] [operator_darcy_student_lift_v2/sample_ft_l003_w15_d45_90_lr2e4] [operator][epoch 003] lambda=0.0000 train_mse=0.01162680 val_mse=0.01830810 val_mae=0.10135855 | peer_val_mse=0.00368136 peer_val_mae=0.03564195
[worker1/operator_darcy_student_lift_v2_gpu1] [operator_darcy_student_lift_v2/sample_ft_l003_w15_d45_90_lr2e4] [operator][epoch 004] lambda=0.0000 train_mse=0.01116610 val_mse=0.01788170 val_mae=0.09961314 | peer_val_mse=0.00368136 peer_val_mae=0.03564195
[worker1/operator_darcy_student_lift_v2_gpu1] [operator_darcy_student_lift_v2/sample_ft_l003_w15_d45_90_lr2e4] [operator][epoch 005] lambda=0.0000 train_mse=0.01080858 val_mse=0.01768184 val_mae=0.09939103 | peer_val_mse=0.00368136 peer_val_mae=0.03564195
[worker1/operator_darcy_student_lift_v2_gpu1] [operator_darcy_student_lift_v2/sample_ft_l003_w15_d45_90_lr2e4] [operator][epoch 006] lambda=0.0000 train_mse=0.01099988 val_mse=0.01936704 val_mae=0.10418071 | peer_val_mse=0.00368136 peer_val_mae=0.03564195
[worker1/operator_darcy_student_lift_v2_gpu1] [operator_darcy_student_lift_v2/sample_ft_l003_w15_d45_90_lr2e4] [operator][epoch 007] lambda=0.0000 train_mse=0.01164013 val_mse=0.01808856 val_mae=0.10087824 | peer_val_mse=0.00368136 peer_val_mae=0.03564195
[worker1/operator_darcy_student_lift_v2_gpu1] [operator_darcy_student_lift_v2/sample_ft_l003_w15_d45_90_lr2e4] [operator][epoch 008] lambda=0.0000 train_mse=0.01182132 val_mse=0.01832240 val_mae=0.10114531 | peer_val_mse=0.00368136 peer_val_mae=0.03564195
[worker1/operator_darcy_student_lift_v2_gpu1] [operator_darcy_student_lift_v2/sample_ft_l003_w15_d45_90_lr2e4] [operator][epoch 009] lambda=0.0000 train_mse=0.01070448 val_mse=0.01700589 val_mae=0.09756047 | peer_val_mse=0.00368136 peer_val_mae=0.03564195
[worker1/operator_darcy_student_lift_v2_gpu1] [operator_darcy_student_lift_v2/sample_ft_l003_w15_d45_90_lr2e4] [operator][epoch 010] lambda=0.0000 train_mse=0.01055156 val_mse=0.01774069 val_mae=0.09977391 | peer_val_mse=0.00368136 peer_val_mae=0.03564195
[worker1/operator_darcy_student_lift_v2_gpu1] [operator_darcy_student_lift_v2/sample_ft_l003_w15_d45_90_lr2e4] [operator][epoch 011] lambda=0.0000 train_mse=0.01163843 val_mse=0.01863650 val_mae=0.10250284 | peer_val_mse=0.00368136 peer_val_mae=0.03564195
[worker1/operator_darcy_student_lift_v2_gpu1] [operator_darcy_student_lift_v2/sample_ft_l003_w15_d45_90_lr2e4] [operator][epoch 012] lambda=0.0000 train_mse=0.01144159 val_mse=0.01817641 val_mae=0.10124636 | peer_val_mse=0.00368136 peer_val_mae=0.03564195
[worker1/operator_darcy_student_lift_v2_gpu1] [operator_darcy_student_lift_v2/sample_ft_l003_w15_d45_90_lr2e4] [operator][epoch 013] lambda=0.0000 train_mse=0.01056314 val_mse=0.01770067 val_mae=0.09924077 | peer_val_mse=0.00368136 peer_val_mae=0.03564195
[worker1/operator_darcy_student_lift_v2_gpu1] [operator_darcy_student_lift_v2/sample_ft_l003_w15_d45_90_lr2e4] [operator][epoch 014] lambda=0.0000 train_mse=0.01003967 val_mse=0.01681506 val_mae=0.09727027 | peer_val_mse=0.00368136 peer_val_mae=0.03564195
[worker1/operator_darcy_student_lift_v2_gpu1] [operator_darcy_student_lift_v2/sample_ft_l003_w15_d45_90_lr2e4] [operator][epoch 015] lambda=0.0000 train_mse=0.01015117 val_mse=0.01740544 val_mae=0.09850548 | peer_val_mse=0.00368136 peer_val_mae=0.03564195
[worker1/operator_darcy_student_lift_v2_gpu1] [operator_darcy_student_lift_v2/sample_ft_l003_w15_d45_90_lr2e4] [operator][epoch 016] lambda=0.0300 train_mse=0.01020853 val_mse=0.01719183 val_mae=0.09771750 | peer_val_mse=0.00368136 peer_val_mae=0.03564195
[worker1/operator_burgers_student_lift_v2_gpu0] [operator_burgers_student_lift_v2/sample_ft_l004_w20_d60_120_lr4e4] [operator][epoch 040] updated live plot
[worker1/operator_burgers_student_lift_v2_gpu0] [operator_burgers_student_lift_v2/sample_ft_l004_w20_d60_120_lr4e4] [operator][epoch 041] lambda=0.0400 train_mse=0.01103978 val_mse=0.00935365 val_mae=0.06172040 | peer_val_mse=0.00000427 peer_val_mae=0.00125799
[worker1/operator_burgers_student_lift_v2_gpu0] [operator_burgers_student_lift_v2/sample_ft_l004_w20_d60_120_lr4e4] [operator][epoch 042] lambda=0.0400 train_mse=0.00810573 val_mse=0.00799604 val_mae=0.05671686 | peer_val_mse=0.00000427 peer_val_mae=0.00125799
[worker1/operator_burgers_student_lift_v2_gpu0] [operator_burgers_student_lift_v2/sample_ft_l004_w20_d60_120_lr4e4] [operator][epoch 043] lambda=0.0400 train_mse=0.01085417 val_mse=0.00935313 val_mae=0.06424278 | peer_val_mse=0.00000427 peer_val_mae=0.00125799
[worker1/operator_burgers_student_lift_v2_gpu0] [operator_burgers_student_lift_v2/sample_ft_l004_w20_d60_120_lr4e4] [operator][epoch 044] lambda=0.0400 train_mse=0.00828342 val_mse=0.00703764 val_mae=0.05201411 | peer_val_mse=0.00000427 peer_val_mae=0.00125799
[worker1/operator_burgers_student_lift_v2_gpu0] [operator_burgers_student_lift_v2/sample_ft_l004_w20_d60_120_lr4e4] [operator][epoch 045] lambda=0.0400 train_mse=0.00903058 val_mse=0.00936125 val_mae=0.06268047 | peer_val_mse=0.00000427 peer_val_mae=0.00125799
[worker1/operator_burgers_student_lift_v2_gpu0] [operator_burgers_student_lift_v2/sample_ft_l004_w20_d60_120_lr4e4] [operator][epoch 046] lambda=0.0400 train_mse=0.00903809 val_mse=0.00769832 val_mae=0.05496577 | peer_val_mse=0.00000427 peer_val_mae=0.00125799
[worker1/operator_burgers_student_lift_v2_gpu0] [operator_burgers_student_lift_v2/sample_ft_l004_w20_d60_120_lr4e4] [operator][epoch 047] lambda=0.0400 train_mse=0.00803583 val_mse=0.00759356 val_mae=0.05384517 | peer_val_mse=0.00000427 peer_val_mae=0.00125799
[worker1/operator_burgers_student_lift_v2_gpu0] [operator_burgers_student_lift_v2/sample_ft_l004_w20_d60_120_lr4e4] [operator][epoch 048] lambda=0.0400 train_mse=0.00849505 val_mse=0.00714607 val_mae=0.05488892 | peer_val_mse=0.00000427 peer_val_mae=0.00125799
[worker1/operator_burgers_student_lift_v2_gpu0] [operator_burgers_student_lift_v2/sample_ft_l004_w20_d60_120_lr4e4] [operator][epoch 049] lambda=0.0400 train_mse=0.00864936 val_mse=0.01024238 val_mae=0.06490464 | peer_val_mse=0.00000427 peer_val_mae=0.00125799
[worker1/operator_burgers_student_lift_v2_gpu0] [operator_burgers_student_lift_v2/sample_ft_l004_w20_d60_120_lr4e4] [operator][epoch 050] lambda=0.0400 train_mse=0.00814758 val_mse=0.00927260 val_mae=0.06505752 | peer_val_mse=0.00000427 peer_val_mae=0.00125799
[worker1/operator_burgers_student_lift_v2_gpu0] [operator_burgers_student_lift_v2/sample_ft_l004_w20_d60_120_lr4e4] [operator][epoch 051] lambda=0.0400 train_mse=0.00834104 val_mse=0.00727559 val_mae=0.05184224 | peer_val_mse=0.00000427 peer_val_mae=0.00125799
[worker1/operator_burgers_student_lift_v2_gpu0] [operator_burgers_student_lift_v2/sample_ft_l004_w20_d60_120_lr4e4] [operator][epoch 052] lambda=0.0400 train_mse=0.00632110 val_mse=0.00760965 val_mae=0.05193850 | peer_val_mse=0.00000427 peer_val_mae=0.00125799
[worker1/operator_burgers_student_lift_v2_gpu0] [operator_burgers_student_lift_v2/sample_ft_l004_w20_d60_120_lr4e4] [operator][epoch 053] lambda=0.0400 train_mse=0.00617831 val_mse=0.00711048 val_mae=0.05217963 | peer_val_mse=0.00000427 peer_val_mae=0.00125799
[worker1/operator_burgers_student_lift_v2_gpu0] [operator_burgers_student_lift_v2/sample_ft_l004_w20_d60_120_lr4e4] [operator][epoch 054] lambda=0.0400 train_mse=0.01007588 val_mse=0.00936096 val_mae=0.06118721 | peer_val_mse=0.00000427 peer_val_mae=0.00125799
[worker1/operator_burgers_student_lift_v2_gpu0] [operator_burgers_student_lift_v2/sample_ft_l004_w20_d60_120_lr4e4] [operator][epoch 055] lambda=0.0400 train_mse=0.00873789 val_mse=0.00829375 val_mae=0.05877275 | peer_val_mse=0.00000427 peer_val_mae=0.00125799
[worker1/operator_burgers_student_lift_v2_gpu0] [operator_burgers_student_lift_v2/sample_ft_l004_w20_d60_120_lr4e4] [operator][epoch 056] lambda=0.0400 train_mse=0.00784076 val_mse=0.00727486 val_mae=0.05338658 | peer_val_mse=0.00000427 peer_val_mae=0.00125799
[worker1/operator_burgers_student_lift_v2_gpu0] [operator_burgers_student_lift_v2/sample_ft_l004_w20_d60_120_lr4e4] [operator][epoch 057] lambda=0.0400 train_mse=0.00736373 val_mse=0.00853472 val_mae=0.05666556 | peer_val_mse=0.00000427 peer_val_mae=0.00125799
[worker1/operator_burgers_student_lift_v2_gpu0] [operator_burgers_student_lift_v2/sample_ft_l004_w20_d60_120_lr4e4] [operator][epoch 058] lambda=0.0400 train_mse=0.00682788 val_mse=0.00713220 val_mae=0.05405187 | peer_val_mse=0.00000427 peer_val_mae=0.00125799
[worker1/operator_burgers_student_lift_v2_gpu0] [operator_burgers_student_lift_v2/sample_ft_l004_w20_d60_120_lr4e4] [operator][epoch 059] lambda=0.0400 train_mse=0.00611556 val_mse=0.00574579 val_mae=0.04548972 | peer_val_mse=0.00000427 peer_val_mae=0.00125799
[worker1/operator_burgers_student_lift_v2_gpu0] [operator_burgers_student_lift_v2/sample_ft_l004_w20_d60_120_lr4e4] [operator][epoch 060] lambda=0.0400 train_mse=0.00716691 val_mse=0.00907747 val_mae=0.06307672 | peer_val_mse=0.00000427 peer_val_mae=0.00125799
[worker1/operator_burgers_student_lift_v2_gpu0] [operator_burgers_student_lift_v2/sample_ft_l004_w20_d60_120_lr4e4] [operator][epoch 060] updated live plot
[worker1/operator_burgers_student_lift_v2_gpu0] [operator_burgers_student_lift_v2/sample_ft_l004_w20_d60_120_lr4e4] [operator][epoch 061] lambda=0.0394 train_mse=0.00977446 val_mse=0.00854584 val_mae=0.06056283 | peer_val_mse=0.00000427 peer_val_mae=0.00125799
[worker1/operator_burgers_student_lift_v2_gpu0] [operator_burgers_student_lift_v2/sample_ft_l004_w20_d60_120_lr4e4] [operator][epoch 062] lambda=0.0388 train_mse=0.00939517 val_mse=0.00812848 val_mae=0.05682944 | peer_val_mse=0.00000427 peer_val_mae=0.00125799
[worker1/operator_burgers_student_lift_v2_gpu0] [operator_burgers_student_lift_v2/sample_ft_l004_w20_d60_120_lr4e4] [operator][epoch 063] lambda=0.0382 train_mse=0.00707311 val_mse=0.00597112 val_mae=0.04630076 | peer_val_mse=0.00000427 peer_val_mae=0.00125799
[worker1/operator_burgers_student_lift_v2_gpu0] [operator_burgers_student_lift_v2/sample_ft_l004_w20_d60_120_lr4e4] [operator][epoch 064] lambda=0.0376 train_mse=0.00606195 val_mse=0.00653009 val_mae=0.05041654 | peer_val_mse=0.00000427 peer_val_mae=0.00125799
[worker1/operator_burgers_student_lift_v2_gpu0] [operator_burgers_student_lift_v2/sample_ft_l004_w20_d60_120_lr4e4] [operator][epoch 065] lambda=0.0370 train_mse=0.00653651 val_mse=0.00740469 val_mae=0.05497776 | peer_val_mse=0.00000427 peer_val_mae=0.00125799
[worker1/operator_burgers_student_lift_v2_gpu0] [operator_burgers_student_lift_v2/sample_ft_l004_w20_d60_120_lr4e4] [operator][epoch 066] lambda=0.0364 train_mse=0.00703201 val_mse=0.00676450 val_mae=0.05185044 | peer_val_mse=0.00000427 peer_val_mae=0.00125799
[worker1/operator_burgers_student_lift_v2_gpu0] [operator_burgers_student_lift_v2/sample_ft_l004_w20_d60_120_lr4e4] [operator][epoch 067] lambda=0.0358 train_mse=0.00817370 val_mse=0.00829613 val_mae=0.05845365 | peer_val_mse=0.00000427 peer_val_mae=0.00125799
[worker1/operator_burgers_student_lift_v2_gpu0] [operator_burgers_student_lift_v2/sample_ft_l004_w20_d60_120_lr4e4] [operator][epoch 068] lambda=0.0352 train_mse=0.00738487 val_mse=0.00648953 val_mae=0.04977133 | peer_val_mse=0.00000427 peer_val_mae=0.00125799
[worker1/operator_burgers_student_lift_v2_gpu0] [operator_burgers_student_lift_v2/sample_ft_l004_w20_d60_120_lr4e4] [operator][epoch 069] lambda=0.0346 train_mse=0.00573791 val_mse=0.00686235 val_mae=0.05281178 | peer_val_mse=0.00000427 peer_val_mae=0.00125799
[worker1/operator_burgers_student_lift_v2_gpu0] [operator_burgers_student_lift_v2/sample_ft_l004_w20_d60_120_lr4e4] [operator][epoch 070] lambda=0.0340 train_mse=0.00751929 val_mse=0.00744980 val_mae=0.05614674 | peer_val_mse=0.00000427 peer_val_mae=0.00125799
[worker1/operator_burgers_student_lift_v2_gpu0] [operator_burgers_student_lift_v2/sample_ft_l004_w20_d60_120_lr4e4] [operator][epoch 071] lambda=0.0334 train_mse=0.00709079 val_mse=0.00676047 val_mae=0.05015945 | peer_val_mse=0.00000427 peer_val_mae=0.00125799
[worker1/operator_burgers_student_lift_v2_gpu0] [operator_burgers_student_lift_v2/sample_ft_l004_w20_d60_120_lr4e4] [operator][epoch 072] lambda=0.0328 train_mse=0.00859659 val_mse=0.00975705 val_mae=0.06909539 | peer_val_mse=0.00000427 peer_val_mae=0.00125799
[worker1/operator_burgers_student_lift_v2_gpu0] [operator_burgers_student_lift_v2/sample_ft_l004_w20_d60_120_lr4e4] [operator][epoch 073] lambda=0.0322 train_mse=0.00943491 val_mse=0.01218940 val_mae=0.07134642 | peer_val_mse=0.00000427 peer_val_mae=0.00125799
[worker1/operator_burgers_student_lift_v2_gpu0] [operator_burgers_student_lift_v2/sample_ft_l004_w20_d60_120_lr4e4] [operator][epoch 074] lambda=0.0316 train_mse=0.00916805 val_mse=0.00841167 val_mae=0.05852551 | peer_val_mse=0.00000427 peer_val_mae=0.00125799
[worker1/operator_burgers_student_lift_v2_gpu0] [operator_burgers_student_lift_v2/sample_ft_l004_w20_d60_120_lr4e4] [operator][epoch 075] lambda=0.0310 train_mse=0.00653787 val_mse=0.00666005 val_mae=0.04845451 | peer_val_mse=0.00000427 peer_val_mae=0.00125799
[worker1/operator_burgers_student_lift_v2_gpu0] [operator_burgers_student_lift_v2/sample_ft_l004_w20_d60_120_lr4e4] [operator][epoch 076] lambda=0.0304 train_mse=0.00670893 val_mse=0.00564724 val_mae=0.04620541 | peer_val_mse=0.00000427 peer_val_mae=0.00125799
[worker1/operator_burgers_student_lift_v2_gpu0] [operator_burgers_student_lift_v2/sample_ft_l004_w20_d60_120_lr4e4] [operator][epoch 077] lambda=0.0298 train_mse=0.00533109 val_mse=0.00541979 val_mae=0.04279368 | peer_val_mse=0.00000427 peer_val_mae=0.00125799
[worker1/operator_burgers_student_lift_v2_gpu0] [operator_burgers_student_lift_v2/sample_ft_l004_w20_d60_120_lr4e4] [operator][epoch 078] lambda=0.0292 train_mse=0.00515070 val_mse=0.00568795 val_mae=0.04417277 | peer_val_mse=0.00000427 peer_val_mae=0.00125799
[worker1/operator_burgers_student_lift_v2_gpu0] [operator_burgers_student_lift_v2/sample_ft_l004_w20_d60_120_lr4e4] [operator][epoch 079] lambda=0.0286 train_mse=0.00795277 val_mse=0.00903331 val_mae=0.06157510 | peer_val_mse=0.00000427 peer_val_mae=0.00125799
[worker1/operator_burgers_student_lift_v2_gpu0] [operator_burgers_student_lift_v2/sample_ft_l004_w20_d60_120_lr4e4] [operator][epoch 080] lambda=0.0280 train_mse=0.00693089 val_mse=0.00652513 val_mae=0.05274540 | peer_val_mse=0.00000427 peer_val_mae=0.00125799
[worker1/operator_burgers_student_lift_v2_gpu0] [operator_burgers_student_lift_v2/sample_ft_l004_w20_d60_120_lr4e4] [operator][epoch 080] updated live plot
[worker1/operator_burgers_student_lift_v2_gpu0] [operator_burgers_student_lift_v2/sample_ft_l004_w20_d60_120_lr4e4] [operator][epoch 081] lambda=0.0274 train_mse=0.00565053 val_mse=0.00645918 val_mae=0.04981408 | peer_val_mse=0.00000427 peer_val_mae=0.00125799
[worker1/operator_burgers_student_lift_v2_gpu0] [operator_burgers_student_lift_v2/sample_ft_l004_w20_d60_120_lr4e4] [operator][epoch 082] lambda=0.0268 train_mse=0.00581099 val_mse=0.00549249 val_mae=0.04638609 | peer_val_mse=0.00000427 peer_val_mae=0.00125799
[worker1/operator_burgers_student_lift_v2_gpu0] [operator_burgers_student_lift_v2/sample_ft_l004_w20_d60_120_lr4e4] [operator][epoch 083] lambda=0.0262 train_mse=0.00632433 val_mse=0.00762845 val_mae=0.05255863 | peer_val_mse=0.00000427 peer_val_mae=0.00125799
[worker1/operator_burgers_student_lift_v2_gpu0] [operator_burgers_student_lift_v2/sample_ft_l004_w20_d60_120_lr4e4] [operator][epoch 084] lambda=0.0256 train_mse=0.00657862 val_mse=0.00713183 val_mae=0.05072957 | peer_val_mse=0.00000427 peer_val_mae=0.00125799
[worker1/operator_burgers_student_lift_v2_gpu0] [operator_burgers_student_lift_v2/sample_ft_l004_w20_d60_120_lr4e4] [operator][epoch 085] lambda=0.0250 train_mse=0.00641527 val_mse=0.00634946 val_mae=0.04917012 | peer_val_mse=0.00000427 peer_val_mae=0.00125799
[worker1/operator_burgers_student_lift_v2_gpu0] [operator_burgers_student_lift_v2/sample_ft_l004_w20_d60_120_lr4e4] [operator][epoch 086] lambda=0.0244 train_mse=0.00696250 val_mse=0.00627966 val_mae=0.05174634 | peer_val_mse=0.00000427 peer_val_mae=0.00125799
[worker1/operator_burgers_student_lift_v2_gpu0] [operator_burgers_student_lift_v2/sample_ft_l004_w20_d60_120_lr4e4] [operator][epoch 087] lambda=0.0238 train_mse=0.00834482 val_mse=0.01127469 val_mae=0.07432453 | peer_val_mse=0.00000427 peer_val_mae=0.00125799
[worker1/operator_burgers_student_lift_v2_gpu0] [operator_burgers_student_lift_v2/sample_ft_l004_w20_d60_120_lr4e4] [operator][epoch 088] lambda=0.0232 train_mse=0.00793606 val_mse=0.00628877 val_mae=0.04990610 | peer_val_mse=0.00000427 peer_val_mae=0.00125799
[worker1/operator_burgers_student_lift_v2_gpu0] [operator_burgers_student_lift_v2/sample_ft_l004_w20_d60_120_lr4e4] [operator][epoch 089] lambda=0.0226 train_mse=0.00695582 val_mse=0.00740697 val_mae=0.05605517 | peer_val_mse=0.00000427 peer_val_mae=0.00125799
[worker1/operator_burgers_student_lift_v2_gpu0] [operator_burgers_student_lift_v2/sample_ft_l004_w20_d60_120_lr4e4] [operator][epoch 090] lambda=0.0220 train_mse=0.00685307 val_mse=0.00963326 val_mae=0.05953290 | peer_val_mse=0.00000427 peer_val_mae=0.00125799
[worker1/operator_burgers_student_lift_v2_gpu0] [operator_burgers_student_lift_v2/sample_ft_l004_w20_d60_120_lr4e4] [operator][epoch 091] lambda=0.0214 train_mse=0.00823270 val_mse=0.00697510 val_mae=0.05574176 | peer_val_mse=0.00000427 peer_val_mae=0.00125799
[worker1/operator_burgers_student_lift_v2_gpu0] [operator_burgers_student_lift_v2/sample_ft_l004_w20_d60_120_lr4e4] [operator][epoch 092] lambda=0.0208 train_mse=0.00608339 val_mse=0.00513059 val_mae=0.04249230 | peer_val_mse=0.00000427 peer_val_mae=0.00125799
[worker1/operator_burgers_student_lift_v2_gpu0] [operator_burgers_student_lift_v2/sample_ft_l004_w20_d60_120_lr4e4] [operator][epoch 093] lambda=0.0202 train_mse=0.00551784 val_mse=0.00562727 val_mae=0.04711046 | peer_val_mse=0.00000427 peer_val_mae=0.00125799
[worker1/operator_burgers_student_lift_v2_gpu0] [operator_burgers_student_lift_v2/sample_ft_l004_w20_d60_120_lr4e4] [operator][epoch 094] lambda=0.0196 train_mse=0.00535785 val_mse=0.00530550 val_mae=0.04397664 | peer_val_mse=0.00000427 peer_val_mae=0.00125799
[worker1/operator_burgers_student_lift_v2_gpu0] [operator_burgers_student_lift_v2/sample_ft_l004_w20_d60_120_lr4e4] [operator][epoch 095] lambda=0.0190 train_mse=0.00694583 val_mse=0.00649449 val_mae=0.05092738 | peer_val_mse=0.00000427 peer_val_mae=0.00125799
[worker1/operator_burgers_student_lift_v2_gpu0] [operator_burgers_student_lift_v2/sample_ft_l004_w20_d60_120_lr4e4] [operator][epoch 096] lambda=0.0184 train_mse=0.00703697 val_mse=0.00816733 val_mae=0.06136945 | peer_val_mse=0.00000427 peer_val_mae=0.00125799
[worker1/operator_burgers_student_lift_v2_gpu0] [operator_burgers_student_lift_v2/sample_ft_l004_w20_d60_120_lr4e4] [operator][epoch 097] lambda=0.0178 train_mse=0.00735980 val_mse=0.00787869 val_mae=0.05656997 | peer_val_mse=0.00000427 peer_val_mae=0.00125799
[worker1/operator_burgers_student_lift_v2_gpu0] [operator_burgers_student_lift_v2/sample_ft_l004_w20_d60_120_lr4e4] [operator][epoch 098] lambda=0.0172 train_mse=0.00648598 val_mse=0.00552520 val_mae=0.04588817 | peer_val_mse=0.00000427 peer_val_mae=0.00125799
[worker1/operator_burgers_student_lift_v2_gpu0] [operator_burgers_student_lift_v2/sample_ft_l004_w20_d60_120_lr4e4] [operator][epoch 099] lambda=0.0166 train_mse=0.00499845 val_mse=0.00573576 val_mae=0.04557247 | peer_val_mse=0.00000427 peer_val_mae=0.00125799
[worker1/operator_burgers_student_lift_v2_gpu0] [operator_burgers_student_lift_v2/sample_ft_l004_w20_d60_120_lr4e4] [operator][epoch 100] lambda=0.0160 train_mse=0.00528514 val_mse=0.00540720 val_mae=0.04359680 | peer_val_mse=0.00000427 peer_val_mae=0.00125799
[worker1/operator_burgers_student_lift_v2_gpu0] [operator_burgers_student_lift_v2/sample_ft_l004_w20_d60_120_lr4e4] [operator][epoch 100] updated live plot
[worker1/operator_burgers_student_lift_v2_gpu0] [operator_burgers_student_lift_v2/sample_ft_l004_w20_d60_120_lr4e4] [operator][epoch 101] lambda=0.0154 train_mse=0.00509452 val_mse=0.00506291 val_mae=0.04121767 | peer_val_mse=0.00000427 peer_val_mae=0.00125799
[worker1/operator_burgers_student_lift_v2_gpu0] [operator_burgers_student_lift_v2/sample_ft_l004_w20_d60_120_lr4e4] [operator][epoch 102] lambda=0.0148 train_mse=0.00494817 val_mse=0.00666892 val_mae=0.04937786 | peer_val_mse=0.00000427 peer_val_mae=0.00125799
[worker1/operator_burgers_student_lift_v2_gpu0] [operator_burgers_student_lift_v2/sample_ft_l004_w20_d60_120_lr4e4] [operator][epoch 103] lambda=0.0142 train_mse=0.00528119 val_mse=0.00496274 val_mae=0.04102107 | peer_val_mse=0.00000427 peer_val_mae=0.00125799
[worker1/operator_burgers_student_lift_v2_gpu0] [operator_burgers_student_lift_v2/sample_ft_l004_w20_d60_120_lr4e4] [operator][epoch 104] lambda=0.0136 train_mse=0.00568402 val_mse=0.00808887 val_mae=0.05510912 | peer_val_mse=0.00000427 peer_val_mae=0.00125799
[worker1/operator_burgers_student_lift_v2_gpu0] [operator_burgers_student_lift_v2/sample_ft_l004_w20_d60_120_lr4e4] [operator][epoch 105] lambda=0.0130 train_mse=0.01015412 val_mse=0.00673195 val_mae=0.05289858 | peer_val_mse=0.00000427 peer_val_mae=0.00125799
[worker1/operator_burgers_student_lift_v2_gpu0] [operator_burgers_student_lift_v2/sample_ft_l004_w20_d60_120_lr4e4] [operator][epoch 106] lambda=0.0124 train_mse=0.00561805 val_mse=0.00564605 val_mae=0.04522785 | peer_val_mse=0.00000427 peer_val_mae=0.00125799
[worker1/operator_burgers_student_lift_v2_gpu0] [operator_burgers_student_lift_v2/sample_ft_l004_w20_d60_120_lr4e4] [operator][epoch 107] lambda=0.0118 train_mse=0.00779722 val_mse=0.00933581 val_mae=0.06338411 | peer_val_mse=0.00000427 peer_val_mae=0.00125799
[worker1/operator_burgers_student_lift_v2_gpu0] [operator_burgers_student_lift_v2/sample_ft_l004_w20_d60_120_lr4e4] [operator][epoch 108] lambda=0.0112 train_mse=0.00807354 val_mse=0.00662733 val_mae=0.05227845 | peer_val_mse=0.00000427 peer_val_mae=0.00125799
[worker1/operator_burgers_student_lift_v2_gpu0] [operator_burgers_student_lift_v2/sample_ft_l004_w20_d60_120_lr4e4] [operator][epoch 109] lambda=0.0106 train_mse=0.00566665 val_mse=0.00527790 val_mae=0.04461374 | peer_val_mse=0.00000427 peer_val_mae=0.00125799
[worker1/operator_burgers_student_lift_v2_gpu0] [operator_burgers_student_lift_v2/sample_ft_l004_w20_d60_120_lr4e4] [operator][epoch 110] lambda=0.0100 train_mse=0.00518021 val_mse=0.00519608 val_mae=0.04331420 | peer_val_mse=0.00000427 peer_val_mae=0.00125799
[worker1/operator_burgers_student_lift_v2_gpu0] [operator_burgers_student_lift_v2/sample_ft_l004_w20_d60_120_lr4e4] [operator][epoch 111] lambda=0.0094 train_mse=0.00518038 val_mse=0.00504864 val_mae=0.04155744 | peer_val_mse=0.00000427 peer_val_mae=0.00125799
[worker1/operator_burgers_student_lift_v2_gpu0] [operator_burgers_student_lift_v2/sample_ft_l004_w20_d60_120_lr4e4] [operator][epoch 112] lambda=0.0088 train_mse=0.00686138 val_mse=0.00791598 val_mae=0.05869967 | peer_val_mse=0.00000427 peer_val_mae=0.00125799
[worker1/operator_darcy_student_lift_v2_gpu1] [operator_darcy_student_lift_v2/sample_ft_l003_w15_d45_90_lr2e4] [operator][epoch 017] lambda=0.0300 train_mse=0.01102136 val_mse=0.01854008 val_mae=0.10210798 | peer_val_mse=0.00368136 peer_val_mae=0.03564195
[worker1/operator_darcy_student_lift_v2_gpu1] [operator_darcy_student_lift_v2/sample_ft_l003_w15_d45_90_lr2e4] [operator][epoch 018] lambda=0.0300 train_mse=0.01140274 val_mse=0.01745466 val_mae=0.09791835 | peer_val_mse=0.00368136 peer_val_mae=0.03564195
[worker1/operator_darcy_student_lift_v2_gpu1] [operator_darcy_student_lift_v2/sample_ft_l003_w15_d45_90_lr2e4] [operator][epoch 019] lambda=0.0300 train_mse=0.01057173 val_mse=0.01737056 val_mae=0.09863349 | peer_val_mse=0.00368136 peer_val_mae=0.03564195
[worker1/operator_darcy_student_lift_v2_gpu1] [operator_darcy_student_lift_v2/sample_ft_l003_w15_d45_90_lr2e4] [operator][epoch 020] lambda=0.0300 train_mse=0.01022696 val_mse=0.01709142 val_mae=0.09748663 | peer_val_mse=0.00368136 peer_val_mae=0.03564195
[worker1/operator_darcy_student_lift_v2_gpu1] [operator_darcy_student_lift_v2/sample_ft_l003_w15_d45_90_lr2e4] [operator][epoch 020] updated live plot
[worker1/operator_darcy_student_lift_v2_gpu1] [operator_darcy_student_lift_v2/sample_ft_l003_w15_d45_90_lr2e4] [operator][epoch 021] lambda=0.0300 train_mse=0.00987396 val_mse=0.01683075 val_mae=0.09704938 | peer_val_mse=0.00368136 peer_val_mae=0.03564195
[worker1/operator_darcy_student_lift_v2_gpu1] [operator_darcy_student_lift_v2/sample_ft_l003_w15_d45_90_lr2e4] [operator][epoch 022] lambda=0.0300 train_mse=0.01027494 val_mse=0.01699816 val_mae=0.09750409 | peer_val_mse=0.00368136 peer_val_mae=0.03564195
[worker1/operator_darcy_student_lift_v2_gpu1] [operator_darcy_student_lift_v2/sample_ft_l003_w15_d45_90_lr2e4] [operator][epoch 023] lambda=0.0300 train_mse=0.01092129 val_mse=0.01868288 val_mae=0.10335064 | peer_val_mse=0.00368136 peer_val_mae=0.03564195
[worker1/operator_darcy_student_lift_v2_gpu1] [operator_darcy_student_lift_v2/sample_ft_l003_w15_d45_90_lr2e4] [operator][epoch 024] lambda=0.0300 train_mse=0.01050695 val_mse=0.01767388 val_mae=0.09928783 | peer_val_mse=0.00368136 peer_val_mae=0.03564195
[worker1/operator_darcy_student_lift_v2_gpu1] [operator_darcy_student_lift_v2/sample_ft_l003_w15_d45_90_lr2e4] [operator][epoch 025] lambda=0.0300 train_mse=0.00999516 val_mse=0.01684641 val_mae=0.09758786 | peer_val_mse=0.00368136 peer_val_mae=0.03564195
[worker1/operator_darcy_student_lift_v2_gpu1] [operator_darcy_student_lift_v2/sample_ft_l003_w15_d45_90_lr2e4] [operator][epoch 026] lambda=0.0300 train_mse=0.00930371 val_mse=0.01580777 val_mae=0.09302624 | peer_val_mse=0.00368136 peer_val_mae=0.03564195
[worker1/operator_darcy_student_lift_v2_gpu1] [operator_darcy_student_lift_v2/sample_ft_l003_w15_d45_90_lr2e4] [operator][epoch 027] lambda=0.0300 train_mse=0.00930986 val_mse=0.01652920 val_mae=0.09608381 | peer_val_mse=0.00368136 peer_val_mae=0.03564195
[worker1/operator_darcy_student_lift_v2_gpu1] [operator_darcy_student_lift_v2/sample_ft_l003_w15_d45_90_lr2e4] [operator][epoch 028] lambda=0.0300 train_mse=0.00951069 val_mse=0.01794296 val_mae=0.10005979 | peer_val_mse=0.00368136 peer_val_mae=0.03564195
[worker1/operator_darcy_student_lift_v2_gpu1] [operator_darcy_student_lift_v2/sample_ft_l003_w15_d45_90_lr2e4] [operator][epoch 029] lambda=0.0300 train_mse=0.00982251 val_mse=0.01569602 val_mae=0.09390893 | peer_val_mse=0.00368136 peer_val_mae=0.03564195
[worker1/operator_darcy_student_lift_v2_gpu1] [operator_darcy_student_lift_v2/sample_ft_l003_w15_d45_90_lr2e4] [operator][epoch 030] lambda=0.0300 train_mse=0.00972757 val_mse=0.01654057 val_mae=0.09559814 | peer_val_mse=0.00368136 peer_val_mae=0.03564195
[worker1/operator_darcy_student_lift_v2_gpu1] [operator_darcy_student_lift_v2/sample_ft_l003_w15_d45_90_lr2e4] [operator][epoch 031] lambda=0.0300 train_mse=0.00966417 val_mse=0.01603430 val_mae=0.09402984 | peer_val_mse=0.00368136 peer_val_mae=0.03564195
[worker1/operator_darcy_student_lift_v2_gpu1] [operator_darcy_student_lift_v2/sample_ft_l003_w15_d45_90_lr2e4] [operator][epoch 032] lambda=0.0300 train_mse=0.00893007 val_mse=0.01598912 val_mae=0.09373870 | peer_val_mse=0.00368136 peer_val_mae=0.03564195
[worker1/operator_darcy_student_lift_v2_gpu1] [operator_darcy_student_lift_v2/sample_ft_l003_w15_d45_90_lr2e4] [operator][epoch 033] lambda=0.0300 train_mse=0.00890592 val_mse=0.01594853 val_mae=0.09459619 | peer_val_mse=0.00368136 peer_val_mae=0.03564195
[worker1/operator_darcy_student_lift_v2_gpu1] [operator_darcy_student_lift_v2/sample_ft_l003_w15_d45_90_lr2e4] [operator][epoch 034] lambda=0.0300 train_mse=0.00862408 val_mse=0.01573749 val_mae=0.09332428 | peer_val_mse=0.00368136 peer_val_mae=0.03564195
[worker1/operator_darcy_student_lift_v2_gpu1] [operator_darcy_student_lift_v2/sample_ft_l003_w15_d45_90_lr2e4] [operator][epoch 035] lambda=0.0300 train_mse=0.00961816 val_mse=0.01726202 val_mae=0.09822241 | peer_val_mse=0.00368136 peer_val_mae=0.03564195
[worker1/operator_burgers_student_lift_v2_gpu0] [operator_burgers_student_lift_v2/sample_ft_l004_w20_d60_120_lr4e4] [operator][epoch 113] lambda=0.0082 train_mse=0.00682317 val_mse=0.00783341 val_mae=0.05214601 | peer_val_mse=0.00000427 peer_val_mae=0.00125799
[worker1/operator_burgers_student_lift_v2_gpu0] [operator_burgers_student_lift_v2/sample_ft_l004_w20_d60_120_lr4e4] [operator][epoch 114] lambda=0.0076 train_mse=0.00678848 val_mse=0.00591651 val_mae=0.04633906 | peer_val_mse=0.00000427 peer_val_mae=0.00125799
[worker1/operator_burgers_student_lift_v2_gpu0] [operator_burgers_student_lift_v2/sample_ft_l004_w20_d60_120_lr4e4] [operator][epoch 115] lambda=0.0070 train_mse=0.00529202 val_mse=0.00605810 val_mae=0.04918574 | peer_val_mse=0.00000427 peer_val_mae=0.00125799
[worker1/operator_burgers_student_lift_v2_gpu0] [operator_burgers_student_lift_v2/sample_ft_l004_w20_d60_120_lr4e4] [operator][epoch 116] lambda=0.0064 train_mse=0.00539188 val_mse=0.00533483 val_mae=0.04484516 | peer_val_mse=0.00000427 peer_val_mae=0.00125799
[worker1/operator_burgers_student_lift_v2_gpu0] [operator_burgers_student_lift_v2/sample_ft_l004_w20_d60_120_lr4e4] [operator][epoch 117] lambda=0.0058 train_mse=0.00458046 val_mse=0.00474335 val_mae=0.04017438 | peer_val_mse=0.00000427 peer_val_mae=0.00125799
[worker1/operator_burgers_student_lift_v2_gpu0] [operator_burgers_student_lift_v2/sample_ft_l004_w20_d60_120_lr4e4] [operator][epoch 118] lambda=0.0052 train_mse=0.00479254 val_mse=0.00556425 val_mae=0.04214329 | peer_val_mse=0.00000427 peer_val_mae=0.00125799
[worker1/operator_burgers_student_lift_v2_gpu0] [operator_burgers_student_lift_v2/sample_ft_l004_w20_d60_120_lr4e4] [operator][epoch 119] lambda=0.0046 train_mse=0.00523317 val_mse=0.00530290 val_mae=0.04353117 | peer_val_mse=0.00000427 peer_val_mae=0.00125799
[worker1/operator_burgers_student_lift_v2_gpu0] [operator_burgers_student_lift_v2/sample_ft_l004_w20_d60_120_lr4e4] [operator][epoch 120] lambda=0.0040 train_mse=0.00515783 val_mse=0.00523404 val_mae=0.04347181 | peer_val_mse=0.00000427 peer_val_mae=0.00125799
[worker1/operator_burgers_student_lift_v2_gpu0] [operator_burgers_student_lift_v2/sample_ft_l004_w20_d60_120_lr4e4] [operator][epoch 120] updated live plot
[worker1/operator_burgers_student_lift_v2_gpu0] [operator_burgers_student_lift_v2/sample_ft_l004_w20_d60_120_lr4e4] [operator][epoch 121] lambda=0.0040 train_mse=0.00497228 val_mse=0.00513962 val_mae=0.04402380 | peer_val_mse=0.00000427 peer_val_mae=0.00125799
[worker1/operator_burgers_student_lift_v2_gpu0] [operator_burgers_student_lift_v2/sample_ft_l004_w20_d60_120_lr4e4] [operator][epoch 122] lambda=0.0040 train_mse=0.00655198 val_mse=0.00585426 val_mae=0.04736903 | peer_val_mse=0.00000427 peer_val_mae=0.00125799
[worker1/operator_burgers_student_lift_v2_gpu0] [operator_burgers_student_lift_v2/sample_ft_l004_w20_d60_120_lr4e4] [operator][epoch 123] lambda=0.0040 train_mse=0.00537617 val_mse=0.00677693 val_mae=0.05168155 | peer_val_mse=0.00000427 peer_val_mae=0.00125799
[worker1/operator_burgers_student_lift_v2_gpu0] [operator_burgers_student_lift_v2/sample_ft_l004_w20_d60_120_lr4e4] [operator][epoch 124] lambda=0.0040 train_mse=0.00560845 val_mse=0.01021453 val_mae=0.06212621 | peer_val_mse=0.00000427 peer_val_mae=0.00125799
[worker1/operator_burgers_student_lift_v2_gpu0] [operator_burgers_student_lift_v2/sample_ft_l004_w20_d60_120_lr4e4] [operator][epoch 125] lambda=0.0040 train_mse=0.00744870 val_mse=0.00999402 val_mae=0.06465515 | peer_val_mse=0.00000427 peer_val_mae=0.00125799
[worker1/operator_burgers_student_lift_v2_gpu0] [operator_burgers_student_lift_v2/sample_ft_l004_w20_d60_120_lr4e4] [operator][epoch 126] lambda=0.0040 train_mse=0.00523537 val_mse=0.00467125 val_mae=0.04055037 | peer_val_mse=0.00000427 peer_val_mae=0.00125799
[worker1/operator_burgers_student_lift_v2_gpu0] [operator_burgers_student_lift_v2/sample_ft_l004_w20_d60_120_lr4e4] [operator][epoch 127] lambda=0.0040 train_mse=0.00432865 val_mse=0.00452216 val_mae=0.03882213 | peer_val_mse=0.00000427 peer_val_mae=0.00125799
[worker1/operator_burgers_student_lift_v2_gpu0] [operator_burgers_student_lift_v2/sample_ft_l004_w20_d60_120_lr4e4] [operator][epoch 128] lambda=0.0040 train_mse=0.00459647 val_mse=0.00444702 val_mae=0.03937621 | peer_val_mse=0.00000427 peer_val_mae=0.00125799
[worker1/operator_burgers_student_lift_v2_gpu0] [operator_burgers_student_lift_v2/sample_ft_l004_w20_d60_120_lr4e4] [operator][epoch 129] lambda=0.0040 train_mse=0.00470009 val_mse=0.00592578 val_mae=0.04691382 | peer_val_mse=0.00000427 peer_val_mae=0.00125799
[worker1/operator_burgers_student_lift_v2_gpu0] [operator_burgers_student_lift_v2/sample_ft_l004_w20_d60_120_lr4e4] [operator][epoch 130] lambda=0.0040 train_mse=0.00597787 val_mse=0.00571557 val_mae=0.04836014 | peer_val_mse=0.00000427 peer_val_mae=0.00125799
[worker1/operator_burgers_student_lift_v2_gpu0] [operator_burgers_student_lift_v2/sample_ft_l004_w20_d60_120_lr4e4] [operator][epoch 131] lambda=0.0040 train_mse=0.00567473 val_mse=0.00568867 val_mae=0.04918169 | peer_val_mse=0.00000427 peer_val_mae=0.00125799
[worker1/operator_burgers_student_lift_v2_gpu0] [operator_burgers_student_lift_v2/sample_ft_l004_w20_d60_120_lr4e4] [operator][epoch 132] lambda=0.0040 train_mse=0.00467906 val_mse=0.00603614 val_mae=0.04449891 | peer_val_mse=0.00000427 peer_val_mae=0.00125799
[worker1/operator_burgers_student_lift_v2_gpu0] [operator_burgers_student_lift_v2/sample_ft_l004_w20_d60_120_lr4e4] [operator][epoch 133] lambda=0.0040 train_mse=0.00476224 val_mse=0.00476970 val_mae=0.04088392 | peer_val_mse=0.00000427 peer_val_mae=0.00125799
[worker1/operator_burgers_student_lift_v2_gpu0] [operator_burgers_student_lift_v2/sample_ft_l004_w20_d60_120_lr4e4] [operator][epoch 134] lambda=0.0040 train_mse=0.00536551 val_mse=0.00552085 val_mae=0.04463035 | peer_val_mse=0.00000427 peer_val_mae=0.00125799
[worker1/operator_burgers_student_lift_v2_gpu0] [operator_burgers_student_lift_v2/sample_ft_l004_w20_d60_120_lr4e4] [operator][epoch 135] lambda=0.0040 train_mse=0.00479908 val_mse=0.00486677 val_mae=0.04209609 | peer_val_mse=0.00000427 peer_val_mae=0.00125799
[worker1/operator_burgers_student_lift_v2_gpu0] [operator_burgers_student_lift_v2/sample_ft_l004_w20_d60_120_lr4e4] [operator][epoch 136] lambda=0.0040 train_mse=0.00436863 val_mse=0.00467273 val_mae=0.04034522 | peer_val_mse=0.00000427 peer_val_mae=0.00125799
[worker1/operator_burgers_student_lift_v2_gpu0] [operator_burgers_student_lift_v2/sample_ft_l004_w20_d60_120_lr4e4] [operator][epoch 137] lambda=0.0040 train_mse=0.00543041 val_mse=0.00623324 val_mae=0.05105098 | peer_val_mse=0.00000427 peer_val_mae=0.00125799
[worker1/operator_burgers_student_lift_v2_gpu0] [operator_burgers_student_lift_v2/sample_ft_l004_w20_d60_120_lr4e4] [operator][epoch 138] lambda=0.0040 train_mse=0.00625864 val_mse=0.00533485 val_mae=0.04347585 | peer_val_mse=0.00000427 peer_val_mae=0.00125799
[worker1/operator_burgers_student_lift_v2_gpu0] [operator_burgers_student_lift_v2/sample_ft_l004_w20_d60_120_lr4e4] [operator][epoch 139] lambda=0.0040 train_mse=0.00509388 val_mse=0.00471797 val_mae=0.04027212 | peer_val_mse=0.00000427 peer_val_mae=0.00125799
[worker1/operator_burgers_student_lift_v2_gpu0] [operator_burgers_student_lift_v2/sample_ft_l004_w20_d60_120_lr4e4] [operator][epoch 140] lambda=0.0040 train_mse=0.00449928 val_mse=0.00517680 val_mae=0.04388664 | peer_val_mse=0.00000427 peer_val_mae=0.00125799
[worker1/operator_burgers_student_lift_v2_gpu0] [operator_burgers_student_lift_v2/sample_ft_l004_w20_d60_120_lr4e4] [operator][epoch 140] updated live plot
[worker1/operator_burgers_student_lift_v2_gpu0] [operator_burgers_student_lift_v2/sample_ft_l004_w20_d60_120_lr4e4] [operator] done
[worker1/operator_burgers_student_lift_v2_gpu0] [operator_burgers_student_lift_v2/sample_ft_l004_w20_d60_120_lr4e4] [operator] dataset=burgers pair=deeponet:fno method=ssml seed=2
[worker1/operator_burgers_student_lift_v2_gpu0] [operator_burgers_student_lift_v2/sample_ft_l004_w20_d60_120_lr4e4] [operator] loaded init_checkpoint=results/operator_burgers_followup_v1/burgers_l005_m0_w12_d60_120_ow1/operator/burgers/deeponet_independent_mse_seed2/model.pt
[worker1/operator_burgers_student_lift_v2_gpu0] [operator_burgers_student_lift_v2/sample_ft_l004_w20_d60_120_lr4e4] [operator] loaded peer_init_checkpoint=results/operator_burgers_followup_v1/burgers_l005_m0_w12_d60_120_ow1/operator/burgers/fno_independent_mse_seed2/model.pt
[worker1/operator_burgers_student_lift_v2_gpu0] [operator_burgers_student_lift_v2/sample_ft_l004_w20_d60_120_lr4e4] [operator] run_dir=results/operator_burgers_student_lift_v2/sample_ft_l004_w20_d60_120_lr4e4/operator/burgers/deeponet__fno_ssml_mse_seed2
[worker1/operator_burgers_student_lift_v2_gpu0] [operator_burgers_student_lift_v2/sample_ft_l004_w20_d60_120_lr4e4] [operator] params=198656
[worker1/operator_burgers_student_lift_v2_gpu0] [operator_burgers_student_lift_v2/sample_ft_l004_w20_d60_120_lr4e4] [operator] granularity=sample student_only=True freeze_peer=True peer_updates_disabled=True
[worker1/operator_burgers_student_lift_v2_gpu0] [operator_burgers_student_lift_v2/sample_ft_l004_w20_d60_120_lr4e4] [operator][epoch 001] lambda=0.0000 train_mse=0.01653651 val_mse=0.01049716 val_mae=0.06765320 | peer_val_mse=0.00002689 peer_val_mae=0.00366316
[worker1/operator_burgers_student_lift_v2_gpu0] [operator_burgers_student_lift_v2/sample_ft_l004_w20_d60_120_lr4e4] [operator][epoch 002] lambda=0.0000 train_mse=0.01146283 val_mse=0.01487896 val_mae=0.08459184 | peer_val_mse=0.00002689 peer_val_mae=0.00366316
[worker1/operator_burgers_student_lift_v2_gpu0] [operator_burgers_student_lift_v2/sample_ft_l004_w20_d60_120_lr4e4] [operator][epoch 003] lambda=0.0000 train_mse=0.01228013 val_mse=0.01185200 val_mae=0.07543690 | peer_val_mse=0.00002689 peer_val_mae=0.00366316
[worker1/operator_burgers_student_lift_v2_gpu0] [operator_burgers_student_lift_v2/sample_ft_l004_w20_d60_120_lr4e4] [operator][epoch 004] lambda=0.0000 train_mse=0.01269832 val_mse=0.01126209 val_mae=0.06903876 | peer_val_mse=0.00002689 peer_val_mae=0.00366316
[worker1/operator_burgers_student_lift_v2_gpu0] [operator_burgers_student_lift_v2/sample_ft_l004_w20_d60_120_lr4e4] [operator][epoch 005] lambda=0.0000 train_mse=0.01079341 val_mse=0.01014830 val_mae=0.06461509 | peer_val_mse=0.00002689 peer_val_mae=0.00366316
[worker1/operator_burgers_student_lift_v2_gpu0] [operator_burgers_student_lift_v2/sample_ft_l004_w20_d60_120_lr4e4] [operator][epoch 006] lambda=0.0000 train_mse=0.01353202 val_mse=0.01253717 val_mae=0.07531976 | peer_val_mse=0.00002689 peer_val_mae=0.00366316
[worker1/operator_burgers_student_lift_v2_gpu0] [operator_burgers_student_lift_v2/sample_ft_l004_w20_d60_120_lr4e4] [operator][epoch 007] lambda=0.0000 train_mse=0.01339153 val_mse=0.01417694 val_mae=0.08371023 | peer_val_mse=0.00002689 peer_val_mae=0.00366316
[worker1/operator_burgers_student_lift_v2_gpu0] [operator_burgers_student_lift_v2/sample_ft_l004_w20_d60_120_lr4e4] [operator][epoch 008] lambda=0.0000 train_mse=0.01368817 val_mse=0.01300140 val_mae=0.07898692 | peer_val_mse=0.00002689 peer_val_mae=0.00366316
[worker1/operator_burgers_student_lift_v2_gpu0] [operator_burgers_student_lift_v2/sample_ft_l004_w20_d60_120_lr4e4] [operator][epoch 009] lambda=0.0000 train_mse=0.01365811 val_mse=0.01362512 val_mae=0.07976657 | peer_val_mse=0.00002689 peer_val_mae=0.00366316
[worker1/operator_burgers_student_lift_v2_gpu0] [operator_burgers_student_lift_v2/sample_ft_l004_w20_d60_120_lr4e4] [operator][epoch 010] lambda=0.0000 train_mse=0.01427020 val_mse=0.01469763 val_mae=0.08116238 | peer_val_mse=0.00002689 peer_val_mae=0.00366316
[worker1/operator_burgers_student_lift_v2_gpu0] [operator_burgers_student_lift_v2/sample_ft_l004_w20_d60_120_lr4e4] [operator][epoch 011] lambda=0.0000 train_mse=0.01170726 val_mse=0.00947226 val_mae=0.06319353 | peer_val_mse=0.00002689 peer_val_mae=0.00366316
[worker1/operator_burgers_student_lift_v2_gpu0] [operator_burgers_student_lift_v2/sample_ft_l004_w20_d60_120_lr4e4] [operator][epoch 012] lambda=0.0000 train_mse=0.01127739 val_mse=0.01154840 val_mae=0.07375937 | peer_val_mse=0.00002689 peer_val_mae=0.00366316
[worker1/operator_burgers_student_lift_v2_gpu0] [operator_burgers_student_lift_v2/sample_ft_l004_w20_d60_120_lr4e4] [operator][epoch 013] lambda=0.0000 train_mse=0.01046119 val_mse=0.00953787 val_mae=0.06287150 | peer_val_mse=0.00002689 peer_val_mae=0.00366316
[worker1/operator_burgers_student_lift_v2_gpu0] [operator_burgers_student_lift_v2/sample_ft_l004_w20_d60_120_lr4e4] [operator][epoch 014] lambda=0.0000 train_mse=0.01118142 val_mse=0.01210531 val_mae=0.07200063 | peer_val_mse=0.00002689 peer_val_mae=0.00366316
[worker1/operator_burgers_student_lift_v2_gpu0] [operator_burgers_student_lift_v2/sample_ft_l004_w20_d60_120_lr4e4] [operator][epoch 015] lambda=0.0000 train_mse=0.01147521 val_mse=0.01009176 val_mae=0.06483325 | peer_val_mse=0.00002689 peer_val_mae=0.00366316
[worker1/operator_burgers_student_lift_v2_gpu0] [operator_burgers_student_lift_v2/sample_ft_l004_w20_d60_120_lr4e4] [operator][epoch 016] lambda=0.0000 train_mse=0.00955971 val_mse=0.00924963 val_mae=0.06269593 | peer_val_mse=0.00002689 peer_val_mae=0.00366316
[worker1/operator_burgers_student_lift_v2_gpu0] [operator_burgers_student_lift_v2/sample_ft_l004_w20_d60_120_lr4e4] [operator][epoch 017] lambda=0.0000 train_mse=0.00941422 val_mse=0.00839242 val_mae=0.05850679 | peer_val_mse=0.00002689 peer_val_mae=0.00366316
[worker1/operator_burgers_student_lift_v2_gpu0] [operator_burgers_student_lift_v2/sample_ft_l004_w20_d60_120_lr4e4] [operator][epoch 018] lambda=0.0000 train_mse=0.01032369 val_mse=0.00957990 val_mae=0.06650524 | peer_val_mse=0.00002689 peer_val_mae=0.00366316
[worker1/operator_burgers_student_lift_v2_gpu0] [operator_burgers_student_lift_v2/sample_ft_l004_w20_d60_120_lr4e4] [operator][epoch 019] lambda=0.0000 train_mse=0.01209769 val_mse=0.01469166 val_mae=0.08670077 | peer_val_mse=0.00002689 peer_val_mae=0.00366316
[worker1/operator_burgers_student_lift_v2_gpu0] [operator_burgers_student_lift_v2/sample_ft_l004_w20_d60_120_lr4e4] [operator][epoch 020] lambda=0.0000 train_mse=0.01319458 val_mse=0.01259721 val_mae=0.08194354 | peer_val_mse=0.00002689 peer_val_mae=0.00366316
[worker1/operator_burgers_student_lift_v2_gpu0] [operator_burgers_student_lift_v2/sample_ft_l004_w20_d60_120_lr4e4] [operator][epoch 020] updated live plot
[worker1/operator_burgers_student_lift_v2_gpu0] [operator_burgers_student_lift_v2/sample_ft_l004_w20_d60_120_lr4e4] [operator][epoch 021] lambda=0.0400 train_mse=0.01449461 val_mse=0.01244922 val_mae=0.07558360 | peer_val_mse=0.00002689 peer_val_mae=0.00366316
[worker1/operator_burgers_student_lift_v2_gpu0] [operator_burgers_student_lift_v2/sample_ft_l004_w20_d60_120_lr4e4] [operator][epoch 022] lambda=0.0400 train_mse=0.01030662 val_mse=0.00839501 val_mae=0.05656255 | peer_val_mse=0.00002689 peer_val_mae=0.00366316
[worker1/operator_burgers_student_lift_v2_gpu0] [operator_burgers_student_lift_v2/sample_ft_l004_w20_d60_120_lr4e4] [operator][epoch 023] lambda=0.0400 train_mse=0.01072401 val_mse=0.00974962 val_mae=0.06345522 | peer_val_mse=0.00002689 peer_val_mae=0.00366316
[worker1/operator_burgers_student_lift_v2_gpu0] [operator_burgers_student_lift_v2/sample_ft_l004_w20_d60_120_lr4e4] [operator][epoch 024] lambda=0.0400 train_mse=0.00962301 val_mse=0.00951441 val_mae=0.06158652 | peer_val_mse=0.00002689 peer_val_mae=0.00366316
[worker1/operator_burgers_student_lift_v2_gpu0] [operator_burgers_student_lift_v2/sample_ft_l004_w20_d60_120_lr4e4] [operator][epoch 025] lambda=0.0400 train_mse=0.01074172 val_mse=0.00929971 val_mae=0.06219279 | peer_val_mse=0.00002689 peer_val_mae=0.00366316
[worker1/operator_burgers_student_lift_v2_gpu0] [operator_burgers_student_lift_v2/sample_ft_l004_w20_d60_120_lr4e4] [operator][epoch 026] lambda=0.0400 train_mse=0.00975426 val_mse=0.00871797 val_mae=0.06098276 | peer_val_mse=0.00002689 peer_val_mae=0.00366316
[worker1/operator_burgers_student_lift_v2_gpu0] [operator_burgers_student_lift_v2/sample_ft_l004_w20_d60_120_lr4e4] [operator][epoch 027] lambda=0.0400 train_mse=0.01185789 val_mse=0.00879653 val_mae=0.06204970 | peer_val_mse=0.00002689 peer_val_mae=0.00366316
[worker1/operator_burgers_student_lift_v2_gpu0] [operator_burgers_student_lift_v2/sample_ft_l004_w20_d60_120_lr4e4] [operator][epoch 028] lambda=0.0400 train_mse=0.01169856 val_mse=0.01340666 val_mae=0.08233160 | peer_val_mse=0.00002689 peer_val_mae=0.00366316
[worker1/operator_burgers_student_lift_v2_gpu0] [operator_burgers_student_lift_v2/sample_ft_l004_w20_d60_120_lr4e4] [operator][epoch 029] lambda=0.0400 train_mse=0.01910909 val_mse=0.01655039 val_mae=0.09299409 | peer_val_mse=0.00002689 peer_val_mae=0.00366316
[worker1/operator_burgers_student_lift_v2_gpu0] [operator_burgers_student_lift_v2/sample_ft_l004_w20_d60_120_lr4e4] [operator][epoch 030] lambda=0.0400 train_mse=0.02314696 val_mse=0.01188487 val_mae=0.07513189 | peer_val_mse=0.00002689 peer_val_mae=0.00366316
[worker1/operator_burgers_student_lift_v2_gpu0] [operator_burgers_student_lift_v2/sample_ft_l004_w20_d60_120_lr4e4] [operator][epoch 031] lambda=0.0400 train_mse=0.01062278 val_mse=0.00821027 val_mae=0.05959727 | peer_val_mse=0.00002689 peer_val_mae=0.00366316
[worker1/operator_burgers_student_lift_v2_gpu0] [operator_burgers_student_lift_v2/sample_ft_l004_w20_d60_120_lr4e4] [operator][epoch 032] lambda=0.0400 train_mse=0.00979194 val_mse=0.00773175 val_mae=0.05505867 | peer_val_mse=0.00002689 peer_val_mae=0.00366316
[worker1/operator_burgers_student_lift_v2_gpu0] [operator_burgers_student_lift_v2/sample_ft_l004_w20_d60_120_lr4e4] [operator][epoch 033] lambda=0.0400 train_mse=0.01062737 val_mse=0.01111510 val_mae=0.07013495 | peer_val_mse=0.00002689 peer_val_mae=0.00366316
[worker1/operator_burgers_student_lift_v2_gpu0] [operator_burgers_student_lift_v2/sample_ft_l004_w20_d60_120_lr4e4] [operator][epoch 034] lambda=0.0400 train_mse=0.00947865 val_mse=0.00938441 val_mae=0.06650678 | peer_val_mse=0.00002689 peer_val_mae=0.00366316
[worker1/operator_burgers_student_lift_v2_gpu0] [operator_burgers_student_lift_v2/sample_ft_l004_w20_d60_120_lr4e4] [operator][epoch 035] lambda=0.0400 train_mse=0.00994623 val_mse=0.01166081 val_mae=0.07015064 | peer_val_mse=0.00002689 peer_val_mae=0.00366316
[worker1/operator_burgers_student_lift_v2_gpu0] [operator_burgers_student_lift_v2/sample_ft_l004_w20_d60_120_lr4e4] [operator][epoch 036] lambda=0.0400 train_mse=0.00972448 val_mse=0.00823964 val_mae=0.05568000 | peer_val_mse=0.00002689 peer_val_mae=0.00366316
[worker1/operator_burgers_student_lift_v2_gpu0] [operator_burgers_student_lift_v2/sample_ft_l004_w20_d60_120_lr4e4] [operator][epoch 037] lambda=0.0400 train_mse=0.00917556 val_mse=0.00867296 val_mae=0.05997003 | peer_val_mse=0.00002689 peer_val_mae=0.00366316
[worker1/operator_burgers_student_lift_v2_gpu0] [operator_burgers_student_lift_v2/sample_ft_l004_w20_d60_120_lr4e4] [operator][epoch 038] lambda=0.0400 train_mse=0.00849170 val_mse=0.00736842 val_mae=0.05389339 | peer_val_mse=0.00002689 peer_val_mae=0.00366316
[worker1/operator_burgers_student_lift_v2_gpu0] [operator_burgers_student_lift_v2/sample_ft_l004_w20_d60_120_lr4e4] [operator][epoch 039] lambda=0.0400 train_mse=0.00836015 val_mse=0.00802435 val_mae=0.05652697 | peer_val_mse=0.00002689 peer_val_mae=0.00366316
[worker1/operator_burgers_student_lift_v2_gpu0] [operator_burgers_student_lift_v2/sample_ft_l004_w20_d60_120_lr4e4] [operator][epoch 040] lambda=0.0400 train_mse=0.00769684 val_mse=0.00713921 val_mae=0.05174558 | peer_val_mse=0.00002689 peer_val_mae=0.00366316
[worker1/operator_darcy_student_lift_v2_gpu1] [operator_darcy_student_lift_v2/sample_ft_l003_w15_d45_90_lr2e4] [operator][epoch 036] lambda=0.0300 train_mse=0.01023684 val_mse=0.01598350 val_mae=0.09440477 | peer_val_mse=0.00368136 peer_val_mae=0.03564195
[worker1/operator_darcy_student_lift_v2_gpu1] [operator_darcy_student_lift_v2/sample_ft_l003_w15_d45_90_lr2e4] [operator][epoch 037] lambda=0.0300 train_mse=0.00940320 val_mse=0.01650827 val_mae=0.09604511 | peer_val_mse=0.00368136 peer_val_mae=0.03564195
[worker1/operator_darcy_student_lift_v2_gpu1] [operator_darcy_student_lift_v2/sample_ft_l003_w15_d45_90_lr2e4] [operator][epoch 038] lambda=0.0300 train_mse=0.00900361 val_mse=0.01607295 val_mae=0.09415526 | peer_val_mse=0.00368136 peer_val_mae=0.03564195
[worker1/operator_darcy_student_lift_v2_gpu1] [operator_darcy_student_lift_v2/sample_ft_l003_w15_d45_90_lr2e4] [operator][epoch 039] lambda=0.0300 train_mse=0.00854082 val_mse=0.01576650 val_mae=0.09303231 | peer_val_mse=0.00368136 peer_val_mae=0.03564195
[worker1/operator_darcy_student_lift_v2_gpu1] [operator_darcy_student_lift_v2/sample_ft_l003_w15_d45_90_lr2e4] [operator][epoch 040] lambda=0.0300 train_mse=0.00851410 val_mse=0.01597856 val_mae=0.09384364 | peer_val_mse=0.00368136 peer_val_mae=0.03564195
[worker1/operator_darcy_student_lift_v2_gpu1] [operator_darcy_student_lift_v2/sample_ft_l003_w15_d45_90_lr2e4] [operator][epoch 040] updated live plot
[worker1/operator_darcy_student_lift_v2_gpu1] [operator_darcy_student_lift_v2/sample_ft_l003_w15_d45_90_lr2e4] [operator][epoch 041] lambda=0.0300 train_mse=0.00863253 val_mse=0.01620892 val_mae=0.09477896 | peer_val_mse=0.00368136 peer_val_mae=0.03564195
[worker1/operator_darcy_student_lift_v2_gpu1] [operator_darcy_student_lift_v2/sample_ft_l003_w15_d45_90_lr2e4] [operator][epoch 042] lambda=0.0300 train_mse=0.00897172 val_mse=0.01596617 val_mae=0.09445184 | peer_val_mse=0.00368136 peer_val_mae=0.03564195
[worker1/operator_darcy_student_lift_v2_gpu1] [operator_darcy_student_lift_v2/sample_ft_l003_w15_d45_90_lr2e4] [operator][epoch 043] lambda=0.0300 train_mse=0.00872079 val_mse=0.01610089 val_mae=0.09453206 | peer_val_mse=0.00368136 peer_val_mae=0.03564195
[worker1/operator_darcy_student_lift_v2_gpu1] [operator_darcy_student_lift_v2/sample_ft_l003_w15_d45_90_lr2e4] [operator][epoch 044] lambda=0.0300 train_mse=0.00883775 val_mse=0.01586871 val_mae=0.09384072 | peer_val_mse=0.00368136 peer_val_mae=0.03564195
[worker1/operator_darcy_student_lift_v2_gpu1] [operator_darcy_student_lift_v2/sample_ft_l003_w15_d45_90_lr2e4] [operator][epoch 045] lambda=0.0300 train_mse=0.00852636 val_mse=0.01625215 val_mae=0.09646463 | peer_val_mse=0.00368136 peer_val_mae=0.03564195
[worker1/operator_darcy_student_lift_v2_gpu1] [operator_darcy_student_lift_v2/sample_ft_l003_w15_d45_90_lr2e4] [operator][epoch 046] lambda=0.0294 train_mse=0.00874213 val_mse=0.01641000 val_mae=0.09480086 | peer_val_mse=0.00368136 peer_val_mae=0.03564195
[worker1/operator_darcy_student_lift_v2_gpu1] [operator_darcy_student_lift_v2/sample_ft_l003_w15_d45_90_lr2e4] [operator][epoch 047] lambda=0.0288 train_mse=0.00855190 val_mse=0.01486178 val_mae=0.09079372 | peer_val_mse=0.00368136 peer_val_mae=0.03564195
[worker1/operator_darcy_student_lift_v2_gpu1] [operator_darcy_student_lift_v2/sample_ft_l003_w15_d45_90_lr2e4] [operator][epoch 048] lambda=0.0282 train_mse=0.00817702 val_mse=0.01477631 val_mae=0.09014846 | peer_val_mse=0.00368136 peer_val_mae=0.03564195
[worker1/operator_darcy_student_lift_v2_gpu1] [operator_darcy_student_lift_v2/sample_ft_l003_w15_d45_90_lr2e4] [operator][epoch 049] lambda=0.0276 train_mse=0.00784002 val_mse=0.01469894 val_mae=0.08965474 | peer_val_mse=0.00368136 peer_val_mae=0.03564195
[worker1/operator_darcy_student_lift_v2_gpu1] [operator_darcy_student_lift_v2/sample_ft_l003_w15_d45_90_lr2e4] [operator][epoch 050] lambda=0.0270 train_mse=0.00764867 val_mse=0.01545476 val_mae=0.09192996 | peer_val_mse=0.00368136 peer_val_mae=0.03564195
[worker1/operator_darcy_student_lift_v2_gpu1] [operator_darcy_student_lift_v2/sample_ft_l003_w15_d45_90_lr2e4] [operator][epoch 051] lambda=0.0264 train_mse=0.00831667 val_mse=0.01582391 val_mae=0.09342798 | peer_val_mse=0.00368136 peer_val_mae=0.03564195
[worker1/operator_darcy_student_lift_v2_gpu1] [operator_darcy_student_lift_v2/sample_ft_l003_w15_d45_90_lr2e4] [operator][epoch 052] lambda=0.0258 train_mse=0.00838567 val_mse=0.01547874 val_mae=0.09161911 | peer_val_mse=0.00368136 peer_val_mae=0.03564195
[worker1/operator_darcy_student_lift_v2_gpu1] [operator_darcy_student_lift_v2/sample_ft_l003_w15_d45_90_lr2e4] [operator][epoch 053] lambda=0.0252 train_mse=0.00783020 val_mse=0.01535717 val_mae=0.09220443 | peer_val_mse=0.00368136 peer_val_mae=0.03564195
[worker1/operator_darcy_student_lift_v2_gpu1] [operator_darcy_student_lift_v2/sample_ft_l003_w15_d45_90_lr2e4] [operator][epoch 054] lambda=0.0246 train_mse=0.00748769 val_mse=0.01464350 val_mae=0.08971561 | peer_val_mse=0.00368136 peer_val_mae=0.03564195
[worker1/operator_darcy_student_lift_v2_gpu1] [operator_darcy_student_lift_v2/sample_ft_l003_w15_d45_90_lr2e4] [operator][epoch 055] lambda=0.0240 train_mse=0.00746973 val_mse=0.01508391 val_mae=0.09075708 | peer_val_mse=0.00368136 peer_val_mae=0.03564195
[worker1/operator_darcy_student_lift_v2_gpu1] [operator_darcy_student_lift_v2/sample_ft_l003_w15_d45_90_lr2e4] [operator][epoch 056] lambda=0.0234 train_mse=0.00797504 val_mse=0.01572656 val_mae=0.09231006 | peer_val_mse=0.00368136 peer_val_mae=0.03564195
[worker1/operator_darcy_student_lift_v2_gpu1] [operator_darcy_student_lift_v2/sample_ft_l003_w15_d45_90_lr2e4] [operator][epoch 057] lambda=0.0228 train_mse=0.00798454 val_mse=0.01563494 val_mae=0.09206159 | peer_val_mse=0.00368136 peer_val_mae=0.03564195
[worker1/operator_darcy_student_lift_v2_gpu1] [operator_darcy_student_lift_v2/sample_ft_l003_w15_d45_90_lr2e4] [operator][epoch 058] lambda=0.0222 train_mse=0.00776684 val_mse=0.01466793 val_mae=0.08948472 | peer_val_mse=0.00368136 peer_val_mae=0.03564195
[worker1/operator_darcy_student_lift_v2_gpu1] [operator_darcy_student_lift_v2/sample_ft_l003_w15_d45_90_lr2e4] [operator][epoch 059] lambda=0.0216 train_mse=0.00836022 val_mse=0.01437432 val_mae=0.08861194 | peer_val_mse=0.00368136 peer_val_mae=0.03564195
[worker1/operator_darcy_student_lift_v2_gpu1] [operator_darcy_student_lift_v2/sample_ft_l003_w15_d45_90_lr2e4] [operator][epoch 060] lambda=0.0210 train_mse=0.00759151 val_mse=0.01458278 val_mae=0.08936517 | peer_val_mse=0.00368136 peer_val_mae=0.03564195
[worker1/operator_darcy_student_lift_v2_gpu1] [operator_darcy_student_lift_v2/sample_ft_l003_w15_d45_90_lr2e4] [operator][epoch 060] updated live plot
[worker1/operator_darcy_student_lift_v2_gpu1] [operator_darcy_student_lift_v2/sample_ft_l003_w15_d45_90_lr2e4] [operator][epoch 061] lambda=0.0204 train_mse=0.00783113 val_mse=0.01545109 val_mae=0.09276978 | peer_val_mse=0.00368136 peer_val_mae=0.03564195
[worker1/operator_darcy_student_lift_v2_gpu1] [operator_darcy_student_lift_v2/sample_ft_l003_w15_d45_90_lr2e4] [operator][epoch 062] lambda=0.0198 train_mse=0.00749465 val_mse=0.01535209 val_mae=0.09118434 | peer_val_mse=0.00368136 peer_val_mae=0.03564195
[worker1/operator_darcy_student_lift_v2_gpu1] [operator_darcy_student_lift_v2/sample_ft_l003_w15_d45_90_lr2e4] [operator][epoch 063] lambda=0.0192 train_mse=0.00712143 val_mse=0.01414736 val_mae=0.08753805 | peer_val_mse=0.00368136 peer_val_mae=0.03564195
[worker1/operator_darcy_student_lift_v2_gpu1] [operator_darcy_student_lift_v2/sample_ft_l003_w15_d45_90_lr2e4] [operator][epoch 064] lambda=0.0186 train_mse=0.00708431 val_mse=0.01499639 val_mae=0.09047057 | peer_val_mse=0.00368136 peer_val_mae=0.03564195
[worker1/operator_darcy_student_lift_v2_gpu1] [operator_darcy_student_lift_v2/sample_ft_l003_w15_d45_90_lr2e4] [operator][epoch 065] lambda=0.0180 train_mse=0.00792713 val_mse=0.01556718 val_mae=0.09257690 | peer_val_mse=0.00368136 peer_val_mae=0.03564195
[worker1/operator_darcy_student_lift_v2_gpu1] [operator_darcy_student_lift_v2/sample_ft_l003_w15_d45_90_lr2e4] [operator][epoch 066] lambda=0.0174 train_mse=0.00935864 val_mse=0.01675114 val_mae=0.09701874 | peer_val_mse=0.00368136 peer_val_mae=0.03564195
[worker1/operator_darcy_student_lift_v2_gpu1] [operator_darcy_student_lift_v2/sample_ft_l003_w15_d45_90_lr2e4] [operator][epoch 067] lambda=0.0168 train_mse=0.00777052 val_mse=0.01423865 val_mae=0.08799141 | peer_val_mse=0.00368136 peer_val_mae=0.03564195
[worker1/operator_darcy_student_lift_v2_gpu1] [operator_darcy_student_lift_v2/sample_ft_l003_w15_d45_90_lr2e4] [operator][epoch 068] lambda=0.0162 train_mse=0.00784620 val_mse=0.01548630 val_mae=0.09360112 | peer_val_mse=0.00368136 peer_val_mae=0.03564195
[worker1/operator_darcy_student_lift_v2_gpu1] [operator_darcy_student_lift_v2/sample_ft_l003_w15_d45_90_lr2e4] [operator][epoch 069] lambda=0.0156 train_mse=0.00897005 val_mse=0.01610611 val_mae=0.09358970 | peer_val_mse=0.00368136 peer_val_mae=0.03564195
[worker1/operator_darcy_student_lift_v2_gpu1] [operator_darcy_student_lift_v2/sample_ft_l003_w15_d45_90_lr2e4] [operator][epoch 070] lambda=0.0150 train_mse=0.00818575 val_mse=0.01520558 val_mae=0.09133452 | peer_val_mse=0.00368136 peer_val_mae=0.03564195
[worker1/operator_darcy_student_lift_v2_gpu1] [operator_darcy_student_lift_v2/sample_ft_l003_w15_d45_90_lr2e4] [operator][epoch 071] lambda=0.0144 train_mse=0.00710784 val_mse=0.01470794 val_mae=0.08919902 | peer_val_mse=0.00368136 peer_val_mae=0.03564195
[worker1/operator_darcy_student_lift_v2_gpu1] [operator_darcy_student_lift_v2/sample_ft_l003_w15_d45_90_lr2e4] [operator][epoch 072] lambda=0.0138 train_mse=0.00658768 val_mse=0.01399840 val_mae=0.08666630 | peer_val_mse=0.00368136 peer_val_mae=0.03564195
[worker1/operator_darcy_student_lift_v2_gpu1] [operator_darcy_student_lift_v2/sample_ft_l003_w15_d45_90_lr2e4] [operator][epoch 073] lambda=0.0132 train_mse=0.00697467 val_mse=0.01413810 val_mae=0.08757194 | peer_val_mse=0.00368136 peer_val_mae=0.03564195
[worker1/operator_burgers_student_lift_v2_gpu0] [operator_burgers_student_lift_v2/sample_ft_l004_w20_d60_120_lr4e4] [operator][epoch 040] updated live plot
[worker1/operator_burgers_student_lift_v2_gpu0] [operator_burgers_student_lift_v2/sample_ft_l004_w20_d60_120_lr4e4] [operator][epoch 041] lambda=0.0400 train_mse=0.00767642 val_mse=0.00732199 val_mae=0.05446512 | peer_val_mse=0.00002689 peer_val_mae=0.00366316
[worker1/operator_burgers_student_lift_v2_gpu0] [operator_burgers_student_lift_v2/sample_ft_l004_w20_d60_120_lr4e4] [operator][epoch 042] lambda=0.0400 train_mse=0.00759290 val_mse=0.00779671 val_mae=0.05479417 | peer_val_mse=0.00002689 peer_val_mae=0.00366316
[worker1/operator_burgers_student_lift_v2_gpu0] [operator_burgers_student_lift_v2/sample_ft_l004_w20_d60_120_lr4e4] [operator][epoch 043] lambda=0.0400 train_mse=0.01048580 val_mse=0.00766981 val_mae=0.05566814 | peer_val_mse=0.00002689 peer_val_mae=0.00366316
[worker1/operator_burgers_student_lift_v2_gpu0] [operator_burgers_student_lift_v2/sample_ft_l004_w20_d60_120_lr4e4] [operator][epoch 044] lambda=0.0400 train_mse=0.00930255 val_mse=0.01226880 val_mae=0.07409000 | peer_val_mse=0.00002689 peer_val_mae=0.00366316
[worker1/operator_burgers_student_lift_v2_gpu0] [operator_burgers_student_lift_v2/sample_ft_l004_w20_d60_120_lr4e4] [operator][epoch 045] lambda=0.0400 train_mse=0.00841289 val_mse=0.00663149 val_mae=0.04979874 | peer_val_mse=0.00002689 peer_val_mae=0.00366316
[worker1/operator_burgers_student_lift_v2_gpu0] [operator_burgers_student_lift_v2/sample_ft_l004_w20_d60_120_lr4e4] [operator][epoch 046] lambda=0.0400 train_mse=0.00774621 val_mse=0.00956416 val_mae=0.06470092 | peer_val_mse=0.00002689 peer_val_mae=0.00366316
[worker1/operator_burgers_student_lift_v2_gpu0] [operator_burgers_student_lift_v2/sample_ft_l004_w20_d60_120_lr4e4] [operator][epoch 047] lambda=0.0400 train_mse=0.01020592 val_mse=0.00800069 val_mae=0.05820417 | peer_val_mse=0.00002689 peer_val_mae=0.00366316
[worker1/operator_burgers_student_lift_v2_gpu0] [operator_burgers_student_lift_v2/sample_ft_l004_w20_d60_120_lr4e4] [operator][epoch 048] lambda=0.0400 train_mse=0.00919674 val_mse=0.00762487 val_mae=0.05623689 | peer_val_mse=0.00002689 peer_val_mae=0.00366316
[worker1/operator_burgers_student_lift_v2_gpu0] [operator_burgers_student_lift_v2/sample_ft_l004_w20_d60_120_lr4e4] [operator][epoch 049] lambda=0.0400 train_mse=0.00798165 val_mse=0.00722249 val_mae=0.05484140 | peer_val_mse=0.00002689 peer_val_mae=0.00366316
[worker1/operator_burgers_student_lift_v2_gpu0] [operator_burgers_student_lift_v2/sample_ft_l004_w20_d60_120_lr4e4] [operator][epoch 050] lambda=0.0400 train_mse=0.00839777 val_mse=0.00777873 val_mae=0.05795622 | peer_val_mse=0.00002689 peer_val_mae=0.00366316
[worker1/operator_burgers_student_lift_v2_gpu0] [operator_burgers_student_lift_v2/sample_ft_l004_w20_d60_120_lr4e4] [operator][epoch 051] lambda=0.0400 train_mse=0.00887235 val_mse=0.00744710 val_mae=0.05234216 | peer_val_mse=0.00002689 peer_val_mae=0.00366316
[worker1/operator_burgers_student_lift_v2_gpu0] [operator_burgers_student_lift_v2/sample_ft_l004_w20_d60_120_lr4e4] [operator][epoch 052] lambda=0.0400 train_mse=0.00700057 val_mse=0.00617271 val_mae=0.04891279 | peer_val_mse=0.00002689 peer_val_mae=0.00366316
[worker1/operator_burgers_student_lift_v2_gpu0] [operator_burgers_student_lift_v2/sample_ft_l004_w20_d60_120_lr4e4] [operator][epoch 053] lambda=0.0400 train_mse=0.00656146 val_mse=0.00692424 val_mae=0.05209826 | peer_val_mse=0.00002689 peer_val_mae=0.00366316
[worker1/operator_burgers_student_lift_v2_gpu0] [operator_burgers_student_lift_v2/sample_ft_l004_w20_d60_120_lr4e4] [operator][epoch 054] lambda=0.0400 train_mse=0.00768457 val_mse=0.00726439 val_mae=0.05502643 | peer_val_mse=0.00002689 peer_val_mae=0.00366316
[worker1/operator_burgers_student_lift_v2_gpu0] [operator_burgers_student_lift_v2/sample_ft_l004_w20_d60_120_lr4e4] [operator][epoch 055] lambda=0.0400 train_mse=0.00973468 val_mse=0.01426451 val_mae=0.08192804 | peer_val_mse=0.00002689 peer_val_mae=0.00366316
[worker1/operator_burgers_student_lift_v2_gpu0] [operator_burgers_student_lift_v2/sample_ft_l004_w20_d60_120_lr4e4] [operator][epoch 056] lambda=0.0400 train_mse=0.01230353 val_mse=0.00823941 val_mae=0.06059416 | peer_val_mse=0.00002689 peer_val_mae=0.00366316
[worker1/operator_burgers_student_lift_v2_gpu0] [operator_burgers_student_lift_v2/sample_ft_l004_w20_d60_120_lr4e4] [operator][epoch 057] lambda=0.0400 train_mse=0.00863131 val_mse=0.00652876 val_mae=0.05223030 | peer_val_mse=0.00002689 peer_val_mae=0.00366316
[worker1/operator_burgers_student_lift_v2_gpu0] [operator_burgers_student_lift_v2/sample_ft_l004_w20_d60_120_lr4e4] [operator][epoch 058] lambda=0.0400 train_mse=0.01721770 val_mse=0.01408539 val_mae=0.08961797 | peer_val_mse=0.00002689 peer_val_mae=0.00366316
[worker1/operator_burgers_student_lift_v2_gpu0] [operator_burgers_student_lift_v2/sample_ft_l004_w20_d60_120_lr4e4] [operator][epoch 059] lambda=0.0400 train_mse=0.01062519 val_mse=0.00848374 val_mae=0.06336048 | peer_val_mse=0.00002689 peer_val_mae=0.00366316
[worker1/operator_burgers_student_lift_v2_gpu0] [operator_burgers_student_lift_v2/sample_ft_l004_w20_d60_120_lr4e4] [operator][epoch 060] lambda=0.0400 train_mse=0.00716227 val_mse=0.00586123 val_mae=0.04834183 | peer_val_mse=0.00002689 peer_val_mae=0.00366316
[worker1/operator_burgers_student_lift_v2_gpu0] [operator_burgers_student_lift_v2/sample_ft_l004_w20_d60_120_lr4e4] [operator][epoch 060] updated live plot
[worker1/operator_burgers_student_lift_v2_gpu0] [operator_burgers_student_lift_v2/sample_ft_l004_w20_d60_120_lr4e4] [operator][epoch 061] lambda=0.0394 train_mse=0.00909696 val_mse=0.01120413 val_mae=0.07378843 | peer_val_mse=0.00002689 peer_val_mae=0.00366316
[worker1/operator_burgers_student_lift_v2_gpu0] [operator_burgers_student_lift_v2/sample_ft_l004_w20_d60_120_lr4e4] [operator][epoch 062] lambda=0.0388 train_mse=0.00881297 val_mse=0.00769477 val_mae=0.05716071 | peer_val_mse=0.00002689 peer_val_mae=0.00366316
[worker1/operator_burgers_student_lift_v2_gpu0] [operator_burgers_student_lift_v2/sample_ft_l004_w20_d60_120_lr4e4] [operator][epoch 063] lambda=0.0382 train_mse=0.00677148 val_mse=0.00830681 val_mae=0.05698290 | peer_val_mse=0.00002689 peer_val_mae=0.00366316
[worker1/operator_burgers_student_lift_v2_gpu0] [operator_burgers_student_lift_v2/sample_ft_l004_w20_d60_120_lr4e4] [operator][epoch 064] lambda=0.0376 train_mse=0.00596038 val_mse=0.00543818 val_mae=0.04552238 | peer_val_mse=0.00002689 peer_val_mae=0.00366316
[worker1/operator_burgers_student_lift_v2_gpu0] [operator_burgers_student_lift_v2/sample_ft_l004_w20_d60_120_lr4e4] [operator][epoch 065] lambda=0.0370 train_mse=0.00583611 val_mse=0.00617104 val_mae=0.04982510 | peer_val_mse=0.00002689 peer_val_mae=0.00366316
[worker1/operator_burgers_student_lift_v2_gpu0] [operator_burgers_student_lift_v2/sample_ft_l004_w20_d60_120_lr4e4] [operator][epoch 066] lambda=0.0364 train_mse=0.00621873 val_mse=0.00656825 val_mae=0.05322007 | peer_val_mse=0.00002689 peer_val_mae=0.00366316
[worker1/operator_burgers_student_lift_v2_gpu0] [operator_burgers_student_lift_v2/sample_ft_l004_w20_d60_120_lr4e4] [operator][epoch 067] lambda=0.0358 train_mse=0.00710948 val_mse=0.00836604 val_mae=0.06030939 | peer_val_mse=0.00002689 peer_val_mae=0.00366316
[worker1/operator_burgers_student_lift_v2_gpu0] [operator_burgers_student_lift_v2/sample_ft_l004_w20_d60_120_lr4e4] [operator][epoch 068] lambda=0.0352 train_mse=0.00697235 val_mse=0.00599242 val_mae=0.04831624 | peer_val_mse=0.00002689 peer_val_mae=0.00366316
[worker1/operator_burgers_student_lift_v2_gpu0] [operator_burgers_student_lift_v2/sample_ft_l004_w20_d60_120_lr4e4] [operator][epoch 069] lambda=0.0346 train_mse=0.00611707 val_mse=0.00500439 val_mae=0.04307802 | peer_val_mse=0.00002689 peer_val_mae=0.00366316
[worker1/operator_burgers_student_lift_v2_gpu0] [operator_burgers_student_lift_v2/sample_ft_l004_w20_d60_120_lr4e4] [operator][epoch 070] lambda=0.0340 train_mse=0.00636183 val_mse=0.00606319 val_mae=0.04999302 | peer_val_mse=0.00002689 peer_val_mae=0.00366316
[worker1/operator_burgers_student_lift_v2_gpu0] [operator_burgers_student_lift_v2/sample_ft_l004_w20_d60_120_lr4e4] [operator][epoch 071] lambda=0.0334 train_mse=0.00672175 val_mse=0.00590567 val_mae=0.04967704 | peer_val_mse=0.00002689 peer_val_mae=0.00366316
[worker1/operator_burgers_student_lift_v2_gpu0] [operator_burgers_student_lift_v2/sample_ft_l004_w20_d60_120_lr4e4] [operator][epoch 072] lambda=0.0328 train_mse=0.00580273 val_mse=0.00533675 val_mae=0.04543556 | peer_val_mse=0.00002689 peer_val_mae=0.00366316
[worker1/operator_burgers_student_lift_v2_gpu0] [operator_burgers_student_lift_v2/sample_ft_l004_w20_d60_120_lr4e4] [operator][epoch 073] lambda=0.0322 train_mse=0.00639114 val_mse=0.00581762 val_mae=0.04760544 | peer_val_mse=0.00002689 peer_val_mae=0.00366316
[worker1/operator_burgers_student_lift_v2_gpu0] [operator_burgers_student_lift_v2/sample_ft_l004_w20_d60_120_lr4e4] [operator][epoch 074] lambda=0.0316 train_mse=0.00613781 val_mse=0.00766848 val_mae=0.05772922 | peer_val_mse=0.00002689 peer_val_mae=0.00366316
[worker1/operator_burgers_student_lift_v2_gpu0] [operator_burgers_student_lift_v2/sample_ft_l004_w20_d60_120_lr4e4] [operator][epoch 075] lambda=0.0310 train_mse=0.01084608 val_mse=0.01224457 val_mae=0.07947975 | peer_val_mse=0.00002689 peer_val_mae=0.00366316
[worker1/operator_burgers_student_lift_v2_gpu0] [operator_burgers_student_lift_v2/sample_ft_l004_w20_d60_120_lr4e4] [operator][epoch 076] lambda=0.0304 train_mse=0.00999072 val_mse=0.00716868 val_mae=0.05749119 | peer_val_mse=0.00002689 peer_val_mae=0.00366316
[worker1/operator_burgers_student_lift_v2_gpu0] [operator_burgers_student_lift_v2/sample_ft_l004_w20_d60_120_lr4e4] [operator][epoch 077] lambda=0.0298 train_mse=0.00675266 val_mse=0.00518197 val_mae=0.04591579 | peer_val_mse=0.00002689 peer_val_mae=0.00366316
[worker1/operator_burgers_student_lift_v2_gpu0] [operator_burgers_student_lift_v2/sample_ft_l004_w20_d60_120_lr4e4] [operator][epoch 078] lambda=0.0292 train_mse=0.00657015 val_mse=0.00602962 val_mae=0.04999151 | peer_val_mse=0.00002689 peer_val_mae=0.00366316
[worker1/operator_burgers_student_lift_v2_gpu0] [operator_burgers_student_lift_v2/sample_ft_l004_w20_d60_120_lr4e4] [operator][epoch 079] lambda=0.0286 train_mse=0.00600102 val_mse=0.00579318 val_mae=0.04727147 | peer_val_mse=0.00002689 peer_val_mae=0.00366316
[worker1/operator_burgers_student_lift_v2_gpu0] [operator_burgers_student_lift_v2/sample_ft_l004_w20_d60_120_lr4e4] [operator][epoch 080] lambda=0.0280 train_mse=0.00570478 val_mse=0.00517493 val_mae=0.04531986 | peer_val_mse=0.00002689 peer_val_mae=0.00366316
[worker1/operator_burgers_student_lift_v2_gpu0] [operator_burgers_student_lift_v2/sample_ft_l004_w20_d60_120_lr4e4] [operator][epoch 080] updated live plot
[worker1/operator_burgers_student_lift_v2_gpu0] [operator_burgers_student_lift_v2/sample_ft_l004_w20_d60_120_lr4e4] [operator][epoch 081] lambda=0.0274 train_mse=0.00523063 val_mse=0.00539701 val_mae=0.04524807 | peer_val_mse=0.00002689 peer_val_mae=0.00366316
[worker1/operator_burgers_student_lift_v2_gpu0] [operator_burgers_student_lift_v2/sample_ft_l004_w20_d60_120_lr4e4] [operator][epoch 082] lambda=0.0268 train_mse=0.00538998 val_mse=0.00650703 val_mae=0.05093985 | peer_val_mse=0.00002689 peer_val_mae=0.00366316
[worker1/operator_burgers_student_lift_v2_gpu0] [operator_burgers_student_lift_v2/sample_ft_l004_w20_d60_120_lr4e4] [operator][epoch 083] lambda=0.0262 train_mse=0.00688219 val_mse=0.00532672 val_mae=0.04514712 | peer_val_mse=0.00002689 peer_val_mae=0.00366316
[worker1/operator_burgers_student_lift_v2_gpu0] [operator_burgers_student_lift_v2/sample_ft_l004_w20_d60_120_lr4e4] [operator][epoch 084] lambda=0.0256 train_mse=0.00612045 val_mse=0.01000516 val_mae=0.06523934 | peer_val_mse=0.00002689 peer_val_mae=0.00366316
[worker1/operator_burgers_student_lift_v2_gpu0] [operator_burgers_student_lift_v2/sample_ft_l004_w20_d60_120_lr4e4] [operator][epoch 085] lambda=0.0250 train_mse=0.00683787 val_mse=0.00498326 val_mae=0.04410811 | peer_val_mse=0.00002689 peer_val_mae=0.00366316
[worker1/operator_burgers_student_lift_v2_gpu0] [operator_burgers_student_lift_v2/sample_ft_l004_w20_d60_120_lr4e4] [operator][epoch 086] lambda=0.0244 train_mse=0.00502758 val_mse=0.00513542 val_mae=0.04358403 | peer_val_mse=0.00002689 peer_val_mae=0.00366316
[worker1/operator_burgers_student_lift_v2_gpu0] [operator_burgers_student_lift_v2/sample_ft_l004_w20_d60_120_lr4e4] [operator][epoch 087] lambda=0.0238 train_mse=0.00595602 val_mse=0.00694274 val_mae=0.05446068 | peer_val_mse=0.00002689 peer_val_mae=0.00366316
[worker1/operator_burgers_student_lift_v2_gpu0] [operator_burgers_student_lift_v2/sample_ft_l004_w20_d60_120_lr4e4] [operator][epoch 088] lambda=0.0232 train_mse=0.00983412 val_mse=0.00933394 val_mae=0.06685134 | peer_val_mse=0.00002689 peer_val_mae=0.00366316
[worker1/operator_burgers_student_lift_v2_gpu0] [operator_burgers_student_lift_v2/sample_ft_l004_w20_d60_120_lr4e4] [operator][epoch 089] lambda=0.0226 train_mse=0.01223186 val_mse=0.00764688 val_mae=0.05838027 | peer_val_mse=0.00002689 peer_val_mae=0.00366316
[worker1/operator_burgers_student_lift_v2_gpu0] [operator_burgers_student_lift_v2/sample_ft_l004_w20_d60_120_lr4e4] [operator][epoch 090] lambda=0.0220 train_mse=0.00750946 val_mse=0.00615297 val_mae=0.05117236 | peer_val_mse=0.00002689 peer_val_mae=0.00366316
[worker1/operator_burgers_student_lift_v2_gpu0] [operator_burgers_student_lift_v2/sample_ft_l004_w20_d60_120_lr4e4] [operator][epoch 091] lambda=0.0214 train_mse=0.00610886 val_mse=0.00506390 val_mae=0.04462664 | peer_val_mse=0.00002689 peer_val_mae=0.00366316
[worker1/operator_burgers_student_lift_v2_gpu0] [operator_burgers_student_lift_v2/sample_ft_l004_w20_d60_120_lr4e4] [operator][epoch 092] lambda=0.0208 train_mse=0.00485284 val_mse=0.00492368 val_mae=0.04427562 | peer_val_mse=0.00002689 peer_val_mae=0.00366316
[worker1/operator_burgers_student_lift_v2_gpu0] [operator_burgers_student_lift_v2/sample_ft_l004_w20_d60_120_lr4e4] [operator][epoch 093] lambda=0.0202 train_mse=0.00477955 val_mse=0.00439968 val_mae=0.03908165 | peer_val_mse=0.00002689 peer_val_mae=0.00366316
[worker1/operator_burgers_student_lift_v2_gpu0] [operator_burgers_student_lift_v2/sample_ft_l004_w20_d60_120_lr4e4] [operator][epoch 094] lambda=0.0196 train_mse=0.00485098 val_mse=0.00613483 val_mae=0.05020698 | peer_val_mse=0.00002689 peer_val_mae=0.00366316
[worker1/operator_burgers_student_lift_v2_gpu0] [operator_burgers_student_lift_v2/sample_ft_l004_w20_d60_120_lr4e4] [operator][epoch 095] lambda=0.0190 train_mse=0.00821085 val_mse=0.01346756 val_mae=0.07928264 | peer_val_mse=0.00002689 peer_val_mae=0.00366316
[worker1/operator_burgers_student_lift_v2_gpu0] [operator_burgers_student_lift_v2/sample_ft_l004_w20_d60_120_lr4e4] [operator][epoch 096] lambda=0.0184 train_mse=0.01025430 val_mse=0.00688033 val_mae=0.05485781 | peer_val_mse=0.00002689 peer_val_mae=0.00366316
[worker1/operator_burgers_student_lift_v2_gpu0] [operator_burgers_student_lift_v2/sample_ft_l004_w20_d60_120_lr4e4] [operator][epoch 097] lambda=0.0178 train_mse=0.00642000 val_mse=0.00494871 val_mae=0.04320099 | peer_val_mse=0.00002689 peer_val_mae=0.00366316
[worker1/operator_burgers_student_lift_v2_gpu0] [operator_burgers_student_lift_v2/sample_ft_l004_w20_d60_120_lr4e4] [operator][epoch 098] lambda=0.0172 train_mse=0.00561349 val_mse=0.00479056 val_mae=0.04210555 | peer_val_mse=0.00002689 peer_val_mae=0.00366316
[worker1/operator_burgers_student_lift_v2_gpu0] [operator_burgers_student_lift_v2/sample_ft_l004_w20_d60_120_lr4e4] [operator][epoch 099] lambda=0.0166 train_mse=0.00543019 val_mse=0.00661284 val_mae=0.05245964 | peer_val_mse=0.00002689 peer_val_mae=0.00366316
[worker1/operator_burgers_student_lift_v2_gpu0] [operator_burgers_student_lift_v2/sample_ft_l004_w20_d60_120_lr4e4] [operator][epoch 100] lambda=0.0160 train_mse=0.00888986 val_mse=0.00946077 val_mae=0.06478034 | peer_val_mse=0.00002689 peer_val_mae=0.00366316
[worker1/operator_burgers_student_lift_v2_gpu0] [operator_burgers_student_lift_v2/sample_ft_l004_w20_d60_120_lr4e4] [operator][epoch 100] updated live plot
[worker1/operator_burgers_student_lift_v2_gpu0] [operator_burgers_student_lift_v2/sample_ft_l004_w20_d60_120_lr4e4] [operator][epoch 101] lambda=0.0154 train_mse=0.00903163 val_mse=0.00827569 val_mae=0.06156271 | peer_val_mse=0.00002689 peer_val_mae=0.00366316
[worker1/operator_burgers_student_lift_v2_gpu0] [operator_burgers_student_lift_v2/sample_ft_l004_w20_d60_120_lr4e4] [operator][epoch 102] lambda=0.0148 train_mse=0.00740932 val_mse=0.00595136 val_mae=0.05068173 | peer_val_mse=0.00002689 peer_val_mae=0.00366316
[worker1/operator_burgers_student_lift_v2_gpu0] [operator_burgers_student_lift_v2/sample_ft_l004_w20_d60_120_lr4e4] [operator][epoch 103] lambda=0.0142 train_mse=0.00560575 val_mse=0.00480045 val_mae=0.04141615 | peer_val_mse=0.00002689 peer_val_mae=0.00366316
[worker1/operator_burgers_student_lift_v2_gpu0] [operator_burgers_student_lift_v2/sample_ft_l004_w20_d60_120_lr4e4] [operator][epoch 104] lambda=0.0136 train_mse=0.00468611 val_mse=0.00421834 val_mae=0.03828186 | peer_val_mse=0.00002689 peer_val_mae=0.00366316
[worker1/operator_burgers_student_lift_v2_gpu0] [operator_burgers_student_lift_v2/sample_ft_l004_w20_d60_120_lr4e4] [operator][epoch 105] lambda=0.0130 train_mse=0.00619445 val_mse=0.00955826 val_mae=0.06743018 | peer_val_mse=0.00002689 peer_val_mae=0.00366316
[worker1/operator_burgers_student_lift_v2_gpu0] [operator_burgers_student_lift_v2/sample_ft_l004_w20_d60_120_lr4e4] [operator][epoch 106] lambda=0.0124 train_mse=0.00851962 val_mse=0.00577235 val_mae=0.04839194 | peer_val_mse=0.00002689 peer_val_mae=0.00366316
[worker1/operator_burgers_student_lift_v2_gpu0] [operator_burgers_student_lift_v2/sample_ft_l004_w20_d60_120_lr4e4] [operator][epoch 107] lambda=0.0118 train_mse=0.00575177 val_mse=0.00444381 val_mae=0.03975123 | peer_val_mse=0.00002689 peer_val_mae=0.00366316
[worker1/operator_burgers_student_lift_v2_gpu0] [operator_burgers_student_lift_v2/sample_ft_l004_w20_d60_120_lr4e4] [operator][epoch 108] lambda=0.0112 train_mse=0.00572284 val_mse=0.00807711 val_mae=0.05851247 | peer_val_mse=0.00002689 peer_val_mae=0.00366316
[worker1/operator_burgers_student_lift_v2_gpu0] [operator_burgers_student_lift_v2/sample_ft_l004_w20_d60_120_lr4e4] [operator][epoch 109] lambda=0.0106 train_mse=0.01041405 val_mse=0.01098629 val_mae=0.07032797 | peer_val_mse=0.00002689 peer_val_mae=0.00366316
[worker1/operator_burgers_student_lift_v2_gpu0] [operator_burgers_student_lift_v2/sample_ft_l004_w20_d60_120_lr4e4] [operator][epoch 110] lambda=0.0100 train_mse=0.00894856 val_mse=0.00628598 val_mae=0.05184650 | peer_val_mse=0.00002689 peer_val_mae=0.00366316
[worker1/operator_burgers_student_lift_v2_gpu0] [operator_burgers_student_lift_v2/sample_ft_l004_w20_d60_120_lr4e4] [operator][epoch 111] lambda=0.0094 train_mse=0.00554267 val_mse=0.00520423 val_mae=0.04595199 | peer_val_mse=0.00002689 peer_val_mae=0.00366316
[worker1/operator_burgers_student_lift_v2_gpu0] [operator_burgers_student_lift_v2/sample_ft_l004_w20_d60_120_lr4e4] [operator][epoch 112] lambda=0.0088 train_mse=0.00510668 val_mse=0.00601575 val_mae=0.04781676 | peer_val_mse=0.00002689 peer_val_mae=0.00366316
[worker1/operator_burgers_student_lift_v2_gpu0] [operator_burgers_student_lift_v2/sample_ft_l004_w20_d60_120_lr4e4] [operator][epoch 113] lambda=0.0082 train_mse=0.00646812 val_mse=0.00611105 val_mae=0.04982275 | peer_val_mse=0.00002689 peer_val_mae=0.00366316
[worker1/operator_burgers_student_lift_v2_gpu0] [operator_burgers_student_lift_v2/sample_ft_l004_w20_d60_120_lr4e4] [operator][epoch 114] lambda=0.0076 train_mse=0.00534573 val_mse=0.00461817 val_mae=0.04005941 | peer_val_mse=0.00002689 peer_val_mae=0.00366316
[worker1/operator_burgers_student_lift_v2_gpu0] [operator_burgers_student_lift_v2/sample_ft_l004_w20_d60_120_lr4e4] [operator][epoch 115] lambda=0.0070 train_mse=0.00545132 val_mse=0.00456234 val_mae=0.04172780 | peer_val_mse=0.00002689 peer_val_mae=0.00366316
[worker1/operator_burgers_student_lift_v2_gpu0] [operator_burgers_student_lift_v2/sample_ft_l004_w20_d60_120_lr4e4] [operator][epoch 116] lambda=0.0064 train_mse=0.00456630 val_mse=0.00443312 val_mae=0.03942257 | peer_val_mse=0.00002689 peer_val_mae=0.00366316
[worker1/operator_burgers_student_lift_v2_gpu0] [operator_burgers_student_lift_v2/sample_ft_l004_w20_d60_120_lr4e4] [operator][epoch 117] lambda=0.0058 train_mse=0.00503105 val_mse=0.00531668 val_mae=0.04561634 | peer_val_mse=0.00002689 peer_val_mae=0.00366316
[worker1/operator_burgers_student_lift_v2_gpu0] [operator_burgers_student_lift_v2/sample_ft_l004_w20_d60_120_lr4e4] [operator][epoch 118] lambda=0.0052 train_mse=0.00616141 val_mse=0.00717748 val_mae=0.05429754 | peer_val_mse=0.00002689 peer_val_mae=0.00366316
[worker1/operator_burgers_student_lift_v2_gpu0] [operator_burgers_student_lift_v2/sample_ft_l004_w20_d60_120_lr4e4] [operator][epoch 119] lambda=0.0046 train_mse=0.00705354 val_mse=0.00607898 val_mae=0.04999176 | peer_val_mse=0.00002689 peer_val_mae=0.00366316
[worker1/operator_burgers_student_lift_v2_gpu0] [operator_burgers_student_lift_v2/sample_ft_l004_w20_d60_120_lr4e4] [operator][epoch 120] lambda=0.0040 train_mse=0.00554838 val_mse=0.00470117 val_mae=0.04194308 | peer_val_mse=0.00002689 peer_val_mae=0.00366316
[worker1/operator_burgers_student_lift_v2_gpu0] [operator_burgers_student_lift_v2/sample_ft_l004_w20_d60_120_lr4e4] [operator][epoch 120] updated live plot
[worker1/operator_burgers_student_lift_v2_gpu0] [operator_burgers_student_lift_v2/sample_ft_l004_w20_d60_120_lr4e4] [operator][epoch 121] lambda=0.0040 train_mse=0.00705244 val_mse=0.00751922 val_mae=0.05910303 | peer_val_mse=0.00002689 peer_val_mae=0.00366316
[worker1/operator_burgers_student_lift_v2_gpu0] [operator_burgers_student_lift_v2/sample_ft_l004_w20_d60_120_lr4e4] [operator][epoch 122] lambda=0.0040 train_mse=0.00540176 val_mse=0.00503131 val_mae=0.04384764 | peer_val_mse=0.00002689 peer_val_mae=0.00366316
[worker1/operator_burgers_student_lift_v2_gpu0] [operator_burgers_student_lift_v2/sample_ft_l004_w20_d60_120_lr4e4] [operator][epoch 123] lambda=0.0040 train_mse=0.00556760 val_mse=0.00644190 val_mae=0.05345758 | peer_val_mse=0.00002689 peer_val_mae=0.00366316
[worker1/operator_burgers_student_lift_v2_gpu0] [operator_burgers_student_lift_v2/sample_ft_l004_w20_d60_120_lr4e4] [operator][epoch 124] lambda=0.0040 train_mse=0.00515525 val_mse=0.00514866 val_mae=0.04513683 | peer_val_mse=0.00002689 peer_val_mae=0.00366316
[worker1/operator_burgers_student_lift_v2_gpu0] [operator_burgers_student_lift_v2/sample_ft_l004_w20_d60_120_lr4e4] [operator][epoch 125] lambda=0.0040 train_mse=0.00884096 val_mse=0.00632623 val_mae=0.05174757 | peer_val_mse=0.00002689 peer_val_mae=0.00366316
[worker1/operator_burgers_student_lift_v2_gpu0] [operator_burgers_student_lift_v2/sample_ft_l004_w20_d60_120_lr4e4] [operator][epoch 126] lambda=0.0040 train_mse=0.00573122 val_mse=0.00583212 val_mae=0.04939090 | peer_val_mse=0.00002689 peer_val_mae=0.00366316
[worker1/operator_burgers_student_lift_v2_gpu0] [operator_burgers_student_lift_v2/sample_ft_l004_w20_d60_120_lr4e4] [operator][epoch 127] lambda=0.0040 train_mse=0.00547620 val_mse=0.00429594 val_mae=0.03950663 | peer_val_mse=0.00002689 peer_val_mae=0.00366316
[worker1/operator_burgers_student_lift_v2_gpu0] [operator_burgers_student_lift_v2/sample_ft_l004_w20_d60_120_lr4e4] [operator][epoch 128] lambda=0.0040 train_mse=0.00501572 val_mse=0.00509965 val_mae=0.04335631 | peer_val_mse=0.00002689 peer_val_mae=0.00366316
[worker1/operator_burgers_student_lift_v2_gpu0] [operator_burgers_student_lift_v2/sample_ft_l004_w20_d60_120_lr4e4] [operator][epoch 129] lambda=0.0040 train_mse=0.00643838 val_mse=0.00639962 val_mae=0.05333762 | peer_val_mse=0.00002689 peer_val_mae=0.00366316
[worker1/operator_burgers_student_lift_v2_gpu0] [operator_burgers_student_lift_v2/sample_ft_l004_w20_d60_120_lr4e4] [operator][epoch 130] lambda=0.0040 train_mse=0.00787118 val_mse=0.00568438 val_mae=0.04889559 | peer_val_mse=0.00002689 peer_val_mae=0.00366316
[worker1/operator_darcy_student_lift_v2_gpu1] [operator_darcy_student_lift_v2/sample_ft_l003_w15_d45_90_lr2e4] [operator][epoch 074] lambda=0.0126 train_mse=0.00673626 val_mse=0.01511156 val_mae=0.09047065 | peer_val_mse=0.00368136 peer_val_mae=0.03564195
[worker1/operator_darcy_student_lift_v2_gpu1] [operator_darcy_student_lift_v2/sample_ft_l003_w15_d45_90_lr2e4] [operator][epoch 075] lambda=0.0120 train_mse=0.00703714 val_mse=0.01413527 val_mae=0.08762071 | peer_val_mse=0.00368136 peer_val_mae=0.03564195
[worker1/operator_darcy_student_lift_v2_gpu1] [operator_darcy_student_lift_v2/sample_ft_l003_w15_d45_90_lr2e4] [operator][epoch 076] lambda=0.0114 train_mse=0.00635730 val_mse=0.01363088 val_mae=0.08588642 | peer_val_mse=0.00368136 peer_val_mae=0.03564195
[worker1/operator_darcy_student_lift_v2_gpu1] [operator_darcy_student_lift_v2/sample_ft_l003_w15_d45_90_lr2e4] [operator][epoch 077] lambda=0.0108 train_mse=0.00611326 val_mse=0.01354122 val_mae=0.08541606 | peer_val_mse=0.00368136 peer_val_mae=0.03564195
[worker1/operator_darcy_student_lift_v2_gpu1] [operator_darcy_student_lift_v2/sample_ft_l003_w15_d45_90_lr2e4] [operator][epoch 078] lambda=0.0102 train_mse=0.00605366 val_mse=0.01392329 val_mae=0.08633986 | peer_val_mse=0.00368136 peer_val_mae=0.03564195
[worker1/operator_darcy_student_lift_v2_gpu1] [operator_darcy_student_lift_v2/sample_ft_l003_w15_d45_90_lr2e4] [operator][epoch 079] lambda=0.0096 train_mse=0.00610493 val_mse=0.01439402 val_mae=0.08909060 | peer_val_mse=0.00368136 peer_val_mae=0.03564195
[worker1/operator_darcy_student_lift_v2_gpu1] [operator_darcy_student_lift_v2/sample_ft_l003_w15_d45_90_lr2e4] [operator][epoch 080] lambda=0.0090 train_mse=0.00678224 val_mse=0.01435954 val_mae=0.08790346 | peer_val_mse=0.00368136 peer_val_mae=0.03564195
[worker1/operator_darcy_student_lift_v2_gpu1] [operator_darcy_student_lift_v2/sample_ft_l003_w15_d45_90_lr2e4] [operator][epoch 080] updated live plot
[worker1/operator_darcy_student_lift_v2_gpu1] [operator_darcy_student_lift_v2/sample_ft_l003_w15_d45_90_lr2e4] [operator][epoch 081] lambda=0.0084 train_mse=0.00648444 val_mse=0.01370667 val_mae=0.08591797 | peer_val_mse=0.00368136 peer_val_mae=0.03564195
[worker1/operator_darcy_student_lift_v2_gpu1] [operator_darcy_student_lift_v2/sample_ft_l003_w15_d45_90_lr2e4] [operator][epoch 082] lambda=0.0078 train_mse=0.00604756 val_mse=0.01367977 val_mae=0.08564817 | peer_val_mse=0.00368136 peer_val_mae=0.03564195
[worker1/operator_darcy_student_lift_v2_gpu1] [operator_darcy_student_lift_v2/sample_ft_l003_w15_d45_90_lr2e4] [operator][epoch 083] lambda=0.0072 train_mse=0.00593694 val_mse=0.01396812 val_mae=0.08687416 | peer_val_mse=0.00368136 peer_val_mae=0.03564195
[worker1/operator_darcy_student_lift_v2_gpu1] [operator_darcy_student_lift_v2/sample_ft_l003_w15_d45_90_lr2e4] [operator][epoch 084] lambda=0.0066 train_mse=0.00594499 val_mse=0.01371236 val_mae=0.08591149 | peer_val_mse=0.00368136 peer_val_mae=0.03564195
[worker1/operator_darcy_student_lift_v2_gpu1] [operator_darcy_student_lift_v2/sample_ft_l003_w15_d45_90_lr2e4] [operator][epoch 085] lambda=0.0060 train_mse=0.00581348 val_mse=0.01380481 val_mae=0.08626530 | peer_val_mse=0.00368136 peer_val_mae=0.03564195
[worker1/operator_darcy_student_lift_v2_gpu1] [operator_darcy_student_lift_v2/sample_ft_l003_w15_d45_90_lr2e4] [operator][epoch 086] lambda=0.0054 train_mse=0.00596995 val_mse=0.01443615 val_mae=0.08785931 | peer_val_mse=0.00368136 peer_val_mae=0.03564195
[worker1/operator_darcy_student_lift_v2_gpu1] [operator_darcy_student_lift_v2/sample_ft_l003_w15_d45_90_lr2e4] [operator][epoch 087] lambda=0.0048 train_mse=0.00578401 val_mse=0.01350468 val_mae=0.08514495 | peer_val_mse=0.00368136 peer_val_mae=0.03564195
[worker1/operator_darcy_student_lift_v2_gpu1] [operator_darcy_student_lift_v2/sample_ft_l003_w15_d45_90_lr2e4] [operator][epoch 088] lambda=0.0042 train_mse=0.00575884 val_mse=0.01403070 val_mae=0.08690350 | peer_val_mse=0.00368136 peer_val_mae=0.03564195
[worker1/operator_darcy_student_lift_v2_gpu1] [operator_darcy_student_lift_v2/sample_ft_l003_w15_d45_90_lr2e4] [operator][epoch 089] lambda=0.0036 train_mse=0.00594314 val_mse=0.01389999 val_mae=0.08625843 | peer_val_mse=0.00368136 peer_val_mae=0.03564195
[worker1/operator_darcy_student_lift_v2_gpu1] [operator_darcy_student_lift_v2/sample_ft_l003_w15_d45_90_lr2e4] [operator][epoch 090] lambda=0.0030 train_mse=0.00590151 val_mse=0.01337010 val_mae=0.08483969 | peer_val_mse=0.00368136 peer_val_mae=0.03564195
[worker1/operator_darcy_student_lift_v2_gpu1] [operator_darcy_student_lift_v2/sample_ft_l003_w15_d45_90_lr2e4] [operator][epoch 091] lambda=0.0030 train_mse=0.00644350 val_mse=0.01444559 val_mae=0.08828327 | peer_val_mse=0.00368136 peer_val_mae=0.03564195
[worker1/operator_darcy_student_lift_v2_gpu1] [operator_darcy_student_lift_v2/sample_ft_l003_w15_d45_90_lr2e4] [operator][epoch 092] lambda=0.0030 train_mse=0.00631008 val_mse=0.01380240 val_mae=0.08659473 | peer_val_mse=0.00368136 peer_val_mae=0.03564195
[worker1/operator_burgers_student_lift_v2_gpu0] [operator_burgers_student_lift_v2/sample_ft_l004_w20_d60_120_lr4e4] [operator][epoch 131] lambda=0.0040 train_mse=0.00514479 val_mse=0.00459048 val_mae=0.04231881 | peer_val_mse=0.00002689 peer_val_mae=0.00366316
[worker1/operator_burgers_student_lift_v2_gpu0] [operator_burgers_student_lift_v2/sample_ft_l004_w20_d60_120_lr4e4] [operator][epoch 132] lambda=0.0040 train_mse=0.00477120 val_mse=0.00511383 val_mae=0.04535686 | peer_val_mse=0.00002689 peer_val_mae=0.00366316
[worker1/operator_burgers_student_lift_v2_gpu0] [operator_burgers_student_lift_v2/sample_ft_l004_w20_d60_120_lr4e4] [operator][epoch 133] lambda=0.0040 train_mse=0.00636000 val_mse=0.00535663 val_mae=0.04784964 | peer_val_mse=0.00002689 peer_val_mae=0.00366316
[worker1/operator_burgers_student_lift_v2_gpu0] [operator_burgers_student_lift_v2/sample_ft_l004_w20_d60_120_lr4e4] [operator][epoch 134] lambda=0.0040 train_mse=0.00523355 val_mse=0.00436500 val_mae=0.03960719 | peer_val_mse=0.00002689 peer_val_mae=0.00366316
[worker1/operator_burgers_student_lift_v2_gpu0] [operator_burgers_student_lift_v2/sample_ft_l004_w20_d60_120_lr4e4] [operator][epoch 135] lambda=0.0040 train_mse=0.00464210 val_mse=0.00549661 val_mae=0.04694331 | peer_val_mse=0.00002689 peer_val_mae=0.00366316
[worker1/operator_burgers_student_lift_v2_gpu0] [operator_burgers_student_lift_v2/sample_ft_l004_w20_d60_120_lr4e4] [operator][epoch 136] lambda=0.0040 train_mse=0.00557197 val_mse=0.00534767 val_mae=0.04620539 | peer_val_mse=0.00002689 peer_val_mae=0.00366316
[worker1/operator_burgers_student_lift_v2_gpu0] [operator_burgers_student_lift_v2/sample_ft_l004_w20_d60_120_lr4e4] [operator][epoch 137] lambda=0.0040 train_mse=0.00578618 val_mse=0.00584349 val_mae=0.04836679 | peer_val_mse=0.00002689 peer_val_mae=0.00366316
[worker1/operator_burgers_student_lift_v2_gpu0] [operator_burgers_student_lift_v2/sample_ft_l004_w20_d60_120_lr4e4] [operator][epoch 138] lambda=0.0040 train_mse=0.00507897 val_mse=0.00453442 val_mae=0.04132751 | peer_val_mse=0.00002689 peer_val_mae=0.00366316
[worker1/operator_burgers_student_lift_v2_gpu0] [operator_burgers_student_lift_v2/sample_ft_l004_w20_d60_120_lr4e4] [operator][epoch 139] lambda=0.0040 train_mse=0.00455034 val_mse=0.00441929 val_mae=0.04044824 | peer_val_mse=0.00002689 peer_val_mae=0.00366316
[worker1/operator_burgers_student_lift_v2_gpu0] [operator_burgers_student_lift_v2/sample_ft_l004_w20_d60_120_lr4e4] [operator][epoch 140] lambda=0.0040 train_mse=0.00436196 val_mse=0.00431678 val_mae=0.04020584 | peer_val_mse=0.00002689 peer_val_mae=0.00366316
[worker1/operator_burgers_student_lift_v2_gpu0] [operator_burgers_student_lift_v2/sample_ft_l004_w20_d60_120_lr4e4] [operator][epoch 140] updated live plot
[worker1/operator_burgers_student_lift_v2_gpu0] [operator_burgers_student_lift_v2/sample_ft_l004_w20_d60_120_lr4e4] [operator] done
[worker1/operator_burgers_student_lift_v2_gpu0] [operator_burgers_student_lift_v2/elem_ft_l003_w25_d70_130_lr4e4] lock -> /home/namkyeong/ssmo/results/.locks/operator_burgers_student_lift_v2_elem_ft_l003_w25_d70_130_lr4e4.lock
[worker1/operator_burgers_student_lift_v2_gpu0] [operator_burgers_student_lift_v2/elem_ft_l003_w25_d70_130_lr4e4] log -> results/logs/operator_burgers_student_lift_v2/elem_ft_l003_w25_d70_130_lr4e4.log
[worker1/operator_burgers_student_lift_v2_gpu0] [operator_burgers_student_lift_v2/elem_ft_l003_w25_d70_130_lr4e4] [operator] output_dir=results/operator_burgers_student_lift_v2/elem_ft_l003_w25_d70_130_lr4e4
[worker1/operator_burgers_student_lift_v2_gpu0] [operator_burgers_student_lift_v2/elem_ft_l003_w25_d70_130_lr4e4] [operator] methods=ssml
[worker1/operator_burgers_student_lift_v2_gpu0] [operator_burgers_student_lift_v2/elem_ft_l003_w25_d70_130_lr4e4] [operator] model_pairs=deeponet:fno
[worker1/operator_burgers_student_lift_v2_gpu0] [operator_burgers_student_lift_v2/elem_ft_l003_w25_d70_130_lr4e4] [operator] dataset=burgers pair=deeponet:fno method=ssml seed=0
[worker1/operator_burgers_student_lift_v2_gpu0] [operator_burgers_student_lift_v2/elem_ft_l003_w25_d70_130_lr4e4] [operator] loaded init_checkpoint=results/operator_burgers_followup_v1/burgers_l005_m0_w12_d60_120_ow1/operator/burgers/deeponet_independent_mse_seed0/model.pt
[worker1/operator_burgers_student_lift_v2_gpu0] [operator_burgers_student_lift_v2/elem_ft_l003_w25_d70_130_lr4e4] [operator] loaded peer_init_checkpoint=results/operator_burgers_followup_v1/burgers_l005_m0_w12_d60_120_ow1/operator/burgers/fno_independent_mse_seed0/model.pt
[worker1/operator_burgers_student_lift_v2_gpu0] [operator_burgers_student_lift_v2/elem_ft_l003_w25_d70_130_lr4e4] [operator] run_dir=results/operator_burgers_student_lift_v2/elem_ft_l003_w25_d70_130_lr4e4/operator/burgers/deeponet__fno_ssml_mse_seed0
[worker1/operator_burgers_student_lift_v2_gpu0] [operator_burgers_student_lift_v2/elem_ft_l003_w25_d70_130_lr4e4] [operator] params=198656
[worker1/operator_burgers_student_lift_v2_gpu0] [operator_burgers_student_lift_v2/elem_ft_l003_w25_d70_130_lr4e4] [operator] granularity=element student_only=True freeze_peer=True peer_updates_disabled=True
[worker1/operator_burgers_student_lift_v2_gpu0] [operator_burgers_student_lift_v2/elem_ft_l003_w25_d70_130_lr4e4] [operator][epoch 001] lambda=0.0000 train_mse=0.02711914 val_mse=0.02392295 val_mae=0.10446498 | peer_val_mse=0.00001139 peer_val_mae=0.00234510
[worker1/operator_burgers_student_lift_v2_gpu0] [operator_burgers_student_lift_v2/elem_ft_l003_w25_d70_130_lr4e4] [operator][epoch 002] lambda=0.0000 train_mse=0.02047133 val_mse=0.02009273 val_mae=0.09171299 | peer_val_mse=0.00001139 peer_val_mae=0.00234510
[worker1/operator_burgers_student_lift_v2_gpu0] [operator_burgers_student_lift_v2/elem_ft_l003_w25_d70_130_lr4e4] [operator][epoch 003] lambda=0.0000 train_mse=0.01908412 val_mse=0.01992241 val_mae=0.09056487 | peer_val_mse=0.00001139 peer_val_mae=0.00234510
[worker1/operator_burgers_student_lift_v2_gpu0] [operator_burgers_student_lift_v2/elem_ft_l003_w25_d70_130_lr4e4] [operator][epoch 004] lambda=0.0000 train_mse=0.01800353 val_mse=0.02286418 val_mae=0.10457974 | peer_val_mse=0.00001139 peer_val_mae=0.00234510
[worker1/operator_burgers_student_lift_v2_gpu0] [operator_burgers_student_lift_v2/elem_ft_l003_w25_d70_130_lr4e4] [operator][epoch 005] lambda=0.0000 train_mse=0.01779333 val_mse=0.01905327 val_mae=0.08989583 | peer_val_mse=0.00001139 peer_val_mae=0.00234510
[worker1/operator_burgers_student_lift_v2_gpu0] [operator_burgers_student_lift_v2/elem_ft_l003_w25_d70_130_lr4e4] [operator][epoch 006] lambda=0.0000 train_mse=0.01550376 val_mse=0.01900476 val_mae=0.08858539 | peer_val_mse=0.00001139 peer_val_mae=0.00234510
[worker1/operator_burgers_student_lift_v2_gpu0] [operator_burgers_student_lift_v2/elem_ft_l003_w25_d70_130_lr4e4] [operator][epoch 007] lambda=0.0000 train_mse=0.01862083 val_mse=0.01772069 val_mae=0.08787455 | peer_val_mse=0.00001139 peer_val_mae=0.00234510
[worker1/operator_burgers_student_lift_v2_gpu0] [operator_burgers_student_lift_v2/elem_ft_l003_w25_d70_130_lr4e4] [operator][epoch 008] lambda=0.0000 train_mse=0.01443382 val_mse=0.01913391 val_mae=0.08846570 | peer_val_mse=0.00001139 peer_val_mae=0.00234510
[worker1/operator_burgers_student_lift_v2_gpu0] [operator_burgers_student_lift_v2/elem_ft_l003_w25_d70_130_lr4e4] [operator][epoch 009] lambda=0.0000 train_mse=0.01364185 val_mse=0.01638878 val_mae=0.08127298 | peer_val_mse=0.00001139 peer_val_mae=0.00234510
[worker1/operator_burgers_student_lift_v2_gpu0] [operator_burgers_student_lift_v2/elem_ft_l003_w25_d70_130_lr4e4] [operator][epoch 010] lambda=0.0000 train_mse=0.01413487 val_mse=0.01533197 val_mae=0.07699859 | peer_val_mse=0.00001139 peer_val_mae=0.00234510
[worker1/operator_burgers_student_lift_v2_gpu0] [operator_burgers_student_lift_v2/elem_ft_l003_w25_d70_130_lr4e4] [operator][epoch 011] lambda=0.0000 train_mse=0.01320422 val_mse=0.01462285 val_mae=0.07749014 | peer_val_mse=0.00001139 peer_val_mae=0.00234510
[worker1/operator_burgers_student_lift_v2_gpu0] [operator_burgers_student_lift_v2/elem_ft_l003_w25_d70_130_lr4e4] [operator][epoch 012] lambda=0.0000 train_mse=0.01587246 val_mse=0.01853472 val_mae=0.08707945 | peer_val_mse=0.00001139 peer_val_mae=0.00234510
[worker1/operator_burgers_student_lift_v2_gpu0] [operator_burgers_student_lift_v2/elem_ft_l003_w25_d70_130_lr4e4] [operator][epoch 013] lambda=0.0000 train_mse=0.01243115 val_mse=0.01493638 val_mae=0.07814655 | peer_val_mse=0.00001139 peer_val_mae=0.00234510
[worker1/operator_burgers_student_lift_v2_gpu0] [operator_burgers_student_lift_v2/elem_ft_l003_w25_d70_130_lr4e4] [operator][epoch 014] lambda=0.0000 train_mse=0.01126797 val_mse=0.01332668 val_mae=0.07150189 | peer_val_mse=0.00001139 peer_val_mae=0.00234510
[worker1/operator_burgers_student_lift_v2_gpu0] [operator_burgers_student_lift_v2/elem_ft_l003_w25_d70_130_lr4e4] [operator][epoch 015] lambda=0.0000 train_mse=0.01184509 val_mse=0.01768362 val_mae=0.08839500 | peer_val_mse=0.00001139 peer_val_mae=0.00234510
[worker1/operator_burgers_student_lift_v2_gpu0] [operator_burgers_student_lift_v2/elem_ft_l003_w25_d70_130_lr4e4] [operator][epoch 016] lambda=0.0000 train_mse=0.01333188 val_mse=0.01470344 val_mae=0.07655722 | peer_val_mse=0.00001139 peer_val_mae=0.00234510
[worker1/operator_burgers_student_lift_v2_gpu0] [operator_burgers_student_lift_v2/elem_ft_l003_w25_d70_130_lr4e4] [operator][epoch 017] lambda=0.0000 train_mse=0.01218887 val_mse=0.01672383 val_mae=0.08358422 | peer_val_mse=0.00001139 peer_val_mae=0.00234510
[worker1/operator_burgers_student_lift_v2_gpu0] [operator_burgers_student_lift_v2/elem_ft_l003_w25_d70_130_lr4e4] [operator][epoch 018] lambda=0.0000 train_mse=0.01317989 val_mse=0.01371855 val_mae=0.07529911 | peer_val_mse=0.00001139 peer_val_mae=0.00234510
[worker1/operator_burgers_student_lift_v2_gpu0] [operator_burgers_student_lift_v2/elem_ft_l003_w25_d70_130_lr4e4] [operator][epoch 019] lambda=0.0000 train_mse=0.01362389 val_mse=0.02177055 val_mae=0.10215333 | peer_val_mse=0.00001139 peer_val_mae=0.00234510
[worker1/operator_burgers_student_lift_v2_gpu0] [operator_burgers_student_lift_v2/elem_ft_l003_w25_d70_130_lr4e4] [operator][epoch 020] lambda=0.0000 train_mse=0.01335603 val_mse=0.01234435 val_mae=0.06797941 | peer_val_mse=0.00001139 peer_val_mae=0.00234510
[worker1/operator_burgers_student_lift_v2_gpu0] [operator_burgers_student_lift_v2/elem_ft_l003_w25_d70_130_lr4e4] [operator][epoch 020] updated live plot
[worker1/operator_burgers_student_lift_v2_gpu0] [operator_burgers_student_lift_v2/elem_ft_l003_w25_d70_130_lr4e4] [operator][epoch 021] lambda=0.0000 train_mse=0.01012475 val_mse=0.01231128 val_mae=0.06743495 | peer_val_mse=0.00001139 peer_val_mae=0.00234510
[worker1/operator_burgers_student_lift_v2_gpu0] [operator_burgers_student_lift_v2/elem_ft_l003_w25_d70_130_lr4e4] [operator][epoch 022] lambda=0.0000 train_mse=0.01314812 val_mse=0.01607535 val_mae=0.08118235 | peer_val_mse=0.00001139 peer_val_mae=0.00234510
[worker1/operator_burgers_student_lift_v2_gpu0] [operator_burgers_student_lift_v2/elem_ft_l003_w25_d70_130_lr4e4] [operator][epoch 023] lambda=0.0000 train_mse=0.01119464 val_mse=0.01841118 val_mae=0.09066986 | peer_val_mse=0.00001139 peer_val_mae=0.00234510
[worker1/operator_burgers_student_lift_v2_gpu0] [operator_burgers_student_lift_v2/elem_ft_l003_w25_d70_130_lr4e4] [operator][epoch 024] lambda=0.0000 train_mse=0.01323843 val_mse=0.01295865 val_mae=0.07170393 | peer_val_mse=0.00001139 peer_val_mae=0.00234510
[worker1/operator_burgers_student_lift_v2_gpu0] [operator_burgers_student_lift_v2/elem_ft_l003_w25_d70_130_lr4e4] [operator][epoch 025] lambda=0.0000 train_mse=0.01125185 val_mse=0.01241847 val_mae=0.07132588 | peer_val_mse=0.00001139 peer_val_mae=0.00234510
[worker1/operator_burgers_student_lift_v2_gpu0] [operator_burgers_student_lift_v2/elem_ft_l003_w25_d70_130_lr4e4] [operator][epoch 026] lambda=0.0300 train_mse=0.01150494 val_mse=0.01212198 val_mae=0.06516313 | peer_val_mse=0.00001139 peer_val_mae=0.00234510
[worker1/operator_burgers_student_lift_v2_gpu0] [operator_burgers_student_lift_v2/elem_ft_l003_w25_d70_130_lr4e4] [operator][epoch 027] lambda=0.0300 train_mse=0.00924294 val_mse=0.01159430 val_mae=0.06645890 | peer_val_mse=0.00001139 peer_val_mae=0.00234510
[worker1/operator_burgers_student_lift_v2_gpu0] [operator_burgers_student_lift_v2/elem_ft_l003_w25_d70_130_lr4e4] [operator][epoch 028] lambda=0.0300 train_mse=0.00952463 val_mse=0.01153279 val_mae=0.06695309 | peer_val_mse=0.00001139 peer_val_mae=0.00234510
[worker1/operator_burgers_student_lift_v2_gpu0] [operator_burgers_student_lift_v2/elem_ft_l003_w25_d70_130_lr4e4] [operator][epoch 029] lambda=0.0300 train_mse=0.01007121 val_mse=0.01220729 val_mae=0.06634882 | peer_val_mse=0.00001139 peer_val_mae=0.00234510
[worker1/operator_burgers_student_lift_v2_gpu0] [operator_burgers_student_lift_v2/elem_ft_l003_w25_d70_130_lr4e4] [operator][epoch 030] lambda=0.0300 train_mse=0.00870829 val_mse=0.01155423 val_mae=0.06498982 | peer_val_mse=0.00001139 peer_val_mae=0.00234510
[worker1/operator_burgers_student_lift_v2_gpu0] [operator_burgers_student_lift_v2/elem_ft_l003_w25_d70_130_lr4e4] [operator][epoch 031] lambda=0.0300 train_mse=0.01037371 val_mse=0.01454526 val_mae=0.07372619 | peer_val_mse=0.00001139 peer_val_mae=0.00234510
[worker1/operator_burgers_student_lift_v2_gpu0] [operator_burgers_student_lift_v2/elem_ft_l003_w25_d70_130_lr4e4] [operator][epoch 032] lambda=0.0300 train_mse=0.01232736 val_mse=0.01298980 val_mae=0.06961369 | peer_val_mse=0.00001139 peer_val_mae=0.00234510
[worker1/operator_burgers_student_lift_v2_gpu0] [operator_burgers_student_lift_v2/elem_ft_l003_w25_d70_130_lr4e4] [operator][epoch 033] lambda=0.0300 train_mse=0.01322048 val_mse=0.01457721 val_mae=0.07591249 | peer_val_mse=0.00001139 peer_val_mae=0.00234510
[worker1/operator_burgers_student_lift_v2_gpu0] [operator_burgers_student_lift_v2/elem_ft_l003_w25_d70_130_lr4e4] [operator][epoch 034] lambda=0.0300 train_mse=0.00949461 val_mse=0.01180538 val_mae=0.06462618 | peer_val_mse=0.00001139 peer_val_mae=0.00234510
[worker1/operator_burgers_student_lift_v2_gpu0] [operator_burgers_student_lift_v2/elem_ft_l003_w25_d70_130_lr4e4] [operator][epoch 035] lambda=0.0300 train_mse=0.00829253 val_mse=0.01363986 val_mae=0.07225279 | peer_val_mse=0.00001139 peer_val_mae=0.00234510
[worker1/operator_burgers_student_lift_v2_gpu0] [operator_burgers_student_lift_v2/elem_ft_l003_w25_d70_130_lr4e4] [operator][epoch 036] lambda=0.0300 train_mse=0.01077544 val_mse=0.01141425 val_mae=0.06577977 | peer_val_mse=0.00001139 peer_val_mae=0.00234510
[worker1/operator_burgers_student_lift_v2_gpu0] [operator_burgers_student_lift_v2/elem_ft_l003_w25_d70_130_lr4e4] [operator][epoch 037] lambda=0.0300 train_mse=0.00847241 val_mse=0.01038911 val_mae=0.06133774 | peer_val_mse=0.00001139 peer_val_mae=0.00234510
[worker1/operator_darcy_student_lift_v2_gpu1] [operator_darcy_student_lift_v2/sample_ft_l003_w15_d45_90_lr2e4] [operator][epoch 093] lambda=0.0030 train_mse=0.00687841 val_mse=0.01475388 val_mae=0.08937224 | peer_val_mse=0.00368136 peer_val_mae=0.03564195
[worker1/operator_darcy_student_lift_v2_gpu1] [operator_darcy_student_lift_v2/sample_ft_l003_w15_d45_90_lr2e4] [operator][epoch 094] lambda=0.0030 train_mse=0.00737239 val_mse=0.01534323 val_mae=0.09087145 | peer_val_mse=0.00368136 peer_val_mae=0.03564195
[worker1/operator_darcy_student_lift_v2_gpu1] [operator_darcy_student_lift_v2/sample_ft_l003_w15_d45_90_lr2e4] [operator][epoch 095] lambda=0.0030 train_mse=0.00644865 val_mse=0.01369217 val_mae=0.08580688 | peer_val_mse=0.00368136 peer_val_mae=0.03564195
[worker1/operator_darcy_student_lift_v2_gpu1] [operator_darcy_student_lift_v2/sample_ft_l003_w15_d45_90_lr2e4] [operator][epoch 096] lambda=0.0030 train_mse=0.00589441 val_mse=0.01352239 val_mae=0.08510361 | peer_val_mse=0.00368136 peer_val_mae=0.03564195
[worker1/operator_darcy_student_lift_v2_gpu1] [operator_darcy_student_lift_v2/sample_ft_l003_w15_d45_90_lr2e4] [operator][epoch 097] lambda=0.0030 train_mse=0.00643125 val_mse=0.01429036 val_mae=0.08806305 | peer_val_mse=0.00368136 peer_val_mae=0.03564195
[worker1/operator_darcy_student_lift_v2_gpu1] [operator_darcy_student_lift_v2/sample_ft_l003_w15_d45_90_lr2e4] [operator][epoch 098] lambda=0.0030 train_mse=0.00643310 val_mse=0.01408194 val_mae=0.08714601 | peer_val_mse=0.00368136 peer_val_mae=0.03564195
[worker1/operator_darcy_student_lift_v2_gpu1] [operator_darcy_student_lift_v2/sample_ft_l003_w15_d45_90_lr2e4] [operator][epoch 099] lambda=0.0030 train_mse=0.00589176 val_mse=0.01334926 val_mae=0.08477389 | peer_val_mse=0.00368136 peer_val_mae=0.03564195
[worker1/operator_darcy_student_lift_v2_gpu1] [operator_darcy_student_lift_v2/sample_ft_l003_w15_d45_90_lr2e4] [operator][epoch 100] lambda=0.0030 train_mse=0.00581576 val_mse=0.01461616 val_mae=0.08789757 | peer_val_mse=0.00368136 peer_val_mae=0.03564195
[worker1/operator_darcy_student_lift_v2_gpu1] [operator_darcy_student_lift_v2/sample_ft_l003_w15_d45_90_lr2e4] [operator][epoch 100] updated live plot
[worker1/operator_darcy_student_lift_v2_gpu1] [operator_darcy_student_lift_v2/sample_ft_l003_w15_d45_90_lr2e4] [operator][epoch 101] lambda=0.0030 train_mse=0.00586955 val_mse=0.01347737 val_mae=0.08497015 | peer_val_mse=0.00368136 peer_val_mae=0.03564195
[worker1/operator_darcy_student_lift_v2_gpu1] [operator_darcy_student_lift_v2/sample_ft_l003_w15_d45_90_lr2e4] [operator][epoch 102] lambda=0.0030 train_mse=0.00561359 val_mse=0.01365441 val_mae=0.08539327 | peer_val_mse=0.00368136 peer_val_mae=0.03564195
[worker1/operator_darcy_student_lift_v2_gpu1] [operator_darcy_student_lift_v2/sample_ft_l003_w15_d45_90_lr2e4] [operator][epoch 103] lambda=0.0030 train_mse=0.00566338 val_mse=0.01356908 val_mae=0.08488331 | peer_val_mse=0.00368136 peer_val_mae=0.03564195
[worker1/operator_darcy_student_lift_v2_gpu1] [operator_darcy_student_lift_v2/sample_ft_l003_w15_d45_90_lr2e4] [operator][epoch 104] lambda=0.0030 train_mse=0.00584329 val_mse=0.01338190 val_mae=0.08458776 | peer_val_mse=0.00368136 peer_val_mae=0.03564195
[worker1/operator_darcy_student_lift_v2_gpu1] [operator_darcy_student_lift_v2/sample_ft_l003_w15_d45_90_lr2e4] [operator][epoch 105] lambda=0.0030 train_mse=0.00586915 val_mse=0.01376000 val_mae=0.08593834 | peer_val_mse=0.00368136 peer_val_mae=0.03564195
[worker1/operator_darcy_student_lift_v2_gpu1] [operator_darcy_student_lift_v2/sample_ft_l003_w15_d45_90_lr2e4] [operator][epoch 106] lambda=0.0030 train_mse=0.00611627 val_mse=0.01417791 val_mae=0.08755523 | peer_val_mse=0.00368136 peer_val_mae=0.03564195
[worker1/operator_darcy_student_lift_v2_gpu1] [operator_darcy_student_lift_v2/sample_ft_l003_w15_d45_90_lr2e4] [operator][epoch 107] lambda=0.0030 train_mse=0.00723778 val_mse=0.01470198 val_mae=0.08927355 | peer_val_mse=0.00368136 peer_val_mae=0.03564195
[worker1/operator_darcy_student_lift_v2_gpu1] [operator_darcy_student_lift_v2/sample_ft_l003_w15_d45_90_lr2e4] [operator][epoch 108] lambda=0.0030 train_mse=0.00660395 val_mse=0.01414401 val_mae=0.08659499 | peer_val_mse=0.00368136 peer_val_mae=0.03564195
[worker1/operator_darcy_student_lift_v2_gpu1] [operator_darcy_student_lift_v2/sample_ft_l003_w15_d45_90_lr2e4] [operator][epoch 109] lambda=0.0030 train_mse=0.00592396 val_mse=0.01351572 val_mae=0.08462049 | peer_val_mse=0.00368136 peer_val_mae=0.03564195
[worker1/operator_darcy_student_lift_v2_gpu1] [operator_darcy_student_lift_v2/sample_ft_l003_w15_d45_90_lr2e4] [operator][epoch 110] lambda=0.0030 train_mse=0.00585387 val_mse=0.01415042 val_mae=0.08643859 | peer_val_mse=0.00368136 peer_val_mae=0.03564195
[worker1/operator_darcy_student_lift_v2_gpu1] [operator_darcy_student_lift_v2/sample_ft_l003_w15_d45_90_lr2e4] [operator][epoch 110] updated live plot
[worker1/operator_darcy_student_lift_v2_gpu1] [operator_darcy_student_lift_v2/sample_ft_l003_w15_d45_90_lr2e4] [operator] done
[worker1/operator_darcy_student_lift_v2_gpu1] [operator_darcy_student_lift_v2/sample_ft_l003_w15_d45_90_lr2e4] [operator] dataset=darcy pair=deeponet:fno method=ssml seed=1
[worker1/operator_darcy_student_lift_v2_gpu1] [operator_darcy_student_lift_v2/sample_ft_l003_w15_d45_90_lr2e4] [operator] loaded init_checkpoint=results/operator_ssml_tuned_v1/operator/darcy/deeponet_independent_mse_seed1/model.pt
[worker1/operator_darcy_student_lift_v2_gpu1] [operator_darcy_student_lift_v2/sample_ft_l003_w15_d45_90_lr2e4] [operator] loaded peer_init_checkpoint=results/operator_ssml_tuned_v1/operator/darcy/fno_independent_mse_seed1/model.pt
[worker1/operator_darcy_student_lift_v2_gpu1] [operator_darcy_student_lift_v2/sample_ft_l003_w15_d45_90_lr2e4] [operator] run_dir=results/operator_darcy_student_lift_v2/sample_ft_l003_w15_d45_90_lr2e4/operator/darcy/deeponet__fno_ssml_mse_seed1
[worker1/operator_darcy_student_lift_v2_gpu1] [operator_darcy_student_lift_v2/sample_ft_l003_w15_d45_90_lr2e4] [operator] params=592000
[worker1/operator_darcy_student_lift_v2_gpu1] [operator_darcy_student_lift_v2/sample_ft_l003_w15_d45_90_lr2e4] [operator] granularity=sample student_only=True freeze_peer=True peer_updates_disabled=True
[worker1/operator_darcy_student_lift_v2_gpu1] [operator_darcy_student_lift_v2/sample_ft_l003_w15_d45_90_lr2e4] [operator][epoch 001] lambda=0.0000 train_mse=0.02073363 val_mse=0.01797849 val_mae=0.10192212 | peer_val_mse=0.00281644 peer_val_mae=0.03476973
[worker1/operator_darcy_student_lift_v2_gpu1] [operator_darcy_student_lift_v2/sample_ft_l003_w15_d45_90_lr2e4] [operator][epoch 002] lambda=0.0000 train_mse=0.01165745 val_mse=0.01786135 val_mae=0.10096128 | peer_val_mse=0.00281644 peer_val_mae=0.03476973
[worker1/operator_darcy_student_lift_v2_gpu1] [operator_darcy_student_lift_v2/sample_ft_l003_w15_d45_90_lr2e4] [operator][epoch 003] lambda=0.0000 train_mse=0.01136704 val_mse=0.01756263 val_mae=0.10009832 | peer_val_mse=0.00281644 peer_val_mae=0.03476973
[worker1/operator_darcy_student_lift_v2_gpu1] [operator_darcy_student_lift_v2/sample_ft_l003_w15_d45_90_lr2e4] [operator][epoch 004] lambda=0.0000 train_mse=0.01140691 val_mse=0.01810122 val_mae=0.10215299 | peer_val_mse=0.00281644 peer_val_mae=0.03476973
[worker1/operator_darcy_student_lift_v2_gpu1] [operator_darcy_student_lift_v2/sample_ft_l003_w15_d45_90_lr2e4] [operator][epoch 005] lambda=0.0000 train_mse=0.01205374 val_mse=0.02159135 val_mae=0.11339633 | peer_val_mse=0.00281644 peer_val_mae=0.03476973
[worker1/operator_darcy_student_lift_v2_gpu1] [operator_darcy_student_lift_v2/sample_ft_l003_w15_d45_90_lr2e4] [operator][epoch 006] lambda=0.0000 train_mse=0.01441030 val_mse=0.01951294 val_mae=0.10676395 | peer_val_mse=0.00281644 peer_val_mae=0.03476973
[worker1/operator_darcy_student_lift_v2_gpu1] [operator_darcy_student_lift_v2/sample_ft_l003_w15_d45_90_lr2e4] [operator][epoch 007] lambda=0.0000 train_mse=0.01172212 val_mse=0.01804453 val_mae=0.10121188 | peer_val_mse=0.00281644 peer_val_mae=0.03476973
[worker1/operator_darcy_student_lift_v2_gpu1] [operator_darcy_student_lift_v2/sample_ft_l003_w15_d45_90_lr2e4] [operator][epoch 008] lambda=0.0000 train_mse=0.01161227 val_mse=0.01792077 val_mae=0.10174780 | peer_val_mse=0.00281644 peer_val_mae=0.03476973
[worker1/operator_darcy_student_lift_v2_gpu1] [operator_darcy_student_lift_v2/sample_ft_l003_w15_d45_90_lr2e4] [operator][epoch 009] lambda=0.0000 train_mse=0.01093403 val_mse=0.01744794 val_mae=0.09965698 | peer_val_mse=0.00281644 peer_val_mae=0.03476973
[worker1/operator_darcy_student_lift_v2_gpu1] [operator_darcy_student_lift_v2/sample_ft_l003_w15_d45_90_lr2e4] [operator][epoch 010] lambda=0.0000 train_mse=0.01057295 val_mse=0.01744776 val_mae=0.10004503 | peer_val_mse=0.00281644 peer_val_mae=0.03476973
[worker1/operator_darcy_student_lift_v2_gpu1] [operator_darcy_student_lift_v2/sample_ft_l003_w15_d45_90_lr2e4] [operator][epoch 011] lambda=0.0000 train_mse=0.01068353 val_mse=0.01834638 val_mae=0.10182404 | peer_val_mse=0.00281644 peer_val_mae=0.03476973
[worker1/operator_darcy_student_lift_v2_gpu1] [operator_darcy_student_lift_v2/sample_ft_l003_w15_d45_90_lr2e4] [operator][epoch 012] lambda=0.0000 train_mse=0.01099964 val_mse=0.01728252 val_mae=0.09899706 | peer_val_mse=0.00281644 peer_val_mae=0.03476973
[worker1/operator_darcy_student_lift_v2_gpu1] [operator_darcy_student_lift_v2/sample_ft_l003_w15_d45_90_lr2e4] [operator][epoch 013] lambda=0.0000 train_mse=0.01058359 val_mse=0.01732403 val_mae=0.09914393 | peer_val_mse=0.00281644 peer_val_mae=0.03476973
[worker1/operator_darcy_student_lift_v2_gpu1] [operator_darcy_student_lift_v2/sample_ft_l003_w15_d45_90_lr2e4] [operator][epoch 014] lambda=0.0000 train_mse=0.01038300 val_mse=0.01802543 val_mae=0.10134093 | peer_val_mse=0.00281644 peer_val_mae=0.03476973
[worker1/operator_darcy_student_lift_v2_gpu1] [operator_darcy_student_lift_v2/sample_ft_l003_w15_d45_90_lr2e4] [operator][epoch 015] lambda=0.0000 train_mse=0.01061793 val_mse=0.01655931 val_mae=0.09691607 | peer_val_mse=0.00281644 peer_val_mae=0.03476973
[worker1/operator_burgers_student_lift_v2_gpu0] [operator_burgers_student_lift_v2/elem_ft_l003_w25_d70_130_lr4e4] [operator][epoch 038] lambda=0.0300 train_mse=0.00864135 val_mse=0.01314458 val_mae=0.07218477 | peer_val_mse=0.00001139 peer_val_mae=0.00234510
[worker1/operator_burgers_student_lift_v2_gpu0] [operator_burgers_student_lift_v2/elem_ft_l003_w25_d70_130_lr4e4] [operator][epoch 039] lambda=0.0300 train_mse=0.01032833 val_mse=0.01194144 val_mae=0.07016030 | peer_val_mse=0.00001139 peer_val_mae=0.00234510
[worker1/operator_burgers_student_lift_v2_gpu0] [operator_burgers_student_lift_v2/elem_ft_l003_w25_d70_130_lr4e4] [operator][epoch 040] lambda=0.0300 train_mse=0.01013897 val_mse=0.01189701 val_mae=0.07128037 | peer_val_mse=0.00001139 peer_val_mae=0.00234510
[worker1/operator_burgers_student_lift_v2_gpu0] [operator_burgers_student_lift_v2/elem_ft_l003_w25_d70_130_lr4e4] [operator][epoch 040] updated live plot
[worker1/operator_burgers_student_lift_v2_gpu0] [operator_burgers_student_lift_v2/elem_ft_l003_w25_d70_130_lr4e4] [operator][epoch 041] lambda=0.0300 train_mse=0.00876392 val_mse=0.01085078 val_mae=0.06414914 | peer_val_mse=0.00001139 peer_val_mae=0.00234510
[worker1/operator_burgers_student_lift_v2_gpu0] [operator_burgers_student_lift_v2/elem_ft_l003_w25_d70_130_lr4e4] [operator][epoch 042] lambda=0.0300 train_mse=0.00908782 val_mse=0.01231491 val_mae=0.07014026 | peer_val_mse=0.00001139 peer_val_mae=0.00234510
[worker1/operator_burgers_student_lift_v2_gpu0] [operator_burgers_student_lift_v2/elem_ft_l003_w25_d70_130_lr4e4] [operator][epoch 043] lambda=0.0300 train_mse=0.00935536 val_mse=0.01129778 val_mae=0.06569795 | peer_val_mse=0.00001139 peer_val_mae=0.00234510
[worker1/operator_burgers_student_lift_v2_gpu0] [operator_burgers_student_lift_v2/elem_ft_l003_w25_d70_130_lr4e4] [operator][epoch 044] lambda=0.0300 train_mse=0.00975188 val_mse=0.00995475 val_mae=0.05742909 | peer_val_mse=0.00001139 peer_val_mae=0.00234510
[worker1/operator_burgers_student_lift_v2_gpu0] [operator_burgers_student_lift_v2/elem_ft_l003_w25_d70_130_lr4e4] [operator][epoch 045] lambda=0.0300 train_mse=0.00773786 val_mse=0.00997684 val_mae=0.05709712 | peer_val_mse=0.00001139 peer_val_mae=0.00234510
[worker1/operator_burgers_student_lift_v2_gpu0] [operator_burgers_student_lift_v2/elem_ft_l003_w25_d70_130_lr4e4] [operator][epoch 046] lambda=0.0300 train_mse=0.00885247 val_mse=0.01202222 val_mae=0.07034682 | peer_val_mse=0.00001139 peer_val_mae=0.00234510
[worker1/operator_burgers_student_lift_v2_gpu0] [operator_burgers_student_lift_v2/elem_ft_l003_w25_d70_130_lr4e4] [operator][epoch 047] lambda=0.0300 train_mse=0.00789839 val_mse=0.01048467 val_mae=0.05944615 | peer_val_mse=0.00001139 peer_val_mae=0.00234510
[worker1/operator_burgers_student_lift_v2_gpu0] [operator_burgers_student_lift_v2/elem_ft_l003_w25_d70_130_lr4e4] [operator][epoch 048] lambda=0.0300 train_mse=0.00737014 val_mse=0.00966644 val_mae=0.05570900 | peer_val_mse=0.00001139 peer_val_mae=0.00234510
[worker1/operator_burgers_student_lift_v2_gpu0] [operator_burgers_student_lift_v2/elem_ft_l003_w25_d70_130_lr4e4] [operator][epoch 049] lambda=0.0300 train_mse=0.00718298 val_mse=0.00995423 val_mae=0.05963276 | peer_val_mse=0.00001139 peer_val_mae=0.00234510
[worker1/operator_burgers_student_lift_v2_gpu0] [operator_burgers_student_lift_v2/elem_ft_l003_w25_d70_130_lr4e4] [operator][epoch 050] lambda=0.0300 train_mse=0.00753287 val_mse=0.00981612 val_mae=0.05573957 | peer_val_mse=0.00001139 peer_val_mae=0.00234510
[worker1/operator_burgers_student_lift_v2_gpu0] [operator_burgers_student_lift_v2/elem_ft_l003_w25_d70_130_lr4e4] [operator][epoch 051] lambda=0.0300 train_mse=0.00921229 val_mse=0.01051450 val_mae=0.06371173 | peer_val_mse=0.00001139 peer_val_mae=0.00234510
[worker1/operator_burgers_student_lift_v2_gpu0] [operator_burgers_student_lift_v2/elem_ft_l003_w25_d70_130_lr4e4] [operator][epoch 052] lambda=0.0300 train_mse=0.00961616 val_mse=0.01182915 val_mae=0.06865324 | peer_val_mse=0.00001139 peer_val_mae=0.00234510
[worker1/operator_burgers_student_lift_v2_gpu0] [operator_burgers_student_lift_v2/elem_ft_l003_w25_d70_130_lr4e4] [operator][epoch 053] lambda=0.0300 train_mse=0.00997445 val_mse=0.01147208 val_mae=0.06830559 | peer_val_mse=0.00001139 peer_val_mae=0.00234510
[worker1/operator_burgers_student_lift_v2_gpu0] [operator_burgers_student_lift_v2/elem_ft_l003_w25_d70_130_lr4e4] [operator][epoch 054] lambda=0.0300 train_mse=0.00877861 val_mse=0.01217103 val_mae=0.06933449 | peer_val_mse=0.00001139 peer_val_mae=0.00234510
[worker1/operator_burgers_student_lift_v2_gpu0] [operator_burgers_student_lift_v2/elem_ft_l003_w25_d70_130_lr4e4] [operator][epoch 055] lambda=0.0300 train_mse=0.00806663 val_mse=0.01334687 val_mae=0.06880873 | peer_val_mse=0.00001139 peer_val_mae=0.00234510
[worker1/operator_burgers_student_lift_v2_gpu0] [operator_burgers_student_lift_v2/elem_ft_l003_w25_d70_130_lr4e4] [operator][epoch 056] lambda=0.0300 train_mse=0.00861165 val_mse=0.00970721 val_mae=0.05462223 | peer_val_mse=0.00001139 peer_val_mae=0.00234510
[worker1/operator_burgers_student_lift_v2_gpu0] [operator_burgers_student_lift_v2/elem_ft_l003_w25_d70_130_lr4e4] [operator][epoch 057] lambda=0.0300 train_mse=0.00927155 val_mse=0.00971164 val_mae=0.05816810 | peer_val_mse=0.00001139 peer_val_mae=0.00234510
[worker1/operator_burgers_student_lift_v2_gpu0] [operator_burgers_student_lift_v2/elem_ft_l003_w25_d70_130_lr4e4] [operator][epoch 058] lambda=0.0300 train_mse=0.00842324 val_mse=0.01032369 val_mae=0.06056484 | peer_val_mse=0.00001139 peer_val_mae=0.00234510
[worker1/operator_burgers_student_lift_v2_gpu0] [operator_burgers_student_lift_v2/elem_ft_l003_w25_d70_130_lr4e4] [operator][epoch 059] lambda=0.0300 train_mse=0.00824489 val_mse=0.01048723 val_mae=0.05887770 | peer_val_mse=0.00001139 peer_val_mae=0.00234510
[worker1/operator_burgers_student_lift_v2_gpu0] [operator_burgers_student_lift_v2/elem_ft_l003_w25_d70_130_lr4e4] [operator][epoch 060] lambda=0.0300 train_mse=0.00713282 val_mse=0.00900634 val_mae=0.05680057 | peer_val_mse=0.00001139 peer_val_mae=0.00234510
[worker1/operator_burgers_student_lift_v2_gpu0] [operator_burgers_student_lift_v2/elem_ft_l003_w25_d70_130_lr4e4] [operator][epoch 060] updated live plot
[worker1/operator_burgers_student_lift_v2_gpu0] [operator_burgers_student_lift_v2/elem_ft_l003_w25_d70_130_lr4e4] [operator][epoch 061] lambda=0.0300 train_mse=0.00928774 val_mse=0.01127509 val_mae=0.06603224 | peer_val_mse=0.00001139 peer_val_mae=0.00234510
[worker1/operator_burgers_student_lift_v2_gpu0] [operator_burgers_student_lift_v2/elem_ft_l003_w25_d70_130_lr4e4] [operator][epoch 062] lambda=0.0300 train_mse=0.00721125 val_mse=0.00861319 val_mae=0.05175533 | peer_val_mse=0.00001139 peer_val_mae=0.00234510
[worker1/operator_burgers_student_lift_v2_gpu0] [operator_burgers_student_lift_v2/elem_ft_l003_w25_d70_130_lr4e4] [operator][epoch 063] lambda=0.0300 train_mse=0.00635630 val_mse=0.00849293 val_mae=0.05087772 | peer_val_mse=0.00001139 peer_val_mae=0.00234510
[worker1/operator_burgers_student_lift_v2_gpu0] [operator_burgers_student_lift_v2/elem_ft_l003_w25_d70_130_lr4e4] [operator][epoch 064] lambda=0.0300 train_mse=0.00650328 val_mse=0.00823813 val_mae=0.05029841 | peer_val_mse=0.00001139 peer_val_mae=0.00234510
[worker1/operator_burgers_student_lift_v2_gpu0] [operator_burgers_student_lift_v2/elem_ft_l003_w25_d70_130_lr4e4] [operator][epoch 065] lambda=0.0300 train_mse=0.00771577 val_mse=0.01057386 val_mae=0.06022260 | peer_val_mse=0.00001139 peer_val_mae=0.00234510
[worker1/operator_burgers_student_lift_v2_gpu0] [operator_burgers_student_lift_v2/elem_ft_l003_w25_d70_130_lr4e4] [operator][epoch 066] lambda=0.0300 train_mse=0.00854393 val_mse=0.01062415 val_mae=0.05878308 | peer_val_mse=0.00001139 peer_val_mae=0.00234510
[worker1/operator_burgers_student_lift_v2_gpu0] [operator_burgers_student_lift_v2/elem_ft_l003_w25_d70_130_lr4e4] [operator][epoch 067] lambda=0.0300 train_mse=0.00935760 val_mse=0.01239591 val_mae=0.06666310 | peer_val_mse=0.00001139 peer_val_mae=0.00234510
[worker1/operator_burgers_student_lift_v2_gpu0] [operator_burgers_student_lift_v2/elem_ft_l003_w25_d70_130_lr4e4] [operator][epoch 068] lambda=0.0300 train_mse=0.00771236 val_mse=0.00880035 val_mae=0.05635955 | peer_val_mse=0.00001139 peer_val_mae=0.00234510
[worker1/operator_burgers_student_lift_v2_gpu0] [operator_burgers_student_lift_v2/elem_ft_l003_w25_d70_130_lr4e4] [operator][epoch 069] lambda=0.0300 train_mse=0.00660456 val_mse=0.00989035 val_mae=0.05978850 | peer_val_mse=0.00001139 peer_val_mae=0.00234510
[worker1/operator_burgers_student_lift_v2_gpu0] [operator_burgers_student_lift_v2/elem_ft_l003_w25_d70_130_lr4e4] [operator][epoch 070] lambda=0.0300 train_mse=0.00712019 val_mse=0.00901093 val_mae=0.05200870 | peer_val_mse=0.00001139 peer_val_mae=0.00234510
[worker1/operator_burgers_student_lift_v2_gpu0] [operator_burgers_student_lift_v2/elem_ft_l003_w25_d70_130_lr4e4] [operator][epoch 071] lambda=0.0295 train_mse=0.00745521 val_mse=0.00926130 val_mae=0.05366650 | peer_val_mse=0.00001139 peer_val_mae=0.00234510
[worker1/operator_burgers_student_lift_v2_gpu0] [operator_burgers_student_lift_v2/elem_ft_l003_w25_d70_130_lr4e4] [operator][epoch 072] lambda=0.0291 train_mse=0.00734789 val_mse=0.00986144 val_mae=0.06068468 | peer_val_mse=0.00001139 peer_val_mae=0.00234510
[worker1/operator_burgers_student_lift_v2_gpu0] [operator_burgers_student_lift_v2/elem_ft_l003_w25_d70_130_lr4e4] [operator][epoch 073] lambda=0.0286 train_mse=0.00696079 val_mse=0.00808499 val_mae=0.04950378 | peer_val_mse=0.00001139 peer_val_mae=0.00234510
[worker1/operator_burgers_student_lift_v2_gpu0] [operator_burgers_student_lift_v2/elem_ft_l003_w25_d70_130_lr4e4] [operator][epoch 074] lambda=0.0282 train_mse=0.00669835 val_mse=0.01005913 val_mae=0.06151139 | peer_val_mse=0.00001139 peer_val_mae=0.00234510
[worker1/operator_burgers_student_lift_v2_gpu0] [operator_burgers_student_lift_v2/elem_ft_l003_w25_d70_130_lr4e4] [operator][epoch 075] lambda=0.0278 train_mse=0.00699534 val_mse=0.00870081 val_mae=0.05267812 | peer_val_mse=0.00001139 peer_val_mae=0.00234510
[worker1/operator_burgers_student_lift_v2_gpu0] [operator_burgers_student_lift_v2/elem_ft_l003_w25_d70_130_lr4e4] [operator][epoch 076] lambda=0.0273 train_mse=0.00627399 val_mse=0.00810950 val_mae=0.05140990 | peer_val_mse=0.00001139 peer_val_mae=0.00234510
[worker1/operator_burgers_student_lift_v2_gpu0] [operator_burgers_student_lift_v2/elem_ft_l003_w25_d70_130_lr4e4] [operator][epoch 077] lambda=0.0268 train_mse=0.00657810 val_mse=0.01073162 val_mae=0.06077871 | peer_val_mse=0.00001139 peer_val_mae=0.00234510
[worker1/operator_burgers_student_lift_v2_gpu0] [operator_burgers_student_lift_v2/elem_ft_l003_w25_d70_130_lr4e4] [operator][epoch 078] lambda=0.0264 train_mse=0.00715451 val_mse=0.01051383 val_mae=0.05967214 | peer_val_mse=0.00001139 peer_val_mae=0.00234510
[worker1/operator_burgers_student_lift_v2_gpu0] [operator_burgers_student_lift_v2/elem_ft_l003_w25_d70_130_lr4e4] [operator][epoch 079] lambda=0.0259 train_mse=0.00724702 val_mse=0.00919972 val_mae=0.05682135 | peer_val_mse=0.00001139 peer_val_mae=0.00234510
[worker1/operator_burgers_student_lift_v2_gpu0] [operator_burgers_student_lift_v2/elem_ft_l003_w25_d70_130_lr4e4] [operator][epoch 080] lambda=0.0255 train_mse=0.00808192 val_mse=0.00871614 val_mae=0.05455741 | peer_val_mse=0.00001139 peer_val_mae=0.00234510
[worker1/operator_burgers_student_lift_v2_gpu0] [operator_burgers_student_lift_v2/elem_ft_l003_w25_d70_130_lr4e4] [operator][epoch 080] updated live plot
[worker1/operator_burgers_student_lift_v2_gpu0] [operator_burgers_student_lift_v2/elem_ft_l003_w25_d70_130_lr4e4] [operator][epoch 081] lambda=0.0250 train_mse=0.00691090 val_mse=0.00799004 val_mae=0.05025999 | peer_val_mse=0.00001139 peer_val_mae=0.00234510
[worker1/operator_burgers_student_lift_v2_gpu0] [operator_burgers_student_lift_v2/elem_ft_l003_w25_d70_130_lr4e4] [operator][epoch 082] lambda=0.0246 train_mse=0.00728785 val_mse=0.01468643 val_mae=0.06915856 | peer_val_mse=0.00001139 peer_val_mae=0.00234510
[worker1/operator_burgers_student_lift_v2_gpu0] [operator_burgers_student_lift_v2/elem_ft_l003_w25_d70_130_lr4e4] [operator][epoch 083] lambda=0.0241 train_mse=0.00982223 val_mse=0.01028894 val_mae=0.06388444 | peer_val_mse=0.00001139 peer_val_mae=0.00234510
[worker1/operator_burgers_student_lift_v2_gpu0] [operator_burgers_student_lift_v2/elem_ft_l003_w25_d70_130_lr4e4] [operator][epoch 084] lambda=0.0237 train_mse=0.01042178 val_mse=0.01264820 val_mae=0.07147916 | peer_val_mse=0.00001139 peer_val_mae=0.00234510
[worker1/operator_burgers_student_lift_v2_gpu0] [operator_burgers_student_lift_v2/elem_ft_l003_w25_d70_130_lr4e4] [operator][epoch 085] lambda=0.0232 train_mse=0.00801542 val_mse=0.00902365 val_mae=0.05435263 | peer_val_mse=0.00001139 peer_val_mae=0.00234510
[worker1/operator_burgers_student_lift_v2_gpu0] [operator_burgers_student_lift_v2/elem_ft_l003_w25_d70_130_lr4e4] [operator][epoch 086] lambda=0.0228 train_mse=0.00609969 val_mse=0.00823999 val_mae=0.05086401 | peer_val_mse=0.00001139 peer_val_mae=0.00234510
[worker1/operator_burgers_student_lift_v2_gpu0] [operator_burgers_student_lift_v2/elem_ft_l003_w25_d70_130_lr4e4] [operator][epoch 087] lambda=0.0223 train_mse=0.00680995 val_mse=0.01159420 val_mae=0.06211714 | peer_val_mse=0.00001139 peer_val_mae=0.00234510
[worker1/operator_burgers_student_lift_v2_gpu0] [operator_burgers_student_lift_v2/elem_ft_l003_w25_d70_130_lr4e4] [operator][epoch 088] lambda=0.0219 train_mse=0.00739089 val_mse=0.00846991 val_mae=0.05261652 | peer_val_mse=0.00001139 peer_val_mae=0.00234510
[worker1/operator_burgers_student_lift_v2_gpu0] [operator_burgers_student_lift_v2/elem_ft_l003_w25_d70_130_lr4e4] [operator][epoch 089] lambda=0.0215 train_mse=0.00730947 val_mse=0.00841547 val_mae=0.05235771 | peer_val_mse=0.00001139 peer_val_mae=0.00234510
[worker1/operator_burgers_student_lift_v2_gpu0] [operator_burgers_student_lift_v2/elem_ft_l003_w25_d70_130_lr4e4] [operator][epoch 090] lambda=0.0210 train_mse=0.00658523 val_mse=0.00834306 val_mae=0.05107282 | peer_val_mse=0.00001139 peer_val_mae=0.00234510
[worker1/operator_burgers_student_lift_v2_gpu0] [operator_burgers_student_lift_v2/elem_ft_l003_w25_d70_130_lr4e4] [operator][epoch 091] lambda=0.0206 train_mse=0.00642335 val_mse=0.01022757 val_mae=0.05718694 | peer_val_mse=0.00001139 peer_val_mae=0.00234510
[worker1/operator_burgers_student_lift_v2_gpu0] [operator_burgers_student_lift_v2/elem_ft_l003_w25_d70_130_lr4e4] [operator][epoch 092] lambda=0.0201 train_mse=0.00660323 val_mse=0.00775876 val_mae=0.05012851 | peer_val_mse=0.00001139 peer_val_mae=0.00234510
[worker1/operator_burgers_student_lift_v2_gpu0] [operator_burgers_student_lift_v2/elem_ft_l003_w25_d70_130_lr4e4] [operator][epoch 093] lambda=0.0197 train_mse=0.00581182 val_mse=0.00816966 val_mae=0.05015158 | peer_val_mse=0.00001139 peer_val_mae=0.00234510
[worker1/operator_burgers_student_lift_v2_gpu0] [operator_burgers_student_lift_v2/elem_ft_l003_w25_d70_130_lr4e4] [operator][epoch 094] lambda=0.0192 train_mse=0.00656689 val_mse=0.00929320 val_mae=0.05572863 | peer_val_mse=0.00001139 peer_val_mae=0.00234510
[worker1/operator_burgers_student_lift_v2_gpu0] [operator_burgers_student_lift_v2/elem_ft_l003_w25_d70_130_lr4e4] [operator][epoch 095] lambda=0.0187 train_mse=0.00958507 val_mse=0.01775687 val_mae=0.08819270 | peer_val_mse=0.00001139 peer_val_mae=0.00234510
[worker1/operator_burgers_student_lift_v2_gpu0] [operator_burgers_student_lift_v2/elem_ft_l003_w25_d70_130_lr4e4] [operator][epoch 096] lambda=0.0183 train_mse=0.01247930 val_mse=0.01045600 val_mae=0.06186064 | peer_val_mse=0.00001139 peer_val_mae=0.00234510
[worker1/operator_burgers_student_lift_v2_gpu0] [operator_burgers_student_lift_v2/elem_ft_l003_w25_d70_130_lr4e4] [operator][epoch 097] lambda=0.0178 train_mse=0.00985413 val_mse=0.01471435 val_mae=0.08064487 | peer_val_mse=0.00001139 peer_val_mae=0.00234510
[worker1/operator_burgers_student_lift_v2_gpu0] [operator_burgers_student_lift_v2/elem_ft_l003_w25_d70_130_lr4e4] [operator][epoch 098] lambda=0.0174 train_mse=0.00877195 val_mse=0.00902855 val_mae=0.05435683 | peer_val_mse=0.00001139 peer_val_mae=0.00234510
[worker1/operator_burgers_student_lift_v2_gpu0] [operator_burgers_student_lift_v2/elem_ft_l003_w25_d70_130_lr4e4] [operator][epoch 099] lambda=0.0169 train_mse=0.00770156 val_mse=0.00861579 val_mae=0.05254983 | peer_val_mse=0.00001139 peer_val_mae=0.00234510
[worker1/operator_burgers_student_lift_v2_gpu0] [operator_burgers_student_lift_v2/elem_ft_l003_w25_d70_130_lr4e4] [operator][epoch 100] lambda=0.0165 train_mse=0.00671456 val_mse=0.01006100 val_mae=0.05983932 | peer_val_mse=0.00001139 peer_val_mae=0.00234510
[worker1/operator_burgers_student_lift_v2_gpu0] [operator_burgers_student_lift_v2/elem_ft_l003_w25_d70_130_lr4e4] [operator][epoch 100] updated live plot
[worker1/operator_burgers_student_lift_v2_gpu0] [operator_burgers_student_lift_v2/elem_ft_l003_w25_d70_130_lr4e4] [operator][epoch 101] lambda=0.0160 train_mse=0.00628257 val_mse=0.00771364 val_mae=0.04741709 | peer_val_mse=0.00001139 peer_val_mae=0.00234510
[worker1/operator_burgers_student_lift_v2_gpu0] [operator_burgers_student_lift_v2/elem_ft_l003_w25_d70_130_lr4e4] [operator][epoch 102] lambda=0.0156 train_mse=0.00582173 val_mse=0.00763056 val_mae=0.04846088 | peer_val_mse=0.00001139 peer_val_mae=0.00234510
[worker1/operator_burgers_student_lift_v2_gpu0] [operator_burgers_student_lift_v2/elem_ft_l003_w25_d70_130_lr4e4] [operator][epoch 103] lambda=0.0151 train_mse=0.00630940 val_mse=0.01006091 val_mae=0.05530428 | peer_val_mse=0.00001139 peer_val_mae=0.00234510
[worker1/operator_burgers_student_lift_v2_gpu0] [operator_burgers_student_lift_v2/elem_ft_l003_w25_d70_130_lr4e4] [operator][epoch 104] lambda=0.0147 train_mse=0.00620323 val_mse=0.00735060 val_mae=0.04655477 | peer_val_mse=0.00001139 peer_val_mae=0.00234510
[worker1/operator_burgers_student_lift_v2_gpu0] [operator_burgers_student_lift_v2/elem_ft_l003_w25_d70_130_lr4e4] [operator][epoch 105] lambda=0.0142 train_mse=0.00631933 val_mse=0.00800091 val_mae=0.05050482 | peer_val_mse=0.00001139 peer_val_mae=0.00234510
[worker1/operator_burgers_student_lift_v2_gpu0] [operator_burgers_student_lift_v2/elem_ft_l003_w25_d70_130_lr4e4] [operator][epoch 106] lambda=0.0138 train_mse=0.00630764 val_mse=0.00909574 val_mae=0.05323816 | peer_val_mse=0.00001139 peer_val_mae=0.00234510
[worker1/operator_burgers_student_lift_v2_gpu0] [operator_burgers_student_lift_v2/elem_ft_l003_w25_d70_130_lr4e4] [operator][epoch 107] lambda=0.0133 train_mse=0.00772001 val_mse=0.00883416 val_mae=0.05559115 | peer_val_mse=0.00001139 peer_val_mae=0.00234510
[worker1/operator_burgers_student_lift_v2_gpu0] [operator_burgers_student_lift_v2/elem_ft_l003_w25_d70_130_lr4e4] [operator][epoch 108] lambda=0.0129 train_mse=0.00642201 val_mse=0.00812371 val_mae=0.05048675 | peer_val_mse=0.00001139 peer_val_mae=0.00234510
[worker1/operator_burgers_student_lift_v2_gpu0] [operator_burgers_student_lift_v2/elem_ft_l003_w25_d70_130_lr4e4] [operator][epoch 109] lambda=0.0124 train_mse=0.00601282 val_mse=0.00743235 val_mae=0.04679146 | peer_val_mse=0.00001139 peer_val_mae=0.00234510
[worker1/operator_burgers_student_lift_v2_gpu0] [operator_burgers_student_lift_v2/elem_ft_l003_w25_d70_130_lr4e4] [operator][epoch 110] lambda=0.0120 train_mse=0.00604317 val_mse=0.00778382 val_mae=0.04823499 | peer_val_mse=0.00001139 peer_val_mae=0.00234510
[worker1/operator_burgers_student_lift_v2_gpu0] [operator_burgers_student_lift_v2/elem_ft_l003_w25_d70_130_lr4e4] [operator][epoch 111] lambda=0.0115 train_mse=0.00793067 val_mse=0.01149661 val_mae=0.06454093 | peer_val_mse=0.00001139 peer_val_mae=0.00234510
[worker1/operator_burgers_student_lift_v2_gpu0] [operator_burgers_student_lift_v2/elem_ft_l003_w25_d70_130_lr4e4] [operator][epoch 112] lambda=0.0111 train_mse=0.00735379 val_mse=0.00840347 val_mae=0.05234393 | peer_val_mse=0.00001139 peer_val_mae=0.00234510
[worker1/operator_burgers_student_lift_v2_gpu0] [operator_burgers_student_lift_v2/elem_ft_l003_w25_d70_130_lr4e4] [operator][epoch 113] lambda=0.0106 train_mse=0.00660865 val_mse=0.00938920 val_mae=0.05385946 | peer_val_mse=0.00001139 peer_val_mae=0.00234510
[worker1/operator_burgers_student_lift_v2_gpu0] [operator_burgers_student_lift_v2/elem_ft_l003_w25_d70_130_lr4e4] [operator][epoch 114] lambda=0.0102 train_mse=0.00672417 val_mse=0.00822425 val_mae=0.04942703 | peer_val_mse=0.00001139 peer_val_mae=0.00234510
[worker1/operator_burgers_student_lift_v2_gpu0] [operator_burgers_student_lift_v2/elem_ft_l003_w25_d70_130_lr4e4] [operator][epoch 115] lambda=0.0097 train_mse=0.00682439 val_mse=0.00955405 val_mae=0.05557136 | peer_val_mse=0.00001139 peer_val_mae=0.00234510
[worker1/operator_burgers_student_lift_v2_gpu0] [operator_burgers_student_lift_v2/elem_ft_l003_w25_d70_130_lr4e4] [operator][epoch 116] lambda=0.0093 train_mse=0.00652141 val_mse=0.00794966 val_mae=0.04760030 | peer_val_mse=0.00001139 peer_val_mae=0.00234510
[worker1/operator_burgers_student_lift_v2_gpu0] [operator_burgers_student_lift_v2/elem_ft_l003_w25_d70_130_lr4e4] [operator][epoch 117] lambda=0.0089 train_mse=0.00557184 val_mse=0.00713911 val_mae=0.04428578 | peer_val_mse=0.00001139 peer_val_mae=0.00234510
[worker1/operator_burgers_student_lift_v2_gpu0] [operator_burgers_student_lift_v2/elem_ft_l003_w25_d70_130_lr4e4] [operator][epoch 118] lambda=0.0084 train_mse=0.00548437 val_mse=0.00761049 val_mae=0.04732849 | peer_val_mse=0.00001139 peer_val_mae=0.00234510
[worker1/operator_burgers_student_lift_v2_gpu0] [operator_burgers_student_lift_v2/elem_ft_l003_w25_d70_130_lr4e4] [operator][epoch 119] lambda=0.0080 train_mse=0.00622941 val_mse=0.01000223 val_mae=0.06006500 | peer_val_mse=0.00001139 peer_val_mae=0.00234510
[worker1/operator_burgers_student_lift_v2_gpu0] [operator_burgers_student_lift_v2/elem_ft_l003_w25_d70_130_lr4e4] [operator][epoch 120] lambda=0.0075 train_mse=0.00672245 val_mse=0.00798484 val_mae=0.05084910 | peer_val_mse=0.00001139 peer_val_mae=0.00234510
[worker1/operator_burgers_student_lift_v2_gpu0] [operator_burgers_student_lift_v2/elem_ft_l003_w25_d70_130_lr4e4] [operator][epoch 120] updated live plot
[worker1/operator_burgers_student_lift_v2_gpu0] [operator_burgers_student_lift_v2/elem_ft_l003_w25_d70_130_lr4e4] [operator][epoch 121] lambda=0.0070 train_mse=0.00617683 val_mse=0.00861760 val_mae=0.05530099 | peer_val_mse=0.00001139 peer_val_mae=0.00234510
[worker1/operator_burgers_student_lift_v2_gpu0] [operator_burgers_student_lift_v2/elem_ft_l003_w25_d70_130_lr4e4] [operator][epoch 122] lambda=0.0066 train_mse=0.00704824 val_mse=0.00777681 val_mae=0.04873834 | peer_val_mse=0.00001139 peer_val_mae=0.00234510
[worker1/operator_burgers_student_lift_v2_gpu0] [operator_burgers_student_lift_v2/elem_ft_l003_w25_d70_130_lr4e4] [operator][epoch 123] lambda=0.0061 train_mse=0.00547181 val_mse=0.00739827 val_mae=0.04566642 | peer_val_mse=0.00001139 peer_val_mae=0.00234510
[worker1/operator_burgers_student_lift_v2_gpu0] [operator_burgers_student_lift_v2/elem_ft_l003_w25_d70_130_lr4e4] [operator][epoch 124] lambda=0.0057 train_mse=0.00617869 val_mse=0.00753036 val_mae=0.04769528 | peer_val_mse=0.00001139 peer_val_mae=0.00234510
[worker1/operator_burgers_student_lift_v2_gpu0] [operator_burgers_student_lift_v2/elem_ft_l003_w25_d70_130_lr4e4] [operator][epoch 125] lambda=0.0053 train_mse=0.00576598 val_mse=0.00803763 val_mae=0.04890352 | peer_val_mse=0.00001139 peer_val_mae=0.00234510
[worker1/operator_burgers_student_lift_v2_gpu0] [operator_burgers_student_lift_v2/elem_ft_l003_w25_d70_130_lr4e4] [operator][epoch 126] lambda=0.0048 train_mse=0.00594328 val_mse=0.00754380 val_mae=0.04803219 | peer_val_mse=0.00001139 peer_val_mae=0.00234510
[worker1/operator_burgers_student_lift_v2_gpu0] [operator_burgers_student_lift_v2/elem_ft_l003_w25_d70_130_lr4e4] [operator][epoch 127] lambda=0.0044 train_mse=0.00583762 val_mse=0.00869259 val_mae=0.05290523 | peer_val_mse=0.00001139 peer_val_mae=0.00234510
[worker1/operator_darcy_student_lift_v2_gpu1] [operator_darcy_student_lift_v2/sample_ft_l003_w15_d45_90_lr2e4] [operator][epoch 016] lambda=0.0300 train_mse=0.01257687 val_mse=0.01855270 val_mae=0.10340012 | peer_val_mse=0.00281644 peer_val_mae=0.03476973
[worker1/operator_darcy_student_lift_v2_gpu1] [operator_darcy_student_lift_v2/sample_ft_l003_w15_d45_90_lr2e4] [operator][epoch 017] lambda=0.0300 train_mse=0.01241594 val_mse=0.01798936 val_mae=0.10132340 | peer_val_mse=0.00281644 peer_val_mae=0.03476973
[worker1/operator_darcy_student_lift_v2_gpu1] [operator_darcy_student_lift_v2/sample_ft_l003_w15_d45_90_lr2e4] [operator][epoch 018] lambda=0.0300 train_mse=0.01089450 val_mse=0.01659485 val_mae=0.09730266 | peer_val_mse=0.00281644 peer_val_mae=0.03476973
[worker1/operator_darcy_student_lift_v2_gpu1] [operator_darcy_student_lift_v2/sample_ft_l003_w15_d45_90_lr2e4] [operator][epoch 019] lambda=0.0300 train_mse=0.01095426 val_mse=0.01730988 val_mae=0.09919789 | peer_val_mse=0.00281644 peer_val_mae=0.03476973
[worker1/operator_darcy_student_lift_v2_gpu1] [operator_darcy_student_lift_v2/sample_ft_l003_w15_d45_90_lr2e4] [operator][epoch 020] lambda=0.0300 train_mse=0.01001467 val_mse=0.01638649 val_mae=0.09616514 | peer_val_mse=0.00281644 peer_val_mae=0.03476973
[worker1/operator_darcy_student_lift_v2_gpu1] [operator_darcy_student_lift_v2/sample_ft_l003_w15_d45_90_lr2e4] [operator][epoch 020] updated live plot
[worker1/operator_darcy_student_lift_v2_gpu1] [operator_darcy_student_lift_v2/sample_ft_l003_w15_d45_90_lr2e4] [operator][epoch 021] lambda=0.0300 train_mse=0.01013723 val_mse=0.01650809 val_mae=0.09634201 | peer_val_mse=0.00281644 peer_val_mae=0.03476973
[worker1/operator_darcy_student_lift_v2_gpu1] [operator_darcy_student_lift_v2/sample_ft_l003_w15_d45_90_lr2e4] [operator][epoch 022] lambda=0.0300 train_mse=0.01025888 val_mse=0.01692274 val_mae=0.09893823 | peer_val_mse=0.00281644 peer_val_mae=0.03476973
[worker1/operator_darcy_student_lift_v2_gpu1] [operator_darcy_student_lift_v2/sample_ft_l003_w15_d45_90_lr2e4] [operator][epoch 023] lambda=0.0300 train_mse=0.01024136 val_mse=0.01757205 val_mae=0.09993439 | peer_val_mse=0.00281644 peer_val_mae=0.03476973
[worker1/operator_darcy_student_lift_v2_gpu1] [operator_darcy_student_lift_v2/sample_ft_l003_w15_d45_90_lr2e4] [operator][epoch 024] lambda=0.0300 train_mse=0.01171879 val_mse=0.01847694 val_mae=0.10315172 | peer_val_mse=0.00281644 peer_val_mae=0.03476973
[worker1/operator_darcy_student_lift_v2_gpu1] [operator_darcy_student_lift_v2/sample_ft_l003_w15_d45_90_lr2e4] [operator][epoch 025] lambda=0.0300 train_mse=0.01071428 val_mse=0.01789106 val_mae=0.10161955 | peer_val_mse=0.00281644 peer_val_mae=0.03476973
[worker1/operator_darcy_student_lift_v2_gpu1] [operator_darcy_student_lift_v2/sample_ft_l003_w15_d45_90_lr2e4] [operator][epoch 026] lambda=0.0300 train_mse=0.01046566 val_mse=0.01686707 val_mae=0.09790369 | peer_val_mse=0.00281644 peer_val_mae=0.03476973
[worker1/operator_darcy_student_lift_v2_gpu1] [operator_darcy_student_lift_v2/sample_ft_l003_w15_d45_90_lr2e4] [operator][epoch 027] lambda=0.0300 train_mse=0.00974409 val_mse=0.01701772 val_mae=0.09807719 | peer_val_mse=0.00281644 peer_val_mae=0.03476973
[worker1/operator_darcy_student_lift_v2_gpu1] [operator_darcy_student_lift_v2/sample_ft_l003_w15_d45_90_lr2e4] [operator][epoch 028] lambda=0.0300 train_mse=0.00983155 val_mse=0.01664022 val_mae=0.09684385 | peer_val_mse=0.00281644 peer_val_mae=0.03476973
[worker1/operator_darcy_student_lift_v2_gpu1] [operator_darcy_student_lift_v2/sample_ft_l003_w15_d45_90_lr2e4] [operator][epoch 029] lambda=0.0300 train_mse=0.00974263 val_mse=0.01627690 val_mae=0.09604102 | peer_val_mse=0.00281644 peer_val_mae=0.03476973
[worker1/operator_darcy_student_lift_v2_gpu1] [operator_darcy_student_lift_v2/sample_ft_l003_w15_d45_90_lr2e4] [operator][epoch 030] lambda=0.0300 train_mse=0.00978748 val_mse=0.01672164 val_mae=0.09746156 | peer_val_mse=0.00281644 peer_val_mae=0.03476973
[worker1/operator_darcy_student_lift_v2_gpu1] [operator_darcy_student_lift_v2/sample_ft_l003_w15_d45_90_lr2e4] [operator][epoch 031] lambda=0.0300 train_mse=0.00975237 val_mse=0.01673595 val_mae=0.09718184 | peer_val_mse=0.00281644 peer_val_mae=0.03476973
[worker1/operator_darcy_student_lift_v2_gpu1] [operator_darcy_student_lift_v2/sample_ft_l003_w15_d45_90_lr2e4] [operator][epoch 032] lambda=0.0300 train_mse=0.01014375 val_mse=0.01602424 val_mae=0.09541603 | peer_val_mse=0.00281644 peer_val_mae=0.03476973
[worker1/operator_darcy_student_lift_v2_gpu1] [operator_darcy_student_lift_v2/sample_ft_l003_w15_d45_90_lr2e4] [operator][epoch 033] lambda=0.0300 train_mse=0.01090701 val_mse=0.01852526 val_mae=0.10223001 | peer_val_mse=0.00281644 peer_val_mae=0.03476973
[worker1/operator_darcy_student_lift_v2_gpu1] [operator_darcy_student_lift_v2/sample_ft_l003_w15_d45_90_lr2e4] [operator][epoch 034] lambda=0.0300 train_mse=0.01109107 val_mse=0.01583253 val_mae=0.09472724 | peer_val_mse=0.00281644 peer_val_mae=0.03476973
[worker1/operator_burgers_student_lift_v2_gpu0] [operator_burgers_student_lift_v2/elem_ft_l003_w25_d70_130_lr4e4] [operator][epoch 128] lambda=0.0039 train_mse=0.00618660 val_mse=0.00825616 val_mae=0.05209765 | peer_val_mse=0.00001139 peer_val_mae=0.00234510
[worker1/operator_burgers_student_lift_v2_gpu0] [operator_burgers_student_lift_v2/elem_ft_l003_w25_d70_130_lr4e4] [operator][epoch 129] lambda=0.0034 train_mse=0.00688302 val_mse=0.00856061 val_mae=0.05311441 | peer_val_mse=0.00001139 peer_val_mae=0.00234510
[worker1/operator_burgers_student_lift_v2_gpu0] [operator_burgers_student_lift_v2/elem_ft_l003_w25_d70_130_lr4e4] [operator][epoch 130] lambda=0.0030 train_mse=0.00635086 val_mse=0.00762065 val_mae=0.04816667 | peer_val_mse=0.00001139 peer_val_mae=0.00234510
[worker1/operator_burgers_student_lift_v2_gpu0] [operator_burgers_student_lift_v2/elem_ft_l003_w25_d70_130_lr4e4] [operator][epoch 131] lambda=0.0030 train_mse=0.00608502 val_mse=0.00803614 val_mae=0.05259278 | peer_val_mse=0.00001139 peer_val_mae=0.00234510
[worker1/operator_burgers_student_lift_v2_gpu0] [operator_burgers_student_lift_v2/elem_ft_l003_w25_d70_130_lr4e4] [operator][epoch 132] lambda=0.0030 train_mse=0.00689457 val_mse=0.01052313 val_mae=0.06311823 | peer_val_mse=0.00001139 peer_val_mae=0.00234510
[worker1/operator_burgers_student_lift_v2_gpu0] [operator_burgers_student_lift_v2/elem_ft_l003_w25_d70_130_lr4e4] [operator][epoch 133] lambda=0.0030 train_mse=0.00757817 val_mse=0.00969129 val_mae=0.05930584 | peer_val_mse=0.00001139 peer_val_mae=0.00234510
[worker1/operator_burgers_student_lift_v2_gpu0] [operator_burgers_student_lift_v2/elem_ft_l003_w25_d70_130_lr4e4] [operator][epoch 134] lambda=0.0030 train_mse=0.00577956 val_mse=0.00747747 val_mae=0.04569261 | peer_val_mse=0.00001139 peer_val_mae=0.00234510
[worker1/operator_burgers_student_lift_v2_gpu0] [operator_burgers_student_lift_v2/elem_ft_l003_w25_d70_130_lr4e4] [operator][epoch 135] lambda=0.0030 train_mse=0.00561754 val_mse=0.00758822 val_mae=0.04873681 | peer_val_mse=0.00001139 peer_val_mae=0.00234510
[worker1/operator_burgers_student_lift_v2_gpu0] [operator_burgers_student_lift_v2/elem_ft_l003_w25_d70_130_lr4e4] [operator][epoch 136] lambda=0.0030 train_mse=0.00550202 val_mse=0.00699851 val_mae=0.04530939 | peer_val_mse=0.00001139 peer_val_mae=0.00234510
[worker1/operator_burgers_student_lift_v2_gpu0] [operator_burgers_student_lift_v2/elem_ft_l003_w25_d70_130_lr4e4] [operator][epoch 137] lambda=0.0030 train_mse=0.00521550 val_mse=0.00715031 val_mae=0.04507745 | peer_val_mse=0.00001139 peer_val_mae=0.00234510
[worker1/operator_burgers_student_lift_v2_gpu0] [operator_burgers_student_lift_v2/elem_ft_l003_w25_d70_130_lr4e4] [operator][epoch 138] lambda=0.0030 train_mse=0.01048921 val_mse=0.01511592 val_mae=0.08115233 | peer_val_mse=0.00001139 peer_val_mae=0.00234510
[worker1/operator_burgers_student_lift_v2_gpu0] [operator_burgers_student_lift_v2/elem_ft_l003_w25_d70_130_lr4e4] [operator][epoch 139] lambda=0.0030 train_mse=0.00957469 val_mse=0.00864973 val_mae=0.05505169 | peer_val_mse=0.00001139 peer_val_mae=0.00234510
[worker1/operator_burgers_student_lift_v2_gpu0] [operator_burgers_student_lift_v2/elem_ft_l003_w25_d70_130_lr4e4] [operator][epoch 140] lambda=0.0030 train_mse=0.00611328 val_mse=0.00765790 val_mae=0.04680613 | peer_val_mse=0.00001139 peer_val_mae=0.00234510
[worker1/operator_burgers_student_lift_v2_gpu0] [operator_burgers_student_lift_v2/elem_ft_l003_w25_d70_130_lr4e4] [operator][epoch 140] updated live plot
[worker1/operator_burgers_student_lift_v2_gpu0] [operator_burgers_student_lift_v2/elem_ft_l003_w25_d70_130_lr4e4] [operator] done
[worker1/operator_burgers_student_lift_v2_gpu0] [operator_burgers_student_lift_v2/elem_ft_l003_w25_d70_130_lr4e4] [operator] dataset=burgers pair=deeponet:fno method=ssml seed=1
[worker1/operator_burgers_student_lift_v2_gpu0] [operator_burgers_student_lift_v2/elem_ft_l003_w25_d70_130_lr4e4] [operator] loaded init_checkpoint=results/operator_burgers_followup_v1/burgers_l005_m0_w12_d60_120_ow1/operator/burgers/deeponet_independent_mse_seed1/model.pt
[worker1/operator_burgers_student_lift_v2_gpu0] [operator_burgers_student_lift_v2/elem_ft_l003_w25_d70_130_lr4e4] [operator] loaded peer_init_checkpoint=results/operator_burgers_followup_v1/burgers_l005_m0_w12_d60_120_ow1/operator/burgers/fno_independent_mse_seed1/model.pt
[worker1/operator_burgers_student_lift_v2_gpu0] [operator_burgers_student_lift_v2/elem_ft_l003_w25_d70_130_lr4e4] [operator] run_dir=results/operator_burgers_student_lift_v2/elem_ft_l003_w25_d70_130_lr4e4/operator/burgers/deeponet__fno_ssml_mse_seed1
[worker1/operator_burgers_student_lift_v2_gpu0] [operator_burgers_student_lift_v2/elem_ft_l003_w25_d70_130_lr4e4] [operator] params=198656
[worker1/operator_burgers_student_lift_v2_gpu0] [operator_burgers_student_lift_v2/elem_ft_l003_w25_d70_130_lr4e4] [operator] granularity=element student_only=True freeze_peer=True peer_updates_disabled=True
[worker1/operator_burgers_student_lift_v2_gpu0] [operator_burgers_student_lift_v2/elem_ft_l003_w25_d70_130_lr4e4] [operator][epoch 001] lambda=0.0000 train_mse=0.03041359 val_mse=0.02279711 val_mae=0.10021507 | peer_val_mse=0.00000427 peer_val_mae=0.00125799
[worker1/operator_burgers_student_lift_v2_gpu0] [operator_burgers_student_lift_v2/elem_ft_l003_w25_d70_130_lr4e4] [operator][epoch 002] lambda=0.0000 train_mse=0.02229335 val_mse=0.02086328 val_mae=0.09663177 | peer_val_mse=0.00000427 peer_val_mae=0.00125799
[worker1/operator_burgers_student_lift_v2_gpu0] [operator_burgers_student_lift_v2/elem_ft_l003_w25_d70_130_lr4e4] [operator][epoch 003] lambda=0.0000 train_mse=0.01924382 val_mse=0.01784943 val_mae=0.09107301 | peer_val_mse=0.00000427 peer_val_mae=0.00125799
[worker1/operator_burgers_student_lift_v2_gpu0] [operator_burgers_student_lift_v2/elem_ft_l003_w25_d70_130_lr4e4] [operator][epoch 004] lambda=0.0000 train_mse=0.01733146 val_mse=0.01736854 val_mae=0.09012819 | peer_val_mse=0.00000427 peer_val_mae=0.00125799
[worker1/operator_burgers_student_lift_v2_gpu0] [operator_burgers_student_lift_v2/elem_ft_l003_w25_d70_130_lr4e4] [operator][epoch 005] lambda=0.0000 train_mse=0.01655056 val_mse=0.01836288 val_mae=0.09435033 | peer_val_mse=0.00000427 peer_val_mae=0.00125799
[worker1/operator_burgers_student_lift_v2_gpu0] [operator_burgers_student_lift_v2/elem_ft_l003_w25_d70_130_lr4e4] [operator][epoch 006] lambda=0.0000 train_mse=0.01592056 val_mse=0.01460497 val_mae=0.07757136 | peer_val_mse=0.00000427 peer_val_mae=0.00125799
[worker1/operator_burgers_student_lift_v2_gpu0] [operator_burgers_student_lift_v2/elem_ft_l003_w25_d70_130_lr4e4] [operator][epoch 007] lambda=0.0000 train_mse=0.01725106 val_mse=0.01455420 val_mae=0.07979857 | peer_val_mse=0.00000427 peer_val_mae=0.00125799
[worker1/operator_burgers_student_lift_v2_gpu0] [operator_burgers_student_lift_v2/elem_ft_l003_w25_d70_130_lr4e4] [operator][epoch 008] lambda=0.0000 train_mse=0.01529549 val_mse=0.01496144 val_mae=0.08171294 | peer_val_mse=0.00000427 peer_val_mae=0.00125799
[worker1/operator_burgers_student_lift_v2_gpu0] [operator_burgers_student_lift_v2/elem_ft_l003_w25_d70_130_lr4e4] [operator][epoch 009] lambda=0.0000 train_mse=0.01570122 val_mse=0.01488329 val_mae=0.08153012 | peer_val_mse=0.00000427 peer_val_mae=0.00125799
[worker1/operator_burgers_student_lift_v2_gpu0] [operator_burgers_student_lift_v2/elem_ft_l003_w25_d70_130_lr4e4] [operator][epoch 010] lambda=0.0000 train_mse=0.01360424 val_mse=0.01191007 val_mae=0.06971658 | peer_val_mse=0.00000427 peer_val_mae=0.00125799
[worker1/operator_burgers_student_lift_v2_gpu0] [operator_burgers_student_lift_v2/elem_ft_l003_w25_d70_130_lr4e4] [operator][epoch 011] lambda=0.0000 train_mse=0.01276013 val_mse=0.01614205 val_mae=0.08769028 | peer_val_mse=0.00000427 peer_val_mae=0.00125799
[worker1/operator_burgers_student_lift_v2_gpu0] [operator_burgers_student_lift_v2/elem_ft_l003_w25_d70_130_lr4e4] [operator][epoch 012] lambda=0.0000 train_mse=0.01480611 val_mse=0.01343563 val_mae=0.07796892 | peer_val_mse=0.00000427 peer_val_mae=0.00125799
[worker1/operator_burgers_student_lift_v2_gpu0] [operator_burgers_student_lift_v2/elem_ft_l003_w25_d70_130_lr4e4] [operator][epoch 013] lambda=0.0000 train_mse=0.01310669 val_mse=0.01456324 val_mae=0.08098745 | peer_val_mse=0.00000427 peer_val_mae=0.00125799
[worker1/operator_burgers_student_lift_v2_gpu0] [operator_burgers_student_lift_v2/elem_ft_l003_w25_d70_130_lr4e4] [operator][epoch 014] lambda=0.0000 train_mse=0.01444091 val_mse=0.01388131 val_mae=0.07784877 | peer_val_mse=0.00000427 peer_val_mae=0.00125799
[worker1/operator_burgers_student_lift_v2_gpu0] [operator_burgers_student_lift_v2/elem_ft_l003_w25_d70_130_lr4e4] [operator][epoch 015] lambda=0.0000 train_mse=0.01289307 val_mse=0.01285299 val_mae=0.07699693 | peer_val_mse=0.00000427 peer_val_mae=0.00125799
[worker1/operator_burgers_student_lift_v2_gpu0] [operator_burgers_student_lift_v2/elem_ft_l003_w25_d70_130_lr4e4] [operator][epoch 016] lambda=0.0000 train_mse=0.01197704 val_mse=0.01362338 val_mae=0.07919452 | peer_val_mse=0.00000427 peer_val_mae=0.00125799
[worker1/operator_burgers_student_lift_v2_gpu0] [operator_burgers_student_lift_v2/elem_ft_l003_w25_d70_130_lr4e4] [operator][epoch 017] lambda=0.0000 train_mse=0.01152204 val_mse=0.00982921 val_mae=0.06156455 | peer_val_mse=0.00000427 peer_val_mae=0.00125799
[worker1/operator_burgers_student_lift_v2_gpu0] [operator_burgers_student_lift_v2/elem_ft_l003_w25_d70_130_lr4e4] [operator][epoch 018] lambda=0.0000 train_mse=0.01398893 val_mse=0.01326117 val_mae=0.07474411 | peer_val_mse=0.00000427 peer_val_mae=0.00125799
[worker1/operator_burgers_student_lift_v2_gpu0] [operator_burgers_student_lift_v2/elem_ft_l003_w25_d70_130_lr4e4] [operator][epoch 019] lambda=0.0000 train_mse=0.01318171 val_mse=0.01049781 val_mae=0.06320029 | peer_val_mse=0.00000427 peer_val_mae=0.00125799
[worker1/operator_burgers_student_lift_v2_gpu0] [operator_burgers_student_lift_v2/elem_ft_l003_w25_d70_130_lr4e4] [operator][epoch 020] lambda=0.0000 train_mse=0.01053450 val_mse=0.01187985 val_mae=0.06869100 | peer_val_mse=0.00000427 peer_val_mae=0.00125799
[worker1/operator_burgers_student_lift_v2_gpu0] [operator_burgers_student_lift_v2/elem_ft_l003_w25_d70_130_lr4e4] [operator][epoch 020] updated live plot
[worker1/operator_burgers_student_lift_v2_gpu0] [operator_burgers_student_lift_v2/elem_ft_l003_w25_d70_130_lr4e4] [operator][epoch 021] lambda=0.0000 train_mse=0.01170222 val_mse=0.00957852 val_mae=0.06337852 | peer_val_mse=0.00000427 peer_val_mae=0.00125799
[worker1/operator_burgers_student_lift_v2_gpu0] [operator_burgers_student_lift_v2/elem_ft_l003_w25_d70_130_lr4e4] [operator][epoch 022] lambda=0.0000 train_mse=0.00931336 val_mse=0.00885292 val_mae=0.05915894 | peer_val_mse=0.00000427 peer_val_mae=0.00125799
[worker1/operator_burgers_student_lift_v2_gpu0] [operator_burgers_student_lift_v2/elem_ft_l003_w25_d70_130_lr4e4] [operator][epoch 023] lambda=0.0000 train_mse=0.00951752 val_mse=0.01345529 val_mae=0.07601913 | peer_val_mse=0.00000427 peer_val_mae=0.00125799
[worker1/operator_burgers_student_lift_v2_gpu0] [operator_burgers_student_lift_v2/elem_ft_l003_w25_d70_130_lr4e4] [operator][epoch 024] lambda=0.0000 train_mse=0.01133141 val_mse=0.01170109 val_mae=0.07163077 | peer_val_mse=0.00000427 peer_val_mae=0.00125799
[worker1/operator_burgers_student_lift_v2_gpu0] [operator_burgers_student_lift_v2/elem_ft_l003_w25_d70_130_lr4e4] [operator][epoch 025] lambda=0.0000 train_mse=0.01358585 val_mse=0.01193818 val_mae=0.07458736 | peer_val_mse=0.00000427 peer_val_mae=0.00125799
[worker1/operator_burgers_student_lift_v2_gpu0] [operator_burgers_student_lift_v2/elem_ft_l003_w25_d70_130_lr4e4] [operator][epoch 026] lambda=0.0300 train_mse=0.01270889 val_mse=0.01387035 val_mae=0.08066053 | peer_val_mse=0.00000427 peer_val_mae=0.00125799
[worker1/operator_burgers_student_lift_v2_gpu0] [operator_burgers_student_lift_v2/elem_ft_l003_w25_d70_130_lr4e4] [operator][epoch 027] lambda=0.0300 train_mse=0.01208711 val_mse=0.01697728 val_mae=0.08961555 | peer_val_mse=0.00000427 peer_val_mae=0.00125799
[worker1/operator_burgers_student_lift_v2_gpu0] [operator_burgers_student_lift_v2/elem_ft_l003_w25_d70_130_lr4e4] [operator][epoch 028] lambda=0.0300 train_mse=0.01305812 val_mse=0.01195133 val_mae=0.07331019 | peer_val_mse=0.00000427 peer_val_mae=0.00125799
[worker1/operator_burgers_student_lift_v2_gpu0] [operator_burgers_student_lift_v2/elem_ft_l003_w25_d70_130_lr4e4] [operator][epoch 029] lambda=0.0300 train_mse=0.00966907 val_mse=0.00961218 val_mae=0.05944800 | peer_val_mse=0.00000427 peer_val_mae=0.00125799
[worker1/operator_burgers_student_lift_v2_gpu0] [operator_burgers_student_lift_v2/elem_ft_l003_w25_d70_130_lr4e4] [operator][epoch 030] lambda=0.0300 train_mse=0.00928936 val_mse=0.00883171 val_mae=0.06116568 | peer_val_mse=0.00000427 peer_val_mae=0.00125799
[worker1/operator_burgers_student_lift_v2_gpu0] [operator_burgers_student_lift_v2/elem_ft_l003_w25_d70_130_lr4e4] [operator][epoch 031] lambda=0.0300 train_mse=0.00895341 val_mse=0.01002705 val_mae=0.06525055 | peer_val_mse=0.00000427 peer_val_mae=0.00125799
[worker1/operator_burgers_student_lift_v2_gpu0] [operator_burgers_student_lift_v2/elem_ft_l003_w25_d70_130_lr4e4] [operator][epoch 032] lambda=0.0300 train_mse=0.00851511 val_mse=0.00869046 val_mae=0.05819467 | peer_val_mse=0.00000427 peer_val_mae=0.00125799
[worker1/operator_burgers_student_lift_v2_gpu0] [operator_burgers_student_lift_v2/elem_ft_l003_w25_d70_130_lr4e4] [operator][epoch 033] lambda=0.0300 train_mse=0.01101814 val_mse=0.01221478 val_mae=0.06944614 | peer_val_mse=0.00000427 peer_val_mae=0.00125799
[worker1/operator_burgers_student_lift_v2_gpu0] [operator_burgers_student_lift_v2/elem_ft_l003_w25_d70_130_lr4e4] [operator][epoch 034] lambda=0.0300 train_mse=0.01204432 val_mse=0.01088971 val_mae=0.06858936 | peer_val_mse=0.00000427 peer_val_mae=0.00125799
[worker1/operator_burgers_student_lift_v2_gpu0] [operator_burgers_student_lift_v2/elem_ft_l003_w25_d70_130_lr4e4] [operator][epoch 035] lambda=0.0300 train_mse=0.01108907 val_mse=0.00944602 val_mae=0.06065521 | peer_val_mse=0.00000427 peer_val_mae=0.00125799
[worker1/operator_burgers_student_lift_v2_gpu0] [operator_burgers_student_lift_v2/elem_ft_l003_w25_d70_130_lr4e4] [operator][epoch 036] lambda=0.0300 train_mse=0.00891909 val_mse=0.00781745 val_mae=0.05463075 | peer_val_mse=0.00000427 peer_val_mae=0.00125799
[worker1/operator_burgers_student_lift_v2_gpu0] [operator_burgers_student_lift_v2/elem_ft_l003_w25_d70_130_lr4e4] [operator][epoch 037] lambda=0.0300 train_mse=0.00913921 val_mse=0.00919256 val_mae=0.06354504 | peer_val_mse=0.00000427 peer_val_mae=0.00125799
[worker1/operator_burgers_student_lift_v2_gpu0] [operator_burgers_student_lift_v2/elem_ft_l003_w25_d70_130_lr4e4] [operator][epoch 038] lambda=0.0300 train_mse=0.00907415 val_mse=0.01232891 val_mae=0.07466493 | peer_val_mse=0.00000427 peer_val_mae=0.00125799
[worker1/operator_burgers_student_lift_v2_gpu0] [operator_burgers_student_lift_v2/elem_ft_l003_w25_d70_130_lr4e4] [operator][epoch 039] lambda=0.0300 train_mse=0.01059521 val_mse=0.01277108 val_mae=0.07518238 | peer_val_mse=0.00000427 peer_val_mae=0.00125799
[worker1/operator_burgers_student_lift_v2_gpu0] [operator_burgers_student_lift_v2/elem_ft_l003_w25_d70_130_lr4e4] [operator][epoch 040] lambda=0.0300 train_mse=0.01193161 val_mse=0.01306640 val_mae=0.07700941 | peer_val_mse=0.00000427 peer_val_mae=0.00125799
[worker1/operator_burgers_student_lift_v2_gpu0] [operator_burgers_student_lift_v2/elem_ft_l003_w25_d70_130_lr4e4] [operator][epoch 040] updated live plot
[worker1/operator_burgers_student_lift_v2_gpu0] [operator_burgers_student_lift_v2/elem_ft_l003_w25_d70_130_lr4e4] [operator][epoch 041] lambda=0.0300 train_mse=0.01161588 val_mse=0.00959904 val_mae=0.06307396 | peer_val_mse=0.00000427 peer_val_mae=0.00125799
[worker1/operator_burgers_student_lift_v2_gpu0] [operator_burgers_student_lift_v2/elem_ft_l003_w25_d70_130_lr4e4] [operator][epoch 042] lambda=0.0300 train_mse=0.00818627 val_mse=0.00839759 val_mae=0.05978772 | peer_val_mse=0.00000427 peer_val_mae=0.00125799
[worker1/operator_burgers_student_lift_v2_gpu0] [operator_burgers_student_lift_v2/elem_ft_l003_w25_d70_130_lr4e4] [operator][epoch 043] lambda=0.0300 train_mse=0.01153287 val_mse=0.01083481 val_mae=0.06866311 | peer_val_mse=0.00000427 peer_val_mae=0.00125799
[worker1/operator_burgers_student_lift_v2_gpu0] [operator_burgers_student_lift_v2/elem_ft_l003_w25_d70_130_lr4e4] [operator][epoch 044] lambda=0.0300 train_mse=0.00971307 val_mse=0.00810804 val_mae=0.05635282 | peer_val_mse=0.00000427 peer_val_mae=0.00125799
[worker1/operator_burgers_student_lift_v2_gpu0] [operator_burgers_student_lift_v2/elem_ft_l003_w25_d70_130_lr4e4] [operator][epoch 045] lambda=0.0300 train_mse=0.01007429 val_mse=0.00939115 val_mae=0.06212235 | peer_val_mse=0.00000427 peer_val_mae=0.00125799
[worker1/operator_burgers_student_lift_v2_gpu0] [operator_burgers_student_lift_v2/elem_ft_l003_w25_d70_130_lr4e4] [operator][epoch 046] lambda=0.0300 train_mse=0.00836317 val_mse=0.00715397 val_mae=0.05218326 | peer_val_mse=0.00000427 peer_val_mae=0.00125799
[worker1/operator_burgers_student_lift_v2_gpu0] [operator_burgers_student_lift_v2/elem_ft_l003_w25_d70_130_lr4e4] [operator][epoch 047] lambda=0.0300 train_mse=0.00768639 val_mse=0.00736758 val_mae=0.05230447 | peer_val_mse=0.00000427 peer_val_mae=0.00125799
[worker1/operator_burgers_student_lift_v2_gpu0] [operator_burgers_student_lift_v2/elem_ft_l003_w25_d70_130_lr4e4] [operator][epoch 048] lambda=0.0300 train_mse=0.00816984 val_mse=0.00748338 val_mae=0.05672552 | peer_val_mse=0.00000427 peer_val_mae=0.00125799
[worker1/operator_burgers_student_lift_v2_gpu0] [operator_burgers_student_lift_v2/elem_ft_l003_w25_d70_130_lr4e4] [operator][epoch 049] lambda=0.0300 train_mse=0.00826757 val_mse=0.00850271 val_mae=0.05701652 | peer_val_mse=0.00000427 peer_val_mae=0.00125799
[worker1/operator_burgers_student_lift_v2_gpu0] [operator_burgers_student_lift_v2/elem_ft_l003_w25_d70_130_lr4e4] [operator][epoch 050] lambda=0.0300 train_mse=0.00741340 val_mse=0.00984071 val_mae=0.06847158 | peer_val_mse=0.00000427 peer_val_mae=0.00125799
[worker1/operator_burgers_student_lift_v2_gpu0] [operator_burgers_student_lift_v2/elem_ft_l003_w25_d70_130_lr4e4] [operator][epoch 051] lambda=0.0300 train_mse=0.00855673 val_mse=0.00856558 val_mae=0.06063971 | peer_val_mse=0.00000427 peer_val_mae=0.00125799
[worker1/operator_burgers_student_lift_v2_gpu0] [operator_burgers_student_lift_v2/elem_ft_l003_w25_d70_130_lr4e4] [operator][epoch 052] lambda=0.0300 train_mse=0.00694135 val_mse=0.00816897 val_mae=0.05688729 | peer_val_mse=0.00000427 peer_val_mae=0.00125799
[worker1/operator_burgers_student_lift_v2_gpu0] [operator_burgers_student_lift_v2/elem_ft_l003_w25_d70_130_lr4e4] [operator][epoch 053] lambda=0.0300 train_mse=0.00719181 val_mse=0.00859174 val_mae=0.05864777 | peer_val_mse=0.00000427 peer_val_mae=0.00125799
[worker1/operator_burgers_student_lift_v2_gpu0] [operator_burgers_student_lift_v2/elem_ft_l003_w25_d70_130_lr4e4] [operator][epoch 054] lambda=0.0300 train_mse=0.01014148 val_mse=0.01044697 val_mae=0.06783806 | peer_val_mse=0.00000427 peer_val_mae=0.00125799
[worker1/operator_burgers_student_lift_v2_gpu0] [operator_burgers_student_lift_v2/elem_ft_l003_w25_d70_130_lr4e4] [operator][epoch 055] lambda=0.0300 train_mse=0.01001396 val_mse=0.00811777 val_mae=0.05864638 | peer_val_mse=0.00000427 peer_val_mae=0.00125799
[worker1/operator_darcy_student_lift_v2_gpu1] [operator_darcy_student_lift_v2/sample_ft_l003_w15_d45_90_lr2e4] [operator][epoch 035] lambda=0.0300 train_mse=0.01060401 val_mse=0.01599887 val_mae=0.09525899 | peer_val_mse=0.00281644 peer_val_mae=0.03476973
[worker1/operator_darcy_student_lift_v2_gpu1] [operator_darcy_student_lift_v2/sample_ft_l003_w15_d45_90_lr2e4] [operator][epoch 036] lambda=0.0300 train_mse=0.00889360 val_mse=0.01734529 val_mae=0.09895766 | peer_val_mse=0.00281644 peer_val_mae=0.03476973
[worker1/operator_darcy_student_lift_v2_gpu1] [operator_darcy_student_lift_v2/sample_ft_l003_w15_d45_90_lr2e4] [operator][epoch 037] lambda=0.0300 train_mse=0.00879355 val_mse=0.01589585 val_mae=0.09451613 | peer_val_mse=0.00281644 peer_val_mae=0.03476973
[worker1/operator_darcy_student_lift_v2_gpu1] [operator_darcy_student_lift_v2/sample_ft_l003_w15_d45_90_lr2e4] [operator][epoch 038] lambda=0.0300 train_mse=0.00883128 val_mse=0.01655323 val_mae=0.09620043 | peer_val_mse=0.00281644 peer_val_mae=0.03476973
[worker1/operator_darcy_student_lift_v2_gpu1] [operator_darcy_student_lift_v2/sample_ft_l003_w15_d45_90_lr2e4] [operator][epoch 039] lambda=0.0300 train_mse=0.00915531 val_mse=0.01633473 val_mae=0.09587072 | peer_val_mse=0.00281644 peer_val_mae=0.03476973
[worker1/operator_darcy_student_lift_v2_gpu1] [operator_darcy_student_lift_v2/sample_ft_l003_w15_d45_90_lr2e4] [operator][epoch 040] lambda=0.0300 train_mse=0.00869158 val_mse=0.01578601 val_mae=0.09425200 | peer_val_mse=0.00281644 peer_val_mae=0.03476973
[worker1/operator_darcy_student_lift_v2_gpu1] [operator_darcy_student_lift_v2/sample_ft_l003_w15_d45_90_lr2e4] [operator][epoch 040] updated live plot
[worker1/operator_darcy_student_lift_v2_gpu1] [operator_darcy_student_lift_v2/sample_ft_l003_w15_d45_90_lr2e4] [operator][epoch 041] lambda=0.0300 train_mse=0.00846991 val_mse=0.01563526 val_mae=0.09350868 | peer_val_mse=0.00281644 peer_val_mae=0.03476973
[worker1/operator_darcy_student_lift_v2_gpu1] [operator_darcy_student_lift_v2/sample_ft_l003_w15_d45_90_lr2e4] [operator][epoch 042] lambda=0.0300 train_mse=0.00832425 val_mse=0.01553514 val_mae=0.09312738 | peer_val_mse=0.00281644 peer_val_mae=0.03476973
[worker1/operator_darcy_student_lift_v2_gpu1] [operator_darcy_student_lift_v2/sample_ft_l003_w15_d45_90_lr2e4] [operator][epoch 043] lambda=0.0300 train_mse=0.00857219 val_mse=0.01616546 val_mae=0.09537709 | peer_val_mse=0.00281644 peer_val_mae=0.03476973
[worker1/operator_darcy_student_lift_v2_gpu1] [operator_darcy_student_lift_v2/sample_ft_l003_w15_d45_90_lr2e4] [operator][epoch 044] lambda=0.0300 train_mse=0.01024753 val_mse=0.01558463 val_mae=0.09378018 | peer_val_mse=0.00281644 peer_val_mae=0.03476973
[worker1/operator_darcy_student_lift_v2_gpu1] [operator_darcy_student_lift_v2/sample_ft_l003_w15_d45_90_lr2e4] [operator][epoch 045] lambda=0.0300 train_mse=0.00890930 val_mse=0.01636466 val_mae=0.09579650 | peer_val_mse=0.00281644 peer_val_mae=0.03476973
[worker1/operator_darcy_student_lift_v2_gpu1] [operator_darcy_student_lift_v2/sample_ft_l003_w15_d45_90_lr2e4] [operator][epoch 046] lambda=0.0294 train_mse=0.00944550 val_mse=0.01751873 val_mae=0.09925167 | peer_val_mse=0.00281644 peer_val_mae=0.03476973
[worker1/operator_darcy_student_lift_v2_gpu1] [operator_darcy_student_lift_v2/sample_ft_l003_w15_d45_90_lr2e4] [operator][epoch 047] lambda=0.0288 train_mse=0.01054777 val_mse=0.01660469 val_mae=0.09702539 | peer_val_mse=0.00281644 peer_val_mae=0.03476973
[worker1/operator_darcy_student_lift_v2_gpu1] [operator_darcy_student_lift_v2/sample_ft_l003_w15_d45_90_lr2e4] [operator][epoch 048] lambda=0.0282 train_mse=0.00908180 val_mse=0.01582344 val_mae=0.09391878 | peer_val_mse=0.00281644 peer_val_mae=0.03476973
[worker1/operator_darcy_student_lift_v2_gpu1] [operator_darcy_student_lift_v2/sample_ft_l003_w15_d45_90_lr2e4] [operator][epoch 049] lambda=0.0276 train_mse=0.00919271 val_mse=0.01725300 val_mae=0.09963719 | peer_val_mse=0.00281644 peer_val_mae=0.03476973
[worker1/operator_darcy_student_lift_v2_gpu1] [operator_darcy_student_lift_v2/sample_ft_l003_w15_d45_90_lr2e4] [operator][epoch 050] lambda=0.0270 train_mse=0.00871136 val_mse=0.01609069 val_mae=0.09500973 | peer_val_mse=0.00281644 peer_val_mae=0.03476973
[worker1/operator_darcy_student_lift_v2_gpu1] [operator_darcy_student_lift_v2/sample_ft_l003_w15_d45_90_lr2e4] [operator][epoch 051] lambda=0.0264 train_mse=0.00823652 val_mse=0.01573428 val_mae=0.09402943 | peer_val_mse=0.00281644 peer_val_mae=0.03476973
[worker1/operator_darcy_student_lift_v2_gpu1] [operator_darcy_student_lift_v2/sample_ft_l003_w15_d45_90_lr2e4] [operator][epoch 052] lambda=0.0258 train_mse=0.00816278 val_mse=0.01571036 val_mae=0.09348476 | peer_val_mse=0.00281644 peer_val_mae=0.03476973
[worker1/operator_darcy_student_lift_v2_gpu1] [operator_darcy_student_lift_v2/sample_ft_l003_w15_d45_90_lr2e4] [operator][epoch 053] lambda=0.0252 train_mse=0.00801392 val_mse=0.01566526 val_mae=0.09357644 | peer_val_mse=0.00281644 peer_val_mae=0.03476973
[worker1/operator_burgers_student_lift_v2_gpu0] [operator_burgers_student_lift_v2/elem_ft_l003_w25_d70_130_lr4e4] [operator][epoch 056] lambda=0.0300 train_mse=0.00743539 val_mse=0.00770652 val_mae=0.05410788 | peer_val_mse=0.00000427 peer_val_mae=0.00125799
[worker1/operator_burgers_student_lift_v2_gpu0] [operator_burgers_student_lift_v2/elem_ft_l003_w25_d70_130_lr4e4] [operator][epoch 057] lambda=0.0300 train_mse=0.00683054 val_mse=0.00734086 val_mae=0.05201164 | peer_val_mse=0.00000427 peer_val_mae=0.00125799
[worker1/operator_burgers_student_lift_v2_gpu0] [operator_burgers_student_lift_v2/elem_ft_l003_w25_d70_130_lr4e4] [operator][epoch 058] lambda=0.0300 train_mse=0.00574458 val_mse=0.00587451 val_mae=0.04633787 | peer_val_mse=0.00000427 peer_val_mae=0.00125799
[worker1/operator_burgers_student_lift_v2_gpu0] [operator_burgers_student_lift_v2/elem_ft_l003_w25_d70_130_lr4e4] [operator][epoch 059] lambda=0.0300 train_mse=0.00605702 val_mse=0.00633852 val_mae=0.05006381 | peer_val_mse=0.00000427 peer_val_mae=0.00125799
[worker1/operator_burgers_student_lift_v2_gpu0] [operator_burgers_student_lift_v2/elem_ft_l003_w25_d70_130_lr4e4] [operator][epoch 060] lambda=0.0300 train_mse=0.00687223 val_mse=0.00812677 val_mae=0.05790510 | peer_val_mse=0.00000427 peer_val_mae=0.00125799
[worker1/operator_burgers_student_lift_v2_gpu0] [operator_burgers_student_lift_v2/elem_ft_l003_w25_d70_130_lr4e4] [operator][epoch 060] updated live plot
[worker1/operator_burgers_student_lift_v2_gpu0] [operator_burgers_student_lift_v2/elem_ft_l003_w25_d70_130_lr4e4] [operator][epoch 061] lambda=0.0300 train_mse=0.00917154 val_mse=0.00937021 val_mae=0.06478147 | peer_val_mse=0.00000427 peer_val_mae=0.00125799
[worker1/operator_burgers_student_lift_v2_gpu0] [operator_burgers_student_lift_v2/elem_ft_l003_w25_d70_130_lr4e4] [operator][epoch 062] lambda=0.0300 train_mse=0.00780494 val_mse=0.00757437 val_mae=0.05261784 | peer_val_mse=0.00000427 peer_val_mae=0.00125799
[worker1/operator_burgers_student_lift_v2_gpu0] [operator_burgers_student_lift_v2/elem_ft_l003_w25_d70_130_lr4e4] [operator][epoch 063] lambda=0.0300 train_mse=0.00812374 val_mse=0.00826693 val_mae=0.05806744 | peer_val_mse=0.00000427 peer_val_mae=0.00125799
[worker1/operator_burgers_student_lift_v2_gpu0] [operator_burgers_student_lift_v2/elem_ft_l003_w25_d70_130_lr4e4] [operator][epoch 064] lambda=0.0300 train_mse=0.00704193 val_mse=0.00641853 val_mae=0.05003810 | peer_val_mse=0.00000427 peer_val_mae=0.00125799
[worker1/operator_burgers_student_lift_v2_gpu0] [operator_burgers_student_lift_v2/elem_ft_l003_w25_d70_130_lr4e4] [operator][epoch 065] lambda=0.0300 train_mse=0.00719217 val_mse=0.01012220 val_mae=0.06467915 | peer_val_mse=0.00000427 peer_val_mae=0.00125799
[worker1/operator_burgers_student_lift_v2_gpu0] [operator_burgers_student_lift_v2/elem_ft_l003_w25_d70_130_lr4e4] [operator][epoch 066] lambda=0.0300 train_mse=0.00742280 val_mse=0.00601069 val_mae=0.04701882 | peer_val_mse=0.00000427 peer_val_mae=0.00125799
[worker1/operator_burgers_student_lift_v2_gpu0] [operator_burgers_student_lift_v2/elem_ft_l003_w25_d70_130_lr4e4] [operator][epoch 067] lambda=0.0300 train_mse=0.00686632 val_mse=0.00705075 val_mae=0.05336671 | peer_val_mse=0.00000427 peer_val_mae=0.00125799
[worker1/operator_burgers_student_lift_v2_gpu0] [operator_burgers_student_lift_v2/elem_ft_l003_w25_d70_130_lr4e4] [operator][epoch 068] lambda=0.0300 train_mse=0.00674331 val_mse=0.00603169 val_mae=0.04734641 | peer_val_mse=0.00000427 peer_val_mae=0.00125799
[worker1/operator_burgers_student_lift_v2_gpu0] [operator_burgers_student_lift_v2/elem_ft_l003_w25_d70_130_lr4e4] [operator][epoch 069] lambda=0.0300 train_mse=0.00541031 val_mse=0.00609455 val_mae=0.04852347 | peer_val_mse=0.00000427 peer_val_mae=0.00125799
[worker1/operator_burgers_student_lift_v2_gpu0] [operator_burgers_student_lift_v2/elem_ft_l003_w25_d70_130_lr4e4] [operator][epoch 070] lambda=0.0300 train_mse=0.00749115 val_mse=0.00743262 val_mae=0.05524163 | peer_val_mse=0.00000427 peer_val_mae=0.00125799
[worker1/operator_burgers_student_lift_v2_gpu0] [operator_burgers_student_lift_v2/elem_ft_l003_w25_d70_130_lr4e4] [operator][epoch 071] lambda=0.0295 train_mse=0.00716303 val_mse=0.00692003 val_mae=0.05112997 | peer_val_mse=0.00000427 peer_val_mae=0.00125799
[worker1/operator_burgers_student_lift_v2_gpu0] [operator_burgers_student_lift_v2/elem_ft_l003_w25_d70_130_lr4e4] [operator][epoch 072] lambda=0.0291 train_mse=0.00945474 val_mse=0.01172851 val_mae=0.07688134 | peer_val_mse=0.00000427 peer_val_mae=0.00125799
[worker1/operator_burgers_student_lift_v2_gpu0] [operator_burgers_student_lift_v2/elem_ft_l003_w25_d70_130_lr4e4] [operator][epoch 073] lambda=0.0286 train_mse=0.01158265 val_mse=0.01723316 val_mae=0.09191030 | peer_val_mse=0.00000427 peer_val_mae=0.00125799
[worker1/operator_burgers_student_lift_v2_gpu0] [operator_burgers_student_lift_v2/elem_ft_l003_w25_d70_130_lr4e4] [operator][epoch 074] lambda=0.0282 train_mse=0.01037783 val_mse=0.00715870 val_mae=0.05046609 | peer_val_mse=0.00000427 peer_val_mae=0.00125799
[worker1/operator_burgers_student_lift_v2_gpu0] [operator_burgers_student_lift_v2/elem_ft_l003_w25_d70_130_lr4e4] [operator][epoch 075] lambda=0.0278 train_mse=0.00613920 val_mse=0.00631065 val_mae=0.04774543 | peer_val_mse=0.00000427 peer_val_mae=0.00125799
[worker1/operator_burgers_student_lift_v2_gpu0] [operator_burgers_student_lift_v2/elem_ft_l003_w25_d70_130_lr4e4] [operator][epoch 076] lambda=0.0273 train_mse=0.00645415 val_mse=0.00578144 val_mae=0.04676028 | peer_val_mse=0.00000427 peer_val_mae=0.00125799
[worker1/operator_burgers_student_lift_v2_gpu0] [operator_burgers_student_lift_v2/elem_ft_l003_w25_d70_130_lr4e4] [operator][epoch 077] lambda=0.0268 train_mse=0.00520155 val_mse=0.00529830 val_mae=0.04209543 | peer_val_mse=0.00000427 peer_val_mae=0.00125799
[worker1/operator_burgers_student_lift_v2_gpu0] [operator_burgers_student_lift_v2/elem_ft_l003_w25_d70_130_lr4e4] [operator][epoch 078] lambda=0.0264 train_mse=0.00501821 val_mse=0.00544702 val_mae=0.04252273 | peer_val_mse=0.00000427 peer_val_mae=0.00125799
[worker1/operator_burgers_student_lift_v2_gpu0] [operator_burgers_student_lift_v2/elem_ft_l003_w25_d70_130_lr4e4] [operator][epoch 079] lambda=0.0259 train_mse=0.00700352 val_mse=0.00746399 val_mae=0.05413984 | peer_val_mse=0.00000427 peer_val_mae=0.00125799
[worker1/operator_burgers_student_lift_v2_gpu0] [operator_burgers_student_lift_v2/elem_ft_l003_w25_d70_130_lr4e4] [operator][epoch 080] lambda=0.0255 train_mse=0.00613881 val_mse=0.00599787 val_mae=0.04884103 | peer_val_mse=0.00000427 peer_val_mae=0.00125799
[worker1/operator_burgers_student_lift_v2_gpu0] [operator_burgers_student_lift_v2/elem_ft_l003_w25_d70_130_lr4e4] [operator][epoch 080] updated live plot
[worker1/operator_burgers_student_lift_v2_gpu0] [operator_burgers_student_lift_v2/elem_ft_l003_w25_d70_130_lr4e4] [operator][epoch 081] lambda=0.0250 train_mse=0.00561030 val_mse=0.00580062 val_mae=0.04702783 | peer_val_mse=0.00000427 peer_val_mae=0.00125799
[worker1/operator_burgers_student_lift_v2_gpu0] [operator_burgers_student_lift_v2/elem_ft_l003_w25_d70_130_lr4e4] [operator][epoch 082] lambda=0.0246 train_mse=0.00609435 val_mse=0.00580570 val_mae=0.04875923 | peer_val_mse=0.00000427 peer_val_mae=0.00125799
[worker1/operator_burgers_student_lift_v2_gpu0] [operator_burgers_student_lift_v2/elem_ft_l003_w25_d70_130_lr4e4] [operator][epoch 083] lambda=0.0241 train_mse=0.00892996 val_mse=0.01010898 val_mae=0.06295849 | peer_val_mse=0.00000427 peer_val_mae=0.00125799
[worker1/operator_burgers_student_lift_v2_gpu0] [operator_burgers_student_lift_v2/elem_ft_l003_w25_d70_130_lr4e4] [operator][epoch 084] lambda=0.0237 train_mse=0.00970093 val_mse=0.01411757 val_mae=0.07688513 | peer_val_mse=0.00000427 peer_val_mae=0.00125799
[worker1/operator_burgers_student_lift_v2_gpu0] [operator_burgers_student_lift_v2/elem_ft_l003_w25_d70_130_lr4e4] [operator][epoch 085] lambda=0.0232 train_mse=0.00928374 val_mse=0.00783527 val_mae=0.05429456 | peer_val_mse=0.00000427 peer_val_mae=0.00125799
[worker1/operator_burgers_student_lift_v2_gpu0] [operator_burgers_student_lift_v2/elem_ft_l003_w25_d70_130_lr4e4] [operator][epoch 086] lambda=0.0228 train_mse=0.00676479 val_mse=0.00674741 val_mae=0.05326665 | peer_val_mse=0.00000427 peer_val_mae=0.00125799
[worker1/operator_burgers_student_lift_v2_gpu0] [operator_burgers_student_lift_v2/elem_ft_l003_w25_d70_130_lr4e4] [operator][epoch 087] lambda=0.0223 train_mse=0.00790928 val_mse=0.00837165 val_mae=0.06151109 | peer_val_mse=0.00000427 peer_val_mae=0.00125799
[worker1/operator_burgers_student_lift_v2_gpu0] [operator_burgers_student_lift_v2/elem_ft_l003_w25_d70_130_lr4e4] [operator][epoch 088] lambda=0.0219 train_mse=0.00703817 val_mse=0.00620806 val_mae=0.04905674 | peer_val_mse=0.00000427 peer_val_mae=0.00125799
[worker1/operator_burgers_student_lift_v2_gpu0] [operator_burgers_student_lift_v2/elem_ft_l003_w25_d70_130_lr4e4] [operator][epoch 089] lambda=0.0215 train_mse=0.00670159 val_mse=0.00705444 val_mae=0.05370854 | peer_val_mse=0.00000427 peer_val_mae=0.00125799
[worker1/operator_burgers_student_lift_v2_gpu0] [operator_burgers_student_lift_v2/elem_ft_l003_w25_d70_130_lr4e4] [operator][epoch 090] lambda=0.0210 train_mse=0.00540868 val_mse=0.00561634 val_mae=0.04343770 | peer_val_mse=0.00000427 peer_val_mae=0.00125799
[worker1/operator_burgers_student_lift_v2_gpu0] [operator_burgers_student_lift_v2/elem_ft_l003_w25_d70_130_lr4e4] [operator][epoch 091] lambda=0.0206 train_mse=0.00546544 val_mse=0.00550329 val_mae=0.04606019 | peer_val_mse=0.00000427 peer_val_mae=0.00125799
[worker1/operator_burgers_student_lift_v2_gpu0] [operator_burgers_student_lift_v2/elem_ft_l003_w25_d70_130_lr4e4] [operator][epoch 092] lambda=0.0201 train_mse=0.00568263 val_mse=0.00571390 val_mae=0.04708054 | peer_val_mse=0.00000427 peer_val_mae=0.00125799
[worker1/operator_burgers_student_lift_v2_gpu0] [operator_burgers_student_lift_v2/elem_ft_l003_w25_d70_130_lr4e4] [operator][epoch 093] lambda=0.0197 train_mse=0.00497858 val_mse=0.00481619 val_mae=0.04057609 | peer_val_mse=0.00000427 peer_val_mae=0.00125799
[worker1/operator_burgers_student_lift_v2_gpu0] [operator_burgers_student_lift_v2/elem_ft_l003_w25_d70_130_lr4e4] [operator][epoch 094] lambda=0.0192 train_mse=0.00553324 val_mse=0.00587335 val_mae=0.04761870 | peer_val_mse=0.00000427 peer_val_mae=0.00125799
[worker1/operator_burgers_student_lift_v2_gpu0] [operator_burgers_student_lift_v2/elem_ft_l003_w25_d70_130_lr4e4] [operator][epoch 095] lambda=0.0187 train_mse=0.00708876 val_mse=0.00659286 val_mae=0.05203968 | peer_val_mse=0.00000427 peer_val_mae=0.00125799
[worker1/operator_burgers_student_lift_v2_gpu0] [operator_burgers_student_lift_v2/elem_ft_l003_w25_d70_130_lr4e4] [operator][epoch 096] lambda=0.0183 train_mse=0.00782504 val_mse=0.00954366 val_mae=0.06708194 | peer_val_mse=0.00000427 peer_val_mae=0.00125799
[worker1/operator_burgers_student_lift_v2_gpu0] [operator_burgers_student_lift_v2/elem_ft_l003_w25_d70_130_lr4e4] [operator][epoch 097] lambda=0.0178 train_mse=0.00875737 val_mse=0.00869271 val_mae=0.05978753 | peer_val_mse=0.00000427 peer_val_mae=0.00125799
[worker1/operator_burgers_student_lift_v2_gpu0] [operator_burgers_student_lift_v2/elem_ft_l003_w25_d70_130_lr4e4] [operator][epoch 098] lambda=0.0174 train_mse=0.00694885 val_mse=0.00545518 val_mae=0.04549435 | peer_val_mse=0.00000427 peer_val_mae=0.00125799
[worker1/operator_burgers_student_lift_v2_gpu0] [operator_burgers_student_lift_v2/elem_ft_l003_w25_d70_130_lr4e4] [operator][epoch 099] lambda=0.0169 train_mse=0.00506839 val_mse=0.00613581 val_mae=0.04680673 | peer_val_mse=0.00000427 peer_val_mae=0.00125799
[worker1/operator_burgers_student_lift_v2_gpu0] [operator_burgers_student_lift_v2/elem_ft_l003_w25_d70_130_lr4e4] [operator][epoch 100] lambda=0.0165 train_mse=0.00536437 val_mse=0.00543136 val_mae=0.04399172 | peer_val_mse=0.00000427 peer_val_mae=0.00125799
[worker1/operator_burgers_student_lift_v2_gpu0] [operator_burgers_student_lift_v2/elem_ft_l003_w25_d70_130_lr4e4] [operator][epoch 100] updated live plot
[worker1/operator_burgers_student_lift_v2_gpu0] [operator_burgers_student_lift_v2/elem_ft_l003_w25_d70_130_lr4e4] [operator][epoch 101] lambda=0.0160 train_mse=0.00511036 val_mse=0.00500099 val_mae=0.04100529 | peer_val_mse=0.00000427 peer_val_mae=0.00125799
[worker1/operator_burgers_student_lift_v2_gpu0] [operator_burgers_student_lift_v2/elem_ft_l003_w25_d70_130_lr4e4] [operator][epoch 102] lambda=0.0156 train_mse=0.00479090 val_mse=0.00599926 val_mae=0.04641349 | peer_val_mse=0.00000427 peer_val_mae=0.00125799
[worker1/operator_burgers_student_lift_v2_gpu0] [operator_burgers_student_lift_v2/elem_ft_l003_w25_d70_130_lr4e4] [operator][epoch 103] lambda=0.0151 train_mse=0.00510082 val_mse=0.00480113 val_mae=0.04017212 | peer_val_mse=0.00000427 peer_val_mae=0.00125799
[worker1/operator_burgers_student_lift_v2_gpu0] [operator_burgers_student_lift_v2/elem_ft_l003_w25_d70_130_lr4e4] [operator][epoch 104] lambda=0.0147 train_mse=0.00549600 val_mse=0.00756879 val_mae=0.05341549 | peer_val_mse=0.00000427 peer_val_mae=0.00125799
[worker1/operator_burgers_student_lift_v2_gpu0] [operator_burgers_student_lift_v2/elem_ft_l003_w25_d70_130_lr4e4] [operator][epoch 105] lambda=0.0142 train_mse=0.00978504 val_mse=0.00722044 val_mae=0.05421676 | peer_val_mse=0.00000427 peer_val_mae=0.00125799
[worker1/operator_burgers_student_lift_v2_gpu0] [operator_burgers_student_lift_v2/elem_ft_l003_w25_d70_130_lr4e4] [operator][epoch 106] lambda=0.0138 train_mse=0.00603049 val_mse=0.00566374 val_mae=0.04437090 | peer_val_mse=0.00000427 peer_val_mae=0.00125799
[worker1/operator_burgers_student_lift_v2_gpu0] [operator_burgers_student_lift_v2/elem_ft_l003_w25_d70_130_lr4e4] [operator][epoch 107] lambda=0.0133 train_mse=0.00685987 val_mse=0.00634651 val_mae=0.05054463 | peer_val_mse=0.00000427 peer_val_mae=0.00125799
[worker1/operator_burgers_student_lift_v2_gpu0] [operator_burgers_student_lift_v2/elem_ft_l003_w25_d70_130_lr4e4] [operator][epoch 108] lambda=0.0129 train_mse=0.00630083 val_mse=0.00540230 val_mae=0.04387190 | peer_val_mse=0.00000427 peer_val_mae=0.00125799
[worker1/operator_burgers_student_lift_v2_gpu0] [operator_burgers_student_lift_v2/elem_ft_l003_w25_d70_130_lr4e4] [operator][epoch 109] lambda=0.0124 train_mse=0.00492192 val_mse=0.00569598 val_mae=0.04673677 | peer_val_mse=0.00000427 peer_val_mae=0.00125799
[worker1/operator_darcy_student_lift_v2_gpu1] [operator_darcy_student_lift_v2/sample_ft_l003_w15_d45_90_lr2e4] [operator][epoch 054] lambda=0.0246 train_mse=0.00847316 val_mse=0.01678723 val_mae=0.09738218 | peer_val_mse=0.00281644 peer_val_mae=0.03476973
[worker1/operator_darcy_student_lift_v2_gpu1] [operator_darcy_student_lift_v2/sample_ft_l003_w15_d45_90_lr2e4] [operator][epoch 055] lambda=0.0240 train_mse=0.00988072 val_mse=0.01679160 val_mae=0.09628130 | peer_val_mse=0.00281644 peer_val_mae=0.03476973
[worker1/operator_darcy_student_lift_v2_gpu1] [operator_darcy_student_lift_v2/sample_ft_l003_w15_d45_90_lr2e4] [operator][epoch 056] lambda=0.0234 train_mse=0.00883371 val_mse=0.01753174 val_mae=0.10004853 | peer_val_mse=0.00281644 peer_val_mae=0.03476973
[worker1/operator_darcy_student_lift_v2_gpu1] [operator_darcy_student_lift_v2/sample_ft_l003_w15_d45_90_lr2e4] [operator][epoch 057] lambda=0.0228 train_mse=0.00827742 val_mse=0.01566848 val_mae=0.09357181 | peer_val_mse=0.00281644 peer_val_mae=0.03476973
[worker1/operator_darcy_student_lift_v2_gpu1] [operator_darcy_student_lift_v2/sample_ft_l003_w15_d45_90_lr2e4] [operator][epoch 058] lambda=0.0222 train_mse=0.00824389 val_mse=0.01541475 val_mae=0.09281921 | peer_val_mse=0.00281644 peer_val_mae=0.03476973
[worker1/operator_darcy_student_lift_v2_gpu1] [operator_darcy_student_lift_v2/sample_ft_l003_w15_d45_90_lr2e4] [operator][epoch 059] lambda=0.0216 train_mse=0.00826905 val_mse=0.01594258 val_mae=0.09427254 | peer_val_mse=0.00281644 peer_val_mae=0.03476973
[worker1/operator_darcy_student_lift_v2_gpu1] [operator_darcy_student_lift_v2/sample_ft_l003_w15_d45_90_lr2e4] [operator][epoch 060] lambda=0.0210 train_mse=0.00828564 val_mse=0.01549429 val_mae=0.09337499 | peer_val_mse=0.00281644 peer_val_mae=0.03476973
[worker1/operator_darcy_student_lift_v2_gpu1] [operator_darcy_student_lift_v2/sample_ft_l003_w15_d45_90_lr2e4] [operator][epoch 060] updated live plot
[worker1/operator_darcy_student_lift_v2_gpu1] [operator_darcy_student_lift_v2/sample_ft_l003_w15_d45_90_lr2e4] [operator][epoch 061] lambda=0.0204 train_mse=0.00808596 val_mse=0.01650242 val_mae=0.09610895 | peer_val_mse=0.00281644 peer_val_mae=0.03476973
[worker1/operator_darcy_student_lift_v2_gpu1] [operator_darcy_student_lift_v2/sample_ft_l003_w15_d45_90_lr2e4] [operator][epoch 062] lambda=0.0198 train_mse=0.00803138 val_mse=0.01548477 val_mae=0.09265314 | peer_val_mse=0.00281644 peer_val_mae=0.03476973
[worker1/operator_darcy_student_lift_v2_gpu1] [operator_darcy_student_lift_v2/sample_ft_l003_w15_d45_90_lr2e4] [operator][epoch 063] lambda=0.0192 train_mse=0.00779815 val_mse=0.01514764 val_mae=0.09183957 | peer_val_mse=0.00281644 peer_val_mae=0.03476973
[worker1/operator_darcy_student_lift_v2_gpu1] [operator_darcy_student_lift_v2/sample_ft_l003_w15_d45_90_lr2e4] [operator][epoch 064] lambda=0.0186 train_mse=0.00787928 val_mse=0.01631766 val_mae=0.09568156 | peer_val_mse=0.00281644 peer_val_mae=0.03476973
[worker1/operator_darcy_student_lift_v2_gpu1] [operator_darcy_student_lift_v2/sample_ft_l003_w15_d45_90_lr2e4] [operator][epoch 065] lambda=0.0180 train_mse=0.00869868 val_mse=0.01567086 val_mae=0.09369163 | peer_val_mse=0.00281644 peer_val_mae=0.03476973
[worker1/operator_darcy_student_lift_v2_gpu1] [operator_darcy_student_lift_v2/sample_ft_l003_w15_d45_90_lr2e4] [operator][epoch 066] lambda=0.0174 train_mse=0.00939678 val_mse=0.01583203 val_mae=0.09521756 | peer_val_mse=0.00281644 peer_val_mae=0.03476973
[worker1/operator_darcy_student_lift_v2_gpu1] [operator_darcy_student_lift_v2/sample_ft_l003_w15_d45_90_lr2e4] [operator][epoch 067] lambda=0.0168 train_mse=0.00846740 val_mse=0.01491454 val_mae=0.09135173 | peer_val_mse=0.00281644 peer_val_mae=0.03476973
[worker1/operator_darcy_student_lift_v2_gpu1] [operator_darcy_student_lift_v2/sample_ft_l003_w15_d45_90_lr2e4] [operator][epoch 068] lambda=0.0162 train_mse=0.00803022 val_mse=0.01591956 val_mae=0.09412660 | peer_val_mse=0.00281644 peer_val_mae=0.03476973
[worker1/operator_darcy_student_lift_v2_gpu1] [operator_darcy_student_lift_v2/sample_ft_l003_w15_d45_90_lr2e4] [operator][epoch 069] lambda=0.0156 train_mse=0.00830213 val_mse=0.01523328 val_mae=0.09213819 | peer_val_mse=0.00281644 peer_val_mae=0.03476973
[worker1/operator_darcy_student_lift_v2_gpu1] [operator_darcy_student_lift_v2/sample_ft_l003_w15_d45_90_lr2e4] [operator][epoch 070] lambda=0.0150 train_mse=0.00756686 val_mse=0.01546498 val_mae=0.09243923 | peer_val_mse=0.00281644 peer_val_mae=0.03476973
[worker1/operator_darcy_student_lift_v2_gpu1] [operator_darcy_student_lift_v2/sample_ft_l003_w15_d45_90_lr2e4] [operator][epoch 071] lambda=0.0144 train_mse=0.00748748 val_mse=0.01487526 val_mae=0.09078377 | peer_val_mse=0.00281644 peer_val_mae=0.03476973
[worker1/operator_darcy_student_lift_v2_gpu1] [operator_darcy_student_lift_v2/sample_ft_l003_w15_d45_90_lr2e4] [operator][epoch 072] lambda=0.0138 train_mse=0.00734523 val_mse=0.01468544 val_mae=0.08991026 | peer_val_mse=0.00281644 peer_val_mae=0.03476973
[worker1/operator_darcy_student_lift_v2_gpu1] [operator_darcy_student_lift_v2/sample_ft_l003_w15_d45_90_lr2e4] [operator][epoch 073] lambda=0.0132 train_mse=0.00704921 val_mse=0.01479127 val_mae=0.09039503 | peer_val_mse=0.00281644 peer_val_mae=0.03476973
[worker1/operator_darcy_student_lift_v2_gpu1] [operator_darcy_student_lift_v2/sample_ft_l003_w15_d45_90_lr2e4] [operator][epoch 074] lambda=0.0126 train_mse=0.00688796 val_mse=0.01462596 val_mae=0.08968895 | peer_val_mse=0.00281644 peer_val_mae=0.03476973
[worker1/operator_darcy_student_lift_v2_gpu1] [operator_darcy_student_lift_v2/sample_ft_l003_w15_d45_90_lr2e4] [operator][epoch 075] lambda=0.0120 train_mse=0.00687984 val_mse=0.01458478 val_mae=0.08947388 | peer_val_mse=0.00281644 peer_val_mae=0.03476973
[worker1/operator_darcy_student_lift_v2_gpu1] [operator_darcy_student_lift_v2/sample_ft_l003_w15_d45_90_lr2e4] [operator][epoch 076] lambda=0.0114 train_mse=0.00703846 val_mse=0.01535365 val_mae=0.09227201 | peer_val_mse=0.00281644 peer_val_mae=0.03476973
[worker1/operator_darcy_student_lift_v2_gpu1] [operator_darcy_student_lift_v2/sample_ft_l003_w15_d45_90_lr2e4] [operator][epoch 077] lambda=0.0108 train_mse=0.00741320 val_mse=0.01589675 val_mae=0.09366774 | peer_val_mse=0.00281644 peer_val_mae=0.03476973
[worker1/operator_darcy_student_lift_v2_gpu1] [operator_darcy_student_lift_v2/sample_ft_l003_w15_d45_90_lr2e4] [operator][epoch 078] lambda=0.0102 train_mse=0.00868982 val_mse=0.01643967 val_mae=0.09615770 | peer_val_mse=0.00281644 peer_val_mae=0.03476973
[worker1/operator_darcy_student_lift_v2_gpu1] [operator_darcy_student_lift_v2/sample_ft_l003_w15_d45_90_lr2e4] [operator][epoch 079] lambda=0.0096 train_mse=0.00833839 val_mse=0.01602792 val_mae=0.09406919 | peer_val_mse=0.00281644 peer_val_mae=0.03476973
[worker1/operator_darcy_student_lift_v2_gpu1] [operator_darcy_student_lift_v2/sample_ft_l003_w15_d45_90_lr2e4] [operator][epoch 080] lambda=0.0090 train_mse=0.00788833 val_mse=0.01525774 val_mae=0.09167529 | peer_val_mse=0.00281644 peer_val_mae=0.03476973
[worker1/operator_darcy_student_lift_v2_gpu1] [operator_darcy_student_lift_v2/sample_ft_l003_w15_d45_90_lr2e4] [operator][epoch 080] updated live plot
[worker1/operator_darcy_student_lift_v2_gpu1] [operator_darcy_student_lift_v2/sample_ft_l003_w15_d45_90_lr2e4] [operator][epoch 081] lambda=0.0084 train_mse=0.00710790 val_mse=0.01454174 val_mae=0.08914845 | peer_val_mse=0.00281644 peer_val_mae=0.03476973
[worker1/operator_darcy_student_lift_v2_gpu1] [operator_darcy_student_lift_v2/sample_ft_l003_w15_d45_90_lr2e4] [operator][epoch 082] lambda=0.0078 train_mse=0.00682716 val_mse=0.01495656 val_mae=0.09135683 | peer_val_mse=0.00281644 peer_val_mae=0.03476973
[worker1/operator_darcy_student_lift_v2_gpu1] [operator_darcy_student_lift_v2/sample_ft_l003_w15_d45_90_lr2e4] [operator][epoch 083] lambda=0.0072 train_mse=0.00736799 val_mse=0.01516761 val_mae=0.09176504 | peer_val_mse=0.00281644 peer_val_mae=0.03476973
[worker1/operator_darcy_student_lift_v2_gpu1] [operator_darcy_student_lift_v2/sample_ft_l003_w15_d45_90_lr2e4] [operator][epoch 084] lambda=0.0066 train_mse=0.00677383 val_mse=0.01450440 val_mae=0.08884740 | peer_val_mse=0.00281644 peer_val_mae=0.03476973
[worker1/operator_darcy_student_lift_v2_gpu1] [operator_darcy_student_lift_v2/sample_ft_l003_w15_d45_90_lr2e4] [operator][epoch 085] lambda=0.0060 train_mse=0.00651270 val_mse=0.01556639 val_mae=0.09258117 | peer_val_mse=0.00281644 peer_val_mae=0.03476973
[worker1/operator_darcy_student_lift_v2_gpu1] [operator_darcy_student_lift_v2/sample_ft_l003_w15_d45_90_lr2e4] [operator][epoch 086] lambda=0.0054 train_mse=0.00756792 val_mse=0.01579539 val_mae=0.09282679 | peer_val_mse=0.00281644 peer_val_mae=0.03476973
[worker1/operator_darcy_student_lift_v2_gpu1] [operator_darcy_student_lift_v2/sample_ft_l003_w15_d45_90_lr2e4] [operator][epoch 087] lambda=0.0048 train_mse=0.00668485 val_mse=0.01401537 val_mae=0.08739333 | peer_val_mse=0.00281644 peer_val_mae=0.03476973
[worker1/operator_darcy_student_lift_v2_gpu1] [operator_darcy_student_lift_v2/sample_ft_l003_w15_d45_90_lr2e4] [operator][epoch 088] lambda=0.0042 train_mse=0.00665905 val_mse=0.01475618 val_mae=0.08968771 | peer_val_mse=0.00281644 peer_val_mae=0.03476973
[worker1/operator_darcy_student_lift_v2_gpu1] [operator_darcy_student_lift_v2/sample_ft_l003_w15_d45_90_lr2e4] [operator][epoch 089] lambda=0.0036 train_mse=0.00761986 val_mse=0.01618530 val_mae=0.09474607 | peer_val_mse=0.00281644 peer_val_mae=0.03476973
[worker1/operator_darcy_student_lift_v2_gpu1] [operator_darcy_student_lift_v2/sample_ft_l003_w15_d45_90_lr2e4] [operator][epoch 090] lambda=0.0030 train_mse=0.00851415 val_mse=0.01450897 val_mae=0.08975238 | peer_val_mse=0.00281644 peer_val_mae=0.03476973
[worker1/operator_darcy_student_lift_v2_gpu1] [operator_darcy_student_lift_v2/sample_ft_l003_w15_d45_90_lr2e4] [operator][epoch 091] lambda=0.0030 train_mse=0.00801762 val_mse=0.01627162 val_mae=0.09560830 | peer_val_mse=0.00281644 peer_val_mae=0.03476973
[worker1/operator_burgers_student_lift_v2_gpu0] [operator_burgers_student_lift_v2/elem_ft_l003_w25_d70_130_lr4e4] [operator][epoch 110] lambda=0.0120 train_mse=0.00527802 val_mse=0.00548098 val_mae=0.04547362 | peer_val_mse=0.00000427 peer_val_mae=0.00125799
[worker1/operator_burgers_student_lift_v2_gpu0] [operator_burgers_student_lift_v2/elem_ft_l003_w25_d70_130_lr4e4] [operator][epoch 111] lambda=0.0115 train_mse=0.00597735 val_mse=0.00619062 val_mae=0.04942459 | peer_val_mse=0.00000427 peer_val_mae=0.00125799
[worker1/operator_burgers_student_lift_v2_gpu0] [operator_burgers_student_lift_v2/elem_ft_l003_w25_d70_130_lr4e4] [operator][epoch 112] lambda=0.0111 train_mse=0.00612662 val_mse=0.00611772 val_mae=0.04760473 | peer_val_mse=0.00000427 peer_val_mae=0.00125799
[worker1/operator_burgers_student_lift_v2_gpu0] [operator_burgers_student_lift_v2/elem_ft_l003_w25_d70_130_lr4e4] [operator][epoch 113] lambda=0.0106 train_mse=0.00531227 val_mse=0.00683527 val_mae=0.05190103 | peer_val_mse=0.00000427 peer_val_mae=0.00125799
[worker1/operator_burgers_student_lift_v2_gpu0] [operator_burgers_student_lift_v2/elem_ft_l003_w25_d70_130_lr4e4] [operator][epoch 114] lambda=0.0102 train_mse=0.00557480 val_mse=0.00533160 val_mae=0.04379451 | peer_val_mse=0.00000427 peer_val_mae=0.00125799
[worker1/operator_burgers_student_lift_v2_gpu0] [operator_burgers_student_lift_v2/elem_ft_l003_w25_d70_130_lr4e4] [operator][epoch 115] lambda=0.0097 train_mse=0.00487432 val_mse=0.00505658 val_mae=0.04479576 | peer_val_mse=0.00000427 peer_val_mae=0.00125799
[worker1/operator_burgers_student_lift_v2_gpu0] [operator_burgers_student_lift_v2/elem_ft_l003_w25_d70_130_lr4e4] [operator][epoch 116] lambda=0.0093 train_mse=0.00571417 val_mse=0.00848189 val_mae=0.05789196 | peer_val_mse=0.00000427 peer_val_mae=0.00125799
[worker1/operator_burgers_student_lift_v2_gpu0] [operator_burgers_student_lift_v2/elem_ft_l003_w25_d70_130_lr4e4] [operator][epoch 117] lambda=0.0089 train_mse=0.00627781 val_mse=0.00573635 val_mae=0.04788836 | peer_val_mse=0.00000427 peer_val_mae=0.00125799
[worker1/operator_burgers_student_lift_v2_gpu0] [operator_burgers_student_lift_v2/elem_ft_l003_w25_d70_130_lr4e4] [operator][epoch 118] lambda=0.0084 train_mse=0.00562470 val_mse=0.00705057 val_mae=0.05197363 | peer_val_mse=0.00000427 peer_val_mae=0.00125799
[worker1/operator_burgers_student_lift_v2_gpu0] [operator_burgers_student_lift_v2/elem_ft_l003_w25_d70_130_lr4e4] [operator][epoch 119] lambda=0.0080 train_mse=0.00523803 val_mse=0.00522979 val_mae=0.04203824 | peer_val_mse=0.00000427 peer_val_mae=0.00125799
[worker1/operator_burgers_student_lift_v2_gpu0] [operator_burgers_student_lift_v2/elem_ft_l003_w25_d70_130_lr4e4] [operator][epoch 120] lambda=0.0075 train_mse=0.00534403 val_mse=0.00570023 val_mae=0.04676232 | peer_val_mse=0.00000427 peer_val_mae=0.00125799
[worker1/operator_burgers_student_lift_v2_gpu0] [operator_burgers_student_lift_v2/elem_ft_l003_w25_d70_130_lr4e4] [operator][epoch 120] updated live plot
[worker1/operator_burgers_student_lift_v2_gpu0] [operator_burgers_student_lift_v2/elem_ft_l003_w25_d70_130_lr4e4] [operator][epoch 121] lambda=0.0070 train_mse=0.00494273 val_mse=0.00525711 val_mae=0.04353358 | peer_val_mse=0.00000427 peer_val_mae=0.00125799
[worker1/operator_burgers_student_lift_v2_gpu0] [operator_burgers_student_lift_v2/elem_ft_l003_w25_d70_130_lr4e4] [operator][epoch 122] lambda=0.0066 train_mse=0.00629623 val_mse=0.00575303 val_mae=0.04683782 | peer_val_mse=0.00000427 peer_val_mae=0.00125799
[worker1/operator_burgers_student_lift_v2_gpu0] [operator_burgers_student_lift_v2/elem_ft_l003_w25_d70_130_lr4e4] [operator][epoch 123] lambda=0.0061 train_mse=0.00534712 val_mse=0.00649586 val_mae=0.05078549 | peer_val_mse=0.00000427 peer_val_mae=0.00125799
[worker1/operator_burgers_student_lift_v2_gpu0] [operator_burgers_student_lift_v2/elem_ft_l003_w25_d70_130_lr4e4] [operator][epoch 124] lambda=0.0057 train_mse=0.00518738 val_mse=0.00548613 val_mae=0.04425597 | peer_val_mse=0.00000427 peer_val_mae=0.00125799
[worker1/operator_burgers_student_lift_v2_gpu0] [operator_burgers_student_lift_v2/elem_ft_l003_w25_d70_130_lr4e4] [operator][epoch 125] lambda=0.0053 train_mse=0.00501480 val_mse=0.00557970 val_mae=0.04397924 | peer_val_mse=0.00000427 peer_val_mae=0.00125799
[worker1/operator_burgers_student_lift_v2_gpu0] [operator_burgers_student_lift_v2/elem_ft_l003_w25_d70_130_lr4e4] [operator][epoch 126] lambda=0.0048 train_mse=0.00469987 val_mse=0.00494204 val_mae=0.04313798 | peer_val_mse=0.00000427 peer_val_mae=0.00125799
[worker1/operator_burgers_student_lift_v2_gpu0] [operator_burgers_student_lift_v2/elem_ft_l003_w25_d70_130_lr4e4] [operator][epoch 127] lambda=0.0044 train_mse=0.00522033 val_mse=0.00474155 val_mae=0.04096475 | peer_val_mse=0.00000427 peer_val_mae=0.00125799
[worker1/operator_burgers_student_lift_v2_gpu0] [operator_burgers_student_lift_v2/elem_ft_l003_w25_d70_130_lr4e4] [operator][epoch 128] lambda=0.0039 train_mse=0.00500358 val_mse=0.00626073 val_mae=0.04804462 | peer_val_mse=0.00000427 peer_val_mae=0.00125799
[worker1/operator_burgers_student_lift_v2_gpu0] [operator_burgers_student_lift_v2/elem_ft_l003_w25_d70_130_lr4e4] [operator][epoch 129] lambda=0.0034 train_mse=0.00608245 val_mse=0.00720313 val_mae=0.05151739 | peer_val_mse=0.00000427 peer_val_mae=0.00125799
[worker1/operator_burgers_student_lift_v2_gpu0] [operator_burgers_student_lift_v2/elem_ft_l003_w25_d70_130_lr4e4] [operator][epoch 130] lambda=0.0030 train_mse=0.00738314 val_mse=0.00816244 val_mae=0.06122840 | peer_val_mse=0.00000427 peer_val_mae=0.00125799
[worker1/operator_burgers_student_lift_v2_gpu0] [operator_burgers_student_lift_v2/elem_ft_l003_w25_d70_130_lr4e4] [operator][epoch 131] lambda=0.0030 train_mse=0.00903500 val_mse=0.00765794 val_mae=0.05747870 | peer_val_mse=0.00000427 peer_val_mae=0.00125799
[worker1/operator_burgers_student_lift_v2_gpu0] [operator_burgers_student_lift_v2/elem_ft_l003_w25_d70_130_lr4e4] [operator][epoch 132] lambda=0.0030 train_mse=0.00588904 val_mse=0.00551929 val_mae=0.04621101 | peer_val_mse=0.00000427 peer_val_mae=0.00125799
[worker1/operator_burgers_student_lift_v2_gpu0] [operator_burgers_student_lift_v2/elem_ft_l003_w25_d70_130_lr4e4] [operator][epoch 133] lambda=0.0030 train_mse=0.00481383 val_mse=0.00514506 val_mae=0.04254385 | peer_val_mse=0.00000427 peer_val_mae=0.00125799
[worker1/operator_burgers_student_lift_v2_gpu0] [operator_burgers_student_lift_v2/elem_ft_l003_w25_d70_130_lr4e4] [operator][epoch 134] lambda=0.0030 train_mse=0.00557635 val_mse=0.00818856 val_mae=0.05649826 | peer_val_mse=0.00000427 peer_val_mae=0.00125799
[worker1/operator_burgers_student_lift_v2_gpu0] [operator_burgers_student_lift_v2/elem_ft_l003_w25_d70_130_lr4e4] [operator][epoch 135] lambda=0.0030 train_mse=0.00494064 val_mse=0.00496208 val_mae=0.04119685 | peer_val_mse=0.00000427 peer_val_mae=0.00125799
[worker1/operator_burgers_student_lift_v2_gpu0] [operator_burgers_student_lift_v2/elem_ft_l003_w25_d70_130_lr4e4] [operator][epoch 136] lambda=0.0030 train_mse=0.00440499 val_mse=0.00457473 val_mae=0.03926351 | peer_val_mse=0.00000427 peer_val_mae=0.00125799
[worker1/operator_burgers_student_lift_v2_gpu0] [operator_burgers_student_lift_v2/elem_ft_l003_w25_d70_130_lr4e4] [operator][epoch 137] lambda=0.0030 train_mse=0.00493675 val_mse=0.00686718 val_mae=0.05577466 | peer_val_mse=0.00000427 peer_val_mae=0.00125799
[worker1/operator_burgers_student_lift_v2_gpu0] [operator_burgers_student_lift_v2/elem_ft_l003_w25_d70_130_lr4e4] [operator][epoch 138] lambda=0.0030 train_mse=0.00611733 val_mse=0.00523637 val_mae=0.04336946 | peer_val_mse=0.00000427 peer_val_mae=0.00125799
[worker1/operator_burgers_student_lift_v2_gpu0] [operator_burgers_student_lift_v2/elem_ft_l003_w25_d70_130_lr4e4] [operator][epoch 139] lambda=0.0030 train_mse=0.00491155 val_mse=0.00438504 val_mae=0.03801641 | peer_val_mse=0.00000427 peer_val_mae=0.00125799
[worker1/operator_burgers_student_lift_v2_gpu0] [operator_burgers_student_lift_v2/elem_ft_l003_w25_d70_130_lr4e4] [operator][epoch 140] lambda=0.0030 train_mse=0.00447575 val_mse=0.00534132 val_mae=0.04340138 | peer_val_mse=0.00000427 peer_val_mae=0.00125799
[worker1/operator_burgers_student_lift_v2_gpu0] [operator_burgers_student_lift_v2/elem_ft_l003_w25_d70_130_lr4e4] [operator][epoch 140] updated live plot
[worker1/operator_burgers_student_lift_v2_gpu0] [operator_burgers_student_lift_v2/elem_ft_l003_w25_d70_130_lr4e4] [operator] done
[worker1/operator_burgers_student_lift_v2_gpu0] [operator_burgers_student_lift_v2/elem_ft_l003_w25_d70_130_lr4e4] [operator] dataset=burgers pair=deeponet:fno method=ssml seed=2
[worker1/operator_burgers_student_lift_v2_gpu0] [operator_burgers_student_lift_v2/elem_ft_l003_w25_d70_130_lr4e4] [operator] loaded init_checkpoint=results/operator_burgers_followup_v1/burgers_l005_m0_w12_d60_120_ow1/operator/burgers/deeponet_independent_mse_seed2/model.pt
[worker1/operator_burgers_student_lift_v2_gpu0] [operator_burgers_student_lift_v2/elem_ft_l003_w25_d70_130_lr4e4] [operator] loaded peer_init_checkpoint=results/operator_burgers_followup_v1/burgers_l005_m0_w12_d60_120_ow1/operator/burgers/fno_independent_mse_seed2/model.pt
[worker1/operator_burgers_student_lift_v2_gpu0] [operator_burgers_student_lift_v2/elem_ft_l003_w25_d70_130_lr4e4] [operator] run_dir=results/operator_burgers_student_lift_v2/elem_ft_l003_w25_d70_130_lr4e4/operator/burgers/deeponet__fno_ssml_mse_seed2
[worker1/operator_burgers_student_lift_v2_gpu0] [operator_burgers_student_lift_v2/elem_ft_l003_w25_d70_130_lr4e4] [operator] params=198656
[worker1/operator_burgers_student_lift_v2_gpu0] [operator_burgers_student_lift_v2/elem_ft_l003_w25_d70_130_lr4e4] [operator] granularity=element student_only=True freeze_peer=True peer_updates_disabled=True
[worker1/operator_burgers_student_lift_v2_gpu0] [operator_burgers_student_lift_v2/elem_ft_l003_w25_d70_130_lr4e4] [operator][epoch 001] lambda=0.0000 train_mse=0.01653651 val_mse=0.01049716 val_mae=0.06765320 | peer_val_mse=0.00002689 peer_val_mae=0.00366316
[worker1/operator_burgers_student_lift_v2_gpu0] [operator_burgers_student_lift_v2/elem_ft_l003_w25_d70_130_lr4e4] [operator][epoch 002] lambda=0.0000 train_mse=0.01146283 val_mse=0.01487896 val_mae=0.08459184 | peer_val_mse=0.00002689 peer_val_mae=0.00366316
[worker1/operator_burgers_student_lift_v2_gpu0] [operator_burgers_student_lift_v2/elem_ft_l003_w25_d70_130_lr4e4] [operator][epoch 003] lambda=0.0000 train_mse=0.01228013 val_mse=0.01185200 val_mae=0.07543690 | peer_val_mse=0.00002689 peer_val_mae=0.00366316
[worker1/operator_burgers_student_lift_v2_gpu0] [operator_burgers_student_lift_v2/elem_ft_l003_w25_d70_130_lr4e4] [operator][epoch 004] lambda=0.0000 train_mse=0.01269832 val_mse=0.01126209 val_mae=0.06903876 | peer_val_mse=0.00002689 peer_val_mae=0.00366316
[worker1/operator_burgers_student_lift_v2_gpu0] [operator_burgers_student_lift_v2/elem_ft_l003_w25_d70_130_lr4e4] [operator][epoch 005] lambda=0.0000 train_mse=0.01079341 val_mse=0.01014830 val_mae=0.06461509 | peer_val_mse=0.00002689 peer_val_mae=0.00366316
[worker1/operator_burgers_student_lift_v2_gpu0] [operator_burgers_student_lift_v2/elem_ft_l003_w25_d70_130_lr4e4] [operator][epoch 006] lambda=0.0000 train_mse=0.01353202 val_mse=0.01253717 val_mae=0.07531976 | peer_val_mse=0.00002689 peer_val_mae=0.00366316
[worker1/operator_burgers_student_lift_v2_gpu0] [operator_burgers_student_lift_v2/elem_ft_l003_w25_d70_130_lr4e4] [operator][epoch 007] lambda=0.0000 train_mse=0.01339153 val_mse=0.01417694 val_mae=0.08371023 | peer_val_mse=0.00002689 peer_val_mae=0.00366316
[worker1/operator_burgers_student_lift_v2_gpu0] [operator_burgers_student_lift_v2/elem_ft_l003_w25_d70_130_lr4e4] [operator][epoch 008] lambda=0.0000 train_mse=0.01368817 val_mse=0.01300140 val_mae=0.07898692 | peer_val_mse=0.00002689 peer_val_mae=0.00366316
[worker1/operator_burgers_student_lift_v2_gpu0] [operator_burgers_student_lift_v2/elem_ft_l003_w25_d70_130_lr4e4] [operator][epoch 009] lambda=0.0000 train_mse=0.01365811 val_mse=0.01362512 val_mae=0.07976657 | peer_val_mse=0.00002689 peer_val_mae=0.00366316
[worker1/operator_burgers_student_lift_v2_gpu0] [operator_burgers_student_lift_v2/elem_ft_l003_w25_d70_130_lr4e4] [operator][epoch 010] lambda=0.0000 train_mse=0.01427020 val_mse=0.01469763 val_mae=0.08116238 | peer_val_mse=0.00002689 peer_val_mae=0.00366316
[worker1/operator_burgers_student_lift_v2_gpu0] [operator_burgers_student_lift_v2/elem_ft_l003_w25_d70_130_lr4e4] [operator][epoch 011] lambda=0.0000 train_mse=0.01170726 val_mse=0.00947226 val_mae=0.06319353 | peer_val_mse=0.00002689 peer_val_mae=0.00366316
[worker1/operator_burgers_student_lift_v2_gpu0] [operator_burgers_student_lift_v2/elem_ft_l003_w25_d70_130_lr4e4] [operator][epoch 012] lambda=0.0000 train_mse=0.01127739 val_mse=0.01154840 val_mae=0.07375937 | peer_val_mse=0.00002689 peer_val_mae=0.00366316
[worker1/operator_burgers_student_lift_v2_gpu0] [operator_burgers_student_lift_v2/elem_ft_l003_w25_d70_130_lr4e4] [operator][epoch 013] lambda=0.0000 train_mse=0.01046119 val_mse=0.00953787 val_mae=0.06287150 | peer_val_mse=0.00002689 peer_val_mae=0.00366316
[worker1/operator_burgers_student_lift_v2_gpu0] [operator_burgers_student_lift_v2/elem_ft_l003_w25_d70_130_lr4e4] [operator][epoch 014] lambda=0.0000 train_mse=0.01118142 val_mse=0.01210531 val_mae=0.07200063 | peer_val_mse=0.00002689 peer_val_mae=0.00366316
[worker1/operator_burgers_student_lift_v2_gpu0] [operator_burgers_student_lift_v2/elem_ft_l003_w25_d70_130_lr4e4] [operator][epoch 015] lambda=0.0000 train_mse=0.01147521 val_mse=0.01009176 val_mae=0.06483325 | peer_val_mse=0.00002689 peer_val_mae=0.00366316
[worker1/operator_burgers_student_lift_v2_gpu0] [operator_burgers_student_lift_v2/elem_ft_l003_w25_d70_130_lr4e4] [operator][epoch 016] lambda=0.0000 train_mse=0.00955971 val_mse=0.00924963 val_mae=0.06269593 | peer_val_mse=0.00002689 peer_val_mae=0.00366316
[worker1/operator_burgers_student_lift_v2_gpu0] [operator_burgers_student_lift_v2/elem_ft_l003_w25_d70_130_lr4e4] [operator][epoch 017] lambda=0.0000 train_mse=0.00941422 val_mse=0.00839242 val_mae=0.05850679 | peer_val_mse=0.00002689 peer_val_mae=0.00366316
[worker1/operator_burgers_student_lift_v2_gpu0] [operator_burgers_student_lift_v2/elem_ft_l003_w25_d70_130_lr4e4] [operator][epoch 018] lambda=0.0000 train_mse=0.01032369 val_mse=0.00957990 val_mae=0.06650524 | peer_val_mse=0.00002689 peer_val_mae=0.00366316
[worker1/operator_burgers_student_lift_v2_gpu0] [operator_burgers_student_lift_v2/elem_ft_l003_w25_d70_130_lr4e4] [operator][epoch 019] lambda=0.0000 train_mse=0.01209769 val_mse=0.01469166 val_mae=0.08670077 | peer_val_mse=0.00002689 peer_val_mae=0.00366316
[worker1/operator_burgers_student_lift_v2_gpu0] [operator_burgers_student_lift_v2/elem_ft_l003_w25_d70_130_lr4e4] [operator][epoch 020] lambda=0.0000 train_mse=0.01319458 val_mse=0.01259721 val_mae=0.08194354 | peer_val_mse=0.00002689 peer_val_mae=0.00366316
[worker1/operator_burgers_student_lift_v2_gpu0] [operator_burgers_student_lift_v2/elem_ft_l003_w25_d70_130_lr4e4] [operator][epoch 020] updated live plot
[worker1/operator_burgers_student_lift_v2_gpu0] [operator_burgers_student_lift_v2/elem_ft_l003_w25_d70_130_lr4e4] [operator][epoch 021] lambda=0.0000 train_mse=0.01373986 val_mse=0.01233107 val_mae=0.07478626 | peer_val_mse=0.00002689 peer_val_mae=0.00366316
[worker1/operator_burgers_student_lift_v2_gpu0] [operator_burgers_student_lift_v2/elem_ft_l003_w25_d70_130_lr4e4] [operator][epoch 022] lambda=0.0000 train_mse=0.01134463 val_mse=0.01371705 val_mae=0.07868288 | peer_val_mse=0.00002689 peer_val_mae=0.00366316
[worker1/operator_burgers_student_lift_v2_gpu0] [operator_burgers_student_lift_v2/elem_ft_l003_w25_d70_130_lr4e4] [operator][epoch 023] lambda=0.0000 train_mse=0.01143625 val_mse=0.01339177 val_mae=0.07865167 | peer_val_mse=0.00002689 peer_val_mae=0.00366316
[worker1/operator_burgers_student_lift_v2_gpu0] [operator_burgers_student_lift_v2/elem_ft_l003_w25_d70_130_lr4e4] [operator][epoch 024] lambda=0.0000 train_mse=0.01247408 val_mse=0.00884783 val_mae=0.06139012 | peer_val_mse=0.00002689 peer_val_mae=0.00366316
[worker1/operator_burgers_student_lift_v2_gpu0] [operator_burgers_student_lift_v2/elem_ft_l003_w25_d70_130_lr4e4] [operator][epoch 025] lambda=0.0000 train_mse=0.00920514 val_mse=0.00793850 val_mae=0.05781273 | peer_val_mse=0.00002689 peer_val_mae=0.00366316
[worker1/operator_burgers_student_lift_v2_gpu0] [operator_burgers_student_lift_v2/elem_ft_l003_w25_d70_130_lr4e4] [operator][epoch 026] lambda=0.0300 train_mse=0.00907450 val_mse=0.00726629 val_mae=0.05456217 | peer_val_mse=0.00002689 peer_val_mae=0.00366316
[worker1/operator_burgers_student_lift_v2_gpu0] [operator_burgers_student_lift_v2/elem_ft_l003_w25_d70_130_lr4e4] [operator][epoch 027] lambda=0.0300 train_mse=0.00830779 val_mse=0.00985173 val_mae=0.06331293 | peer_val_mse=0.00002689 peer_val_mae=0.00366316
[worker1/operator_burgers_student_lift_v2_gpu0] [operator_burgers_student_lift_v2/elem_ft_l003_w25_d70_130_lr4e4] [operator][epoch 028] lambda=0.0300 train_mse=0.00971550 val_mse=0.01149034 val_mae=0.07304206 | peer_val_mse=0.00002689 peer_val_mae=0.00366316
[worker1/operator_burgers_student_lift_v2_gpu0] [operator_burgers_student_lift_v2/elem_ft_l003_w25_d70_130_lr4e4] [operator][epoch 029] lambda=0.0300 train_mse=0.01052851 val_mse=0.00822804 val_mae=0.05903454 | peer_val_mse=0.00002689 peer_val_mae=0.00366316
[worker1/operator_burgers_student_lift_v2_gpu0] [operator_burgers_student_lift_v2/elem_ft_l003_w25_d70_130_lr4e4] [operator][epoch 030] lambda=0.0300 train_mse=0.01024348 val_mse=0.00969639 val_mae=0.06358512 | peer_val_mse=0.00002689 peer_val_mae=0.00366316
[worker1/operator_burgers_student_lift_v2_gpu0] [operator_burgers_student_lift_v2/elem_ft_l003_w25_d70_130_lr4e4] [operator][epoch 031] lambda=0.0300 train_mse=0.00927996 val_mse=0.00830715 val_mae=0.05794614 | peer_val_mse=0.00002689 peer_val_mae=0.00366316
[worker1/operator_burgers_student_lift_v2_gpu0] [operator_burgers_student_lift_v2/elem_ft_l003_w25_d70_130_lr4e4] [operator][epoch 032] lambda=0.0300 train_mse=0.01168183 val_mse=0.01035628 val_mae=0.06825035 | peer_val_mse=0.00002689 peer_val_mae=0.00366316
[worker1/operator_burgers_student_lift_v2_gpu0] [operator_burgers_student_lift_v2/elem_ft_l003_w25_d70_130_lr4e4] [operator][epoch 033] lambda=0.0300 train_mse=0.01401771 val_mse=0.01025982 val_mae=0.06807878 | peer_val_mse=0.00002689 peer_val_mae=0.00366316
[worker1/operator_burgers_student_lift_v2_gpu0] [operator_burgers_student_lift_v2/elem_ft_l003_w25_d70_130_lr4e4] [operator][epoch 034] lambda=0.0300 train_mse=0.01191839 val_mse=0.01191013 val_mae=0.07674422 | peer_val_mse=0.00002689 peer_val_mae=0.00366316
[worker1/operator_burgers_student_lift_v2_gpu0] [operator_burgers_student_lift_v2/elem_ft_l003_w25_d70_130_lr4e4] [operator][epoch 035] lambda=0.0300 train_mse=0.00992844 val_mse=0.01023343 val_mae=0.06553474 | peer_val_mse=0.00002689 peer_val_mae=0.00366316
[worker1/operator_burgers_student_lift_v2_gpu0] [operator_burgers_student_lift_v2/elem_ft_l003_w25_d70_130_lr4e4] [operator][epoch 036] lambda=0.0300 train_mse=0.00982740 val_mse=0.00840631 val_mae=0.05900995 | peer_val_mse=0.00002689 peer_val_mae=0.00366316
[worker1/operator_burgers_student_lift_v2_gpu0] [operator_burgers_student_lift_v2/elem_ft_l003_w25_d70_130_lr4e4] [operator][epoch 037] lambda=0.0300 train_mse=0.00901253 val_mse=0.00862584 val_mae=0.05957771 | peer_val_mse=0.00002689 peer_val_mae=0.00366316
[worker1/operator_burgers_student_lift_v2_gpu0] [operator_burgers_student_lift_v2/elem_ft_l003_w25_d70_130_lr4e4] [operator][epoch 038] lambda=0.0300 train_mse=0.00822858 val_mse=0.00756641 val_mae=0.05548350 | peer_val_mse=0.00002689 peer_val_mae=0.00366316
[worker1/operator_burgers_student_lift_v2_gpu0] [operator_burgers_student_lift_v2/elem_ft_l003_w25_d70_130_lr4e4] [operator][epoch 039] lambda=0.0300 train_mse=0.00938748 val_mse=0.00980830 val_mae=0.06381087 | peer_val_mse=0.00002689 peer_val_mae=0.00366316
[worker1/operator_burgers_student_lift_v2_gpu0] [operator_burgers_student_lift_v2/elem_ft_l003_w25_d70_130_lr4e4] [operator][epoch 040] lambda=0.0300 train_mse=0.00943708 val_mse=0.00867834 val_mae=0.06041947 | peer_val_mse=0.00002689 peer_val_mae=0.00366316
[worker1/operator_burgers_student_lift_v2_gpu0] [operator_burgers_student_lift_v2/elem_ft_l003_w25_d70_130_lr4e4] [operator][epoch 040] updated live plot
[worker1/operator_burgers_student_lift_v2_gpu0] [operator_burgers_student_lift_v2/elem_ft_l003_w25_d70_130_lr4e4] [operator][epoch 041] lambda=0.0300 train_mse=0.00827924 val_mse=0.00849650 val_mae=0.05979317 | peer_val_mse=0.00002689 peer_val_mae=0.00366316
[worker1/operator_burgers_student_lift_v2_gpu0] [operator_burgers_student_lift_v2/elem_ft_l003_w25_d70_130_lr4e4] [operator][epoch 042] lambda=0.0300 train_mse=0.00845391 val_mse=0.00896662 val_mae=0.06112485 | peer_val_mse=0.00002689 peer_val_mae=0.00366316
[worker1/operator_burgers_student_lift_v2_gpu0] [operator_burgers_student_lift_v2/elem_ft_l003_w25_d70_130_lr4e4] [operator][epoch 043] lambda=0.0300 train_mse=0.01425505 val_mse=0.01155220 val_mae=0.07491379 | peer_val_mse=0.00002689 peer_val_mae=0.00366316
[worker1/operator_burgers_student_lift_v2_gpu0] [operator_burgers_student_lift_v2/elem_ft_l003_w25_d70_130_lr4e4] [operator][epoch 044] lambda=0.0300 train_mse=0.01156308 val_mse=0.01109037 val_mae=0.07241955 | peer_val_mse=0.00002689 peer_val_mae=0.00366316
[worker1/operator_burgers_student_lift_v2_gpu0] [operator_burgers_student_lift_v2/elem_ft_l003_w25_d70_130_lr4e4] [operator][epoch 045] lambda=0.0300 train_mse=0.00802229 val_mse=0.00635828 val_mae=0.04873185 | peer_val_mse=0.00002689 peer_val_mae=0.00366316
[worker1/operator_burgers_student_lift_v2_gpu0] [operator_burgers_student_lift_v2/elem_ft_l003_w25_d70_130_lr4e4] [operator][epoch 046] lambda=0.0300 train_mse=0.00763689 val_mse=0.00867575 val_mae=0.06161918 | peer_val_mse=0.00002689 peer_val_mae=0.00366316
[worker1/operator_burgers_student_lift_v2_gpu0] [operator_burgers_student_lift_v2/elem_ft_l003_w25_d70_130_lr4e4] [operator][epoch 047] lambda=0.0300 train_mse=0.00852212 val_mse=0.00699935 val_mae=0.05409580 | peer_val_mse=0.00002689 peer_val_mae=0.00366316
[worker1/operator_burgers_student_lift_v2_gpu0] [operator_burgers_student_lift_v2/elem_ft_l003_w25_d70_130_lr4e4] [operator][epoch 048] lambda=0.0300 train_mse=0.00818852 val_mse=0.00740035 val_mae=0.05599116 | peer_val_mse=0.00002689 peer_val_mae=0.00366316
[worker1/operator_burgers_student_lift_v2_gpu0] [operator_burgers_student_lift_v2/elem_ft_l003_w25_d70_130_lr4e4] [operator][epoch 049] lambda=0.0300 train_mse=0.00778212 val_mse=0.00815486 val_mae=0.06090351 | peer_val_mse=0.00002689 peer_val_mae=0.00366316
[worker1/operator_burgers_student_lift_v2_gpu0] [operator_burgers_student_lift_v2/elem_ft_l003_w25_d70_130_lr4e4] [operator][epoch 050] lambda=0.0300 train_mse=0.00861683 val_mse=0.00853336 val_mae=0.06186291 | peer_val_mse=0.00002689 peer_val_mae=0.00366316
[worker1/operator_burgers_student_lift_v2_gpu0] [operator_burgers_student_lift_v2/elem_ft_l003_w25_d70_130_lr4e4] [operator][epoch 051] lambda=0.0300 train_mse=0.00984821 val_mse=0.00885371 val_mae=0.05808928 | peer_val_mse=0.00002689 peer_val_mae=0.00366316
[worker1/operator_burgers_student_lift_v2_gpu0] [operator_burgers_student_lift_v2/elem_ft_l003_w25_d70_130_lr4e4] [operator][epoch 052] lambda=0.0300 train_mse=0.00758165 val_mse=0.00765703 val_mae=0.05775849 | peer_val_mse=0.00002689 peer_val_mae=0.00366316
[worker1/operator_burgers_student_lift_v2_gpu0] [operator_burgers_student_lift_v2/elem_ft_l003_w25_d70_130_lr4e4] [operator][epoch 053] lambda=0.0300 train_mse=0.00742310 val_mse=0.00636723 val_mae=0.05115079 | peer_val_mse=0.00002689 peer_val_mae=0.00366316
[worker1/operator_burgers_student_lift_v2_gpu0] [operator_burgers_student_lift_v2/elem_ft_l003_w25_d70_130_lr4e4] [operator][epoch 054] lambda=0.0300 train_mse=0.00683707 val_mse=0.00642214 val_mae=0.05173702 | peer_val_mse=0.00002689 peer_val_mae=0.00366316
[worker1/operator_burgers_student_lift_v2_gpu0] [operator_burgers_student_lift_v2/elem_ft_l003_w25_d70_130_lr4e4] [operator][epoch 055] lambda=0.0300 train_mse=0.00791846 val_mse=0.00817916 val_mae=0.06183765 | peer_val_mse=0.00002689 peer_val_mae=0.00366316
[worker1/operator_darcy_student_lift_v2_gpu1] [operator_darcy_student_lift_v2/sample_ft_l003_w15_d45_90_lr2e4] [operator][epoch 092] lambda=0.0030 train_mse=0.00763730 val_mse=0.01504776 val_mae=0.09047589 | peer_val_mse=0.00281644 peer_val_mae=0.03476973
[worker1/operator_darcy_student_lift_v2_gpu1] [operator_darcy_student_lift_v2/sample_ft_l003_w15_d45_90_lr2e4] [operator][epoch 093] lambda=0.0030 train_mse=0.00696240 val_mse=0.01407019 val_mae=0.08741544 | peer_val_mse=0.00281644 peer_val_mae=0.03476973
[worker1/operator_darcy_student_lift_v2_gpu1] [operator_darcy_student_lift_v2/sample_ft_l003_w15_d45_90_lr2e4] [operator][epoch 094] lambda=0.0030 train_mse=0.00657835 val_mse=0.01429851 val_mae=0.08880990 | peer_val_mse=0.00281644 peer_val_mae=0.03476973
[worker1/operator_darcy_student_lift_v2_gpu1] [operator_darcy_student_lift_v2/sample_ft_l003_w15_d45_90_lr2e4] [operator][epoch 095] lambda=0.0030 train_mse=0.00652413 val_mse=0.01399213 val_mae=0.08766102 | peer_val_mse=0.00281644 peer_val_mae=0.03476973
[worker1/operator_darcy_student_lift_v2_gpu1] [operator_darcy_student_lift_v2/sample_ft_l003_w15_d45_90_lr2e4] [operator][epoch 096] lambda=0.0030 train_mse=0.00640493 val_mse=0.01415485 val_mae=0.08722734 | peer_val_mse=0.00281644 peer_val_mae=0.03476973
[worker1/operator_darcy_student_lift_v2_gpu1] [operator_darcy_student_lift_v2/sample_ft_l003_w15_d45_90_lr2e4] [operator][epoch 097] lambda=0.0030 train_mse=0.00665214 val_mse=0.01458333 val_mae=0.08895103 | peer_val_mse=0.00281644 peer_val_mae=0.03476973
[worker1/operator_darcy_student_lift_v2_gpu1] [operator_darcy_student_lift_v2/sample_ft_l003_w15_d45_90_lr2e4] [operator][epoch 098] lambda=0.0030 train_mse=0.00689190 val_mse=0.01433381 val_mae=0.08891444 | peer_val_mse=0.00281644 peer_val_mae=0.03476973
[worker1/operator_darcy_student_lift_v2_gpu1] [operator_darcy_student_lift_v2/sample_ft_l003_w15_d45_90_lr2e4] [operator][epoch 099] lambda=0.0030 train_mse=0.00698733 val_mse=0.01464997 val_mae=0.08855897 | peer_val_mse=0.00281644 peer_val_mae=0.03476973
[worker1/operator_darcy_student_lift_v2_gpu1] [operator_darcy_student_lift_v2/sample_ft_l003_w15_d45_90_lr2e4] [operator][epoch 100] lambda=0.0030 train_mse=0.00636855 val_mse=0.01437835 val_mae=0.08849044 | peer_val_mse=0.00281644 peer_val_mae=0.03476973
[worker1/operator_darcy_student_lift_v2_gpu1] [operator_darcy_student_lift_v2/sample_ft_l003_w15_d45_90_lr2e4] [operator][epoch 100] updated live plot
[worker1/operator_darcy_student_lift_v2_gpu1] [operator_darcy_student_lift_v2/sample_ft_l003_w15_d45_90_lr2e4] [operator][epoch 101] lambda=0.0030 train_mse=0.00617571 val_mse=0.01411221 val_mae=0.08788139 | peer_val_mse=0.00281644 peer_val_mae=0.03476973
[worker1/operator_darcy_student_lift_v2_gpu1] [operator_darcy_student_lift_v2/sample_ft_l003_w15_d45_90_lr2e4] [operator][epoch 102] lambda=0.0030 train_mse=0.00606616 val_mse=0.01467929 val_mae=0.08875692 | peer_val_mse=0.00281644 peer_val_mae=0.03476973
[worker1/operator_darcy_student_lift_v2_gpu1] [operator_darcy_student_lift_v2/sample_ft_l003_w15_d45_90_lr2e4] [operator][epoch 103] lambda=0.0030 train_mse=0.00698085 val_mse=0.01573169 val_mae=0.09283804 | peer_val_mse=0.00281644 peer_val_mae=0.03476973
[worker1/operator_darcy_student_lift_v2_gpu1] [operator_darcy_student_lift_v2/sample_ft_l003_w15_d45_90_lr2e4] [operator][epoch 104] lambda=0.0030 train_mse=0.00655038 val_mse=0.01357035 val_mae=0.08602295 | peer_val_mse=0.00281644 peer_val_mae=0.03476973
[worker1/operator_darcy_student_lift_v2_gpu1] [operator_darcy_student_lift_v2/sample_ft_l003_w15_d45_90_lr2e4] [operator][epoch 105] lambda=0.0030 train_mse=0.00617799 val_mse=0.01368457 val_mae=0.08627329 | peer_val_mse=0.00281644 peer_val_mae=0.03476973
[worker1/operator_darcy_student_lift_v2_gpu1] [operator_darcy_student_lift_v2/sample_ft_l003_w15_d45_90_lr2e4] [operator][epoch 106] lambda=0.0030 train_mse=0.00615531 val_mse=0.01412050 val_mae=0.08718887 | peer_val_mse=0.00281644 peer_val_mae=0.03476973
[worker1/operator_darcy_student_lift_v2_gpu1] [operator_darcy_student_lift_v2/sample_ft_l003_w15_d45_90_lr2e4] [operator][epoch 107] lambda=0.0030 train_mse=0.00620204 val_mse=0.01396217 val_mae=0.08725733 | peer_val_mse=0.00281644 peer_val_mae=0.03476973
[worker1/operator_darcy_student_lift_v2_gpu1] [operator_darcy_student_lift_v2/sample_ft_l003_w15_d45_90_lr2e4] [operator][epoch 108] lambda=0.0030 train_mse=0.00627263 val_mse=0.01520759 val_mae=0.09058778 | peer_val_mse=0.00281644 peer_val_mae=0.03476973
[worker1/operator_darcy_student_lift_v2_gpu1] [operator_darcy_student_lift_v2/sample_ft_l003_w15_d45_90_lr2e4] [operator][epoch 109] lambda=0.0030 train_mse=0.00618697 val_mse=0.01398991 val_mae=0.08740859 | peer_val_mse=0.00281644 peer_val_mae=0.03476973
[worker1/operator_darcy_student_lift_v2_gpu1] [operator_darcy_student_lift_v2/sample_ft_l003_w15_d45_90_lr2e4] [operator][epoch 110] lambda=0.0030 train_mse=0.00618001 val_mse=0.01391882 val_mae=0.08689330 | peer_val_mse=0.00281644 peer_val_mae=0.03476973
[worker1/operator_burgers_student_lift_v2_gpu0] [operator_burgers_student_lift_v2/elem_ft_l003_w25_d70_130_lr4e4] [operator][epoch 056] lambda=0.0300 train_mse=0.00757015 val_mse=0.00632490 val_mae=0.05044848 | peer_val_mse=0.00002689 peer_val_mae=0.00366316
[worker1/operator_burgers_student_lift_v2_gpu0] [operator_burgers_student_lift_v2/elem_ft_l003_w25_d70_130_lr4e4] [operator][epoch 057] lambda=0.0300 train_mse=0.00792174 val_mse=0.00895194 val_mae=0.06180314 | peer_val_mse=0.00002689 peer_val_mae=0.00366316
[worker1/operator_burgers_student_lift_v2_gpu0] [operator_burgers_student_lift_v2/elem_ft_l003_w25_d70_130_lr4e4] [operator][epoch 058] lambda=0.0300 train_mse=0.01457349 val_mse=0.01003506 val_mae=0.06839462 | peer_val_mse=0.00002689 peer_val_mae=0.00366316
[worker1/operator_burgers_student_lift_v2_gpu0] [operator_burgers_student_lift_v2/elem_ft_l003_w25_d70_130_lr4e4] [operator][epoch 059] lambda=0.0300 train_mse=0.00890623 val_mse=0.00690139 val_mae=0.05270327 | peer_val_mse=0.00002689 peer_val_mae=0.00366316
[worker1/operator_burgers_student_lift_v2_gpu0] [operator_burgers_student_lift_v2/elem_ft_l003_w25_d70_130_lr4e4] [operator][epoch 060] lambda=0.0300 train_mse=0.00684324 val_mse=0.00665312 val_mae=0.05429975 | peer_val_mse=0.00002689 peer_val_mae=0.00366316
[worker1/operator_burgers_student_lift_v2_gpu0] [operator_burgers_student_lift_v2/elem_ft_l003_w25_d70_130_lr4e4] [operator][epoch 060] updated live plot
[worker1/operator_burgers_student_lift_v2_gpu0] [operator_burgers_student_lift_v2/elem_ft_l003_w25_d70_130_lr4e4] [operator][epoch 061] lambda=0.0300 train_mse=0.01045073 val_mse=0.01391162 val_mae=0.08574492 | peer_val_mse=0.00002689 peer_val_mae=0.00366316
[worker1/operator_burgers_student_lift_v2_gpu0] [operator_burgers_student_lift_v2/elem_ft_l003_w25_d70_130_lr4e4] [operator][epoch 062] lambda=0.0300 train_mse=0.00967660 val_mse=0.00741090 val_mae=0.05557619 | peer_val_mse=0.00002689 peer_val_mae=0.00366316
[worker1/operator_burgers_student_lift_v2_gpu0] [operator_burgers_student_lift_v2/elem_ft_l003_w25_d70_130_lr4e4] [operator][epoch 063] lambda=0.0300 train_mse=0.00818862 val_mse=0.00819092 val_mae=0.05864748 | peer_val_mse=0.00002689 peer_val_mae=0.00366316
[worker1/operator_burgers_student_lift_v2_gpu0] [operator_burgers_student_lift_v2/elem_ft_l003_w25_d70_130_lr4e4] [operator][epoch 064] lambda=0.0300 train_mse=0.00620474 val_mse=0.00584914 val_mae=0.04846023 | peer_val_mse=0.00002689 peer_val_mae=0.00366316
[worker1/operator_burgers_student_lift_v2_gpu0] [operator_burgers_student_lift_v2/elem_ft_l003_w25_d70_130_lr4e4] [operator][epoch 065] lambda=0.0300 train_mse=0.00598207 val_mse=0.00646680 val_mae=0.05147721 | peer_val_mse=0.00002689 peer_val_mae=0.00366316
[worker1/operator_burgers_student_lift_v2_gpu0] [operator_burgers_student_lift_v2/elem_ft_l003_w25_d70_130_lr4e4] [operator][epoch 066] lambda=0.0300 train_mse=0.00625331 val_mse=0.00593601 val_mae=0.05041554 | peer_val_mse=0.00002689 peer_val_mae=0.00366316
[worker1/operator_burgers_student_lift_v2_gpu0] [operator_burgers_student_lift_v2/elem_ft_l003_w25_d70_130_lr4e4] [operator][epoch 067] lambda=0.0300 train_mse=0.00612156 val_mse=0.00554175 val_mae=0.04828371 | peer_val_mse=0.00002689 peer_val_mae=0.00366316
[worker1/operator_burgers_student_lift_v2_gpu0] [operator_burgers_student_lift_v2/elem_ft_l003_w25_d70_130_lr4e4] [operator][epoch 068] lambda=0.0300 train_mse=0.00610073 val_mse=0.00621212 val_mae=0.05201543 | peer_val_mse=0.00002689 peer_val_mae=0.00366316
[worker1/operator_burgers_student_lift_v2_gpu0] [operator_burgers_student_lift_v2/elem_ft_l003_w25_d70_130_lr4e4] [operator][epoch 069] lambda=0.0300 train_mse=0.00607430 val_mse=0.00502567 val_mae=0.04273707 | peer_val_mse=0.00002689 peer_val_mae=0.00366316
[worker1/operator_burgers_student_lift_v2_gpu0] [operator_burgers_student_lift_v2/elem_ft_l003_w25_d70_130_lr4e4] [operator][epoch 070] lambda=0.0300 train_mse=0.00963699 val_mse=0.00812102 val_mae=0.06230060 | peer_val_mse=0.00002689 peer_val_mae=0.00366316
[worker1/operator_burgers_student_lift_v2_gpu0] [operator_burgers_student_lift_v2/elem_ft_l003_w25_d70_130_lr4e4] [operator][epoch 071] lambda=0.0295 train_mse=0.00897643 val_mse=0.00692584 val_mae=0.05640382 | peer_val_mse=0.00002689 peer_val_mae=0.00366316
[worker1/operator_burgers_student_lift_v2_gpu0] [operator_burgers_student_lift_v2/elem_ft_l003_w25_d70_130_lr4e4] [operator][epoch 072] lambda=0.0291 train_mse=0.00602615 val_mse=0.00544184 val_mae=0.04618109 | peer_val_mse=0.00002689 peer_val_mae=0.00366316
[worker1/operator_burgers_student_lift_v2_gpu0] [operator_burgers_student_lift_v2/elem_ft_l003_w25_d70_130_lr4e4] [operator][epoch 073] lambda=0.0286 train_mse=0.00614379 val_mse=0.00525555 val_mae=0.04391164 | peer_val_mse=0.00002689 peer_val_mae=0.00366316
[worker1/operator_burgers_student_lift_v2_gpu0] [operator_burgers_student_lift_v2/elem_ft_l003_w25_d70_130_lr4e4] [operator][epoch 074] lambda=0.0282 train_mse=0.00573957 val_mse=0.00593361 val_mae=0.04985191 | peer_val_mse=0.00002689 peer_val_mae=0.00366316
[worker1/operator_burgers_student_lift_v2_gpu0] [operator_burgers_student_lift_v2/elem_ft_l003_w25_d70_130_lr4e4] [operator][epoch 075] lambda=0.0278 train_mse=0.00838683 val_mse=0.00925431 val_mae=0.06632603 | peer_val_mse=0.00002689 peer_val_mae=0.00366316
[worker1/operator_burgers_student_lift_v2_gpu0] [operator_burgers_student_lift_v2/elem_ft_l003_w25_d70_130_lr4e4] [operator][epoch 076] lambda=0.0273 train_mse=0.00852798 val_mse=0.00622044 val_mae=0.05006886 | peer_val_mse=0.00002689 peer_val_mae=0.00366316
[worker1/operator_burgers_student_lift_v2_gpu0] [operator_burgers_student_lift_v2/elem_ft_l003_w25_d70_130_lr4e4] [operator][epoch 077] lambda=0.0268 train_mse=0.00756469 val_mse=0.00714906 val_mae=0.05923896 | peer_val_mse=0.00002689 peer_val_mae=0.00366316
[worker1/operator_burgers_student_lift_v2_gpu0] [operator_burgers_student_lift_v2/elem_ft_l003_w25_d70_130_lr4e4] [operator][epoch 078] lambda=0.0264 train_mse=0.00651358 val_mse=0.00522838 val_mae=0.04587701 | peer_val_mse=0.00002689 peer_val_mae=0.00366316
[worker1/operator_burgers_student_lift_v2_gpu0] [operator_burgers_student_lift_v2/elem_ft_l003_w25_d70_130_lr4e4] [operator][epoch 079] lambda=0.0259 train_mse=0.00566995 val_mse=0.00602394 val_mae=0.04948350 | peer_val_mse=0.00002689 peer_val_mae=0.00366316
[worker1/operator_burgers_student_lift_v2_gpu0] [operator_burgers_student_lift_v2/elem_ft_l003_w25_d70_130_lr4e4] [operator][epoch 080] lambda=0.0255 train_mse=0.00727893 val_mse=0.00591304 val_mae=0.05004668 | peer_val_mse=0.00002689 peer_val_mae=0.00366316
[worker1/operator_burgers_student_lift_v2_gpu0] [operator_burgers_student_lift_v2/elem_ft_l003_w25_d70_130_lr4e4] [operator][epoch 080] updated live plot
[worker1/operator_burgers_student_lift_v2_gpu0] [operator_burgers_student_lift_v2/elem_ft_l003_w25_d70_130_lr4e4] [operator][epoch 081] lambda=0.0250 train_mse=0.00536984 val_mse=0.00439252 val_mae=0.04029839 | peer_val_mse=0.00002689 peer_val_mae=0.00366316
[worker1/operator_burgers_student_lift_v2_gpu0] [operator_burgers_student_lift_v2/elem_ft_l003_w25_d70_130_lr4e4] [operator][epoch 082] lambda=0.0246 train_mse=0.00513151 val_mse=0.00626066 val_mae=0.05061151 | peer_val_mse=0.00002689 peer_val_mae=0.00366316
[worker1/operator_burgers_student_lift_v2_gpu0] [operator_burgers_student_lift_v2/elem_ft_l003_w25_d70_130_lr4e4] [operator][epoch 083] lambda=0.0241 train_mse=0.00853231 val_mse=0.00568345 val_mae=0.04781350 | peer_val_mse=0.00002689 peer_val_mae=0.00366316
[worker1/operator_burgers_student_lift_v2_gpu0] [operator_burgers_student_lift_v2/elem_ft_l003_w25_d70_130_lr4e4] [operator][epoch 084] lambda=0.0237 train_mse=0.00639598 val_mse=0.00658132 val_mae=0.05245889 | peer_val_mse=0.00002689 peer_val_mae=0.00366316
[worker1/operator_burgers_student_lift_v2_gpu0] [operator_burgers_student_lift_v2/elem_ft_l003_w25_d70_130_lr4e4] [operator][epoch 085] lambda=0.0232 train_mse=0.00669991 val_mse=0.00562126 val_mae=0.04841891 | peer_val_mse=0.00002689 peer_val_mae=0.00366316
[worker1/operator_burgers_student_lift_v2_gpu0] [operator_burgers_student_lift_v2/elem_ft_l003_w25_d70_130_lr4e4] [operator][epoch 086] lambda=0.0228 train_mse=0.00609803 val_mse=0.00600929 val_mae=0.04945378 | peer_val_mse=0.00002689 peer_val_mae=0.00366316
[worker1/operator_burgers_student_lift_v2_gpu0] [operator_burgers_student_lift_v2/elem_ft_l003_w25_d70_130_lr4e4] [operator][epoch 087] lambda=0.0223 train_mse=0.00663186 val_mse=0.00715315 val_mae=0.05460050 | peer_val_mse=0.00002689 peer_val_mae=0.00366316
[worker1/operator_burgers_student_lift_v2_gpu0] [operator_burgers_student_lift_v2/elem_ft_l003_w25_d70_130_lr4e4] [operator][epoch 088] lambda=0.0219 train_mse=0.01036180 val_mse=0.00691566 val_mae=0.05553015 | peer_val_mse=0.00002689 peer_val_mae=0.00366316
[worker1/operator_burgers_student_lift_v2_gpu0] [operator_burgers_student_lift_v2/elem_ft_l003_w25_d70_130_lr4e4] [operator][epoch 089] lambda=0.0215 train_mse=0.00785027 val_mse=0.00630387 val_mae=0.05030802 | peer_val_mse=0.00002689 peer_val_mae=0.00366316
[worker1/operator_burgers_student_lift_v2_gpu0] [operator_burgers_student_lift_v2/elem_ft_l003_w25_d70_130_lr4e4] [operator][epoch 090] lambda=0.0210 train_mse=0.00721514 val_mse=0.00772762 val_mae=0.06034711 | peer_val_mse=0.00002689 peer_val_mae=0.00366316
[worker1/operator_burgers_student_lift_v2_gpu0] [operator_burgers_student_lift_v2/elem_ft_l003_w25_d70_130_lr4e4] [operator][epoch 091] lambda=0.0206 train_mse=0.00711279 val_mse=0.00618420 val_mae=0.05023821 | peer_val_mse=0.00002689 peer_val_mae=0.00366316
[worker1/operator_burgers_student_lift_v2_gpu0] [operator_burgers_student_lift_v2/elem_ft_l003_w25_d70_130_lr4e4] [operator][epoch 092] lambda=0.0201 train_mse=0.00540135 val_mse=0.00494052 val_mae=0.04376227 | peer_val_mse=0.00002689 peer_val_mae=0.00366316
[worker1/operator_burgers_student_lift_v2_gpu0] [operator_burgers_student_lift_v2/elem_ft_l003_w25_d70_130_lr4e4] [operator][epoch 093] lambda=0.0197 train_mse=0.00499930 val_mse=0.00454773 val_mae=0.04057526 | peer_val_mse=0.00002689 peer_val_mae=0.00366316
[worker1/operator_burgers_student_lift_v2_gpu0] [operator_burgers_student_lift_v2/elem_ft_l003_w25_d70_130_lr4e4] [operator][epoch 094] lambda=0.0192 train_mse=0.00523230 val_mse=0.00634198 val_mae=0.05093184 | peer_val_mse=0.00002689 peer_val_mae=0.00366316
[worker1/operator_burgers_student_lift_v2_gpu0] [operator_burgers_student_lift_v2/elem_ft_l003_w25_d70_130_lr4e4] [operator][epoch 095] lambda=0.0187 train_mse=0.00676463 val_mse=0.00679123 val_mae=0.05518056 | peer_val_mse=0.00002689 peer_val_mae=0.00366316
[worker1/operator_burgers_student_lift_v2_gpu0] [operator_burgers_student_lift_v2/elem_ft_l003_w25_d70_130_lr4e4] [operator][epoch 096] lambda=0.0183 train_mse=0.00708096 val_mse=0.00650366 val_mae=0.05225935 | peer_val_mse=0.00002689 peer_val_mae=0.00366316
[worker1/operator_burgers_student_lift_v2_gpu0] [operator_burgers_student_lift_v2/elem_ft_l003_w25_d70_130_lr4e4] [operator][epoch 097] lambda=0.0178 train_mse=0.00657669 val_mse=0.00569305 val_mae=0.04791972 | peer_val_mse=0.00002689 peer_val_mae=0.00366316
[worker1/operator_burgers_student_lift_v2_gpu0] [operator_burgers_student_lift_v2/elem_ft_l003_w25_d70_130_lr4e4] [operator][epoch 098] lambda=0.0174 train_mse=0.00579476 val_mse=0.00480530 val_mae=0.04240610 | peer_val_mse=0.00002689 peer_val_mae=0.00366316
[worker1/operator_burgers_student_lift_v2_gpu0] [operator_burgers_student_lift_v2/elem_ft_l003_w25_d70_130_lr4e4] [operator][epoch 099] lambda=0.0169 train_mse=0.00513187 val_mse=0.00551510 val_mae=0.04564515 | peer_val_mse=0.00002689 peer_val_mae=0.00366316
[worker1/operator_burgers_student_lift_v2_gpu0] [operator_burgers_student_lift_v2/elem_ft_l003_w25_d70_130_lr4e4] [operator][epoch 100] lambda=0.0165 train_mse=0.00715159 val_mse=0.00653309 val_mae=0.05198212 | peer_val_mse=0.00002689 peer_val_mae=0.00366316
[worker1/operator_burgers_student_lift_v2_gpu0] [operator_burgers_student_lift_v2/elem_ft_l003_w25_d70_130_lr4e4] [operator][epoch 100] updated live plot
[worker1/operator_burgers_student_lift_v2_gpu0] [operator_burgers_student_lift_v2/elem_ft_l003_w25_d70_130_lr4e4] [operator][epoch 101] lambda=0.0160 train_mse=0.00728630 val_mse=0.00535368 val_mae=0.04539842 | peer_val_mse=0.00002689 peer_val_mae=0.00366316
[worker1/operator_burgers_student_lift_v2_gpu0] [operator_burgers_student_lift_v2/elem_ft_l003_w25_d70_130_lr4e4] [operator][epoch 102] lambda=0.0156 train_mse=0.00553131 val_mse=0.00586282 val_mae=0.05007896 | peer_val_mse=0.00002689 peer_val_mae=0.00366316
[worker1/operator_burgers_student_lift_v2_gpu0] [operator_burgers_student_lift_v2/elem_ft_l003_w25_d70_130_lr4e4] [operator][epoch 103] lambda=0.0151 train_mse=0.01249514 val_mse=0.00866535 val_mae=0.06329383 | peer_val_mse=0.00002689 peer_val_mae=0.00366316
[worker1/operator_burgers_student_lift_v2_gpu0] [operator_burgers_student_lift_v2/elem_ft_l003_w25_d70_130_lr4e4] [operator][epoch 104] lambda=0.0147 train_mse=0.00818823 val_mse=0.00656947 val_mae=0.05315104 | peer_val_mse=0.00002689 peer_val_mae=0.00366316
[worker1/operator_burgers_student_lift_v2_gpu0] [operator_burgers_student_lift_v2/elem_ft_l003_w25_d70_130_lr4e4] [operator][epoch 105] lambda=0.0142 train_mse=0.00695993 val_mse=0.01047249 val_mae=0.07123328 | peer_val_mse=0.00002689 peer_val_mae=0.00366316
[worker1/operator_burgers_student_lift_v2_gpu0] [operator_burgers_student_lift_v2/elem_ft_l003_w25_d70_130_lr4e4] [operator][epoch 106] lambda=0.0138 train_mse=0.00810706 val_mse=0.00571439 val_mae=0.05100394 | peer_val_mse=0.00002689 peer_val_mae=0.00366316
[worker1/operator_burgers_student_lift_v2_gpu0] [operator_burgers_student_lift_v2/elem_ft_l003_w25_d70_130_lr4e4] [operator][epoch 107] lambda=0.0133 train_mse=0.00640502 val_mse=0.00790386 val_mae=0.05747096 | peer_val_mse=0.00002689 peer_val_mae=0.00366316
[worker1/operator_burgers_student_lift_v2_gpu0] [operator_burgers_student_lift_v2/elem_ft_l003_w25_d70_130_lr4e4] [operator][epoch 108] lambda=0.0129 train_mse=0.00666113 val_mse=0.00658221 val_mae=0.05205921 | peer_val_mse=0.00002689 peer_val_mae=0.00366316
[worker1/operator_burgers_student_lift_v2_gpu0] [operator_burgers_student_lift_v2/elem_ft_l003_w25_d70_130_lr4e4] [operator][epoch 109] lambda=0.0124 train_mse=0.00934039 val_mse=0.00987486 val_mae=0.06718334 | peer_val_mse=0.00002689 peer_val_mae=0.00366316
[worker1/operator_burgers_student_lift_v2_gpu0] [operator_burgers_student_lift_v2/elem_ft_l003_w25_d70_130_lr4e4] [operator][epoch 110] lambda=0.0120 train_mse=0.00710004 val_mse=0.00528581 val_mae=0.04382507 | peer_val_mse=0.00002689 peer_val_mae=0.00366316
[worker1/operator_burgers_student_lift_v2_gpu0] [operator_burgers_student_lift_v2/elem_ft_l003_w25_d70_130_lr4e4] [operator][epoch 111] lambda=0.0115 train_mse=0.00527107 val_mse=0.00475517 val_mae=0.04329545 | peer_val_mse=0.00002689 peer_val_mae=0.00366316
[worker1/operator_burgers_student_lift_v2_gpu0] [operator_burgers_student_lift_v2/elem_ft_l003_w25_d70_130_lr4e4] [operator][epoch 112] lambda=0.0111 train_mse=0.00458147 val_mse=0.00491639 val_mae=0.04209281 | peer_val_mse=0.00002689 peer_val_mae=0.00366316
[worker1/operator_burgers_student_lift_v2_gpu0] [operator_burgers_student_lift_v2/elem_ft_l003_w25_d70_130_lr4e4] [operator][epoch 113] lambda=0.0106 train_mse=0.00468132 val_mse=0.00416203 val_mae=0.03738025 | peer_val_mse=0.00002689 peer_val_mae=0.00366316
[worker1/operator_burgers_student_lift_v2_gpu0] [operator_burgers_student_lift_v2/elem_ft_l003_w25_d70_130_lr4e4] [operator][epoch 114] lambda=0.0102 train_mse=0.00440632 val_mse=0.00410921 val_mae=0.03701194 | peer_val_mse=0.00002689 peer_val_mae=0.00366316
[worker1/operator_burgers_student_lift_v2_gpu0] [operator_burgers_student_lift_v2/elem_ft_l003_w25_d70_130_lr4e4] [operator][epoch 115] lambda=0.0097 train_mse=0.00493015 val_mse=0.00476620 val_mae=0.04282987 | peer_val_mse=0.00002689 peer_val_mae=0.00366316
[worker1/operator_burgers_student_lift_v2_gpu0] [operator_burgers_student_lift_v2/elem_ft_l003_w25_d70_130_lr4e4] [operator][epoch 116] lambda=0.0093 train_mse=0.00497759 val_mse=0.00439392 val_mae=0.03924896 | peer_val_mse=0.00002689 peer_val_mae=0.00366316
[worker1/operator_burgers_student_lift_v2_gpu0] [operator_burgers_student_lift_v2/elem_ft_l003_w25_d70_130_lr4e4] [operator][epoch 117] lambda=0.0089 train_mse=0.00550051 val_mse=0.00516545 val_mae=0.04506007 | peer_val_mse=0.00002689 peer_val_mae=0.00366316
[worker1/operator_burgers_student_lift_v2_gpu0] [operator_burgers_student_lift_v2/elem_ft_l003_w25_d70_130_lr4e4] [operator][epoch 118] lambda=0.0084 train_mse=0.00581429 val_mse=0.00667689 val_mae=0.05111044 | peer_val_mse=0.00002689 peer_val_mae=0.00366316
[worker1/operator_burgers_student_lift_v2_gpu0] [operator_burgers_student_lift_v2/elem_ft_l003_w25_d70_130_lr4e4] [operator][epoch 119] lambda=0.0080 train_mse=0.00573603 val_mse=0.00456578 val_mae=0.04049159 | peer_val_mse=0.00002689 peer_val_mae=0.00366316
[worker1/operator_burgers_student_lift_v2_gpu0] [operator_burgers_student_lift_v2/elem_ft_l003_w25_d70_130_lr4e4] [operator][epoch 120] lambda=0.0075 train_mse=0.00471061 val_mse=0.00439054 val_mae=0.04013521 | peer_val_mse=0.00002689 peer_val_mae=0.00366316
[worker1/operator_burgers_student_lift_v2_gpu0] [operator_burgers_student_lift_v2/elem_ft_l003_w25_d70_130_lr4e4] [operator][epoch 120] updated live plot
[worker1/operator_burgers_student_lift_v2_gpu0] [operator_burgers_student_lift_v2/elem_ft_l003_w25_d70_130_lr4e4] [operator][epoch 121] lambda=0.0070 train_mse=0.00501533 val_mse=0.00562183 val_mae=0.04904637 | peer_val_mse=0.00002689 peer_val_mae=0.00366316
[worker1/operator_burgers_student_lift_v2_gpu0] [operator_burgers_student_lift_v2/elem_ft_l003_w25_d70_130_lr4e4] [operator][epoch 122] lambda=0.0066 train_mse=0.00514965 val_mse=0.00469600 val_mae=0.04120576 | peer_val_mse=0.00002689 peer_val_mae=0.00366316
[worker1/operator_burgers_student_lift_v2_gpu0] [operator_burgers_student_lift_v2/elem_ft_l003_w25_d70_130_lr4e4] [operator][epoch 123] lambda=0.0061 train_mse=0.00521407 val_mse=0.00522309 val_mae=0.04645807 | peer_val_mse=0.00002689 peer_val_mae=0.00366316
[worker1/operator_burgers_student_lift_v2_gpu0] [operator_burgers_student_lift_v2/elem_ft_l003_w25_d70_130_lr4e4] [operator][epoch 124] lambda=0.0057 train_mse=0.00463764 val_mse=0.00411517 val_mae=0.03731326 | peer_val_mse=0.00002689 peer_val_mae=0.00366316
[worker1/operator_burgers_student_lift_v2_gpu0] [operator_burgers_student_lift_v2/elem_ft_l003_w25_d70_130_lr4e4] [operator][epoch 125] lambda=0.0053 train_mse=0.00746818 val_mse=0.00561601 val_mae=0.04700644 | peer_val_mse=0.00002689 peer_val_mae=0.00366316
[worker1/operator_burgers_student_lift_v2_gpu0] [operator_burgers_student_lift_v2/elem_ft_l003_w25_d70_130_lr4e4] [operator][epoch 126] lambda=0.0048 train_mse=0.00557736 val_mse=0.00445750 val_mae=0.04049234 | peer_val_mse=0.00002689 peer_val_mae=0.00366316
[worker1/operator_burgers_student_lift_v2_gpu0] [operator_burgers_student_lift_v2/elem_ft_l003_w25_d70_130_lr4e4] [operator][epoch 127] lambda=0.0044 train_mse=0.00498932 val_mse=0.00440622 val_mae=0.04059160 | peer_val_mse=0.00002689 peer_val_mae=0.00366316
[worker1/operator_darcy_student_lift_v2_gpu1] [operator_darcy_student_lift_v2/sample_ft_l003_w15_d45_90_lr2e4] [operator][epoch 110] updated live plot
[worker1/operator_darcy_student_lift_v2_gpu1] [operator_darcy_student_lift_v2/sample_ft_l003_w15_d45_90_lr2e4] [operator] done
[worker1/operator_darcy_student_lift_v2_gpu1] [operator_darcy_student_lift_v2/sample_ft_l003_w15_d45_90_lr2e4] [operator] dataset=darcy pair=deeponet:fno method=ssml seed=2
[worker1/operator_darcy_student_lift_v2_gpu1] [operator_darcy_student_lift_v2/sample_ft_l003_w15_d45_90_lr2e4] [operator] loaded init_checkpoint=results/operator_ssml_tuned_v1/operator/darcy/deeponet_independent_mse_seed2/model.pt
[worker1/operator_darcy_student_lift_v2_gpu1] [operator_darcy_student_lift_v2/sample_ft_l003_w15_d45_90_lr2e4] [operator] loaded peer_init_checkpoint=results/operator_ssml_tuned_v1/operator/darcy/fno_independent_mse_seed2/model.pt
[worker1/operator_darcy_student_lift_v2_gpu1] [operator_darcy_student_lift_v2/sample_ft_l003_w15_d45_90_lr2e4] [operator] run_dir=results/operator_darcy_student_lift_v2/sample_ft_l003_w15_d45_90_lr2e4/operator/darcy/deeponet__fno_ssml_mse_seed2
[worker1/operator_darcy_student_lift_v2_gpu1] [operator_darcy_student_lift_v2/sample_ft_l003_w15_d45_90_lr2e4] [operator] params=592000
[worker1/operator_darcy_student_lift_v2_gpu1] [operator_darcy_student_lift_v2/sample_ft_l003_w15_d45_90_lr2e4] [operator] granularity=sample student_only=True freeze_peer=True peer_updates_disabled=True
[worker1/operator_darcy_student_lift_v2_gpu1] [operator_darcy_student_lift_v2/sample_ft_l003_w15_d45_90_lr2e4] [operator][epoch 001] lambda=0.0000 train_mse=0.01990771 val_mse=0.01913795 val_mae=0.10356169 | peer_val_mse=0.00362243 peer_val_mae=0.03567833
[worker1/operator_darcy_student_lift_v2_gpu1] [operator_darcy_student_lift_v2/sample_ft_l003_w15_d45_90_lr2e4] [operator][epoch 002] lambda=0.0000 train_mse=0.01137353 val_mse=0.01873426 val_mae=0.10156488 | peer_val_mse=0.00362243 peer_val_mae=0.03567833
[worker1/operator_darcy_student_lift_v2_gpu1] [operator_darcy_student_lift_v2/sample_ft_l003_w15_d45_90_lr2e4] [operator][epoch 003] lambda=0.0000 train_mse=0.01107099 val_mse=0.01830377 val_mae=0.10055378 | peer_val_mse=0.00362243 peer_val_mae=0.03567833
[worker1/operator_darcy_student_lift_v2_gpu1] [operator_darcy_student_lift_v2/sample_ft_l003_w15_d45_90_lr2e4] [operator][epoch 004] lambda=0.0000 train_mse=0.01118250 val_mse=0.01879475 val_mae=0.10215639 | peer_val_mse=0.00362243 peer_val_mae=0.03567833
[worker1/operator_darcy_student_lift_v2_gpu1] [operator_darcy_student_lift_v2/sample_ft_l003_w15_d45_90_lr2e4] [operator][epoch 005] lambda=0.0000 train_mse=0.01085910 val_mse=0.01823964 val_mae=0.10062523 | peer_val_mse=0.00362243 peer_val_mae=0.03567833
[worker1/operator_darcy_student_lift_v2_gpu1] [operator_darcy_student_lift_v2/sample_ft_l003_w15_d45_90_lr2e4] [operator][epoch 006] lambda=0.0000 train_mse=0.01112043 val_mse=0.01836130 val_mae=0.10135196 | peer_val_mse=0.00362243 peer_val_mae=0.03567833
[worker1/operator_darcy_student_lift_v2_gpu1] [operator_darcy_student_lift_v2/sample_ft_l003_w15_d45_90_lr2e4] [operator][epoch 007] lambda=0.0000 train_mse=0.01117825 val_mse=0.01814100 val_mae=0.09979215 | peer_val_mse=0.00362243 peer_val_mae=0.03567833
[worker1/operator_darcy_student_lift_v2_gpu1] [operator_darcy_student_lift_v2/sample_ft_l003_w15_d45_90_lr2e4] [operator][epoch 008] lambda=0.0000 train_mse=0.01102353 val_mse=0.01854977 val_mae=0.10113460 | peer_val_mse=0.00362243 peer_val_mae=0.03567833
[worker1/operator_darcy_student_lift_v2_gpu1] [operator_darcy_student_lift_v2/sample_ft_l003_w15_d45_90_lr2e4] [operator][epoch 009] lambda=0.0000 train_mse=0.01299695 val_mse=0.01879097 val_mae=0.10271906 | peer_val_mse=0.00362243 peer_val_mae=0.03567833
[worker1/operator_darcy_student_lift_v2_gpu1] [operator_darcy_student_lift_v2/sample_ft_l003_w15_d45_90_lr2e4] [operator][epoch 010] lambda=0.0000 train_mse=0.01145783 val_mse=0.01822183 val_mae=0.10063900 | peer_val_mse=0.00362243 peer_val_mae=0.03567833
[worker1/operator_darcy_student_lift_v2_gpu1] [operator_darcy_student_lift_v2/sample_ft_l003_w15_d45_90_lr2e4] [operator][epoch 011] lambda=0.0000 train_mse=0.01071415 val_mse=0.01888847 val_mae=0.10248295 | peer_val_mse=0.00362243 peer_val_mae=0.03567833
[worker1/operator_darcy_student_lift_v2_gpu1] [operator_darcy_student_lift_v2/sample_ft_l003_w15_d45_90_lr2e4] [operator][epoch 012] lambda=0.0000 train_mse=0.01033928 val_mse=0.01825595 val_mae=0.10003981 | peer_val_mse=0.00362243 peer_val_mae=0.03567833
[worker1/operator_darcy_student_lift_v2_gpu1] [operator_darcy_student_lift_v2/sample_ft_l003_w15_d45_90_lr2e4] [operator][epoch 013] lambda=0.0000 train_mse=0.00997547 val_mse=0.01754675 val_mae=0.09825971 | peer_val_mse=0.00362243 peer_val_mae=0.03567833
[worker1/operator_darcy_student_lift_v2_gpu1] [operator_darcy_student_lift_v2/sample_ft_l003_w15_d45_90_lr2e4] [operator][epoch 014] lambda=0.0000 train_mse=0.01047512 val_mse=0.01775171 val_mae=0.09885324 | peer_val_mse=0.00362243 peer_val_mae=0.03567833
[worker1/operator_darcy_student_lift_v2_gpu1] [operator_darcy_student_lift_v2/sample_ft_l003_w15_d45_90_lr2e4] [operator][epoch 015] lambda=0.0000 train_mse=0.01013456 val_mse=0.01867058 val_mae=0.10158577 | peer_val_mse=0.00362243 peer_val_mae=0.03567833
[worker1/operator_darcy_student_lift_v2_gpu1] [operator_darcy_student_lift_v2/sample_ft_l003_w15_d45_90_lr2e4] [operator][epoch 016] lambda=0.0300 train_mse=0.01238877 val_mse=0.01934461 val_mae=0.10230189 | peer_val_mse=0.00362243 peer_val_mae=0.03567833
[worker1/operator_darcy_student_lift_v2_gpu1] [operator_darcy_student_lift_v2/sample_ft_l003_w15_d45_90_lr2e4] [operator][epoch 017] lambda=0.0300 train_mse=0.01094018 val_mse=0.01772184 val_mae=0.09759772 | peer_val_mse=0.00362243 peer_val_mae=0.03567833
[worker1/operator_darcy_student_lift_v2_gpu1] [operator_darcy_student_lift_v2/sample_ft_l003_w15_d45_90_lr2e4] [operator][epoch 018] lambda=0.0300 train_mse=0.01039596 val_mse=0.01869274 val_mae=0.10109542 | peer_val_mse=0.00362243 peer_val_mae=0.03567833
[worker1/operator_darcy_student_lift_v2_gpu1] [operator_darcy_student_lift_v2/sample_ft_l003_w15_d45_90_lr2e4] [operator][epoch 019] lambda=0.0300 train_mse=0.01043017 val_mse=0.02044308 val_mae=0.10512718 | peer_val_mse=0.00362243 peer_val_mae=0.03567833
[worker1/operator_darcy_student_lift_v2_gpu1] [operator_darcy_student_lift_v2/sample_ft_l003_w15_d45_90_lr2e4] [operator][epoch 020] lambda=0.0300 train_mse=0.01088614 val_mse=0.01911938 val_mae=0.10368468 | peer_val_mse=0.00362243 peer_val_mae=0.03567833
[worker1/operator_darcy_student_lift_v2_gpu1] [operator_darcy_student_lift_v2/sample_ft_l003_w15_d45_90_lr2e4] [operator][epoch 020] updated live plot
[worker1/operator_darcy_student_lift_v2_gpu1] [operator_darcy_student_lift_v2/sample_ft_l003_w15_d45_90_lr2e4] [operator][epoch 021] lambda=0.0300 train_mse=0.01089277 val_mse=0.01788600 val_mae=0.09883247 | peer_val_mse=0.00362243 peer_val_mae=0.03567833
[worker1/operator_darcy_student_lift_v2_gpu1] [operator_darcy_student_lift_v2/sample_ft_l003_w15_d45_90_lr2e4] [operator][epoch 022] lambda=0.0300 train_mse=0.00973877 val_mse=0.01929632 val_mae=0.10304411 | peer_val_mse=0.00362243 peer_val_mae=0.03567833
[worker1/operator_darcy_student_lift_v2_gpu1] [operator_darcy_student_lift_v2/sample_ft_l003_w15_d45_90_lr2e4] [operator][epoch 023] lambda=0.0300 train_mse=0.00978228 val_mse=0.01739437 val_mae=0.09736205 | peer_val_mse=0.00362243 peer_val_mae=0.03567833
[worker1/operator_darcy_student_lift_v2_gpu1] [operator_darcy_student_lift_v2/sample_ft_l003_w15_d45_90_lr2e4] [operator][epoch 024] lambda=0.0300 train_mse=0.00950833 val_mse=0.01743542 val_mae=0.09774319 | peer_val_mse=0.00362243 peer_val_mae=0.03567833
[worker1/operator_darcy_student_lift_v2_gpu1] [operator_darcy_student_lift_v2/sample_ft_l003_w15_d45_90_lr2e4] [operator][epoch 025] lambda=0.0300 train_mse=0.00944657 val_mse=0.01716828 val_mae=0.09639697 | peer_val_mse=0.00362243 peer_val_mae=0.03567833
[worker1/operator_darcy_student_lift_v2_gpu1] [operator_darcy_student_lift_v2/sample_ft_l003_w15_d45_90_lr2e4] [operator][epoch 026] lambda=0.0300 train_mse=0.00916348 val_mse=0.01700625 val_mae=0.09578716 | peer_val_mse=0.00362243 peer_val_mae=0.03567833
[worker1/operator_darcy_student_lift_v2_gpu1] [operator_darcy_student_lift_v2/sample_ft_l003_w15_d45_90_lr2e4] [operator][epoch 027] lambda=0.0300 train_mse=0.00889318 val_mse=0.01696379 val_mae=0.09627854 | peer_val_mse=0.00362243 peer_val_mae=0.03567833
[worker1/operator_darcy_student_lift_v2_gpu1] [operator_darcy_student_lift_v2/sample_ft_l003_w15_d45_90_lr2e4] [operator][epoch 028] lambda=0.0300 train_mse=0.01067237 val_mse=0.01735706 val_mae=0.09761236 | peer_val_mse=0.00362243 peer_val_mae=0.03567833
[worker1/operator_darcy_student_lift_v2_gpu1] [operator_darcy_student_lift_v2/sample_ft_l003_w15_d45_90_lr2e4] [operator][epoch 029] lambda=0.0300 train_mse=0.01030421 val_mse=0.01729927 val_mae=0.09697313 | peer_val_mse=0.00362243 peer_val_mae=0.03567833
[worker1/operator_darcy_student_lift_v2_gpu1] [operator_darcy_student_lift_v2/sample_ft_l003_w15_d45_90_lr2e4] [operator][epoch 030] lambda=0.0300 train_mse=0.00959001 val_mse=0.01863971 val_mae=0.10091509 | peer_val_mse=0.00362243 peer_val_mae=0.03567833
[worker1/operator_darcy_student_lift_v2_gpu1] [operator_darcy_student_lift_v2/sample_ft_l003_w15_d45_90_lr2e4] [operator][epoch 031] lambda=0.0300 train_mse=0.00980145 val_mse=0.01681561 val_mae=0.09646993 | peer_val_mse=0.00362243 peer_val_mae=0.03567833
[worker1/operator_darcy_student_lift_v2_gpu1] [operator_darcy_student_lift_v2/sample_ft_l003_w15_d45_90_lr2e4] [operator][epoch 032] lambda=0.0300 train_mse=0.00949257 val_mse=0.01764011 val_mae=0.09841370 | peer_val_mse=0.00362243 peer_val_mae=0.03567833
[worker1/operator_darcy_student_lift_v2_gpu1] [operator_darcy_student_lift_v2/sample_ft_l003_w15_d45_90_lr2e4] [operator][epoch 033] lambda=0.0300 train_mse=0.00926612 val_mse=0.01694188 val_mae=0.09558306 | peer_val_mse=0.00362243 peer_val_mae=0.03567833
[worker1/operator_burgers_student_lift_v2_gpu0] [operator_burgers_student_lift_v2/elem_ft_l003_w25_d70_130_lr4e4] [operator][epoch 128] lambda=0.0039 train_mse=0.00537958 val_mse=0.00645680 val_mae=0.05052273 | peer_val_mse=0.00002689 peer_val_mae=0.00366316
[worker1/operator_burgers_student_lift_v2_gpu0] [operator_burgers_student_lift_v2/elem_ft_l003_w25_d70_130_lr4e4] [operator][epoch 129] lambda=0.0034 train_mse=0.00788689 val_mse=0.00643888 val_mae=0.05350802 | peer_val_mse=0.00002689 peer_val_mae=0.00366316
[worker1/operator_burgers_student_lift_v2_gpu0] [operator_burgers_student_lift_v2/elem_ft_l003_w25_d70_130_lr4e4] [operator][epoch 130] lambda=0.0030 train_mse=0.00897796 val_mse=0.00621950 val_mae=0.05222538 | peer_val_mse=0.00002689 peer_val_mae=0.00366316
[worker1/operator_burgers_student_lift_v2_gpu0] [operator_burgers_student_lift_v2/elem_ft_l003_w25_d70_130_lr4e4] [operator][epoch 131] lambda=0.0030 train_mse=0.00591110 val_mse=0.00523835 val_mae=0.04605525 | peer_val_mse=0.00002689 peer_val_mae=0.00366316
[worker1/operator_burgers_student_lift_v2_gpu0] [operator_burgers_student_lift_v2/elem_ft_l003_w25_d70_130_lr4e4] [operator][epoch 132] lambda=0.0030 train_mse=0.00534962 val_mse=0.00463788 val_mae=0.04073338 | peer_val_mse=0.00002689 peer_val_mae=0.00366316
[worker1/operator_burgers_student_lift_v2_gpu0] [operator_burgers_student_lift_v2/elem_ft_l003_w25_d70_130_lr4e4] [operator][epoch 133] lambda=0.0030 train_mse=0.00508125 val_mse=0.00504760 val_mae=0.04654772 | peer_val_mse=0.00002689 peer_val_mae=0.00366316
[worker1/operator_burgers_student_lift_v2_gpu0] [operator_burgers_student_lift_v2/elem_ft_l003_w25_d70_130_lr4e4] [operator][epoch 134] lambda=0.0030 train_mse=0.00506041 val_mse=0.00539601 val_mae=0.04510167 | peer_val_mse=0.00002689 peer_val_mae=0.00366316
[worker1/operator_burgers_student_lift_v2_gpu0] [operator_burgers_student_lift_v2/elem_ft_l003_w25_d70_130_lr4e4] [operator][epoch 135] lambda=0.0030 train_mse=0.00505851 val_mse=0.00631884 val_mae=0.05022290 | peer_val_mse=0.00002689 peer_val_mae=0.00366316
[worker1/operator_burgers_student_lift_v2_gpu0] [operator_burgers_student_lift_v2/elem_ft_l003_w25_d70_130_lr4e4] [operator][epoch 136] lambda=0.0030 train_mse=0.00632564 val_mse=0.00586960 val_mae=0.04906881 | peer_val_mse=0.00002689 peer_val_mae=0.00366316
[worker1/operator_burgers_student_lift_v2_gpu0] [operator_burgers_student_lift_v2/elem_ft_l003_w25_d70_130_lr4e4] [operator][epoch 137] lambda=0.0030 train_mse=0.00611464 val_mse=0.00601497 val_mae=0.04904863 | peer_val_mse=0.00002689 peer_val_mae=0.00366316
[worker1/operator_burgers_student_lift_v2_gpu0] [operator_burgers_student_lift_v2/elem_ft_l003_w25_d70_130_lr4e4] [operator][epoch 138] lambda=0.0030 train_mse=0.00538229 val_mse=0.00485085 val_mae=0.04330044 | peer_val_mse=0.00002689 peer_val_mae=0.00366316
[worker1/operator_burgers_student_lift_v2_gpu0] [operator_burgers_student_lift_v2/elem_ft_l003_w25_d70_130_lr4e4] [operator][epoch 139] lambda=0.0030 train_mse=0.00551691 val_mse=0.00498721 val_mae=0.04449234 | peer_val_mse=0.00002689 peer_val_mae=0.00366316
[worker1/operator_burgers_student_lift_v2_gpu0] [operator_burgers_student_lift_v2/elem_ft_l003_w25_d70_130_lr4e4] [operator][epoch 140] lambda=0.0030 train_mse=0.00573454 val_mse=0.00510215 val_mae=0.04603434 | peer_val_mse=0.00002689 peer_val_mae=0.00366316
[worker1/operator_burgers_student_lift_v2_gpu0] [operator_burgers_student_lift_v2/elem_ft_l003_w25_d70_130_lr4e4] [operator][epoch 140] updated live plot
[worker1/operator_burgers_student_lift_v2_gpu0] [operator_burgers_student_lift_v2/elem_ft_l003_w25_d70_130_lr4e4] [operator] done
[worker1/operator_burgers_student_lift_v2_gpu0] [operator_burgers_student_lift_v2/elem_ft_huber_l002_w30_d80_140_lr3e4] lock -> /home/namkyeong/ssmo/results/.locks/operator_burgers_student_lift_v2_elem_ft_huber_l002_w30_d80_140_lr3e4.lock
[worker1/operator_burgers_student_lift_v2_gpu0] [operator_burgers_student_lift_v2/elem_ft_huber_l002_w30_d80_140_lr3e4] log -> results/logs/operator_burgers_student_lift_v2/elem_ft_huber_l002_w30_d80_140_lr3e4.log
[worker1/operator_burgers_student_lift_v2_gpu0] [operator_burgers_student_lift_v2/elem_ft_huber_l002_w30_d80_140_lr3e4] [operator] output_dir=results/operator_burgers_student_lift_v2/elem_ft_huber_l002_w30_d80_140_lr3e4
[worker1/operator_burgers_student_lift_v2_gpu0] [operator_burgers_student_lift_v2/elem_ft_huber_l002_w30_d80_140_lr3e4] [operator] methods=ssml
[worker1/operator_burgers_student_lift_v2_gpu0] [operator_burgers_student_lift_v2/elem_ft_huber_l002_w30_d80_140_lr3e4] [operator] model_pairs=deeponet:fno
[worker1/operator_burgers_student_lift_v2_gpu0] [operator_burgers_student_lift_v2/elem_ft_huber_l002_w30_d80_140_lr3e4] [operator] dataset=burgers pair=deeponet:fno method=ssml seed=0
[worker1/operator_burgers_student_lift_v2_gpu0] [operator_burgers_student_lift_v2/elem_ft_huber_l002_w30_d80_140_lr3e4] [operator] loaded init_checkpoint=results/operator_burgers_followup_v1/burgers_l005_m0_w12_d60_120_ow1/operator/burgers/deeponet_independent_mse_seed0/model.pt
[worker1/operator_burgers_student_lift_v2_gpu0] [operator_burgers_student_lift_v2/elem_ft_huber_l002_w30_d80_140_lr3e4] [operator] loaded peer_init_checkpoint=results/operator_burgers_followup_v1/burgers_l005_m0_w12_d60_120_ow1/operator/burgers/fno_independent_mse_seed0/model.pt
[worker1/operator_burgers_student_lift_v2_gpu0] [operator_burgers_student_lift_v2/elem_ft_huber_l002_w30_d80_140_lr3e4] [operator] run_dir=results/operator_burgers_student_lift_v2/elem_ft_huber_l002_w30_d80_140_lr3e4/operator/burgers/deeponet__fno_ssml_huber_seed0
[worker1/operator_burgers_student_lift_v2_gpu0] [operator_burgers_student_lift_v2/elem_ft_huber_l002_w30_d80_140_lr3e4] [operator] params=198656
[worker1/operator_burgers_student_lift_v2_gpu0] [operator_burgers_student_lift_v2/elem_ft_huber_l002_w30_d80_140_lr3e4] [operator] granularity=element student_only=True freeze_peer=True peer_updates_disabled=True
[worker1/operator_burgers_student_lift_v2_gpu0] [operator_burgers_student_lift_v2/elem_ft_huber_l002_w30_d80_140_lr3e4] [operator][epoch 001] lambda=0.0000 train_mse=0.02376318 val_mse=0.02260331 val_mae=0.09999025 | peer_val_mse=0.00001139 peer_val_mae=0.00234510
[worker1/operator_burgers_student_lift_v2_gpu0] [operator_burgers_student_lift_v2/elem_ft_huber_l002_w30_d80_140_lr3e4] [operator][epoch 002] lambda=0.0000 train_mse=0.01902871 val_mse=0.02028383 val_mae=0.09241718 | peer_val_mse=0.00001139 peer_val_mae=0.00234510
[worker1/operator_burgers_student_lift_v2_gpu0] [operator_burgers_student_lift_v2/elem_ft_huber_l002_w30_d80_140_lr3e4] [operator][epoch 003] lambda=0.0000 train_mse=0.01769481 val_mse=0.02000332 val_mae=0.09124393 | peer_val_mse=0.00001139 peer_val_mae=0.00234510
[worker1/operator_burgers_student_lift_v2_gpu0] [operator_burgers_student_lift_v2/elem_ft_huber_l002_w30_d80_140_lr3e4] [operator][epoch 004] lambda=0.0000 train_mse=0.01724111 val_mse=0.02472980 val_mae=0.11009852 | peer_val_mse=0.00001139 peer_val_mae=0.00234510
[worker1/operator_burgers_student_lift_v2_gpu0] [operator_burgers_student_lift_v2/elem_ft_huber_l002_w30_d80_140_lr3e4] [operator][epoch 005] lambda=0.0000 train_mse=0.01699870 val_mse=0.01795605 val_mae=0.08558015 | peer_val_mse=0.00001139 peer_val_mae=0.00234510
[worker1/operator_burgers_student_lift_v2_gpu0] [operator_burgers_student_lift_v2/elem_ft_huber_l002_w30_d80_140_lr3e4] [operator][epoch 006] lambda=0.0000 train_mse=0.01460183 val_mse=0.01801028 val_mae=0.08599303 | peer_val_mse=0.00001139 peer_val_mae=0.00234510
[worker1/operator_burgers_student_lift_v2_gpu0] [operator_burgers_student_lift_v2/elem_ft_huber_l002_w30_d80_140_lr3e4] [operator][epoch 007] lambda=0.0000 train_mse=0.01680182 val_mse=0.01701991 val_mae=0.08349034 | peer_val_mse=0.00001139 peer_val_mae=0.00234510
[worker1/operator_burgers_student_lift_v2_gpu0] [operator_burgers_student_lift_v2/elem_ft_huber_l002_w30_d80_140_lr3e4] [operator][epoch 008] lambda=0.0000 train_mse=0.01458710 val_mse=0.01756539 val_mae=0.08565191 | peer_val_mse=0.00001139 peer_val_mae=0.00234510
[worker1/operator_burgers_student_lift_v2_gpu0] [operator_burgers_student_lift_v2/elem_ft_huber_l002_w30_d80_140_lr3e4] [operator][epoch 009] lambda=0.0000 train_mse=0.01292202 val_mse=0.01423803 val_mae=0.07399458 | peer_val_mse=0.00001139 peer_val_mae=0.00234510
[worker1/operator_burgers_student_lift_v2_gpu0] [operator_burgers_student_lift_v2/elem_ft_huber_l002_w30_d80_140_lr3e4] [operator][epoch 010] lambda=0.0000 train_mse=0.01235570 val_mse=0.01442337 val_mae=0.07387302 | peer_val_mse=0.00001139 peer_val_mae=0.00234510
[worker1/operator_burgers_student_lift_v2_gpu0] [operator_burgers_student_lift_v2/elem_ft_huber_l002_w30_d80_140_lr3e4] [operator][epoch 011] lambda=0.0000 train_mse=0.01222819 val_mse=0.01369415 val_mae=0.07331086 | peer_val_mse=0.00001139 peer_val_mae=0.00234510
[worker1/operator_burgers_student_lift_v2_gpu0] [operator_burgers_student_lift_v2/elem_ft_huber_l002_w30_d80_140_lr3e4] [operator][epoch 012] lambda=0.0000 train_mse=0.01320423 val_mse=0.01662400 val_mae=0.08187250 | peer_val_mse=0.00001139 peer_val_mae=0.00234510
[worker1/operator_burgers_student_lift_v2_gpu0] [operator_burgers_student_lift_v2/elem_ft_huber_l002_w30_d80_140_lr3e4] [operator][epoch 013] lambda=0.0000 train_mse=0.01160574 val_mse=0.01447246 val_mae=0.07591289 | peer_val_mse=0.00001139 peer_val_mae=0.00234510
[worker1/operator_burgers_student_lift_v2_gpu0] [operator_burgers_student_lift_v2/elem_ft_huber_l002_w30_d80_140_lr3e4] [operator][epoch 014] lambda=0.0000 train_mse=0.01042294 val_mse=0.01273939 val_mae=0.06902293 | peer_val_mse=0.00001139 peer_val_mae=0.00234510
[worker1/operator_burgers_student_lift_v2_gpu0] [operator_burgers_student_lift_v2/elem_ft_huber_l002_w30_d80_140_lr3e4] [operator][epoch 015] lambda=0.0000 train_mse=0.01120523 val_mse=0.01454519 val_mae=0.07827098 | peer_val_mse=0.00001139 peer_val_mae=0.00234510
[worker1/operator_burgers_student_lift_v2_gpu0] [operator_burgers_student_lift_v2/elem_ft_huber_l002_w30_d80_140_lr3e4] [operator][epoch 016] lambda=0.0000 train_mse=0.01216016 val_mse=0.01409956 val_mae=0.07513247 | peer_val_mse=0.00001139 peer_val_mae=0.00234510
[worker1/operator_burgers_student_lift_v2_gpu0] [operator_burgers_student_lift_v2/elem_ft_huber_l002_w30_d80_140_lr3e4] [operator][epoch 017] lambda=0.0000 train_mse=0.01137841 val_mse=0.01724335 val_mae=0.08387595 | peer_val_mse=0.00001139 peer_val_mae=0.00234510
[worker1/operator_burgers_student_lift_v2_gpu0] [operator_burgers_student_lift_v2/elem_ft_huber_l002_w30_d80_140_lr3e4] [operator][epoch 018] lambda=0.0000 train_mse=0.01167957 val_mse=0.01367881 val_mae=0.07570027 | peer_val_mse=0.00001139 peer_val_mae=0.00234510
[worker1/operator_burgers_student_lift_v2_gpu0] [operator_burgers_student_lift_v2/elem_ft_huber_l002_w30_d80_140_lr3e4] [operator][epoch 019] lambda=0.0000 train_mse=0.01110717 val_mse=0.01506500 val_mae=0.07921267 | peer_val_mse=0.00001139 peer_val_mae=0.00234510
[worker1/operator_burgers_student_lift_v2_gpu0] [operator_burgers_student_lift_v2/elem_ft_huber_l002_w30_d80_140_lr3e4] [operator][epoch 020] lambda=0.0000 train_mse=0.01051604 val_mse=0.01207971 val_mae=0.06813934 | peer_val_mse=0.00001139 peer_val_mae=0.00234510
[worker1/operator_burgers_student_lift_v2_gpu0] [operator_burgers_student_lift_v2/elem_ft_huber_l002_w30_d80_140_lr3e4] [operator][epoch 020] updated live plot
[worker1/operator_burgers_student_lift_v2_gpu0] [operator_burgers_student_lift_v2/elem_ft_huber_l002_w30_d80_140_lr3e4] [operator][epoch 021] lambda=0.0000 train_mse=0.00927767 val_mse=0.01203287 val_mae=0.06683393 | peer_val_mse=0.00001139 peer_val_mae=0.00234510
[worker1/operator_burgers_student_lift_v2_gpu0] [operator_burgers_student_lift_v2/elem_ft_huber_l002_w30_d80_140_lr3e4] [operator][epoch 022] lambda=0.0000 train_mse=0.01179621 val_mse=0.01582619 val_mae=0.08160198 | peer_val_mse=0.00001139 peer_val_mae=0.00234510
[worker1/operator_burgers_student_lift_v2_gpu0] [operator_burgers_student_lift_v2/elem_ft_huber_l002_w30_d80_140_lr3e4] [operator][epoch 023] lambda=0.0000 train_mse=0.00969601 val_mse=0.01213424 val_mae=0.06674270 | peer_val_mse=0.00001139 peer_val_mae=0.00234510
[worker1/operator_burgers_student_lift_v2_gpu0] [operator_burgers_student_lift_v2/elem_ft_huber_l002_w30_d80_140_lr3e4] [operator][epoch 024] lambda=0.0000 train_mse=0.00983897 val_mse=0.01288519 val_mae=0.07178068 | peer_val_mse=0.00001139 peer_val_mae=0.00234510
[worker1/operator_burgers_student_lift_v2_gpu0] [operator_burgers_student_lift_v2/elem_ft_huber_l002_w30_d80_140_lr3e4] [operator][epoch 025] lambda=0.0000 train_mse=0.01217156 val_mse=0.01302323 val_mae=0.07348392 | peer_val_mse=0.00001139 peer_val_mae=0.00234510
[worker1/operator_burgers_student_lift_v2_gpu0] [operator_burgers_student_lift_v2/elem_ft_huber_l002_w30_d80_140_lr3e4] [operator][epoch 026] lambda=0.0000 train_mse=0.01142156 val_mse=0.01232032 val_mae=0.06655502 | peer_val_mse=0.00001139 peer_val_mae=0.00234510
[worker1/operator_burgers_student_lift_v2_gpu0] [operator_burgers_student_lift_v2/elem_ft_huber_l002_w30_d80_140_lr3e4] [operator][epoch 027] lambda=0.0000 train_mse=0.00883089 val_mse=0.01066480 val_mae=0.06243923 | peer_val_mse=0.00001139 peer_val_mae=0.00234510
[worker1/operator_burgers_student_lift_v2_gpu0] [operator_burgers_student_lift_v2/elem_ft_huber_l002_w30_d80_140_lr3e4] [operator][epoch 028] lambda=0.0000 train_mse=0.00809865 val_mse=0.01082183 val_mae=0.06373047 | peer_val_mse=0.00001139 peer_val_mae=0.00234510
[worker1/operator_burgers_student_lift_v2_gpu0] [operator_burgers_student_lift_v2/elem_ft_huber_l002_w30_d80_140_lr3e4] [operator][epoch 029] lambda=0.0000 train_mse=0.00784382 val_mse=0.01075522 val_mae=0.06235483 | peer_val_mse=0.00001139 peer_val_mae=0.00234510
[worker1/operator_burgers_student_lift_v2_gpu0] [operator_burgers_student_lift_v2/elem_ft_huber_l002_w30_d80_140_lr3e4] [operator][epoch 030] lambda=0.0000 train_mse=0.00780048 val_mse=0.01086799 val_mae=0.06273683 | peer_val_mse=0.00001139 peer_val_mae=0.00234510
[worker1/operator_burgers_student_lift_v2_gpu0] [operator_burgers_student_lift_v2/elem_ft_huber_l002_w30_d80_140_lr3e4] [operator][epoch 031] lambda=0.0200 train_mse=0.00953351 val_mse=0.01326356 val_mae=0.06989169 | peer_val_mse=0.00001139 peer_val_mae=0.00234510
[worker1/operator_burgers_student_lift_v2_gpu0] [operator_burgers_student_lift_v2/elem_ft_huber_l002_w30_d80_140_lr3e4] [operator][epoch 032] lambda=0.0200 train_mse=0.01061045 val_mse=0.01213292 val_mae=0.06689758 | peer_val_mse=0.00001139 peer_val_mae=0.00234510
[worker1/operator_burgers_student_lift_v2_gpu0] [operator_burgers_student_lift_v2/elem_ft_huber_l002_w30_d80_140_lr3e4] [operator][epoch 033] lambda=0.0200 train_mse=0.01003513 val_mse=0.01184824 val_mae=0.06510251 | peer_val_mse=0.00001139 peer_val_mae=0.00234510
[worker1/operator_burgers_student_lift_v2_gpu0] [operator_burgers_student_lift_v2/elem_ft_huber_l002_w30_d80_140_lr3e4] [operator][epoch 034] lambda=0.0200 train_mse=0.00829583 val_mse=0.01123461 val_mae=0.06371855 | peer_val_mse=0.00001139 peer_val_mae=0.00234510
[worker1/operator_burgers_student_lift_v2_gpu0] [operator_burgers_student_lift_v2/elem_ft_huber_l002_w30_d80_140_lr3e4] [operator][epoch 035] lambda=0.0200 train_mse=0.00815711 val_mse=0.01303524 val_mae=0.07042548 | peer_val_mse=0.00001139 peer_val_mae=0.00234510
[worker1/operator_burgers_student_lift_v2_gpu0] [operator_burgers_student_lift_v2/elem_ft_huber_l002_w30_d80_140_lr3e4] [operator][epoch 036] lambda=0.0200 train_mse=0.01045263 val_mse=0.01089101 val_mae=0.06532964 | peer_val_mse=0.00001139 peer_val_mae=0.00234510
[worker1/operator_burgers_student_lift_v2_gpu0] [operator_burgers_student_lift_v2/elem_ft_huber_l002_w30_d80_140_lr3e4] [operator][epoch 037] lambda=0.0200 train_mse=0.00830170 val_mse=0.01052481 val_mae=0.06193879 | peer_val_mse=0.00001139 peer_val_mae=0.00234510
[worker1/operator_burgers_student_lift_v2_gpu0] [operator_burgers_student_lift_v2/elem_ft_huber_l002_w30_d80_140_lr3e4] [operator][epoch 038] lambda=0.0200 train_mse=0.00881535 val_mse=0.01530669 val_mae=0.07798797 | peer_val_mse=0.00001139 peer_val_mae=0.00234510
[worker1/operator_burgers_student_lift_v2_gpu0] [operator_burgers_student_lift_v2/elem_ft_huber_l002_w30_d80_140_lr3e4] [operator][epoch 039] lambda=0.0200 train_mse=0.01113372 val_mse=0.01103106 val_mae=0.06627243 | peer_val_mse=0.00001139 peer_val_mae=0.00234510
[worker1/operator_burgers_student_lift_v2_gpu0] [operator_burgers_student_lift_v2/elem_ft_huber_l002_w30_d80_140_lr3e4] [operator][epoch 040] lambda=0.0200 train_mse=0.00792492 val_mse=0.00920204 val_mae=0.05607668 | peer_val_mse=0.00001139 peer_val_mae=0.00234510
[worker1/operator_burgers_student_lift_v2_gpu0] [operator_burgers_student_lift_v2/elem_ft_huber_l002_w30_d80_140_lr3e4] [operator][epoch 040] updated live plot
[worker1/operator_burgers_student_lift_v2_gpu0] [operator_burgers_student_lift_v2/elem_ft_huber_l002_w30_d80_140_lr3e4] [operator][epoch 041] lambda=0.0200 train_mse=0.00718288 val_mse=0.01068959 val_mae=0.06429653 | peer_val_mse=0.00001139 peer_val_mae=0.00234510
[worker1/operator_burgers_student_lift_v2_gpu0] [operator_burgers_student_lift_v2/elem_ft_huber_l002_w30_d80_140_lr3e4] [operator][epoch 042] lambda=0.0200 train_mse=0.00797181 val_mse=0.01071781 val_mae=0.06058386 | peer_val_mse=0.00001139 peer_val_mae=0.00234510
[worker1/operator_burgers_student_lift_v2_gpu0] [operator_burgers_student_lift_v2/elem_ft_huber_l002_w30_d80_140_lr3e4] [operator][epoch 043] lambda=0.0200 train_mse=0.00839826 val_mse=0.00987739 val_mae=0.05943247 | peer_val_mse=0.00001139 peer_val_mae=0.00234510
[worker1/operator_burgers_student_lift_v2_gpu0] [operator_burgers_student_lift_v2/elem_ft_huber_l002_w30_d80_140_lr3e4] [operator][epoch 044] lambda=0.0200 train_mse=0.00872546 val_mse=0.01020884 val_mae=0.05873984 | peer_val_mse=0.00001139 peer_val_mae=0.00234510
[worker1/operator_burgers_student_lift_v2_gpu0] [operator_burgers_student_lift_v2/elem_ft_huber_l002_w30_d80_140_lr3e4] [operator][epoch 045] lambda=0.0200 train_mse=0.00720906 val_mse=0.00946657 val_mae=0.05495941 | peer_val_mse=0.00001139 peer_val_mae=0.00234510
[worker1/operator_burgers_student_lift_v2_gpu0] [operator_burgers_student_lift_v2/elem_ft_huber_l002_w30_d80_140_lr3e4] [operator][epoch 046] lambda=0.0200 train_mse=0.00771344 val_mse=0.01102180 val_mae=0.06540378 | peer_val_mse=0.00001139 peer_val_mae=0.00234510
[worker1/operator_burgers_student_lift_v2_gpu0] [operator_burgers_student_lift_v2/elem_ft_huber_l002_w30_d80_140_lr3e4] [operator][epoch 047] lambda=0.0200 train_mse=0.00731329 val_mse=0.01130468 val_mae=0.06100195 | peer_val_mse=0.00001139 peer_val_mae=0.00234510
[worker1/operator_burgers_student_lift_v2_gpu0] [operator_burgers_student_lift_v2/elem_ft_huber_l002_w30_d80_140_lr3e4] [operator][epoch 048] lambda=0.0200 train_mse=0.00713550 val_mse=0.00937574 val_mae=0.05470418 | peer_val_mse=0.00001139 peer_val_mae=0.00234510
[worker1/operator_burgers_student_lift_v2_gpu0] [operator_burgers_student_lift_v2/elem_ft_huber_l002_w30_d80_140_lr3e4] [operator][epoch 049] lambda=0.0200 train_mse=0.00690845 val_mse=0.00978415 val_mae=0.05859867 | peer_val_mse=0.00001139 peer_val_mae=0.00234510
[worker1/operator_burgers_student_lift_v2_gpu0] [operator_burgers_student_lift_v2/elem_ft_huber_l002_w30_d80_140_lr3e4] [operator][epoch 050] lambda=0.0200 train_mse=0.00737856 val_mse=0.00984913 val_mae=0.05684351 | peer_val_mse=0.00001139 peer_val_mae=0.00234510
[worker1/operator_burgers_student_lift_v2_gpu0] [operator_burgers_student_lift_v2/elem_ft_huber_l002_w30_d80_140_lr3e4] [operator][epoch 051] lambda=0.0200 train_mse=0.00821528 val_mse=0.00923279 val_mae=0.05683644 | peer_val_mse=0.00001139 peer_val_mae=0.00234510
[worker1/operator_burgers_student_lift_v2_gpu0] [operator_burgers_student_lift_v2/elem_ft_huber_l002_w30_d80_140_lr3e4] [operator][epoch 052] lambda=0.0200 train_mse=0.00800958 val_mse=0.01020031 val_mae=0.06121520 | peer_val_mse=0.00001139 peer_val_mae=0.00234510
[worker1/operator_burgers_student_lift_v2_gpu0] [operator_burgers_student_lift_v2/elem_ft_huber_l002_w30_d80_140_lr3e4] [operator][epoch 053] lambda=0.0200 train_mse=0.00755755 val_mse=0.00978857 val_mae=0.05909838 | peer_val_mse=0.00001139 peer_val_mae=0.00234510
[worker1/operator_burgers_student_lift_v2_gpu0] [operator_burgers_student_lift_v2/elem_ft_huber_l002_w30_d80_140_lr3e4] [operator][epoch 054] lambda=0.0200 train_mse=0.00784297 val_mse=0.01183606 val_mae=0.06743372 | peer_val_mse=0.00001139 peer_val_mae=0.00234510
[worker1/operator_burgers_student_lift_v2_gpu0] [operator_burgers_student_lift_v2/elem_ft_huber_l002_w30_d80_140_lr3e4] [operator][epoch 055] lambda=0.0200 train_mse=0.00807998 val_mse=0.01292052 val_mae=0.06952471 | peer_val_mse=0.00001139 peer_val_mae=0.00234510
[worker1/operator_burgers_student_lift_v2_gpu0] [operator_burgers_student_lift_v2/elem_ft_huber_l002_w30_d80_140_lr3e4] [operator][epoch 056] lambda=0.0200 train_mse=0.00821932 val_mse=0.00913004 val_mae=0.05277114 | peer_val_mse=0.00001139 peer_val_mae=0.00234510
[worker1/operator_burgers_student_lift_v2_gpu0] [operator_burgers_student_lift_v2/elem_ft_huber_l002_w30_d80_140_lr3e4] [operator][epoch 057] lambda=0.0200 train_mse=0.00748804 val_mse=0.00908758 val_mae=0.05632496 | peer_val_mse=0.00001139 peer_val_mae=0.00234510
[worker1/operator_burgers_student_lift_v2_gpu0] [operator_burgers_student_lift_v2/elem_ft_huber_l002_w30_d80_140_lr3e4] [operator][epoch 058] lambda=0.0200 train_mse=0.00694378 val_mse=0.01090505 val_mae=0.06422963 | peer_val_mse=0.00001139 peer_val_mae=0.00234510
[worker1/operator_burgers_student_lift_v2_gpu0] [operator_burgers_student_lift_v2/elem_ft_huber_l002_w30_d80_140_lr3e4] [operator][epoch 059] lambda=0.0200 train_mse=0.01058514 val_mse=0.01664202 val_mae=0.08292201 | peer_val_mse=0.00001139 peer_val_mae=0.00234510
[worker1/operator_burgers_student_lift_v2_gpu0] [operator_burgers_student_lift_v2/elem_ft_huber_l002_w30_d80_140_lr3e4] [operator][epoch 060] lambda=0.0200 train_mse=0.01004535 val_mse=0.01030808 val_mae=0.06184748 | peer_val_mse=0.00001139 peer_val_mae=0.00234510
[worker1/operator_burgers_student_lift_v2_gpu0] [operator_burgers_student_lift_v2/elem_ft_huber_l002_w30_d80_140_lr3e4] [operator][epoch 060] updated live plot
[worker1/operator_burgers_student_lift_v2_gpu0] [operator_burgers_student_lift_v2/elem_ft_huber_l002_w30_d80_140_lr3e4] [operator][epoch 061] lambda=0.0200 train_mse=0.00868002 val_mse=0.00981703 val_mae=0.05936767 | peer_val_mse=0.00001139 peer_val_mae=0.00234510
[worker1/operator_burgers_student_lift_v2_gpu0] [operator_burgers_student_lift_v2/elem_ft_huber_l002_w30_d80_140_lr3e4] [operator][epoch 062] lambda=0.0200 train_mse=0.00645705 val_mse=0.00849202 val_mae=0.05065927 | peer_val_mse=0.00001139 peer_val_mae=0.00234510
[worker1/operator_burgers_student_lift_v2_gpu0] [operator_burgers_student_lift_v2/elem_ft_huber_l002_w30_d80_140_lr3e4] [operator][epoch 063] lambda=0.0200 train_mse=0.00625034 val_mse=0.00898450 val_mae=0.05418503 | peer_val_mse=0.00001139 peer_val_mae=0.00234510
[worker1/operator_burgers_student_lift_v2_gpu0] [operator_burgers_student_lift_v2/elem_ft_huber_l002_w30_d80_140_lr3e4] [operator][epoch 064] lambda=0.0200 train_mse=0.00634626 val_mse=0.00869654 val_mae=0.05183223 | peer_val_mse=0.00001139 peer_val_mae=0.00234510
[worker1/operator_burgers_student_lift_v2_gpu0] [operator_burgers_student_lift_v2/elem_ft_huber_l002_w30_d80_140_lr3e4] [operator][epoch 065] lambda=0.0200 train_mse=0.00681889 val_mse=0.01029769 val_mae=0.06024114 | peer_val_mse=0.00001139 peer_val_mae=0.00234510
[worker1/operator_burgers_student_lift_v2_gpu0] [operator_burgers_student_lift_v2/elem_ft_huber_l002_w30_d80_140_lr3e4] [operator][epoch 066] lambda=0.0200 train_mse=0.00905133 val_mse=0.01149881 val_mae=0.06590918 | peer_val_mse=0.00001139 peer_val_mae=0.00234510
[worker1/operator_burgers_student_lift_v2_gpu0] [operator_burgers_student_lift_v2/elem_ft_huber_l002_w30_d80_140_lr3e4] [operator][epoch 067] lambda=0.0200 train_mse=0.00922735 val_mse=0.01235204 val_mae=0.06671818 | peer_val_mse=0.00001139 peer_val_mae=0.00234510
[worker1/operator_burgers_student_lift_v2_gpu0] [operator_burgers_student_lift_v2/elem_ft_huber_l002_w30_d80_140_lr3e4] [operator][epoch 068] lambda=0.0200 train_mse=0.00701251 val_mse=0.00817513 val_mae=0.05098540 | peer_val_mse=0.00001139 peer_val_mae=0.00234510
[worker1/operator_burgers_student_lift_v2_gpu0] [operator_burgers_student_lift_v2/elem_ft_huber_l002_w30_d80_140_lr3e4] [operator][epoch 069] lambda=0.0200 train_mse=0.00604170 val_mse=0.00874602 val_mae=0.05291622 | peer_val_mse=0.00001139 peer_val_mae=0.00234510
[worker1/operator_darcy_student_lift_v2_gpu1] [operator_darcy_student_lift_v2/sample_ft_l003_w15_d45_90_lr2e4] [operator][epoch 034] lambda=0.0300 train_mse=0.00859319 val_mse=0.01684472 val_mae=0.09504757 | peer_val_mse=0.00362243 peer_val_mae=0.03567833
[worker1/operator_darcy_student_lift_v2_gpu1] [operator_darcy_student_lift_v2/sample_ft_l003_w15_d45_90_lr2e4] [operator][epoch 035] lambda=0.0300 train_mse=0.00826630 val_mse=0.01753124 val_mae=0.09694046 | peer_val_mse=0.00362243 peer_val_mae=0.03567833
[worker1/operator_darcy_student_lift_v2_gpu1] [operator_darcy_student_lift_v2/sample_ft_l003_w15_d45_90_lr2e4] [operator][epoch 036] lambda=0.0300 train_mse=0.00914264 val_mse=0.01775675 val_mae=0.09861642 | peer_val_mse=0.00362243 peer_val_mae=0.03567833
[worker1/operator_darcy_student_lift_v2_gpu1] [operator_darcy_student_lift_v2/sample_ft_l003_w15_d45_90_lr2e4] [operator][epoch 037] lambda=0.0300 train_mse=0.00916019 val_mse=0.01697156 val_mae=0.09559611 | peer_val_mse=0.00362243 peer_val_mae=0.03567833
[worker1/operator_darcy_student_lift_v2_gpu1] [operator_darcy_student_lift_v2/sample_ft_l003_w15_d45_90_lr2e4] [operator][epoch 038] lambda=0.0300 train_mse=0.00858107 val_mse=0.01888152 val_mae=0.10093101 | peer_val_mse=0.00362243 peer_val_mae=0.03567833
[worker1/operator_darcy_student_lift_v2_gpu1] [operator_darcy_student_lift_v2/sample_ft_l003_w15_d45_90_lr2e4] [operator][epoch 039] lambda=0.0300 train_mse=0.00853870 val_mse=0.01733548 val_mae=0.09697831 | peer_val_mse=0.00362243 peer_val_mae=0.03567833
[worker1/operator_darcy_student_lift_v2_gpu1] [operator_darcy_student_lift_v2/sample_ft_l003_w15_d45_90_lr2e4] [operator][epoch 040] lambda=0.0300 train_mse=0.00822506 val_mse=0.01615150 val_mae=0.09314805 | peer_val_mse=0.00362243 peer_val_mae=0.03567833
[worker1/operator_darcy_student_lift_v2_gpu1] [operator_darcy_student_lift_v2/sample_ft_l003_w15_d45_90_lr2e4] [operator][epoch 040] updated live plot
[worker1/operator_darcy_student_lift_v2_gpu1] [operator_darcy_student_lift_v2/sample_ft_l003_w15_d45_90_lr2e4] [operator][epoch 041] lambda=0.0300 train_mse=0.00806767 val_mse=0.01685062 val_mae=0.09498437 | peer_val_mse=0.00362243 peer_val_mae=0.03567833
[worker1/operator_darcy_student_lift_v2_gpu1] [operator_darcy_student_lift_v2/sample_ft_l003_w15_d45_90_lr2e4] [operator][epoch 042] lambda=0.0300 train_mse=0.00797527 val_mse=0.01672494 val_mae=0.09458149 | peer_val_mse=0.00362243 peer_val_mae=0.03567833
[worker1/operator_darcy_student_lift_v2_gpu1] [operator_darcy_student_lift_v2/sample_ft_l003_w15_d45_90_lr2e4] [operator][epoch 043] lambda=0.0300 train_mse=0.00843609 val_mse=0.01620416 val_mae=0.09363897 | peer_val_mse=0.00362243 peer_val_mae=0.03567833
[worker1/operator_darcy_student_lift_v2_gpu1] [operator_darcy_student_lift_v2/sample_ft_l003_w15_d45_90_lr2e4] [operator][epoch 044] lambda=0.0300 train_mse=0.00827100 val_mse=0.01676369 val_mae=0.09500711 | peer_val_mse=0.00362243 peer_val_mae=0.03567833
[worker1/operator_darcy_student_lift_v2_gpu1] [operator_darcy_student_lift_v2/sample_ft_l003_w15_d45_90_lr2e4] [operator][epoch 045] lambda=0.0300 train_mse=0.00792671 val_mse=0.01680883 val_mae=0.09548814 | peer_val_mse=0.00362243 peer_val_mae=0.03567833
[worker1/operator_darcy_student_lift_v2_gpu1] [operator_darcy_student_lift_v2/sample_ft_l003_w15_d45_90_lr2e4] [operator][epoch 046] lambda=0.0294 train_mse=0.00798724 val_mse=0.01732086 val_mae=0.09509445 | peer_val_mse=0.00362243 peer_val_mae=0.03567833
[worker1/operator_darcy_student_lift_v2_gpu1] [operator_darcy_student_lift_v2/sample_ft_l003_w15_d45_90_lr2e4] [operator][epoch 047] lambda=0.0288 train_mse=0.00791138 val_mse=0.01749867 val_mae=0.09747903 | peer_val_mse=0.00362243 peer_val_mae=0.03567833
[worker1/operator_darcy_student_lift_v2_gpu1] [operator_darcy_student_lift_v2/sample_ft_l003_w15_d45_90_lr2e4] [operator][epoch 048] lambda=0.0282 train_mse=0.00819646 val_mse=0.01667112 val_mae=0.09545922 | peer_val_mse=0.00362243 peer_val_mae=0.03567833
[worker1/operator_darcy_student_lift_v2_gpu1] [operator_darcy_student_lift_v2/sample_ft_l003_w15_d45_90_lr2e4] [operator][epoch 049] lambda=0.0276 train_mse=0.00836240 val_mse=0.01650996 val_mae=0.09390923 | peer_val_mse=0.00362243 peer_val_mae=0.03567833
[worker1/operator_darcy_student_lift_v2_gpu1] [operator_darcy_student_lift_v2/sample_ft_l003_w15_d45_90_lr2e4] [operator][epoch 050] lambda=0.0270 train_mse=0.00764138 val_mse=0.01643925 val_mae=0.09357905 | peer_val_mse=0.00362243 peer_val_mae=0.03567833
[worker1/operator_darcy_student_lift_v2_gpu1] [operator_darcy_student_lift_v2/sample_ft_l003_w15_d45_90_lr2e4] [operator][epoch 051] lambda=0.0264 train_mse=0.00799418 val_mse=0.01761070 val_mae=0.09768853 | peer_val_mse=0.00362243 peer_val_mae=0.03567833
[worker1/operator_darcy_student_lift_v2_gpu1] [operator_darcy_student_lift_v2/sample_ft_l003_w15_d45_90_lr2e4] [operator][epoch 052] lambda=0.0258 train_mse=0.00920088 val_mse=0.01739851 val_mae=0.09777748 | peer_val_mse=0.00362243 peer_val_mae=0.03567833
[worker1/operator_burgers_student_lift_v2_gpu0] [operator_burgers_student_lift_v2/elem_ft_huber_l002_w30_d80_140_lr3e4] [operator][epoch 070] lambda=0.0200 train_mse=0.00652393 val_mse=0.00855784 val_mae=0.05058582 | peer_val_mse=0.00001139 peer_val_mae=0.00234510
[worker1/operator_burgers_student_lift_v2_gpu0] [operator_burgers_student_lift_v2/elem_ft_huber_l002_w30_d80_140_lr3e4] [operator][epoch 071] lambda=0.0200 train_mse=0.00647767 val_mse=0.00893409 val_mae=0.05264430 | peer_val_mse=0.00001139 peer_val_mae=0.00234510
[worker1/operator_burgers_student_lift_v2_gpu0] [operator_burgers_student_lift_v2/elem_ft_huber_l002_w30_d80_140_lr3e4] [operator][epoch 072] lambda=0.0200 train_mse=0.00662024 val_mse=0.00965244 val_mae=0.05918874 | peer_val_mse=0.00001139 peer_val_mae=0.00234510
[worker1/operator_burgers_student_lift_v2_gpu0] [operator_burgers_student_lift_v2/elem_ft_huber_l002_w30_d80_140_lr3e4] [operator][epoch 073] lambda=0.0200 train_mse=0.00628063 val_mse=0.00817981 val_mae=0.05057093 | peer_val_mse=0.00001139 peer_val_mae=0.00234510
[worker1/operator_burgers_student_lift_v2_gpu0] [operator_burgers_student_lift_v2/elem_ft_huber_l002_w30_d80_140_lr3e4] [operator][epoch 074] lambda=0.0200 train_mse=0.00606948 val_mse=0.00867195 val_mae=0.05528619 | peer_val_mse=0.00001139 peer_val_mae=0.00234510
[worker1/operator_burgers_student_lift_v2_gpu0] [operator_burgers_student_lift_v2/elem_ft_huber_l002_w30_d80_140_lr3e4] [operator][epoch 075] lambda=0.0200 train_mse=0.00612630 val_mse=0.00829870 val_mae=0.05075530 | peer_val_mse=0.00001139 peer_val_mae=0.00234510
[worker1/operator_burgers_student_lift_v2_gpu0] [operator_burgers_student_lift_v2/elem_ft_huber_l002_w30_d80_140_lr3e4] [operator][epoch 076] lambda=0.0200 train_mse=0.00592406 val_mse=0.00821442 val_mae=0.05379544 | peer_val_mse=0.00001139 peer_val_mae=0.00234510
[worker1/operator_burgers_student_lift_v2_gpu0] [operator_burgers_student_lift_v2/elem_ft_huber_l002_w30_d80_140_lr3e4] [operator][epoch 077] lambda=0.0200 train_mse=0.00673860 val_mse=0.01156449 val_mae=0.06246646 | peer_val_mse=0.00001139 peer_val_mae=0.00234510
[worker1/operator_burgers_student_lift_v2_gpu0] [operator_burgers_student_lift_v2/elem_ft_huber_l002_w30_d80_140_lr3e4] [operator][epoch 078] lambda=0.0200 train_mse=0.00743536 val_mse=0.01037358 val_mae=0.06044470 | peer_val_mse=0.00001139 peer_val_mae=0.00234510
[worker1/operator_burgers_student_lift_v2_gpu0] [operator_burgers_student_lift_v2/elem_ft_huber_l002_w30_d80_140_lr3e4] [operator][epoch 079] lambda=0.0200 train_mse=0.00796117 val_mse=0.01033674 val_mae=0.06077894 | peer_val_mse=0.00001139 peer_val_mae=0.00234510
[worker1/operator_burgers_student_lift_v2_gpu0] [operator_burgers_student_lift_v2/elem_ft_huber_l002_w30_d80_140_lr3e4] [operator][epoch 080] lambda=0.0200 train_mse=0.00713584 val_mse=0.00870389 val_mae=0.05212000 | peer_val_mse=0.00001139 peer_val_mae=0.00234510
[worker1/operator_burgers_student_lift_v2_gpu0] [operator_burgers_student_lift_v2/elem_ft_huber_l002_w30_d80_140_lr3e4] [operator][epoch 080] updated live plot
[worker1/operator_burgers_student_lift_v2_gpu0] [operator_burgers_student_lift_v2/elem_ft_huber_l002_w30_d80_140_lr3e4] [operator][epoch 081] lambda=0.0197 train_mse=0.00639725 val_mse=0.00796125 val_mae=0.05064184 | peer_val_mse=0.00001139 peer_val_mae=0.00234510
[worker1/operator_burgers_student_lift_v2_gpu0] [operator_burgers_student_lift_v2/elem_ft_huber_l002_w30_d80_140_lr3e4] [operator][epoch 082] lambda=0.0194 train_mse=0.00658011 val_mse=0.01005931 val_mae=0.05808284 | peer_val_mse=0.00001139 peer_val_mae=0.00234510
[worker1/operator_burgers_student_lift_v2_gpu0] [operator_burgers_student_lift_v2/elem_ft_huber_l002_w30_d80_140_lr3e4] [operator][epoch 083] lambda=0.0191 train_mse=0.00683754 val_mse=0.01009602 val_mae=0.06140274 | peer_val_mse=0.00001139 peer_val_mae=0.00234510
[worker1/operator_burgers_student_lift_v2_gpu0] [operator_burgers_student_lift_v2/elem_ft_huber_l002_w30_d80_140_lr3e4] [operator][epoch 084] lambda=0.0188 train_mse=0.00878370 val_mse=0.01063318 val_mae=0.06349822 | peer_val_mse=0.00001139 peer_val_mae=0.00234510
[worker1/operator_burgers_student_lift_v2_gpu0] [operator_burgers_student_lift_v2/elem_ft_huber_l002_w30_d80_140_lr3e4] [operator][epoch 085] lambda=0.0185 train_mse=0.00732819 val_mse=0.00902473 val_mae=0.05491550 | peer_val_mse=0.00001139 peer_val_mae=0.00234510
[worker1/operator_burgers_student_lift_v2_gpu0] [operator_burgers_student_lift_v2/elem_ft_huber_l002_w30_d80_140_lr3e4] [operator][epoch 086] lambda=0.0182 train_mse=0.00594503 val_mse=0.00845193 val_mae=0.05274844 | peer_val_mse=0.00001139 peer_val_mae=0.00234510
[worker1/operator_burgers_student_lift_v2_gpu0] [operator_burgers_student_lift_v2/elem_ft_huber_l002_w30_d80_140_lr3e4] [operator][epoch 087] lambda=0.0179 train_mse=0.00687763 val_mse=0.01162522 val_mae=0.06232865 | peer_val_mse=0.00001139 peer_val_mae=0.00234510
[worker1/operator_burgers_student_lift_v2_gpu0] [operator_burgers_student_lift_v2/elem_ft_huber_l002_w30_d80_140_lr3e4] [operator][epoch 088] lambda=0.0176 train_mse=0.00705492 val_mse=0.00887419 val_mae=0.05676661 | peer_val_mse=0.00001139 peer_val_mae=0.00234510
[worker1/operator_burgers_student_lift_v2_gpu0] [operator_burgers_student_lift_v2/elem_ft_huber_l002_w30_d80_140_lr3e4] [operator][epoch 089] lambda=0.0173 train_mse=0.00630495 val_mse=0.00769653 val_mae=0.04866380 | peer_val_mse=0.00001139 peer_val_mae=0.00234510
[worker1/operator_burgers_student_lift_v2_gpu0] [operator_burgers_student_lift_v2/elem_ft_huber_l002_w30_d80_140_lr3e4] [operator][epoch 090] lambda=0.0170 train_mse=0.00526637 val_mse=0.00781090 val_mae=0.04917807 | peer_val_mse=0.00001139 peer_val_mae=0.00234510
[worker1/operator_burgers_student_lift_v2_gpu0] [operator_burgers_student_lift_v2/elem_ft_huber_l002_w30_d80_140_lr3e4] [operator][epoch 091] lambda=0.0167 train_mse=0.00697798 val_mse=0.01028354 val_mae=0.06114930 | peer_val_mse=0.00001139 peer_val_mae=0.00234510
[worker1/operator_burgers_student_lift_v2_gpu0] [operator_burgers_student_lift_v2/elem_ft_huber_l002_w30_d80_140_lr3e4] [operator][epoch 092] lambda=0.0164 train_mse=0.00753694 val_mse=0.00832346 val_mae=0.05296228 | peer_val_mse=0.00001139 peer_val_mae=0.00234510
[worker1/operator_burgers_student_lift_v2_gpu0] [operator_burgers_student_lift_v2/elem_ft_huber_l002_w30_d80_140_lr3e4] [operator][epoch 093] lambda=0.0161 train_mse=0.00583988 val_mse=0.00713629 val_mae=0.04665981 | peer_val_mse=0.00001139 peer_val_mae=0.00234510
[worker1/operator_burgers_student_lift_v2_gpu0] [operator_burgers_student_lift_v2/elem_ft_huber_l002_w30_d80_140_lr3e4] [operator][epoch 094] lambda=0.0158 train_mse=0.00562700 val_mse=0.00903950 val_mae=0.05497264 | peer_val_mse=0.00001139 peer_val_mae=0.00234510
[worker1/operator_burgers_student_lift_v2_gpu0] [operator_burgers_student_lift_v2/elem_ft_huber_l002_w30_d80_140_lr3e4] [operator][epoch 095] lambda=0.0155 train_mse=0.00922107 val_mse=0.01190555 val_mae=0.06739929 | peer_val_mse=0.00001139 peer_val_mae=0.00234510
[worker1/operator_burgers_student_lift_v2_gpu0] [operator_burgers_student_lift_v2/elem_ft_huber_l002_w30_d80_140_lr3e4] [operator][epoch 096] lambda=0.0152 train_mse=0.00783700 val_mse=0.00760199 val_mae=0.04963347 | peer_val_mse=0.00001139 peer_val_mae=0.00234510
[worker1/operator_burgers_student_lift_v2_gpu0] [operator_burgers_student_lift_v2/elem_ft_huber_l002_w30_d80_140_lr3e4] [operator][epoch 097] lambda=0.0149 train_mse=0.00780539 val_mse=0.01215859 val_mae=0.07043923 | peer_val_mse=0.00001139 peer_val_mae=0.00234510
[worker1/operator_burgers_student_lift_v2_gpu0] [operator_burgers_student_lift_v2/elem_ft_huber_l002_w30_d80_140_lr3e4] [operator][epoch 098] lambda=0.0146 train_mse=0.00677234 val_mse=0.00767606 val_mae=0.04763941 | peer_val_mse=0.00001139 peer_val_mae=0.00234510
[worker1/operator_burgers_student_lift_v2_gpu0] [operator_burgers_student_lift_v2/elem_ft_huber_l002_w30_d80_140_lr3e4] [operator][epoch 099] lambda=0.0143 train_mse=0.00547970 val_mse=0.00855985 val_mae=0.05518398 | peer_val_mse=0.00001139 peer_val_mae=0.00234510
[worker1/operator_burgers_student_lift_v2_gpu0] [operator_burgers_student_lift_v2/elem_ft_huber_l002_w30_d80_140_lr3e4] [operator][epoch 100] lambda=0.0140 train_mse=0.00587562 val_mse=0.00795482 val_mae=0.05129303 | peer_val_mse=0.00001139 peer_val_mae=0.00234510
[worker1/operator_burgers_student_lift_v2_gpu0] [operator_burgers_student_lift_v2/elem_ft_huber_l002_w30_d80_140_lr3e4] [operator][epoch 100] updated live plot
[worker1/operator_burgers_student_lift_v2_gpu0] [operator_burgers_student_lift_v2/elem_ft_huber_l002_w30_d80_140_lr3e4] [operator][epoch 101] lambda=0.0137 train_mse=0.00584511 val_mse=0.00786432 val_mae=0.05088006 | peer_val_mse=0.00001139 peer_val_mae=0.00234510
[worker1/operator_burgers_student_lift_v2_gpu0] [operator_burgers_student_lift_v2/elem_ft_huber_l002_w30_d80_140_lr3e4] [operator][epoch 102] lambda=0.0134 train_mse=0.00650790 val_mse=0.00751005 val_mae=0.05106374 | peer_val_mse=0.00001139 peer_val_mae=0.00234510
[worker1/operator_burgers_student_lift_v2_gpu0] [operator_burgers_student_lift_v2/elem_ft_huber_l002_w30_d80_140_lr3e4] [operator][epoch 103] lambda=0.0131 train_mse=0.00616495 val_mse=0.01011793 val_mae=0.05641354 | peer_val_mse=0.00001139 peer_val_mae=0.00234510
[worker1/operator_burgers_student_lift_v2_gpu0] [operator_burgers_student_lift_v2/elem_ft_huber_l002_w30_d80_140_lr3e4] [operator][epoch 104] lambda=0.0128 train_mse=0.00633749 val_mse=0.00791205 val_mae=0.05220409 | peer_val_mse=0.00001139 peer_val_mae=0.00234510
[worker1/operator_burgers_student_lift_v2_gpu0] [operator_burgers_student_lift_v2/elem_ft_huber_l002_w30_d80_140_lr3e4] [operator][epoch 105] lambda=0.0125 train_mse=0.00597699 val_mse=0.00725032 val_mae=0.04868817 | peer_val_mse=0.00001139 peer_val_mae=0.00234510
[worker1/operator_burgers_student_lift_v2_gpu0] [operator_burgers_student_lift_v2/elem_ft_huber_l002_w30_d80_140_lr3e4] [operator][epoch 106] lambda=0.0122 train_mse=0.00486705 val_mse=0.00682787 val_mae=0.04465601 | peer_val_mse=0.00001139 peer_val_mae=0.00234510
[worker1/operator_burgers_student_lift_v2_gpu0] [operator_burgers_student_lift_v2/elem_ft_huber_l002_w30_d80_140_lr3e4] [operator][epoch 107] lambda=0.0119 train_mse=0.00534505 val_mse=0.00854683 val_mae=0.05878996 | peer_val_mse=0.00001139 peer_val_mae=0.00234510
[worker1/operator_burgers_student_lift_v2_gpu0] [operator_burgers_student_lift_v2/elem_ft_huber_l002_w30_d80_140_lr3e4] [operator][epoch 108] lambda=0.0116 train_mse=0.00643868 val_mse=0.00829129 val_mae=0.05588367 | peer_val_mse=0.00001139 peer_val_mae=0.00234510
[worker1/operator_burgers_student_lift_v2_gpu0] [operator_burgers_student_lift_v2/elem_ft_huber_l002_w30_d80_140_lr3e4] [operator][epoch 109] lambda=0.0113 train_mse=0.00492625 val_mse=0.00636004 val_mae=0.04348326 | peer_val_mse=0.00001139 peer_val_mae=0.00234510
[worker1/operator_burgers_student_lift_v2_gpu0] [operator_burgers_student_lift_v2/elem_ft_huber_l002_w30_d80_140_lr3e4] [operator][epoch 110] lambda=0.0110 train_mse=0.00503077 val_mse=0.00674557 val_mae=0.04518860 | peer_val_mse=0.00001139 peer_val_mae=0.00234510
[worker1/operator_burgers_student_lift_v2_gpu0] [operator_burgers_student_lift_v2/elem_ft_huber_l002_w30_d80_140_lr3e4] [operator][epoch 111] lambda=0.0107 train_mse=0.00562472 val_mse=0.00801943 val_mae=0.05426142 | peer_val_mse=0.00001139 peer_val_mae=0.00234510
[worker1/operator_burgers_student_lift_v2_gpu0] [operator_burgers_student_lift_v2/elem_ft_huber_l002_w30_d80_140_lr3e4] [operator][epoch 112] lambda=0.0104 train_mse=0.00538220 val_mse=0.00825705 val_mae=0.05329587 | peer_val_mse=0.00001139 peer_val_mae=0.00234510
[worker1/operator_burgers_student_lift_v2_gpu0] [operator_burgers_student_lift_v2/elem_ft_huber_l002_w30_d80_140_lr3e4] [operator][epoch 113] lambda=0.0101 train_mse=0.00521850 val_mse=0.00648906 val_mae=0.04361258 | peer_val_mse=0.00001139 peer_val_mae=0.00234510
[worker1/operator_burgers_student_lift_v2_gpu0] [operator_burgers_student_lift_v2/elem_ft_huber_l002_w30_d80_140_lr3e4] [operator][epoch 114] lambda=0.0098 train_mse=0.00625276 val_mse=0.01149411 val_mae=0.06505356 | peer_val_mse=0.00001139 peer_val_mae=0.00234510
[worker1/operator_burgers_student_lift_v2_gpu0] [operator_burgers_student_lift_v2/elem_ft_huber_l002_w30_d80_140_lr3e4] [operator][epoch 115] lambda=0.0095 train_mse=0.00677192 val_mse=0.00855865 val_mae=0.05391913 | peer_val_mse=0.00001139 peer_val_mae=0.00234510
[worker1/operator_burgers_student_lift_v2_gpu0] [operator_burgers_student_lift_v2/elem_ft_huber_l002_w30_d80_140_lr3e4] [operator][epoch 116] lambda=0.0092 train_mse=0.00610924 val_mse=0.00768918 val_mae=0.05041213 | peer_val_mse=0.00001139 peer_val_mae=0.00234510
[worker1/operator_burgers_student_lift_v2_gpu0] [operator_burgers_student_lift_v2/elem_ft_huber_l002_w30_d80_140_lr3e4] [operator][epoch 117] lambda=0.0089 train_mse=0.00621272 val_mse=0.00864164 val_mae=0.05463102 | peer_val_mse=0.00001139 peer_val_mae=0.00234510
[worker1/operator_burgers_student_lift_v2_gpu0] [operator_burgers_student_lift_v2/elem_ft_huber_l002_w30_d80_140_lr3e4] [operator][epoch 118] lambda=0.0086 train_mse=0.00822152 val_mse=0.01050342 val_mae=0.06602262 | peer_val_mse=0.00001139 peer_val_mae=0.00234510
[worker1/operator_burgers_student_lift_v2_gpu0] [operator_burgers_student_lift_v2/elem_ft_huber_l002_w30_d80_140_lr3e4] [operator][epoch 119] lambda=0.0083 train_mse=0.00718113 val_mse=0.00759338 val_mae=0.05145769 | peer_val_mse=0.00001139 peer_val_mae=0.00234510
[worker1/operator_burgers_student_lift_v2_gpu0] [operator_burgers_student_lift_v2/elem_ft_huber_l002_w30_d80_140_lr3e4] [operator][epoch 120] lambda=0.0080 train_mse=0.00590320 val_mse=0.00674444 val_mae=0.04587455 | peer_val_mse=0.00001139 peer_val_mae=0.00234510
[worker1/operator_burgers_student_lift_v2_gpu0] [operator_burgers_student_lift_v2/elem_ft_huber_l002_w30_d80_140_lr3e4] [operator][epoch 120] updated live plot
[worker1/operator_burgers_student_lift_v2_gpu0] [operator_burgers_student_lift_v2/elem_ft_huber_l002_w30_d80_140_lr3e4] [operator][epoch 121] lambda=0.0077 train_mse=0.00481118 val_mse=0.00615272 val_mae=0.04264207 | peer_val_mse=0.00001139 peer_val_mae=0.00234510
[worker1/operator_burgers_student_lift_v2_gpu0] [operator_burgers_student_lift_v2/elem_ft_huber_l002_w30_d80_140_lr3e4] [operator][epoch 122] lambda=0.0074 train_mse=0.00432605 val_mse=0.00656605 val_mae=0.04401645 | peer_val_mse=0.00001139 peer_val_mae=0.00234510
[worker1/operator_burgers_student_lift_v2_gpu0] [operator_burgers_student_lift_v2/elem_ft_huber_l002_w30_d80_140_lr3e4] [operator][epoch 123] lambda=0.0071 train_mse=0.00428021 val_mse=0.00653591 val_mae=0.04474390 | peer_val_mse=0.00001139 peer_val_mae=0.00234510
[worker1/operator_darcy_student_lift_v2_gpu1] [operator_darcy_student_lift_v2/sample_ft_l003_w15_d45_90_lr2e4] [operator][epoch 053] lambda=0.0252 train_mse=0.00914845 val_mse=0.01692454 val_mae=0.09518247 | peer_val_mse=0.00362243 peer_val_mae=0.03567833
[worker1/operator_darcy_student_lift_v2_gpu1] [operator_darcy_student_lift_v2/sample_ft_l003_w15_d45_90_lr2e4] [operator][epoch 054] lambda=0.0246 train_mse=0.00805311 val_mse=0.01585963 val_mae=0.09201607 | peer_val_mse=0.00362243 peer_val_mae=0.03567833
[worker1/operator_darcy_student_lift_v2_gpu1] [operator_darcy_student_lift_v2/sample_ft_l003_w15_d45_90_lr2e4] [operator][epoch 055] lambda=0.0240 train_mse=0.00801169 val_mse=0.01661095 val_mae=0.09476482 | peer_val_mse=0.00362243 peer_val_mae=0.03567833
[worker1/operator_darcy_student_lift_v2_gpu1] [operator_darcy_student_lift_v2/sample_ft_l003_w15_d45_90_lr2e4] [operator][epoch 056] lambda=0.0234 train_mse=0.00801622 val_mse=0.01631117 val_mae=0.09356062 | peer_val_mse=0.00362243 peer_val_mae=0.03567833
[worker1/operator_darcy_student_lift_v2_gpu1] [operator_darcy_student_lift_v2/sample_ft_l003_w15_d45_90_lr2e4] [operator][epoch 057] lambda=0.0228 train_mse=0.00757533 val_mse=0.01618600 val_mae=0.09305660 | peer_val_mse=0.00362243 peer_val_mae=0.03567833
[worker1/operator_darcy_student_lift_v2_gpu1] [operator_darcy_student_lift_v2/sample_ft_l003_w15_d45_90_lr2e4] [operator][epoch 058] lambda=0.0222 train_mse=0.00714978 val_mse=0.01587747 val_mae=0.09198834 | peer_val_mse=0.00362243 peer_val_mae=0.03567833
[worker1/operator_darcy_student_lift_v2_gpu1] [operator_darcy_student_lift_v2/sample_ft_l003_w15_d45_90_lr2e4] [operator][epoch 059] lambda=0.0216 train_mse=0.00719070 val_mse=0.01595415 val_mae=0.09273856 | peer_val_mse=0.00362243 peer_val_mae=0.03567833
[worker1/operator_darcy_student_lift_v2_gpu1] [operator_darcy_student_lift_v2/sample_ft_l003_w15_d45_90_lr2e4] [operator][epoch 060] lambda=0.0210 train_mse=0.00752688 val_mse=0.01621733 val_mae=0.09289277 | peer_val_mse=0.00362243 peer_val_mae=0.03567833
[worker1/operator_darcy_student_lift_v2_gpu1] [operator_darcy_student_lift_v2/sample_ft_l003_w15_d45_90_lr2e4] [operator][epoch 060] updated live plot
[worker1/operator_darcy_student_lift_v2_gpu1] [operator_darcy_student_lift_v2/sample_ft_l003_w15_d45_90_lr2e4] [operator][epoch 061] lambda=0.0204 train_mse=0.00697170 val_mse=0.01564412 val_mae=0.09093625 | peer_val_mse=0.00362243 peer_val_mae=0.03567833
[worker1/operator_darcy_student_lift_v2_gpu1] [operator_darcy_student_lift_v2/sample_ft_l003_w15_d45_90_lr2e4] [operator][epoch 062] lambda=0.0198 train_mse=0.00688902 val_mse=0.01582134 val_mae=0.09156723 | peer_val_mse=0.00362243 peer_val_mae=0.03567833
[worker1/operator_darcy_student_lift_v2_gpu1] [operator_darcy_student_lift_v2/sample_ft_l003_w15_d45_90_lr2e4] [operator][epoch 063] lambda=0.0192 train_mse=0.00686717 val_mse=0.01544465 val_mae=0.09090746 | peer_val_mse=0.00362243 peer_val_mae=0.03567833
[worker1/operator_darcy_student_lift_v2_gpu1] [operator_darcy_student_lift_v2/sample_ft_l003_w15_d45_90_lr2e4] [operator][epoch 064] lambda=0.0186 train_mse=0.00703427 val_mse=0.01642368 val_mae=0.09317376 | peer_val_mse=0.00362243 peer_val_mae=0.03567833
[worker1/operator_darcy_student_lift_v2_gpu1] [operator_darcy_student_lift_v2/sample_ft_l003_w15_d45_90_lr2e4] [operator][epoch 065] lambda=0.0180 train_mse=0.00775902 val_mse=0.01703081 val_mae=0.09679776 | peer_val_mse=0.00362243 peer_val_mae=0.03567833
[worker1/operator_darcy_student_lift_v2_gpu1] [operator_darcy_student_lift_v2/sample_ft_l003_w15_d45_90_lr2e4] [operator][epoch 066] lambda=0.0174 train_mse=0.01140885 val_mse=0.02000236 val_mae=0.10750216 | peer_val_mse=0.00362243 peer_val_mae=0.03567833
[worker1/operator_darcy_student_lift_v2_gpu1] [operator_darcy_student_lift_v2/sample_ft_l003_w15_d45_90_lr2e4] [operator][epoch 067] lambda=0.0168 train_mse=0.00910988 val_mse=0.01576342 val_mae=0.09220041 | peer_val_mse=0.00362243 peer_val_mae=0.03567833
[worker1/operator_darcy_student_lift_v2_gpu1] [operator_darcy_student_lift_v2/sample_ft_l003_w15_d45_90_lr2e4] [operator][epoch 068] lambda=0.0162 train_mse=0.00751118 val_mse=0.01659198 val_mae=0.09349481 | peer_val_mse=0.00362243 peer_val_mae=0.03567833
[worker1/operator_darcy_student_lift_v2_gpu1] [operator_darcy_student_lift_v2/sample_ft_l003_w15_d45_90_lr2e4] [operator][epoch 069] lambda=0.0156 train_mse=0.00804011 val_mse=0.01631706 val_mae=0.09396339 | peer_val_mse=0.00362243 peer_val_mae=0.03567833
[worker1/operator_darcy_student_lift_v2_gpu1] [operator_darcy_student_lift_v2/sample_ft_l003_w15_d45_90_lr2e4] [operator][epoch 070] lambda=0.0150 train_mse=0.00706932 val_mse=0.01572090 val_mae=0.09182833 | peer_val_mse=0.00362243 peer_val_mae=0.03567833
[worker1/operator_darcy_student_lift_v2_gpu1] [operator_darcy_student_lift_v2/sample_ft_l003_w15_d45_90_lr2e4] [operator][epoch 071] lambda=0.0144 train_mse=0.00682381 val_mse=0.01514542 val_mae=0.08941280 | peer_val_mse=0.00362243 peer_val_mae=0.03567833
[worker1/operator_darcy_student_lift_v2_gpu1] [operator_darcy_student_lift_v2/sample_ft_l003_w15_d45_90_lr2e4] [operator][epoch 072] lambda=0.0138 train_mse=0.00663046 val_mse=0.01558656 val_mae=0.09092752 | peer_val_mse=0.00362243 peer_val_mae=0.03567833
[worker1/operator_darcy_student_lift_v2_gpu1] [operator_darcy_student_lift_v2/sample_ft_l003_w15_d45_90_lr2e4] [operator][epoch 073] lambda=0.0132 train_mse=0.00642603 val_mse=0.01498582 val_mae=0.08924821 | peer_val_mse=0.00362243 peer_val_mae=0.03567833
[worker1/operator_darcy_student_lift_v2_gpu1] [operator_darcy_student_lift_v2/sample_ft_l003_w15_d45_90_lr2e4] [operator][epoch 074] lambda=0.0126 train_mse=0.00643988 val_mse=0.01499560 val_mae=0.08876320 | peer_val_mse=0.00362243 peer_val_mae=0.03567833
[worker1/operator_darcy_student_lift_v2_gpu1] [operator_darcy_student_lift_v2/sample_ft_l003_w15_d45_90_lr2e4] [operator][epoch 075] lambda=0.0120 train_mse=0.00647463 val_mse=0.01518970 val_mae=0.08956335 | peer_val_mse=0.00362243 peer_val_mae=0.03567833
[worker1/operator_darcy_student_lift_v2_gpu1] [operator_darcy_student_lift_v2/sample_ft_l003_w15_d45_90_lr2e4] [operator][epoch 076] lambda=0.0114 train_mse=0.00643537 val_mse=0.01557120 val_mae=0.09025264 | peer_val_mse=0.00362243 peer_val_mae=0.03567833
[worker1/operator_darcy_student_lift_v2_gpu1] [operator_darcy_student_lift_v2/sample_ft_l003_w15_d45_90_lr2e4] [operator][epoch 077] lambda=0.0108 train_mse=0.00664209 val_mse=0.01538210 val_mae=0.09063752 | peer_val_mse=0.00362243 peer_val_mae=0.03567833
[worker1/operator_darcy_student_lift_v2_gpu1] [operator_darcy_student_lift_v2/sample_ft_l003_w15_d45_90_lr2e4] [operator][epoch 078] lambda=0.0102 train_mse=0.00667198 val_mse=0.01539405 val_mae=0.09070027 | peer_val_mse=0.00362243 peer_val_mae=0.03567833
[worker1/operator_darcy_student_lift_v2_gpu1] [operator_darcy_student_lift_v2/sample_ft_l003_w15_d45_90_lr2e4] [operator][epoch 079] lambda=0.0096 train_mse=0.00628821 val_mse=0.01493660 val_mae=0.08883394 | peer_val_mse=0.00362243 peer_val_mae=0.03567833
[worker1/operator_darcy_student_lift_v2_gpu1] [operator_darcy_student_lift_v2/sample_ft_l003_w15_d45_90_lr2e4] [operator][epoch 080] lambda=0.0090 train_mse=0.00612716 val_mse=0.01524949 val_mae=0.08956890 | peer_val_mse=0.00362243 peer_val_mae=0.03567833
[worker1/operator_darcy_student_lift_v2_gpu1] [operator_darcy_student_lift_v2/sample_ft_l003_w15_d45_90_lr2e4] [operator][epoch 080] updated live plot
[worker1/operator_darcy_student_lift_v2_gpu1] [operator_darcy_student_lift_v2/sample_ft_l003_w15_d45_90_lr2e4] [operator][epoch 081] lambda=0.0084 train_mse=0.00623274 val_mse=0.01543195 val_mae=0.09016838 | peer_val_mse=0.00362243 peer_val_mae=0.03567833
[worker1/operator_darcy_student_lift_v2_gpu1] [operator_darcy_student_lift_v2/sample_ft_l003_w15_d45_90_lr2e4] [operator][epoch 082] lambda=0.0078 train_mse=0.00621155 val_mse=0.01576509 val_mae=0.09119162 | peer_val_mse=0.00362243 peer_val_mae=0.03567833
[worker1/operator_darcy_student_lift_v2_gpu1] [operator_darcy_student_lift_v2/sample_ft_l003_w15_d45_90_lr2e4] [operator][epoch 083] lambda=0.0072 train_mse=0.00619918 val_mse=0.01531477 val_mae=0.08951245 | peer_val_mse=0.00362243 peer_val_mae=0.03567833
[worker1/operator_darcy_student_lift_v2_gpu1] [operator_darcy_student_lift_v2/sample_ft_l003_w15_d45_90_lr2e4] [operator][epoch 084] lambda=0.0066 train_mse=0.00622591 val_mse=0.01508957 val_mae=0.08974981 | peer_val_mse=0.00362243 peer_val_mae=0.03567833
[worker1/operator_darcy_student_lift_v2_gpu1] [operator_darcy_student_lift_v2/sample_ft_l003_w15_d45_90_lr2e4] [operator][epoch 085] lambda=0.0060 train_mse=0.00710148 val_mse=0.01705795 val_mae=0.09592732 | peer_val_mse=0.00362243 peer_val_mae=0.03567833
[worker1/operator_darcy_student_lift_v2_gpu1] [operator_darcy_student_lift_v2/sample_ft_l003_w15_d45_90_lr2e4] [operator][epoch 086] lambda=0.0054 train_mse=0.00670023 val_mse=0.01653135 val_mae=0.09377785 | peer_val_mse=0.00362243 peer_val_mae=0.03567833
[worker1/operator_darcy_student_lift_v2_gpu1] [operator_darcy_student_lift_v2/sample_ft_l003_w15_d45_90_lr2e4] [operator][epoch 087] lambda=0.0048 train_mse=0.00696071 val_mse=0.01698207 val_mae=0.09561195 | peer_val_mse=0.00362243 peer_val_mae=0.03567833
[worker1/operator_darcy_student_lift_v2_gpu1] [operator_darcy_student_lift_v2/sample_ft_l003_w15_d45_90_lr2e4] [operator][epoch 088] lambda=0.0042 train_mse=0.00649250 val_mse=0.01483143 val_mae=0.08857697 | peer_val_mse=0.00362243 peer_val_mae=0.03567833
[worker1/operator_darcy_student_lift_v2_gpu1] [operator_darcy_student_lift_v2/sample_ft_l003_w15_d45_90_lr2e4] [operator][epoch 089] lambda=0.0036 train_mse=0.00662811 val_mse=0.01620869 val_mae=0.09374378 | peer_val_mse=0.00362243 peer_val_mae=0.03567833
[worker1/operator_darcy_student_lift_v2_gpu1] [operator_darcy_student_lift_v2/sample_ft_l003_w15_d45_90_lr2e4] [operator][epoch 090] lambda=0.0030 train_mse=0.00764839 val_mse=0.01534584 val_mae=0.09014557 | peer_val_mse=0.00362243 peer_val_mae=0.03567833
[worker1/operator_burgers_student_lift_v2_gpu0] [operator_burgers_student_lift_v2/elem_ft_huber_l002_w30_d80_140_lr3e4] [operator][epoch 124] lambda=0.0068 train_mse=0.00987835 val_mse=0.00945068 val_mae=0.05868719 | peer_val_mse=0.00001139 peer_val_mae=0.00234510
[worker1/operator_burgers_student_lift_v2_gpu0] [operator_burgers_student_lift_v2/elem_ft_huber_l002_w30_d80_140_lr3e4] [operator][epoch 125] lambda=0.0065 train_mse=0.00634474 val_mse=0.00717161 val_mae=0.04747130 | peer_val_mse=0.00001139 peer_val_mae=0.00234510
[worker1/operator_burgers_student_lift_v2_gpu0] [operator_burgers_student_lift_v2/elem_ft_huber_l002_w30_d80_140_lr3e4] [operator][epoch 126] lambda=0.0062 train_mse=0.00597582 val_mse=0.00716730 val_mae=0.04971349 | peer_val_mse=0.00001139 peer_val_mae=0.00234510
[worker1/operator_burgers_student_lift_v2_gpu0] [operator_burgers_student_lift_v2/elem_ft_huber_l002_w30_d80_140_lr3e4] [operator][epoch 127] lambda=0.0059 train_mse=0.00479289 val_mse=0.00604258 val_mae=0.04098749 | peer_val_mse=0.00001139 peer_val_mae=0.00234510
[worker1/operator_burgers_student_lift_v2_gpu0] [operator_burgers_student_lift_v2/elem_ft_huber_l002_w30_d80_140_lr3e4] [operator][epoch 128] lambda=0.0056 train_mse=0.00452255 val_mse=0.00641125 val_mae=0.04422031 | peer_val_mse=0.00001139 peer_val_mae=0.00234510
[worker1/operator_burgers_student_lift_v2_gpu0] [operator_burgers_student_lift_v2/elem_ft_huber_l002_w30_d80_140_lr3e4] [operator][epoch 129] lambda=0.0053 train_mse=0.00470553 val_mse=0.00617295 val_mae=0.04401041 | peer_val_mse=0.00001139 peer_val_mae=0.00234510
[worker1/operator_burgers_student_lift_v2_gpu0] [operator_burgers_student_lift_v2/elem_ft_huber_l002_w30_d80_140_lr3e4] [operator][epoch 130] lambda=0.0050 train_mse=0.00464296 val_mse=0.00673066 val_mae=0.04626673 | peer_val_mse=0.00001139 peer_val_mae=0.00234510
[worker1/operator_burgers_student_lift_v2_gpu0] [operator_burgers_student_lift_v2/elem_ft_huber_l002_w30_d80_140_lr3e4] [operator][epoch 131] lambda=0.0047 train_mse=0.00492230 val_mse=0.00608969 val_mae=0.04291060 | peer_val_mse=0.00001139 peer_val_mae=0.00234510
[worker1/operator_burgers_student_lift_v2_gpu0] [operator_burgers_student_lift_v2/elem_ft_huber_l002_w30_d80_140_lr3e4] [operator][epoch 132] lambda=0.0044 train_mse=0.00472013 val_mse=0.00667752 val_mae=0.04559592 | peer_val_mse=0.00001139 peer_val_mae=0.00234510
[worker1/operator_burgers_student_lift_v2_gpu0] [operator_burgers_student_lift_v2/elem_ft_huber_l002_w30_d80_140_lr3e4] [operator][epoch 133] lambda=0.0041 train_mse=0.00510225 val_mse=0.00719971 val_mae=0.05029884 | peer_val_mse=0.00001139 peer_val_mae=0.00234510
[worker1/operator_burgers_student_lift_v2_gpu0] [operator_burgers_student_lift_v2/elem_ft_huber_l002_w30_d80_140_lr3e4] [operator][epoch 134] lambda=0.0038 train_mse=0.00560757 val_mse=0.00631519 val_mae=0.04403129 | peer_val_mse=0.00001139 peer_val_mae=0.00234510
[worker1/operator_burgers_student_lift_v2_gpu0] [operator_burgers_student_lift_v2/elem_ft_huber_l002_w30_d80_140_lr3e4] [operator][epoch 135] lambda=0.0035 train_mse=0.00470457 val_mse=0.00613527 val_mae=0.04337754 | peer_val_mse=0.00001139 peer_val_mae=0.00234510
[worker1/operator_burgers_student_lift_v2_gpu0] [operator_burgers_student_lift_v2/elem_ft_huber_l002_w30_d80_140_lr3e4] [operator][epoch 136] lambda=0.0032 train_mse=0.00461829 val_mse=0.00608471 val_mae=0.04312794 | peer_val_mse=0.00001139 peer_val_mae=0.00234510
[worker1/operator_burgers_student_lift_v2_gpu0] [operator_burgers_student_lift_v2/elem_ft_huber_l002_w30_d80_140_lr3e4] [operator][epoch 137] lambda=0.0029 train_mse=0.00434973 val_mse=0.00569796 val_mae=0.04015212 | peer_val_mse=0.00001139 peer_val_mae=0.00234510
[worker1/operator_burgers_student_lift_v2_gpu0] [operator_burgers_student_lift_v2/elem_ft_huber_l002_w30_d80_140_lr3e4] [operator][epoch 138] lambda=0.0026 train_mse=0.00568891 val_mse=0.00874352 val_mae=0.05762726 | peer_val_mse=0.00001139 peer_val_mae=0.00234510
[worker1/operator_burgers_student_lift_v2_gpu0] [operator_burgers_student_lift_v2/elem_ft_huber_l002_w30_d80_140_lr3e4] [operator][epoch 139] lambda=0.0023 train_mse=0.00524761 val_mse=0.00687473 val_mae=0.04832170 | peer_val_mse=0.00001139 peer_val_mae=0.00234510
[worker1/operator_burgers_student_lift_v2_gpu0] [operator_burgers_student_lift_v2/elem_ft_huber_l002_w30_d80_140_lr3e4] [operator][epoch 140] lambda=0.0020 train_mse=0.00533225 val_mse=0.00675954 val_mae=0.04570732 | peer_val_mse=0.00001139 peer_val_mae=0.00234510
[worker1/operator_burgers_student_lift_v2_gpu0] [operator_burgers_student_lift_v2/elem_ft_huber_l002_w30_d80_140_lr3e4] [operator][epoch 140] updated live plot
[worker1/operator_burgers_student_lift_v2_gpu0] [operator_burgers_student_lift_v2/elem_ft_huber_l002_w30_d80_140_lr3e4] [operator] done
[worker1/operator_burgers_student_lift_v2_gpu0] [operator_burgers_student_lift_v2/elem_ft_huber_l002_w30_d80_140_lr3e4] [operator] dataset=burgers pair=deeponet:fno method=ssml seed=1
[worker1/operator_burgers_student_lift_v2_gpu0] [operator_burgers_student_lift_v2/elem_ft_huber_l002_w30_d80_140_lr3e4] [operator] loaded init_checkpoint=results/operator_burgers_followup_v1/burgers_l005_m0_w12_d60_120_ow1/operator/burgers/deeponet_independent_mse_seed1/model.pt
[worker1/operator_burgers_student_lift_v2_gpu0] [operator_burgers_student_lift_v2/elem_ft_huber_l002_w30_d80_140_lr3e4] [operator] loaded peer_init_checkpoint=results/operator_burgers_followup_v1/burgers_l005_m0_w12_d60_120_ow1/operator/burgers/fno_independent_mse_seed1/model.pt
[worker1/operator_burgers_student_lift_v2_gpu0] [operator_burgers_student_lift_v2/elem_ft_huber_l002_w30_d80_140_lr3e4] [operator] run_dir=results/operator_burgers_student_lift_v2/elem_ft_huber_l002_w30_d80_140_lr3e4/operator/burgers/deeponet__fno_ssml_huber_seed1
[worker1/operator_burgers_student_lift_v2_gpu0] [operator_burgers_student_lift_v2/elem_ft_huber_l002_w30_d80_140_lr3e4] [operator] params=198656
[worker1/operator_burgers_student_lift_v2_gpu0] [operator_burgers_student_lift_v2/elem_ft_huber_l002_w30_d80_140_lr3e4] [operator] granularity=element student_only=True freeze_peer=True peer_updates_disabled=True
[worker1/operator_burgers_student_lift_v2_gpu0] [operator_burgers_student_lift_v2/elem_ft_huber_l002_w30_d80_140_lr3e4] [operator][epoch 001] lambda=0.0000 train_mse=0.02687481 val_mse=0.02312417 val_mae=0.10297048 | peer_val_mse=0.00000427 peer_val_mae=0.00125799
[worker1/operator_burgers_student_lift_v2_gpu0] [operator_burgers_student_lift_v2/elem_ft_huber_l002_w30_d80_140_lr3e4] [operator][epoch 002] lambda=0.0000 train_mse=0.02119933 val_mse=0.01982370 val_mae=0.09555377 | peer_val_mse=0.00000427 peer_val_mae=0.00125799
[worker1/operator_burgers_student_lift_v2_gpu0] [operator_burgers_student_lift_v2/elem_ft_huber_l002_w30_d80_140_lr3e4] [operator][epoch 003] lambda=0.0000 train_mse=0.01779157 val_mse=0.01685543 val_mae=0.08597590 | peer_val_mse=0.00000427 peer_val_mae=0.00125799
[worker1/operator_burgers_student_lift_v2_gpu0] [operator_burgers_student_lift_v2/elem_ft_huber_l002_w30_d80_140_lr3e4] [operator][epoch 004] lambda=0.0000 train_mse=0.01671471 val_mse=0.01823890 val_mae=0.09499018 | peer_val_mse=0.00000427 peer_val_mae=0.00125799
[worker1/operator_burgers_student_lift_v2_gpu0] [operator_burgers_student_lift_v2/elem_ft_huber_l002_w30_d80_140_lr3e4] [operator][epoch 005] lambda=0.0000 train_mse=0.01653503 val_mse=0.01596018 val_mae=0.08527938 | peer_val_mse=0.00000427 peer_val_mae=0.00125799
[worker1/operator_burgers_student_lift_v2_gpu0] [operator_burgers_student_lift_v2/elem_ft_huber_l002_w30_d80_140_lr3e4] [operator][epoch 006] lambda=0.0000 train_mse=0.01503794 val_mse=0.01388860 val_mae=0.07449246 | peer_val_mse=0.00000427 peer_val_mae=0.00125799
[worker1/operator_burgers_student_lift_v2_gpu0] [operator_burgers_student_lift_v2/elem_ft_huber_l002_w30_d80_140_lr3e4] [operator][epoch 007] lambda=0.0000 train_mse=0.01448540 val_mse=0.01418851 val_mae=0.07927953 | peer_val_mse=0.00000427 peer_val_mae=0.00125799
[worker1/operator_burgers_student_lift_v2_gpu0] [operator_burgers_student_lift_v2/elem_ft_huber_l002_w30_d80_140_lr3e4] [operator][epoch 008] lambda=0.0000 train_mse=0.01304489 val_mse=0.01316951 val_mae=0.07430679 | peer_val_mse=0.00000427 peer_val_mae=0.00125799
[worker1/operator_burgers_student_lift_v2_gpu0] [operator_burgers_student_lift_v2/elem_ft_huber_l002_w30_d80_140_lr3e4] [operator][epoch 009] lambda=0.0000 train_mse=0.01404239 val_mse=0.01534382 val_mae=0.08314733 | peer_val_mse=0.00000427 peer_val_mae=0.00125799
[worker1/operator_burgers_student_lift_v2_gpu0] [operator_burgers_student_lift_v2/elem_ft_huber_l002_w30_d80_140_lr3e4] [operator][epoch 010] lambda=0.0000 train_mse=0.01380205 val_mse=0.01163449 val_mae=0.06783917 | peer_val_mse=0.00000427 peer_val_mae=0.00125799
[worker1/operator_burgers_student_lift_v2_gpu0] [operator_burgers_student_lift_v2/elem_ft_huber_l002_w30_d80_140_lr3e4] [operator][epoch 011] lambda=0.0000 train_mse=0.01272860 val_mse=0.01359556 val_mae=0.07758351 | peer_val_mse=0.00000427 peer_val_mae=0.00125799
[worker1/operator_burgers_student_lift_v2_gpu0] [operator_burgers_student_lift_v2/elem_ft_huber_l002_w30_d80_140_lr3e4] [operator][epoch 012] lambda=0.0000 train_mse=0.01327748 val_mse=0.01208692 val_mae=0.07099412 | peer_val_mse=0.00000427 peer_val_mae=0.00125799
[worker1/operator_burgers_student_lift_v2_gpu0] [operator_burgers_student_lift_v2/elem_ft_huber_l002_w30_d80_140_lr3e4] [operator][epoch 013] lambda=0.0000 train_mse=0.01152558 val_mse=0.01355310 val_mae=0.07726170 | peer_val_mse=0.00000427 peer_val_mae=0.00125799
[worker1/operator_burgers_student_lift_v2_gpu0] [operator_burgers_student_lift_v2/elem_ft_huber_l002_w30_d80_140_lr3e4] [operator][epoch 014] lambda=0.0000 train_mse=0.01238455 val_mse=0.01216506 val_mae=0.07292624 | peer_val_mse=0.00000427 peer_val_mae=0.00125799
[worker1/operator_burgers_student_lift_v2_gpu0] [operator_burgers_student_lift_v2/elem_ft_huber_l002_w30_d80_140_lr3e4] [operator][epoch 015] lambda=0.0000 train_mse=0.01187878 val_mse=0.01116320 val_mae=0.06877419 | peer_val_mse=0.00000427 peer_val_mae=0.00125799
[worker1/operator_burgers_student_lift_v2_gpu0] [operator_burgers_student_lift_v2/elem_ft_huber_l002_w30_d80_140_lr3e4] [operator][epoch 016] lambda=0.0000 train_mse=0.01141234 val_mse=0.01135389 val_mae=0.07067610 | peer_val_mse=0.00000427 peer_val_mae=0.00125799
[worker1/operator_burgers_student_lift_v2_gpu0] [operator_burgers_student_lift_v2/elem_ft_huber_l002_w30_d80_140_lr3e4] [operator][epoch 017] lambda=0.0000 train_mse=0.01062183 val_mse=0.01000570 val_mae=0.06342190 | peer_val_mse=0.00000427 peer_val_mae=0.00125799
[worker1/operator_burgers_student_lift_v2_gpu0] [operator_burgers_student_lift_v2/elem_ft_huber_l002_w30_d80_140_lr3e4] [operator][epoch 018] lambda=0.0000 train_mse=0.01390429 val_mse=0.01311820 val_mae=0.07492407 | peer_val_mse=0.00000427 peer_val_mae=0.00125799
[worker1/operator_burgers_student_lift_v2_gpu0] [operator_burgers_student_lift_v2/elem_ft_huber_l002_w30_d80_140_lr3e4] [operator][epoch 019] lambda=0.0000 train_mse=0.01266322 val_mse=0.01235302 val_mae=0.07474379 | peer_val_mse=0.00000427 peer_val_mae=0.00125799
[worker1/operator_burgers_student_lift_v2_gpu0] [operator_burgers_student_lift_v2/elem_ft_huber_l002_w30_d80_140_lr3e4] [operator][epoch 020] lambda=0.0000 train_mse=0.01040958 val_mse=0.01191944 val_mae=0.06946581 | peer_val_mse=0.00000427 peer_val_mae=0.00125799
[worker1/operator_burgers_student_lift_v2_gpu0] [operator_burgers_student_lift_v2/elem_ft_huber_l002_w30_d80_140_lr3e4] [operator][epoch 020] updated live plot
[worker1/operator_burgers_student_lift_v2_gpu0] [operator_burgers_student_lift_v2/elem_ft_huber_l002_w30_d80_140_lr3e4] [operator][epoch 021] lambda=0.0000 train_mse=0.01062290 val_mse=0.00902538 val_mae=0.05991077 | peer_val_mse=0.00000427 peer_val_mae=0.00125799
[worker1/operator_burgers_student_lift_v2_gpu0] [operator_burgers_student_lift_v2/elem_ft_huber_l002_w30_d80_140_lr3e4] [operator][epoch 022] lambda=0.0000 train_mse=0.00874348 val_mse=0.00887090 val_mae=0.05872953 | peer_val_mse=0.00000427 peer_val_mae=0.00125799
[worker1/operator_burgers_student_lift_v2_gpu0] [operator_burgers_student_lift_v2/elem_ft_huber_l002_w30_d80_140_lr3e4] [operator][epoch 023] lambda=0.0000 train_mse=0.00900187 val_mse=0.01180133 val_mae=0.06915228 | peer_val_mse=0.00000427 peer_val_mae=0.00125799
[worker1/operator_burgers_student_lift_v2_gpu0] [operator_burgers_student_lift_v2/elem_ft_huber_l002_w30_d80_140_lr3e4] [operator][epoch 024] lambda=0.0000 train_mse=0.01033690 val_mse=0.01106374 val_mae=0.06966724 | peer_val_mse=0.00000427 peer_val_mae=0.00125799
[worker1/operator_burgers_student_lift_v2_gpu0] [operator_burgers_student_lift_v2/elem_ft_huber_l002_w30_d80_140_lr3e4] [operator][epoch 025] lambda=0.0000 train_mse=0.01070316 val_mse=0.00920570 val_mae=0.06232095 | peer_val_mse=0.00000427 peer_val_mae=0.00125799
[worker1/operator_burgers_student_lift_v2_gpu0] [operator_burgers_student_lift_v2/elem_ft_huber_l002_w30_d80_140_lr3e4] [operator][epoch 026] lambda=0.0000 train_mse=0.01081835 val_mse=0.01085063 val_mae=0.06925221 | peer_val_mse=0.00000427 peer_val_mae=0.00125799
[worker1/operator_burgers_student_lift_v2_gpu0] [operator_burgers_student_lift_v2/elem_ft_huber_l002_w30_d80_140_lr3e4] [operator][epoch 027] lambda=0.0000 train_mse=0.00893946 val_mse=0.01229295 val_mae=0.07049881 | peer_val_mse=0.00000427 peer_val_mae=0.00125799
[worker1/operator_burgers_student_lift_v2_gpu0] [operator_burgers_student_lift_v2/elem_ft_huber_l002_w30_d80_140_lr3e4] [operator][epoch 028] lambda=0.0000 train_mse=0.01011212 val_mse=0.01225443 val_mae=0.07471571 | peer_val_mse=0.00000427 peer_val_mae=0.00125799
[worker1/operator_burgers_student_lift_v2_gpu0] [operator_burgers_student_lift_v2/elem_ft_huber_l002_w30_d80_140_lr3e4] [operator][epoch 029] lambda=0.0000 train_mse=0.00880368 val_mse=0.00910317 val_mae=0.05955580 | peer_val_mse=0.00000427 peer_val_mae=0.00125799
[worker1/operator_burgers_student_lift_v2_gpu0] [operator_burgers_student_lift_v2/elem_ft_huber_l002_w30_d80_140_lr3e4] [operator][epoch 030] lambda=0.0000 train_mse=0.00879060 val_mse=0.00824892 val_mae=0.05833616 | peer_val_mse=0.00000427 peer_val_mae=0.00125799
[worker1/operator_burgers_student_lift_v2_gpu0] [operator_burgers_student_lift_v2/elem_ft_huber_l002_w30_d80_140_lr3e4] [operator][epoch 031] lambda=0.0200 train_mse=0.00889560 val_mse=0.00936983 val_mae=0.06155440 | peer_val_mse=0.00000427 peer_val_mae=0.00125799
[worker1/operator_burgers_student_lift_v2_gpu0] [operator_burgers_student_lift_v2/elem_ft_huber_l002_w30_d80_140_lr3e4] [operator][epoch 032] lambda=0.0200 train_mse=0.00836804 val_mse=0.01001870 val_mae=0.06472536 | peer_val_mse=0.00000427 peer_val_mae=0.00125799
[worker1/operator_darcy_student_lift_v2_gpu1] [operator_darcy_student_lift_v2/sample_ft_l003_w15_d45_90_lr2e4] [operator][epoch 091] lambda=0.0030 train_mse=0.00633334 val_mse=0.01465261 val_mae=0.08786001 | peer_val_mse=0.00362243 peer_val_mae=0.03567833
[worker1/operator_darcy_student_lift_v2_gpu1] [operator_darcy_student_lift_v2/sample_ft_l003_w15_d45_90_lr2e4] [operator][epoch 092] lambda=0.0030 train_mse=0.00598652 val_mse=0.01484513 val_mae=0.08823220 | peer_val_mse=0.00362243 peer_val_mae=0.03567833
[worker1/operator_darcy_student_lift_v2_gpu1] [operator_darcy_student_lift_v2/sample_ft_l003_w15_d45_90_lr2e4] [operator][epoch 093] lambda=0.0030 train_mse=0.00582113 val_mse=0.01487500 val_mae=0.08863930 | peer_val_mse=0.00362243 peer_val_mae=0.03567833
[worker1/operator_darcy_student_lift_v2_gpu1] [operator_darcy_student_lift_v2/sample_ft_l003_w15_d45_90_lr2e4] [operator][epoch 094] lambda=0.0030 train_mse=0.00570672 val_mse=0.01474145 val_mae=0.08790329 | peer_val_mse=0.00362243 peer_val_mae=0.03567833
[worker1/operator_darcy_student_lift_v2_gpu1] [operator_darcy_student_lift_v2/sample_ft_l003_w15_d45_90_lr2e4] [operator][epoch 095] lambda=0.0030 train_mse=0.00589585 val_mse=0.01570725 val_mae=0.09121163 | peer_val_mse=0.00362243 peer_val_mae=0.03567833
[worker1/operator_darcy_student_lift_v2_gpu1] [operator_darcy_student_lift_v2/sample_ft_l003_w15_d45_90_lr2e4] [operator][epoch 096] lambda=0.0030 train_mse=0.00665332 val_mse=0.01504803 val_mae=0.08923897 | peer_val_mse=0.00362243 peer_val_mae=0.03567833
[worker1/operator_darcy_student_lift_v2_gpu1] [operator_darcy_student_lift_v2/sample_ft_l003_w15_d45_90_lr2e4] [operator][epoch 097] lambda=0.0030 train_mse=0.00608090 val_mse=0.01480587 val_mae=0.08836108 | peer_val_mse=0.00362243 peer_val_mae=0.03567833
[worker1/operator_darcy_student_lift_v2_gpu1] [operator_darcy_student_lift_v2/sample_ft_l003_w15_d45_90_lr2e4] [operator][epoch 098] lambda=0.0030 train_mse=0.00582548 val_mse=0.01482929 val_mae=0.08894635 | peer_val_mse=0.00362243 peer_val_mae=0.03567833
[worker1/operator_darcy_student_lift_v2_gpu1] [operator_darcy_student_lift_v2/sample_ft_l003_w15_d45_90_lr2e4] [operator][epoch 099] lambda=0.0030 train_mse=0.00611796 val_mse=0.01522802 val_mae=0.08987746 | peer_val_mse=0.00362243 peer_val_mae=0.03567833
[worker1/operator_darcy_student_lift_v2_gpu1] [operator_darcy_student_lift_v2/sample_ft_l003_w15_d45_90_lr2e4] [operator][epoch 100] lambda=0.0030 train_mse=0.00597846 val_mse=0.01500321 val_mae=0.08871506 | peer_val_mse=0.00362243 peer_val_mae=0.03567833
[worker1/operator_darcy_student_lift_v2_gpu1] [operator_darcy_student_lift_v2/sample_ft_l003_w15_d45_90_lr2e4] [operator][epoch 100] updated live plot
[worker1/operator_darcy_student_lift_v2_gpu1] [operator_darcy_student_lift_v2/sample_ft_l003_w15_d45_90_lr2e4] [operator][epoch 101] lambda=0.0030 train_mse=0.00640256 val_mse=0.01736421 val_mae=0.09606309 | peer_val_mse=0.00362243 peer_val_mae=0.03567833
[worker1/operator_darcy_student_lift_v2_gpu1] [operator_darcy_student_lift_v2/sample_ft_l003_w15_d45_90_lr2e4] [operator][epoch 102] lambda=0.0030 train_mse=0.00795747 val_mse=0.01635956 val_mae=0.09458405 | peer_val_mse=0.00362243 peer_val_mae=0.03567833
[worker1/operator_darcy_student_lift_v2_gpu1] [operator_darcy_student_lift_v2/sample_ft_l003_w15_d45_90_lr2e4] [operator][epoch 103] lambda=0.0030 train_mse=0.00636892 val_mse=0.01482063 val_mae=0.08819740 | peer_val_mse=0.00362243 peer_val_mae=0.03567833
[worker1/operator_darcy_student_lift_v2_gpu1] [operator_darcy_student_lift_v2/sample_ft_l003_w15_d45_90_lr2e4] [operator][epoch 104] lambda=0.0030 train_mse=0.00598483 val_mse=0.01498437 val_mae=0.08876121 | peer_val_mse=0.00362243 peer_val_mae=0.03567833
[worker1/operator_darcy_student_lift_v2_gpu1] [operator_darcy_student_lift_v2/sample_ft_l003_w15_d45_90_lr2e4] [operator][epoch 105] lambda=0.0030 train_mse=0.00579140 val_mse=0.01473595 val_mae=0.08888195 | peer_val_mse=0.00362243 peer_val_mae=0.03567833
[worker1/operator_darcy_student_lift_v2_gpu1] [operator_darcy_student_lift_v2/sample_ft_l003_w15_d45_90_lr2e4] [operator][epoch 106] lambda=0.0030 train_mse=0.00659495 val_mse=0.01516435 val_mae=0.09010672 | peer_val_mse=0.00362243 peer_val_mae=0.03567833
[worker1/operator_darcy_student_lift_v2_gpu1] [operator_darcy_student_lift_v2/sample_ft_l003_w15_d45_90_lr2e4] [operator][epoch 107] lambda=0.0030 train_mse=0.00658984 val_mse=0.01563728 val_mae=0.09086593 | peer_val_mse=0.00362243 peer_val_mae=0.03567833
[worker1/operator_darcy_student_lift_v2_gpu1] [operator_darcy_student_lift_v2/sample_ft_l003_w15_d45_90_lr2e4] [operator][epoch 108] lambda=0.0030 train_mse=0.00633469 val_mse=0.01479559 val_mae=0.08844960 | peer_val_mse=0.00362243 peer_val_mae=0.03567833
[worker1/operator_darcy_student_lift_v2_gpu1] [operator_darcy_student_lift_v2/sample_ft_l003_w15_d45_90_lr2e4] [operator][epoch 109] lambda=0.0030 train_mse=0.00576308 val_mse=0.01454272 val_mae=0.08758044 | peer_val_mse=0.00362243 peer_val_mae=0.03567833
[worker1/operator_burgers_student_lift_v2_gpu0] [operator_burgers_student_lift_v2/elem_ft_huber_l002_w30_d80_140_lr3e4] [operator][epoch 033] lambda=0.0200 train_mse=0.00974794 val_mse=0.00934282 val_mae=0.05969797 | peer_val_mse=0.00000427 peer_val_mae=0.00125799
[worker1/operator_burgers_student_lift_v2_gpu0] [operator_burgers_student_lift_v2/elem_ft_huber_l002_w30_d80_140_lr3e4] [operator][epoch 034] lambda=0.0200 train_mse=0.00945386 val_mse=0.01028487 val_mae=0.06522771 | peer_val_mse=0.00000427 peer_val_mae=0.00125799
[worker1/operator_burgers_student_lift_v2_gpu0] [operator_burgers_student_lift_v2/elem_ft_huber_l002_w30_d80_140_lr3e4] [operator][epoch 035] lambda=0.0200 train_mse=0.01040885 val_mse=0.01088059 val_mae=0.06695523 | peer_val_mse=0.00000427 peer_val_mae=0.00125799
[worker1/operator_burgers_student_lift_v2_gpu0] [operator_burgers_student_lift_v2/elem_ft_huber_l002_w30_d80_140_lr3e4] [operator][epoch 036] lambda=0.0200 train_mse=0.00969959 val_mse=0.00790616 val_mae=0.05519980 | peer_val_mse=0.00000427 peer_val_mae=0.00125799
[worker1/operator_burgers_student_lift_v2_gpu0] [operator_burgers_student_lift_v2/elem_ft_huber_l002_w30_d80_140_lr3e4] [operator][epoch 037] lambda=0.0200 train_mse=0.00779522 val_mse=0.00761689 val_mae=0.05279637 | peer_val_mse=0.00000427 peer_val_mae=0.00125799
[worker1/operator_burgers_student_lift_v2_gpu0] [operator_burgers_student_lift_v2/elem_ft_huber_l002_w30_d80_140_lr3e4] [operator][epoch 038] lambda=0.0200 train_mse=0.00763586 val_mse=0.00908188 val_mae=0.06055651 | peer_val_mse=0.00000427 peer_val_mae=0.00125799
[worker1/operator_burgers_student_lift_v2_gpu0] [operator_burgers_student_lift_v2/elem_ft_huber_l002_w30_d80_140_lr3e4] [operator][epoch 039] lambda=0.0200 train_mse=0.00914257 val_mse=0.01076672 val_mae=0.07170407 | peer_val_mse=0.00000427 peer_val_mae=0.00125799
[worker1/operator_burgers_student_lift_v2_gpu0] [operator_burgers_student_lift_v2/elem_ft_huber_l002_w30_d80_140_lr3e4] [operator][epoch 040] lambda=0.0200 train_mse=0.00906544 val_mse=0.01072876 val_mae=0.06691289 | peer_val_mse=0.00000427 peer_val_mae=0.00125799
[worker1/operator_burgers_student_lift_v2_gpu0] [operator_burgers_student_lift_v2/elem_ft_huber_l002_w30_d80_140_lr3e4] [operator][epoch 040] updated live plot
[worker1/operator_burgers_student_lift_v2_gpu0] [operator_burgers_student_lift_v2/elem_ft_huber_l002_w30_d80_140_lr3e4] [operator][epoch 041] lambda=0.0200 train_mse=0.00909466 val_mse=0.00948903 val_mae=0.06256544 | peer_val_mse=0.00000427 peer_val_mae=0.00125799
[worker1/operator_burgers_student_lift_v2_gpu0] [operator_burgers_student_lift_v2/elem_ft_huber_l002_w30_d80_140_lr3e4] [operator][epoch 042] lambda=0.0200 train_mse=0.00839457 val_mse=0.00870165 val_mae=0.06138916 | peer_val_mse=0.00000427 peer_val_mae=0.00125799
[worker1/operator_burgers_student_lift_v2_gpu0] [operator_burgers_student_lift_v2/elem_ft_huber_l002_w30_d80_140_lr3e4] [operator][epoch 043] lambda=0.0200 train_mse=0.01139156 val_mse=0.01016326 val_mae=0.06777778 | peer_val_mse=0.00000427 peer_val_mae=0.00125799
[worker1/operator_burgers_student_lift_v2_gpu0] [operator_burgers_student_lift_v2/elem_ft_huber_l002_w30_d80_140_lr3e4] [operator][epoch 044] lambda=0.0200 train_mse=0.00958025 val_mse=0.00881028 val_mae=0.06174467 | peer_val_mse=0.00000427 peer_val_mae=0.00125799
[worker1/operator_burgers_student_lift_v2_gpu0] [operator_burgers_student_lift_v2/elem_ft_huber_l002_w30_d80_140_lr3e4] [operator][epoch 045] lambda=0.0200 train_mse=0.00833044 val_mse=0.00772791 val_mae=0.05238177 | peer_val_mse=0.00000427 peer_val_mae=0.00125799
[worker1/operator_burgers_student_lift_v2_gpu0] [operator_burgers_student_lift_v2/elem_ft_huber_l002_w30_d80_140_lr3e4] [operator][epoch 046] lambda=0.0200 train_mse=0.00826786 val_mse=0.00746677 val_mae=0.05350006 | peer_val_mse=0.00000427 peer_val_mae=0.00125799
[worker1/operator_burgers_student_lift_v2_gpu0] [operator_burgers_student_lift_v2/elem_ft_huber_l002_w30_d80_140_lr3e4] [operator][epoch 047] lambda=0.0200 train_mse=0.00724252 val_mse=0.00742090 val_mae=0.05241763 | peer_val_mse=0.00000427 peer_val_mae=0.00125799
[worker1/operator_burgers_student_lift_v2_gpu0] [operator_burgers_student_lift_v2/elem_ft_huber_l002_w30_d80_140_lr3e4] [operator][epoch 048] lambda=0.0200 train_mse=0.00742731 val_mse=0.00734948 val_mae=0.05477784 | peer_val_mse=0.00000427 peer_val_mae=0.00125799
[worker1/operator_burgers_student_lift_v2_gpu0] [operator_burgers_student_lift_v2/elem_ft_huber_l002_w30_d80_140_lr3e4] [operator][epoch 049] lambda=0.0200 train_mse=0.00777868 val_mse=0.00868652 val_mae=0.05954972 | peer_val_mse=0.00000427 peer_val_mae=0.00125799
[worker1/operator_burgers_student_lift_v2_gpu0] [operator_burgers_student_lift_v2/elem_ft_huber_l002_w30_d80_140_lr3e4] [operator][epoch 050] lambda=0.0200 train_mse=0.00703398 val_mse=0.00889305 val_mae=0.06372734 | peer_val_mse=0.00000427 peer_val_mae=0.00125799
[worker1/operator_burgers_student_lift_v2_gpu0] [operator_burgers_student_lift_v2/elem_ft_huber_l002_w30_d80_140_lr3e4] [operator][epoch 051] lambda=0.0200 train_mse=0.00790216 val_mse=0.00766911 val_mae=0.05504929 | peer_val_mse=0.00000427 peer_val_mae=0.00125799
[worker1/operator_burgers_student_lift_v2_gpu0] [operator_burgers_student_lift_v2/elem_ft_huber_l002_w30_d80_140_lr3e4] [operator][epoch 052] lambda=0.0200 train_mse=0.00720988 val_mse=0.00816831 val_mae=0.05672505 | peer_val_mse=0.00000427 peer_val_mae=0.00125799
[worker1/operator_burgers_student_lift_v2_gpu0] [operator_burgers_student_lift_v2/elem_ft_huber_l002_w30_d80_140_lr3e4] [operator][epoch 053] lambda=0.0200 train_mse=0.00644971 val_mse=0.00657157 val_mae=0.04967947 | peer_val_mse=0.00000427 peer_val_mae=0.00125799
[worker1/operator_burgers_student_lift_v2_gpu0] [operator_burgers_student_lift_v2/elem_ft_huber_l002_w30_d80_140_lr3e4] [operator][epoch 054] lambda=0.0200 train_mse=0.00701390 val_mse=0.00738036 val_mae=0.05320937 | peer_val_mse=0.00000427 peer_val_mae=0.00125799
[worker1/operator_burgers_student_lift_v2_gpu0] [operator_burgers_student_lift_v2/elem_ft_huber_l002_w30_d80_140_lr3e4] [operator][epoch 055] lambda=0.0200 train_mse=0.00693157 val_mse=0.00693994 val_mae=0.04988667 | peer_val_mse=0.00000427 peer_val_mae=0.00125799
[worker1/operator_burgers_student_lift_v2_gpu0] [operator_burgers_student_lift_v2/elem_ft_huber_l002_w30_d80_140_lr3e4] [operator][epoch 056] lambda=0.0200 train_mse=0.00749383 val_mse=0.00804404 val_mae=0.05974693 | peer_val_mse=0.00000427 peer_val_mae=0.00125799
[worker1/operator_burgers_student_lift_v2_gpu0] [operator_burgers_student_lift_v2/elem_ft_huber_l002_w30_d80_140_lr3e4] [operator][epoch 057] lambda=0.0200 train_mse=0.00817819 val_mse=0.00809494 val_mae=0.05755533 | peer_val_mse=0.00000427 peer_val_mae=0.00125799
[worker1/operator_burgers_student_lift_v2_gpu0] [operator_burgers_student_lift_v2/elem_ft_huber_l002_w30_d80_140_lr3e4] [operator][epoch 058] lambda=0.0200 train_mse=0.00697265 val_mse=0.00698431 val_mae=0.05209637 | peer_val_mse=0.00000427 peer_val_mae=0.00125799
[worker1/operator_burgers_student_lift_v2_gpu0] [operator_burgers_student_lift_v2/elem_ft_huber_l002_w30_d80_140_lr3e4] [operator][epoch 059] lambda=0.0200 train_mse=0.00647288 val_mse=0.00698249 val_mae=0.05283103 | peer_val_mse=0.00000427 peer_val_mae=0.00125799
[worker1/operator_burgers_student_lift_v2_gpu0] [operator_burgers_student_lift_v2/elem_ft_huber_l002_w30_d80_140_lr3e4] [operator][epoch 060] lambda=0.0200 train_mse=0.00741920 val_mse=0.00923558 val_mae=0.06224402 | peer_val_mse=0.00000427 peer_val_mae=0.00125799
[worker1/operator_burgers_student_lift_v2_gpu0] [operator_burgers_student_lift_v2/elem_ft_huber_l002_w30_d80_140_lr3e4] [operator][epoch 060] updated live plot
[worker1/operator_burgers_student_lift_v2_gpu0] [operator_burgers_student_lift_v2/elem_ft_huber_l002_w30_d80_140_lr3e4] [operator][epoch 061] lambda=0.0200 train_mse=0.00902439 val_mse=0.00719276 val_mae=0.05187380 | peer_val_mse=0.00000427 peer_val_mae=0.00125799
[worker1/operator_burgers_student_lift_v2_gpu0] [operator_burgers_student_lift_v2/elem_ft_huber_l002_w30_d80_140_lr3e4] [operator][epoch 062] lambda=0.0200 train_mse=0.00746051 val_mse=0.00654832 val_mae=0.04919935 | peer_val_mse=0.00000427 peer_val_mae=0.00125799
[worker1/operator_burgers_student_lift_v2_gpu0] [operator_burgers_student_lift_v2/elem_ft_huber_l002_w30_d80_140_lr3e4] [operator][epoch 063] lambda=0.0200 train_mse=0.00622750 val_mse=0.00631469 val_mae=0.04909849 | peer_val_mse=0.00000427 peer_val_mae=0.00125799
[worker1/operator_burgers_student_lift_v2_gpu0] [operator_burgers_student_lift_v2/elem_ft_huber_l002_w30_d80_140_lr3e4] [operator][epoch 064] lambda=0.0200 train_mse=0.00694524 val_mse=0.00677640 val_mae=0.05033749 | peer_val_mse=0.00000427 peer_val_mae=0.00125799
[worker1/operator_burgers_student_lift_v2_gpu0] [operator_burgers_student_lift_v2/elem_ft_huber_l002_w30_d80_140_lr3e4] [operator][epoch 065] lambda=0.0200 train_mse=0.00594270 val_mse=0.00688312 val_mae=0.05062445 | peer_val_mse=0.00000427 peer_val_mae=0.00125799
[worker1/operator_burgers_student_lift_v2_gpu0] [operator_burgers_student_lift_v2/elem_ft_huber_l002_w30_d80_140_lr3e4] [operator][epoch 066] lambda=0.0200 train_mse=0.00535143 val_mse=0.00564350 val_mae=0.04413928 | peer_val_mse=0.00000427 peer_val_mae=0.00125799
[worker1/operator_burgers_student_lift_v2_gpu0] [operator_burgers_student_lift_v2/elem_ft_huber_l002_w30_d80_140_lr3e4] [operator][epoch 067] lambda=0.0200 train_mse=0.00552557 val_mse=0.00682662 val_mae=0.05089818 | peer_val_mse=0.00000427 peer_val_mae=0.00125799
[worker1/operator_burgers_student_lift_v2_gpu0] [operator_burgers_student_lift_v2/elem_ft_huber_l002_w30_d80_140_lr3e4] [operator][epoch 068] lambda=0.0200 train_mse=0.00631701 val_mse=0.00661637 val_mae=0.05157996 | peer_val_mse=0.00000427 peer_val_mae=0.00125799
[worker1/operator_burgers_student_lift_v2_gpu0] [operator_burgers_student_lift_v2/elem_ft_huber_l002_w30_d80_140_lr3e4] [operator][epoch 069] lambda=0.0200 train_mse=0.00593680 val_mse=0.00607434 val_mae=0.04703790 | peer_val_mse=0.00000427 peer_val_mae=0.00125799
[worker1/operator_burgers_student_lift_v2_gpu0] [operator_burgers_student_lift_v2/elem_ft_huber_l002_w30_d80_140_lr3e4] [operator][epoch 070] lambda=0.0200 train_mse=0.00695956 val_mse=0.00691997 val_mae=0.05261377 | peer_val_mse=0.00000427 peer_val_mae=0.00125799
[worker1/operator_burgers_student_lift_v2_gpu0] [operator_burgers_student_lift_v2/elem_ft_huber_l002_w30_d80_140_lr3e4] [operator][epoch 071] lambda=0.0200 train_mse=0.00601225 val_mse=0.00641677 val_mae=0.04824184 | peer_val_mse=0.00000427 peer_val_mae=0.00125799
[worker1/operator_burgers_student_lift_v2_gpu0] [operator_burgers_student_lift_v2/elem_ft_huber_l002_w30_d80_140_lr3e4] [operator][epoch 072] lambda=0.0200 train_mse=0.00669292 val_mse=0.00706660 val_mae=0.05086651 | peer_val_mse=0.00000427 peer_val_mae=0.00125799
[worker1/operator_burgers_student_lift_v2_gpu0] [operator_burgers_student_lift_v2/elem_ft_huber_l002_w30_d80_140_lr3e4] [operator][epoch 073] lambda=0.0200 train_mse=0.00582325 val_mse=0.00547227 val_mae=0.04434482 | peer_val_mse=0.00000427 peer_val_mae=0.00125799
[worker1/operator_burgers_student_lift_v2_gpu0] [operator_burgers_student_lift_v2/elem_ft_huber_l002_w30_d80_140_lr3e4] [operator][epoch 074] lambda=0.0200 train_mse=0.00762580 val_mse=0.00890252 val_mae=0.06107362 | peer_val_mse=0.00000427 peer_val_mae=0.00125799
[worker1/operator_burgers_student_lift_v2_gpu0] [operator_burgers_student_lift_v2/elem_ft_huber_l002_w30_d80_140_lr3e4] [operator][epoch 075] lambda=0.0200 train_mse=0.00704964 val_mse=0.00687674 val_mae=0.05101050 | peer_val_mse=0.00000427 peer_val_mae=0.00125799
[worker1/operator_burgers_student_lift_v2_gpu0] [operator_burgers_student_lift_v2/elem_ft_huber_l002_w30_d80_140_lr3e4] [operator][epoch 076] lambda=0.0200 train_mse=0.00702928 val_mse=0.00611616 val_mae=0.04981394 | peer_val_mse=0.00000427 peer_val_mae=0.00125799
[worker1/operator_burgers_student_lift_v2_gpu0] [operator_burgers_student_lift_v2/elem_ft_huber_l002_w30_d80_140_lr3e4] [operator][epoch 077] lambda=0.0200 train_mse=0.00533960 val_mse=0.00544048 val_mae=0.04346773 | peer_val_mse=0.00000427 peer_val_mae=0.00125799
[worker1/operator_burgers_student_lift_v2_gpu0] [operator_burgers_student_lift_v2/elem_ft_huber_l002_w30_d80_140_lr3e4] [operator][epoch 078] lambda=0.0200 train_mse=0.00513315 val_mse=0.00560293 val_mae=0.04391868 | peer_val_mse=0.00000427 peer_val_mae=0.00125799
[worker1/operator_burgers_student_lift_v2_gpu0] [operator_burgers_student_lift_v2/elem_ft_huber_l002_w30_d80_140_lr3e4] [operator][epoch 079] lambda=0.0200 train_mse=0.00642719 val_mse=0.00722358 val_mae=0.05426498 | peer_val_mse=0.00000427 peer_val_mae=0.00125799
[worker1/operator_burgers_student_lift_v2_gpu0] [operator_burgers_student_lift_v2/elem_ft_huber_l002_w30_d80_140_lr3e4] [operator][epoch 080] lambda=0.0200 train_mse=0.00585786 val_mse=0.00554874 val_mae=0.04625296 | peer_val_mse=0.00000427 peer_val_mae=0.00125799
[worker1/operator_burgers_student_lift_v2_gpu0] [operator_burgers_student_lift_v2/elem_ft_huber_l002_w30_d80_140_lr3e4] [operator][epoch 080] updated live plot
[worker1/operator_burgers_student_lift_v2_gpu0] [operator_burgers_student_lift_v2/elem_ft_huber_l002_w30_d80_140_lr3e4] [operator][epoch 081] lambda=0.0197 train_mse=0.00541056 val_mse=0.00651551 val_mae=0.05008854 | peer_val_mse=0.00000427 peer_val_mae=0.00125799
[worker1/operator_burgers_student_lift_v2_gpu0] [operator_burgers_student_lift_v2/elem_ft_huber_l002_w30_d80_140_lr3e4] [operator][epoch 082] lambda=0.0194 train_mse=0.00599642 val_mse=0.00593460 val_mae=0.04775618 | peer_val_mse=0.00000427 peer_val_mae=0.00125799
[worker1/operator_burgers_student_lift_v2_gpu0] [operator_burgers_student_lift_v2/elem_ft_huber_l002_w30_d80_140_lr3e4] [operator][epoch 083] lambda=0.0191 train_mse=0.00585838 val_mse=0.00741446 val_mae=0.05376028 | peer_val_mse=0.00000427 peer_val_mae=0.00125799
[worker1/operator_burgers_student_lift_v2_gpu0] [operator_burgers_student_lift_v2/elem_ft_huber_l002_w30_d80_140_lr3e4] [operator][epoch 084] lambda=0.0188 train_mse=0.00608631 val_mse=0.00693741 val_mae=0.04952119 | peer_val_mse=0.00000427 peer_val_mae=0.00125799
[worker1/operator_burgers_student_lift_v2_gpu0] [operator_burgers_student_lift_v2/elem_ft_huber_l002_w30_d80_140_lr3e4] [operator][epoch 085] lambda=0.0185 train_mse=0.00727737 val_mse=0.00787543 val_mae=0.05767203 | peer_val_mse=0.00000427 peer_val_mae=0.00125799
[worker1/operator_burgers_student_lift_v2_gpu0] [operator_burgers_student_lift_v2/elem_ft_huber_l002_w30_d80_140_lr3e4] [operator][epoch 086] lambda=0.0182 train_mse=0.00716313 val_mse=0.00687160 val_mae=0.05464283 | peer_val_mse=0.00000427 peer_val_mae=0.00125799
[worker1/operator_burgers_student_lift_v2_gpu0] [operator_burgers_student_lift_v2/elem_ft_huber_l002_w30_d80_140_lr3e4] [operator][epoch 087] lambda=0.0179 train_mse=0.00845203 val_mse=0.00951930 val_mae=0.06829175 | peer_val_mse=0.00000427 peer_val_mae=0.00125799
[worker1/operator_burgers_student_lift_v2_gpu0] [operator_burgers_student_lift_v2/elem_ft_huber_l002_w30_d80_140_lr3e4] [operator][epoch 088] lambda=0.0176 train_mse=0.00841117 val_mse=0.00642998 val_mae=0.04963757 | peer_val_mse=0.00000427 peer_val_mae=0.00125799
[worker1/operator_burgers_student_lift_v2_gpu0] [operator_burgers_student_lift_v2/elem_ft_huber_l002_w30_d80_140_lr3e4] [operator][epoch 089] lambda=0.0173 train_mse=0.00615766 val_mse=0.00583337 val_mae=0.04735372 | peer_val_mse=0.00000427 peer_val_mae=0.00125799
[worker1/operator_burgers_student_lift_v2_gpu0] [operator_burgers_student_lift_v2/elem_ft_huber_l002_w30_d80_140_lr3e4] [operator][epoch 090] lambda=0.0170 train_mse=0.00532354 val_mse=0.00703776 val_mae=0.04965620 | peer_val_mse=0.00000427 peer_val_mae=0.00125799
[worker1/operator_burgers_student_lift_v2_gpu0] [operator_burgers_student_lift_v2/elem_ft_huber_l002_w30_d80_140_lr3e4] [operator][epoch 091] lambda=0.0167 train_mse=0.00645079 val_mse=0.00622222 val_mae=0.05078236 | peer_val_mse=0.00000427 peer_val_mae=0.00125799
[worker1/operator_burgers_student_lift_v2_gpu0] [operator_burgers_student_lift_v2/elem_ft_huber_l002_w30_d80_140_lr3e4] [operator][epoch 092] lambda=0.0164 train_mse=0.00575742 val_mse=0.00509010 val_mae=0.04152398 | peer_val_mse=0.00000427 peer_val_mae=0.00125799
[worker1/operator_burgers_student_lift_v2_gpu0] [operator_burgers_student_lift_v2/elem_ft_huber_l002_w30_d80_140_lr3e4] [operator][epoch 093] lambda=0.0161 train_mse=0.00485131 val_mse=0.00545084 val_mae=0.04421400 | peer_val_mse=0.00000427 peer_val_mae=0.00125799
[worker1/operator_burgers_student_lift_v2_gpu0] [operator_burgers_student_lift_v2/elem_ft_huber_l002_w30_d80_140_lr3e4] [operator][epoch 094] lambda=0.0158 train_mse=0.00529454 val_mse=0.00571601 val_mae=0.04605000 | peer_val_mse=0.00000427 peer_val_mae=0.00125799
[worker1/operator_burgers_student_lift_v2_gpu0] [operator_burgers_student_lift_v2/elem_ft_huber_l002_w30_d80_140_lr3e4] [operator][epoch 095] lambda=0.0155 train_mse=0.00555299 val_mse=0.00523172 val_mae=0.04392408 | peer_val_mse=0.00000427 peer_val_mae=0.00125799
[worker1/operator_burgers_student_lift_v2_gpu0] [operator_burgers_student_lift_v2/elem_ft_huber_l002_w30_d80_140_lr3e4] [operator][epoch 096] lambda=0.0152 train_mse=0.00646867 val_mse=0.00772651 val_mae=0.05905145 | peer_val_mse=0.00000427 peer_val_mae=0.00125799
[worker1/operator_burgers_student_lift_v2_gpu0] [operator_burgers_student_lift_v2/elem_ft_huber_l002_w30_d80_140_lr3e4] [operator][epoch 097] lambda=0.0149 train_mse=0.00645475 val_mse=0.00671419 val_mae=0.05201290 | peer_val_mse=0.00000427 peer_val_mae=0.00125799
[worker1/operator_burgers_student_lift_v2_gpu0] [operator_burgers_student_lift_v2/elem_ft_huber_l002_w30_d80_140_lr3e4] [operator][epoch 098] lambda=0.0146 train_mse=0.00578172 val_mse=0.00521319 val_mae=0.04309725 | peer_val_mse=0.00000427 peer_val_mae=0.00125799
[worker1/operator_burgers_student_lift_v2_gpu0] [operator_burgers_student_lift_v2/elem_ft_huber_l002_w30_d80_140_lr3e4] [operator][epoch 099] lambda=0.0143 train_mse=0.00472333 val_mse=0.00525178 val_mae=0.04300954 | peer_val_mse=0.00000427 peer_val_mae=0.00125799
[worker1/operator_burgers_student_lift_v2_gpu0] [operator_burgers_student_lift_v2/elem_ft_huber_l002_w30_d80_140_lr3e4] [operator][epoch 100] lambda=0.0140 train_mse=0.00483908 val_mse=0.00494580 val_mae=0.04102170 | peer_val_mse=0.00000427 peer_val_mae=0.00125799
[worker1/operator_burgers_student_lift_v2_gpu0] [operator_burgers_student_lift_v2/elem_ft_huber_l002_w30_d80_140_lr3e4] [operator][epoch 100] updated live plot
[worker1/operator_burgers_student_lift_v2_gpu0] [operator_burgers_student_lift_v2/elem_ft_huber_l002_w30_d80_140_lr3e4] [operator][epoch 101] lambda=0.0137 train_mse=0.00489452 val_mse=0.00529607 val_mae=0.04281830 | peer_val_mse=0.00000427 peer_val_mae=0.00125799
[worker1/operator_burgers_student_lift_v2_gpu0] [operator_burgers_student_lift_v2/elem_ft_huber_l002_w30_d80_140_lr3e4] [operator][epoch 102] lambda=0.0134 train_mse=0.00484568 val_mse=0.00666593 val_mae=0.04913165 | peer_val_mse=0.00000427 peer_val_mae=0.00125799
[worker1/operator_burgers_student_lift_v2_gpu0] [operator_burgers_student_lift_v2/elem_ft_huber_l002_w30_d80_140_lr3e4] [operator][epoch 103] lambda=0.0131 train_mse=0.00556406 val_mse=0.00508582 val_mae=0.04339085 | peer_val_mse=0.00000427 peer_val_mae=0.00125799
[worker1/operator_burgers_student_lift_v2_gpu0] [operator_burgers_student_lift_v2/elem_ft_huber_l002_w30_d80_140_lr3e4] [operator][epoch 104] lambda=0.0128 train_mse=0.00477533 val_mse=0.00620360 val_mae=0.04680677 | peer_val_mse=0.00000427 peer_val_mae=0.00125799
[worker1/operator_darcy_student_lift_v2_gpu1] [operator_darcy_student_lift_v2/sample_ft_l003_w15_d45_90_lr2e4] [operator][epoch 110] lambda=0.0030 train_mse=0.00545274 val_mse=0.01492196 val_mae=0.08810305 | peer_val_mse=0.00362243 peer_val_mae=0.03567833
[worker1/operator_darcy_student_lift_v2_gpu1] [operator_darcy_student_lift_v2/sample_ft_l003_w15_d45_90_lr2e4] [operator][epoch 110] updated live plot
[worker1/operator_darcy_student_lift_v2_gpu1] [operator_darcy_student_lift_v2/sample_ft_l003_w15_d45_90_lr2e4] [operator] done
[worker1/operator_darcy_student_lift_v2_gpu1] [operator_darcy_student_lift_v2/elem_ft_l002_w20_d50_95_lr2e4] lock -> /home/namkyeong/ssmo/results/.locks/operator_darcy_student_lift_v2_elem_ft_l002_w20_d50_95_lr2e4.lock
[worker1/operator_darcy_student_lift_v2_gpu1] [operator_darcy_student_lift_v2/elem_ft_l002_w20_d50_95_lr2e4] log -> results/logs/operator_darcy_student_lift_v2/elem_ft_l002_w20_d50_95_lr2e4.log
[worker1/operator_darcy_student_lift_v2_gpu1] [operator_darcy_student_lift_v2/elem_ft_l002_w20_d50_95_lr2e4] [operator] output_dir=results/operator_darcy_student_lift_v2/elem_ft_l002_w20_d50_95_lr2e4
[worker1/operator_darcy_student_lift_v2_gpu1] [operator_darcy_student_lift_v2/elem_ft_l002_w20_d50_95_lr2e4] [operator] methods=ssml
[worker1/operator_darcy_student_lift_v2_gpu1] [operator_darcy_student_lift_v2/elem_ft_l002_w20_d50_95_lr2e4] [operator] model_pairs=deeponet:fno
[worker1/operator_darcy_student_lift_v2_gpu1] [operator_darcy_student_lift_v2/elem_ft_l002_w20_d50_95_lr2e4] [operator] dataset=darcy pair=deeponet:fno method=ssml seed=0
[worker1/operator_darcy_student_lift_v2_gpu1] [operator_darcy_student_lift_v2/elem_ft_l002_w20_d50_95_lr2e4] [operator] loaded init_checkpoint=results/operator_ssml_tuned_v1/operator/darcy/deeponet_independent_mse_seed0/model.pt
[worker1/operator_darcy_student_lift_v2_gpu1] [operator_darcy_student_lift_v2/elem_ft_l002_w20_d50_95_lr2e4] [operator] loaded peer_init_checkpoint=results/operator_ssml_tuned_v1/operator/darcy/fno_independent_mse_seed0/model.pt
[worker1/operator_darcy_student_lift_v2_gpu1] [operator_darcy_student_lift_v2/elem_ft_l002_w20_d50_95_lr2e4] [operator] run_dir=results/operator_darcy_student_lift_v2/elem_ft_l002_w20_d50_95_lr2e4/operator/darcy/deeponet__fno_ssml_mse_seed0
[worker1/operator_darcy_student_lift_v2_gpu1] [operator_darcy_student_lift_v2/elem_ft_l002_w20_d50_95_lr2e4] [operator] params=592000
[worker1/operator_darcy_student_lift_v2_gpu1] [operator_darcy_student_lift_v2/elem_ft_l002_w20_d50_95_lr2e4] [operator] granularity=element student_only=True freeze_peer=True peer_updates_disabled=True
[worker1/operator_darcy_student_lift_v2_gpu1] [operator_darcy_student_lift_v2/elem_ft_l002_w20_d50_95_lr2e4] [operator][epoch 001] lambda=0.0000 train_mse=0.01942866 val_mse=0.01829572 val_mae=0.10147176 | peer_val_mse=0.00368136 peer_val_mae=0.03564195
[worker1/operator_darcy_student_lift_v2_gpu1] [operator_darcy_student_lift_v2/elem_ft_l002_w20_d50_95_lr2e4] [operator][epoch 002] lambda=0.0000 train_mse=0.01156678 val_mse=0.01840869 val_mae=0.10162142 | peer_val_mse=0.00368136 peer_val_mae=0.03564195
[worker1/operator_darcy_student_lift_v2_gpu1] [operator_darcy_student_lift_v2/elem_ft_l002_w20_d50_95_lr2e4] [operator][epoch 003] lambda=0.0000 train_mse=0.01162680 val_mse=0.01830810 val_mae=0.10135855 | peer_val_mse=0.00368136 peer_val_mae=0.03564195
[worker1/operator_darcy_student_lift_v2_gpu1] [operator_darcy_student_lift_v2/elem_ft_l002_w20_d50_95_lr2e4] [operator][epoch 004] lambda=0.0000 train_mse=0.01116610 val_mse=0.01788170 val_mae=0.09961314 | peer_val_mse=0.00368136 peer_val_mae=0.03564195
[worker1/operator_darcy_student_lift_v2_gpu1] [operator_darcy_student_lift_v2/elem_ft_l002_w20_d50_95_lr2e4] [operator][epoch 005] lambda=0.0000 train_mse=0.01080858 val_mse=0.01768184 val_mae=0.09939103 | peer_val_mse=0.00368136 peer_val_mae=0.03564195
[worker1/operator_darcy_student_lift_v2_gpu1] [operator_darcy_student_lift_v2/elem_ft_l002_w20_d50_95_lr2e4] [operator][epoch 006] lambda=0.0000 train_mse=0.01099988 val_mse=0.01936704 val_mae=0.10418071 | peer_val_mse=0.00368136 peer_val_mae=0.03564195
[worker1/operator_darcy_student_lift_v2_gpu1] [operator_darcy_student_lift_v2/elem_ft_l002_w20_d50_95_lr2e4] [operator][epoch 007] lambda=0.0000 train_mse=0.01164013 val_mse=0.01808856 val_mae=0.10087824 | peer_val_mse=0.00368136 peer_val_mae=0.03564195
[worker1/operator_darcy_student_lift_v2_gpu1] [operator_darcy_student_lift_v2/elem_ft_l002_w20_d50_95_lr2e4] [operator][epoch 008] lambda=0.0000 train_mse=0.01182132 val_mse=0.01832240 val_mae=0.10114531 | peer_val_mse=0.00368136 peer_val_mae=0.03564195
[worker1/operator_darcy_student_lift_v2_gpu1] [operator_darcy_student_lift_v2/elem_ft_l002_w20_d50_95_lr2e4] [operator][epoch 009] lambda=0.0000 train_mse=0.01070448 val_mse=0.01700589 val_mae=0.09756047 | peer_val_mse=0.00368136 peer_val_mae=0.03564195
[worker1/operator_darcy_student_lift_v2_gpu1] [operator_darcy_student_lift_v2/elem_ft_l002_w20_d50_95_lr2e4] [operator][epoch 010] lambda=0.0000 train_mse=0.01055156 val_mse=0.01774069 val_mae=0.09977391 | peer_val_mse=0.00368136 peer_val_mae=0.03564195
[worker1/operator_burgers_student_lift_v2_gpu0] [operator_burgers_student_lift_v2/elem_ft_huber_l002_w30_d80_140_lr3e4] [operator][epoch 105] lambda=0.0125 train_mse=0.00647092 val_mse=0.00630496 val_mae=0.04880619 | peer_val_mse=0.00000427 peer_val_mae=0.00125799
[worker1/operator_burgers_student_lift_v2_gpu0] [operator_burgers_student_lift_v2/elem_ft_huber_l002_w30_d80_140_lr3e4] [operator][epoch 106] lambda=0.0122 train_mse=0.00554051 val_mse=0.00566402 val_mae=0.04538639 | peer_val_mse=0.00000427 peer_val_mae=0.00125799
[worker1/operator_burgers_student_lift_v2_gpu0] [operator_burgers_student_lift_v2/elem_ft_huber_l002_w30_d80_140_lr3e4] [operator][epoch 107] lambda=0.0119 train_mse=0.00602093 val_mse=0.00743964 val_mae=0.05549818 | peer_val_mse=0.00000427 peer_val_mae=0.00125799
[worker1/operator_burgers_student_lift_v2_gpu0] [operator_burgers_student_lift_v2/elem_ft_huber_l002_w30_d80_140_lr3e4] [operator][epoch 108] lambda=0.0116 train_mse=0.00874822 val_mse=0.00744570 val_mae=0.05735220 | peer_val_mse=0.00000427 peer_val_mae=0.00125799
[worker1/operator_burgers_student_lift_v2_gpu0] [operator_burgers_student_lift_v2/elem_ft_huber_l002_w30_d80_140_lr3e4] [operator][epoch 109] lambda=0.0113 train_mse=0.00788803 val_mse=0.00748672 val_mae=0.05613792 | peer_val_mse=0.00000427 peer_val_mae=0.00125799
[worker1/operator_burgers_student_lift_v2_gpu0] [operator_burgers_student_lift_v2/elem_ft_huber_l002_w30_d80_140_lr3e4] [operator][epoch 110] lambda=0.0110 train_mse=0.00532704 val_mse=0.00541579 val_mae=0.04334039 | peer_val_mse=0.00000427 peer_val_mae=0.00125799
[worker1/operator_burgers_student_lift_v2_gpu0] [operator_burgers_student_lift_v2/elem_ft_huber_l002_w30_d80_140_lr3e4] [operator][epoch 111] lambda=0.0107 train_mse=0.00512181 val_mse=0.00557931 val_mae=0.04619340 | peer_val_mse=0.00000427 peer_val_mae=0.00125799
[worker1/operator_burgers_student_lift_v2_gpu0] [operator_burgers_student_lift_v2/elem_ft_huber_l002_w30_d80_140_lr3e4] [operator][epoch 112] lambda=0.0104 train_mse=0.00544404 val_mse=0.00499670 val_mae=0.04096355 | peer_val_mse=0.00000427 peer_val_mae=0.00125799
[worker1/operator_burgers_student_lift_v2_gpu0] [operator_burgers_student_lift_v2/elem_ft_huber_l002_w30_d80_140_lr3e4] [operator][epoch 113] lambda=0.0101 train_mse=0.00503531 val_mse=0.00575525 val_mae=0.04740167 | peer_val_mse=0.00000427 peer_val_mae=0.00125799
[worker1/operator_burgers_student_lift_v2_gpu0] [operator_burgers_student_lift_v2/elem_ft_huber_l002_w30_d80_140_lr3e4] [operator][epoch 114] lambda=0.0098 train_mse=0.00640665 val_mse=0.00547700 val_mae=0.04432934 | peer_val_mse=0.00000427 peer_val_mae=0.00125799
[worker1/operator_burgers_student_lift_v2_gpu0] [operator_burgers_student_lift_v2/elem_ft_huber_l002_w30_d80_140_lr3e4] [operator][epoch 115] lambda=0.0095 train_mse=0.00491674 val_mse=0.00503318 val_mae=0.04344872 | peer_val_mse=0.00000427 peer_val_mae=0.00125799
[worker1/operator_burgers_student_lift_v2_gpu0] [operator_burgers_student_lift_v2/elem_ft_huber_l002_w30_d80_140_lr3e4] [operator][epoch 116] lambda=0.0092 train_mse=0.00487273 val_mse=0.00673541 val_mae=0.05049540 | peer_val_mse=0.00000427 peer_val_mae=0.00125799
[worker1/operator_burgers_student_lift_v2_gpu0] [operator_burgers_student_lift_v2/elem_ft_huber_l002_w30_d80_140_lr3e4] [operator][epoch 117] lambda=0.0089 train_mse=0.00510491 val_mse=0.00473355 val_mae=0.04098630 | peer_val_mse=0.00000427 peer_val_mae=0.00125799
[worker1/operator_burgers_student_lift_v2_gpu0] [operator_burgers_student_lift_v2/elem_ft_huber_l002_w30_d80_140_lr3e4] [operator][epoch 118] lambda=0.0086 train_mse=0.00520032 val_mse=0.00667622 val_mae=0.04994857 | peer_val_mse=0.00000427 peer_val_mae=0.00125799
[worker1/operator_burgers_student_lift_v2_gpu0] [operator_burgers_student_lift_v2/elem_ft_huber_l002_w30_d80_140_lr3e4] [operator][epoch 119] lambda=0.0083 train_mse=0.00523616 val_mse=0.00504914 val_mae=0.04334363 | peer_val_mse=0.00000427 peer_val_mae=0.00125799
[worker1/operator_burgers_student_lift_v2_gpu0] [operator_burgers_student_lift_v2/elem_ft_huber_l002_w30_d80_140_lr3e4] [operator][epoch 120] lambda=0.0080 train_mse=0.00505112 val_mse=0.00544408 val_mae=0.04680610 | peer_val_mse=0.00000427 peer_val_mae=0.00125799
[worker1/operator_burgers_student_lift_v2_gpu0] [operator_burgers_student_lift_v2/elem_ft_huber_l002_w30_d80_140_lr3e4] [operator][epoch 120] updated live plot
[worker1/operator_burgers_student_lift_v2_gpu0] [operator_burgers_student_lift_v2/elem_ft_huber_l002_w30_d80_140_lr3e4] [operator][epoch 121] lambda=0.0077 train_mse=0.00492085 val_mse=0.00531011 val_mae=0.04355333 | peer_val_mse=0.00000427 peer_val_mae=0.00125799
[worker1/operator_burgers_student_lift_v2_gpu0] [operator_burgers_student_lift_v2/elem_ft_huber_l002_w30_d80_140_lr3e4] [operator][epoch 122] lambda=0.0074 train_mse=0.00587344 val_mse=0.00591014 val_mae=0.04645713 | peer_val_mse=0.00000427 peer_val_mae=0.00125799
[worker1/operator_burgers_student_lift_v2_gpu0] [operator_burgers_student_lift_v2/elem_ft_huber_l002_w30_d80_140_lr3e4] [operator][epoch 123] lambda=0.0071 train_mse=0.00535805 val_mse=0.00591636 val_mae=0.04896307 | peer_val_mse=0.00000427 peer_val_mae=0.00125799
[worker1/operator_burgers_student_lift_v2_gpu0] [operator_burgers_student_lift_v2/elem_ft_huber_l002_w30_d80_140_lr3e4] [operator][epoch 124] lambda=0.0068 train_mse=0.00557600 val_mse=0.00607433 val_mae=0.04916177 | peer_val_mse=0.00000427 peer_val_mae=0.00125799
[worker1/operator_burgers_student_lift_v2_gpu0] [operator_burgers_student_lift_v2/elem_ft_huber_l002_w30_d80_140_lr3e4] [operator][epoch 125] lambda=0.0065 train_mse=0.00539769 val_mse=0.00601796 val_mae=0.04647716 | peer_val_mse=0.00000427 peer_val_mae=0.00125799
[worker1/operator_burgers_student_lift_v2_gpu0] [operator_burgers_student_lift_v2/elem_ft_huber_l002_w30_d80_140_lr3e4] [operator][epoch 126] lambda=0.0062 train_mse=0.00463916 val_mse=0.00470598 val_mae=0.04055454 | peer_val_mse=0.00000427 peer_val_mae=0.00125799
[worker1/operator_burgers_student_lift_v2_gpu0] [operator_burgers_student_lift_v2/elem_ft_huber_l002_w30_d80_140_lr3e4] [operator][epoch 127] lambda=0.0059 train_mse=0.00512232 val_mse=0.00443187 val_mae=0.03862081 | peer_val_mse=0.00000427 peer_val_mae=0.00125799
[worker1/operator_burgers_student_lift_v2_gpu0] [operator_burgers_student_lift_v2/elem_ft_huber_l002_w30_d80_140_lr3e4] [operator][epoch 128] lambda=0.0056 train_mse=0.00451962 val_mse=0.00433373 val_mae=0.03783343 | peer_val_mse=0.00000427 peer_val_mae=0.00125799
[worker1/operator_burgers_student_lift_v2_gpu0] [operator_burgers_student_lift_v2/elem_ft_huber_l002_w30_d80_140_lr3e4] [operator][epoch 129] lambda=0.0053 train_mse=0.00493472 val_mse=0.00668592 val_mae=0.04990995 | peer_val_mse=0.00000427 peer_val_mae=0.00125799
[worker1/operator_burgers_student_lift_v2_gpu0] [operator_burgers_student_lift_v2/elem_ft_huber_l002_w30_d80_140_lr3e4] [operator][epoch 130] lambda=0.0050 train_mse=0.00622473 val_mse=0.00658808 val_mae=0.05192158 | peer_val_mse=0.00000427 peer_val_mae=0.00125799
[worker1/operator_burgers_student_lift_v2_gpu0] [operator_burgers_student_lift_v2/elem_ft_huber_l002_w30_d80_140_lr3e4] [operator][epoch 131] lambda=0.0047 train_mse=0.00666049 val_mse=0.00658474 val_mae=0.05483436 | peer_val_mse=0.00000427 peer_val_mae=0.00125799
[worker1/operator_burgers_student_lift_v2_gpu0] [operator_burgers_student_lift_v2/elem_ft_huber_l002_w30_d80_140_lr3e4] [operator][epoch 132] lambda=0.0044 train_mse=0.00514978 val_mse=0.00581975 val_mae=0.04861279 | peer_val_mse=0.00000427 peer_val_mae=0.00125799
[worker1/operator_burgers_student_lift_v2_gpu0] [operator_burgers_student_lift_v2/elem_ft_huber_l002_w30_d80_140_lr3e4] [operator][epoch 133] lambda=0.0041 train_mse=0.00561438 val_mse=0.00623710 val_mae=0.05042358 | peer_val_mse=0.00000427 peer_val_mae=0.00125799
[worker1/operator_burgers_student_lift_v2_gpu0] [operator_burgers_student_lift_v2/elem_ft_huber_l002_w30_d80_140_lr3e4] [operator][epoch 134] lambda=0.0038 train_mse=0.00525551 val_mse=0.00493628 val_mae=0.04203736 | peer_val_mse=0.00000427 peer_val_mae=0.00125799
[worker1/operator_burgers_student_lift_v2_gpu0] [operator_burgers_student_lift_v2/elem_ft_huber_l002_w30_d80_140_lr3e4] [operator][epoch 135] lambda=0.0035 train_mse=0.00443152 val_mse=0.00464796 val_mae=0.03902106 | peer_val_mse=0.00000427 peer_val_mae=0.00125799
[worker1/operator_burgers_student_lift_v2_gpu0] [operator_burgers_student_lift_v2/elem_ft_huber_l002_w30_d80_140_lr3e4] [operator][epoch 136] lambda=0.0032 train_mse=0.00455838 val_mse=0.00512287 val_mae=0.04193007 | peer_val_mse=0.00000427 peer_val_mae=0.00125799
[worker1/operator_burgers_student_lift_v2_gpu0] [operator_burgers_student_lift_v2/elem_ft_huber_l002_w30_d80_140_lr3e4] [operator][epoch 137] lambda=0.0029 train_mse=0.00479039 val_mse=0.00542285 val_mae=0.04527017 | peer_val_mse=0.00000427 peer_val_mae=0.00125799
[worker1/operator_burgers_student_lift_v2_gpu0] [operator_burgers_student_lift_v2/elem_ft_huber_l002_w30_d80_140_lr3e4] [operator][epoch 138] lambda=0.0026 train_mse=0.00571827 val_mse=0.00502906 val_mae=0.04359723 | peer_val_mse=0.00000427 peer_val_mae=0.00125799
[worker1/operator_burgers_student_lift_v2_gpu0] [operator_burgers_student_lift_v2/elem_ft_huber_l002_w30_d80_140_lr3e4] [operator][epoch 139] lambda=0.0023 train_mse=0.00482932 val_mse=0.00480878 val_mae=0.04162824 | peer_val_mse=0.00000427 peer_val_mae=0.00125799
[worker1/operator_burgers_student_lift_v2_gpu0] [operator_burgers_student_lift_v2/elem_ft_huber_l002_w30_d80_140_lr3e4] [operator][epoch 140] lambda=0.0020 train_mse=0.00661876 val_mse=0.00711688 val_mae=0.05680241 | peer_val_mse=0.00000427 peer_val_mae=0.00125799
[worker1/operator_burgers_student_lift_v2_gpu0] [operator_burgers_student_lift_v2/elem_ft_huber_l002_w30_d80_140_lr3e4] [operator][epoch 140] updated live plot
[worker1/operator_burgers_student_lift_v2_gpu0] [operator_burgers_student_lift_v2/elem_ft_huber_l002_w30_d80_140_lr3e4] [operator] done
[worker1/operator_burgers_student_lift_v2_gpu0] [operator_burgers_student_lift_v2/elem_ft_huber_l002_w30_d80_140_lr3e4] [operator] dataset=burgers pair=deeponet:fno method=ssml seed=2
[worker1/operator_burgers_student_lift_v2_gpu0] [operator_burgers_student_lift_v2/elem_ft_huber_l002_w30_d80_140_lr3e4] [operator] loaded init_checkpoint=results/operator_burgers_followup_v1/burgers_l005_m0_w12_d60_120_ow1/operator/burgers/deeponet_independent_mse_seed2/model.pt
[worker1/operator_burgers_student_lift_v2_gpu0] [operator_burgers_student_lift_v2/elem_ft_huber_l002_w30_d80_140_lr3e4] [operator] loaded peer_init_checkpoint=results/operator_burgers_followup_v1/burgers_l005_m0_w12_d60_120_ow1/operator/burgers/fno_independent_mse_seed2/model.pt
[worker1/operator_burgers_student_lift_v2_gpu0] [operator_burgers_student_lift_v2/elem_ft_huber_l002_w30_d80_140_lr3e4] [operator] run_dir=results/operator_burgers_student_lift_v2/elem_ft_huber_l002_w30_d80_140_lr3e4/operator/burgers/deeponet__fno_ssml_huber_seed2
[worker1/operator_burgers_student_lift_v2_gpu0] [operator_burgers_student_lift_v2/elem_ft_huber_l002_w30_d80_140_lr3e4] [operator] params=198656
[worker1/operator_burgers_student_lift_v2_gpu0] [operator_burgers_student_lift_v2/elem_ft_huber_l002_w30_d80_140_lr3e4] [operator] granularity=element student_only=True freeze_peer=True peer_updates_disabled=True
[worker1/operator_burgers_student_lift_v2_gpu0] [operator_burgers_student_lift_v2/elem_ft_huber_l002_w30_d80_140_lr3e4] [operator][epoch 001] lambda=0.0000 train_mse=0.01334407 val_mse=0.01023127 val_mae=0.06691455 | peer_val_mse=0.00002689 peer_val_mae=0.00366316
[worker1/operator_burgers_student_lift_v2_gpu0] [operator_burgers_student_lift_v2/elem_ft_huber_l002_w30_d80_140_lr3e4] [operator][epoch 002] lambda=0.0000 train_mse=0.01068057 val_mse=0.01220282 val_mae=0.07498905 | peer_val_mse=0.00002689 peer_val_mae=0.00366316
[worker1/operator_burgers_student_lift_v2_gpu0] [operator_burgers_student_lift_v2/elem_ft_huber_l002_w30_d80_140_lr3e4] [operator][epoch 003] lambda=0.0000 train_mse=0.01085994 val_mse=0.00940369 val_mae=0.06268738 | peer_val_mse=0.00002689 peer_val_mae=0.00366316
[worker1/operator_burgers_student_lift_v2_gpu0] [operator_burgers_student_lift_v2/elem_ft_huber_l002_w30_d80_140_lr3e4] [operator][epoch 004] lambda=0.0000 train_mse=0.00985888 val_mse=0.01024482 val_mae=0.06706540 | peer_val_mse=0.00002689 peer_val_mae=0.00366316
[worker1/operator_burgers_student_lift_v2_gpu0] [operator_burgers_student_lift_v2/elem_ft_huber_l002_w30_d80_140_lr3e4] [operator][epoch 005] lambda=0.0000 train_mse=0.00948877 val_mse=0.01153288 val_mae=0.07354444 | peer_val_mse=0.00002689 peer_val_mae=0.00366316
[worker1/operator_burgers_student_lift_v2_gpu0] [operator_burgers_student_lift_v2/elem_ft_huber_l002_w30_d80_140_lr3e4] [operator][epoch 006] lambda=0.0000 train_mse=0.01247302 val_mse=0.01133133 val_mae=0.06958174 | peer_val_mse=0.00002689 peer_val_mae=0.00366316
[worker1/operator_burgers_student_lift_v2_gpu0] [operator_burgers_student_lift_v2/elem_ft_huber_l002_w30_d80_140_lr3e4] [operator][epoch 007] lambda=0.0000 train_mse=0.01179837 val_mse=0.01146091 val_mae=0.07161464 | peer_val_mse=0.00002689 peer_val_mae=0.00366316
[worker1/operator_burgers_student_lift_v2_gpu0] [operator_burgers_student_lift_v2/elem_ft_huber_l002_w30_d80_140_lr3e4] [operator][epoch 008] lambda=0.0000 train_mse=0.01114003 val_mse=0.00938420 val_mae=0.06153678 | peer_val_mse=0.00002689 peer_val_mae=0.00366316
[worker1/operator_burgers_student_lift_v2_gpu0] [operator_burgers_student_lift_v2/elem_ft_huber_l002_w30_d80_140_lr3e4] [operator][epoch 009] lambda=0.0000 train_mse=0.01094806 val_mse=0.00891590 val_mae=0.06034320 | peer_val_mse=0.00002689 peer_val_mae=0.00366316
[worker1/operator_burgers_student_lift_v2_gpu0] [operator_burgers_student_lift_v2/elem_ft_huber_l002_w30_d80_140_lr3e4] [operator][epoch 010] lambda=0.0000 train_mse=0.00966619 val_mse=0.01025379 val_mae=0.06520299 | peer_val_mse=0.00002689 peer_val_mae=0.00366316
[worker1/operator_burgers_student_lift_v2_gpu0] [operator_burgers_student_lift_v2/elem_ft_huber_l002_w30_d80_140_lr3e4] [operator][epoch 011] lambda=0.0000 train_mse=0.01158987 val_mse=0.01197912 val_mae=0.07435614 | peer_val_mse=0.00002689 peer_val_mae=0.00366316
[worker1/operator_burgers_student_lift_v2_gpu0] [operator_burgers_student_lift_v2/elem_ft_huber_l002_w30_d80_140_lr3e4] [operator][epoch 012] lambda=0.0000 train_mse=0.01959532 val_mse=0.01513775 val_mae=0.08759414 | peer_val_mse=0.00002689 peer_val_mae=0.00366316
[worker1/operator_burgers_student_lift_v2_gpu0] [operator_burgers_student_lift_v2/elem_ft_huber_l002_w30_d80_140_lr3e4] [operator][epoch 013] lambda=0.0000 train_mse=0.01127571 val_mse=0.00993507 val_mae=0.06504351 | peer_val_mse=0.00002689 peer_val_mae=0.00366316
[worker1/operator_darcy_student_lift_v2_gpu1] [operator_darcy_student_lift_v2/elem_ft_l002_w20_d50_95_lr2e4] [operator][epoch 011] lambda=0.0000 train_mse=0.01163843 val_mse=0.01863650 val_mae=0.10250284 | peer_val_mse=0.00368136 peer_val_mae=0.03564195
[worker1/operator_darcy_student_lift_v2_gpu1] [operator_darcy_student_lift_v2/elem_ft_l002_w20_d50_95_lr2e4] [operator][epoch 012] lambda=0.0000 train_mse=0.01144159 val_mse=0.01817641 val_mae=0.10124636 | peer_val_mse=0.00368136 peer_val_mae=0.03564195
[worker1/operator_darcy_student_lift_v2_gpu1] [operator_darcy_student_lift_v2/elem_ft_l002_w20_d50_95_lr2e4] [operator][epoch 013] lambda=0.0000 train_mse=0.01056314 val_mse=0.01770067 val_mae=0.09924077 | peer_val_mse=0.00368136 peer_val_mae=0.03564195
[worker1/operator_darcy_student_lift_v2_gpu1] [operator_darcy_student_lift_v2/elem_ft_l002_w20_d50_95_lr2e4] [operator][epoch 014] lambda=0.0000 train_mse=0.01003967 val_mse=0.01681506 val_mae=0.09727027 | peer_val_mse=0.00368136 peer_val_mae=0.03564195
[worker1/operator_darcy_student_lift_v2_gpu1] [operator_darcy_student_lift_v2/elem_ft_l002_w20_d50_95_lr2e4] [operator][epoch 015] lambda=0.0000 train_mse=0.01015117 val_mse=0.01740544 val_mae=0.09850548 | peer_val_mse=0.00368136 peer_val_mae=0.03564195
[worker1/operator_darcy_student_lift_v2_gpu1] [operator_darcy_student_lift_v2/elem_ft_l002_w20_d50_95_lr2e4] [operator][epoch 016] lambda=0.0000 train_mse=0.00993594 val_mse=0.01715893 val_mae=0.09773162 | peer_val_mse=0.00368136 peer_val_mae=0.03564195
[worker1/operator_darcy_student_lift_v2_gpu1] [operator_darcy_student_lift_v2/elem_ft_l002_w20_d50_95_lr2e4] [operator][epoch 017] lambda=0.0000 train_mse=0.01088715 val_mse=0.01814989 val_mae=0.10072604 | peer_val_mse=0.00368136 peer_val_mae=0.03564195
[worker1/operator_darcy_student_lift_v2_gpu1] [operator_darcy_student_lift_v2/elem_ft_l002_w20_d50_95_lr2e4] [operator][epoch 018] lambda=0.0000 train_mse=0.01034191 val_mse=0.01715063 val_mae=0.09745797 | peer_val_mse=0.00368136 peer_val_mae=0.03564195
[worker1/operator_darcy_student_lift_v2_gpu1] [operator_darcy_student_lift_v2/elem_ft_l002_w20_d50_95_lr2e4] [operator][epoch 019] lambda=0.0000 train_mse=0.00975398 val_mse=0.01663835 val_mae=0.09634503 | peer_val_mse=0.00368136 peer_val_mae=0.03564195
[worker1/operator_darcy_student_lift_v2_gpu1] [operator_darcy_student_lift_v2/elem_ft_l002_w20_d50_95_lr2e4] [operator][epoch 020] lambda=0.0000 train_mse=0.00947757 val_mse=0.01739147 val_mae=0.09837862 | peer_val_mse=0.00368136 peer_val_mae=0.03564195
[worker1/operator_darcy_student_lift_v2_gpu1] [operator_darcy_student_lift_v2/elem_ft_l002_w20_d50_95_lr2e4] [operator][epoch 020] updated live plot
[worker1/operator_darcy_student_lift_v2_gpu1] [operator_darcy_student_lift_v2/elem_ft_l002_w20_d50_95_lr2e4] [operator][epoch 021] lambda=0.0200 train_mse=0.01070227 val_mse=0.01688033 val_mae=0.09703646 | peer_val_mse=0.00368136 peer_val_mae=0.03564195
[worker1/operator_darcy_student_lift_v2_gpu1] [operator_darcy_student_lift_v2/elem_ft_l002_w20_d50_95_lr2e4] [operator][epoch 022] lambda=0.0200 train_mse=0.01051106 val_mse=0.01772000 val_mae=0.10005838 | peer_val_mse=0.00368136 peer_val_mae=0.03564195
[worker1/operator_darcy_student_lift_v2_gpu1] [operator_darcy_student_lift_v2/elem_ft_l002_w20_d50_95_lr2e4] [operator][epoch 023] lambda=0.0200 train_mse=0.01079835 val_mse=0.01792139 val_mae=0.10078077 | peer_val_mse=0.00368136 peer_val_mae=0.03564195
[worker1/operator_darcy_student_lift_v2_gpu1] [operator_darcy_student_lift_v2/elem_ft_l002_w20_d50_95_lr2e4] [operator][epoch 024] lambda=0.0200 train_mse=0.01014087 val_mse=0.01723817 val_mae=0.09808610 | peer_val_mse=0.00368136 peer_val_mae=0.03564195
[worker1/operator_darcy_student_lift_v2_gpu1] [operator_darcy_student_lift_v2/elem_ft_l002_w20_d50_95_lr2e4] [operator][epoch 025] lambda=0.0200 train_mse=0.00961534 val_mse=0.01659209 val_mae=0.09623202 | peer_val_mse=0.00368136 peer_val_mae=0.03564195
[worker1/operator_darcy_student_lift_v2_gpu1] [operator_darcy_student_lift_v2/elem_ft_l002_w20_d50_95_lr2e4] [operator][epoch 026] lambda=0.0200 train_mse=0.00906135 val_mse=0.01592942 val_mae=0.09379174 | peer_val_mse=0.00368136 peer_val_mae=0.03564195
[worker1/operator_darcy_student_lift_v2_gpu1] [operator_darcy_student_lift_v2/elem_ft_l002_w20_d50_95_lr2e4] [operator][epoch 027] lambda=0.0200 train_mse=0.00914743 val_mse=0.01615362 val_mae=0.09474007 | peer_val_mse=0.00368136 peer_val_mae=0.03564195
[worker1/operator_darcy_student_lift_v2_gpu1] [operator_darcy_student_lift_v2/elem_ft_l002_w20_d50_95_lr2e4] [operator][epoch 028] lambda=0.0200 train_mse=0.00983284 val_mse=0.01683699 val_mae=0.09620484 | peer_val_mse=0.00368136 peer_val_mae=0.03564195
[worker1/operator_darcy_student_lift_v2_gpu1] [operator_darcy_student_lift_v2/elem_ft_l002_w20_d50_95_lr2e4] [operator][epoch 029] lambda=0.0200 train_mse=0.00952125 val_mse=0.01607237 val_mae=0.09525236 | peer_val_mse=0.00368136 peer_val_mae=0.03564195
[worker1/operator_darcy_student_lift_v2_gpu1] [operator_darcy_student_lift_v2/elem_ft_l002_w20_d50_95_lr2e4] [operator][epoch 030] lambda=0.0200 train_mse=0.01046331 val_mse=0.01736643 val_mae=0.09849226 | peer_val_mse=0.00368136 peer_val_mae=0.03564195
[worker1/operator_darcy_student_lift_v2_gpu1] [operator_darcy_student_lift_v2/elem_ft_l002_w20_d50_95_lr2e4] [operator][epoch 031] lambda=0.0200 train_mse=0.00974160 val_mse=0.01667080 val_mae=0.09570468 | peer_val_mse=0.00368136 peer_val_mae=0.03564195
[worker1/operator_darcy_student_lift_v2_gpu1] [operator_darcy_student_lift_v2/elem_ft_l002_w20_d50_95_lr2e4] [operator][epoch 032] lambda=0.0200 train_mse=0.00978808 val_mse=0.01659268 val_mae=0.09572325 | peer_val_mse=0.00368136 peer_val_mae=0.03564195
[worker1/operator_darcy_student_lift_v2_gpu1] [operator_darcy_student_lift_v2/elem_ft_l002_w20_d50_95_lr2e4] [operator][epoch 033] lambda=0.0200 train_mse=0.00958693 val_mse=0.01608717 val_mae=0.09427527 | peer_val_mse=0.00368136 peer_val_mae=0.03564195
[worker1/operator_darcy_student_lift_v2_gpu1] [operator_darcy_student_lift_v2/elem_ft_l002_w20_d50_95_lr2e4] [operator][epoch 034] lambda=0.0200 train_mse=0.00866885 val_mse=0.01578352 val_mae=0.09297069 | peer_val_mse=0.00368136 peer_val_mae=0.03564195
[worker1/operator_darcy_student_lift_v2_gpu1] [operator_darcy_student_lift_v2/elem_ft_l002_w20_d50_95_lr2e4] [operator][epoch 035] lambda=0.0200 train_mse=0.00915771 val_mse=0.01671520 val_mae=0.09635576 | peer_val_mse=0.00368136 peer_val_mae=0.03564195
[worker1/operator_darcy_student_lift_v2_gpu1] [operator_darcy_student_lift_v2/elem_ft_l002_w20_d50_95_lr2e4] [operator][epoch 036] lambda=0.0200 train_mse=0.00993494 val_mse=0.01673692 val_mae=0.09682638 | peer_val_mse=0.00368136 peer_val_mae=0.03564195
[worker1/operator_darcy_student_lift_v2_gpu1] [operator_darcy_student_lift_v2/elem_ft_l002_w20_d50_95_lr2e4] [operator][epoch 037] lambda=0.0200 train_mse=0.00930991 val_mse=0.01598237 val_mae=0.09447863 | peer_val_mse=0.00368136 peer_val_mae=0.03564195
[worker1/operator_darcy_student_lift_v2_gpu1] [operator_darcy_student_lift_v2/elem_ft_l002_w20_d50_95_lr2e4] [operator][epoch 038] lambda=0.0200 train_mse=0.00859981 val_mse=0.01544795 val_mae=0.09224291 | peer_val_mse=0.00368136 peer_val_mae=0.03564195
[worker1/operator_darcy_student_lift_v2_gpu1] [operator_darcy_student_lift_v2/elem_ft_l002_w20_d50_95_lr2e4] [operator][epoch 039] lambda=0.0200 train_mse=0.00828256 val_mse=0.01579784 val_mae=0.09386026 | peer_val_mse=0.00368136 peer_val_mae=0.03564195
[worker1/operator_darcy_student_lift_v2_gpu1] [operator_darcy_student_lift_v2/elem_ft_l002_w20_d50_95_lr2e4] [operator][epoch 040] lambda=0.0200 train_mse=0.00829132 val_mse=0.01602182 val_mae=0.09380256 | peer_val_mse=0.00368136 peer_val_mae=0.03564195
[worker1/operator_darcy_student_lift_v2_gpu1] [operator_darcy_student_lift_v2/elem_ft_l002_w20_d50_95_lr2e4] [operator][epoch 040] updated live plot
[worker1/operator_darcy_student_lift_v2_gpu1] [operator_darcy_student_lift_v2/elem_ft_l002_w20_d50_95_lr2e4] [operator][epoch 041] lambda=0.0200 train_mse=0.00903386 val_mse=0.01737408 val_mae=0.09871448 | peer_val_mse=0.00368136 peer_val_mae=0.03564195
[worker1/operator_darcy_student_lift_v2_gpu1] [operator_darcy_student_lift_v2/elem_ft_l002_w20_d50_95_lr2e4] [operator][epoch 042] lambda=0.0200 train_mse=0.00966522 val_mse=0.01687647 val_mae=0.09706113 | peer_val_mse=0.00368136 peer_val_mae=0.03564195
[worker1/operator_darcy_student_lift_v2_gpu1] [operator_darcy_student_lift_v2/elem_ft_l002_w20_d50_95_lr2e4] [operator][epoch 043] lambda=0.0200 train_mse=0.00891009 val_mse=0.01585502 val_mae=0.09344498 | peer_val_mse=0.00368136 peer_val_mae=0.03564195
[worker1/operator_darcy_student_lift_v2_gpu1] [operator_darcy_student_lift_v2/elem_ft_l002_w20_d50_95_lr2e4] [operator][epoch 044] lambda=0.0200 train_mse=0.00829183 val_mse=0.01539773 val_mae=0.09229502 | peer_val_mse=0.00368136 peer_val_mae=0.03564195
[worker1/operator_darcy_student_lift_v2_gpu1] [operator_darcy_student_lift_v2/elem_ft_l002_w20_d50_95_lr2e4] [operator][epoch 045] lambda=0.0200 train_mse=0.00834142 val_mse=0.01638742 val_mae=0.09639285 | peer_val_mse=0.00368136 peer_val_mae=0.03564195
[worker1/operator_darcy_student_lift_v2_gpu1] [operator_darcy_student_lift_v2/elem_ft_l002_w20_d50_95_lr2e4] [operator][epoch 046] lambda=0.0200 train_mse=0.00919493 val_mse=0.01687729 val_mae=0.09750765 | peer_val_mse=0.00368136 peer_val_mae=0.03564195
[worker1/operator_darcy_student_lift_v2_gpu1] [operator_darcy_student_lift_v2/elem_ft_l002_w20_d50_95_lr2e4] [operator][epoch 047] lambda=0.0200 train_mse=0.00944627 val_mse=0.01481430 val_mae=0.09049827 | peer_val_mse=0.00368136 peer_val_mae=0.03564195
[worker1/operator_darcy_student_lift_v2_gpu1] [operator_darcy_student_lift_v2/elem_ft_l002_w20_d50_95_lr2e4] [operator][epoch 048] lambda=0.0200 train_mse=0.00818165 val_mse=0.01492541 val_mae=0.09066591 | peer_val_mse=0.00368136 peer_val_mae=0.03564195
[worker1/operator_burgers_student_lift_v2_gpu0] [operator_burgers_student_lift_v2/elem_ft_huber_l002_w30_d80_140_lr3e4] [operator][epoch 014] lambda=0.0000 train_mse=0.00911738 val_mse=0.00840603 val_mae=0.05846890 | peer_val_mse=0.00002689 peer_val_mae=0.00366316
[worker1/operator_burgers_student_lift_v2_gpu0] [operator_burgers_student_lift_v2/elem_ft_huber_l002_w30_d80_140_lr3e4] [operator][epoch 015] lambda=0.0000 train_mse=0.00895835 val_mse=0.00813922 val_mae=0.05663645 | peer_val_mse=0.00002689 peer_val_mae=0.00366316
[worker1/operator_burgers_student_lift_v2_gpu0] [operator_burgers_student_lift_v2/elem_ft_huber_l002_w30_d80_140_lr3e4] [operator][epoch 016] lambda=0.0000 train_mse=0.00810201 val_mse=0.00817641 val_mae=0.05664310 | peer_val_mse=0.00002689 peer_val_mae=0.00366316
[worker1/operator_burgers_student_lift_v2_gpu0] [operator_burgers_student_lift_v2/elem_ft_huber_l002_w30_d80_140_lr3e4] [operator][epoch 017] lambda=0.0000 train_mse=0.00794330 val_mse=0.00716446 val_mae=0.05256065 | peer_val_mse=0.00002689 peer_val_mae=0.00366316
[worker1/operator_burgers_student_lift_v2_gpu0] [operator_burgers_student_lift_v2/elem_ft_huber_l002_w30_d80_140_lr3e4] [operator][epoch 018] lambda=0.0000 train_mse=0.00846020 val_mse=0.00789562 val_mae=0.05759968 | peer_val_mse=0.00002689 peer_val_mae=0.00366316
[worker1/operator_burgers_student_lift_v2_gpu0] [operator_burgers_student_lift_v2/elem_ft_huber_l002_w30_d80_140_lr3e4] [operator][epoch 019] lambda=0.0000 train_mse=0.01014229 val_mse=0.01052584 val_mae=0.07080477 | peer_val_mse=0.00002689 peer_val_mae=0.00366316
[worker1/operator_burgers_student_lift_v2_gpu0] [operator_burgers_student_lift_v2/elem_ft_huber_l002_w30_d80_140_lr3e4] [operator][epoch 020] lambda=0.0000 train_mse=0.00944039 val_mse=0.00835928 val_mae=0.05751571 | peer_val_mse=0.00002689 peer_val_mae=0.00366316
[worker1/operator_burgers_student_lift_v2_gpu0] [operator_burgers_student_lift_v2/elem_ft_huber_l002_w30_d80_140_lr3e4] [operator][epoch 020] updated live plot
[worker1/operator_burgers_student_lift_v2_gpu0] [operator_burgers_student_lift_v2/elem_ft_huber_l002_w30_d80_140_lr3e4] [operator][epoch 021] lambda=0.0000 train_mse=0.00969286 val_mse=0.01112743 val_mae=0.06836262 | peer_val_mse=0.00002689 peer_val_mae=0.00366316
[worker1/operator_burgers_student_lift_v2_gpu0] [operator_burgers_student_lift_v2/elem_ft_huber_l002_w30_d80_140_lr3e4] [operator][epoch 022] lambda=0.0000 train_mse=0.01093123 val_mse=0.01623544 val_mae=0.08805882 | peer_val_mse=0.00002689 peer_val_mae=0.00366316
[worker1/operator_burgers_student_lift_v2_gpu0] [operator_burgers_student_lift_v2/elem_ft_huber_l002_w30_d80_140_lr3e4] [operator][epoch 023] lambda=0.0000 train_mse=0.01120146 val_mse=0.00937660 val_mae=0.06288607 | peer_val_mse=0.00002689 peer_val_mae=0.00366316
[worker1/operator_burgers_student_lift_v2_gpu0] [operator_burgers_student_lift_v2/elem_ft_huber_l002_w30_d80_140_lr3e4] [operator][epoch 024] lambda=0.0000 train_mse=0.00943963 val_mse=0.00754114 val_mae=0.05623549 | peer_val_mse=0.00002689 peer_val_mae=0.00366316
[worker1/operator_burgers_student_lift_v2_gpu0] [operator_burgers_student_lift_v2/elem_ft_huber_l002_w30_d80_140_lr3e4] [operator][epoch 025] lambda=0.0000 train_mse=0.00832766 val_mse=0.00748681 val_mae=0.05416087 | peer_val_mse=0.00002689 peer_val_mae=0.00366316
[worker1/operator_burgers_student_lift_v2_gpu0] [operator_burgers_student_lift_v2/elem_ft_huber_l002_w30_d80_140_lr3e4] [operator][epoch 026] lambda=0.0000 train_mse=0.00837186 val_mse=0.00691355 val_mae=0.05078875 | peer_val_mse=0.00002689 peer_val_mae=0.00366316
[worker1/operator_burgers_student_lift_v2_gpu0] [operator_burgers_student_lift_v2/elem_ft_huber_l002_w30_d80_140_lr3e4] [operator][epoch 027] lambda=0.0000 train_mse=0.00820507 val_mse=0.00780974 val_mae=0.05624291 | peer_val_mse=0.00002689 peer_val_mae=0.00366316
[worker1/operator_burgers_student_lift_v2_gpu0] [operator_burgers_student_lift_v2/elem_ft_huber_l002_w30_d80_140_lr3e4] [operator][epoch 028] lambda=0.0000 train_mse=0.00898626 val_mse=0.00812046 val_mae=0.05694208 | peer_val_mse=0.00002689 peer_val_mae=0.00366316
[worker1/operator_burgers_student_lift_v2_gpu0] [operator_burgers_student_lift_v2/elem_ft_huber_l002_w30_d80_140_lr3e4] [operator][epoch 029] lambda=0.0000 train_mse=0.00899414 val_mse=0.00670447 val_mae=0.04969776 | peer_val_mse=0.00002689 peer_val_mae=0.00366316
[worker1/operator_burgers_student_lift_v2_gpu0] [operator_burgers_student_lift_v2/elem_ft_huber_l002_w30_d80_140_lr3e4] [operator][epoch 030] lambda=0.0000 train_mse=0.00768577 val_mse=0.00786969 val_mae=0.05633975 | peer_val_mse=0.00002689 peer_val_mae=0.00366316
[worker1/operator_burgers_student_lift_v2_gpu0] [operator_burgers_student_lift_v2/elem_ft_huber_l002_w30_d80_140_lr3e4] [operator][epoch 031] lambda=0.0200 train_mse=0.00814715 val_mse=0.00798762 val_mae=0.05681717 | peer_val_mse=0.00002689 peer_val_mae=0.00366316
[worker1/operator_burgers_student_lift_v2_gpu0] [operator_burgers_student_lift_v2/elem_ft_huber_l002_w30_d80_140_lr3e4] [operator][epoch 032] lambda=0.0200 train_mse=0.00920096 val_mse=0.00861286 val_mae=0.05915749 | peer_val_mse=0.00002689 peer_val_mae=0.00366316
[worker1/operator_burgers_student_lift_v2_gpu0] [operator_burgers_student_lift_v2/elem_ft_huber_l002_w30_d80_140_lr3e4] [operator][epoch 033] lambda=0.0200 train_mse=0.01432141 val_mse=0.01230687 val_mae=0.07557260 | peer_val_mse=0.00002689 peer_val_mae=0.00366316
[worker1/operator_burgers_student_lift_v2_gpu0] [operator_burgers_student_lift_v2/elem_ft_huber_l002_w30_d80_140_lr3e4] [operator][epoch 034] lambda=0.0200 train_mse=0.01219479 val_mse=0.01085415 val_mae=0.07216862 | peer_val_mse=0.00002689 peer_val_mae=0.00366316
[worker1/operator_burgers_student_lift_v2_gpu0] [operator_burgers_student_lift_v2/elem_ft_huber_l002_w30_d80_140_lr3e4] [operator][epoch 035] lambda=0.0200 train_mse=0.00882447 val_mse=0.00668627 val_mae=0.05102728 | peer_val_mse=0.00002689 peer_val_mae=0.00366316
[worker1/operator_burgers_student_lift_v2_gpu0] [operator_burgers_student_lift_v2/elem_ft_huber_l002_w30_d80_140_lr3e4] [operator][epoch 036] lambda=0.0200 train_mse=0.00776372 val_mse=0.00826176 val_mae=0.05679332 | peer_val_mse=0.00002689 peer_val_mae=0.00366316
[worker1/operator_burgers_student_lift_v2_gpu0] [operator_burgers_student_lift_v2/elem_ft_huber_l002_w30_d80_140_lr3e4] [operator][epoch 037] lambda=0.0200 train_mse=0.00841342 val_mse=0.00796275 val_mae=0.05559722 | peer_val_mse=0.00002689 peer_val_mae=0.00366316
[worker1/operator_burgers_student_lift_v2_gpu0] [operator_burgers_student_lift_v2/elem_ft_huber_l002_w30_d80_140_lr3e4] [operator][epoch 038] lambda=0.0200 train_mse=0.00787436 val_mse=0.00737212 val_mae=0.05387555 | peer_val_mse=0.00002689 peer_val_mae=0.00366316
[worker1/operator_burgers_student_lift_v2_gpu0] [operator_burgers_student_lift_v2/elem_ft_huber_l002_w30_d80_140_lr3e4] [operator][epoch 039] lambda=0.0200 train_mse=0.00794456 val_mse=0.00697283 val_mae=0.05315106 | peer_val_mse=0.00002689 peer_val_mae=0.00366316
[worker1/operator_burgers_student_lift_v2_gpu0] [operator_burgers_student_lift_v2/elem_ft_huber_l002_w30_d80_140_lr3e4] [operator][epoch 040] lambda=0.0200 train_mse=0.00801849 val_mse=0.00822403 val_mae=0.05964230 | peer_val_mse=0.00002689 peer_val_mae=0.00366316
[worker1/operator_burgers_student_lift_v2_gpu0] [operator_burgers_student_lift_v2/elem_ft_huber_l002_w30_d80_140_lr3e4] [operator][epoch 040] updated live plot
[worker1/operator_burgers_student_lift_v2_gpu0] [operator_burgers_student_lift_v2/elem_ft_huber_l002_w30_d80_140_lr3e4] [operator][epoch 041] lambda=0.0200 train_mse=0.00796782 val_mse=0.00758229 val_mae=0.05373875 | peer_val_mse=0.00002689 peer_val_mae=0.00366316
[worker1/operator_burgers_student_lift_v2_gpu0] [operator_burgers_student_lift_v2/elem_ft_huber_l002_w30_d80_140_lr3e4] [operator][epoch 042] lambda=0.0200 train_mse=0.00692118 val_mse=0.00657603 val_mae=0.04946739 | peer_val_mse=0.00002689 peer_val_mae=0.00366316
[worker1/operator_burgers_student_lift_v2_gpu0] [operator_burgers_student_lift_v2/elem_ft_huber_l002_w30_d80_140_lr3e4] [operator][epoch 043] lambda=0.0200 train_mse=0.00752735 val_mse=0.00694577 val_mae=0.05227524 | peer_val_mse=0.00002689 peer_val_mae=0.00366316
[worker1/operator_burgers_student_lift_v2_gpu0] [operator_burgers_student_lift_v2/elem_ft_huber_l002_w30_d80_140_lr3e4] [operator][epoch 044] lambda=0.0200 train_mse=0.00855680 val_mse=0.01014217 val_mae=0.06466261 | peer_val_mse=0.00002689 peer_val_mae=0.00366316
[worker1/operator_burgers_student_lift_v2_gpu0] [operator_burgers_student_lift_v2/elem_ft_huber_l002_w30_d80_140_lr3e4] [operator][epoch 045] lambda=0.0200 train_mse=0.00762413 val_mse=0.00635549 val_mae=0.04818496 | peer_val_mse=0.00002689 peer_val_mae=0.00366316
[worker1/operator_burgers_student_lift_v2_gpu0] [operator_burgers_student_lift_v2/elem_ft_huber_l002_w30_d80_140_lr3e4] [operator][epoch 046] lambda=0.0200 train_mse=0.00725384 val_mse=0.00737214 val_mae=0.05533737 | peer_val_mse=0.00002689 peer_val_mae=0.00366316
[worker1/operator_burgers_student_lift_v2_gpu0] [operator_burgers_student_lift_v2/elem_ft_huber_l002_w30_d80_140_lr3e4] [operator][epoch 047] lambda=0.0200 train_mse=0.00810873 val_mse=0.00626801 val_mae=0.04959280 | peer_val_mse=0.00002689 peer_val_mae=0.00366316
[worker1/operator_burgers_student_lift_v2_gpu0] [operator_burgers_student_lift_v2/elem_ft_huber_l002_w30_d80_140_lr3e4] [operator][epoch 048] lambda=0.0200 train_mse=0.00766515 val_mse=0.00724874 val_mae=0.05457248 | peer_val_mse=0.00002689 peer_val_mae=0.00366316
[worker1/operator_burgers_student_lift_v2_gpu0] [operator_burgers_student_lift_v2/elem_ft_huber_l002_w30_d80_140_lr3e4] [operator][epoch 049] lambda=0.0200 train_mse=0.00672837 val_mse=0.00637449 val_mae=0.04969425 | peer_val_mse=0.00002689 peer_val_mae=0.00366316
[worker1/operator_burgers_student_lift_v2_gpu0] [operator_burgers_student_lift_v2/elem_ft_huber_l002_w30_d80_140_lr3e4] [operator][epoch 050] lambda=0.0200 train_mse=0.00737708 val_mse=0.00800816 val_mae=0.05941555 | peer_val_mse=0.00002689 peer_val_mae=0.00366316
[worker1/operator_burgers_student_lift_v2_gpu0] [operator_burgers_student_lift_v2/elem_ft_huber_l002_w30_d80_140_lr3e4] [operator][epoch 051] lambda=0.0200 train_mse=0.00860030 val_mse=0.00750132 val_mae=0.05330980 | peer_val_mse=0.00002689 peer_val_mae=0.00366316
[worker1/operator_burgers_student_lift_v2_gpu0] [operator_burgers_student_lift_v2/elem_ft_huber_l002_w30_d80_140_lr3e4] [operator][epoch 052] lambda=0.0200 train_mse=0.00678147 val_mse=0.00580795 val_mae=0.04734208 | peer_val_mse=0.00002689 peer_val_mae=0.00366316
[worker1/operator_burgers_student_lift_v2_gpu0] [operator_burgers_student_lift_v2/elem_ft_huber_l002_w30_d80_140_lr3e4] [operator][epoch 053] lambda=0.0200 train_mse=0.00874847 val_mse=0.00748253 val_mae=0.05794756 | peer_val_mse=0.00002689 peer_val_mae=0.00366316
[worker1/operator_burgers_student_lift_v2_gpu0] [operator_burgers_student_lift_v2/elem_ft_huber_l002_w30_d80_140_lr3e4] [operator][epoch 054] lambda=0.0200 train_mse=0.00865711 val_mse=0.00953847 val_mae=0.06340107 | peer_val_mse=0.00002689 peer_val_mae=0.00366316
[worker1/operator_burgers_student_lift_v2_gpu0] [operator_burgers_student_lift_v2/elem_ft_huber_l002_w30_d80_140_lr3e4] [operator][epoch 055] lambda=0.0200 train_mse=0.00900227 val_mse=0.00934229 val_mae=0.06579625 | peer_val_mse=0.00002689 peer_val_mae=0.00366316
[worker1/operator_burgers_student_lift_v2_gpu0] [operator_burgers_student_lift_v2/elem_ft_huber_l002_w30_d80_140_lr3e4] [operator][epoch 056] lambda=0.0200 train_mse=0.00834972 val_mse=0.00771383 val_mae=0.05802364 | peer_val_mse=0.00002689 peer_val_mae=0.00366316
[worker1/operator_burgers_student_lift_v2_gpu0] [operator_burgers_student_lift_v2/elem_ft_huber_l002_w30_d80_140_lr3e4] [operator][epoch 057] lambda=0.0200 train_mse=0.00758367 val_mse=0.00688681 val_mae=0.05483175 | peer_val_mse=0.00002689 peer_val_mae=0.00366316
[worker1/operator_burgers_student_lift_v2_gpu0] [operator_burgers_student_lift_v2/elem_ft_huber_l002_w30_d80_140_lr3e4] [operator][epoch 058] lambda=0.0200 train_mse=0.01439985 val_mse=0.00959750 val_mae=0.06779313 | peer_val_mse=0.00002689 peer_val_mae=0.00366316
[worker1/operator_burgers_student_lift_v2_gpu0] [operator_burgers_student_lift_v2/elem_ft_huber_l002_w30_d80_140_lr3e4] [operator][epoch 059] lambda=0.0200 train_mse=0.00825032 val_mse=0.00769270 val_mae=0.05815676 | peer_val_mse=0.00002689 peer_val_mae=0.00366316
[worker1/operator_burgers_student_lift_v2_gpu0] [operator_burgers_student_lift_v2/elem_ft_huber_l002_w30_d80_140_lr3e4] [operator][epoch 060] lambda=0.0200 train_mse=0.00668131 val_mse=0.00528423 val_mae=0.04459797 | peer_val_mse=0.00002689 peer_val_mae=0.00366316
[worker1/operator_burgers_student_lift_v2_gpu0] [operator_burgers_student_lift_v2/elem_ft_huber_l002_w30_d80_140_lr3e4] [operator][epoch 060] updated live plot
[worker1/operator_burgers_student_lift_v2_gpu0] [operator_burgers_student_lift_v2/elem_ft_huber_l002_w30_d80_140_lr3e4] [operator][epoch 061] lambda=0.0200 train_mse=0.00615625 val_mse=0.00595773 val_mae=0.05000416 | peer_val_mse=0.00002689 peer_val_mae=0.00366316
[worker1/operator_burgers_student_lift_v2_gpu0] [operator_burgers_student_lift_v2/elem_ft_huber_l002_w30_d80_140_lr3e4] [operator][epoch 062] lambda=0.0200 train_mse=0.00598983 val_mse=0.00642165 val_mae=0.05003010 | peer_val_mse=0.00002689 peer_val_mae=0.00366316
[worker1/operator_burgers_student_lift_v2_gpu0] [operator_burgers_student_lift_v2/elem_ft_huber_l002_w30_d80_140_lr3e4] [operator][epoch 063] lambda=0.0200 train_mse=0.00621332 val_mse=0.00639060 val_mae=0.05062706 | peer_val_mse=0.00002689 peer_val_mae=0.00366316
[worker1/operator_burgers_student_lift_v2_gpu0] [operator_burgers_student_lift_v2/elem_ft_huber_l002_w30_d80_140_lr3e4] [operator][epoch 064] lambda=0.0200 train_mse=0.00557210 val_mse=0.00550669 val_mae=0.04567859 | peer_val_mse=0.00002689 peer_val_mae=0.00366316
[worker1/operator_burgers_student_lift_v2_gpu0] [operator_burgers_student_lift_v2/elem_ft_huber_l002_w30_d80_140_lr3e4] [operator][epoch 065] lambda=0.0200 train_mse=0.00598512 val_mse=0.00628986 val_mae=0.05205627 | peer_val_mse=0.00002689 peer_val_mae=0.00366316
[worker1/operator_burgers_student_lift_v2_gpu0] [operator_burgers_student_lift_v2/elem_ft_huber_l002_w30_d80_140_lr3e4] [operator][epoch 066] lambda=0.0200 train_mse=0.00602603 val_mse=0.00594011 val_mae=0.04930344 | peer_val_mse=0.00002689 peer_val_mae=0.00366316
[worker1/operator_burgers_student_lift_v2_gpu0] [operator_burgers_student_lift_v2/elem_ft_huber_l002_w30_d80_140_lr3e4] [operator][epoch 067] lambda=0.0200 train_mse=0.00592419 val_mse=0.00533472 val_mae=0.04598881 | peer_val_mse=0.00002689 peer_val_mae=0.00366316
[worker1/operator_burgers_student_lift_v2_gpu0] [operator_burgers_student_lift_v2/elem_ft_huber_l002_w30_d80_140_lr3e4] [operator][epoch 068] lambda=0.0200 train_mse=0.00651254 val_mse=0.00659876 val_mae=0.05283343 | peer_val_mse=0.00002689 peer_val_mae=0.00366316
[worker1/operator_burgers_student_lift_v2_gpu0] [operator_burgers_student_lift_v2/elem_ft_huber_l002_w30_d80_140_lr3e4] [operator][epoch 069] lambda=0.0200 train_mse=0.00560280 val_mse=0.00461401 val_mae=0.04054926 | peer_val_mse=0.00002689 peer_val_mae=0.00366316
[worker1/operator_burgers_student_lift_v2_gpu0] [operator_burgers_student_lift_v2/elem_ft_huber_l002_w30_d80_140_lr3e4] [operator][epoch 070] lambda=0.0200 train_mse=0.00560573 val_mse=0.00547002 val_mae=0.04661369 | peer_val_mse=0.00002689 peer_val_mae=0.00366316
[worker1/operator_burgers_student_lift_v2_gpu0] [operator_burgers_student_lift_v2/elem_ft_huber_l002_w30_d80_140_lr3e4] [operator][epoch 071] lambda=0.0200 train_mse=0.00602365 val_mse=0.00576308 val_mae=0.04841128 | peer_val_mse=0.00002689 peer_val_mae=0.00366316
[worker1/operator_burgers_student_lift_v2_gpu0] [operator_burgers_student_lift_v2/elem_ft_huber_l002_w30_d80_140_lr3e4] [operator][epoch 072] lambda=0.0200 train_mse=0.00557624 val_mse=0.00501179 val_mae=0.04434195 | peer_val_mse=0.00002689 peer_val_mae=0.00366316
[worker1/operator_burgers_student_lift_v2_gpu0] [operator_burgers_student_lift_v2/elem_ft_huber_l002_w30_d80_140_lr3e4] [operator][epoch 073] lambda=0.0200 train_mse=0.00555349 val_mse=0.00514804 val_mae=0.04473534 | peer_val_mse=0.00002689 peer_val_mae=0.00366316
[worker1/operator_burgers_student_lift_v2_gpu0] [operator_burgers_student_lift_v2/elem_ft_huber_l002_w30_d80_140_lr3e4] [operator][epoch 074] lambda=0.0200 train_mse=0.00591418 val_mse=0.00778827 val_mae=0.05927829 | peer_val_mse=0.00002689 peer_val_mae=0.00366316
[worker1/operator_burgers_student_lift_v2_gpu0] [operator_burgers_student_lift_v2/elem_ft_huber_l002_w30_d80_140_lr3e4] [operator][epoch 075] lambda=0.0200 train_mse=0.01137939 val_mse=0.01372409 val_mae=0.08408332 | peer_val_mse=0.00002689 peer_val_mae=0.00366316
[worker1/operator_burgers_student_lift_v2_gpu0] [operator_burgers_student_lift_v2/elem_ft_huber_l002_w30_d80_140_lr3e4] [operator][epoch 076] lambda=0.0200 train_mse=0.00843164 val_mse=0.00536615 val_mae=0.04597416 | peer_val_mse=0.00002689 peer_val_mae=0.00366316
[worker1/operator_burgers_student_lift_v2_gpu0] [operator_burgers_student_lift_v2/elem_ft_huber_l002_w30_d80_140_lr3e4] [operator][epoch 077] lambda=0.0200 train_mse=0.00583006 val_mse=0.00543889 val_mae=0.04637533 | peer_val_mse=0.00002689 peer_val_mae=0.00366316
[worker1/operator_burgers_student_lift_v2_gpu0] [operator_burgers_student_lift_v2/elem_ft_huber_l002_w30_d80_140_lr3e4] [operator][epoch 078] lambda=0.0200 train_mse=0.00596778 val_mse=0.00603477 val_mae=0.05029721 | peer_val_mse=0.00002689 peer_val_mae=0.00366316
[worker1/operator_burgers_student_lift_v2_gpu0] [operator_burgers_student_lift_v2/elem_ft_huber_l002_w30_d80_140_lr3e4] [operator][epoch 079] lambda=0.0200 train_mse=0.00583965 val_mse=0.00534066 val_mae=0.04553658 | peer_val_mse=0.00002689 peer_val_mae=0.00366316
[worker1/operator_burgers_student_lift_v2_gpu0] [operator_burgers_student_lift_v2/elem_ft_huber_l002_w30_d80_140_lr3e4] [operator][epoch 080] lambda=0.0200 train_mse=0.00551839 val_mse=0.00498753 val_mae=0.04354020 | peer_val_mse=0.00002689 peer_val_mae=0.00366316
[worker1/operator_burgers_student_lift_v2_gpu0] [operator_burgers_student_lift_v2/elem_ft_huber_l002_w30_d80_140_lr3e4] [operator][epoch 080] updated live plot
[worker1/operator_burgers_student_lift_v2_gpu0] [operator_burgers_student_lift_v2/elem_ft_huber_l002_w30_d80_140_lr3e4] [operator][epoch 081] lambda=0.0197 train_mse=0.00493576 val_mse=0.00431176 val_mae=0.03924835 | peer_val_mse=0.00002689 peer_val_mae=0.00366316
[worker1/operator_burgers_student_lift_v2_gpu0] [operator_burgers_student_lift_v2/elem_ft_huber_l002_w30_d80_140_lr3e4] [operator][epoch 082] lambda=0.0194 train_mse=0.00487530 val_mse=0.00562000 val_mae=0.04718556 | peer_val_mse=0.00002689 peer_val_mae=0.00366316
[worker1/operator_burgers_student_lift_v2_gpu0] [operator_burgers_student_lift_v2/elem_ft_huber_l002_w30_d80_140_lr3e4] [operator][epoch 083] lambda=0.0191 train_mse=0.00752802 val_mse=0.00576459 val_mae=0.04849650 | peer_val_mse=0.00002689 peer_val_mae=0.00366316
[worker1/operator_burgers_student_lift_v2_gpu0] [operator_burgers_student_lift_v2/elem_ft_huber_l002_w30_d80_140_lr3e4] [operator][epoch 084] lambda=0.0188 train_mse=0.00596943 val_mse=0.00683658 val_mae=0.05282113 | peer_val_mse=0.00002689 peer_val_mae=0.00366316
[worker1/operator_burgers_student_lift_v2_gpu0] [operator_burgers_student_lift_v2/elem_ft_huber_l002_w30_d80_140_lr3e4] [operator][epoch 085] lambda=0.0185 train_mse=0.00660138 val_mse=0.00540909 val_mae=0.04824359 | peer_val_mse=0.00002689 peer_val_mae=0.00366316
[worker1/operator_burgers_student_lift_v2_gpu0] [operator_burgers_student_lift_v2/elem_ft_huber_l002_w30_d80_140_lr3e4] [operator][epoch 086] lambda=0.0182 train_mse=0.00497959 val_mse=0.00491815 val_mae=0.04311533 | peer_val_mse=0.00002689 peer_val_mae=0.00366316
[worker1/operator_burgers_student_lift_v2_gpu0] [operator_burgers_student_lift_v2/elem_ft_huber_l002_w30_d80_140_lr3e4] [operator][epoch 087] lambda=0.0179 train_mse=0.00548912 val_mse=0.00630348 val_mae=0.05141274 | peer_val_mse=0.00002689 peer_val_mae=0.00366316
[worker1/operator_burgers_student_lift_v2_gpu0] [operator_burgers_student_lift_v2/elem_ft_huber_l002_w30_d80_140_lr3e4] [operator][epoch 088] lambda=0.0176 train_mse=0.00744800 val_mse=0.00613315 val_mae=0.05235999 | peer_val_mse=0.00002689 peer_val_mae=0.00366316
[worker1/operator_burgers_student_lift_v2_gpu0] [operator_burgers_student_lift_v2/elem_ft_huber_l002_w30_d80_140_lr3e4] [operator][epoch 089] lambda=0.0173 train_mse=0.01004776 val_mse=0.00787481 val_mae=0.06032005 | peer_val_mse=0.00002689 peer_val_mae=0.00366316
[worker1/operator_burgers_student_lift_v2_gpu0] [operator_burgers_student_lift_v2/elem_ft_huber_l002_w30_d80_140_lr3e4] [operator][epoch 090] lambda=0.0170 train_mse=0.00729347 val_mse=0.00605044 val_mae=0.05194674 | peer_val_mse=0.00002689 peer_val_mae=0.00366316
[worker1/operator_burgers_student_lift_v2_gpu0] [operator_burgers_student_lift_v2/elem_ft_huber_l002_w30_d80_140_lr3e4] [operator][epoch 091] lambda=0.0167 train_mse=0.00535760 val_mse=0.00490976 val_mae=0.04245949 | peer_val_mse=0.00002689 peer_val_mae=0.00366316
[worker1/operator_burgers_student_lift_v2_gpu0] [operator_burgers_student_lift_v2/elem_ft_huber_l002_w30_d80_140_lr3e4] [operator][epoch 092] lambda=0.0164 train_mse=0.00441096 val_mse=0.00431937 val_mae=0.03944780 | peer_val_mse=0.00002689 peer_val_mae=0.00366316
[worker1/operator_burgers_student_lift_v2_gpu0] [operator_burgers_student_lift_v2/elem_ft_huber_l002_w30_d80_140_lr3e4] [operator][epoch 093] lambda=0.0161 train_mse=0.00466583 val_mse=0.00449191 val_mae=0.04001029 | peer_val_mse=0.00002689 peer_val_mae=0.00366316
[worker1/operator_burgers_student_lift_v2_gpu0] [operator_burgers_student_lift_v2/elem_ft_huber_l002_w30_d80_140_lr3e4] [operator][epoch 094] lambda=0.0158 train_mse=0.00506985 val_mse=0.00653339 val_mae=0.05140408 | peer_val_mse=0.00002689 peer_val_mae=0.00366316
[worker1/operator_burgers_student_lift_v2_gpu0] [operator_burgers_student_lift_v2/elem_ft_huber_l002_w30_d80_140_lr3e4] [operator][epoch 095] lambda=0.0155 train_mse=0.00617528 val_mse=0.00855838 val_mae=0.06200891 | peer_val_mse=0.00002689 peer_val_mae=0.00366316
[worker1/operator_burgers_student_lift_v2_gpu0] [operator_burgers_student_lift_v2/elem_ft_huber_l002_w30_d80_140_lr3e4] [operator][epoch 096] lambda=0.0152 train_mse=0.00725552 val_mse=0.00582961 val_mae=0.04822366 | peer_val_mse=0.00002689 peer_val_mae=0.00366316
[worker1/operator_burgers_student_lift_v2_gpu0] [operator_burgers_student_lift_v2/elem_ft_huber_l002_w30_d80_140_lr3e4] [operator][epoch 097] lambda=0.0149 train_mse=0.00556903 val_mse=0.00464547 val_mae=0.04184221 | peer_val_mse=0.00002689 peer_val_mae=0.00366316
[worker1/operator_burgers_student_lift_v2_gpu0] [operator_burgers_student_lift_v2/elem_ft_huber_l002_w30_d80_140_lr3e4] [operator][epoch 098] lambda=0.0146 train_mse=0.00469556 val_mse=0.00436950 val_mae=0.03963589 | peer_val_mse=0.00002689 peer_val_mae=0.00366316
[worker1/operator_burgers_student_lift_v2_gpu0] [operator_burgers_student_lift_v2/elem_ft_huber_l002_w30_d80_140_lr3e4] [operator][epoch 099] lambda=0.0143 train_mse=0.00502005 val_mse=0.00598087 val_mae=0.04951237 | peer_val_mse=0.00002689 peer_val_mae=0.00366316
[worker1/operator_burgers_student_lift_v2_gpu0] [operator_burgers_student_lift_v2/elem_ft_huber_l002_w30_d80_140_lr3e4] [operator][epoch 100] lambda=0.0140 train_mse=0.00841718 val_mse=0.00903889 val_mae=0.06574845 | peer_val_mse=0.00002689 peer_val_mae=0.00366316
[worker1/operator_burgers_student_lift_v2_gpu0] [operator_burgers_student_lift_v2/elem_ft_huber_l002_w30_d80_140_lr3e4] [operator][epoch 100] updated live plot
[worker1/operator_burgers_student_lift_v2_gpu0] [operator_burgers_student_lift_v2/elem_ft_huber_l002_w30_d80_140_lr3e4] [operator][epoch 101] lambda=0.0137 train_mse=0.00734202 val_mse=0.00606157 val_mae=0.05013191 | peer_val_mse=0.00002689 peer_val_mae=0.00366316
[worker1/operator_burgers_student_lift_v2_gpu0] [operator_burgers_student_lift_v2/elem_ft_huber_l002_w30_d80_140_lr3e4] [operator][epoch 102] lambda=0.0134 train_mse=0.00616813 val_mse=0.00594587 val_mae=0.05019096 | peer_val_mse=0.00002689 peer_val_mae=0.00366316
[worker1/operator_burgers_student_lift_v2_gpu0] [operator_burgers_student_lift_v2/elem_ft_huber_l002_w30_d80_140_lr3e4] [operator][epoch 103] lambda=0.0131 train_mse=0.00774319 val_mse=0.00551676 val_mae=0.04917576 | peer_val_mse=0.00002689 peer_val_mae=0.00366316
[worker1/operator_darcy_student_lift_v2_gpu1] [operator_darcy_student_lift_v2/elem_ft_l002_w20_d50_95_lr2e4] [operator][epoch 049] lambda=0.0200 train_mse=0.00780403 val_mse=0.01480104 val_mae=0.08967539 | peer_val_mse=0.00368136 peer_val_mae=0.03564195
[worker1/operator_darcy_student_lift_v2_gpu1] [operator_darcy_student_lift_v2/elem_ft_l002_w20_d50_95_lr2e4] [operator][epoch 050] lambda=0.0200 train_mse=0.00750024 val_mse=0.01544328 val_mae=0.09190938 | peer_val_mse=0.00368136 peer_val_mae=0.03564195
[worker1/operator_darcy_student_lift_v2_gpu1] [operator_darcy_student_lift_v2/elem_ft_l002_w20_d50_95_lr2e4] [operator][epoch 051] lambda=0.0196 train_mse=0.00732289 val_mse=0.01490604 val_mae=0.09030984 | peer_val_mse=0.00368136 peer_val_mae=0.03564195
[worker1/operator_darcy_student_lift_v2_gpu1] [operator_darcy_student_lift_v2/elem_ft_l002_w20_d50_95_lr2e4] [operator][epoch 052] lambda=0.0192 train_mse=0.00734061 val_mse=0.01478722 val_mae=0.08972704 | peer_val_mse=0.00368136 peer_val_mae=0.03564195
[worker1/operator_darcy_student_lift_v2_gpu1] [operator_darcy_student_lift_v2/elem_ft_l002_w20_d50_95_lr2e4] [operator][epoch 053] lambda=0.0188 train_mse=0.00745141 val_mse=0.01501718 val_mae=0.09044470 | peer_val_mse=0.00368136 peer_val_mae=0.03564195
[worker1/operator_darcy_student_lift_v2_gpu1] [operator_darcy_student_lift_v2/elem_ft_l002_w20_d50_95_lr2e4] [operator][epoch 054] lambda=0.0184 train_mse=0.00805387 val_mse=0.01555535 val_mae=0.09260597 | peer_val_mse=0.00368136 peer_val_mae=0.03564195
[worker1/operator_darcy_student_lift_v2_gpu1] [operator_darcy_student_lift_v2/elem_ft_l002_w20_d50_95_lr2e4] [operator][epoch 055] lambda=0.0180 train_mse=0.00855156 val_mse=0.01554775 val_mae=0.09180729 | peer_val_mse=0.00368136 peer_val_mae=0.03564195
[worker1/operator_darcy_student_lift_v2_gpu1] [operator_darcy_student_lift_v2/elem_ft_l002_w20_d50_95_lr2e4] [operator][epoch 056] lambda=0.0176 train_mse=0.00762886 val_mse=0.01468145 val_mae=0.08923705 | peer_val_mse=0.00368136 peer_val_mae=0.03564195
[worker1/operator_darcy_student_lift_v2_gpu1] [operator_darcy_student_lift_v2/elem_ft_l002_w20_d50_95_lr2e4] [operator][epoch 057] lambda=0.0172 train_mse=0.00740236 val_mse=0.01517472 val_mae=0.09067873 | peer_val_mse=0.00368136 peer_val_mae=0.03564195
[worker1/operator_darcy_student_lift_v2_gpu1] [operator_darcy_student_lift_v2/elem_ft_l002_w20_d50_95_lr2e4] [operator][epoch 058] lambda=0.0168 train_mse=0.00761063 val_mse=0.01531422 val_mae=0.09173285 | peer_val_mse=0.00368136 peer_val_mae=0.03564195
[worker1/operator_darcy_student_lift_v2_gpu1] [operator_darcy_student_lift_v2/elem_ft_l002_w20_d50_95_lr2e4] [operator][epoch 059] lambda=0.0164 train_mse=0.00921673 val_mse=0.01514604 val_mae=0.09082753 | peer_val_mse=0.00368136 peer_val_mae=0.03564195
[worker1/operator_darcy_student_lift_v2_gpu1] [operator_darcy_student_lift_v2/elem_ft_l002_w20_d50_95_lr2e4] [operator][epoch 060] lambda=0.0160 train_mse=0.00866957 val_mse=0.01514175 val_mae=0.09177840 | peer_val_mse=0.00368136 peer_val_mae=0.03564195
[worker1/operator_darcy_student_lift_v2_gpu1] [operator_darcy_student_lift_v2/elem_ft_l002_w20_d50_95_lr2e4] [operator][epoch 060] updated live plot
[worker1/operator_darcy_student_lift_v2_gpu1] [operator_darcy_student_lift_v2/elem_ft_l002_w20_d50_95_lr2e4] [operator][epoch 061] lambda=0.0156 train_mse=0.00739547 val_mse=0.01462521 val_mae=0.08943460 | peer_val_mse=0.00368136 peer_val_mae=0.03564195
[worker1/operator_darcy_student_lift_v2_gpu1] [operator_darcy_student_lift_v2/elem_ft_l002_w20_d50_95_lr2e4] [operator][epoch 062] lambda=0.0152 train_mse=0.00701307 val_mse=0.01476810 val_mae=0.08979281 | peer_val_mse=0.00368136 peer_val_mae=0.03564195
[worker1/operator_darcy_student_lift_v2_gpu1] [operator_darcy_student_lift_v2/elem_ft_l002_w20_d50_95_lr2e4] [operator][epoch 063] lambda=0.0148 train_mse=0.00702137 val_mse=0.01467949 val_mae=0.08907177 | peer_val_mse=0.00368136 peer_val_mae=0.03564195
[worker1/operator_darcy_student_lift_v2_gpu1] [operator_darcy_student_lift_v2/elem_ft_l002_w20_d50_95_lr2e4] [operator][epoch 064] lambda=0.0144 train_mse=0.00691213 val_mse=0.01447030 val_mae=0.08860194 | peer_val_mse=0.00368136 peer_val_mae=0.03564195
[worker1/operator_darcy_student_lift_v2_gpu1] [operator_darcy_student_lift_v2/elem_ft_l002_w20_d50_95_lr2e4] [operator][epoch 065] lambda=0.0140 train_mse=0.00694563 val_mse=0.01477858 val_mae=0.08951068 | peer_val_mse=0.00368136 peer_val_mae=0.03564195
[worker1/operator_darcy_student_lift_v2_gpu1] [operator_darcy_student_lift_v2/elem_ft_l002_w20_d50_95_lr2e4] [operator][epoch 066] lambda=0.0136 train_mse=0.00774838 val_mse=0.01448947 val_mae=0.08901144 | peer_val_mse=0.00368136 peer_val_mae=0.03564195
[worker1/operator_darcy_student_lift_v2_gpu1] [operator_darcy_student_lift_v2/elem_ft_l002_w20_d50_95_lr2e4] [operator][epoch 067] lambda=0.0132 train_mse=0.00725809 val_mse=0.01453280 val_mae=0.08882629 | peer_val_mse=0.00368136 peer_val_mae=0.03564195
[worker1/operator_burgers_student_lift_v2_gpu0] [operator_burgers_student_lift_v2/elem_ft_huber_l002_w30_d80_140_lr3e4] [operator][epoch 104] lambda=0.0128 train_mse=0.00458666 val_mse=0.00401363 val_mae=0.03748761 | peer_val_mse=0.00002689 peer_val_mae=0.00366316
[worker1/operator_burgers_student_lift_v2_gpu0] [operator_burgers_student_lift_v2/elem_ft_huber_l002_w30_d80_140_lr3e4] [operator][epoch 105] lambda=0.0125 train_mse=0.00515191 val_mse=0.00659697 val_mae=0.05448439 | peer_val_mse=0.00002689 peer_val_mae=0.00366316
[worker1/operator_burgers_student_lift_v2_gpu0] [operator_burgers_student_lift_v2/elem_ft_huber_l002_w30_d80_140_lr3e4] [operator][epoch 106] lambda=0.0122 train_mse=0.00606773 val_mse=0.00471618 val_mae=0.04298125 | peer_val_mse=0.00002689 peer_val_mae=0.00366316
[worker1/operator_burgers_student_lift_v2_gpu0] [operator_burgers_student_lift_v2/elem_ft_huber_l002_w30_d80_140_lr3e4] [operator][epoch 107] lambda=0.0119 train_mse=0.00462528 val_mse=0.00419801 val_mae=0.03798837 | peer_val_mse=0.00002689 peer_val_mae=0.00366316
[worker1/operator_burgers_student_lift_v2_gpu0] [operator_burgers_student_lift_v2/elem_ft_huber_l002_w30_d80_140_lr3e4] [operator][epoch 108] lambda=0.0116 train_mse=0.00520260 val_mse=0.00675890 val_mae=0.05445131 | peer_val_mse=0.00002689 peer_val_mae=0.00366316
[worker1/operator_burgers_student_lift_v2_gpu0] [operator_burgers_student_lift_v2/elem_ft_huber_l002_w30_d80_140_lr3e4] [operator][epoch 109] lambda=0.0113 train_mse=0.00710906 val_mse=0.00604154 val_mae=0.04993585 | peer_val_mse=0.00002689 peer_val_mae=0.00366316
[worker1/operator_burgers_student_lift_v2_gpu0] [operator_burgers_student_lift_v2/elem_ft_huber_l002_w30_d80_140_lr3e4] [operator][epoch 110] lambda=0.0110 train_mse=0.00571771 val_mse=0.00495344 val_mae=0.04275130 | peer_val_mse=0.00002689 peer_val_mae=0.00366316
[worker1/operator_burgers_student_lift_v2_gpu0] [operator_burgers_student_lift_v2/elem_ft_huber_l002_w30_d80_140_lr3e4] [operator][epoch 111] lambda=0.0107 train_mse=0.00518939 val_mse=0.00460493 val_mae=0.04279538 | peer_val_mse=0.00002689 peer_val_mae=0.00366316
[worker1/operator_burgers_student_lift_v2_gpu0] [operator_burgers_student_lift_v2/elem_ft_huber_l002_w30_d80_140_lr3e4] [operator][epoch 112] lambda=0.0104 train_mse=0.00466588 val_mse=0.00437524 val_mae=0.03973257 | peer_val_mse=0.00002689 peer_val_mae=0.00366316
[worker1/operator_burgers_student_lift_v2_gpu0] [operator_burgers_student_lift_v2/elem_ft_huber_l002_w30_d80_140_lr3e4] [operator][epoch 113] lambda=0.0101 train_mse=0.00451666 val_mse=0.00424849 val_mae=0.03821492 | peer_val_mse=0.00002689 peer_val_mae=0.00366316
[worker1/operator_burgers_student_lift_v2_gpu0] [operator_burgers_student_lift_v2/elem_ft_huber_l002_w30_d80_140_lr3e4] [operator][epoch 114] lambda=0.0098 train_mse=0.00415197 val_mse=0.00405454 val_mae=0.03680368 | peer_val_mse=0.00002689 peer_val_mae=0.00366316
[worker1/operator_burgers_student_lift_v2_gpu0] [operator_burgers_student_lift_v2/elem_ft_huber_l002_w30_d80_140_lr3e4] [operator][epoch 115] lambda=0.0095 train_mse=0.00434430 val_mse=0.00420139 val_mae=0.03944536 | peer_val_mse=0.00002689 peer_val_mae=0.00366316
[worker1/operator_burgers_student_lift_v2_gpu0] [operator_burgers_student_lift_v2/elem_ft_huber_l002_w30_d80_140_lr3e4] [operator][epoch 116] lambda=0.0092 train_mse=0.00431391 val_mse=0.00409028 val_mae=0.03820979 | peer_val_mse=0.00002689 peer_val_mae=0.00366316
[worker1/operator_burgers_student_lift_v2_gpu0] [operator_burgers_student_lift_v2/elem_ft_huber_l002_w30_d80_140_lr3e4] [operator][epoch 117] lambda=0.0089 train_mse=0.00486851 val_mse=0.00467288 val_mae=0.04234218 | peer_val_mse=0.00002689 peer_val_mae=0.00366316
[worker1/operator_burgers_student_lift_v2_gpu0] [operator_burgers_student_lift_v2/elem_ft_huber_l002_w30_d80_140_lr3e4] [operator][epoch 118] lambda=0.0086 train_mse=0.00521908 val_mse=0.00534259 val_mae=0.04434076 | peer_val_mse=0.00002689 peer_val_mae=0.00366316
[worker1/operator_burgers_student_lift_v2_gpu0] [operator_burgers_student_lift_v2/elem_ft_huber_l002_w30_d80_140_lr3e4] [operator][epoch 119] lambda=0.0083 train_mse=0.00603321 val_mse=0.00507385 val_mae=0.04387170 | peer_val_mse=0.00002689 peer_val_mae=0.00366316
[worker1/operator_burgers_student_lift_v2_gpu0] [operator_burgers_student_lift_v2/elem_ft_huber_l002_w30_d80_140_lr3e4] [operator][epoch 120] lambda=0.0080 train_mse=0.00499964 val_mse=0.00447484 val_mae=0.04101752 | peer_val_mse=0.00002689 peer_val_mae=0.00366316
[worker1/operator_burgers_student_lift_v2_gpu0] [operator_burgers_student_lift_v2/elem_ft_huber_l002_w30_d80_140_lr3e4] [operator][epoch 120] updated live plot
[worker1/operator_burgers_student_lift_v2_gpu0] [operator_burgers_student_lift_v2/elem_ft_huber_l002_w30_d80_140_lr3e4] [operator][epoch 121] lambda=0.0077 train_mse=0.00557375 val_mse=0.00544516 val_mae=0.04714359 | peer_val_mse=0.00002689 peer_val_mae=0.00366316
[worker1/operator_burgers_student_lift_v2_gpu0] [operator_burgers_student_lift_v2/elem_ft_huber_l002_w30_d80_140_lr3e4] [operator][epoch 122] lambda=0.0074 train_mse=0.00548123 val_mse=0.00524343 val_mae=0.04481431 | peer_val_mse=0.00002689 peer_val_mae=0.00366316
[worker1/operator_burgers_student_lift_v2_gpu0] [operator_burgers_student_lift_v2/elem_ft_huber_l002_w30_d80_140_lr3e4] [operator][epoch 123] lambda=0.0071 train_mse=0.00534812 val_mse=0.00506923 val_mae=0.04513715 | peer_val_mse=0.00002689 peer_val_mae=0.00366316
[worker1/operator_burgers_student_lift_v2_gpu0] [operator_burgers_student_lift_v2/elem_ft_huber_l002_w30_d80_140_lr3e4] [operator][epoch 124] lambda=0.0068 train_mse=0.00506391 val_mse=0.00558330 val_mae=0.04745250 | peer_val_mse=0.00002689 peer_val_mae=0.00366316
[worker1/operator_burgers_student_lift_v2_gpu0] [operator_burgers_student_lift_v2/elem_ft_huber_l002_w30_d80_140_lr3e4] [operator][epoch 125] lambda=0.0065 train_mse=0.00939938 val_mse=0.00663641 val_mae=0.05318087 | peer_val_mse=0.00002689 peer_val_mae=0.00366316
[worker1/operator_burgers_student_lift_v2_gpu0] [operator_burgers_student_lift_v2/elem_ft_huber_l002_w30_d80_140_lr3e4] [operator][epoch 126] lambda=0.0062 train_mse=0.00551239 val_mse=0.00582163 val_mae=0.04931482 | peer_val_mse=0.00002689 peer_val_mae=0.00366316
[worker1/operator_burgers_student_lift_v2_gpu0] [operator_burgers_student_lift_v2/elem_ft_huber_l002_w30_d80_140_lr3e4] [operator][epoch 127] lambda=0.0059 train_mse=0.00615462 val_mse=0.00503557 val_mae=0.04506505 | peer_val_mse=0.00002689 peer_val_mae=0.00366316
[worker1/operator_burgers_student_lift_v2_gpu0] [operator_burgers_student_lift_v2/elem_ft_huber_l002_w30_d80_140_lr3e4] [operator][epoch 128] lambda=0.0056 train_mse=0.00567550 val_mse=0.00628156 val_mae=0.05029830 | peer_val_mse=0.00002689 peer_val_mae=0.00366316
[worker1/operator_burgers_student_lift_v2_gpu0] [operator_burgers_student_lift_v2/elem_ft_huber_l002_w30_d80_140_lr3e4] [operator][epoch 129] lambda=0.0053 train_mse=0.00700765 val_mse=0.00615275 val_mae=0.05314616 | peer_val_mse=0.00002689 peer_val_mae=0.00366316
[worker1/operator_burgers_student_lift_v2_gpu0] [operator_burgers_student_lift_v2/elem_ft_huber_l002_w30_d80_140_lr3e4] [operator][epoch 130] lambda=0.0050 train_mse=0.00708044 val_mse=0.00600570 val_mae=0.05116918 | peer_val_mse=0.00002689 peer_val_mae=0.00366316
[worker1/operator_burgers_student_lift_v2_gpu0] [operator_burgers_student_lift_v2/elem_ft_huber_l002_w30_d80_140_lr3e4] [operator][epoch 131] lambda=0.0047 train_mse=0.00495288 val_mse=0.00433376 val_mae=0.03960749 | peer_val_mse=0.00002689 peer_val_mae=0.00366316
[worker1/operator_burgers_student_lift_v2_gpu0] [operator_burgers_student_lift_v2/elem_ft_huber_l002_w30_d80_140_lr3e4] [operator][epoch 132] lambda=0.0044 train_mse=0.00462255 val_mse=0.00502771 val_mae=0.04493880 | peer_val_mse=0.00002689 peer_val_mae=0.00366316
[worker1/operator_burgers_student_lift_v2_gpu0] [operator_burgers_student_lift_v2/elem_ft_huber_l002_w30_d80_140_lr3e4] [operator][epoch 133] lambda=0.0041 train_mse=0.00579336 val_mse=0.00459459 val_mae=0.04214376 | peer_val_mse=0.00002689 peer_val_mae=0.00366316
[worker1/operator_burgers_student_lift_v2_gpu0] [operator_burgers_student_lift_v2/elem_ft_huber_l002_w30_d80_140_lr3e4] [operator][epoch 134] lambda=0.0038 train_mse=0.00470372 val_mse=0.00394182 val_mae=0.03624413 | peer_val_mse=0.00002689 peer_val_mae=0.00366316
[worker1/operator_burgers_student_lift_v2_gpu0] [operator_burgers_student_lift_v2/elem_ft_huber_l002_w30_d80_140_lr3e4] [operator][epoch 135] lambda=0.0035 train_mse=0.00404722 val_mse=0.00434691 val_mae=0.03992114 | peer_val_mse=0.00002689 peer_val_mae=0.00366316
[worker1/operator_burgers_student_lift_v2_gpu0] [operator_burgers_student_lift_v2/elem_ft_huber_l002_w30_d80_140_lr3e4] [operator][epoch 136] lambda=0.0032 train_mse=0.00420541 val_mse=0.00441101 val_mae=0.03963188 | peer_val_mse=0.00002689 peer_val_mae=0.00366316
[worker1/operator_burgers_student_lift_v2_gpu0] [operator_burgers_student_lift_v2/elem_ft_huber_l002_w30_d80_140_lr3e4] [operator][epoch 137] lambda=0.0029 train_mse=0.00438097 val_mse=0.00486772 val_mae=0.04185979 | peer_val_mse=0.00002689 peer_val_mae=0.00366316
[worker1/operator_burgers_student_lift_v2_gpu0] [operator_burgers_student_lift_v2/elem_ft_huber_l002_w30_d80_140_lr3e4] [operator][epoch 138] lambda=0.0026 train_mse=0.00442816 val_mse=0.00398993 val_mae=0.03696557 | peer_val_mse=0.00002689 peer_val_mae=0.00366316
[worker1/operator_burgers_student_lift_v2_gpu0] [operator_burgers_student_lift_v2/elem_ft_huber_l002_w30_d80_140_lr3e4] [operator][epoch 139] lambda=0.0023 train_mse=0.00455889 val_mse=0.00423475 val_mae=0.03861793 | peer_val_mse=0.00002689 peer_val_mae=0.00366316
[worker1/operator_burgers_student_lift_v2_gpu0] [operator_burgers_student_lift_v2/elem_ft_huber_l002_w30_d80_140_lr3e4] [operator][epoch 140] lambda=0.0020 train_mse=0.00477553 val_mse=0.00470516 val_mae=0.04422475 | peer_val_mse=0.00002689 peer_val_mae=0.00366316
[worker1/operator_burgers_student_lift_v2_gpu0] [operator_burgers_student_lift_v2/elem_ft_huber_l002_w30_d80_140_lr3e4] [operator][epoch 140] updated live plot
[worker1/operator_burgers_student_lift_v2_gpu0] [operator_burgers_student_lift_v2/elem_ft_huber_l002_w30_d80_140_lr3e4] [operator] done
[worker1/operator_burgers_student_lift_v2_gpu0] [operator_burgers_student_lift_v2] done
[worker1/operator_darcy_student_lift_v2_gpu1] [operator_darcy_student_lift_v2/elem_ft_l002_w20_d50_95_lr2e4] [operator][epoch 068] lambda=0.0128 train_mse=0.00773120 val_mse=0.01574085 val_mae=0.09379673 | peer_val_mse=0.00368136 peer_val_mae=0.03564195
[worker1/operator_darcy_student_lift_v2_gpu1] [operator_darcy_student_lift_v2/elem_ft_l002_w20_d50_95_lr2e4] [operator][epoch 069] lambda=0.0124 train_mse=0.00765848 val_mse=0.01524213 val_mae=0.09094052 | peer_val_mse=0.00368136 peer_val_mae=0.03564195
[worker1/operator_darcy_student_lift_v2_gpu1] [operator_darcy_student_lift_v2/elem_ft_l002_w20_d50_95_lr2e4] [operator][epoch 070] lambda=0.0120 train_mse=0.00816079 val_mse=0.01594934 val_mae=0.09389092 | peer_val_mse=0.00368136 peer_val_mae=0.03564195
[worker1/operator_darcy_student_lift_v2_gpu1] [operator_darcy_student_lift_v2/elem_ft_l002_w20_d50_95_lr2e4] [operator][epoch 071] lambda=0.0116 train_mse=0.00767339 val_mse=0.01557934 val_mae=0.09178975 | peer_val_mse=0.00368136 peer_val_mae=0.03564195
[worker1/operator_darcy_student_lift_v2_gpu1] [operator_darcy_student_lift_v2/elem_ft_l002_w20_d50_95_lr2e4] [operator][epoch 072] lambda=0.0112 train_mse=0.00703443 val_mse=0.01420425 val_mae=0.08735182 | peer_val_mse=0.00368136 peer_val_mae=0.03564195
[worker1/operator_darcy_student_lift_v2_gpu1] [operator_darcy_student_lift_v2/elem_ft_l002_w20_d50_95_lr2e4] [operator][epoch 073] lambda=0.0108 train_mse=0.00705232 val_mse=0.01436784 val_mae=0.08829241 | peer_val_mse=0.00368136 peer_val_mae=0.03564195
[worker1/operator_darcy_student_lift_v2_gpu1] [operator_darcy_student_lift_v2/elem_ft_l002_w20_d50_95_lr2e4] [operator][epoch 074] lambda=0.0104 train_mse=0.00663202 val_mse=0.01453286 val_mae=0.08840544 | peer_val_mse=0.00368136 peer_val_mae=0.03564195
[worker1/operator_darcy_student_lift_v2_gpu1] [operator_darcy_student_lift_v2/elem_ft_l002_w20_d50_95_lr2e4] [operator][epoch 075] lambda=0.0100 train_mse=0.00714414 val_mse=0.01407211 val_mae=0.08749128 | peer_val_mse=0.00368136 peer_val_mae=0.03564195
[worker1/operator_darcy_student_lift_v2_gpu1] [operator_darcy_student_lift_v2/elem_ft_l002_w20_d50_95_lr2e4] [operator][epoch 076] lambda=0.0096 train_mse=0.00642457 val_mse=0.01367553 val_mae=0.08607836 | peer_val_mse=0.00368136 peer_val_mae=0.03564195
[worker1/operator_darcy_student_lift_v2_gpu1] [operator_darcy_student_lift_v2/elem_ft_l002_w20_d50_95_lr2e4] [operator][epoch 077] lambda=0.0092 train_mse=0.00604652 val_mse=0.01375884 val_mae=0.08576422 | peer_val_mse=0.00368136 peer_val_mae=0.03564195
[worker1/operator_darcy_student_lift_v2_gpu1] [operator_darcy_student_lift_v2/elem_ft_l002_w20_d50_95_lr2e4] [operator][epoch 078] lambda=0.0088 train_mse=0.00602895 val_mse=0.01396895 val_mae=0.08644603 | peer_val_mse=0.00368136 peer_val_mae=0.03564195
[worker1/operator_darcy_student_lift_v2_gpu1] [operator_darcy_student_lift_v2/elem_ft_l002_w20_d50_95_lr2e4] [operator][epoch 079] lambda=0.0084 train_mse=0.00606958 val_mse=0.01403850 val_mae=0.08699547 | peer_val_mse=0.00368136 peer_val_mae=0.03564195
[worker1/operator_darcy_student_lift_v2_gpu1] [operator_darcy_student_lift_v2/elem_ft_l002_w20_d50_95_lr2e4] [operator][epoch 080] lambda=0.0080 train_mse=0.00642070 val_mse=0.01421831 val_mae=0.08737475 | peer_val_mse=0.00368136 peer_val_mae=0.03564195
[worker1/operator_darcy_student_lift_v2_gpu1] [operator_darcy_student_lift_v2/elem_ft_l002_w20_d50_95_lr2e4] [operator][epoch 080] updated live plot
[worker1/operator_darcy_student_lift_v2_gpu1] [operator_darcy_student_lift_v2/elem_ft_l002_w20_d50_95_lr2e4] [operator][epoch 081] lambda=0.0076 train_mse=0.00666367 val_mse=0.01402072 val_mae=0.08655181 | peer_val_mse=0.00368136 peer_val_mae=0.03564195
[worker1/operator_darcy_student_lift_v2_gpu1] [operator_darcy_student_lift_v2/elem_ft_l002_w20_d50_95_lr2e4] [operator][epoch 082] lambda=0.0072 train_mse=0.00637484 val_mse=0.01363330 val_mae=0.08601583 | peer_val_mse=0.00368136 peer_val_mae=0.03564195
[worker1/operator_darcy_student_lift_v2_gpu1] [operator_darcy_student_lift_v2/elem_ft_l002_w20_d50_95_lr2e4] [operator][epoch 083] lambda=0.0068 train_mse=0.00613180 val_mse=0.01457285 val_mae=0.08911744 | peer_val_mse=0.00368136 peer_val_mae=0.03564195
[worker1/operator_darcy_student_lift_v2_gpu1] [operator_darcy_student_lift_v2/elem_ft_l002_w20_d50_95_lr2e4] [operator][epoch 084] lambda=0.0064 train_mse=0.00649146 val_mse=0.01413206 val_mae=0.08765767 | peer_val_mse=0.00368136 peer_val_mae=0.03564195
[worker1/operator_darcy_student_lift_v2_gpu1] [operator_darcy_student_lift_v2/elem_ft_l002_w20_d50_95_lr2e4] [operator][epoch 085] lambda=0.0060 train_mse=0.00652074 val_mse=0.01399964 val_mae=0.08691926 | peer_val_mse=0.00368136 peer_val_mae=0.03564195
[worker1/operator_darcy_student_lift_v2_gpu1] [operator_darcy_student_lift_v2/elem_ft_l002_w20_d50_95_lr2e4] [operator][epoch 086] lambda=0.0056 train_mse=0.00670556 val_mse=0.01449875 val_mae=0.08888424 | peer_val_mse=0.00368136 peer_val_mae=0.03564195
[worker1/operator_darcy_student_lift_v2_gpu1] [operator_darcy_student_lift_v2/elem_ft_l002_w20_d50_95_lr2e4] [operator][epoch 087] lambda=0.0052 train_mse=0.00650886 val_mse=0.01393898 val_mae=0.08723084 | peer_val_mse=0.00368136 peer_val_mae=0.03564195
[worker1/operator_darcy_student_lift_v2_gpu1] [operator_darcy_student_lift_v2/elem_ft_l002_w20_d50_95_lr2e4] [operator][epoch 088] lambda=0.0048 train_mse=0.00604422 val_mse=0.01374386 val_mae=0.08596332 | peer_val_mse=0.00368136 peer_val_mae=0.03564195
[worker1/operator_darcy_student_lift_v2_gpu1] [operator_darcy_student_lift_v2/elem_ft_l002_w20_d50_95_lr2e4] [operator][epoch 089] lambda=0.0044 train_mse=0.00597463 val_mse=0.01357760 val_mae=0.08517846 | peer_val_mse=0.00368136 peer_val_mae=0.03564195
[worker1/operator_darcy_student_lift_v2_gpu1] [operator_darcy_student_lift_v2/elem_ft_l002_w20_d50_95_lr2e4] [operator][epoch 090] lambda=0.0040 train_mse=0.00594174 val_mse=0.01384120 val_mae=0.08598306 | peer_val_mse=0.00368136 peer_val_mae=0.03564195
[worker1/operator_darcy_student_lift_v2_gpu1] [operator_darcy_student_lift_v2/elem_ft_l002_w20_d50_95_lr2e4] [operator][epoch 091] lambda=0.0036 train_mse=0.00625773 val_mse=0.01504759 val_mae=0.09038550 | peer_val_mse=0.00368136 peer_val_mae=0.03564195
[worker1/operator_darcy_student_lift_v2_gpu1] [operator_darcy_student_lift_v2/elem_ft_l002_w20_d50_95_lr2e4] [operator][epoch 092] lambda=0.0032 train_mse=0.00647143 val_mse=0.01569069 val_mae=0.09324017 | peer_val_mse=0.00368136 peer_val_mae=0.03564195
[worker1/operator_darcy_student_lift_v2_gpu1] [operator_darcy_student_lift_v2/elem_ft_l002_w20_d50_95_lr2e4] [operator][epoch 093] lambda=0.0028 train_mse=0.00645806 val_mse=0.01442995 val_mae=0.08781527 | peer_val_mse=0.00368136 peer_val_mae=0.03564195
[worker1/operator_darcy_student_lift_v2_gpu1] [operator_darcy_student_lift_v2/elem_ft_l002_w20_d50_95_lr2e4] [operator][epoch 094] lambda=0.0024 train_mse=0.00627597 val_mse=0.01523204 val_mae=0.09100259 | peer_val_mse=0.00368136 peer_val_mae=0.03564195
[worker1/operator_darcy_student_lift_v2_gpu1] [operator_darcy_student_lift_v2/elem_ft_l002_w20_d50_95_lr2e4] [operator][epoch 095] lambda=0.0020 train_mse=0.00585327 val_mse=0.01407295 val_mae=0.08632021 | peer_val_mse=0.00368136 peer_val_mae=0.03564195
[worker1/operator_darcy_student_lift_v2_gpu1] [operator_darcy_student_lift_v2/elem_ft_l002_w20_d50_95_lr2e4] [operator][epoch 096] lambda=0.0020 train_mse=0.00567832 val_mse=0.01359576 val_mae=0.08537637 | peer_val_mse=0.00368136 peer_val_mae=0.03564195
[worker1/operator_darcy_student_lift_v2_gpu1] [operator_darcy_student_lift_v2/elem_ft_l002_w20_d50_95_lr2e4] [operator][epoch 097] lambda=0.0020 train_mse=0.00600526 val_mse=0.01414742 val_mae=0.08724412 | peer_val_mse=0.00368136 peer_val_mae=0.03564195
[worker1/operator_darcy_student_lift_v2_gpu1] [operator_darcy_student_lift_v2/elem_ft_l002_w20_d50_95_lr2e4] [operator][epoch 098] lambda=0.0020 train_mse=0.00733862 val_mse=0.01573260 val_mae=0.09224662 | peer_val_mse=0.00368136 peer_val_mae=0.03564195
[worker1/operator_darcy_student_lift_v2_gpu1] [operator_darcy_student_lift_v2/elem_ft_l002_w20_d50_95_lr2e4] [operator][epoch 099] lambda=0.0020 train_mse=0.00728357 val_mse=0.01403096 val_mae=0.08753331 | peer_val_mse=0.00368136 peer_val_mae=0.03564195
[worker1/operator_darcy_student_lift_v2_gpu1] [operator_darcy_student_lift_v2/elem_ft_l002_w20_d50_95_lr2e4] [operator][epoch 100] lambda=0.0020 train_mse=0.00639192 val_mse=0.01449445 val_mae=0.08792641 | peer_val_mse=0.00368136 peer_val_mae=0.03564195
[worker1/operator_darcy_student_lift_v2_gpu1] [operator_darcy_student_lift_v2/elem_ft_l002_w20_d50_95_lr2e4] [operator][epoch 100] updated live plot
[worker1/operator_darcy_student_lift_v2_gpu1] [operator_darcy_student_lift_v2/elem_ft_l002_w20_d50_95_lr2e4] [operator][epoch 101] lambda=0.0020 train_mse=0.00612977 val_mse=0.01353688 val_mae=0.08555967 | peer_val_mse=0.00368136 peer_val_mae=0.03564195
[worker1/operator_darcy_student_lift_v2_gpu1] [operator_darcy_student_lift_v2/elem_ft_l002_w20_d50_95_lr2e4] [operator][epoch 102] lambda=0.0020 train_mse=0.00576734 val_mse=0.01365683 val_mae=0.08537354 | peer_val_mse=0.00368136 peer_val_mae=0.03564195
[worker1/operator_darcy_student_lift_v2_gpu1] [operator_darcy_student_lift_v2/elem_ft_l002_w20_d50_95_lr2e4] [operator][epoch 103] lambda=0.0020 train_mse=0.00546180 val_mse=0.01332820 val_mae=0.08426815 | peer_val_mse=0.00368136 peer_val_mae=0.03564195
[worker1/operator_darcy_student_lift_v2_gpu1] [operator_darcy_student_lift_v2/elem_ft_l002_w20_d50_95_lr2e4] [operator][epoch 104] lambda=0.0020 train_mse=0.00557694 val_mse=0.01365000 val_mae=0.08517971 | peer_val_mse=0.00368136 peer_val_mae=0.03564195
[worker1/operator_darcy_student_lift_v2_gpu1] [operator_darcy_student_lift_v2/elem_ft_l002_w20_d50_95_lr2e4] [operator][epoch 105] lambda=0.0020 train_mse=0.00540686 val_mse=0.01329890 val_mae=0.08414805 | peer_val_mse=0.00368136 peer_val_mae=0.03564195
[worker1/operator_darcy_student_lift_v2_gpu1] [operator_darcy_student_lift_v2/elem_ft_l002_w20_d50_95_lr2e4] [operator][epoch 106] lambda=0.0020 train_mse=0.00539125 val_mse=0.01347082 val_mae=0.08457791 | peer_val_mse=0.00368136 peer_val_mae=0.03564195
[worker1/operator_darcy_student_lift_v2_gpu1] [operator_darcy_student_lift_v2/elem_ft_l002_w20_d50_95_lr2e4] [operator][epoch 107] lambda=0.0020 train_mse=0.00545908 val_mse=0.01333338 val_mae=0.08420718 | peer_val_mse=0.00368136 peer_val_mae=0.03564195
[worker1/operator_darcy_student_lift_v2_gpu1] [operator_darcy_student_lift_v2/elem_ft_l002_w20_d50_95_lr2e4] [operator][epoch 108] lambda=0.0020 train_mse=0.00548463 val_mse=0.01332098 val_mae=0.08435492 | peer_val_mse=0.00368136 peer_val_mae=0.03564195
[worker1/operator_darcy_student_lift_v2_gpu1] [operator_darcy_student_lift_v2/elem_ft_l002_w20_d50_95_lr2e4] [operator][epoch 109] lambda=0.0020 train_mse=0.00594866 val_mse=0.01340658 val_mae=0.08479717 | peer_val_mse=0.00368136 peer_val_mae=0.03564195
[worker1/operator_darcy_student_lift_v2_gpu1] [operator_darcy_student_lift_v2/elem_ft_l002_w20_d50_95_lr2e4] [operator][epoch 110] lambda=0.0020 train_mse=0.00591677 val_mse=0.01435904 val_mae=0.08765277 | peer_val_mse=0.00368136 peer_val_mae=0.03564195
[worker1/operator_darcy_student_lift_v2_gpu1] [operator_darcy_student_lift_v2/elem_ft_l002_w20_d50_95_lr2e4] [operator][epoch 110] updated live plot
[worker1/operator_darcy_student_lift_v2_gpu1] [operator_darcy_student_lift_v2/elem_ft_l002_w20_d50_95_lr2e4] [operator] done
[worker1/operator_darcy_student_lift_v2_gpu1] [operator_darcy_student_lift_v2/elem_ft_l002_w20_d50_95_lr2e4] [operator] dataset=darcy pair=deeponet:fno method=ssml seed=1
[worker1/operator_darcy_student_lift_v2_gpu1] [operator_darcy_student_lift_v2/elem_ft_l002_w20_d50_95_lr2e4] [operator] loaded init_checkpoint=results/operator_ssml_tuned_v1/operator/darcy/deeponet_independent_mse_seed1/model.pt
[worker1/operator_darcy_student_lift_v2_gpu1] [operator_darcy_student_lift_v2/elem_ft_l002_w20_d50_95_lr2e4] [operator] loaded peer_init_checkpoint=results/operator_ssml_tuned_v1/operator/darcy/fno_independent_mse_seed1/model.pt
[worker1/operator_darcy_student_lift_v2_gpu1] [operator_darcy_student_lift_v2/elem_ft_l002_w20_d50_95_lr2e4] [operator] run_dir=results/operator_darcy_student_lift_v2/elem_ft_l002_w20_d50_95_lr2e4/operator/darcy/deeponet__fno_ssml_mse_seed1
[worker1/operator_darcy_student_lift_v2_gpu1] [operator_darcy_student_lift_v2/elem_ft_l002_w20_d50_95_lr2e4] [operator] params=592000
[worker1/operator_darcy_student_lift_v2_gpu1] [operator_darcy_student_lift_v2/elem_ft_l002_w20_d50_95_lr2e4] [operator] granularity=element student_only=True freeze_peer=True peer_updates_disabled=True
[worker1/operator_darcy_student_lift_v2_gpu1] [operator_darcy_student_lift_v2/elem_ft_l002_w20_d50_95_lr2e4] [operator][epoch 001] lambda=0.0000 train_mse=0.02073363 val_mse=0.01797849 val_mae=0.10192212 | peer_val_mse=0.00281644 peer_val_mae=0.03476973
[worker1/operator_darcy_student_lift_v2_gpu1] [operator_darcy_student_lift_v2/elem_ft_l002_w20_d50_95_lr2e4] [operator][epoch 002] lambda=0.0000 train_mse=0.01165745 val_mse=0.01786135 val_mae=0.10096128 | peer_val_mse=0.00281644 peer_val_mae=0.03476973
[worker1/operator_darcy_student_lift_v2_gpu1] [operator_darcy_student_lift_v2/elem_ft_l002_w20_d50_95_lr2e4] [operator][epoch 003] lambda=0.0000 train_mse=0.01136704 val_mse=0.01756263 val_mae=0.10009832 | peer_val_mse=0.00281644 peer_val_mae=0.03476973
[worker1/operator_darcy_student_lift_v2_gpu1] [operator_darcy_student_lift_v2/elem_ft_l002_w20_d50_95_lr2e4] [operator][epoch 004] lambda=0.0000 train_mse=0.01140691 val_mse=0.01810122 val_mae=0.10215299 | peer_val_mse=0.00281644 peer_val_mae=0.03476973
[worker1/operator_darcy_student_lift_v2_gpu1] [operator_darcy_student_lift_v2/elem_ft_l002_w20_d50_95_lr2e4] [operator][epoch 005] lambda=0.0000 train_mse=0.01205374 val_mse=0.02159135 val_mae=0.11339633 | peer_val_mse=0.00281644 peer_val_mae=0.03476973
[worker1/operator_darcy_student_lift_v2_gpu1] [operator_darcy_student_lift_v2/elem_ft_l002_w20_d50_95_lr2e4] [operator][epoch 006] lambda=0.0000 train_mse=0.01441030 val_mse=0.01951294 val_mae=0.10676395 | peer_val_mse=0.00281644 peer_val_mae=0.03476973
[worker1/operator_darcy_student_lift_v2_gpu1] [operator_darcy_student_lift_v2/elem_ft_l002_w20_d50_95_lr2e4] [operator][epoch 007] lambda=0.0000 train_mse=0.01172212 val_mse=0.01804453 val_mae=0.10121188 | peer_val_mse=0.00281644 peer_val_mae=0.03476973
[worker1/operator_darcy_student_lift_v2_gpu1] [operator_darcy_student_lift_v2/elem_ft_l002_w20_d50_95_lr2e4] [operator][epoch 008] lambda=0.0000 train_mse=0.01161227 val_mse=0.01792077 val_mae=0.10174780 | peer_val_mse=0.00281644 peer_val_mae=0.03476973
[worker1/operator_darcy_student_lift_v2_gpu1] [operator_darcy_student_lift_v2/elem_ft_l002_w20_d50_95_lr2e4] [operator][epoch 009] lambda=0.0000 train_mse=0.01093403 val_mse=0.01744794 val_mae=0.09965698 | peer_val_mse=0.00281644 peer_val_mae=0.03476973
[worker1/operator_darcy_student_lift_v2_gpu1] [operator_darcy_student_lift_v2/elem_ft_l002_w20_d50_95_lr2e4] [operator][epoch 010] lambda=0.0000 train_mse=0.01057295 val_mse=0.01744776 val_mae=0.10004503 | peer_val_mse=0.00281644 peer_val_mae=0.03476973
[worker1/operator_darcy_student_lift_v2_gpu1] [operator_darcy_student_lift_v2/elem_ft_l002_w20_d50_95_lr2e4] [operator][epoch 011] lambda=0.0000 train_mse=0.01068353 val_mse=0.01834638 val_mae=0.10182404 | peer_val_mse=0.00281644 peer_val_mae=0.03476973
[worker1/operator_darcy_student_lift_v2_gpu1] [operator_darcy_student_lift_v2/elem_ft_l002_w20_d50_95_lr2e4] [operator][epoch 012] lambda=0.0000 train_mse=0.01099964 val_mse=0.01728252 val_mae=0.09899706 | peer_val_mse=0.00281644 peer_val_mae=0.03476973
[worker1/operator_darcy_student_lift_v2_gpu1] [operator_darcy_student_lift_v2/elem_ft_l002_w20_d50_95_lr2e4] [operator][epoch 013] lambda=0.0000 train_mse=0.01058359 val_mse=0.01732403 val_mae=0.09914393 | peer_val_mse=0.00281644 peer_val_mae=0.03476973
[worker1/operator_darcy_student_lift_v2_gpu1] [operator_darcy_student_lift_v2/elem_ft_l002_w20_d50_95_lr2e4] [operator][epoch 014] lambda=0.0000 train_mse=0.01038300 val_mse=0.01802543 val_mae=0.10134093 | peer_val_mse=0.00281644 peer_val_mae=0.03476973
[worker1/operator_darcy_student_lift_v2_gpu1] [operator_darcy_student_lift_v2/elem_ft_l002_w20_d50_95_lr2e4] [operator][epoch 015] lambda=0.0000 train_mse=0.01061793 val_mse=0.01655931 val_mae=0.09691607 | peer_val_mse=0.00281644 peer_val_mae=0.03476973
[worker1/operator_darcy_student_lift_v2_gpu1] [operator_darcy_student_lift_v2/elem_ft_l002_w20_d50_95_lr2e4] [operator][epoch 016] lambda=0.0000 train_mse=0.01181037 val_mse=0.01815879 val_mae=0.10232797 | peer_val_mse=0.00281644 peer_val_mae=0.03476973
[worker1/operator_darcy_student_lift_v2_gpu1] [operator_darcy_student_lift_v2/elem_ft_l002_w20_d50_95_lr2e4] [operator][epoch 017] lambda=0.0000 train_mse=0.01140088 val_mse=0.01790864 val_mae=0.10091037 | peer_val_mse=0.00281644 peer_val_mae=0.03476973
[worker1/operator_darcy_student_lift_v2_gpu1] [operator_darcy_student_lift_v2/elem_ft_l002_w20_d50_95_lr2e4] [operator][epoch 018] lambda=0.0000 train_mse=0.01053737 val_mse=0.01670218 val_mae=0.09754298 | peer_val_mse=0.00281644 peer_val_mae=0.03476973
[worker1/operator_darcy_student_lift_v2_gpu1] [operator_darcy_student_lift_v2/elem_ft_l002_w20_d50_95_lr2e4] [operator][epoch 019] lambda=0.0000 train_mse=0.01093988 val_mse=0.01751590 val_mae=0.09978877 | peer_val_mse=0.00281644 peer_val_mae=0.03476973
[worker1/operator_darcy_student_lift_v2_gpu1] [operator_darcy_student_lift_v2/elem_ft_l002_w20_d50_95_lr2e4] [operator][epoch 020] lambda=0.0000 train_mse=0.00980630 val_mse=0.01645263 val_mae=0.09643410 | peer_val_mse=0.00281644 peer_val_mae=0.03476973
[worker1/operator_darcy_student_lift_v2_gpu1] [operator_darcy_student_lift_v2/elem_ft_l002_w20_d50_95_lr2e4] [operator][epoch 020] updated live plot
[worker1/operator_darcy_student_lift_v2_gpu1] [operator_darcy_student_lift_v2/elem_ft_l002_w20_d50_95_lr2e4] [operator][epoch 021] lambda=0.0200 train_mse=0.01006823 val_mse=0.01655869 val_mae=0.09657127 | peer_val_mse=0.00281644 peer_val_mae=0.03476973
[worker1/operator_darcy_student_lift_v2_gpu1] [operator_darcy_student_lift_v2/elem_ft_l002_w20_d50_95_lr2e4] [operator][epoch 022] lambda=0.0200 train_mse=0.01033313 val_mse=0.01716466 val_mae=0.09969504 | peer_val_mse=0.00281644 peer_val_mae=0.03476973
[worker1/operator_darcy_student_lift_v2_gpu1] [operator_darcy_student_lift_v2/elem_ft_l002_w20_d50_95_lr2e4] [operator][epoch 023] lambda=0.0200 train_mse=0.01022628 val_mse=0.01767348 val_mae=0.10027756 | peer_val_mse=0.00281644 peer_val_mae=0.03476973
[worker1/operator_darcy_student_lift_v2_gpu1] [operator_darcy_student_lift_v2/elem_ft_l002_w20_d50_95_lr2e4] [operator][epoch 024] lambda=0.0200 train_mse=0.01144233 val_mse=0.01851306 val_mae=0.10305841 | peer_val_mse=0.00281644 peer_val_mae=0.03476973
[worker1/operator_darcy_student_lift_v2_gpu1] [operator_darcy_student_lift_v2/elem_ft_l002_w20_d50_95_lr2e4] [operator][epoch 025] lambda=0.0200 train_mse=0.01066843 val_mse=0.01796695 val_mae=0.10182038 | peer_val_mse=0.00281644 peer_val_mae=0.03476973
[worker1/operator_darcy_student_lift_v2_gpu1] [operator_darcy_student_lift_v2/elem_ft_l002_w20_d50_95_lr2e4] [operator][epoch 026] lambda=0.0200 train_mse=0.01031281 val_mse=0.01725860 val_mae=0.09918966 | peer_val_mse=0.00281644 peer_val_mae=0.03476973
[worker1/operator_darcy_student_lift_v2_gpu1] [operator_darcy_student_lift_v2/elem_ft_l002_w20_d50_95_lr2e4] [operator][epoch 027] lambda=0.0200 train_mse=0.00959882 val_mse=0.01692410 val_mae=0.09780099 | peer_val_mse=0.00281644 peer_val_mae=0.03476973
[worker1/operator_darcy_student_lift_v2_gpu1] [operator_darcy_student_lift_v2/elem_ft_l002_w20_d50_95_lr2e4] [operator][epoch 028] lambda=0.0200 train_mse=0.00963133 val_mse=0.01685742 val_mae=0.09759118 | peer_val_mse=0.00281644 peer_val_mae=0.03476973
[worker1/operator_darcy_student_lift_v2_gpu1] [operator_darcy_student_lift_v2/elem_ft_l002_w20_d50_95_lr2e4] [operator][epoch 029] lambda=0.0200 train_mse=0.00958004 val_mse=0.01664467 val_mae=0.09714091 | peer_val_mse=0.00281644 peer_val_mae=0.03476973
[worker1/operator_darcy_student_lift_v2_gpu1] [operator_darcy_student_lift_v2/elem_ft_l002_w20_d50_95_lr2e4] [operator][epoch 030] lambda=0.0200 train_mse=0.00930579 val_mse=0.01648157 val_mae=0.09663030 | peer_val_mse=0.00281644 peer_val_mae=0.03476973
[worker1/operator_darcy_student_lift_v2_gpu1] [operator_darcy_student_lift_v2/elem_ft_l002_w20_d50_95_lr2e4] [operator][epoch 031] lambda=0.0200 train_mse=0.00942629 val_mse=0.01624830 val_mae=0.09593380 | peer_val_mse=0.00281644 peer_val_mae=0.03476973
[worker1/operator_darcy_student_lift_v2_gpu1] [operator_darcy_student_lift_v2/elem_ft_l002_w20_d50_95_lr2e4] [operator][epoch 032] lambda=0.0200 train_mse=0.01098718 val_mse=0.01844132 val_mae=0.10253963 | peer_val_mse=0.00281644 peer_val_mae=0.03476973
[worker1/operator_darcy_student_lift_v2_gpu1] [operator_darcy_student_lift_v2/elem_ft_l002_w20_d50_95_lr2e4] [operator][epoch 033] lambda=0.0200 train_mse=0.01073946 val_mse=0.01711627 val_mae=0.09740875 | peer_val_mse=0.00281644 peer_val_mae=0.03476973
[worker1/operator_darcy_student_lift_v2_gpu1] [operator_darcy_student_lift_v2/elem_ft_l002_w20_d50_95_lr2e4] [operator][epoch 034] lambda=0.0200 train_mse=0.01055831 val_mse=0.01622046 val_mae=0.09592492 | peer_val_mse=0.00281644 peer_val_mae=0.03476973
[worker1/operator_darcy_student_lift_v2_gpu1] [operator_darcy_student_lift_v2/elem_ft_l002_w20_d50_95_lr2e4] [operator][epoch 035] lambda=0.0200 train_mse=0.01112989 val_mse=0.01650543 val_mae=0.09680820 | peer_val_mse=0.00281644 peer_val_mae=0.03476973
[worker1/operator_darcy_student_lift_v2_gpu1] [operator_darcy_student_lift_v2/elem_ft_l002_w20_d50_95_lr2e4] [operator][epoch 036] lambda=0.0200 train_mse=0.00912768 val_mse=0.01783173 val_mae=0.10070134 | peer_val_mse=0.00281644 peer_val_mae=0.03476973
[worker1/operator_darcy_student_lift_v2_gpu1] [operator_darcy_student_lift_v2/elem_ft_l002_w20_d50_95_lr2e4] [operator][epoch 037] lambda=0.0200 train_mse=0.00894225 val_mse=0.01618367 val_mae=0.09506056 | peer_val_mse=0.00281644 peer_val_mae=0.03476973
[worker1/operator_darcy_student_lift_v2_gpu1] [operator_darcy_student_lift_v2/elem_ft_l002_w20_d50_95_lr2e4] [operator][epoch 038] lambda=0.0200 train_mse=0.00868844 val_mse=0.01555312 val_mae=0.09319866 | peer_val_mse=0.00281644 peer_val_mae=0.03476973
[worker1/operator_darcy_student_lift_v2_gpu1] [operator_darcy_student_lift_v2/elem_ft_l002_w20_d50_95_lr2e4] [operator][epoch 039] lambda=0.0200 train_mse=0.00880508 val_mse=0.01587215 val_mae=0.09455847 | peer_val_mse=0.00281644 peer_val_mae=0.03476973
[worker1/operator_darcy_student_lift_v2_gpu1] [operator_darcy_student_lift_v2/elem_ft_l002_w20_d50_95_lr2e4] [operator][epoch 040] lambda=0.0200 train_mse=0.00881524 val_mse=0.01600706 val_mae=0.09525022 | peer_val_mse=0.00281644 peer_val_mae=0.03476973
[worker1/operator_darcy_student_lift_v2_gpu1] [operator_darcy_student_lift_v2/elem_ft_l002_w20_d50_95_lr2e4] [operator][epoch 040] updated live plot
[worker1/operator_darcy_student_lift_v2_gpu1] [operator_darcy_student_lift_v2/elem_ft_l002_w20_d50_95_lr2e4] [operator][epoch 041] lambda=0.0200 train_mse=0.00879093 val_mse=0.01614867 val_mae=0.09563253 | peer_val_mse=0.00281644 peer_val_mae=0.03476973
[worker1/operator_darcy_student_lift_v2_gpu1] [operator_darcy_student_lift_v2/elem_ft_l002_w20_d50_95_lr2e4] [operator][epoch 042] lambda=0.0200 train_mse=0.00864442 val_mse=0.01513775 val_mae=0.09238766 | peer_val_mse=0.00281644 peer_val_mae=0.03476973
[worker1/operator_darcy_student_lift_v2_gpu1] [operator_darcy_student_lift_v2/elem_ft_l002_w20_d50_95_lr2e4] [operator][epoch 043] lambda=0.0200 train_mse=0.00840504 val_mse=0.01593450 val_mae=0.09435817 | peer_val_mse=0.00281644 peer_val_mae=0.03476973
[worker1/operator_darcy_student_lift_v2_gpu1] [operator_darcy_student_lift_v2/elem_ft_l002_w20_d50_95_lr2e4] [operator][epoch 044] lambda=0.0200 train_mse=0.00904478 val_mse=0.01559679 val_mae=0.09301534 | peer_val_mse=0.00281644 peer_val_mae=0.03476973
[worker1/operator_darcy_student_lift_v2_gpu1] [operator_darcy_student_lift_v2/elem_ft_l002_w20_d50_95_lr2e4] [operator][epoch 045] lambda=0.0200 train_mse=0.00848777 val_mse=0.01648886 val_mae=0.09631565 | peer_val_mse=0.00281644 peer_val_mae=0.03476973
[worker1/operator_darcy_student_lift_v2_gpu1] [operator_darcy_student_lift_v2/elem_ft_l002_w20_d50_95_lr2e4] [operator][epoch 046] lambda=0.0200 train_mse=0.01052938 val_mse=0.01931704 val_mae=0.10424985 | peer_val_mse=0.00281644 peer_val_mae=0.03476973
[worker1/operator_darcy_student_lift_v2_gpu1] [operator_darcy_student_lift_v2/elem_ft_l002_w20_d50_95_lr2e4] [operator][epoch 047] lambda=0.0200 train_mse=0.01323725 val_mse=0.01807657 val_mae=0.10203309 | peer_val_mse=0.00281644 peer_val_mae=0.03476973
[worker1/operator_darcy_student_lift_v2_gpu1] [operator_darcy_student_lift_v2/elem_ft_l002_w20_d50_95_lr2e4] [operator][epoch 048] lambda=0.0200 train_mse=0.00950491 val_mse=0.01622195 val_mae=0.09520409 | peer_val_mse=0.00281644 peer_val_mae=0.03476973
[worker1/operator_darcy_student_lift_v2_gpu1] [operator_darcy_student_lift_v2/elem_ft_l002_w20_d50_95_lr2e4] [operator][epoch 049] lambda=0.0200 train_mse=0.00874036 val_mse=0.01610779 val_mae=0.09555499 | peer_val_mse=0.00281644 peer_val_mae=0.03476973
[worker1/operator_darcy_student_lift_v2_gpu1] [operator_darcy_student_lift_v2/elem_ft_l002_w20_d50_95_lr2e4] [operator][epoch 050] lambda=0.0200 train_mse=0.00829096 val_mse=0.01587160 val_mae=0.09440675 | peer_val_mse=0.00281644 peer_val_mae=0.03476973
[worker1/operator_darcy_student_lift_v2_gpu1] [operator_darcy_student_lift_v2/elem_ft_l002_w20_d50_95_lr2e4] [operator][epoch 051] lambda=0.0196 train_mse=0.00824665 val_mse=0.01556919 val_mae=0.09351401 | peer_val_mse=0.00281644 peer_val_mae=0.03476973
[worker1/operator_darcy_student_lift_v2_gpu1] [operator_darcy_student_lift_v2/elem_ft_l002_w20_d50_95_lr2e4] [operator][epoch 052] lambda=0.0192 train_mse=0.00820858 val_mse=0.01543911 val_mae=0.09259040 | peer_val_mse=0.00281644 peer_val_mae=0.03476973
[worker1/operator_darcy_student_lift_v2_gpu1] [operator_darcy_student_lift_v2/elem_ft_l002_w20_d50_95_lr2e4] [operator][epoch 053] lambda=0.0188 train_mse=0.00822596 val_mse=0.01573009 val_mae=0.09375173 | peer_val_mse=0.00281644 peer_val_mae=0.03476973
[worker1/operator_darcy_student_lift_v2_gpu1] [operator_darcy_student_lift_v2/elem_ft_l002_w20_d50_95_lr2e4] [operator][epoch 054] lambda=0.0184 train_mse=0.00808544 val_mse=0.01636421 val_mae=0.09604614 | peer_val_mse=0.00281644 peer_val_mae=0.03476973
[worker1/operator_darcy_student_lift_v2_gpu1] [operator_darcy_student_lift_v2/elem_ft_l002_w20_d50_95_lr2e4] [operator][epoch 055] lambda=0.0180 train_mse=0.00859286 val_mse=0.01608977 val_mae=0.09441444 | peer_val_mse=0.00281644 peer_val_mae=0.03476973
[worker1/operator_darcy_student_lift_v2_gpu1] [operator_darcy_student_lift_v2/elem_ft_l002_w20_d50_95_lr2e4] [operator][epoch 056] lambda=0.0176 train_mse=0.00816057 val_mse=0.01680996 val_mae=0.09742029 | peer_val_mse=0.00281644 peer_val_mae=0.03476973
[worker1/operator_darcy_student_lift_v2_gpu1] [operator_darcy_student_lift_v2/elem_ft_l002_w20_d50_95_lr2e4] [operator][epoch 057] lambda=0.0172 train_mse=0.00788861 val_mse=0.01535098 val_mae=0.09236354 | peer_val_mse=0.00281644 peer_val_mae=0.03476973
[worker1/operator_darcy_student_lift_v2_gpu1] [operator_darcy_student_lift_v2/elem_ft_l002_w20_d50_95_lr2e4] [operator][epoch 058] lambda=0.0168 train_mse=0.00801776 val_mse=0.01579828 val_mae=0.09416093 | peer_val_mse=0.00281644 peer_val_mae=0.03476973
[worker1/operator_darcy_student_lift_v2_gpu1] [operator_darcy_student_lift_v2/elem_ft_l002_w20_d50_95_lr2e4] [operator][epoch 059] lambda=0.0164 train_mse=0.00935725 val_mse=0.01652242 val_mae=0.09624783 | peer_val_mse=0.00281644 peer_val_mae=0.03476973
[worker1/operator_darcy_student_lift_v2_gpu1] [operator_darcy_student_lift_v2/elem_ft_l002_w20_d50_95_lr2e4] [operator][epoch 060] lambda=0.0160 train_mse=0.00835369 val_mse=0.01491815 val_mae=0.09097970 | peer_val_mse=0.00281644 peer_val_mae=0.03476973
[worker1/operator_darcy_student_lift_v2_gpu1] [operator_darcy_student_lift_v2/elem_ft_l002_w20_d50_95_lr2e4] [operator][epoch 060] updated live plot
[worker1/operator_darcy_student_lift_v2_gpu1] [operator_darcy_student_lift_v2/elem_ft_l002_w20_d50_95_lr2e4] [operator][epoch 061] lambda=0.0156 train_mse=0.00801842 val_mse=0.01630808 val_mae=0.09538530 | peer_val_mse=0.00281644 peer_val_mae=0.03476973
[worker1/operator_darcy_student_lift_v2_gpu1] [operator_darcy_student_lift_v2/elem_ft_l002_w20_d50_95_lr2e4] [operator][epoch 062] lambda=0.0152 train_mse=0.00777030 val_mse=0.01601210 val_mae=0.09429078 | peer_val_mse=0.00281644 peer_val_mae=0.03476973
[worker1/operator_darcy_student_lift_v2_gpu1] [operator_darcy_student_lift_v2/elem_ft_l002_w20_d50_95_lr2e4] [operator][epoch 063] lambda=0.0148 train_mse=0.00766704 val_mse=0.01537769 val_mae=0.09243428 | peer_val_mse=0.00281644 peer_val_mae=0.03476973
[worker1/operator_darcy_student_lift_v2_gpu1] [operator_darcy_student_lift_v2/elem_ft_l002_w20_d50_95_lr2e4] [operator][epoch 064] lambda=0.0144 train_mse=0.00784410 val_mse=0.01628992 val_mae=0.09564660 | peer_val_mse=0.00281644 peer_val_mae=0.03476973
[worker1/operator_darcy_student_lift_v2_gpu1] [operator_darcy_student_lift_v2/elem_ft_l002_w20_d50_95_lr2e4] [operator][epoch 065] lambda=0.0140 train_mse=0.00803706 val_mse=0.01547672 val_mae=0.09284001 | peer_val_mse=0.00281644 peer_val_mae=0.03476973
[worker1/operator_darcy_student_lift_v2_gpu1] [operator_darcy_student_lift_v2/elem_ft_l002_w20_d50_95_lr2e4] [operator][epoch 066] lambda=0.0136 train_mse=0.00845723 val_mse=0.01623272 val_mae=0.09615304 | peer_val_mse=0.00281644 peer_val_mae=0.03476973
[worker1/operator_darcy_student_lift_v2_gpu1] [operator_darcy_student_lift_v2/elem_ft_l002_w20_d50_95_lr2e4] [operator][epoch 067] lambda=0.0132 train_mse=0.00877280 val_mse=0.01624960 val_mae=0.09667256 | peer_val_mse=0.00281644 peer_val_mae=0.03476973
[worker1/operator_darcy_student_lift_v2_gpu1] [operator_darcy_student_lift_v2/elem_ft_l002_w20_d50_95_lr2e4] [operator][epoch 068] lambda=0.0128 train_mse=0.00880841 val_mse=0.01599622 val_mae=0.09462101 | peer_val_mse=0.00281644 peer_val_mae=0.03476973
[worker1/operator_darcy_student_lift_v2_gpu1] [operator_darcy_student_lift_v2/elem_ft_l002_w20_d50_95_lr2e4] [operator][epoch 069] lambda=0.0124 train_mse=0.00921314 val_mse=0.01635601 val_mae=0.09570605 | peer_val_mse=0.00281644 peer_val_mae=0.03476973
[worker1/operator_darcy_student_lift_v2_gpu1] [operator_darcy_student_lift_v2/elem_ft_l002_w20_d50_95_lr2e4] [operator][epoch 070] lambda=0.0120 train_mse=0.00768695 val_mse=0.01525268 val_mae=0.09152635 | peer_val_mse=0.00281644 peer_val_mae=0.03476973
[worker1/operator_darcy_student_lift_v2_gpu1] [operator_darcy_student_lift_v2/elem_ft_l002_w20_d50_95_lr2e4] [operator][epoch 071] lambda=0.0116 train_mse=0.00750594 val_mse=0.01482029 val_mae=0.09055115 | peer_val_mse=0.00281644 peer_val_mae=0.03476973
[worker1/operator_darcy_student_lift_v2_gpu1] [operator_darcy_student_lift_v2/elem_ft_l002_w20_d50_95_lr2e4] [operator][epoch 072] lambda=0.0112 train_mse=0.00702638 val_mse=0.01465470 val_mae=0.08985433 | peer_val_mse=0.00281644 peer_val_mae=0.03476973
[worker1/operator_darcy_student_lift_v2_gpu1] [operator_darcy_student_lift_v2/elem_ft_l002_w20_d50_95_lr2e4] [operator][epoch 073] lambda=0.0108 train_mse=0.00710778 val_mse=0.01463802 val_mae=0.08974925 | peer_val_mse=0.00281644 peer_val_mae=0.03476973
[worker1/operator_darcy_student_lift_v2_gpu1] [operator_darcy_student_lift_v2/elem_ft_l002_w20_d50_95_lr2e4] [operator][epoch 074] lambda=0.0104 train_mse=0.00728101 val_mse=0.01450287 val_mae=0.08934660 | peer_val_mse=0.00281644 peer_val_mae=0.03476973
[worker1/operator_darcy_student_lift_v2_gpu1] [operator_darcy_student_lift_v2/elem_ft_l002_w20_d50_95_lr2e4] [operator][epoch 075] lambda=0.0100 train_mse=0.00752235 val_mse=0.01528862 val_mae=0.09199760 | peer_val_mse=0.00281644 peer_val_mae=0.03476973
[worker1/operator_darcy_student_lift_v2_gpu1] [operator_darcy_student_lift_v2/elem_ft_l002_w20_d50_95_lr2e4] [operator][epoch 076] lambda=0.0096 train_mse=0.00742717 val_mse=0.01503319 val_mae=0.09076256 | peer_val_mse=0.00281644 peer_val_mae=0.03476973
[worker1/operator_darcy_student_lift_v2_gpu1] [operator_darcy_student_lift_v2/elem_ft_l002_w20_d50_95_lr2e4] [operator][epoch 077] lambda=0.0092 train_mse=0.00721431 val_mse=0.01447954 val_mae=0.08910406 | peer_val_mse=0.00281644 peer_val_mae=0.03476973
[worker1/operator_darcy_student_lift_v2_gpu1] [operator_darcy_student_lift_v2/elem_ft_l002_w20_d50_95_lr2e4] [operator][epoch 078] lambda=0.0088 train_mse=0.00727584 val_mse=0.01471486 val_mae=0.09057306 | peer_val_mse=0.00281644 peer_val_mae=0.03476973
[worker1/operator_darcy_student_lift_v2_gpu1] [operator_darcy_student_lift_v2/elem_ft_l002_w20_d50_95_lr2e4] [operator][epoch 079] lambda=0.0084 train_mse=0.00736507 val_mse=0.01513167 val_mae=0.09074732 | peer_val_mse=0.00281644 peer_val_mae=0.03476973
[worker1/operator_darcy_student_lift_v2_gpu1] [operator_darcy_student_lift_v2/elem_ft_l002_w20_d50_95_lr2e4] [operator][epoch 080] lambda=0.0080 train_mse=0.00671660 val_mse=0.01481553 val_mae=0.08995255 | peer_val_mse=0.00281644 peer_val_mae=0.03476973
[worker1/operator_darcy_student_lift_v2_gpu1] [operator_darcy_student_lift_v2/elem_ft_l002_w20_d50_95_lr2e4] [operator][epoch 080] updated live plot
[worker1/operator_darcy_student_lift_v2_gpu1] [operator_darcy_student_lift_v2/elem_ft_l002_w20_d50_95_lr2e4] [operator][epoch 081] lambda=0.0076 train_mse=0.00691792 val_mse=0.01507347 val_mae=0.09115443 | peer_val_mse=0.00281644 peer_val_mae=0.03476973
[worker1/operator_darcy_student_lift_v2_gpu1] [operator_darcy_student_lift_v2/elem_ft_l002_w20_d50_95_lr2e4] [operator][epoch 082] lambda=0.0072 train_mse=0.00696836 val_mse=0.01549275 val_mae=0.09261819 | peer_val_mse=0.00281644 peer_val_mae=0.03476973
[worker1/operator_darcy_student_lift_v2_gpu1] [operator_darcy_student_lift_v2/elem_ft_l002_w20_d50_95_lr2e4] [operator][epoch 083] lambda=0.0068 train_mse=0.00775471 val_mse=0.01516021 val_mae=0.09217347 | peer_val_mse=0.00281644 peer_val_mae=0.03476973
[worker1/operator_darcy_student_lift_v2_gpu1] [operator_darcy_student_lift_v2/elem_ft_l002_w20_d50_95_lr2e4] [operator][epoch 084] lambda=0.0064 train_mse=0.00736472 val_mse=0.01512200 val_mae=0.09134162 | peer_val_mse=0.00281644 peer_val_mae=0.03476973
[worker1/operator_darcy_student_lift_v2_gpu1] [operator_darcy_student_lift_v2/elem_ft_l002_w20_d50_95_lr2e4] [operator][epoch 085] lambda=0.0060 train_mse=0.00702009 val_mse=0.01457382 val_mae=0.08924834 | peer_val_mse=0.00281644 peer_val_mae=0.03476973
[worker1/operator_darcy_student_lift_v2_gpu1] [operator_darcy_student_lift_v2/elem_ft_l002_w20_d50_95_lr2e4] [operator][epoch 086] lambda=0.0056 train_mse=0.00692321 val_mse=0.01427603 val_mae=0.08916662 | peer_val_mse=0.00281644 peer_val_mae=0.03476973
[worker1/operator_darcy_student_lift_v2_gpu1] [operator_darcy_student_lift_v2/elem_ft_l002_w20_d50_95_lr2e4] [operator][epoch 087] lambda=0.0052 train_mse=0.00801518 val_mse=0.01665112 val_mae=0.09626756 | peer_val_mse=0.00281644 peer_val_mae=0.03476973
[worker1/operator_darcy_student_lift_v2_gpu1] [operator_darcy_student_lift_v2/elem_ft_l002_w20_d50_95_lr2e4] [operator][epoch 088] lambda=0.0048 train_mse=0.01029109 val_mse=0.01609946 val_mae=0.09572769 | peer_val_mse=0.00281644 peer_val_mae=0.03476973
[worker1/operator_darcy_student_lift_v2_gpu1] [operator_darcy_student_lift_v2/elem_ft_l002_w20_d50_95_lr2e4] [operator][epoch 089] lambda=0.0044 train_mse=0.00812212 val_mse=0.01457302 val_mae=0.08974423 | peer_val_mse=0.00281644 peer_val_mae=0.03476973
[worker1/operator_darcy_student_lift_v2_gpu1] [operator_darcy_student_lift_v2/elem_ft_l002_w20_d50_95_lr2e4] [operator][epoch 090] lambda=0.0040 train_mse=0.00732950 val_mse=0.01465544 val_mae=0.09016236 | peer_val_mse=0.00281644 peer_val_mae=0.03476973
[worker1/operator_darcy_student_lift_v2_gpu1] [operator_darcy_student_lift_v2/elem_ft_l002_w20_d50_95_lr2e4] [operator][epoch 091] lambda=0.0036 train_mse=0.00669024 val_mse=0.01437932 val_mae=0.08877767 | peer_val_mse=0.00281644 peer_val_mae=0.03476973
[worker1/operator_darcy_student_lift_v2_gpu1] [operator_darcy_student_lift_v2/elem_ft_l002_w20_d50_95_lr2e4] [operator][epoch 092] lambda=0.0032 train_mse=0.00643192 val_mse=0.01403061 val_mae=0.08722831 | peer_val_mse=0.00281644 peer_val_mae=0.03476973
[worker1/operator_darcy_student_lift_v2_gpu1] [operator_darcy_student_lift_v2/elem_ft_l002_w20_d50_95_lr2e4] [operator][epoch 093] lambda=0.0028 train_mse=0.00666184 val_mse=0.01456224 val_mae=0.08932718 | peer_val_mse=0.00281644 peer_val_mae=0.03476973
[worker1/operator_darcy_student_lift_v2_gpu1] [operator_darcy_student_lift_v2/elem_ft_l002_w20_d50_95_lr2e4] [operator][epoch 094] lambda=0.0024 train_mse=0.00627715 val_mse=0.01436068 val_mae=0.08843085 | peer_val_mse=0.00281644 peer_val_mae=0.03476973
[worker1/operator_darcy_student_lift_v2_gpu1] [operator_darcy_student_lift_v2/elem_ft_l002_w20_d50_95_lr2e4] [operator][epoch 095] lambda=0.0020 train_mse=0.00619672 val_mse=0.01416826 val_mae=0.08754326 | peer_val_mse=0.00281644 peer_val_mae=0.03476973
[worker1/operator_darcy_student_lift_v2_gpu1] [operator_darcy_student_lift_v2/elem_ft_l002_w20_d50_95_lr2e4] [operator][epoch 096] lambda=0.0020 train_mse=0.00613333 val_mse=0.01459022 val_mae=0.08881010 | peer_val_mse=0.00281644 peer_val_mae=0.03476973
[worker1/operator_darcy_student_lift_v2_gpu1] [operator_darcy_student_lift_v2/elem_ft_l002_w20_d50_95_lr2e4] [operator][epoch 097] lambda=0.0020 train_mse=0.00614978 val_mse=0.01399974 val_mae=0.08711852 | peer_val_mse=0.00281644 peer_val_mae=0.03476973
[worker1/operator_darcy_student_lift_v2_gpu1] [operator_darcy_student_lift_v2/elem_ft_l002_w20_d50_95_lr2e4] [operator][epoch 098] lambda=0.0020 train_mse=0.00613373 val_mse=0.01380339 val_mae=0.08668964 | peer_val_mse=0.00281644 peer_val_mae=0.03476973
[worker1/operator_darcy_student_lift_v2_gpu1] [operator_darcy_student_lift_v2/elem_ft_l002_w20_d50_95_lr2e4] [operator][epoch 099] lambda=0.0020 train_mse=0.00632351 val_mse=0.01500620 val_mae=0.09162903 | peer_val_mse=0.00281644 peer_val_mae=0.03476973
[worker1/operator_darcy_student_lift_v2_gpu1] [operator_darcy_student_lift_v2/elem_ft_l002_w20_d50_95_lr2e4] [operator][epoch 100] lambda=0.0020 train_mse=0.00686386 val_mse=0.01499349 val_mae=0.09071718 | peer_val_mse=0.00281644 peer_val_mae=0.03476973
[worker1/operator_darcy_student_lift_v2_gpu1] [operator_darcy_student_lift_v2/elem_ft_l002_w20_d50_95_lr2e4] [operator][epoch 100] updated live plot
[worker1/operator_darcy_student_lift_v2_gpu1] [operator_darcy_student_lift_v2/elem_ft_l002_w20_d50_95_lr2e4] [operator][epoch 101] lambda=0.0020 train_mse=0.00639839 val_mse=0.01374272 val_mae=0.08659847 | peer_val_mse=0.00281644 peer_val_mae=0.03476973
[worker1/operator_darcy_student_lift_v2_gpu1] [operator_darcy_student_lift_v2/elem_ft_l002_w20_d50_95_lr2e4] [operator][epoch 102] lambda=0.0020 train_mse=0.00645326 val_mse=0.01452192 val_mae=0.08859765 | peer_val_mse=0.00281644 peer_val_mae=0.03476973
[worker1/operator_darcy_student_lift_v2_gpu1] [operator_darcy_student_lift_v2/elem_ft_l002_w20_d50_95_lr2e4] [operator][epoch 103] lambda=0.0020 train_mse=0.00649796 val_mse=0.01486055 val_mae=0.08979217 | peer_val_mse=0.00281644 peer_val_mae=0.03476973
[worker1/operator_darcy_student_lift_v2_gpu1] [operator_darcy_student_lift_v2/elem_ft_l002_w20_d50_95_lr2e4] [operator][epoch 104] lambda=0.0020 train_mse=0.00661057 val_mse=0.01437911 val_mae=0.08831757 | peer_val_mse=0.00281644 peer_val_mae=0.03476973
[worker1/operator_darcy_student_lift_v2_gpu1] [operator_darcy_student_lift_v2/elem_ft_l002_w20_d50_95_lr2e4] [operator][epoch 105] lambda=0.0020 train_mse=0.00659355 val_mse=0.01474528 val_mae=0.08929534 | peer_val_mse=0.00281644 peer_val_mae=0.03476973
[worker1/operator_darcy_student_lift_v2_gpu1] [operator_darcy_student_lift_v2/elem_ft_l002_w20_d50_95_lr2e4] [operator][epoch 106] lambda=0.0020 train_mse=0.00630086 val_mse=0.01412852 val_mae=0.08773618 | peer_val_mse=0.00281644 peer_val_mae=0.03476973
[worker1/operator_darcy_student_lift_v2_gpu1] [operator_darcy_student_lift_v2/elem_ft_l002_w20_d50_95_lr2e4] [operator][epoch 107] lambda=0.0020 train_mse=0.00632331 val_mse=0.01440615 val_mae=0.08861795 | peer_val_mse=0.00281644 peer_val_mae=0.03476973
[worker1/operator_darcy_student_lift_v2_gpu1] [operator_darcy_student_lift_v2/elem_ft_l002_w20_d50_95_lr2e4] [operator][epoch 108] lambda=0.0020 train_mse=0.00701964 val_mse=0.01610796 val_mae=0.09452374 | peer_val_mse=0.00281644 peer_val_mae=0.03476973
[worker1/operator_darcy_student_lift_v2_gpu1] [operator_darcy_student_lift_v2/elem_ft_l002_w20_d50_95_lr2e4] [operator][epoch 109] lambda=0.0020 train_mse=0.00715819 val_mse=0.01469970 val_mae=0.08933435 | peer_val_mse=0.00281644 peer_val_mae=0.03476973
[worker1/operator_darcy_student_lift_v2_gpu1] [operator_darcy_student_lift_v2/elem_ft_l002_w20_d50_95_lr2e4] [operator][epoch 110] lambda=0.0020 train_mse=0.00624261 val_mse=0.01385319 val_mae=0.08703285 | peer_val_mse=0.00281644 peer_val_mae=0.03476973
[worker1/operator_darcy_student_lift_v2_gpu1] [operator_darcy_student_lift_v2/elem_ft_l002_w20_d50_95_lr2e4] [operator][epoch 110] updated live plot
[worker1/operator_darcy_student_lift_v2_gpu1] [operator_darcy_student_lift_v2/elem_ft_l002_w20_d50_95_lr2e4] [operator] done
[worker1/operator_darcy_student_lift_v2_gpu1] [operator_darcy_student_lift_v2/elem_ft_l002_w20_d50_95_lr2e4] [operator] dataset=darcy pair=deeponet:fno method=ssml seed=2
[worker1/operator_darcy_student_lift_v2_gpu1] [operator_darcy_student_lift_v2/elem_ft_l002_w20_d50_95_lr2e4] [operator] loaded init_checkpoint=results/operator_ssml_tuned_v1/operator/darcy/deeponet_independent_mse_seed2/model.pt
[worker1/operator_darcy_student_lift_v2_gpu1] [operator_darcy_student_lift_v2/elem_ft_l002_w20_d50_95_lr2e4] [operator] loaded peer_init_checkpoint=results/operator_ssml_tuned_v1/operator/darcy/fno_independent_mse_seed2/model.pt
[worker1/operator_darcy_student_lift_v2_gpu1] [operator_darcy_student_lift_v2/elem_ft_l002_w20_d50_95_lr2e4] [operator] run_dir=results/operator_darcy_student_lift_v2/elem_ft_l002_w20_d50_95_lr2e4/operator/darcy/deeponet__fno_ssml_mse_seed2
[worker1/operator_darcy_student_lift_v2_gpu1] [operator_darcy_student_lift_v2/elem_ft_l002_w20_d50_95_lr2e4] [operator] params=592000
[worker1/operator_darcy_student_lift_v2_gpu1] [operator_darcy_student_lift_v2/elem_ft_l002_w20_d50_95_lr2e4] [operator] granularity=element student_only=True freeze_peer=True peer_updates_disabled=True
[worker1/operator_darcy_student_lift_v2_gpu1] [operator_darcy_student_lift_v2/elem_ft_l002_w20_d50_95_lr2e4] [operator][epoch 001] lambda=0.0000 train_mse=0.01990771 val_mse=0.01913795 val_mae=0.10356169 | peer_val_mse=0.00362243 peer_val_mae=0.03567833
[worker1/operator_darcy_student_lift_v2_gpu1] [operator_darcy_student_lift_v2/elem_ft_l002_w20_d50_95_lr2e4] [operator][epoch 002] lambda=0.0000 train_mse=0.01137353 val_mse=0.01873426 val_mae=0.10156488 | peer_val_mse=0.00362243 peer_val_mae=0.03567833
[worker1/operator_darcy_student_lift_v2_gpu1] [operator_darcy_student_lift_v2/elem_ft_l002_w20_d50_95_lr2e4] [operator][epoch 003] lambda=0.0000 train_mse=0.01107099 val_mse=0.01830377 val_mae=0.10055378 | peer_val_mse=0.00362243 peer_val_mae=0.03567833
[worker1/operator_darcy_student_lift_v2_gpu1] [operator_darcy_student_lift_v2/elem_ft_l002_w20_d50_95_lr2e4] [operator][epoch 004] lambda=0.0000 train_mse=0.01118250 val_mse=0.01879475 val_mae=0.10215639 | peer_val_mse=0.00362243 peer_val_mae=0.03567833
[worker1/operator_darcy_student_lift_v2_gpu1] [operator_darcy_student_lift_v2/elem_ft_l002_w20_d50_95_lr2e4] [operator][epoch 005] lambda=0.0000 train_mse=0.01085910 val_mse=0.01823964 val_mae=0.10062523 | peer_val_mse=0.00362243 peer_val_mae=0.03567833
[worker1/operator_darcy_student_lift_v2_gpu1] [operator_darcy_student_lift_v2/elem_ft_l002_w20_d50_95_lr2e4] [operator][epoch 006] lambda=0.0000 train_mse=0.01112043 val_mse=0.01836130 val_mae=0.10135196 | peer_val_mse=0.00362243 peer_val_mae=0.03567833
[worker1/operator_darcy_student_lift_v2_gpu1] [operator_darcy_student_lift_v2/elem_ft_l002_w20_d50_95_lr2e4] [operator][epoch 007] lambda=0.0000 train_mse=0.01117825 val_mse=0.01814100 val_mae=0.09979215 | peer_val_mse=0.00362243 peer_val_mae=0.03567833
[worker1/operator_darcy_student_lift_v2_gpu1] [operator_darcy_student_lift_v2/elem_ft_l002_w20_d50_95_lr2e4] [operator][epoch 008] lambda=0.0000 train_mse=0.01102353 val_mse=0.01854977 val_mae=0.10113460 | peer_val_mse=0.00362243 peer_val_mae=0.03567833
[worker1/operator_darcy_student_lift_v2_gpu1] [operator_darcy_student_lift_v2/elem_ft_l002_w20_d50_95_lr2e4] [operator][epoch 009] lambda=0.0000 train_mse=0.01299695 val_mse=0.01879097 val_mae=0.10271906 | peer_val_mse=0.00362243 peer_val_mae=0.03567833
[worker1/operator_darcy_student_lift_v2_gpu1] [operator_darcy_student_lift_v2/elem_ft_l002_w20_d50_95_lr2e4] [operator][epoch 010] lambda=0.0000 train_mse=0.01145783 val_mse=0.01822183 val_mae=0.10063900 | peer_val_mse=0.00362243 peer_val_mae=0.03567833
[worker1/operator_darcy_student_lift_v2_gpu1] [operator_darcy_student_lift_v2/elem_ft_l002_w20_d50_95_lr2e4] [operator][epoch 011] lambda=0.0000 train_mse=0.01071415 val_mse=0.01888847 val_mae=0.10248295 | peer_val_mse=0.00362243 peer_val_mae=0.03567833
[worker1/operator_darcy_student_lift_v2_gpu1] [operator_darcy_student_lift_v2/elem_ft_l002_w20_d50_95_lr2e4] [operator][epoch 012] lambda=0.0000 train_mse=0.01033928 val_mse=0.01825595 val_mae=0.10003981 | peer_val_mse=0.00362243 peer_val_mae=0.03567833
[worker1/operator_darcy_student_lift_v2_gpu1] [operator_darcy_student_lift_v2/elem_ft_l002_w20_d50_95_lr2e4] [operator][epoch 013] lambda=0.0000 train_mse=0.00997547 val_mse=0.01754675 val_mae=0.09825971 | peer_val_mse=0.00362243 peer_val_mae=0.03567833
[worker1/operator_darcy_student_lift_v2_gpu1] [operator_darcy_student_lift_v2/elem_ft_l002_w20_d50_95_lr2e4] [operator][epoch 014] lambda=0.0000 train_mse=0.01047512 val_mse=0.01775171 val_mae=0.09885324 | peer_val_mse=0.00362243 peer_val_mae=0.03567833
[worker1/operator_darcy_student_lift_v2_gpu1] [operator_darcy_student_lift_v2/elem_ft_l002_w20_d50_95_lr2e4] [operator][epoch 015] lambda=0.0000 train_mse=0.01013456 val_mse=0.01867058 val_mae=0.10158577 | peer_val_mse=0.00362243 peer_val_mae=0.03567833
[worker1/operator_darcy_student_lift_v2_gpu1] [operator_darcy_student_lift_v2/elem_ft_l002_w20_d50_95_lr2e4] [operator][epoch 016] lambda=0.0000 train_mse=0.01176883 val_mse=0.01940469 val_mae=0.10235951 | peer_val_mse=0.00362243 peer_val_mae=0.03567833
[worker1/operator_darcy_student_lift_v2_gpu1] [operator_darcy_student_lift_v2/elem_ft_l002_w20_d50_95_lr2e4] [operator][epoch 017] lambda=0.0000 train_mse=0.01025897 val_mse=0.01819136 val_mae=0.09896974 | peer_val_mse=0.00362243 peer_val_mae=0.03567833
[worker1/operator_darcy_student_lift_v2_gpu1] [operator_darcy_student_lift_v2/elem_ft_l002_w20_d50_95_lr2e4] [operator][epoch 018] lambda=0.0000 train_mse=0.00998088 val_mse=0.01878603 val_mae=0.10100322 | peer_val_mse=0.00362243 peer_val_mae=0.03567833
[worker1/operator_darcy_student_lift_v2_gpu1] [operator_darcy_student_lift_v2/elem_ft_l002_w20_d50_95_lr2e4] [operator][epoch 019] lambda=0.0000 train_mse=0.01013814 val_mse=0.02031852 val_mae=0.10479451 | peer_val_mse=0.00362243 peer_val_mae=0.03567833
[worker1/operator_darcy_student_lift_v2_gpu1] [operator_darcy_student_lift_v2/elem_ft_l002_w20_d50_95_lr2e4] [operator][epoch 020] lambda=0.0000 train_mse=0.01069797 val_mse=0.01907503 val_mae=0.10335117 | peer_val_mse=0.00362243 peer_val_mae=0.03567833
[worker1/operator_darcy_student_lift_v2_gpu1] [operator_darcy_student_lift_v2/elem_ft_l002_w20_d50_95_lr2e4] [operator][epoch 020] updated live plot
[worker1/operator_darcy_student_lift_v2_gpu1] [operator_darcy_student_lift_v2/elem_ft_l002_w20_d50_95_lr2e4] [operator][epoch 021] lambda=0.0200 train_mse=0.01060739 val_mse=0.01775564 val_mae=0.09827954 | peer_val_mse=0.00362243 peer_val_mae=0.03567833
[worker1/operator_darcy_student_lift_v2_gpu1] [operator_darcy_student_lift_v2/elem_ft_l002_w20_d50_95_lr2e4] [operator][epoch 022] lambda=0.0200 train_mse=0.00959585 val_mse=0.01946403 val_mae=0.10339221 | peer_val_mse=0.00362243 peer_val_mae=0.03567833
[worker1/operator_darcy_student_lift_v2_gpu1] [operator_darcy_student_lift_v2/elem_ft_l002_w20_d50_95_lr2e4] [operator][epoch 023] lambda=0.0200 train_mse=0.00948794 val_mse=0.01732743 val_mae=0.09711890 | peer_val_mse=0.00362243 peer_val_mae=0.03567833
[worker1/operator_darcy_student_lift_v2_gpu1] [operator_darcy_student_lift_v2/elem_ft_l002_w20_d50_95_lr2e4] [operator][epoch 024] lambda=0.0200 train_mse=0.00926643 val_mse=0.01704971 val_mae=0.09691003 | peer_val_mse=0.00362243 peer_val_mae=0.03567833
[worker1/operator_darcy_student_lift_v2_gpu1] [operator_darcy_student_lift_v2/elem_ft_l002_w20_d50_95_lr2e4] [operator][epoch 025] lambda=0.0200 train_mse=0.00933199 val_mse=0.01724250 val_mae=0.09645612 | peer_val_mse=0.00362243 peer_val_mae=0.03567833
[worker1/operator_darcy_student_lift_v2_gpu1] [operator_darcy_student_lift_v2/elem_ft_l002_w20_d50_95_lr2e4] [operator][epoch 026] lambda=0.0200 train_mse=0.00929648 val_mse=0.01709589 val_mae=0.09614351 | peer_val_mse=0.00362243 peer_val_mae=0.03567833
[worker1/operator_darcy_student_lift_v2_gpu1] [operator_darcy_student_lift_v2/elem_ft_l002_w20_d50_95_lr2e4] [operator][epoch 027] lambda=0.0200 train_mse=0.00916863 val_mse=0.01740983 val_mae=0.09816516 | peer_val_mse=0.00362243 peer_val_mae=0.03567833
[worker1/operator_darcy_student_lift_v2_gpu1] [operator_darcy_student_lift_v2/elem_ft_l002_w20_d50_95_lr2e4] [operator][epoch 028] lambda=0.0200 train_mse=0.01109582 val_mse=0.01783916 val_mae=0.09918988 | peer_val_mse=0.00362243 peer_val_mae=0.03567833
[worker1/operator_darcy_student_lift_v2_gpu1] [operator_darcy_student_lift_v2/elem_ft_l002_w20_d50_95_lr2e4] [operator][epoch 029] lambda=0.0200 train_mse=0.01020884 val_mse=0.01739291 val_mae=0.09714969 | peer_val_mse=0.00362243 peer_val_mae=0.03567833
[worker1/operator_darcy_student_lift_v2_gpu1] [operator_darcy_student_lift_v2/elem_ft_l002_w20_d50_95_lr2e4] [operator][epoch 030] lambda=0.0200 train_mse=0.00918788 val_mse=0.01786864 val_mae=0.09841461 | peer_val_mse=0.00362243 peer_val_mae=0.03567833
[worker1/operator_darcy_student_lift_v2_gpu1] [operator_darcy_student_lift_v2/elem_ft_l002_w20_d50_95_lr2e4] [operator][epoch 031] lambda=0.0200 train_mse=0.00987473 val_mse=0.01680969 val_mae=0.09685193 | peer_val_mse=0.00362243 peer_val_mae=0.03567833
[worker1/operator_darcy_student_lift_v2_gpu1] [operator_darcy_student_lift_v2/elem_ft_l002_w20_d50_95_lr2e4] [operator][epoch 032] lambda=0.0200 train_mse=0.00971791 val_mse=0.01739498 val_mae=0.09741215 | peer_val_mse=0.00362243 peer_val_mae=0.03567833
[worker1/operator_darcy_student_lift_v2_gpu1] [operator_darcy_student_lift_v2/elem_ft_l002_w20_d50_95_lr2e4] [operator][epoch 033] lambda=0.0200 train_mse=0.00921116 val_mse=0.01679800 val_mae=0.09521642 | peer_val_mse=0.00362243 peer_val_mae=0.03567833
[worker1/operator_darcy_student_lift_v2_gpu1] [operator_darcy_student_lift_v2/elem_ft_l002_w20_d50_95_lr2e4] [operator][epoch 034] lambda=0.0200 train_mse=0.00872698 val_mse=0.01732640 val_mae=0.09624426 | peer_val_mse=0.00362243 peer_val_mae=0.03567833
[worker1/operator_darcy_student_lift_v2_gpu1] [operator_darcy_student_lift_v2/elem_ft_l002_w20_d50_95_lr2e4] [operator][epoch 035] lambda=0.0200 train_mse=0.00826195 val_mse=0.01725286 val_mae=0.09631235 | peer_val_mse=0.00362243 peer_val_mae=0.03567833
[worker1/operator_darcy_student_lift_v2_gpu1] [operator_darcy_student_lift_v2/elem_ft_l002_w20_d50_95_lr2e4] [operator][epoch 036] lambda=0.0200 train_mse=0.00861827 val_mse=0.01736916 val_mae=0.09710858 | peer_val_mse=0.00362243 peer_val_mae=0.03567833
[worker1/operator_darcy_student_lift_v2_gpu1] [operator_darcy_student_lift_v2/elem_ft_l002_w20_d50_95_lr2e4] [operator][epoch 037] lambda=0.0200 train_mse=0.00846272 val_mse=0.01670661 val_mae=0.09480101 | peer_val_mse=0.00362243 peer_val_mae=0.03567833
[worker1/operator_darcy_student_lift_v2_gpu1] [operator_darcy_student_lift_v2/elem_ft_l002_w20_d50_95_lr2e4] [operator][epoch 038] lambda=0.0200 train_mse=0.00821068 val_mse=0.01794141 val_mae=0.09820476 | peer_val_mse=0.00362243 peer_val_mae=0.03567833
[worker1/operator_darcy_student_lift_v2_gpu1] [operator_darcy_student_lift_v2/elem_ft_l002_w20_d50_95_lr2e4] [operator][epoch 039] lambda=0.0200 train_mse=0.00822686 val_mse=0.01736933 val_mae=0.09706696 | peer_val_mse=0.00362243 peer_val_mae=0.03567833
[worker1/operator_darcy_student_lift_v2_gpu1] [operator_darcy_student_lift_v2/elem_ft_l002_w20_d50_95_lr2e4] [operator][epoch 040] lambda=0.0200 train_mse=0.00866474 val_mse=0.01809003 val_mae=0.09982539 | peer_val_mse=0.00362243 peer_val_mae=0.03567833
[worker1/operator_darcy_student_lift_v2_gpu1] [operator_darcy_student_lift_v2/elem_ft_l002_w20_d50_95_lr2e4] [operator][epoch 040] updated live plot
[worker1/operator_darcy_student_lift_v2_gpu1] [operator_darcy_student_lift_v2/elem_ft_l002_w20_d50_95_lr2e4] [operator][epoch 041] lambda=0.0200 train_mse=0.00971469 val_mse=0.01815894 val_mae=0.09940025 | peer_val_mse=0.00362243 peer_val_mae=0.03567833
[worker1/operator_darcy_student_lift_v2_gpu1] [operator_darcy_student_lift_v2/elem_ft_l002_w20_d50_95_lr2e4] [operator][epoch 042] lambda=0.0200 train_mse=0.00880930 val_mse=0.01656244 val_mae=0.09463016 | peer_val_mse=0.00362243 peer_val_mae=0.03567833
[worker1/operator_darcy_student_lift_v2_gpu1] [operator_darcy_student_lift_v2/elem_ft_l002_w20_d50_95_lr2e4] [operator][epoch 043] lambda=0.0200 train_mse=0.00805586 val_mse=0.01588060 val_mae=0.09222720 | peer_val_mse=0.00362243 peer_val_mae=0.03567833
[worker1/operator_darcy_student_lift_v2_gpu1] [operator_darcy_student_lift_v2/elem_ft_l002_w20_d50_95_lr2e4] [operator][epoch 044] lambda=0.0200 train_mse=0.00799186 val_mse=0.01713304 val_mae=0.09532051 | peer_val_mse=0.00362243 peer_val_mae=0.03567833
[worker1/operator_darcy_student_lift_v2_gpu1] [operator_darcy_student_lift_v2/elem_ft_l002_w20_d50_95_lr2e4] [operator][epoch 045] lambda=0.0200 train_mse=0.00824181 val_mse=0.01613596 val_mae=0.09341385 | peer_val_mse=0.00362243 peer_val_mae=0.03567833
[worker1/operator_darcy_student_lift_v2_gpu1] [operator_darcy_student_lift_v2/elem_ft_l002_w20_d50_95_lr2e4] [operator][epoch 046] lambda=0.0200 train_mse=0.00842149 val_mse=0.01913006 val_mae=0.10198916 | peer_val_mse=0.00362243 peer_val_mae=0.03567833
[worker1/operator_darcy_student_lift_v2_gpu1] [operator_darcy_student_lift_v2/elem_ft_l002_w20_d50_95_lr2e4] [operator][epoch 047] lambda=0.0200 train_mse=0.00957452 val_mse=0.01623854 val_mae=0.09376146 | peer_val_mse=0.00362243 peer_val_mae=0.03567833
[worker1/operator_darcy_student_lift_v2_gpu1] [operator_darcy_student_lift_v2/elem_ft_l002_w20_d50_95_lr2e4] [operator][epoch 048] lambda=0.0200 train_mse=0.00799173 val_mse=0.01674958 val_mae=0.09460530 | peer_val_mse=0.00362243 peer_val_mae=0.03567833
[worker1/operator_darcy_student_lift_v2_gpu1] [operator_darcy_student_lift_v2/elem_ft_l002_w20_d50_95_lr2e4] [operator][epoch 049] lambda=0.0200 train_mse=0.00794564 val_mse=0.01596072 val_mae=0.09265972 | peer_val_mse=0.00362243 peer_val_mae=0.03567833
[worker1/operator_darcy_student_lift_v2_gpu1] [operator_darcy_student_lift_v2/elem_ft_l002_w20_d50_95_lr2e4] [operator][epoch 050] lambda=0.0200 train_mse=0.00755211 val_mse=0.01631329 val_mae=0.09329705 | peer_val_mse=0.00362243 peer_val_mae=0.03567833
[worker1/operator_darcy_student_lift_v2_gpu1] [operator_darcy_student_lift_v2/elem_ft_l002_w20_d50_95_lr2e4] [operator][epoch 051] lambda=0.0196 train_mse=0.00786920 val_mse=0.01764024 val_mae=0.09809425 | peer_val_mse=0.00362243 peer_val_mae=0.03567833
[worker1/operator_darcy_student_lift_v2_gpu1] [operator_darcy_student_lift_v2/elem_ft_l002_w20_d50_95_lr2e4] [operator][epoch 052] lambda=0.0192 train_mse=0.00813026 val_mse=0.01627119 val_mae=0.09351747 | peer_val_mse=0.00362243 peer_val_mae=0.03567833
[worker1/operator_darcy_student_lift_v2_gpu1] [operator_darcy_student_lift_v2/elem_ft_l002_w20_d50_95_lr2e4] [operator][epoch 053] lambda=0.0188 train_mse=0.00753430 val_mse=0.01582181 val_mae=0.09226206 | peer_val_mse=0.00362243 peer_val_mae=0.03567833
[worker1/operator_darcy_student_lift_v2_gpu1] [operator_darcy_student_lift_v2/elem_ft_l002_w20_d50_95_lr2e4] [operator][epoch 054] lambda=0.0184 train_mse=0.00748055 val_mse=0.01569185 val_mae=0.09151869 | peer_val_mse=0.00362243 peer_val_mae=0.03567833
[worker1/operator_darcy_student_lift_v2_gpu1] [operator_darcy_student_lift_v2/elem_ft_l002_w20_d50_95_lr2e4] [operator][epoch 055] lambda=0.0180 train_mse=0.00756686 val_mse=0.01618852 val_mae=0.09248723 | peer_val_mse=0.00362243 peer_val_mae=0.03567833
[worker1/operator_darcy_student_lift_v2_gpu1] [operator_darcy_student_lift_v2/elem_ft_l002_w20_d50_95_lr2e4] [operator][epoch 056] lambda=0.0176 train_mse=0.00726641 val_mse=0.01650301 val_mae=0.09336086 | peer_val_mse=0.00362243 peer_val_mae=0.03567833
[worker1/operator_darcy_student_lift_v2_gpu1] [operator_darcy_student_lift_v2/elem_ft_l002_w20_d50_95_lr2e4] [operator][epoch 057] lambda=0.0172 train_mse=0.00725796 val_mse=0.01625562 val_mae=0.09348861 | peer_val_mse=0.00362243 peer_val_mae=0.03567833
[worker1/operator_darcy_student_lift_v2_gpu1] [operator_darcy_student_lift_v2/elem_ft_l002_w20_d50_95_lr2e4] [operator][epoch 058] lambda=0.0168 train_mse=0.00708998 val_mse=0.01592220 val_mae=0.09225084 | peer_val_mse=0.00362243 peer_val_mae=0.03567833
[worker1/operator_darcy_student_lift_v2_gpu1] [operator_darcy_student_lift_v2/elem_ft_l002_w20_d50_95_lr2e4] [operator][epoch 059] lambda=0.0164 train_mse=0.00697435 val_mse=0.01611189 val_mae=0.09352231 | peer_val_mse=0.00362243 peer_val_mae=0.03567833
[worker1/operator_darcy_student_lift_v2_gpu1] [operator_darcy_student_lift_v2/elem_ft_l002_w20_d50_95_lr2e4] [operator][epoch 060] lambda=0.0160 train_mse=0.00753508 val_mse=0.01591352 val_mae=0.09185345 | peer_val_mse=0.00362243 peer_val_mae=0.03567833
[worker1/operator_darcy_student_lift_v2_gpu1] [operator_darcy_student_lift_v2/elem_ft_l002_w20_d50_95_lr2e4] [operator][epoch 060] updated live plot
[worker1/operator_darcy_student_lift_v2_gpu1] [operator_darcy_student_lift_v2/elem_ft_l002_w20_d50_95_lr2e4] [operator][epoch 061] lambda=0.0156 train_mse=0.00719648 val_mse=0.01565697 val_mae=0.09138541 | peer_val_mse=0.00362243 peer_val_mae=0.03567833
[worker1/operator_darcy_student_lift_v2_gpu1] [operator_darcy_student_lift_v2/elem_ft_l002_w20_d50_95_lr2e4] [operator][epoch 062] lambda=0.0152 train_mse=0.00742058 val_mse=0.01597395 val_mae=0.09263804 | peer_val_mse=0.00362243 peer_val_mae=0.03567833
[worker1/operator_darcy_student_lift_v2_gpu1] [operator_darcy_student_lift_v2/elem_ft_l002_w20_d50_95_lr2e4] [operator][epoch 063] lambda=0.0148 train_mse=0.00894444 val_mse=0.01737388 val_mae=0.09764438 | peer_val_mse=0.00362243 peer_val_mae=0.03567833
[worker1/operator_darcy_student_lift_v2_gpu1] [operator_darcy_student_lift_v2/elem_ft_l002_w20_d50_95_lr2e4] [operator][epoch 064] lambda=0.0144 train_mse=0.00915138 val_mse=0.01914916 val_mae=0.10054844 | peer_val_mse=0.00362243 peer_val_mae=0.03567833
[worker1/operator_darcy_student_lift_v2_gpu1] [operator_darcy_student_lift_v2/elem_ft_l002_w20_d50_95_lr2e4] [operator][epoch 065] lambda=0.0140 train_mse=0.00971365 val_mse=0.01758975 val_mae=0.09722685 | peer_val_mse=0.00362243 peer_val_mae=0.03567833
[worker1/operator_darcy_student_lift_v2_gpu1] [operator_darcy_student_lift_v2/elem_ft_l002_w20_d50_95_lr2e4] [operator][epoch 066] lambda=0.0136 train_mse=0.00828558 val_mse=0.01559908 val_mae=0.09056808 | peer_val_mse=0.00362243 peer_val_mae=0.03567833
[worker1/operator_darcy_student_lift_v2_gpu1] [operator_darcy_student_lift_v2/elem_ft_l002_w20_d50_95_lr2e4] [operator][epoch 067] lambda=0.0132 train_mse=0.00716384 val_mse=0.01609375 val_mae=0.09219811 | peer_val_mse=0.00362243 peer_val_mae=0.03567833
[worker1/operator_darcy_student_lift_v2_gpu1] [operator_darcy_student_lift_v2/elem_ft_l002_w20_d50_95_lr2e4] [operator][epoch 068] lambda=0.0128 train_mse=0.00695499 val_mse=0.01559528 val_mae=0.09083536 | peer_val_mse=0.00362243 peer_val_mae=0.03567833
[worker1/operator_darcy_student_lift_v2_gpu1] [operator_darcy_student_lift_v2/elem_ft_l002_w20_d50_95_lr2e4] [operator][epoch 069] lambda=0.0124 train_mse=0.00676583 val_mse=0.01585980 val_mae=0.09210107 | peer_val_mse=0.00362243 peer_val_mae=0.03567833
[worker1/operator_darcy_student_lift_v2_gpu1] [operator_darcy_student_lift_v2/elem_ft_l002_w20_d50_95_lr2e4] [operator][epoch 070] lambda=0.0120 train_mse=0.00689342 val_mse=0.01542959 val_mae=0.09053276 | peer_val_mse=0.00362243 peer_val_mae=0.03567833
[worker1/operator_darcy_student_lift_v2_gpu1] [operator_darcy_student_lift_v2/elem_ft_l002_w20_d50_95_lr2e4] [operator][epoch 071] lambda=0.0116 train_mse=0.00659776 val_mse=0.01627779 val_mae=0.09224040 | peer_val_mse=0.00362243 peer_val_mae=0.03567833
[worker1/operator_darcy_student_lift_v2_gpu1] [operator_darcy_student_lift_v2/elem_ft_l002_w20_d50_95_lr2e4] [operator][epoch 072] lambda=0.0112 train_mse=0.00660995 val_mse=0.01559423 val_mae=0.09138949 | peer_val_mse=0.00362243 peer_val_mae=0.03567833
[worker1/operator_darcy_student_lift_v2_gpu1] [operator_darcy_student_lift_v2/elem_ft_l002_w20_d50_95_lr2e4] [operator][epoch 073] lambda=0.0108 train_mse=0.00752657 val_mse=0.01531223 val_mae=0.09020077 | peer_val_mse=0.00362243 peer_val_mae=0.03567833
[worker1/operator_darcy_student_lift_v2_gpu1] [operator_darcy_student_lift_v2/elem_ft_l002_w20_d50_95_lr2e4] [operator][epoch 074] lambda=0.0104 train_mse=0.00685398 val_mse=0.01524616 val_mae=0.08979308 | peer_val_mse=0.00362243 peer_val_mae=0.03567833
[worker1/operator_darcy_student_lift_v2_gpu1] [operator_darcy_student_lift_v2/elem_ft_l002_w20_d50_95_lr2e4] [operator][epoch 075] lambda=0.0100 train_mse=0.00674408 val_mse=0.01522801 val_mae=0.09014599 | peer_val_mse=0.00362243 peer_val_mae=0.03567833
[worker1/operator_darcy_student_lift_v2_gpu1] [operator_darcy_student_lift_v2/elem_ft_l002_w20_d50_95_lr2e4] [operator][epoch 076] lambda=0.0096 train_mse=0.00698899 val_mse=0.01652481 val_mae=0.09428755 | peer_val_mse=0.00362243 peer_val_mae=0.03567833
[worker1/operator_darcy_student_lift_v2_gpu1] [operator_darcy_student_lift_v2/elem_ft_l002_w20_d50_95_lr2e4] [operator][epoch 077] lambda=0.0092 train_mse=0.00709594 val_mse=0.01541179 val_mae=0.09079638 | peer_val_mse=0.00362243 peer_val_mae=0.03567833
[worker1/operator_darcy_student_lift_v2_gpu1] [operator_darcy_student_lift_v2/elem_ft_l002_w20_d50_95_lr2e4] [operator][epoch 078] lambda=0.0088 train_mse=0.00648977 val_mse=0.01517705 val_mae=0.08957706 | peer_val_mse=0.00362243 peer_val_mae=0.03567833
[worker1/operator_darcy_student_lift_v2_gpu1] [operator_darcy_student_lift_v2/elem_ft_l002_w20_d50_95_lr2e4] [operator][epoch 079] lambda=0.0084 train_mse=0.00621763 val_mse=0.01516993 val_mae=0.08930491 | peer_val_mse=0.00362243 peer_val_mae=0.03567833
[worker1/operator_darcy_student_lift_v2_gpu1] [operator_darcy_student_lift_v2/elem_ft_l002_w20_d50_95_lr2e4] [operator][epoch 080] lambda=0.0080 train_mse=0.00619481 val_mse=0.01502586 val_mae=0.08905362 | peer_val_mse=0.00362243 peer_val_mae=0.03567833
[worker1/operator_darcy_student_lift_v2_gpu1] [operator_darcy_student_lift_v2/elem_ft_l002_w20_d50_95_lr2e4] [operator][epoch 080] updated live plot
[worker1/operator_darcy_student_lift_v2_gpu1] [operator_darcy_student_lift_v2/elem_ft_l002_w20_d50_95_lr2e4] [operator][epoch 081] lambda=0.0076 train_mse=0.00639096 val_mse=0.01570361 val_mae=0.09132834 | peer_val_mse=0.00362243 peer_val_mae=0.03567833
[worker1/operator_darcy_student_lift_v2_gpu1] [operator_darcy_student_lift_v2/elem_ft_l002_w20_d50_95_lr2e4] [operator][epoch 082] lambda=0.0072 train_mse=0.00649372 val_mse=0.01593244 val_mae=0.09236794 | peer_val_mse=0.00362243 peer_val_mae=0.03567833
[worker1/operator_darcy_student_lift_v2_gpu1] [operator_darcy_student_lift_v2/elem_ft_l002_w20_d50_95_lr2e4] [operator][epoch 083] lambda=0.0068 train_mse=0.00649356 val_mse=0.01511076 val_mae=0.08935068 | peer_val_mse=0.00362243 peer_val_mae=0.03567833
[worker1/operator_darcy_student_lift_v2_gpu1] [operator_darcy_student_lift_v2/elem_ft_l002_w20_d50_95_lr2e4] [operator][epoch 084] lambda=0.0064 train_mse=0.00687094 val_mse=0.01547512 val_mae=0.09107902 | peer_val_mse=0.00362243 peer_val_mae=0.03567833
[worker1/operator_darcy_student_lift_v2_gpu1] [operator_darcy_student_lift_v2/elem_ft_l002_w20_d50_95_lr2e4] [operator][epoch 085] lambda=0.0060 train_mse=0.00755934 val_mse=0.01585811 val_mae=0.09198210 | peer_val_mse=0.00362243 peer_val_mae=0.03567833
[worker1/operator_darcy_student_lift_v2_gpu1] [operator_darcy_student_lift_v2/elem_ft_l002_w20_d50_95_lr2e4] [operator][epoch 086] lambda=0.0056 train_mse=0.00643838 val_mse=0.01557208 val_mae=0.09034110 | peer_val_mse=0.00362243 peer_val_mae=0.03567833
[worker1/operator_darcy_student_lift_v2_gpu1] [operator_darcy_student_lift_v2/elem_ft_l002_w20_d50_95_lr2e4] [operator][epoch 087] lambda=0.0052 train_mse=0.00627187 val_mse=0.01593531 val_mae=0.09170774 | peer_val_mse=0.00362243 peer_val_mae=0.03567833
[worker1/operator_darcy_student_lift_v2_gpu1] [operator_darcy_student_lift_v2/elem_ft_l002_w20_d50_95_lr2e4] [operator][epoch 088] lambda=0.0048 train_mse=0.00611042 val_mse=0.01479820 val_mae=0.08864736 | peer_val_mse=0.00362243 peer_val_mae=0.03567833
[worker1/operator_darcy_student_lift_v2_gpu1] [operator_darcy_student_lift_v2/elem_ft_l002_w20_d50_95_lr2e4] [operator][epoch 089] lambda=0.0044 train_mse=0.00589865 val_mse=0.01482442 val_mae=0.08856923 | peer_val_mse=0.00362243 peer_val_mae=0.03567833
[worker1/operator_darcy_student_lift_v2_gpu1] [operator_darcy_student_lift_v2/elem_ft_l002_w20_d50_95_lr2e4] [operator][epoch 090] lambda=0.0040 train_mse=0.00605935 val_mse=0.01499271 val_mae=0.08877045 | peer_val_mse=0.00362243 peer_val_mae=0.03567833
[worker1/operator_darcy_student_lift_v2_gpu1] [operator_darcy_student_lift_v2/elem_ft_l002_w20_d50_95_lr2e4] [operator][epoch 091] lambda=0.0036 train_mse=0.00597150 val_mse=0.01515797 val_mae=0.08939100 | peer_val_mse=0.00362243 peer_val_mae=0.03567833
[worker1/operator_darcy_student_lift_v2_gpu1] [operator_darcy_student_lift_v2/elem_ft_l002_w20_d50_95_lr2e4] [operator][epoch 092] lambda=0.0032 train_mse=0.00616010 val_mse=0.01452109 val_mae=0.08790243 | peer_val_mse=0.00362243 peer_val_mae=0.03567833
[worker1/operator_darcy_student_lift_v2_gpu1] [operator_darcy_student_lift_v2/elem_ft_l002_w20_d50_95_lr2e4] [operator][epoch 093] lambda=0.0028 train_mse=0.00599700 val_mse=0.01541353 val_mae=0.09117042 | peer_val_mse=0.00362243 peer_val_mae=0.03567833
[worker1/operator_darcy_student_lift_v2_gpu1] [operator_darcy_student_lift_v2/elem_ft_l002_w20_d50_95_lr2e4] [operator][epoch 094] lambda=0.0024 train_mse=0.00703637 val_mse=0.01488984 val_mae=0.08909245 | peer_val_mse=0.00362243 peer_val_mae=0.03567833
[worker1/operator_darcy_student_lift_v2_gpu1] [operator_darcy_student_lift_v2/elem_ft_l002_w20_d50_95_lr2e4] [operator][epoch 095] lambda=0.0020 train_mse=0.00719052 val_mse=0.01623252 val_mae=0.09316970 | peer_val_mse=0.00362243 peer_val_mae=0.03567833
[worker1/operator_darcy_student_lift_v2_gpu1] [operator_darcy_student_lift_v2/elem_ft_l002_w20_d50_95_lr2e4] [operator][epoch 096] lambda=0.0020 train_mse=0.00705451 val_mse=0.01480224 val_mae=0.08881280 | peer_val_mse=0.00362243 peer_val_mae=0.03567833
[worker1/operator_darcy_student_lift_v2_gpu1] [operator_darcy_student_lift_v2/elem_ft_l002_w20_d50_95_lr2e4] [operator][epoch 097] lambda=0.0020 train_mse=0.00611735 val_mse=0.01472263 val_mae=0.08865663 | peer_val_mse=0.00362243 peer_val_mae=0.03567833
[worker1/operator_darcy_student_lift_v2_gpu1] [operator_darcy_student_lift_v2/elem_ft_l002_w20_d50_95_lr2e4] [operator][epoch 098] lambda=0.0020 train_mse=0.00581738 val_mse=0.01440164 val_mae=0.08695593 | peer_val_mse=0.00362243 peer_val_mae=0.03567833
[worker1/operator_darcy_student_lift_v2_gpu1] [operator_darcy_student_lift_v2/elem_ft_l002_w20_d50_95_lr2e4] [operator][epoch 099] lambda=0.0020 train_mse=0.00581518 val_mse=0.01462936 val_mae=0.08798361 | peer_val_mse=0.00362243 peer_val_mae=0.03567833
[worker1/operator_darcy_student_lift_v2_gpu1] [operator_darcy_student_lift_v2/elem_ft_l002_w20_d50_95_lr2e4] [operator][epoch 100] lambda=0.0020 train_mse=0.00555965 val_mse=0.01485014 val_mae=0.08818261 | peer_val_mse=0.00362243 peer_val_mae=0.03567833
[worker1/operator_darcy_student_lift_v2_gpu1] [operator_darcy_student_lift_v2/elem_ft_l002_w20_d50_95_lr2e4] [operator][epoch 100] updated live plot
[worker1/operator_darcy_student_lift_v2_gpu1] [operator_darcy_student_lift_v2/elem_ft_l002_w20_d50_95_lr2e4] [operator][epoch 101] lambda=0.0020 train_mse=0.00551155 val_mse=0.01457746 val_mae=0.08775329 | peer_val_mse=0.00362243 peer_val_mae=0.03567833
[worker1/operator_darcy_student_lift_v2_gpu1] [operator_darcy_student_lift_v2/elem_ft_l002_w20_d50_95_lr2e4] [operator][epoch 102] lambda=0.0020 train_mse=0.00598146 val_mse=0.01515543 val_mae=0.09008825 | peer_val_mse=0.00362243 peer_val_mae=0.03567833
[worker1/operator_darcy_student_lift_v2_gpu1] [operator_darcy_student_lift_v2/elem_ft_l002_w20_d50_95_lr2e4] [operator][epoch 103] lambda=0.0020 train_mse=0.00611806 val_mse=0.01491996 val_mae=0.08963632 | peer_val_mse=0.00362243 peer_val_mae=0.03567833
[worker1/operator_darcy_student_lift_v2_gpu1] [operator_darcy_student_lift_v2/elem_ft_l002_w20_d50_95_lr2e4] [operator][epoch 104] lambda=0.0020 train_mse=0.00620531 val_mse=0.01481573 val_mae=0.08881856 | peer_val_mse=0.00362243 peer_val_mae=0.03567833
[worker1/operator_darcy_student_lift_v2_gpu1] [operator_darcy_student_lift_v2/elem_ft_l002_w20_d50_95_lr2e4] [operator][epoch 105] lambda=0.0020 train_mse=0.00628834 val_mse=0.01523061 val_mae=0.08972035 | peer_val_mse=0.00362243 peer_val_mae=0.03567833
[worker1/operator_darcy_student_lift_v2_gpu1] [operator_darcy_student_lift_v2/elem_ft_l002_w20_d50_95_lr2e4] [operator][epoch 106] lambda=0.0020 train_mse=0.00634498 val_mse=0.01424663 val_mae=0.08668458 | peer_val_mse=0.00362243 peer_val_mae=0.03567833
[worker1/operator_darcy_student_lift_v2_gpu1] [operator_darcy_student_lift_v2/elem_ft_l002_w20_d50_95_lr2e4] [operator][epoch 107] lambda=0.0020 train_mse=0.00591151 val_mse=0.01503730 val_mae=0.08967488 | peer_val_mse=0.00362243 peer_val_mae=0.03567833
[worker1/operator_darcy_student_lift_v2_gpu1] [operator_darcy_student_lift_v2/elem_ft_l002_w20_d50_95_lr2e4] [operator][epoch 108] lambda=0.0020 train_mse=0.00601775 val_mse=0.01469484 val_mae=0.08842699 | peer_val_mse=0.00362243 peer_val_mae=0.03567833
[worker1/operator_darcy_student_lift_v2_gpu1] [operator_darcy_student_lift_v2/elem_ft_l002_w20_d50_95_lr2e4] [operator][epoch 109] lambda=0.0020 train_mse=0.00584009 val_mse=0.01563413 val_mae=0.09071527 | peer_val_mse=0.00362243 peer_val_mae=0.03567833
[worker1/operator_darcy_student_lift_v2_gpu1] [operator_darcy_student_lift_v2/elem_ft_l002_w20_d50_95_lr2e4] [operator][epoch 110] lambda=0.0020 train_mse=0.00639271 val_mse=0.01470118 val_mae=0.08872281 | peer_val_mse=0.00362243 peer_val_mae=0.03567833
[worker1/operator_darcy_student_lift_v2_gpu1] [operator_darcy_student_lift_v2/elem_ft_l002_w20_d50_95_lr2e4] [operator][epoch 110] updated live plot
[worker1/operator_darcy_student_lift_v2_gpu1] [operator_darcy_student_lift_v2/elem_ft_l002_w20_d50_95_lr2e4] [operator] done
[worker1/operator_darcy_student_lift_v2_gpu1] [operator_darcy_student_lift_v2/elem_ft_huber_l0015_w25_d55_95_lr15e4] lock -> /home/namkyeong/ssmo/results/.locks/operator_darcy_student_lift_v2_elem_ft_huber_l0015_w25_d55_95_lr15e4.lock
[worker1/operator_darcy_student_lift_v2_gpu1] [operator_darcy_student_lift_v2/elem_ft_huber_l0015_w25_d55_95_lr15e4] log -> results/logs/operator_darcy_student_lift_v2/elem_ft_huber_l0015_w25_d55_95_lr15e4.log
[worker1/operator_darcy_student_lift_v2_gpu1] [operator_darcy_student_lift_v2/elem_ft_huber_l0015_w25_d55_95_lr15e4] [operator] output_dir=results/operator_darcy_student_lift_v2/elem_ft_huber_l0015_w25_d55_95_lr15e4
[worker1/operator_darcy_student_lift_v2_gpu1] [operator_darcy_student_lift_v2/elem_ft_huber_l0015_w25_d55_95_lr15e4] [operator] methods=ssml
[worker1/operator_darcy_student_lift_v2_gpu1] [operator_darcy_student_lift_v2/elem_ft_huber_l0015_w25_d55_95_lr15e4] [operator] model_pairs=deeponet:fno
[worker1/operator_darcy_student_lift_v2_gpu1] [operator_darcy_student_lift_v2/elem_ft_huber_l0015_w25_d55_95_lr15e4] [operator] dataset=darcy pair=deeponet:fno method=ssml seed=0
[worker1/operator_darcy_student_lift_v2_gpu1] [operator_darcy_student_lift_v2/elem_ft_huber_l0015_w25_d55_95_lr15e4] [operator] loaded init_checkpoint=results/operator_ssml_tuned_v1/operator/darcy/deeponet_independent_mse_seed0/model.pt
[worker1/operator_darcy_student_lift_v2_gpu1] [operator_darcy_student_lift_v2/elem_ft_huber_l0015_w25_d55_95_lr15e4] [operator] loaded peer_init_checkpoint=results/operator_ssml_tuned_v1/operator/darcy/fno_independent_mse_seed0/model.pt
[worker1/operator_darcy_student_lift_v2_gpu1] [operator_darcy_student_lift_v2/elem_ft_huber_l0015_w25_d55_95_lr15e4] [operator] run_dir=results/operator_darcy_student_lift_v2/elem_ft_huber_l0015_w25_d55_95_lr15e4/operator/darcy/deeponet__fno_ssml_huber_seed0
[worker1/operator_darcy_student_lift_v2_gpu1] [operator_darcy_student_lift_v2/elem_ft_huber_l0015_w25_d55_95_lr15e4] [operator] params=592000
[worker1/operator_darcy_student_lift_v2_gpu1] [operator_darcy_student_lift_v2/elem_ft_huber_l0015_w25_d55_95_lr15e4] [operator] granularity=element student_only=True freeze_peer=True peer_updates_disabled=True
[worker1/operator_darcy_student_lift_v2_gpu1] [operator_darcy_student_lift_v2/elem_ft_huber_l0015_w25_d55_95_lr15e4] [operator][epoch 001] lambda=0.0000 train_mse=0.01611575 val_mse=0.01838207 val_mae=0.10160430 | peer_val_mse=0.00368136 peer_val_mae=0.03564195
[worker1/operator_darcy_student_lift_v2_gpu1] [operator_darcy_student_lift_v2/elem_ft_huber_l0015_w25_d55_95_lr15e4] [operator][epoch 002] lambda=0.0000 train_mse=0.01118172 val_mse=0.01815991 val_mae=0.10107246 | peer_val_mse=0.00368136 peer_val_mae=0.03564195
[worker1/operator_darcy_student_lift_v2_gpu1] [operator_darcy_student_lift_v2/elem_ft_huber_l0015_w25_d55_95_lr15e4] [operator][epoch 003] lambda=0.0000 train_mse=0.01105839 val_mse=0.01756349 val_mae=0.09919082 | peer_val_mse=0.00368136 peer_val_mae=0.03564195
[worker1/operator_darcy_student_lift_v2_gpu1] [operator_darcy_student_lift_v2/elem_ft_huber_l0015_w25_d55_95_lr15e4] [operator][epoch 004] lambda=0.0000 train_mse=0.01106882 val_mse=0.01818646 val_mae=0.10032338 | peer_val_mse=0.00368136 peer_val_mae=0.03564195
[worker1/operator_darcy_student_lift_v2_gpu1] [operator_darcy_student_lift_v2/elem_ft_huber_l0015_w25_d55_95_lr15e4] [operator][epoch 005] lambda=0.0000 train_mse=0.01102832 val_mse=0.01796719 val_mae=0.10016225 | peer_val_mse=0.00368136 peer_val_mae=0.03564195
[worker1/operator_darcy_student_lift_v2_gpu1] [operator_darcy_student_lift_v2/elem_ft_huber_l0015_w25_d55_95_lr15e4] [operator][epoch 006] lambda=0.0000 train_mse=0.01091689 val_mse=0.01815384 val_mae=0.10086823 | peer_val_mse=0.00368136 peer_val_mae=0.03564195
[worker1/operator_darcy_student_lift_v2_gpu1] [operator_darcy_student_lift_v2/elem_ft_huber_l0015_w25_d55_95_lr15e4] [operator][epoch 007] lambda=0.0000 train_mse=0.01063164 val_mse=0.01723976 val_mae=0.09819287 | peer_val_mse=0.00368136 peer_val_mae=0.03564195
[worker1/operator_darcy_student_lift_v2_gpu1] [operator_darcy_student_lift_v2/elem_ft_huber_l0015_w25_d55_95_lr15e4] [operator][epoch 008] lambda=0.0000 train_mse=0.01105098 val_mse=0.01773493 val_mae=0.09991613 | peer_val_mse=0.00368136 peer_val_mae=0.03564195
[worker1/operator_darcy_student_lift_v2_gpu1] [operator_darcy_student_lift_v2/elem_ft_huber_l0015_w25_d55_95_lr15e4] [operator][epoch 009] lambda=0.0000 train_mse=0.01056804 val_mse=0.01770127 val_mae=0.09909259 | peer_val_mse=0.00368136 peer_val_mae=0.03564195
[worker1/operator_darcy_student_lift_v2_gpu1] [operator_darcy_student_lift_v2/elem_ft_huber_l0015_w25_d55_95_lr15e4] [operator][epoch 010] lambda=0.0000 train_mse=0.01070254 val_mse=0.01873563 val_mae=0.10258382 | peer_val_mse=0.00368136 peer_val_mae=0.03564195
[worker1/operator_darcy_student_lift_v2_gpu1] [operator_darcy_student_lift_v2/elem_ft_huber_l0015_w25_d55_95_lr15e4] [operator][epoch 011] lambda=0.0000 train_mse=0.01143239 val_mse=0.01829004 val_mae=0.10241992 | peer_val_mse=0.00368136 peer_val_mae=0.03564195
[worker1/operator_darcy_student_lift_v2_gpu1] [operator_darcy_student_lift_v2/elem_ft_huber_l0015_w25_d55_95_lr15e4] [operator][epoch 012] lambda=0.0000 train_mse=0.01091163 val_mse=0.01812329 val_mae=0.10099883 | peer_val_mse=0.00368136 peer_val_mae=0.03564195
[worker1/operator_darcy_student_lift_v2_gpu1] [operator_darcy_student_lift_v2/elem_ft_huber_l0015_w25_d55_95_lr15e4] [operator][epoch 013] lambda=0.0000 train_mse=0.01039201 val_mse=0.01690376 val_mae=0.09714046 | peer_val_mse=0.00368136 peer_val_mae=0.03564195
[worker1/operator_darcy_student_lift_v2_gpu1] [operator_darcy_student_lift_v2/elem_ft_huber_l0015_w25_d55_95_lr15e4] [operator][epoch 014] lambda=0.0000 train_mse=0.00988920 val_mse=0.01756985 val_mae=0.09872618 | peer_val_mse=0.00368136 peer_val_mae=0.03564195
[worker1/operator_darcy_student_lift_v2_gpu1] [operator_darcy_student_lift_v2/elem_ft_huber_l0015_w25_d55_95_lr15e4] [operator][epoch 015] lambda=0.0000 train_mse=0.01016470 val_mse=0.01706720 val_mae=0.09710643 | peer_val_mse=0.00368136 peer_val_mae=0.03564195
[worker1/operator_darcy_student_lift_v2_gpu1] [operator_darcy_student_lift_v2/elem_ft_huber_l0015_w25_d55_95_lr15e4] [operator][epoch 016] lambda=0.0000 train_mse=0.00969323 val_mse=0.01705105 val_mae=0.09744845 | peer_val_mse=0.00368136 peer_val_mae=0.03564195
[worker1/operator_darcy_student_lift_v2_gpu1] [operator_darcy_student_lift_v2/elem_ft_huber_l0015_w25_d55_95_lr15e4] [operator][epoch 017] lambda=0.0000 train_mse=0.00968350 val_mse=0.01694708 val_mae=0.09718258 | peer_val_mse=0.00368136 peer_val_mae=0.03564195
[worker1/operator_darcy_student_lift_v2_gpu1] [operator_darcy_student_lift_v2/elem_ft_huber_l0015_w25_d55_95_lr15e4] [operator][epoch 018] lambda=0.0000 train_mse=0.00958222 val_mse=0.01712933 val_mae=0.09739513 | peer_val_mse=0.00368136 peer_val_mae=0.03564195
[worker1/operator_darcy_student_lift_v2_gpu1] [operator_darcy_student_lift_v2/elem_ft_huber_l0015_w25_d55_95_lr15e4] [operator][epoch 019] lambda=0.0000 train_mse=0.00984927 val_mse=0.01755095 val_mae=0.09866327 | peer_val_mse=0.00368136 peer_val_mae=0.03564195
[worker1/operator_darcy_student_lift_v2_gpu1] [operator_darcy_student_lift_v2/elem_ft_huber_l0015_w25_d55_95_lr15e4] [operator][epoch 020] lambda=0.0000 train_mse=0.00977606 val_mse=0.01679822 val_mae=0.09668667 | peer_val_mse=0.00368136 peer_val_mae=0.03564195
[worker1/operator_darcy_student_lift_v2_gpu1] [operator_darcy_student_lift_v2/elem_ft_huber_l0015_w25_d55_95_lr15e4] [operator][epoch 020] updated live plot
[worker1/operator_darcy_student_lift_v2_gpu1] [operator_darcy_student_lift_v2/elem_ft_huber_l0015_w25_d55_95_lr15e4] [operator][epoch 021] lambda=0.0000 train_mse=0.00952310 val_mse=0.01691268 val_mae=0.09693829 | peer_val_mse=0.00368136 peer_val_mae=0.03564195
[worker1/operator_darcy_student_lift_v2_gpu1] [operator_darcy_student_lift_v2/elem_ft_huber_l0015_w25_d55_95_lr15e4] [operator][epoch 022] lambda=0.0000 train_mse=0.01011831 val_mse=0.01733386 val_mae=0.09880159 | peer_val_mse=0.00368136 peer_val_mae=0.03564195
[worker1/operator_darcy_student_lift_v2_gpu1] [operator_darcy_student_lift_v2/elem_ft_huber_l0015_w25_d55_95_lr15e4] [operator][epoch 023] lambda=0.0000 train_mse=0.01099243 val_mse=0.01918756 val_mae=0.10474529 | peer_val_mse=0.00368136 peer_val_mae=0.03564195
[worker1/operator_darcy_student_lift_v2_gpu1] [operator_darcy_student_lift_v2/elem_ft_huber_l0015_w25_d55_95_lr15e4] [operator][epoch 024] lambda=0.0000 train_mse=0.01037706 val_mse=0.01723550 val_mae=0.09760084 | peer_val_mse=0.00368136 peer_val_mae=0.03564195
[worker1/operator_darcy_student_lift_v2_gpu1] [operator_darcy_student_lift_v2/elem_ft_huber_l0015_w25_d55_95_lr15e4] [operator][epoch 025] lambda=0.0000 train_mse=0.00938190 val_mse=0.01671431 val_mae=0.09604850 | peer_val_mse=0.00368136 peer_val_mae=0.03564195
[worker1/operator_darcy_student_lift_v2_gpu1] [operator_darcy_student_lift_v2/elem_ft_huber_l0015_w25_d55_95_lr15e4] [operator][epoch 026] lambda=0.0150 train_mse=0.00887726 val_mse=0.01606606 val_mae=0.09393301 | peer_val_mse=0.00368136 peer_val_mae=0.03564195
[worker1/operator_darcy_student_lift_v2_gpu1] [operator_darcy_student_lift_v2/elem_ft_huber_l0015_w25_d55_95_lr15e4] [operator][epoch 027] lambda=0.0150 train_mse=0.00890377 val_mse=0.01812694 val_mae=0.09952499 | peer_val_mse=0.00368136 peer_val_mae=0.03564195
[worker1/operator_darcy_student_lift_v2_gpu1] [operator_darcy_student_lift_v2/elem_ft_huber_l0015_w25_d55_95_lr15e4] [operator][epoch 028] lambda=0.0150 train_mse=0.00896067 val_mse=0.01633275 val_mae=0.09518573 | peer_val_mse=0.00368136 peer_val_mae=0.03564195
[worker1/operator_darcy_student_lift_v2_gpu1] [operator_darcy_student_lift_v2/elem_ft_huber_l0015_w25_d55_95_lr15e4] [operator][epoch 029] lambda=0.0150 train_mse=0.00881145 val_mse=0.01626267 val_mae=0.09444487 | peer_val_mse=0.00368136 peer_val_mae=0.03564195
[worker1/operator_darcy_student_lift_v2_gpu1] [operator_darcy_student_lift_v2/elem_ft_huber_l0015_w25_d55_95_lr15e4] [operator][epoch 030] lambda=0.0150 train_mse=0.00933596 val_mse=0.01667820 val_mae=0.09607756 | peer_val_mse=0.00368136 peer_val_mae=0.03564195
[worker1/operator_darcy_student_lift_v2_gpu1] [operator_darcy_student_lift_v2/elem_ft_huber_l0015_w25_d55_95_lr15e4] [operator][epoch 031] lambda=0.0150 train_mse=0.00930251 val_mse=0.01667417 val_mae=0.09574525 | peer_val_mse=0.00368136 peer_val_mae=0.03564195
[worker1/operator_darcy_student_lift_v2_gpu1] [operator_darcy_student_lift_v2/elem_ft_huber_l0015_w25_d55_95_lr15e4] [operator][epoch 032] lambda=0.0150 train_mse=0.00977864 val_mse=0.01678251 val_mae=0.09619183 | peer_val_mse=0.00368136 peer_val_mae=0.03564195
[worker1/operator_darcy_student_lift_v2_gpu1] [operator_darcy_student_lift_v2/elem_ft_huber_l0015_w25_d55_95_lr15e4] [operator][epoch 033] lambda=0.0150 train_mse=0.00946066 val_mse=0.01611620 val_mae=0.09437895 | peer_val_mse=0.00368136 peer_val_mae=0.03564195
[worker1/operator_darcy_student_lift_v2_gpu1] [operator_darcy_student_lift_v2/elem_ft_huber_l0015_w25_d55_95_lr15e4] [operator][epoch 034] lambda=0.0150 train_mse=0.00859237 val_mse=0.01606365 val_mae=0.09373941 | peer_val_mse=0.00368136 peer_val_mae=0.03564195
[worker1/operator_darcy_student_lift_v2_gpu1] [operator_darcy_student_lift_v2/elem_ft_huber_l0015_w25_d55_95_lr15e4] [operator][epoch 035] lambda=0.0150 train_mse=0.00854917 val_mse=0.01611162 val_mae=0.09394397 | peer_val_mse=0.00368136 peer_val_mae=0.03564195
[worker1/operator_darcy_student_lift_v2_gpu1] [operator_darcy_student_lift_v2/elem_ft_huber_l0015_w25_d55_95_lr15e4] [operator][epoch 036] lambda=0.0150 train_mse=0.00922463 val_mse=0.01938803 val_mae=0.10448248 | peer_val_mse=0.00368136 peer_val_mae=0.03564195
[worker1/operator_darcy_student_lift_v2_gpu1] [operator_darcy_student_lift_v2/elem_ft_huber_l0015_w25_d55_95_lr15e4] [operator][epoch 037] lambda=0.0150 train_mse=0.00987816 val_mse=0.01600488 val_mae=0.09417006 | peer_val_mse=0.00368136 peer_val_mae=0.03564195
[worker1/operator_darcy_student_lift_v2_gpu1] [operator_darcy_student_lift_v2/elem_ft_huber_l0015_w25_d55_95_lr15e4] [operator][epoch 038] lambda=0.0150 train_mse=0.00897488 val_mse=0.01599621 val_mae=0.09416615 | peer_val_mse=0.00368136 peer_val_mae=0.03564195
[worker1/operator_darcy_student_lift_v2_gpu1] [operator_darcy_student_lift_v2/elem_ft_huber_l0015_w25_d55_95_lr15e4] [operator][epoch 039] lambda=0.0150 train_mse=0.00844875 val_mse=0.01565527 val_mae=0.09298143 | peer_val_mse=0.00368136 peer_val_mae=0.03564195
[worker1/operator_darcy_student_lift_v2_gpu1] [operator_darcy_student_lift_v2/elem_ft_huber_l0015_w25_d55_95_lr15e4] [operator][epoch 040] lambda=0.0150 train_mse=0.00821810 val_mse=0.01535461 val_mae=0.09209526 | peer_val_mse=0.00368136 peer_val_mae=0.03564195
[worker1/operator_darcy_student_lift_v2_gpu1] [operator_darcy_student_lift_v2/elem_ft_huber_l0015_w25_d55_95_lr15e4] [operator][epoch 040] updated live plot
[worker1/operator_darcy_student_lift_v2_gpu1] [operator_darcy_student_lift_v2/elem_ft_huber_l0015_w25_d55_95_lr15e4] [operator][epoch 041] lambda=0.0150 train_mse=0.00824835 val_mse=0.01602970 val_mae=0.09438843 | peer_val_mse=0.00368136 peer_val_mae=0.03564195
[worker1/operator_darcy_student_lift_v2_gpu1] [operator_darcy_student_lift_v2/elem_ft_huber_l0015_w25_d55_95_lr15e4] [operator][epoch 042] lambda=0.0150 train_mse=0.00910109 val_mse=0.01679572 val_mae=0.09683576 | peer_val_mse=0.00368136 peer_val_mae=0.03564195
[worker1/operator_darcy_student_lift_v2_gpu1] [operator_darcy_student_lift_v2/elem_ft_huber_l0015_w25_d55_95_lr15e4] [operator][epoch 043] lambda=0.0150 train_mse=0.00858402 val_mse=0.01587031 val_mae=0.09386795 | peer_val_mse=0.00368136 peer_val_mae=0.03564195
[worker1/operator_darcy_student_lift_v2_gpu1] [operator_darcy_student_lift_v2/elem_ft_huber_l0015_w25_d55_95_lr15e4] [operator][epoch 044] lambda=0.0150 train_mse=0.00798915 val_mse=0.01534166 val_mae=0.09232717 | peer_val_mse=0.00368136 peer_val_mae=0.03564195
[worker1/operator_darcy_student_lift_v2_gpu1] [operator_darcy_student_lift_v2/elem_ft_huber_l0015_w25_d55_95_lr15e4] [operator][epoch 045] lambda=0.0150 train_mse=0.00797385 val_mse=0.01617215 val_mae=0.09548413 | peer_val_mse=0.00368136 peer_val_mae=0.03564195
[worker1/operator_darcy_student_lift_v2_gpu1] [operator_darcy_student_lift_v2/elem_ft_huber_l0015_w25_d55_95_lr15e4] [operator][epoch 046] lambda=0.0150 train_mse=0.00807771 val_mse=0.01547183 val_mae=0.09236258 | peer_val_mse=0.00368136 peer_val_mae=0.03564195
[worker1/operator_darcy_student_lift_v2_gpu1] [operator_darcy_student_lift_v2/elem_ft_huber_l0015_w25_d55_95_lr15e4] [operator][epoch 047] lambda=0.0150 train_mse=0.00826880 val_mse=0.01538343 val_mae=0.09214953 | peer_val_mse=0.00368136 peer_val_mae=0.03564195
[worker1/operator_darcy_student_lift_v2_gpu1] [operator_darcy_student_lift_v2/elem_ft_huber_l0015_w25_d55_95_lr15e4] [operator][epoch 048] lambda=0.0150 train_mse=0.00778814 val_mse=0.01504217 val_mae=0.09129869 | peer_val_mse=0.00368136 peer_val_mae=0.03564195
[worker1/operator_darcy_student_lift_v2_gpu1] [operator_darcy_student_lift_v2/elem_ft_huber_l0015_w25_d55_95_lr15e4] [operator][epoch 049] lambda=0.0150 train_mse=0.00770176 val_mse=0.01505299 val_mae=0.09107224 | peer_val_mse=0.00368136 peer_val_mae=0.03564195
[worker1/operator_darcy_student_lift_v2_gpu1] [operator_darcy_student_lift_v2/elem_ft_huber_l0015_w25_d55_95_lr15e4] [operator][epoch 050] lambda=0.0150 train_mse=0.00750783 val_mse=0.01523061 val_mae=0.09133675 | peer_val_mse=0.00368136 peer_val_mae=0.03564195
[worker1/operator_darcy_student_lift_v2_gpu1] [operator_darcy_student_lift_v2/elem_ft_huber_l0015_w25_d55_95_lr15e4] [operator][epoch 051] lambda=0.0150 train_mse=0.00760850 val_mse=0.01590807 val_mae=0.09403962 | peer_val_mse=0.00368136 peer_val_mae=0.03564195
[worker1/operator_darcy_student_lift_v2_gpu1] [operator_darcy_student_lift_v2/elem_ft_huber_l0015_w25_d55_95_lr15e4] [operator][epoch 052] lambda=0.0150 train_mse=0.00775281 val_mse=0.01521511 val_mae=0.09149607 | peer_val_mse=0.00368136 peer_val_mae=0.03564195
[worker1/operator_darcy_student_lift_v2_gpu1] [operator_darcy_student_lift_v2/elem_ft_huber_l0015_w25_d55_95_lr15e4] [operator][epoch 053] lambda=0.0150 train_mse=0.00756216 val_mse=0.01541862 val_mae=0.09225645 | peer_val_mse=0.00368136 peer_val_mae=0.03564195
[worker1/operator_darcy_student_lift_v2_gpu1] [operator_darcy_student_lift_v2/elem_ft_huber_l0015_w25_d55_95_lr15e4] [operator][epoch 054] lambda=0.0150 train_mse=0.00812073 val_mse=0.01591013 val_mae=0.09367913 | peer_val_mse=0.00368136 peer_val_mae=0.03564195
[worker1/operator_darcy_student_lift_v2_gpu1] [operator_darcy_student_lift_v2/elem_ft_huber_l0015_w25_d55_95_lr15e4] [operator][epoch 055] lambda=0.0150 train_mse=0.00899901 val_mse=0.01689410 val_mae=0.09664870 | peer_val_mse=0.00368136 peer_val_mae=0.03564195
[worker1/operator_darcy_student_lift_v2_gpu1] [operator_darcy_student_lift_v2/elem_ft_huber_l0015_w25_d55_95_lr15e4] [operator][epoch 056] lambda=0.0147 train_mse=0.00851144 val_mse=0.01532136 val_mae=0.09205878 | peer_val_mse=0.00368136 peer_val_mae=0.03564195
[worker1/operator_darcy_student_lift_v2_gpu1] [operator_darcy_student_lift_v2/elem_ft_huber_l0015_w25_d55_95_lr15e4] [operator][epoch 057] lambda=0.0143 train_mse=0.00771145 val_mse=0.01564332 val_mae=0.09247186 | peer_val_mse=0.00368136 peer_val_mae=0.03564195
[worker1/operator_darcy_student_lift_v2_gpu1] [operator_darcy_student_lift_v2/elem_ft_huber_l0015_w25_d55_95_lr15e4] [operator][epoch 058] lambda=0.0140 train_mse=0.00732834 val_mse=0.01462112 val_mae=0.08943101 | peer_val_mse=0.00368136 peer_val_mae=0.03564195
[worker1/operator_darcy_student_lift_v2_gpu1] [operator_darcy_student_lift_v2/elem_ft_huber_l0015_w25_d55_95_lr15e4] [operator][epoch 059] lambda=0.0137 train_mse=0.00784048 val_mse=0.01491009 val_mae=0.09015504 | peer_val_mse=0.00368136 peer_val_mae=0.03564195
[worker1/operator_darcy_student_lift_v2_gpu1] [operator_darcy_student_lift_v2/elem_ft_huber_l0015_w25_d55_95_lr15e4] [operator][epoch 060] lambda=0.0133 train_mse=0.00739269 val_mse=0.01498012 val_mae=0.09052386 | peer_val_mse=0.00368136 peer_val_mae=0.03564195
[worker1/operator_darcy_student_lift_v2_gpu1] [operator_darcy_student_lift_v2/elem_ft_huber_l0015_w25_d55_95_lr15e4] [operator][epoch 060] updated live plot
[worker1/operator_darcy_student_lift_v2_gpu1] [operator_darcy_student_lift_v2/elem_ft_huber_l0015_w25_d55_95_lr15e4] [operator][epoch 061] lambda=0.0130 train_mse=0.00754990 val_mse=0.01633379 val_mae=0.09578531 | peer_val_mse=0.00368136 peer_val_mae=0.03564195
[worker1/operator_darcy_student_lift_v2_gpu1] [operator_darcy_student_lift_v2/elem_ft_huber_l0015_w25_d55_95_lr15e4] [operator][epoch 062] lambda=0.0126 train_mse=0.00773783 val_mse=0.01492939 val_mae=0.09022807 | peer_val_mse=0.00368136 peer_val_mae=0.03564195
[worker1/operator_darcy_student_lift_v2_gpu1] [operator_darcy_student_lift_v2/elem_ft_huber_l0015_w25_d55_95_lr15e4] [operator][epoch 063] lambda=0.0123 train_mse=0.00705682 val_mse=0.01479239 val_mae=0.09015902 | peer_val_mse=0.00368136 peer_val_mae=0.03564195
[worker1/operator_darcy_student_lift_v2_gpu1] [operator_darcy_student_lift_v2/elem_ft_huber_l0015_w25_d55_95_lr15e4] [operator][epoch 064] lambda=0.0120 train_mse=0.00704484 val_mse=0.01494653 val_mae=0.09017771 | peer_val_mse=0.00368136 peer_val_mae=0.03564195
[worker1/operator_darcy_student_lift_v2_gpu1] [operator_darcy_student_lift_v2/elem_ft_huber_l0015_w25_d55_95_lr15e4] [operator][epoch 065] lambda=0.0116 train_mse=0.00757983 val_mse=0.01610981 val_mae=0.09493427 | peer_val_mse=0.00368136 peer_val_mae=0.03564195
[worker1/operator_darcy_student_lift_v2_gpu1] [operator_darcy_student_lift_v2/elem_ft_huber_l0015_w25_d55_95_lr15e4] [operator][epoch 066] lambda=0.0113 train_mse=0.00758506 val_mse=0.01507278 val_mae=0.09054856 | peer_val_mse=0.00368136 peer_val_mae=0.03564195
[worker1/operator_darcy_student_lift_v2_gpu1] [operator_darcy_student_lift_v2/elem_ft_huber_l0015_w25_d55_95_lr15e4] [operator][epoch 067] lambda=0.0109 train_mse=0.00690140 val_mse=0.01460464 val_mae=0.08900233 | peer_val_mse=0.00368136 peer_val_mae=0.03564195
[worker1/operator_darcy_student_lift_v2_gpu1] [operator_darcy_student_lift_v2/elem_ft_huber_l0015_w25_d55_95_lr15e4] [operator][epoch 068] lambda=0.0106 train_mse=0.00679788 val_mse=0.01478253 val_mae=0.09032549 | peer_val_mse=0.00368136 peer_val_mae=0.03564195
[worker1/operator_darcy_student_lift_v2_gpu1] [operator_darcy_student_lift_v2/elem_ft_huber_l0015_w25_d55_95_lr15e4] [operator][epoch 069] lambda=0.0103 train_mse=0.00689604 val_mse=0.01458772 val_mae=0.08910369 | peer_val_mse=0.00368136 peer_val_mae=0.03564195
[worker1/operator_darcy_student_lift_v2_gpu1] [operator_darcy_student_lift_v2/elem_ft_huber_l0015_w25_d55_95_lr15e4] [operator][epoch 070] lambda=0.0099 train_mse=0.00681218 val_mse=0.01473383 val_mae=0.08928747 | peer_val_mse=0.00368136 peer_val_mae=0.03564195
[worker1/operator_darcy_student_lift_v2_gpu1] [operator_darcy_student_lift_v2/elem_ft_huber_l0015_w25_d55_95_lr15e4] [operator][epoch 071] lambda=0.0096 train_mse=0.00658616 val_mse=0.01440665 val_mae=0.08826586 | peer_val_mse=0.00368136 peer_val_mae=0.03564195
[worker1/operator_darcy_student_lift_v2_gpu1] [operator_darcy_student_lift_v2/elem_ft_huber_l0015_w25_d55_95_lr15e4] [operator][epoch 072] lambda=0.0093 train_mse=0.00667658 val_mse=0.01524514 val_mae=0.09086943 | peer_val_mse=0.00368136 peer_val_mae=0.03564195
[worker1/operator_darcy_student_lift_v2_gpu1] [operator_darcy_student_lift_v2/elem_ft_huber_l0015_w25_d55_95_lr15e4] [operator][epoch 073] lambda=0.0089 train_mse=0.00865312 val_mse=0.01639662 val_mae=0.09662969 | peer_val_mse=0.00368136 peer_val_mae=0.03564195
[worker1/operator_darcy_student_lift_v2_gpu1] [operator_darcy_student_lift_v2/elem_ft_huber_l0015_w25_d55_95_lr15e4] [operator][epoch 074] lambda=0.0086 train_mse=0.00791410 val_mse=0.01448230 val_mae=0.08917192 | peer_val_mse=0.00368136 peer_val_mae=0.03564195
[worker1/operator_darcy_student_lift_v2_gpu1] [operator_darcy_student_lift_v2/elem_ft_huber_l0015_w25_d55_95_lr15e4] [operator][epoch 075] lambda=0.0083 train_mse=0.00657174 val_mse=0.01439330 val_mae=0.08817141 | peer_val_mse=0.00368136 peer_val_mae=0.03564195
[worker1/operator_darcy_student_lift_v2_gpu1] [operator_darcy_student_lift_v2/elem_ft_huber_l0015_w25_d55_95_lr15e4] [operator][epoch 076] lambda=0.0079 train_mse=0.00639967 val_mse=0.01413916 val_mae=0.08748943 | peer_val_mse=0.00368136 peer_val_mae=0.03564195
[worker1/operator_darcy_student_lift_v2_gpu1] [operator_darcy_student_lift_v2/elem_ft_huber_l0015_w25_d55_95_lr15e4] [operator][epoch 077] lambda=0.0076 train_mse=0.00670479 val_mse=0.01415827 val_mae=0.08776772 | peer_val_mse=0.00368136 peer_val_mae=0.03564195
[worker1/operator_darcy_student_lift_v2_gpu1] [operator_darcy_student_lift_v2/elem_ft_huber_l0015_w25_d55_95_lr15e4] [operator][epoch 078] lambda=0.0072 train_mse=0.00693726 val_mse=0.01585494 val_mae=0.09317484 | peer_val_mse=0.00368136 peer_val_mae=0.03564195
[worker1/operator_darcy_student_lift_v2_gpu1] [operator_darcy_student_lift_v2/elem_ft_huber_l0015_w25_d55_95_lr15e4] [operator][epoch 079] lambda=0.0069 train_mse=0.00706061 val_mse=0.01459707 val_mae=0.08877288 | peer_val_mse=0.00368136 peer_val_mae=0.03564195
[worker1/operator_darcy_student_lift_v2_gpu1] [operator_darcy_student_lift_v2/elem_ft_huber_l0015_w25_d55_95_lr15e4] [operator][epoch 080] lambda=0.0066 train_mse=0.00640524 val_mse=0.01423075 val_mae=0.08757134 | peer_val_mse=0.00368136 peer_val_mae=0.03564195
[worker1/operator_darcy_student_lift_v2_gpu1] [operator_darcy_student_lift_v2/elem_ft_huber_l0015_w25_d55_95_lr15e4] [operator][epoch 080] updated live plot
[worker1/operator_darcy_student_lift_v2_gpu1] [operator_darcy_student_lift_v2/elem_ft_huber_l0015_w25_d55_95_lr15e4] [operator][epoch 081] lambda=0.0062 train_mse=0.00634268 val_mse=0.01442216 val_mae=0.08814909 | peer_val_mse=0.00368136 peer_val_mae=0.03564195
[worker1/operator_darcy_student_lift_v2_gpu1] [operator_darcy_student_lift_v2/elem_ft_huber_l0015_w25_d55_95_lr15e4] [operator][epoch 082] lambda=0.0059 train_mse=0.00619290 val_mse=0.01482321 val_mae=0.09002223 | peer_val_mse=0.00368136 peer_val_mae=0.03564195
[worker1/operator_darcy_student_lift_v2_gpu1] [operator_darcy_student_lift_v2/elem_ft_huber_l0015_w25_d55_95_lr15e4] [operator][epoch 083] lambda=0.0055 train_mse=0.00614387 val_mse=0.01423301 val_mae=0.08779944 | peer_val_mse=0.00368136 peer_val_mae=0.03564195
[worker1/operator_darcy_student_lift_v2_gpu1] [operator_darcy_student_lift_v2/elem_ft_huber_l0015_w25_d55_95_lr15e4] [operator][epoch 084] lambda=0.0052 train_mse=0.00647846 val_mse=0.01455708 val_mae=0.08892641 | peer_val_mse=0.00368136 peer_val_mae=0.03564195
[worker1/operator_darcy_student_lift_v2_gpu1] [operator_darcy_student_lift_v2/elem_ft_huber_l0015_w25_d55_95_lr15e4] [operator][epoch 085] lambda=0.0049 train_mse=0.00635505 val_mse=0.01444896 val_mae=0.08841829 | peer_val_mse=0.00368136 peer_val_mae=0.03564195
[worker1/operator_darcy_student_lift_v2_gpu1] [operator_darcy_student_lift_v2/elem_ft_huber_l0015_w25_d55_95_lr15e4] [operator][epoch 086] lambda=0.0045 train_mse=0.00617488 val_mse=0.01452596 val_mae=0.08802757 | peer_val_mse=0.00368136 peer_val_mae=0.03564195
[worker1/operator_darcy_student_lift_v2_gpu1] [operator_darcy_student_lift_v2/elem_ft_huber_l0015_w25_d55_95_lr15e4] [operator][epoch 087] lambda=0.0042 train_mse=0.00639562 val_mse=0.01456790 val_mae=0.08852060 | peer_val_mse=0.00368136 peer_val_mae=0.03564195
[worker1/operator_darcy_student_lift_v2_gpu1] [operator_darcy_student_lift_v2/elem_ft_huber_l0015_w25_d55_95_lr15e4] [operator][epoch 088] lambda=0.0039 train_mse=0.00615333 val_mse=0.01442185 val_mae=0.08839705 | peer_val_mse=0.00368136 peer_val_mae=0.03564195
[worker1/operator_darcy_student_lift_v2_gpu1] [operator_darcy_student_lift_v2/elem_ft_huber_l0015_w25_d55_95_lr15e4] [operator][epoch 089] lambda=0.0035 train_mse=0.00642472 val_mse=0.01483390 val_mae=0.08973102 | peer_val_mse=0.00368136 peer_val_mae=0.03564195
[worker1/operator_darcy_student_lift_v2_gpu1] [operator_darcy_student_lift_v2/elem_ft_huber_l0015_w25_d55_95_lr15e4] [operator][epoch 090] lambda=0.0032 train_mse=0.00694442 val_mse=0.01435485 val_mae=0.08846965 | peer_val_mse=0.00368136 peer_val_mae=0.03564195
[worker1/operator_darcy_student_lift_v2_gpu1] [operator_darcy_student_lift_v2/elem_ft_huber_l0015_w25_d55_95_lr15e4] [operator][epoch 091] lambda=0.0028 train_mse=0.00681227 val_mse=0.01452730 val_mae=0.08859357 | peer_val_mse=0.00368136 peer_val_mae=0.03564195
[worker1/operator_darcy_student_lift_v2_gpu1] [operator_darcy_student_lift_v2/elem_ft_huber_l0015_w25_d55_95_lr15e4] [operator][epoch 092] lambda=0.0025 train_mse=0.00676642 val_mse=0.01494375 val_mae=0.08978003 | peer_val_mse=0.00368136 peer_val_mae=0.03564195
[worker1/operator_darcy_student_lift_v2_gpu1] [operator_darcy_student_lift_v2/elem_ft_huber_l0015_w25_d55_95_lr15e4] [operator][epoch 093] lambda=0.0022 train_mse=0.00631354 val_mse=0.01471564 val_mae=0.08831930 | peer_val_mse=0.00368136 peer_val_mae=0.03564195
[worker1/operator_darcy_student_lift_v2_gpu1] [operator_darcy_student_lift_v2/elem_ft_huber_l0015_w25_d55_95_lr15e4] [operator][epoch 094] lambda=0.0018 train_mse=0.00654280 val_mse=0.01462898 val_mae=0.08829266 | peer_val_mse=0.00368136 peer_val_mae=0.03564195
[worker1/operator_darcy_student_lift_v2_gpu1] [operator_darcy_student_lift_v2/elem_ft_huber_l0015_w25_d55_95_lr15e4] [operator][epoch 095] lambda=0.0015 train_mse=0.00610808 val_mse=0.01436027 val_mae=0.08761132 | peer_val_mse=0.00368136 peer_val_mae=0.03564195
[worker1/operator_darcy_student_lift_v2_gpu1] [operator_darcy_student_lift_v2/elem_ft_huber_l0015_w25_d55_95_lr15e4] [operator][epoch 096] lambda=0.0015 train_mse=0.00602642 val_mse=0.01421319 val_mae=0.08735653 | peer_val_mse=0.00368136 peer_val_mae=0.03564195
[worker1/operator_darcy_student_lift_v2_gpu1] [operator_darcy_student_lift_v2/elem_ft_huber_l0015_w25_d55_95_lr15e4] [operator][epoch 097] lambda=0.0015 train_mse=0.00622472 val_mse=0.01418683 val_mae=0.08746867 | peer_val_mse=0.00368136 peer_val_mae=0.03564195
[worker1/operator_darcy_student_lift_v2_gpu1] [operator_darcy_student_lift_v2/elem_ft_huber_l0015_w25_d55_95_lr15e4] [operator][epoch 098] lambda=0.0015 train_mse=0.00634282 val_mse=0.01393344 val_mae=0.08668261 | peer_val_mse=0.00368136 peer_val_mae=0.03564195
[worker1/operator_darcy_student_lift_v2_gpu1] [operator_darcy_student_lift_v2/elem_ft_huber_l0015_w25_d55_95_lr15e4] [operator][epoch 099] lambda=0.0015 train_mse=0.00575374 val_mse=0.01363842 val_mae=0.08602566 | peer_val_mse=0.00368136 peer_val_mae=0.03564195
[worker1/operator_darcy_student_lift_v2_gpu1] [operator_darcy_student_lift_v2/elem_ft_huber_l0015_w25_d55_95_lr15e4] [operator][epoch 100] lambda=0.0015 train_mse=0.00565005 val_mse=0.01401605 val_mae=0.08660599 | peer_val_mse=0.00368136 peer_val_mae=0.03564195
[worker1/operator_darcy_student_lift_v2_gpu1] [operator_darcy_student_lift_v2/elem_ft_huber_l0015_w25_d55_95_lr15e4] [operator][epoch 100] updated live plot
[worker1/operator_darcy_student_lift_v2_gpu1] [operator_darcy_student_lift_v2/elem_ft_huber_l0015_w25_d55_95_lr15e4] [operator][epoch 101] lambda=0.0015 train_mse=0.00580573 val_mse=0.01454964 val_mae=0.08785600 | peer_val_mse=0.00368136 peer_val_mae=0.03564195
[worker1/operator_darcy_student_lift_v2_gpu1] [operator_darcy_student_lift_v2/elem_ft_huber_l0015_w25_d55_95_lr15e4] [operator][epoch 102] lambda=0.0015 train_mse=0.00608907 val_mse=0.01497447 val_mae=0.09032504 | peer_val_mse=0.00368136 peer_val_mae=0.03564195
[worker1/operator_darcy_student_lift_v2_gpu1] [operator_darcy_student_lift_v2/elem_ft_huber_l0015_w25_d55_95_lr15e4] [operator][epoch 103] lambda=0.0015 train_mse=0.00609090 val_mse=0.01416979 val_mae=0.08724313 | peer_val_mse=0.00368136 peer_val_mae=0.03564195
[worker1/operator_darcy_student_lift_v2_gpu1] [operator_darcy_student_lift_v2/elem_ft_huber_l0015_w25_d55_95_lr15e4] [operator][epoch 104] lambda=0.0015 train_mse=0.00599018 val_mse=0.01370192 val_mae=0.08584380 | peer_val_mse=0.00368136 peer_val_mae=0.03564195
[worker1/operator_darcy_student_lift_v2_gpu1] [operator_darcy_student_lift_v2/elem_ft_huber_l0015_w25_d55_95_lr15e4] [operator][epoch 105] lambda=0.0015 train_mse=0.00561661 val_mse=0.01369237 val_mae=0.08586355 | peer_val_mse=0.00368136 peer_val_mae=0.03564195
[worker1/operator_darcy_student_lift_v2_gpu1] [operator_darcy_student_lift_v2/elem_ft_huber_l0015_w25_d55_95_lr15e4] [operator][epoch 106] lambda=0.0015 train_mse=0.00554802 val_mse=0.01385350 val_mae=0.08598597 | peer_val_mse=0.00368136 peer_val_mae=0.03564195
[worker1/operator_darcy_student_lift_v2_gpu1] [operator_darcy_student_lift_v2/elem_ft_huber_l0015_w25_d55_95_lr15e4] [operator][epoch 107] lambda=0.0015 train_mse=0.00582795 val_mse=0.01407096 val_mae=0.08680134 | peer_val_mse=0.00368136 peer_val_mae=0.03564195
[worker1/operator_darcy_student_lift_v2_gpu1] [operator_darcy_student_lift_v2/elem_ft_huber_l0015_w25_d55_95_lr15e4] [operator][epoch 108] lambda=0.0015 train_mse=0.00584968 val_mse=0.01366330 val_mae=0.08556189 | peer_val_mse=0.00368136 peer_val_mae=0.03564195
[worker1/operator_darcy_student_lift_v2_gpu1] [operator_darcy_student_lift_v2/elem_ft_huber_l0015_w25_d55_95_lr15e4] [operator][epoch 109] lambda=0.0015 train_mse=0.00630172 val_mse=0.01419067 val_mae=0.08753715 | peer_val_mse=0.00368136 peer_val_mae=0.03564195
[worker1/operator_darcy_student_lift_v2_gpu1] [operator_darcy_student_lift_v2/elem_ft_huber_l0015_w25_d55_95_lr15e4] [operator][epoch 110] lambda=0.0015 train_mse=0.00627363 val_mse=0.01444729 val_mae=0.08795413 | peer_val_mse=0.00368136 peer_val_mae=0.03564195
[worker1/operator_darcy_student_lift_v2_gpu1] [operator_darcy_student_lift_v2/elem_ft_huber_l0015_w25_d55_95_lr15e4] [operator][epoch 110] updated live plot
[worker1/operator_darcy_student_lift_v2_gpu1] [operator_darcy_student_lift_v2/elem_ft_huber_l0015_w25_d55_95_lr15e4] [operator] done
[worker1/operator_darcy_student_lift_v2_gpu1] [operator_darcy_student_lift_v2/elem_ft_huber_l0015_w25_d55_95_lr15e4] [operator] dataset=darcy pair=deeponet:fno method=ssml seed=1
[worker1/operator_darcy_student_lift_v2_gpu1] [operator_darcy_student_lift_v2/elem_ft_huber_l0015_w25_d55_95_lr15e4] [operator] loaded init_checkpoint=results/operator_ssml_tuned_v1/operator/darcy/deeponet_independent_mse_seed1/model.pt
[worker1/operator_darcy_student_lift_v2_gpu1] [operator_darcy_student_lift_v2/elem_ft_huber_l0015_w25_d55_95_lr15e4] [operator] loaded peer_init_checkpoint=results/operator_ssml_tuned_v1/operator/darcy/fno_independent_mse_seed1/model.pt
[worker1/operator_darcy_student_lift_v2_gpu1] [operator_darcy_student_lift_v2/elem_ft_huber_l0015_w25_d55_95_lr15e4] [operator] run_dir=results/operator_darcy_student_lift_v2/elem_ft_huber_l0015_w25_d55_95_lr15e4/operator/darcy/deeponet__fno_ssml_huber_seed1
[worker1/operator_darcy_student_lift_v2_gpu1] [operator_darcy_student_lift_v2/elem_ft_huber_l0015_w25_d55_95_lr15e4] [operator] params=592000
[worker1/operator_darcy_student_lift_v2_gpu1] [operator_darcy_student_lift_v2/elem_ft_huber_l0015_w25_d55_95_lr15e4] [operator] granularity=element student_only=True freeze_peer=True peer_updates_disabled=True
[worker1/operator_darcy_student_lift_v2_gpu1] [operator_darcy_student_lift_v2/elem_ft_huber_l0015_w25_d55_95_lr15e4] [operator][epoch 001] lambda=0.0000 train_mse=0.01604140 val_mse=0.01758853 val_mae=0.10063857 | peer_val_mse=0.00281644 peer_val_mae=0.03476973
[worker1/operator_darcy_student_lift_v2_gpu1] [operator_darcy_student_lift_v2/elem_ft_huber_l0015_w25_d55_95_lr15e4] [operator][epoch 002] lambda=0.0000 train_mse=0.01135198 val_mse=0.01787954 val_mae=0.10105015 | peer_val_mse=0.00281644 peer_val_mae=0.03476973
[worker1/operator_darcy_student_lift_v2_gpu1] [operator_darcy_student_lift_v2/elem_ft_huber_l0015_w25_d55_95_lr15e4] [operator][epoch 003] lambda=0.0000 train_mse=0.01134026 val_mse=0.01745338 val_mae=0.09977828 | peer_val_mse=0.00281644 peer_val_mae=0.03476973
[worker1/operator_darcy_student_lift_v2_gpu1] [operator_darcy_student_lift_v2/elem_ft_huber_l0015_w25_d55_95_lr15e4] [operator][epoch 004] lambda=0.0000 train_mse=0.01150083 val_mse=0.01793867 val_mae=0.10153145 | peer_val_mse=0.00281644 peer_val_mae=0.03476973
[worker1/operator_darcy_student_lift_v2_gpu1] [operator_darcy_student_lift_v2/elem_ft_huber_l0015_w25_d55_95_lr15e4] [operator][epoch 005] lambda=0.0000 train_mse=0.01183740 val_mse=0.01975365 val_mae=0.10777566 | peer_val_mse=0.00281644 peer_val_mae=0.03476973
[worker1/operator_darcy_student_lift_v2_gpu1] [operator_darcy_student_lift_v2/elem_ft_huber_l0015_w25_d55_95_lr15e4] [operator][epoch 006] lambda=0.0000 train_mse=0.01337491 val_mse=0.01820890 val_mae=0.10327128 | peer_val_mse=0.00281644 peer_val_mae=0.03476973
[worker1/operator_darcy_student_lift_v2_gpu1] [operator_darcy_student_lift_v2/elem_ft_huber_l0015_w25_d55_95_lr15e4] [operator][epoch 007] lambda=0.0000 train_mse=0.01100497 val_mse=0.01744227 val_mae=0.09964322 | peer_val_mse=0.00281644 peer_val_mae=0.03476973
[worker1/operator_darcy_student_lift_v2_gpu1] [operator_darcy_student_lift_v2/elem_ft_huber_l0015_w25_d55_95_lr15e4] [operator][epoch 008] lambda=0.0000 train_mse=0.01095511 val_mse=0.01775669 val_mae=0.10111920 | peer_val_mse=0.00281644 peer_val_mae=0.03476973
[worker1/operator_darcy_student_lift_v2_gpu1] [operator_darcy_student_lift_v2/elem_ft_huber_l0015_w25_d55_95_lr15e4] [operator][epoch 009] lambda=0.0000 train_mse=0.01060977 val_mse=0.01756208 val_mae=0.10008150 | peer_val_mse=0.00281644 peer_val_mae=0.03476973
[worker1/operator_darcy_student_lift_v2_gpu1] [operator_darcy_student_lift_v2/elem_ft_huber_l0015_w25_d55_95_lr15e4] [operator][epoch 010] lambda=0.0000 train_mse=0.01048031 val_mse=0.01777294 val_mae=0.10104494 | peer_val_mse=0.00281644 peer_val_mae=0.03476973
[worker1/operator_darcy_student_lift_v2_gpu1] [operator_darcy_student_lift_v2/elem_ft_huber_l0015_w25_d55_95_lr15e4] [operator][epoch 011] lambda=0.0000 train_mse=0.01064147 val_mse=0.01775790 val_mae=0.10078421 | peer_val_mse=0.00281644 peer_val_mae=0.03476973
[worker1/operator_darcy_student_lift_v2_gpu1] [operator_darcy_student_lift_v2/elem_ft_huber_l0015_w25_d55_95_lr15e4] [operator][epoch 012] lambda=0.0000 train_mse=0.01054709 val_mse=0.01700506 val_mae=0.09844126 | peer_val_mse=0.00281644 peer_val_mae=0.03476973
[worker1/operator_darcy_student_lift_v2_gpu1] [operator_darcy_student_lift_v2/elem_ft_huber_l0015_w25_d55_95_lr15e4] [operator][epoch 013] lambda=0.0000 train_mse=0.01062626 val_mse=0.01706759 val_mae=0.09838595 | peer_val_mse=0.00281644 peer_val_mae=0.03476973
[worker1/operator_darcy_student_lift_v2_gpu1] [operator_darcy_student_lift_v2/elem_ft_huber_l0015_w25_d55_95_lr15e4] [operator][epoch 014] lambda=0.0000 train_mse=0.01050585 val_mse=0.01783854 val_mae=0.10104464 | peer_val_mse=0.00281644 peer_val_mae=0.03476973
[worker1/operator_darcy_student_lift_v2_gpu1] [operator_darcy_student_lift_v2/elem_ft_huber_l0015_w25_d55_95_lr15e4] [operator][epoch 015] lambda=0.0000 train_mse=0.01084381 val_mse=0.01670247 val_mae=0.09754872 | peer_val_mse=0.00281644 peer_val_mae=0.03476973
[worker1/operator_darcy_student_lift_v2_gpu1] [operator_darcy_student_lift_v2/elem_ft_huber_l0015_w25_d55_95_lr15e4] [operator][epoch 016] lambda=0.0000 train_mse=0.01138771 val_mse=0.01862175 val_mae=0.10271089 | peer_val_mse=0.00281644 peer_val_mae=0.03476973
[worker1/operator_darcy_student_lift_v2_gpu1] [operator_darcy_student_lift_v2/elem_ft_huber_l0015_w25_d55_95_lr15e4] [operator][epoch 017] lambda=0.0000 train_mse=0.01044242 val_mse=0.01712751 val_mae=0.09853801 | peer_val_mse=0.00281644 peer_val_mae=0.03476973
[worker1/operator_darcy_student_lift_v2_gpu1] [operator_darcy_student_lift_v2/elem_ft_huber_l0015_w25_d55_95_lr15e4] [operator][epoch 018] lambda=0.0000 train_mse=0.00992663 val_mse=0.01641111 val_mae=0.09653778 | peer_val_mse=0.00281644 peer_val_mae=0.03476973
[worker1/operator_darcy_student_lift_v2_gpu1] [operator_darcy_student_lift_v2/elem_ft_huber_l0015_w25_d55_95_lr15e4] [operator][epoch 019] lambda=0.0000 train_mse=0.01029574 val_mse=0.01736770 val_mae=0.09938564 | peer_val_mse=0.00281644 peer_val_mae=0.03476973
[worker1/operator_darcy_student_lift_v2_gpu1] [operator_darcy_student_lift_v2/elem_ft_huber_l0015_w25_d55_95_lr15e4] [operator][epoch 020] lambda=0.0000 train_mse=0.00962639 val_mse=0.01650372 val_mae=0.09663623 | peer_val_mse=0.00281644 peer_val_mae=0.03476973
[worker1/operator_darcy_student_lift_v2_gpu1] [operator_darcy_student_lift_v2/elem_ft_huber_l0015_w25_d55_95_lr15e4] [operator][epoch 020] updated live plot
[worker1/operator_darcy_student_lift_v2_gpu1] [operator_darcy_student_lift_v2/elem_ft_huber_l0015_w25_d55_95_lr15e4] [operator][epoch 021] lambda=0.0000 train_mse=0.00952003 val_mse=0.01703121 val_mae=0.09830446 | peer_val_mse=0.00281644 peer_val_mae=0.03476973
[worker1/operator_darcy_student_lift_v2_gpu1] [operator_darcy_student_lift_v2/elem_ft_huber_l0015_w25_d55_95_lr15e4] [operator][epoch 022] lambda=0.0000 train_mse=0.00999791 val_mse=0.01816127 val_mae=0.10259857 | peer_val_mse=0.00281644 peer_val_mae=0.03476973
[worker1/operator_darcy_student_lift_v2_gpu1] [operator_darcy_student_lift_v2/elem_ft_huber_l0015_w25_d55_95_lr15e4] [operator][epoch 023] lambda=0.0000 train_mse=0.00955401 val_mse=0.01705348 val_mae=0.09874122 | peer_val_mse=0.00281644 peer_val_mae=0.03476973
[worker1/operator_darcy_student_lift_v2_gpu1] [operator_darcy_student_lift_v2/elem_ft_huber_l0015_w25_d55_95_lr15e4] [operator][epoch 024] lambda=0.0000 train_mse=0.00979448 val_mse=0.01641290 val_mae=0.09647887 | peer_val_mse=0.00281644 peer_val_mae=0.03476973
[worker1/operator_darcy_student_lift_v2_gpu1] [operator_darcy_student_lift_v2/elem_ft_huber_l0015_w25_d55_95_lr15e4] [operator][epoch 025] lambda=0.0000 train_mse=0.00957100 val_mse=0.01723512 val_mae=0.09927046 | peer_val_mse=0.00281644 peer_val_mae=0.03476973
[worker1/operator_darcy_student_lift_v2_gpu1] [operator_darcy_student_lift_v2/elem_ft_huber_l0015_w25_d55_95_lr15e4] [operator][epoch 026] lambda=0.0150 train_mse=0.00928758 val_mse=0.01629626 val_mae=0.09579156 | peer_val_mse=0.00281644 peer_val_mae=0.03476973
[worker1/operator_darcy_student_lift_v2_gpu1] [operator_darcy_student_lift_v2/elem_ft_huber_l0015_w25_d55_95_lr15e4] [operator][epoch 027] lambda=0.0150 train_mse=0.00899390 val_mse=0.01681294 val_mae=0.09751223 | peer_val_mse=0.00281644 peer_val_mae=0.03476973
[worker1/operator_darcy_student_lift_v2_gpu1] [operator_darcy_student_lift_v2/elem_ft_huber_l0015_w25_d55_95_lr15e4] [operator][epoch 028] lambda=0.0150 train_mse=0.00910906 val_mse=0.01731753 val_mae=0.09895557 | peer_val_mse=0.00281644 peer_val_mae=0.03476973
[worker1/operator_darcy_student_lift_v2_gpu1] [operator_darcy_student_lift_v2/elem_ft_huber_l0015_w25_d55_95_lr15e4] [operator][epoch 029] lambda=0.0150 train_mse=0.01099513 val_mse=0.01750963 val_mae=0.09908395 | peer_val_mse=0.00281644 peer_val_mae=0.03476973
[worker1/operator_darcy_student_lift_v2_gpu1] [operator_darcy_student_lift_v2/elem_ft_huber_l0015_w25_d55_95_lr15e4] [operator][epoch 030] lambda=0.0150 train_mse=0.00976288 val_mse=0.01646580 val_mae=0.09652100 | peer_val_mse=0.00281644 peer_val_mae=0.03476973
[worker1/operator_darcy_student_lift_v2_gpu1] [operator_darcy_student_lift_v2/elem_ft_huber_l0015_w25_d55_95_lr15e4] [operator][epoch 031] lambda=0.0150 train_mse=0.00908222 val_mse=0.01615128 val_mae=0.09569763 | peer_val_mse=0.00281644 peer_val_mae=0.03476973
[worker1/operator_darcy_student_lift_v2_gpu1] [operator_darcy_student_lift_v2/elem_ft_huber_l0015_w25_d55_95_lr15e4] [operator][epoch 032] lambda=0.0150 train_mse=0.00910148 val_mse=0.01607616 val_mae=0.09492312 | peer_val_mse=0.00281644 peer_val_mae=0.03476973
[worker1/operator_darcy_student_lift_v2_gpu1] [operator_darcy_student_lift_v2/elem_ft_huber_l0015_w25_d55_95_lr15e4] [operator][epoch 033] lambda=0.0150 train_mse=0.00898112 val_mse=0.01632222 val_mae=0.09610086 | peer_val_mse=0.00281644 peer_val_mae=0.03476973
[worker1/operator_darcy_student_lift_v2_gpu1] [operator_darcy_student_lift_v2/elem_ft_huber_l0015_w25_d55_95_lr15e4] [operator][epoch 034] lambda=0.0150 train_mse=0.00889242 val_mse=0.01616370 val_mae=0.09576145 | peer_val_mse=0.00281644 peer_val_mae=0.03476973
[worker1/operator_darcy_student_lift_v2_gpu1] [operator_darcy_student_lift_v2/elem_ft_huber_l0015_w25_d55_95_lr15e4] [operator][epoch 035] lambda=0.0150 train_mse=0.00946692 val_mse=0.01657512 val_mae=0.09698780 | peer_val_mse=0.00281644 peer_val_mae=0.03476973
[worker1/operator_darcy_student_lift_v2_gpu1] [operator_darcy_student_lift_v2/elem_ft_huber_l0015_w25_d55_95_lr15e4] [operator][epoch 036] lambda=0.0150 train_mse=0.00927936 val_mse=0.01782153 val_mae=0.09979043 | peer_val_mse=0.00281644 peer_val_mae=0.03476973
[worker1/operator_darcy_student_lift_v2_gpu1] [operator_darcy_student_lift_v2/elem_ft_huber_l0015_w25_d55_95_lr15e4] [operator][epoch 037] lambda=0.0150 train_mse=0.00898868 val_mse=0.01634827 val_mae=0.09605853 | peer_val_mse=0.00281644 peer_val_mae=0.03476973
[worker1/operator_darcy_student_lift_v2_gpu1] [operator_darcy_student_lift_v2/elem_ft_huber_l0015_w25_d55_95_lr15e4] [operator][epoch 038] lambda=0.0150 train_mse=0.00933546 val_mse=0.01692842 val_mae=0.09748812 | peer_val_mse=0.00281644 peer_val_mae=0.03476973
[worker1/operator_darcy_student_lift_v2_gpu1] [operator_darcy_student_lift_v2/elem_ft_huber_l0015_w25_d55_95_lr15e4] [operator][epoch 039] lambda=0.0150 train_mse=0.00983302 val_mse=0.01601396 val_mae=0.09460914 | peer_val_mse=0.00281644 peer_val_mae=0.03476973
[worker1/operator_darcy_student_lift_v2_gpu1] [operator_darcy_student_lift_v2/elem_ft_huber_l0015_w25_d55_95_lr15e4] [operator][epoch 040] lambda=0.0150 train_mse=0.00869757 val_mse=0.01605700 val_mae=0.09510374 | peer_val_mse=0.00281644 peer_val_mae=0.03476973
[worker1/operator_darcy_student_lift_v2_gpu1] [operator_darcy_student_lift_v2/elem_ft_huber_l0015_w25_d55_95_lr15e4] [operator][epoch 040] updated live plot
[worker1/operator_darcy_student_lift_v2_gpu1] [operator_darcy_student_lift_v2/elem_ft_huber_l0015_w25_d55_95_lr15e4] [operator][epoch 041] lambda=0.0150 train_mse=0.00855891 val_mse=0.01614799 val_mae=0.09555124 | peer_val_mse=0.00281644 peer_val_mae=0.03476973
[worker1/operator_darcy_student_lift_v2_gpu1] [operator_darcy_student_lift_v2/elem_ft_huber_l0015_w25_d55_95_lr15e4] [operator][epoch 042] lambda=0.0150 train_mse=0.00861518 val_mse=0.01534267 val_mae=0.09294443 | peer_val_mse=0.00281644 peer_val_mae=0.03476973
[worker1/operator_darcy_student_lift_v2_gpu1] [operator_darcy_student_lift_v2/elem_ft_huber_l0015_w25_d55_95_lr15e4] [operator][epoch 043] lambda=0.0150 train_mse=0.00832378 val_mse=0.01587403 val_mae=0.09408341 | peer_val_mse=0.00281644 peer_val_mae=0.03476973
[worker1/operator_darcy_student_lift_v2_gpu1] [operator_darcy_student_lift_v2/elem_ft_huber_l0015_w25_d55_95_lr15e4] [operator][epoch 044] lambda=0.0150 train_mse=0.00852617 val_mse=0.01605258 val_mae=0.09503359 | peer_val_mse=0.00281644 peer_val_mae=0.03476973
[worker1/operator_darcy_student_lift_v2_gpu1] [operator_darcy_student_lift_v2/elem_ft_huber_l0015_w25_d55_95_lr15e4] [operator][epoch 045] lambda=0.0150 train_mse=0.00835512 val_mse=0.01593186 val_mae=0.09489145 | peer_val_mse=0.00281644 peer_val_mae=0.03476973
[worker1/operator_darcy_student_lift_v2_gpu1] [operator_darcy_student_lift_v2/elem_ft_huber_l0015_w25_d55_95_lr15e4] [operator][epoch 046] lambda=0.0150 train_mse=0.00928033 val_mse=0.01761270 val_mae=0.10003143 | peer_val_mse=0.00281644 peer_val_mae=0.03476973
[worker1/operator_darcy_student_lift_v2_gpu1] [operator_darcy_student_lift_v2/elem_ft_huber_l0015_w25_d55_95_lr15e4] [operator][epoch 047] lambda=0.0150 train_mse=0.01203534 val_mse=0.01678564 val_mae=0.09754668 | peer_val_mse=0.00281644 peer_val_mae=0.03476973
[worker1/operator_darcy_student_lift_v2_gpu1] [operator_darcy_student_lift_v2/elem_ft_huber_l0015_w25_d55_95_lr15e4] [operator][epoch 048] lambda=0.0150 train_mse=0.00890492 val_mse=0.01607868 val_mae=0.09481413 | peer_val_mse=0.00281644 peer_val_mae=0.03476973
[worker1/operator_darcy_student_lift_v2_gpu1] [operator_darcy_student_lift_v2/elem_ft_huber_l0015_w25_d55_95_lr15e4] [operator][epoch 049] lambda=0.0150 train_mse=0.00837077 val_mse=0.01666660 val_mae=0.09741663 | peer_val_mse=0.00281644 peer_val_mae=0.03476973
[worker1/operator_darcy_student_lift_v2_gpu1] [operator_darcy_student_lift_v2/elem_ft_huber_l0015_w25_d55_95_lr15e4] [operator][epoch 050] lambda=0.0150 train_mse=0.00823212 val_mse=0.01597347 val_mae=0.09499721 | peer_val_mse=0.00281644 peer_val_mae=0.03476973
[worker1/operator_darcy_student_lift_v2_gpu1] [operator_darcy_student_lift_v2/elem_ft_huber_l0015_w25_d55_95_lr15e4] [operator][epoch 051] lambda=0.0150 train_mse=0.00806173 val_mse=0.01575917 val_mae=0.09407277 | peer_val_mse=0.00281644 peer_val_mae=0.03476973
[worker1/operator_darcy_student_lift_v2_gpu1] [operator_darcy_student_lift_v2/elem_ft_huber_l0015_w25_d55_95_lr15e4] [operator][epoch 052] lambda=0.0150 train_mse=0.00832439 val_mse=0.01597208 val_mae=0.09475356 | peer_val_mse=0.00281644 peer_val_mae=0.03476973
[worker1/operator_darcy_student_lift_v2_gpu1] [operator_darcy_student_lift_v2/elem_ft_huber_l0015_w25_d55_95_lr15e4] [operator][epoch 053] lambda=0.0150 train_mse=0.00805407 val_mse=0.01557940 val_mae=0.09321198 | peer_val_mse=0.00281644 peer_val_mae=0.03476973
[worker1/operator_darcy_student_lift_v2_gpu1] [operator_darcy_student_lift_v2/elem_ft_huber_l0015_w25_d55_95_lr15e4] [operator][epoch 054] lambda=0.0150 train_mse=0.00813273 val_mse=0.01557953 val_mae=0.09265998 | peer_val_mse=0.00281644 peer_val_mae=0.03476973
[worker1/operator_darcy_student_lift_v2_gpu1] [operator_darcy_student_lift_v2/elem_ft_huber_l0015_w25_d55_95_lr15e4] [operator][epoch 055] lambda=0.0150 train_mse=0.00808607 val_mse=0.01501220 val_mae=0.09156064 | peer_val_mse=0.00281644 peer_val_mae=0.03476973
[worker1/operator_darcy_student_lift_v2_gpu1] [operator_darcy_student_lift_v2/elem_ft_huber_l0015_w25_d55_95_lr15e4] [operator][epoch 056] lambda=0.0147 train_mse=0.00814713 val_mse=0.01631495 val_mae=0.09588268 | peer_val_mse=0.00281644 peer_val_mae=0.03476973
[worker1/operator_darcy_student_lift_v2_gpu1] [operator_darcy_student_lift_v2/elem_ft_huber_l0015_w25_d55_95_lr15e4] [operator][epoch 057] lambda=0.0143 train_mse=0.00807709 val_mse=0.01594533 val_mae=0.09462070 | peer_val_mse=0.00281644 peer_val_mae=0.03476973
[worker1/operator_darcy_student_lift_v2_gpu1] [operator_darcy_student_lift_v2/elem_ft_huber_l0015_w25_d55_95_lr15e4] [operator][epoch 058] lambda=0.0140 train_mse=0.00790823 val_mse=0.01680712 val_mae=0.09675122 | peer_val_mse=0.00281644 peer_val_mae=0.03476973
[worker1/operator_darcy_student_lift_v2_gpu1] [operator_darcy_student_lift_v2/elem_ft_huber_l0015_w25_d55_95_lr15e4] [operator][epoch 059] lambda=0.0137 train_mse=0.00831817 val_mse=0.01644565 val_mae=0.09623156 | peer_val_mse=0.00281644 peer_val_mae=0.03476973
[worker1/operator_darcy_student_lift_v2_gpu1] [operator_darcy_student_lift_v2/elem_ft_huber_l0015_w25_d55_95_lr15e4] [operator][epoch 060] lambda=0.0133 train_mse=0.00814347 val_mse=0.01515934 val_mae=0.09179285 | peer_val_mse=0.00281644 peer_val_mae=0.03476973
[worker1/operator_darcy_student_lift_v2_gpu1] [operator_darcy_student_lift_v2/elem_ft_huber_l0015_w25_d55_95_lr15e4] [operator][epoch 060] updated live plot
[worker1/operator_darcy_student_lift_v2_gpu1] [operator_darcy_student_lift_v2/elem_ft_huber_l0015_w25_d55_95_lr15e4] [operator][epoch 061] lambda=0.0130 train_mse=0.00768751 val_mse=0.01552363 val_mae=0.09293514 | peer_val_mse=0.00281644 peer_val_mae=0.03476973
[worker1/operator_darcy_student_lift_v2_gpu1] [operator_darcy_student_lift_v2/elem_ft_huber_l0015_w25_d55_95_lr15e4] [operator][epoch 062] lambda=0.0126 train_mse=0.00762763 val_mse=0.01546965 val_mae=0.09277747 | peer_val_mse=0.00281644 peer_val_mae=0.03476973
[worker1/operator_darcy_student_lift_v2_gpu1] [operator_darcy_student_lift_v2/elem_ft_huber_l0015_w25_d55_95_lr15e4] [operator][epoch 063] lambda=0.0123 train_mse=0.00758309 val_mse=0.01535040 val_mae=0.09240100 | peer_val_mse=0.00281644 peer_val_mae=0.03476973
[worker1/operator_darcy_student_lift_v2_gpu1] [operator_darcy_student_lift_v2/elem_ft_huber_l0015_w25_d55_95_lr15e4] [operator][epoch 064] lambda=0.0120 train_mse=0.00742527 val_mse=0.01536628 val_mae=0.09263184 | peer_val_mse=0.00281644 peer_val_mae=0.03476973
[worker1/operator_darcy_student_lift_v2_gpu1] [operator_darcy_student_lift_v2/elem_ft_huber_l0015_w25_d55_95_lr15e4] [operator][epoch 065] lambda=0.0116 train_mse=0.00748797 val_mse=0.01536469 val_mae=0.09274299 | peer_val_mse=0.00281644 peer_val_mae=0.03476973
[worker1/operator_darcy_student_lift_v2_gpu1] [operator_darcy_student_lift_v2/elem_ft_huber_l0015_w25_d55_95_lr15e4] [operator][epoch 066] lambda=0.0113 train_mse=0.00786620 val_mse=0.01539184 val_mae=0.09300247 | peer_val_mse=0.00281644 peer_val_mae=0.03476973
[worker1/operator_darcy_student_lift_v2_gpu1] [operator_darcy_student_lift_v2/elem_ft_huber_l0015_w25_d55_95_lr15e4] [operator][epoch 067] lambda=0.0109 train_mse=0.00758132 val_mse=0.01535979 val_mae=0.09242274 | peer_val_mse=0.00281644 peer_val_mae=0.03476973
[worker1/operator_darcy_student_lift_v2_gpu1] [operator_darcy_student_lift_v2/elem_ft_huber_l0015_w25_d55_95_lr15e4] [operator][epoch 068] lambda=0.0106 train_mse=0.00781177 val_mse=0.01657419 val_mae=0.09621309 | peer_val_mse=0.00281644 peer_val_mae=0.03476973
[worker1/operator_darcy_student_lift_v2_gpu1] [operator_darcy_student_lift_v2/elem_ft_huber_l0015_w25_d55_95_lr15e4] [operator][epoch 069] lambda=0.0103 train_mse=0.00929105 val_mse=0.01671757 val_mae=0.09663510 | peer_val_mse=0.00281644 peer_val_mae=0.03476973
[worker1/operator_darcy_student_lift_v2_gpu1] [operator_darcy_student_lift_v2/elem_ft_huber_l0015_w25_d55_95_lr15e4] [operator][epoch 070] lambda=0.0099 train_mse=0.00811378 val_mse=0.01689622 val_mae=0.09774032 | peer_val_mse=0.00281644 peer_val_mae=0.03476973
[worker1/operator_darcy_student_lift_v2_gpu1] [operator_darcy_student_lift_v2/elem_ft_huber_l0015_w25_d55_95_lr15e4] [operator][epoch 071] lambda=0.0096 train_mse=0.00770788 val_mse=0.01555911 val_mae=0.09313783 | peer_val_mse=0.00281644 peer_val_mae=0.03476973
[worker1/operator_darcy_student_lift_v2_gpu1] [operator_darcy_student_lift_v2/elem_ft_huber_l0015_w25_d55_95_lr15e4] [operator][epoch 072] lambda=0.0093 train_mse=0.00739737 val_mse=0.01476084 val_mae=0.09037227 | peer_val_mse=0.00281644 peer_val_mae=0.03476973
[worker1/operator_darcy_student_lift_v2_gpu1] [operator_darcy_student_lift_v2/elem_ft_huber_l0015_w25_d55_95_lr15e4] [operator][epoch 073] lambda=0.0089 train_mse=0.00718015 val_mse=0.01539116 val_mae=0.09247868 | peer_val_mse=0.00281644 peer_val_mae=0.03476973
[worker1/operator_darcy_student_lift_v2_gpu1] [operator_darcy_student_lift_v2/elem_ft_huber_l0015_w25_d55_95_lr15e4] [operator][epoch 074] lambda=0.0086 train_mse=0.00708152 val_mse=0.01478586 val_mae=0.09045077 | peer_val_mse=0.00281644 peer_val_mae=0.03476973
[worker1/operator_darcy_student_lift_v2_gpu1] [operator_darcy_student_lift_v2/elem_ft_huber_l0015_w25_d55_95_lr15e4] [operator][epoch 075] lambda=0.0083 train_mse=0.00718081 val_mse=0.01614917 val_mae=0.09474909 | peer_val_mse=0.00281644 peer_val_mae=0.03476973
[worker1/operator_darcy_student_lift_v2_gpu1] [operator_darcy_student_lift_v2/elem_ft_huber_l0015_w25_d55_95_lr15e4] [operator][epoch 076] lambda=0.0079 train_mse=0.00845735 val_mse=0.01578647 val_mae=0.09340762 | peer_val_mse=0.00281644 peer_val_mae=0.03476973
[worker1/operator_darcy_student_lift_v2_gpu1] [operator_darcy_student_lift_v2/elem_ft_huber_l0015_w25_d55_95_lr15e4] [operator][epoch 077] lambda=0.0076 train_mse=0.00806625 val_mse=0.01542136 val_mae=0.09259202 | peer_val_mse=0.00281644 peer_val_mae=0.03476973
[worker1/operator_darcy_student_lift_v2_gpu1] [operator_darcy_student_lift_v2/elem_ft_huber_l0015_w25_d55_95_lr15e4] [operator][epoch 078] lambda=0.0072 train_mse=0.00813159 val_mse=0.01536165 val_mae=0.09250538 | peer_val_mse=0.00281644 peer_val_mae=0.03476973
[worker1/operator_darcy_student_lift_v2_gpu1] [operator_darcy_student_lift_v2/elem_ft_huber_l0015_w25_d55_95_lr15e4] [operator][epoch 079] lambda=0.0069 train_mse=0.00758608 val_mse=0.01489112 val_mae=0.09032901 | peer_val_mse=0.00281644 peer_val_mae=0.03476973
[worker1/operator_darcy_student_lift_v2_gpu1] [operator_darcy_student_lift_v2/elem_ft_huber_l0015_w25_d55_95_lr15e4] [operator][epoch 080] lambda=0.0066 train_mse=0.00734627 val_mse=0.01548318 val_mae=0.09223467 | peer_val_mse=0.00281644 peer_val_mae=0.03476973
[worker1/operator_darcy_student_lift_v2_gpu1] [operator_darcy_student_lift_v2/elem_ft_huber_l0015_w25_d55_95_lr15e4] [operator][epoch 080] updated live plot
[worker1/operator_darcy_student_lift_v2_gpu1] [operator_darcy_student_lift_v2/elem_ft_huber_l0015_w25_d55_95_lr15e4] [operator][epoch 081] lambda=0.0062 train_mse=0.00704230 val_mse=0.01474648 val_mae=0.09004888 | peer_val_mse=0.00281644 peer_val_mae=0.03476973
[worker1/operator_darcy_student_lift_v2_gpu1] [operator_darcy_student_lift_v2/elem_ft_huber_l0015_w25_d55_95_lr15e4] [operator][epoch 082] lambda=0.0059 train_mse=0.00685767 val_mse=0.01517930 val_mae=0.09165800 | peer_val_mse=0.00281644 peer_val_mae=0.03476973
[worker1/operator_darcy_student_lift_v2_gpu1] [operator_darcy_student_lift_v2/elem_ft_huber_l0015_w25_d55_95_lr15e4] [operator][epoch 083] lambda=0.0055 train_mse=0.00713985 val_mse=0.01487463 val_mae=0.09091376 | peer_val_mse=0.00281644 peer_val_mae=0.03476973
[worker1/operator_darcy_student_lift_v2_gpu1] [operator_darcy_student_lift_v2/elem_ft_huber_l0015_w25_d55_95_lr15e4] [operator][epoch 084] lambda=0.0052 train_mse=0.00674726 val_mse=0.01469810 val_mae=0.08972921 | peer_val_mse=0.00281644 peer_val_mae=0.03476973
[worker1/operator_darcy_student_lift_v2_gpu1] [operator_darcy_student_lift_v2/elem_ft_huber_l0015_w25_d55_95_lr15e4] [operator][epoch 085] lambda=0.0049 train_mse=0.00772706 val_mse=0.01494423 val_mae=0.09096443 | peer_val_mse=0.00281644 peer_val_mae=0.03476973
[worker1/operator_darcy_student_lift_v2_gpu1] [operator_darcy_student_lift_v2/elem_ft_huber_l0015_w25_d55_95_lr15e4] [operator][epoch 086] lambda=0.0045 train_mse=0.00771078 val_mse=0.01612798 val_mae=0.09452824 | peer_val_mse=0.00281644 peer_val_mae=0.03476973
[worker1/operator_darcy_student_lift_v2_gpu1] [operator_darcy_student_lift_v2/elem_ft_huber_l0015_w25_d55_95_lr15e4] [operator][epoch 087] lambda=0.0042 train_mse=0.00734265 val_mse=0.01500867 val_mae=0.09090090 | peer_val_mse=0.00281644 peer_val_mae=0.03476973
[worker1/operator_darcy_student_lift_v2_gpu1] [operator_darcy_student_lift_v2/elem_ft_huber_l0015_w25_d55_95_lr15e4] [operator][epoch 088] lambda=0.0039 train_mse=0.00666297 val_mse=0.01456289 val_mae=0.08924276 | peer_val_mse=0.00281644 peer_val_mae=0.03476973
[worker1/operator_darcy_student_lift_v2_gpu1] [operator_darcy_student_lift_v2/elem_ft_huber_l0015_w25_d55_95_lr15e4] [operator][epoch 089] lambda=0.0035 train_mse=0.00670123 val_mse=0.01483161 val_mae=0.09047496 | peer_val_mse=0.00281644 peer_val_mae=0.03476973
[worker1/operator_darcy_student_lift_v2_gpu1] [operator_darcy_student_lift_v2/elem_ft_huber_l0015_w25_d55_95_lr15e4] [operator][epoch 090] lambda=0.0032 train_mse=0.00769164 val_mse=0.01552519 val_mae=0.09338704 | peer_val_mse=0.00281644 peer_val_mae=0.03476973
[worker1/operator_darcy_student_lift_v2_gpu1] [operator_darcy_student_lift_v2/elem_ft_huber_l0015_w25_d55_95_lr15e4] [operator][epoch 091] lambda=0.0028 train_mse=0.00754316 val_mse=0.01527949 val_mae=0.09235495 | peer_val_mse=0.00281644 peer_val_mae=0.03476973
[worker1/operator_darcy_student_lift_v2_gpu1] [operator_darcy_student_lift_v2/elem_ft_huber_l0015_w25_d55_95_lr15e4] [operator][epoch 092] lambda=0.0025 train_mse=0.00695882 val_mse=0.01515511 val_mae=0.09135881 | peer_val_mse=0.00281644 peer_val_mae=0.03476973
[worker1/operator_darcy_student_lift_v2_gpu1] [operator_darcy_student_lift_v2/elem_ft_huber_l0015_w25_d55_95_lr15e4] [operator][epoch 093] lambda=0.0022 train_mse=0.00693353 val_mse=0.01511975 val_mae=0.09123547 | peer_val_mse=0.00281644 peer_val_mae=0.03476973
[worker1/operator_darcy_student_lift_v2_gpu1] [operator_darcy_student_lift_v2/elem_ft_huber_l0015_w25_d55_95_lr15e4] [operator][epoch 094] lambda=0.0018 train_mse=0.00712225 val_mse=0.01605106 val_mae=0.09457766 | peer_val_mse=0.00281644 peer_val_mae=0.03476973
[worker1/operator_darcy_student_lift_v2_gpu1] [operator_darcy_student_lift_v2/elem_ft_huber_l0015_w25_d55_95_lr15e4] [operator][epoch 095] lambda=0.0015 train_mse=0.00729655 val_mse=0.01492964 val_mae=0.09052510 | peer_val_mse=0.00281644 peer_val_mae=0.03476973
[worker1/operator_darcy_student_lift_v2_gpu1] [operator_darcy_student_lift_v2/elem_ft_huber_l0015_w25_d55_95_lr15e4] [operator][epoch 096] lambda=0.0015 train_mse=0.00663324 val_mse=0.01456355 val_mae=0.08902714 | peer_val_mse=0.00281644 peer_val_mae=0.03476973
[worker1/operator_darcy_student_lift_v2_gpu1] [operator_darcy_student_lift_v2/elem_ft_huber_l0015_w25_d55_95_lr15e4] [operator][epoch 097] lambda=0.0015 train_mse=0.00651631 val_mse=0.01538181 val_mae=0.09142352 | peer_val_mse=0.00281644 peer_val_mae=0.03476973
[worker1/operator_darcy_student_lift_v2_gpu1] [operator_darcy_student_lift_v2/elem_ft_huber_l0015_w25_d55_95_lr15e4] [operator][epoch 098] lambda=0.0015 train_mse=0.00668100 val_mse=0.01443524 val_mae=0.08883393 | peer_val_mse=0.00281644 peer_val_mae=0.03476973
[worker1/operator_darcy_student_lift_v2_gpu1] [operator_darcy_student_lift_v2/elem_ft_huber_l0015_w25_d55_95_lr15e4] [operator][epoch 099] lambda=0.0015 train_mse=0.00662529 val_mse=0.01497826 val_mae=0.08995297 | peer_val_mse=0.00281644 peer_val_mae=0.03476973
[worker1/operator_darcy_student_lift_v2_gpu1] [operator_darcy_student_lift_v2/elem_ft_huber_l0015_w25_d55_95_lr15e4] [operator][epoch 100] lambda=0.0015 train_mse=0.00640036 val_mse=0.01483259 val_mae=0.09013502 | peer_val_mse=0.00281644 peer_val_mae=0.03476973
[worker1/operator_darcy_student_lift_v2_gpu1] [operator_darcy_student_lift_v2/elem_ft_huber_l0015_w25_d55_95_lr15e4] [operator][epoch 100] updated live plot
[worker1/operator_darcy_student_lift_v2_gpu1] [operator_darcy_student_lift_v2/elem_ft_huber_l0015_w25_d55_95_lr15e4] [operator][epoch 101] lambda=0.0015 train_mse=0.00642277 val_mse=0.01502700 val_mae=0.09089308 | peer_val_mse=0.00281644 peer_val_mae=0.03476973
[worker1/operator_darcy_student_lift_v2_gpu1] [operator_darcy_student_lift_v2/elem_ft_huber_l0015_w25_d55_95_lr15e4] [operator][epoch 102] lambda=0.0015 train_mse=0.00647094 val_mse=0.01445299 val_mae=0.08875180 | peer_val_mse=0.00281644 peer_val_mae=0.03476973
[worker1/operator_darcy_student_lift_v2_gpu1] [operator_darcy_student_lift_v2/elem_ft_huber_l0015_w25_d55_95_lr15e4] [operator][epoch 103] lambda=0.0015 train_mse=0.00657182 val_mse=0.01467709 val_mae=0.08958348 | peer_val_mse=0.00281644 peer_val_mae=0.03476973
[worker1/operator_darcy_student_lift_v2_gpu1] [operator_darcy_student_lift_v2/elem_ft_huber_l0015_w25_d55_95_lr15e4] [operator][epoch 104] lambda=0.0015 train_mse=0.00646996 val_mse=0.01461761 val_mae=0.08947643 | peer_val_mse=0.00281644 peer_val_mae=0.03476973
[worker1/operator_darcy_student_lift_v2_gpu1] [operator_darcy_student_lift_v2/elem_ft_huber_l0015_w25_d55_95_lr15e4] [operator][epoch 105] lambda=0.0015 train_mse=0.00655716 val_mse=0.01449344 val_mae=0.08850365 | peer_val_mse=0.00281644 peer_val_mae=0.03476973
[worker1/operator_darcy_student_lift_v2_gpu1] [operator_darcy_student_lift_v2/elem_ft_huber_l0015_w25_d55_95_lr15e4] [operator][epoch 106] lambda=0.0015 train_mse=0.00652776 val_mse=0.01492274 val_mae=0.09100442 | peer_val_mse=0.00281644 peer_val_mae=0.03476973
[worker1/operator_darcy_student_lift_v2_gpu1] [operator_darcy_student_lift_v2/elem_ft_huber_l0015_w25_d55_95_lr15e4] [operator][epoch 107] lambda=0.0015 train_mse=0.00672762 val_mse=0.01529003 val_mae=0.09155486 | peer_val_mse=0.00281644 peer_val_mae=0.03476973
[worker1/operator_darcy_student_lift_v2_gpu1] [operator_darcy_student_lift_v2/elem_ft_huber_l0015_w25_d55_95_lr15e4] [operator][epoch 108] lambda=0.0015 train_mse=0.00733563 val_mse=0.01719748 val_mae=0.09777915 | peer_val_mse=0.00281644 peer_val_mae=0.03476973
[worker1/operator_darcy_student_lift_v2_gpu1] [operator_darcy_student_lift_v2/elem_ft_huber_l0015_w25_d55_95_lr15e4] [operator][epoch 109] lambda=0.0015 train_mse=0.00713208 val_mse=0.01496557 val_mae=0.09068957 | peer_val_mse=0.00281644 peer_val_mae=0.03476973
[worker1/operator_darcy_student_lift_v2_gpu1] [operator_darcy_student_lift_v2/elem_ft_huber_l0015_w25_d55_95_lr15e4] [operator][epoch 110] lambda=0.0015 train_mse=0.00655968 val_mse=0.01466976 val_mae=0.08941907 | peer_val_mse=0.00281644 peer_val_mae=0.03476973
[worker1/operator_darcy_student_lift_v2_gpu1] [operator_darcy_student_lift_v2/elem_ft_huber_l0015_w25_d55_95_lr15e4] [operator][epoch 110] updated live plot
[worker1/operator_darcy_student_lift_v2_gpu1] [operator_darcy_student_lift_v2/elem_ft_huber_l0015_w25_d55_95_lr15e4] [operator] done
[worker1/operator_darcy_student_lift_v2_gpu1] [operator_darcy_student_lift_v2/elem_ft_huber_l0015_w25_d55_95_lr15e4] [operator] dataset=darcy pair=deeponet:fno method=ssml seed=2
[worker1/operator_darcy_student_lift_v2_gpu1] [operator_darcy_student_lift_v2/elem_ft_huber_l0015_w25_d55_95_lr15e4] [operator] loaded init_checkpoint=results/operator_ssml_tuned_v1/operator/darcy/deeponet_independent_mse_seed2/model.pt
[worker1/operator_darcy_student_lift_v2_gpu1] [operator_darcy_student_lift_v2/elem_ft_huber_l0015_w25_d55_95_lr15e4] [operator] loaded peer_init_checkpoint=results/operator_ssml_tuned_v1/operator/darcy/fno_independent_mse_seed2/model.pt
[worker1/operator_darcy_student_lift_v2_gpu1] [operator_darcy_student_lift_v2/elem_ft_huber_l0015_w25_d55_95_lr15e4] [operator] run_dir=results/operator_darcy_student_lift_v2/elem_ft_huber_l0015_w25_d55_95_lr15e4/operator/darcy/deeponet__fno_ssml_huber_seed2
[worker1/operator_darcy_student_lift_v2_gpu1] [operator_darcy_student_lift_v2/elem_ft_huber_l0015_w25_d55_95_lr15e4] [operator] params=592000
[worker1/operator_darcy_student_lift_v2_gpu1] [operator_darcy_student_lift_v2/elem_ft_huber_l0015_w25_d55_95_lr15e4] [operator] granularity=element student_only=True freeze_peer=True peer_updates_disabled=True
[worker1/operator_darcy_student_lift_v2_gpu1] [operator_darcy_student_lift_v2/elem_ft_huber_l0015_w25_d55_95_lr15e4] [operator][epoch 001] lambda=0.0000 train_mse=0.01594319 val_mse=0.01922368 val_mae=0.10393074 | peer_val_mse=0.00362243 peer_val_mae=0.03567833
[worker1/operator_darcy_student_lift_v2_gpu1] [operator_darcy_student_lift_v2/elem_ft_huber_l0015_w25_d55_95_lr15e4] [operator][epoch 002] lambda=0.0000 train_mse=0.01120355 val_mse=0.01857954 val_mae=0.10111649 | peer_val_mse=0.00362243 peer_val_mae=0.03567833
[worker1/operator_darcy_student_lift_v2_gpu1] [operator_darcy_student_lift_v2/elem_ft_huber_l0015_w25_d55_95_lr15e4] [operator][epoch 003] lambda=0.0000 train_mse=0.01094156 val_mse=0.01818145 val_mae=0.10022637 | peer_val_mse=0.00362243 peer_val_mae=0.03567833
[worker1/operator_darcy_student_lift_v2_gpu1] [operator_darcy_student_lift_v2/elem_ft_huber_l0015_w25_d55_95_lr15e4] [operator][epoch 004] lambda=0.0000 train_mse=0.01104426 val_mse=0.01863433 val_mae=0.10170125 | peer_val_mse=0.00362243 peer_val_mae=0.03567833
[worker1/operator_darcy_student_lift_v2_gpu1] [operator_darcy_student_lift_v2/elem_ft_huber_l0015_w25_d55_95_lr15e4] [operator][epoch 005] lambda=0.0000 train_mse=0.01092161 val_mse=0.01852249 val_mae=0.10161338 | peer_val_mse=0.00362243 peer_val_mae=0.03567833
[worker1/operator_darcy_student_lift_v2_gpu1] [operator_darcy_student_lift_v2/elem_ft_huber_l0015_w25_d55_95_lr15e4] [operator][epoch 006] lambda=0.0000 train_mse=0.01110828 val_mse=0.01851367 val_mae=0.10154269 | peer_val_mse=0.00362243 peer_val_mae=0.03567833
[worker1/operator_darcy_student_lift_v2_gpu1] [operator_darcy_student_lift_v2/elem_ft_huber_l0015_w25_d55_95_lr15e4] [operator][epoch 007] lambda=0.0000 train_mse=0.01057118 val_mse=0.01850512 val_mae=0.10073686 | peer_val_mse=0.00362243 peer_val_mae=0.03567833
[worker1/operator_darcy_student_lift_v2_gpu1] [operator_darcy_student_lift_v2/elem_ft_huber_l0015_w25_d55_95_lr15e4] [operator][epoch 008] lambda=0.0000 train_mse=0.01114572 val_mse=0.01835886 val_mae=0.10018535 | peer_val_mse=0.00362243 peer_val_mae=0.03567833
[worker1/operator_darcy_student_lift_v2_gpu1] [operator_darcy_student_lift_v2/elem_ft_huber_l0015_w25_d55_95_lr15e4] [operator][epoch 009] lambda=0.0000 train_mse=0.01166817 val_mse=0.01800244 val_mae=0.09966047 | peer_val_mse=0.00362243 peer_val_mae=0.03567833
[worker1/operator_darcy_student_lift_v2_gpu1] [operator_darcy_student_lift_v2/elem_ft_huber_l0015_w25_d55_95_lr15e4] [operator][epoch 010] lambda=0.0000 train_mse=0.01054373 val_mse=0.01761447 val_mae=0.09827129 | peer_val_mse=0.00362243 peer_val_mae=0.03567833
[worker1/operator_darcy_student_lift_v2_gpu1] [operator_darcy_student_lift_v2/elem_ft_huber_l0015_w25_d55_95_lr15e4] [operator][epoch 011] lambda=0.0000 train_mse=0.01003370 val_mse=0.01760455 val_mae=0.09858377 | peer_val_mse=0.00362243 peer_val_mae=0.03567833
[worker1/operator_darcy_student_lift_v2_gpu1] [operator_darcy_student_lift_v2/elem_ft_huber_l0015_w25_d55_95_lr15e4] [operator][epoch 012] lambda=0.0000 train_mse=0.01019205 val_mse=0.01878789 val_mae=0.10153766 | peer_val_mse=0.00362243 peer_val_mae=0.03567833
[worker1/operator_darcy_student_lift_v2_gpu1] [operator_darcy_student_lift_v2/elem_ft_huber_l0015_w25_d55_95_lr15e4] [operator][epoch 013] lambda=0.0000 train_mse=0.01007363 val_mse=0.01841210 val_mae=0.10043167 | peer_val_mse=0.00362243 peer_val_mae=0.03567833
[worker1/operator_darcy_student_lift_v2_gpu1] [operator_darcy_student_lift_v2/elem_ft_huber_l0015_w25_d55_95_lr15e4] [operator][epoch 014] lambda=0.0000 train_mse=0.01036303 val_mse=0.01854535 val_mae=0.10089304 | peer_val_mse=0.00362243 peer_val_mae=0.03567833
[worker1/operator_darcy_student_lift_v2_gpu1] [operator_darcy_student_lift_v2/elem_ft_huber_l0015_w25_d55_95_lr15e4] [operator][epoch 015] lambda=0.0000 train_mse=0.01031630 val_mse=0.01812977 val_mae=0.10031093 | peer_val_mse=0.00362243 peer_val_mae=0.03567833
[worker1/operator_darcy_student_lift_v2_gpu1] [operator_darcy_student_lift_v2/elem_ft_huber_l0015_w25_d55_95_lr15e4] [operator][epoch 016] lambda=0.0000 train_mse=0.00995378 val_mse=0.01759739 val_mae=0.09759489 | peer_val_mse=0.00362243 peer_val_mae=0.03567833
[worker1/operator_darcy_student_lift_v2_gpu1] [operator_darcy_student_lift_v2/elem_ft_huber_l0015_w25_d55_95_lr15e4] [operator][epoch 017] lambda=0.0000 train_mse=0.00925370 val_mse=0.01756260 val_mae=0.09778016 | peer_val_mse=0.00362243 peer_val_mae=0.03567833
[worker1/operator_darcy_student_lift_v2_gpu1] [operator_darcy_student_lift_v2/elem_ft_huber_l0015_w25_d55_95_lr15e4] [operator][epoch 018] lambda=0.0000 train_mse=0.00930000 val_mse=0.01828620 val_mae=0.09920323 | peer_val_mse=0.00362243 peer_val_mae=0.03567833
[worker1/operator_darcy_student_lift_v2_gpu1] [operator_darcy_student_lift_v2/elem_ft_huber_l0015_w25_d55_95_lr15e4] [operator][epoch 019] lambda=0.0000 train_mse=0.00961091 val_mse=0.01853173 val_mae=0.10001768 | peer_val_mse=0.00362243 peer_val_mae=0.03567833
[worker1/operator_darcy_student_lift_v2_gpu1] [operator_darcy_student_lift_v2/elem_ft_huber_l0015_w25_d55_95_lr15e4] [operator][epoch 020] lambda=0.0000 train_mse=0.01115039 val_mse=0.01966105 val_mae=0.10456467 | peer_val_mse=0.00362243 peer_val_mae=0.03567833
[worker1/operator_darcy_student_lift_v2_gpu1] [operator_darcy_student_lift_v2/elem_ft_huber_l0015_w25_d55_95_lr15e4] [operator][epoch 020] updated live plot
[worker1/operator_darcy_student_lift_v2_gpu1] [operator_darcy_student_lift_v2/elem_ft_huber_l0015_w25_d55_95_lr15e4] [operator][epoch 021] lambda=0.0000 train_mse=0.01062906 val_mse=0.01748148 val_mae=0.09756426 | peer_val_mse=0.00362243 peer_val_mae=0.03567833
[worker1/operator_darcy_student_lift_v2_gpu1] [operator_darcy_student_lift_v2/elem_ft_huber_l0015_w25_d55_95_lr15e4] [operator][epoch 022] lambda=0.0000 train_mse=0.00923647 val_mse=0.01840435 val_mae=0.09993114 | peer_val_mse=0.00362243 peer_val_mae=0.03567833
[worker1/operator_darcy_student_lift_v2_gpu1] [operator_darcy_student_lift_v2/elem_ft_huber_l0015_w25_d55_95_lr15e4] [operator][epoch 023] lambda=0.0000 train_mse=0.00984103 val_mse=0.01787468 val_mae=0.09827505 | peer_val_mse=0.00362243 peer_val_mae=0.03567833
[worker1/operator_darcy_student_lift_v2_gpu1] [operator_darcy_student_lift_v2/elem_ft_huber_l0015_w25_d55_95_lr15e4] [operator][epoch 024] lambda=0.0000 train_mse=0.00931865 val_mse=0.01802903 val_mae=0.09897540 | peer_val_mse=0.00362243 peer_val_mae=0.03567833
[worker1/operator_darcy_student_lift_v2_gpu1] [operator_darcy_student_lift_v2/elem_ft_huber_l0015_w25_d55_95_lr15e4] [operator][epoch 025] lambda=0.0000 train_mse=0.00918661 val_mse=0.01710964 val_mae=0.09598615 | peer_val_mse=0.00362243 peer_val_mae=0.03567833
[worker1/operator_darcy_student_lift_v2_gpu1] [operator_darcy_student_lift_v2/elem_ft_huber_l0015_w25_d55_95_lr15e4] [operator][epoch 026] lambda=0.0150 train_mse=0.00873816 val_mse=0.01681017 val_mae=0.09537062 | peer_val_mse=0.00362243 peer_val_mae=0.03567833
[worker1/operator_darcy_student_lift_v2_gpu1] [operator_darcy_student_lift_v2/elem_ft_huber_l0015_w25_d55_95_lr15e4] [operator][epoch 027] lambda=0.0150 train_mse=0.00862202 val_mse=0.01727285 val_mae=0.09693633 | peer_val_mse=0.00362243 peer_val_mae=0.03567833
[worker1/operator_darcy_student_lift_v2_gpu1] [operator_darcy_student_lift_v2/elem_ft_huber_l0015_w25_d55_95_lr15e4] [operator][epoch 028] lambda=0.0150 train_mse=0.00907721 val_mse=0.01673913 val_mae=0.09507592 | peer_val_mse=0.00362243 peer_val_mae=0.03567833
[worker1/operator_darcy_student_lift_v2_gpu1] [operator_darcy_student_lift_v2/elem_ft_huber_l0015_w25_d55_95_lr15e4] [operator][epoch 029] lambda=0.0150 train_mse=0.00935677 val_mse=0.01691078 val_mae=0.09575943 | peer_val_mse=0.00362243 peer_val_mae=0.03567833
[worker1/operator_darcy_student_lift_v2_gpu1] [operator_darcy_student_lift_v2/elem_ft_huber_l0015_w25_d55_95_lr15e4] [operator][epoch 030] lambda=0.0150 train_mse=0.00951193 val_mse=0.01891786 val_mae=0.10204135 | peer_val_mse=0.00362243 peer_val_mae=0.03567833
[worker1/operator_darcy_student_lift_v2_gpu1] [operator_darcy_student_lift_v2/elem_ft_huber_l0015_w25_d55_95_lr15e4] [operator][epoch 031] lambda=0.0150 train_mse=0.00982824 val_mse=0.01766829 val_mae=0.09756456 | peer_val_mse=0.00362243 peer_val_mae=0.03567833
[worker1/operator_darcy_student_lift_v2_gpu1] [operator_darcy_student_lift_v2/elem_ft_huber_l0015_w25_d55_95_lr15e4] [operator][epoch 032] lambda=0.0150 train_mse=0.00870978 val_mse=0.01688378 val_mae=0.09563869 | peer_val_mse=0.00362243 peer_val_mae=0.03567833
[worker1/operator_darcy_student_lift_v2_gpu1] [operator_darcy_student_lift_v2/elem_ft_huber_l0015_w25_d55_95_lr15e4] [operator][epoch 033] lambda=0.0150 train_mse=0.00833969 val_mse=0.01685086 val_mae=0.09497183 | peer_val_mse=0.00362243 peer_val_mae=0.03567833
[worker1/operator_darcy_student_lift_v2_gpu1] [operator_darcy_student_lift_v2/elem_ft_huber_l0015_w25_d55_95_lr15e4] [operator][epoch 034] lambda=0.0150 train_mse=0.00826113 val_mse=0.01703604 val_mae=0.09566802 | peer_val_mse=0.00362243 peer_val_mae=0.03567833
[worker1/operator_darcy_student_lift_v2_gpu1] [operator_darcy_student_lift_v2/elem_ft_huber_l0015_w25_d55_95_lr15e4] [operator][epoch 035] lambda=0.0150 train_mse=0.00835498 val_mse=0.01690278 val_mae=0.09525178 | peer_val_mse=0.00362243 peer_val_mae=0.03567833
[worker1/operator_darcy_student_lift_v2_gpu1] [operator_darcy_student_lift_v2/elem_ft_huber_l0015_w25_d55_95_lr15e4] [operator][epoch 036] lambda=0.0150 train_mse=0.00809318 val_mse=0.01693377 val_mae=0.09538417 | peer_val_mse=0.00362243 peer_val_mae=0.03567833
[worker1/operator_darcy_student_lift_v2_gpu1] [operator_darcy_student_lift_v2/elem_ft_huber_l0015_w25_d55_95_lr15e4] [operator][epoch 037] lambda=0.0150 train_mse=0.00828601 val_mse=0.01686298 val_mae=0.09583622 | peer_val_mse=0.00362243 peer_val_mae=0.03567833
[worker1/operator_darcy_student_lift_v2_gpu1] [operator_darcy_student_lift_v2/elem_ft_huber_l0015_w25_d55_95_lr15e4] [operator][epoch 038] lambda=0.0150 train_mse=0.00836358 val_mse=0.01757249 val_mae=0.09752436 | peer_val_mse=0.00362243 peer_val_mae=0.03567833
[worker1/operator_darcy_student_lift_v2_gpu1] [operator_darcy_student_lift_v2/elem_ft_huber_l0015_w25_d55_95_lr15e4] [operator][epoch 039] lambda=0.0150 train_mse=0.00860301 val_mse=0.01756495 val_mae=0.09684357 | peer_val_mse=0.00362243 peer_val_mae=0.03567833
[worker1/operator_darcy_student_lift_v2_gpu1] [operator_darcy_student_lift_v2/elem_ft_huber_l0015_w25_d55_95_lr15e4] [operator][epoch 040] lambda=0.0150 train_mse=0.00805480 val_mse=0.01634578 val_mae=0.09394556 | peer_val_mse=0.00362243 peer_val_mae=0.03567833
[worker1/operator_darcy_student_lift_v2_gpu1] [operator_darcy_student_lift_v2/elem_ft_huber_l0015_w25_d55_95_lr15e4] [operator][epoch 040] updated live plot
[worker1/operator_darcy_student_lift_v2_gpu1] [operator_darcy_student_lift_v2/elem_ft_huber_l0015_w25_d55_95_lr15e4] [operator][epoch 041] lambda=0.0150 train_mse=0.00786124 val_mse=0.01687076 val_mae=0.09518296 | peer_val_mse=0.00362243 peer_val_mae=0.03567833
[worker1/operator_darcy_student_lift_v2_gpu1] [operator_darcy_student_lift_v2/elem_ft_huber_l0015_w25_d55_95_lr15e4] [operator][epoch 042] lambda=0.0150 train_mse=0.00772504 val_mse=0.01713648 val_mae=0.09574322 | peer_val_mse=0.00362243 peer_val_mae=0.03567833
[worker1/operator_darcy_student_lift_v2_gpu1] [operator_darcy_student_lift_v2/elem_ft_huber_l0015_w25_d55_95_lr15e4] [operator][epoch 043] lambda=0.0150 train_mse=0.00765840 val_mse=0.01616733 val_mae=0.09311330 | peer_val_mse=0.00362243 peer_val_mae=0.03567833
[worker1/operator_darcy_student_lift_v2_gpu1] [operator_darcy_student_lift_v2/elem_ft_huber_l0015_w25_d55_95_lr15e4] [operator][epoch 044] lambda=0.0150 train_mse=0.00834627 val_mse=0.01665899 val_mae=0.09480894 | peer_val_mse=0.00362243 peer_val_mae=0.03567833
[worker1/operator_darcy_student_lift_v2_gpu1] [operator_darcy_student_lift_v2/elem_ft_huber_l0015_w25_d55_95_lr15e4] [operator][epoch 045] lambda=0.0150 train_mse=0.00831722 val_mse=0.01701607 val_mae=0.09596480 | peer_val_mse=0.00362243 peer_val_mae=0.03567833
[worker1/operator_darcy_student_lift_v2_gpu1] [operator_darcy_student_lift_v2/elem_ft_huber_l0015_w25_d55_95_lr15e4] [operator][epoch 046] lambda=0.0150 train_mse=0.00821176 val_mse=0.01785137 val_mae=0.09830344 | peer_val_mse=0.00362243 peer_val_mae=0.03567833
[worker1/operator_darcy_student_lift_v2_gpu1] [operator_darcy_student_lift_v2/elem_ft_huber_l0015_w25_d55_95_lr15e4] [operator][epoch 047] lambda=0.0150 train_mse=0.00929490 val_mse=0.01758896 val_mae=0.09756386 | peer_val_mse=0.00362243 peer_val_mae=0.03567833
[worker1/operator_darcy_student_lift_v2_gpu1] [operator_darcy_student_lift_v2/elem_ft_huber_l0015_w25_d55_95_lr15e4] [operator][epoch 048] lambda=0.0150 train_mse=0.00858496 val_mse=0.01674422 val_mae=0.09556771 | peer_val_mse=0.00362243 peer_val_mae=0.03567833
[worker1/operator_darcy_student_lift_v2_gpu1] [operator_darcy_student_lift_v2/elem_ft_huber_l0015_w25_d55_95_lr15e4] [operator][epoch 049] lambda=0.0150 train_mse=0.00800640 val_mse=0.01660242 val_mae=0.09442877 | peer_val_mse=0.00362243 peer_val_mae=0.03567833
[worker1/operator_darcy_student_lift_v2_gpu1] [operator_darcy_student_lift_v2/elem_ft_huber_l0015_w25_d55_95_lr15e4] [operator][epoch 050] lambda=0.0150 train_mse=0.00752011 val_mse=0.01659185 val_mae=0.09400083 | peer_val_mse=0.00362243 peer_val_mae=0.03567833
[worker1/operator_darcy_student_lift_v2_gpu1] [operator_darcy_student_lift_v2/elem_ft_huber_l0015_w25_d55_95_lr15e4] [operator][epoch 051] lambda=0.0150 train_mse=0.00771836 val_mse=0.01667450 val_mae=0.09443429 | peer_val_mse=0.00362243 peer_val_mae=0.03567833
[worker1/operator_darcy_student_lift_v2_gpu1] [operator_darcy_student_lift_v2/elem_ft_huber_l0015_w25_d55_95_lr15e4] [operator][epoch 052] lambda=0.0150 train_mse=0.00773871 val_mse=0.01661830 val_mae=0.09517207 | peer_val_mse=0.00362243 peer_val_mae=0.03567833
[worker1/operator_darcy_student_lift_v2_gpu1] [operator_darcy_student_lift_v2/elem_ft_huber_l0015_w25_d55_95_lr15e4] [operator][epoch 053] lambda=0.0150 train_mse=0.00758284 val_mse=0.01621540 val_mae=0.09271707 | peer_val_mse=0.00362243 peer_val_mae=0.03567833
[worker1/operator_darcy_student_lift_v2_gpu1] [operator_darcy_student_lift_v2/elem_ft_huber_l0015_w25_d55_95_lr15e4] [operator][epoch 054] lambda=0.0150 train_mse=0.00751327 val_mse=0.01645791 val_mae=0.09368892 | peer_val_mse=0.00362243 peer_val_mae=0.03567833
[worker1/operator_darcy_student_lift_v2_gpu1] [operator_darcy_student_lift_v2/elem_ft_huber_l0015_w25_d55_95_lr15e4] [operator][epoch 055] lambda=0.0150 train_mse=0.00731636 val_mse=0.01613638 val_mae=0.09294982 | peer_val_mse=0.00362243 peer_val_mae=0.03567833
[worker1/operator_darcy_student_lift_v2_gpu1] [operator_darcy_student_lift_v2/elem_ft_huber_l0015_w25_d55_95_lr15e4] [operator][epoch 056] lambda=0.0147 train_mse=0.00731607 val_mse=0.01684992 val_mae=0.09492875 | peer_val_mse=0.00362243 peer_val_mae=0.03567833
[worker1/operator_darcy_student_lift_v2_gpu1] [operator_darcy_student_lift_v2/elem_ft_huber_l0015_w25_d55_95_lr15e4] [operator][epoch 057] lambda=0.0143 train_mse=0.00718189 val_mse=0.01583495 val_mae=0.09216220 | peer_val_mse=0.00362243 peer_val_mae=0.03567833
[worker1/operator_darcy_student_lift_v2_gpu1] [operator_darcy_student_lift_v2/elem_ft_huber_l0015_w25_d55_95_lr15e4] [operator][epoch 058] lambda=0.0140 train_mse=0.00736116 val_mse=0.01654476 val_mae=0.09423509 | peer_val_mse=0.00362243 peer_val_mae=0.03567833
[worker1/operator_darcy_student_lift_v2_gpu1] [operator_darcy_student_lift_v2/elem_ft_huber_l0015_w25_d55_95_lr15e4] [operator][epoch 059] lambda=0.0137 train_mse=0.00770171 val_mse=0.01654806 val_mae=0.09416026 | peer_val_mse=0.00362243 peer_val_mae=0.03567833
[worker1/operator_darcy_student_lift_v2_gpu1] [operator_darcy_student_lift_v2/elem_ft_huber_l0015_w25_d55_95_lr15e4] [operator][epoch 060] lambda=0.0133 train_mse=0.00794877 val_mse=0.01682970 val_mae=0.09401979 | peer_val_mse=0.00362243 peer_val_mae=0.03567833
[worker1/operator_darcy_student_lift_v2_gpu1] [operator_darcy_student_lift_v2/elem_ft_huber_l0015_w25_d55_95_lr15e4] [operator][epoch 060] updated live plot
[worker1/operator_darcy_student_lift_v2_gpu1] [operator_darcy_student_lift_v2/elem_ft_huber_l0015_w25_d55_95_lr15e4] [operator][epoch 061] lambda=0.0130 train_mse=0.00708762 val_mse=0.01603094 val_mae=0.09239013 | peer_val_mse=0.00362243 peer_val_mae=0.03567833
[worker1/operator_darcy_student_lift_v2_gpu1] [operator_darcy_student_lift_v2/elem_ft_huber_l0015_w25_d55_95_lr15e4] [operator][epoch 062] lambda=0.0126 train_mse=0.00698926 val_mse=0.01687998 val_mae=0.09435444 | peer_val_mse=0.00362243 peer_val_mae=0.03567833
[worker1/operator_darcy_student_lift_v2_gpu1] [operator_darcy_student_lift_v2/elem_ft_huber_l0015_w25_d55_95_lr15e4] [operator][epoch 063] lambda=0.0123 train_mse=0.00729670 val_mse=0.01645694 val_mae=0.09417581 | peer_val_mse=0.00362243 peer_val_mae=0.03567833
[worker1/operator_darcy_student_lift_v2_gpu1] [operator_darcy_student_lift_v2/elem_ft_huber_l0015_w25_d55_95_lr15e4] [operator][epoch 064] lambda=0.0120 train_mse=0.00707923 val_mse=0.01586906 val_mae=0.09206894 | peer_val_mse=0.00362243 peer_val_mae=0.03567833
[worker1/operator_darcy_student_lift_v2_gpu1] [operator_darcy_student_lift_v2/elem_ft_huber_l0015_w25_d55_95_lr15e4] [operator][epoch 065] lambda=0.0116 train_mse=0.00715557 val_mse=0.01704766 val_mae=0.09508548 | peer_val_mse=0.00362243 peer_val_mae=0.03567833
[worker1/operator_darcy_student_lift_v2_gpu1] [operator_darcy_student_lift_v2/elem_ft_huber_l0015_w25_d55_95_lr15e4] [operator][epoch 066] lambda=0.0113 train_mse=0.00796582 val_mse=0.01726957 val_mae=0.09653182 | peer_val_mse=0.00362243 peer_val_mae=0.03567833
[worker1/operator_darcy_student_lift_v2_gpu1] [operator_darcy_student_lift_v2/elem_ft_huber_l0015_w25_d55_95_lr15e4] [operator][epoch 067] lambda=0.0109 train_mse=0.00799313 val_mse=0.01727881 val_mae=0.09572749 | peer_val_mse=0.00362243 peer_val_mae=0.03567833
[worker1/operator_darcy_student_lift_v2_gpu1] [operator_darcy_student_lift_v2/elem_ft_huber_l0015_w25_d55_95_lr15e4] [operator][epoch 068] lambda=0.0106 train_mse=0.00745498 val_mse=0.01597976 val_mae=0.09233056 | peer_val_mse=0.00362243 peer_val_mae=0.03567833
[worker1/operator_darcy_student_lift_v2_gpu1] [operator_darcy_student_lift_v2/elem_ft_huber_l0015_w25_d55_95_lr15e4] [operator][epoch 069] lambda=0.0103 train_mse=0.00693512 val_mse=0.01647853 val_mae=0.09436389 | peer_val_mse=0.00362243 peer_val_mae=0.03567833
[worker1/operator_darcy_student_lift_v2_gpu1] [operator_darcy_student_lift_v2/elem_ft_huber_l0015_w25_d55_95_lr15e4] [operator][epoch 070] lambda=0.0099 train_mse=0.00716995 val_mse=0.01645805 val_mae=0.09346914 | peer_val_mse=0.00362243 peer_val_mae=0.03567833
[worker1/operator_darcy_student_lift_v2_gpu1] [operator_darcy_student_lift_v2/elem_ft_huber_l0015_w25_d55_95_lr15e4] [operator][epoch 071] lambda=0.0096 train_mse=0.00676718 val_mse=0.01599868 val_mae=0.09169089 | peer_val_mse=0.00362243 peer_val_mae=0.03567833
[worker1/operator_darcy_student_lift_v2_gpu1] [operator_darcy_student_lift_v2/elem_ft_huber_l0015_w25_d55_95_lr15e4] [operator][epoch 072] lambda=0.0093 train_mse=0.00688859 val_mse=0.01568218 val_mae=0.09120675 | peer_val_mse=0.00362243 peer_val_mae=0.03567833
[worker1/operator_darcy_student_lift_v2_gpu1] [operator_darcy_student_lift_v2/elem_ft_huber_l0015_w25_d55_95_lr15e4] [operator][epoch 073] lambda=0.0089 train_mse=0.00655554 val_mse=0.01559005 val_mae=0.09107498 | peer_val_mse=0.00362243 peer_val_mae=0.03567833
[worker1/operator_darcy_student_lift_v2_gpu1] [operator_darcy_student_lift_v2/elem_ft_huber_l0015_w25_d55_95_lr15e4] [operator][epoch 074] lambda=0.0086 train_mse=0.00660742 val_mse=0.01578810 val_mae=0.09163628 | peer_val_mse=0.00362243 peer_val_mae=0.03567833
[worker1/operator_darcy_student_lift_v2_gpu1] [operator_darcy_student_lift_v2/elem_ft_huber_l0015_w25_d55_95_lr15e4] [operator][epoch 075] lambda=0.0083 train_mse=0.00724839 val_mse=0.01721854 val_mae=0.09654388 | peer_val_mse=0.00362243 peer_val_mae=0.03567833
[worker1/operator_darcy_student_lift_v2_gpu1] [operator_darcy_student_lift_v2/elem_ft_huber_l0015_w25_d55_95_lr15e4] [operator][epoch 076] lambda=0.0079 train_mse=0.00747444 val_mse=0.01588707 val_mae=0.09214092 | peer_val_mse=0.00362243 peer_val_mae=0.03567833
[worker1/operator_darcy_student_lift_v2_gpu1] [operator_darcy_student_lift_v2/elem_ft_huber_l0015_w25_d55_95_lr15e4] [operator][epoch 077] lambda=0.0076 train_mse=0.00689688 val_mse=0.01567646 val_mae=0.09215793 | peer_val_mse=0.00362243 peer_val_mae=0.03567833
[worker1/operator_darcy_student_lift_v2_gpu1] [operator_darcy_student_lift_v2/elem_ft_huber_l0015_w25_d55_95_lr15e4] [operator][epoch 078] lambda=0.0072 train_mse=0.00659878 val_mse=0.01584965 val_mae=0.09199564 | peer_val_mse=0.00362243 peer_val_mae=0.03567833
[worker1/operator_darcy_student_lift_v2_gpu1] [operator_darcy_student_lift_v2/elem_ft_huber_l0015_w25_d55_95_lr15e4] [operator][epoch 079] lambda=0.0069 train_mse=0.00649465 val_mse=0.01567512 val_mae=0.09119018 | peer_val_mse=0.00362243 peer_val_mae=0.03567833
[worker1/operator_darcy_student_lift_v2_gpu1] [operator_darcy_student_lift_v2/elem_ft_huber_l0015_w25_d55_95_lr15e4] [operator][epoch 080] lambda=0.0066 train_mse=0.00657758 val_mse=0.01627677 val_mae=0.09203261 | peer_val_mse=0.00362243 peer_val_mae=0.03567833
[worker1/operator_darcy_student_lift_v2_gpu1] [operator_darcy_student_lift_v2/elem_ft_huber_l0015_w25_d55_95_lr15e4] [operator][epoch 080] updated live plot
[worker1/operator_darcy_student_lift_v2_gpu1] [operator_darcy_student_lift_v2/elem_ft_huber_l0015_w25_d55_95_lr15e4] [operator][epoch 081] lambda=0.0062 train_mse=0.00634335 val_mse=0.01632376 val_mae=0.09346790 | peer_val_mse=0.00362243 peer_val_mae=0.03567833
[worker1/operator_darcy_student_lift_v2_gpu1] [operator_darcy_student_lift_v2/elem_ft_huber_l0015_w25_d55_95_lr15e4] [operator][epoch 082] lambda=0.0059 train_mse=0.00649909 val_mse=0.01579503 val_mae=0.09190850 | peer_val_mse=0.00362243 peer_val_mae=0.03567833
[worker1/operator_darcy_student_lift_v2_gpu1] [operator_darcy_student_lift_v2/elem_ft_huber_l0015_w25_d55_95_lr15e4] [operator][epoch 083] lambda=0.0055 train_mse=0.00712464 val_mse=0.01762108 val_mae=0.09620434 | peer_val_mse=0.00362243 peer_val_mae=0.03567833
[worker1/operator_darcy_student_lift_v2_gpu1] [operator_darcy_student_lift_v2/elem_ft_huber_l0015_w25_d55_95_lr15e4] [operator][epoch 084] lambda=0.0052 train_mse=0.00663932 val_mse=0.01572179 val_mae=0.09095057 | peer_val_mse=0.00362243 peer_val_mae=0.03567833
[worker1/operator_darcy_student_lift_v2_gpu1] [operator_darcy_student_lift_v2/elem_ft_huber_l0015_w25_d55_95_lr15e4] [operator][epoch 085] lambda=0.0049 train_mse=0.00632010 val_mse=0.01547992 val_mae=0.09053454 | peer_val_mse=0.00362243 peer_val_mae=0.03567833
[worker1/operator_darcy_student_lift_v2_gpu1] [operator_darcy_student_lift_v2/elem_ft_huber_l0015_w25_d55_95_lr15e4] [operator][epoch 086] lambda=0.0045 train_mse=0.00749047 val_mse=0.01750131 val_mae=0.09707796 | peer_val_mse=0.00362243 peer_val_mae=0.03567833
[worker1/operator_darcy_student_lift_v2_gpu1] [operator_darcy_student_lift_v2/elem_ft_huber_l0015_w25_d55_95_lr15e4] [operator][epoch 087] lambda=0.0042 train_mse=0.00820681 val_mse=0.01640315 val_mae=0.09364725 | peer_val_mse=0.00362243 peer_val_mae=0.03567833
[worker1/operator_darcy_student_lift_v2_gpu1] [operator_darcy_student_lift_v2/elem_ft_huber_l0015_w25_d55_95_lr15e4] [operator][epoch 088] lambda=0.0039 train_mse=0.00682198 val_mse=0.01558308 val_mae=0.09066097 | peer_val_mse=0.00362243 peer_val_mae=0.03567833
[worker1/operator_darcy_student_lift_v2_gpu1] [operator_darcy_student_lift_v2/elem_ft_huber_l0015_w25_d55_95_lr15e4] [operator][epoch 089] lambda=0.0035 train_mse=0.00637671 val_mse=0.01558282 val_mae=0.09106971 | peer_val_mse=0.00362243 peer_val_mae=0.03567833
[worker1/operator_darcy_student_lift_v2_gpu1] [operator_darcy_student_lift_v2/elem_ft_huber_l0015_w25_d55_95_lr15e4] [operator][epoch 090] lambda=0.0032 train_mse=0.00615796 val_mse=0.01539444 val_mae=0.08945600 | peer_val_mse=0.00362243 peer_val_mae=0.03567833
[worker1/operator_darcy_student_lift_v2_gpu1] [operator_darcy_student_lift_v2/elem_ft_huber_l0015_w25_d55_95_lr15e4] [operator][epoch 091] lambda=0.0028 train_mse=0.00596964 val_mse=0.01535640 val_mae=0.08985381 | peer_val_mse=0.00362243 peer_val_mae=0.03567833
[worker1/operator_darcy_student_lift_v2_gpu1] [operator_darcy_student_lift_v2/elem_ft_huber_l0015_w25_d55_95_lr15e4] [operator][epoch 092] lambda=0.0025 train_mse=0.00631331 val_mse=0.01604958 val_mae=0.09158064 | peer_val_mse=0.00362243 peer_val_mae=0.03567833
[worker1/operator_darcy_student_lift_v2_gpu1] [operator_darcy_student_lift_v2/elem_ft_huber_l0015_w25_d55_95_lr15e4] [operator][epoch 093] lambda=0.0022 train_mse=0.00626428 val_mse=0.01508843 val_mae=0.08926285 | peer_val_mse=0.00362243 peer_val_mae=0.03567833
[worker1/operator_darcy_student_lift_v2_gpu1] [operator_darcy_student_lift_v2/elem_ft_huber_l0015_w25_d55_95_lr15e4] [operator][epoch 094] lambda=0.0018 train_mse=0.00603749 val_mse=0.01516009 val_mae=0.08946697 | peer_val_mse=0.00362243 peer_val_mae=0.03567833
[worker1/operator_darcy_student_lift_v2_gpu1] [operator_darcy_student_lift_v2/elem_ft_huber_l0015_w25_d55_95_lr15e4] [operator][epoch 095] lambda=0.0015 train_mse=0.00608549 val_mse=0.01585681 val_mae=0.09157879 | peer_val_mse=0.00362243 peer_val_mae=0.03567833
[worker1/operator_darcy_student_lift_v2_gpu1] [operator_darcy_student_lift_v2/elem_ft_huber_l0015_w25_d55_95_lr15e4] [operator][epoch 096] lambda=0.0015 train_mse=0.00605702 val_mse=0.01496275 val_mae=0.08885270 | peer_val_mse=0.00362243 peer_val_mae=0.03567833
[worker1/operator_darcy_student_lift_v2_gpu1] [operator_darcy_student_lift_v2/elem_ft_huber_l0015_w25_d55_95_lr15e4] [operator][epoch 097] lambda=0.0015 train_mse=0.00615333 val_mse=0.01541409 val_mae=0.08994645 | peer_val_mse=0.00362243 peer_val_mae=0.03567833
[worker1/operator_darcy_student_lift_v2_gpu1] [operator_darcy_student_lift_v2/elem_ft_huber_l0015_w25_d55_95_lr15e4] [operator][epoch 098] lambda=0.0015 train_mse=0.00579492 val_mse=0.01562820 val_mae=0.09078895 | peer_val_mse=0.00362243 peer_val_mae=0.03567833
[worker1/operator_darcy_student_lift_v2_gpu1] [operator_darcy_student_lift_v2/elem_ft_huber_l0015_w25_d55_95_lr15e4] [operator][epoch 099] lambda=0.0015 train_mse=0.00593779 val_mse=0.01514116 val_mae=0.08999012 | peer_val_mse=0.00362243 peer_val_mae=0.03567833
[worker1/operator_darcy_student_lift_v2_gpu1] [operator_darcy_student_lift_v2/elem_ft_huber_l0015_w25_d55_95_lr15e4] [operator][epoch 100] lambda=0.0015 train_mse=0.00585504 val_mse=0.01508325 val_mae=0.08951809 | peer_val_mse=0.00362243 peer_val_mae=0.03567833
[worker1/operator_darcy_student_lift_v2_gpu1] [operator_darcy_student_lift_v2/elem_ft_huber_l0015_w25_d55_95_lr15e4] [operator][epoch 100] updated live plot
[worker1/operator_darcy_student_lift_v2_gpu1] [operator_darcy_student_lift_v2/elem_ft_huber_l0015_w25_d55_95_lr15e4] [operator][epoch 101] lambda=0.0015 train_mse=0.00582986 val_mse=0.01525217 val_mae=0.08989830 | peer_val_mse=0.00362243 peer_val_mae=0.03567833
[worker1/operator_darcy_student_lift_v2_gpu1] [operator_darcy_student_lift_v2/elem_ft_huber_l0015_w25_d55_95_lr15e4] [operator][epoch 102] lambda=0.0015 train_mse=0.00628859 val_mse=0.01527565 val_mae=0.09044178 | peer_val_mse=0.00362243 peer_val_mae=0.03567833
[worker1/operator_darcy_student_lift_v2_gpu1] [operator_darcy_student_lift_v2/elem_ft_huber_l0015_w25_d55_95_lr15e4] [operator][epoch 103] lambda=0.0015 train_mse=0.00619385 val_mse=0.01538619 val_mae=0.09004771 | peer_val_mse=0.00362243 peer_val_mae=0.03567833
[worker1/operator_darcy_student_lift_v2_gpu1] [operator_darcy_student_lift_v2/elem_ft_huber_l0015_w25_d55_95_lr15e4] [operator][epoch 104] lambda=0.0015 train_mse=0.00606247 val_mse=0.01545447 val_mae=0.09052084 | peer_val_mse=0.00362243 peer_val_mae=0.03567833
[worker1/operator_darcy_student_lift_v2_gpu1] [operator_darcy_student_lift_v2/elem_ft_huber_l0015_w25_d55_95_lr15e4] [operator][epoch 105] lambda=0.0015 train_mse=0.00604866 val_mse=0.01484446 val_mae=0.08883390 | peer_val_mse=0.00362243 peer_val_mae=0.03567833
[worker1/operator_darcy_student_lift_v2_gpu1] [operator_darcy_student_lift_v2/elem_ft_huber_l0015_w25_d55_95_lr15e4] [operator][epoch 106] lambda=0.0015 train_mse=0.00707168 val_mse=0.01501044 val_mae=0.08945895 | peer_val_mse=0.00362243 peer_val_mae=0.03567833
[worker1/operator_darcy_student_lift_v2_gpu1] [operator_darcy_student_lift_v2/elem_ft_huber_l0015_w25_d55_95_lr15e4] [operator][epoch 107] lambda=0.0015 train_mse=0.00696225 val_mse=0.01622319 val_mae=0.09338781 | peer_val_mse=0.00362243 peer_val_mae=0.03567833
[worker1/operator_darcy_student_lift_v2_gpu1] [operator_darcy_student_lift_v2/elem_ft_huber_l0015_w25_d55_95_lr15e4] [operator][epoch 108] lambda=0.0015 train_mse=0.00734822 val_mse=0.01501086 val_mae=0.08945442 | peer_val_mse=0.00362243 peer_val_mae=0.03567833
[worker1/operator_darcy_student_lift_v2_gpu1] [operator_darcy_student_lift_v2/elem_ft_huber_l0015_w25_d55_95_lr15e4] [operator][epoch 109] lambda=0.0015 train_mse=0.00602003 val_mse=0.01483835 val_mae=0.08844777 | peer_val_mse=0.00362243 peer_val_mae=0.03567833
[worker1/operator_darcy_student_lift_v2_gpu1] [operator_darcy_student_lift_v2/elem_ft_huber_l0015_w25_d55_95_lr15e4] [operator][epoch 110] lambda=0.0015 train_mse=0.00567636 val_mse=0.01507753 val_mae=0.08860221 | peer_val_mse=0.00362243 peer_val_mae=0.03567833
[worker1/operator_darcy_student_lift_v2_gpu1] [operator_darcy_student_lift_v2/elem_ft_huber_l0015_w25_d55_95_lr15e4] [operator][epoch 110] updated live plot
[worker1/operator_darcy_student_lift_v2_gpu1] [operator_darcy_student_lift_v2/elem_ft_huber_l0015_w25_d55_95_lr15e4] [operator] done
[worker1/operator_darcy_student_lift_v2_gpu1] [operator_darcy_student_lift_v2] done
[worker1_operator_student_lifts_v2] all jobs finished
